"researcher_id","researcher_name","academic_title","academic_level","publication_id","publication_title","publication_year","article_url","doi","journal","issn","eissn","abdc_rating","abdc_for","author_name_from_repository","researcher_match_method","researcher_match_confidence","abdc_match_method","abdc_match_status"
"uwa-finance-013","Lee Smales","Professor","E","a-test-of-through-the-cycle-ratings-moodys-response-to-covid-19","A Test of Through-the-Cycle Ratings: Moody’s Response to COVID-19","2026","https://research-repository.uwa.edu.au/en/publications/a-test-of-through-the-cycle-ratings-moodys-response-to-covid-19/","10.1016/j.ribaf.2026.103297","Research in International Business and Finance","0275-5319","","A","3502","Lee A. Smales","Pure profile URL","high","ISSN/eISSN","matched"
"uwa-finance-007","Frank Liu","Associate Professor","D","a-test-of-through-the-cycle-ratings-moodys-response-to-covid-19","A Test of Through-the-Cycle Ratings: Moody’s Response to COVID-19","2026","https://research-repository.uwa.edu.au/en/publications/a-test-of-through-the-cycle-ratings-moodys-response-to-covid-19/","10.1016/j.ribaf.2026.103297","Research in International Business and Finance","0275-5319","","A","3502","Zhangxin (Frank) Liu","Pure profile URL","high","ISSN/eISSN","matched"
"uwa-finance-007","Frank Liu","Associate Professor","D","ai-may-raise-the-bar-and-thin-the-pipeline","AI may raise the bar and thin the pipeline","2026","https://research-repository.uwa.edu.au/en/publications/ai-may-raise-the-bar-and-thin-the-pipeline/","10.1126/science.aeh4940","Science","0036-8075","","","","Zhangxin (Frank) Liu","Pure profile URL","high","unmatched","unmatched"
"uwa-finance-009","Joey Yang","Associate Professor","D","asymmetric-impact-of-compliance-management-reform-on-opportunisti","Asymmetric impact of compliance management reform on opportunistic insider trading: Evidence from Chinese state-owned enterprises","2026","https://research-repository.uwa.edu.au/en/publications/asymmetric-impact-of-compliance-management-reform-on-opportunisti/","10.1016/j.ememar.2026.101438","Emerging Markets Review","1566-0141","","A","3502","Joey Wenling Yang","Pure profile URL","high","ISSN/eISSN","matched"
"uwa-finance-003","Dirk Baur","Professor","E","charging-up-on-lithium-the-metal-or-the-miner","Charging up on lithium: the metal or the miner?","2026","https://research-repository.uwa.edu.au/en/publications/charging-up-on-lithium-the-metal-or-the-miner/","10.1016/j.jcomm.2026.100554","Journal of Commodity Markets","2405-8513","","A","3502","Dirk G. Baur","Pure profile URL","high","ISSN/eISSN","matched"
"uwa-finance-007","Frank Liu","Associate Professor","D","closer-and-greener-the-interplay-of-buyer-environmental-investmen","Closer and Greener: The Interplay of Buyer Environmental Investments, Supplier Emissions, and Supplier Environmental Practices","2026","https://research-repository.uwa.edu.au/en/publications/closer-and-greener-the-interplay-of-buyer-environmental-investmen/","10.1002/bse.71155","Business Strategy and the Environment","0964-4733","","A","3507","Zhangxin (Frank) Liu","Pure profile URL","high","ISSN/eISSN","matched"
"uwa-finance-007","Frank Liu","Associate Professor","D","cutting-corners-cutting-dividends-evidence-from-reverse-mergers-i","Cutting corners, cutting dividends: Evidence from reverse mergers in China","2026","https://research-repository.uwa.edu.au/en/publications/cutting-corners-cutting-dividends-evidence-from-reverse-mergers-i/","10.1016/j.ememar.2025.101403","Emerging Markets Review","1566-0141","","A","3502","Zhangxin (Frank) Liu","Pure profile URL","high","ISSN/eISSN","matched"
"uwa-finance-003","Dirk Baur","Professor","E","decoding-dai-exploring-collateral-evolution-and-price-dynamics","Decoding DAI: exploring collateral evolution and price dynamics","2026","https://research-repository.uwa.edu.au/en/publications/decoding-dai-exploring-collateral-evolution-and-price-dynamics/","10.1080/1351847X.2026.2688508","European Journal of Finance","1351-847X","","A","3502","Dirk Baur","Pure profile URL","high","ISSN/eISSN","matched"
"uwa-finance-013","Lee Smales","Professor","E","decoding-dai-exploring-collateral-evolution-and-price-dynamics","Decoding DAI: exploring collateral evolution and price dynamics","2026","https://research-repository.uwa.edu.au/en/publications/decoding-dai-exploring-collateral-evolution-and-price-dynamics/","10.1080/1351847X.2026.2688508","European Journal of Finance","1351-847X","","A","3502","Lee Smales","Pure profile URL","high","ISSN/eISSN","matched"
"uwa-finance-003","Dirk Baur","Professor","E","do-investors-care-about-climate-commitments-evidence-from-net-zer","Do investors care about climate commitments? evidence from Net Zero Banking Alliance withdrawals","2026","https://research-repository.uwa.edu.au/en/publications/do-investors-care-about-climate-commitments-evidence-from-net-zer/","10.1016/j.frl.2026.110009","Finance Research Letters","1544-6123","","A","3502","Dirk G. Baur","Pure profile URL","high","ISSN/eISSN","matched"
"uwa-finance-007","Frank Liu","Associate Professor","D","do-investors-care-about-climate-commitments-evidence-from-net-zer","Do investors care about climate commitments? evidence from Net Zero Banking Alliance withdrawals","2026","https://research-repository.uwa.edu.au/en/publications/do-investors-care-about-climate-commitments-evidence-from-net-zer/","10.1016/j.frl.2026.110009","Finance Research Letters","1544-6123","","A","3502","Zhangxin (Frank) Liu","Pure profile URL","high","ISSN/eISSN","matched"
"uwa-finance-009","Joey Yang","Associate Professor","D","does-artificial-intelligence-mitigate-climate-change-exposure","Does artificial intelligence mitigate climate change exposure?","2026","https://research-repository.uwa.edu.au/en/publications/does-artificial-intelligence-mitigate-climate-change-exposure/","10.1016/j.jbankfin.2025.107623","Journal of Banking & Finance","1872-6372","","A*","3502","Joey Yang","Pure profile URL","high","ISSN/eISSN","matched"
"uwa-finance-009","Joey Yang","Associate Professor","D","does-ceo-personal-environmental-value-matter","Does CEO personal environmental value matter?","2026","https://research-repository.uwa.edu.au/en/publications/does-ceo-personal-environmental-value-matter/","10.1002/bse.70228","Business Strategy and the Environment","0964-4733","","A","3507","Joey Yang","Pure profile URL","high","ISSN/eISSN","matched"
"uwa-finance-001","Chloe Ho","Senior Lecturer","C","does-ceo-personal-environmental-value-matter","Does CEO personal environmental value matter?","2026","https://research-repository.uwa.edu.au/en/publications/does-ceo-personal-environmental-value-matter/","10.1002/bse.70228","Business Strategy and the Environment","0964-4733","","A","3507","Choy Yeing Ho","Pure profile URL","high","ISSN/eISSN","matched"
"uwa-finance-004","Duc Vo","Senior Lecturer","C","does-financial-literacy-improve-life-satisfaction-robust-evidence","Does Financial Literacy Improve Life Satisfaction? Robust Evidence From Several Approaches","2026","https://research-repository.uwa.edu.au/en/publications/does-financial-literacy-improve-life-satisfaction-robust-evidence/","10.1111/sjpe.70037","Scottish Journal of Political Economy","0036-9292","","A","3801","Duc Hong Vo","Pure profile URL","high","ISSN/eISSN","matched"
"uwa-finance-014","Mosharraf Hossain","Lecturer","B","does-national-culture-affect-cash-holdings-of-social-enterprises-","Does national culture affect cash holdings of social enterprises? Evidence from microfinance institutions","2026","https://research-repository.uwa.edu.au/en/publications/does-national-culture-affect-cash-holdings-of-social-enterprises-/","10.1016/j.pacfin.2026.103203","Pacific Basin Finance Journal","0927-538X","","A","3502","Mosharraf Hossain","Pure profile URL","high","ISSN/eISSN","matched"
"uwa-finance-013","Lee Smales","Professor","E","does-national-culture-affect-cash-holdings-of-social-enterprises-","Does national culture affect cash holdings of social enterprises? Evidence from microfinance institutions","2026","https://research-repository.uwa.edu.au/en/publications/does-national-culture-affect-cash-holdings-of-social-enterprises-/","10.1016/j.pacfin.2026.103203","Pacific Basin Finance Journal","0927-538X","","A","3502","Lee Smales","Pure profile URL","high","ISSN/eISSN","matched"
"uwa-finance-010","Kam Chan","Associate Professor","D","family-control-and-ownership-corporate-culture-and-esg-performanc","Family control and ownership, corporate culture and ESG performance in Thailand","2026","https://research-repository.uwa.edu.au/en/publications/family-control-and-ownership-corporate-culture-and-esg-performanc/","10.1002/csr.70774","Corporate Social Responsibility and Environmental Management","1535-3958","","C","3507","Kam Chan","Pure profile URL","high","ISSN/eISSN","matched"
"uwa-finance-012","Lai Hoang","Lecturer","B","financial-literacy-locus-of-control-and-gambling-behavior-in-aust","Financial Literacy, Locus of Control, and Gambling Behavior in Australia","2026","https://research-repository.uwa.edu.au/en/publications/financial-literacy-locus-of-control-and-gambling-behavior-in-aust/","10.1007/s10899-025-10469-w","Journal of Gambling Studies","1050-5350","","A","3504","Lai Hoang","Pure profile URL","high","ISSN/eISSN","matched"
"uwa-finance-004","Duc Vo","Senior Lecturer","C","financial-literacy-locus-of-control-and-gambling-behavior-in-aust","Financial Literacy, Locus of Control, and Gambling Behavior in Australia","2026","https://research-repository.uwa.edu.au/en/publications/financial-literacy-locus-of-control-and-gambling-behavior-in-aust/","10.1007/s10899-025-10469-w","Journal of Gambling Studies","1050-5350","","A","3504","Duc Hong Vo","Pure profile URL","high","ISSN/eISSN","matched"
"uwa-finance-022","Yihui Lan","Senior Lecturer","C","from-human-hands-to-machine-minds-financing-ai-driven-entrepreneu-2","From Human Hands to Machine Minds: Financing AI-Driven Entrepreneurship in Reward-Based Crowdfunding","2026","https://research-repository.uwa.edu.au/en/publications/from-human-hands-to-machine-minds-financing-ai-driven-entrepreneu-2/","10.1111/acfi.70207","Accounting and Finance","0810-5391","","A","3501","Yihui Lan","Pure profile URL","high","ISSN/eISSN","matched"
"uwa-finance-007","Frank Liu","Associate Professor","D","government-guided-funds-and-the-rise-of-corporate-ai-evidence-fro","Government-guided funds and the rise of corporate AI: Evidence from China","2026","https://research-repository.uwa.edu.au/en/publications/government-guided-funds-and-the-rise-of-corporate-ai-evidence-fro/","10.1016/j.pacfin.2025.103004","Pacific-Basin Finance Journal","0927-538X","","A","3502","Zhangxin (Frank) Liu","Pure profile URL","high","ISSN/eISSN","matched"
"uwa-finance-009","Joey Yang","Associate Professor","D","grain-by-grain-how-rice-farming-cultivates-esg-rating-consistency","Grain by grain: How rice farming cultivates ESG rating consistency?","2026","https://research-repository.uwa.edu.au/en/publications/grain-by-grain-how-rice-farming-cultivates-esg-rating-consistency/","10.1016/j.ememar.2026.101525","Emerging Markets Review","1566-0141","","A","3502","Joey Wenling Yang","Pure profile URL","high","ISSN/eISSN","matched"
"uwa-finance-015","Paul Gerrans","Professor","E","great-retirement-expectations-a-review-of-retirement-income-polic","Great (Retirement) Expectations: A Review of Retirement Income Policy and Changes to Expected and Preferred Retirement Age of Australian Workers","2026","https://research-repository.uwa.edu.au/en/publications/great-retirement-expectations-a-review-of-retirement-income-polic/","10.1111/1467-8462.70040","Australian Economic Review","0004-9018","","B","3801","Paul Gerrans","Pure profile URL","high","ISSN/eISSN","matched"
"uwa-finance-014","Mosharraf Hossain","Lecturer","B","green-financing-policy-and-bank-performance-and-risk-evidence-fro","Green Financing Policy, and Bank Performance and Risk: Evidence from a Developing Economy","2026","https://research-repository.uwa.edu.au/en/publications/green-financing-policy-and-bank-performance-and-risk-evidence-fro/","","International Journal of Managerial Finance","1743-9132","","A","3502","Mosharraf Hossain","Pure profile URL","high","ISSN/eISSN","matched"
"uwa-finance-009","Joey Yang","Associate Professor","D","information-processing-gap-and-insider-trading-profitability-evid","Information-processing gap and insider trading profitability: Evidence from the XBRL mandate","2026","https://research-repository.uwa.edu.au/en/publications/information-processing-gap-and-insider-trading-profitability-evid/","10.1016/j.bar.2026.101941","British Accounting Review","0890-8389","","A*","3501","Joey W. Yang","Pure profile URL","high","ISSN/eISSN","matched"
"uwa-finance-015","Paul Gerrans","Professor","E","intergenerational-financial-literacy-transmission-sources-of-bias","Intergenerational financial literacy transmission: Sources of bias using national survey data","2026","https://research-repository.uwa.edu.au/en/publications/intergenerational-financial-literacy-transmission-sources-of-bias/","10.1007/s11150-026-09842-4","Review of Economics of the Household","1569-5239","","A","3801","Paul Gerrans","Pure profile URL","high","ISSN/eISSN","matched"
"uwa-finance-002","Daniel Cahill","Lecturer","B","media-and-social-media-sentiment-and-ceo-pay-cuts","Media and social media sentiment and CEO pay cuts","2026","https://research-repository.uwa.edu.au/en/publications/media-and-social-media-sentiment-and-ceo-pay-cuts/","10.1108/JAL-04-2024-0071","Journal of Accounting Literature","0737-4607","","A","3501","Daniel Cahill","Pure profile URL","high","ISSN/eISSN","matched"
"uwa-finance-007","Frank Liu","Associate Professor","D","media-and-social-media-sentiment-and-ceo-pay-cuts","Media and social media sentiment and CEO pay cuts","2026","https://research-repository.uwa.edu.au/en/publications/media-and-social-media-sentiment-and-ceo-pay-cuts/","10.1108/JAL-04-2024-0071","Journal of Accounting Literature","0737-4607","","A","3501","Zhangxin (Frank) Liu","Pure profile URL","high","ISSN/eISSN","matched"
"uwa-finance-012","Lai Hoang","Lecturer","B","multi-market-trading-and-overnight-price-discovery-evidence-from-","Multi-market trading and overnight price discovery: Evidence from American Depository Receipts","2026","https://research-repository.uwa.edu.au/en/publications/multi-market-trading-and-overnight-price-discovery-evidence-from-/","10.1177/03128962241286085","Australian Journal of Management","0312-8962","","A","3502","Lai Hoang","Pure profile URL","high","ISSN/eISSN","matched"
"uwa-finance-004","Duc Vo","Senior Lecturer","C","multi-market-trading-and-overnight-price-discovery-evidence-from-","Multi-market trading and overnight price discovery: Evidence from American Depository Receipts","2026","https://research-repository.uwa.edu.au/en/publications/multi-market-trading-and-overnight-price-discovery-evidence-from-/","10.1177/03128962241286085","Australian Journal of Management","0312-8962","","A","3502","Duc Hong Vo","Pure profile URL","high","ISSN/eISSN","matched"
"uwa-finance-014","Mosharraf Hossain","Lecturer","B","national-culture-and-environmental-management-activism-of-microfi","National culture and environmental management activism of microfinance institutions","2026","https://research-repository.uwa.edu.au/en/publications/national-culture-and-environmental-management-activism-of-microfi/","10.1016/j.iref.2026.105380","International review of economics & finance","1059-0560","","A","3502","Mosharraf Hossain","Pure profile URL","high","ISSN/eISSN","matched"
"uwa-finance-013","Lee Smales","Professor","E","national-culture-and-environmental-management-activism-of-microfi","National culture and environmental management activism of microfinance institutions","2026","https://research-repository.uwa.edu.au/en/publications/national-culture-and-environmental-management-activism-of-microfi/","10.1016/j.iref.2026.105380","International review of economics & finance","1059-0560","","A","3502","Lee Smales","Pure profile URL","high","ISSN/eISSN","matched"
"uwa-finance-024","Zhengge Zhou","Lecturer","B","optimal-automated-market-makers","Optimal Automated Market Makers","2026","https://research-repository.uwa.edu.au/en/publications/optimal-automated-market-makers/","","","","","","","Zhengge Zhou","Pure profile URL","high","unmatched","unmatched"
"uwa-finance-012","Lai Hoang","Lecturer","B","playing-the-market-lottery-stock-and-bitcoin-comovement","Playing the market: Lottery stock and bitcoin comovement","2026","https://research-repository.uwa.edu.au/en/publications/playing-the-market-lottery-stock-and-bitcoin-comovement/","10.1016/j.bar.2025.101683","British Accounting Review","0890-8389","","A*","3501","Lai Trung Hoang","Pure profile URL","high","ISSN/eISSN","matched"
"uwa-finance-009","Joey Yang","Associate Professor","D","playing-the-market-lottery-stock-and-bitcoin-comovement","Playing the market: Lottery stock and bitcoin comovement","2026","https://research-repository.uwa.edu.au/en/publications/playing-the-market-lottery-stock-and-bitcoin-comovement/","10.1016/j.bar.2025.101683","British Accounting Review","0890-8389","","A*","3501","Joey Wenling Yang","Pure profile URL","high","ISSN/eISSN","matched"
"uwa-finance-013","Lee Smales","Professor","E","predicting-serial-credit-rating-downgrades","Predicting serial credit rating downgrades","2026","https://research-repository.uwa.edu.au/en/publications/predicting-serial-credit-rating-downgrades/","10.1016/j.gfj.2025.101221","Global Finance Journal","1044-0283","","A","3502","Lee A. Smales","Pure profile URL","high","ISSN/eISSN","matched"
"uwa-finance-007","Frank Liu","Associate Professor","D","predicting-serial-credit-rating-downgrades","Predicting serial credit rating downgrades","2026","https://research-repository.uwa.edu.au/en/publications/predicting-serial-credit-rating-downgrades/","10.1016/j.gfj.2025.101221","Global Finance Journal","1044-0283","","A","3502","Zhangxin (frank) Liu (frank)","Pure profile URL","high","ISSN/eISSN","matched"
"uwa-finance-007","Frank Liu","Associate Professor","D","self-regulation-short-selling-and-market-liquidity-evidence-from-","Self-Regulation, Short-Selling, and Market Liquidity: Evidence from Australia’s 1930s Stock Exchange Bans","2026","https://research-repository.uwa.edu.au/en/publications/self-regulation-short-selling-and-market-liquidity-evidence-from-/","10.1017/S0968565025100139","Financial History Review","0968-5650","","B","3502","Zhangxin (Frank) Liu","Pure profile URL","high","ISSN/eISSN","matched"
"uwa-finance-002","Daniel Cahill","Lecturer","B","technical-talk-in-bitcoin-and-equity","Technical talk in bitcoin and equity","2026","https://research-repository.uwa.edu.au/en/publications/technical-talk-in-bitcoin-and-equity/","10.1016/j.bar.2025.101784","British Accounting Review","0890-8389","","A*","3501","Daniel Cahill","Pure profile URL","high","ISSN/eISSN","matched"
"uwa-finance-007","Frank Liu","Associate Professor","D","technical-talk-in-bitcoin-and-equity","Technical talk in bitcoin and equity","2026","https://research-repository.uwa.edu.au/en/publications/technical-talk-in-bitcoin-and-equity/","10.1016/j.bar.2025.101784","British Accounting Review","0890-8389","","A*","3501","Zhangxin (Frank) Liu","Pure profile URL","high","ISSN/eISSN","matched"
"uwa-finance-013","Lee Smales","Professor","E","technical-talk-in-bitcoin-and-equity","Technical talk in bitcoin and equity","2026","https://research-repository.uwa.edu.au/en/publications/technical-talk-in-bitcoin-and-equity/","10.1016/j.bar.2025.101784","British Accounting Review","0890-8389","","A*","3501","Lee A. Smales","Pure profile URL","high","ISSN/eISSN","matched"
"uwa-finance-004","Duc Vo","Senior Lecturer","C","the-differential-effects-of-prevention-and-restrictive-policies-i","The differential effects of prevention and restrictive policies in crises: What can we learn from the COVID-19 pandemic?","2026","https://research-repository.uwa.edu.au/en/publications/the-differential-effects-of-prevention-and-restrictive-policies-i/","10.1111/emre.70011","European Management Review","1740-4754","","B","3507","Duc Hong Vo","Pure profile URL","high","ISSN/eISSN","matched"
"uwa-finance-017","Rui Zhong","Associate Professor","D","the-eu-taxonomy-and-the-syndicated-loan-market","The EU Taxonomy and the Syndicated Loan Market","2026","https://research-repository.uwa.edu.au/en/publications/the-eu-taxonomy-and-the-syndicated-loan-market/","10.1007/s10693-024-00441-x","Journal of Financial Services Research","0920-8550","","A","3502","Rui Zhong","Pure profile URL","high","ISSN/eISSN","matched"
"uwa-finance-007","Frank Liu","Associate Professor","D","the-ownership-and-control-of-australian-companies-in-the-interwar","The Ownership and Control of Australian Companies in the Interwar Period","2026","https://research-repository.uwa.edu.au/en/publications/the-ownership-and-control-of-australian-companies-in-the-interwar/","10.1017/S0007680526101652","Business History Review","0007-6805","","A","3505","Zhangxin (Frank) Liu","Pure profile URL","high","ISSN/eISSN","matched"
"uwa-finance-004","Duc Vo","Senior Lecturer","C","when-nature-hits-the-bottom-line-transition-biodiversity-risk-and","When Nature Hits the Bottom Line: Transition Biodiversity Risk and Corporate Creditworthiness","2026","https://research-repository.uwa.edu.au/en/publications/when-nature-hits-the-bottom-line-transition-biodiversity-risk-and/","10.1002/bse.70279","Business Strategy and the Environment","0964-4733","","A","3507","Duc Hong Vo","Pure profile URL","high","ISSN/eISSN","matched"
"uwa-finance-013","Lee Smales","Professor","E","when-news-travels-the-role-of-sentiment-in-cme-nikkei-futures-ret","When news travels: The role of sentiment in CME Nikkei futures returns","2026","https://research-repository.uwa.edu.au/en/publications/when-news-travels-the-role-of-sentiment-in-cme-nikkei-futures-ret/","10.1016/j.ribaf.2025.103223","Research in International Business and Finance","0275-5319","","A","3502","Lee A. Smales","Pure profile URL","high","ISSN/eISSN","matched"
"uwa-finance-003","Dirk Baur","Professor","E","alternative-investment-behavior-of-households-during-crises-the-e","Alternative investment behavior of households during crises: The effects of the COVID-19 shock on gold purchases in India","2025","https://research-repository.uwa.edu.au/en/publications/alternative-investment-behavior-of-households-during-crises-the-e/","10.1016/j.jebo.2024.106850","Journal of Economic Behavior and Organization","0167-2681","","A*","3801","Dirk G. Baur","Pure profile URL","high","ISSN/eISSN","matched"
"uwa-finance-007","Frank Liu","Associate Professor","D","biodiversity-risk-and-payment-methods-in-mergers-amp-acquisitions","Biodiversity risk and payment methods in mergers & acquisitions","2025","https://research-repository.uwa.edu.au/en/publications/biodiversity-risk-and-payment-methods-in-mergers-amp-acquisitions/","10.1016/j.frl.2025.108892","Finance Research Letters","1544-6123","","A","3502","Zhangxin(Frank)) Liu","Pure profile URL","high","ISSN/eISSN","matched"
"uwa-finance-017","Rui Zhong","Associate Professor","D","biodiversity-risk-and-payment-methods-in-mergers-amp-acquisitions","Biodiversity risk and payment methods in mergers & acquisitions","2025","https://research-repository.uwa.edu.au/en/publications/biodiversity-risk-and-payment-methods-in-mergers-amp-acquisitions/","10.1016/j.frl.2025.108892","Finance Research Letters","1544-6123","","A","3502","Rui Zhong","Pure profile URL","high","ISSN/eISSN","matched"
"uwa-finance-010","Kam Chan","Associate Professor","D","brokerage-firms-in-finras-spotlight","Brokerage firms in FINRA's spotlight","2025","https://research-repository.uwa.edu.au/en/publications/brokerage-firms-in-finras-spotlight/","","","","","","","Kam Chan","Pure profile URL","high","unmatched","unmatched"
"uwa-finance-023","Yuanji Wen","Senior Lecturer","C","brokerage-firms-in-finras-spotlight","Brokerage firms in FINRA's spotlight","2025","https://research-repository.uwa.edu.au/en/publications/brokerage-firms-in-finras-spotlight/","","","","","","","Yuanji Wen","Pure profile URL","high","unmatched","unmatched"
"uwa-finance-007","Frank Liu","Associate Professor","D","code-control-and-cybersecurity-howboard-it-expertise-shapes-corpo","Code, control and cybersecurity: how board IT expertise shapes corporate risk management","2025","https://research-repository.uwa.edu.au/en/publications/code-control-and-cybersecurity-howboard-it-expertise-shapes-corpo/","10.1108/JAL-06-2025-0320","Journal of Accounting Literature","0737-4607","","A","3501","Zhangxin (Frank) Liu","Pure profile URL","high","ISSN/eISSN","matched"
"uwa-finance-010","Kam Chan","Associate Professor","D","corporate-sexual-orientation-equality-and-default-risk","Corporate Sexual Orientation Equality and Default Risk","2025","https://research-repository.uwa.edu.au/en/publications/corporate-sexual-orientation-equality-and-default-risk/","","","","","","","Kam Chan","Pure profile URL","high","unmatched","unmatched"
"uwa-finance-012","Lai Hoang","Lecturer","B","cryptocurrency-price-based-comovement","Cryptocurrency price-based comovement","2025","https://research-repository.uwa.edu.au/en/publications/cryptocurrency-price-based-comovement/","10.1016/j.iref.2025.104635","International Review of Economics and Finance","1059-0560","","A","3502","Lai T. Hoang","Pure profile URL","high","ISSN/eISSN","matched"
"uwa-finance-022","Yihui Lan","Senior Lecturer","C","discretionary-tone-in-reward-based-crowdfunding-do-project-owners","Discretionary tone in reward-based crowdfunding: Do project owners talk their way to success?","2025","https://research-repository.uwa.edu.au/en/publications/discretionary-tone-in-reward-based-crowdfunding-do-project-owners/","10.1016/j.bar.2024.101433","The British Accounting Review","0890-8389","","A*","3501","Yihui Lan","Pure profile URL","high","ISSN/eISSN","matched"
"uwa-finance-007","Frank Liu","Associate Professor","D","divine-dividends-how-religious-traditions-shape-corporate-payout-","Divine dividends: How religious traditions shape corporate payout policies","2025","https://research-repository.uwa.edu.au/en/publications/divine-dividends-how-religious-traditions-shape-corporate-payout-/","10.1016/j.jimonfin.2025.103357","Journal of International Money and Finance","0261-5606","","A","3502","Zhangxin (Frank) Liu","Pure profile URL","high","ISSN/eISSN","matched"
"uwa-finance-014","Mosharraf Hossain","Lecturer","B","do-client-protection-principles-matter-for-the-economic-and-socia","Do Client Protection Principles Matter for the Economic and Social Performance of Microfinance Institutions?","2025","https://research-repository.uwa.edu.au/en/publications/do-client-protection-principles-matter-for-the-economic-and-socia/","10.1016/j.bar.2024.101493","The British Accounting Review","0890-8389","","A*","3501","Mosharraf Hossain","Pure profile URL","high","ISSN/eISSN","matched"
"uwa-finance-020","Vincent Chong","Head of Department","","do-client-protection-principles-matter-for-the-economic-and-socia","Do Client Protection Principles Matter for the Economic and Social Performance of Microfinance Institutions?","2025","https://research-repository.uwa.edu.au/en/publications/do-client-protection-principles-matter-for-the-economic-and-socia/","10.1016/j.bar.2024.101493","The British Accounting Review","0890-8389","","A*","3501","Vincent Chong","Pure profile URL","high","ISSN/eISSN","matched"
"uwa-finance-009","Joey Yang","Associate Professor","D","does-external-labour-market-activeness-affect-agency-problem","Does external labour market activeness affect agency problem?","2025","https://research-repository.uwa.edu.au/en/publications/does-external-labour-market-activeness-affect-agency-problem/","10.1016/j.irfa.2025.104165","International Review of Financial Analysis","1057-5219","","A","3502","Joey W. Yang","Pure profile URL","high","ISSN/eISSN","matched"
"uwa-finance-010","Kam Chan","Associate Professor","D","does-taxaggressive-behavior-motivate-more-csr-engagement","Does Tax‐Aggressive Behavior Motivate More CSR Engagement?","2025","https://research-repository.uwa.edu.au/en/publications/does-taxaggressive-behavior-motivate-more-csr-engagement/","10.1111/ecpo.12333","Economics & Politics","0954-1985","","A","3801","Kam Chan","Pure profile URL","high","ISSN/eISSN","matched"
"uwa-finance-009","Joey Yang","Associate Professor","D","does-taxaggressive-behavior-motivate-more-csr-engagement","Does Tax‐Aggressive Behavior Motivate More CSR Engagement?","2025","https://research-repository.uwa.edu.au/en/publications/does-taxaggressive-behavior-motivate-more-csr-engagement/","10.1111/ecpo.12333","Economics & Politics","0954-1985","","A","3801","Joey Yang","Pure profile URL","high","ISSN/eISSN","matched"
"uwa-finance-017","Rui Zhong","Associate Professor","D","environmental-reputation-risk-and-the-cost-of-equity-the-impact-o","Environmental Reputation Risk and the Cost of Equity: The Impact of Corporate Response to Climate Change Exposures","2025","https://research-repository.uwa.edu.au/en/publications/environmental-reputation-risk-and-the-cost-of-equity-the-impact-o/","","","","","","","Rui Zhong","Pure profile URL","high","unmatched","unmatched"
"uwa-finance-010","Kam Chan","Associate Professor","D","exposure-to-gun-violence-and-corporate-default-risk","Exposure to gun violence and corporate default risk","2025","https://research-repository.uwa.edu.au/en/publications/exposure-to-gun-violence-and-corporate-default-risk/","","","","","","","Kam Chan","Pure profile URL","high","unmatched","unmatched"
"uwa-finance-001","Chloe Ho","Senior Lecturer","C","exposure-to-gun-violence-and-corporate-default-risk","Exposure to gun violence and corporate default risk","2025","https://research-repository.uwa.edu.au/en/publications/exposure-to-gun-violence-and-corporate-default-risk/","","","","","","","Choy Yeing Ho","Pure profile URL","high","unmatched","unmatched"
"uwa-finance-013","Lee Smales","Professor","E","from-extraordinary-to-ordinary-how-moodys-acquisition-made-esg-ma","From extraordinary to ordinary: how Moody’s acquisition made ESG mainstream in credit ratings","2025","https://research-repository.uwa.edu.au/en/publications/from-extraordinary-to-ordinary-how-moodys-acquisition-made-esg-ma/","10.1108/JAL-12-2024-0381","Journal of Accounting Literature","0737-4607","","A","3501","Lee A. Smales","Pure profile URL","high","ISSN/eISSN","matched"
"uwa-finance-007","Frank Liu","Associate Professor","D","from-extraordinary-to-ordinary-how-moodys-acquisition-made-esg-ma","From extraordinary to ordinary: how Moody’s acquisition made ESG mainstream in credit ratings","2025","https://research-repository.uwa.edu.au/en/publications/from-extraordinary-to-ordinary-how-moodys-acquisition-made-esg-ma/","10.1108/JAL-12-2024-0381","Journal of Accounting Literature","0737-4607","","A","3501","Zhangxin (Frank) Liu","Pure profile URL","high","ISSN/eISSN","matched"
"uwa-finance-004","Duc Vo","Senior Lecturer","C","greener-for-greater-security-the-role-of-green-finance-in-energy-","Greener for greater security? The role of green finance in energy security amid rising geopolitical risks","2025","https://research-repository.uwa.edu.au/en/publications/greener-for-greater-security-the-role-of-green-finance-in-energy-/","10.1016/j.eneco.2025.108902","Energy Economics","0140-9883","","A*","3801","Duc Hong Vo","Pure profile URL","high","ISSN/eISSN","matched"
"uwa-finance-007","Frank Liu","Associate Professor","D","greening-nickel-extraction-requires-institutional-and-financial-s","Greening nickel extraction requires institutional and financial support","2025","https://research-repository.uwa.edu.au/en/publications/greening-nickel-extraction-requires-institutional-and-financial-s/","10.1038/d41586-025-01811-8","Nature","0028-0836","","","","Zhangxin (Frank) Liu","Pure profile URL","high","unmatched","unmatched"
"uwa-finance-004","Duc Vo","Senior Lecturer","C","has-the-free-rider-problem-been-improved-in-nato-evidence-from-a-","Has the Free-Rider Problem Been Improved in NATO? Evidence From a Novel TVP-VAR-Based Connectedness Approach","2025","https://research-repository.uwa.edu.au/en/publications/has-the-free-rider-problem-been-improved-in-nato-evidence-from-a-/","10.1111/sjpe.70013","Scottish Journal of Political Economy","0036-9292","","A","3801","Duc Hong Vo","Pure profile URL","high","ISSN/eISSN","matched"
"uwa-finance-013","Lee Smales","Professor","E","how-is-trading-behavior-in-commodity-futures-affected-by-the-52-w","How is Trading Behavior in Commodity Futures Affected by the 52-Week High and Low?","2025","https://research-repository.uwa.edu.au/en/publications/how-is-trading-behavior-in-commodity-futures-affected-by-the-52-w/","10.1080/15427560.2024.2335521","Journal of Behavioral Finance","1520-8834","","A","3502","Lee A. Smales","Pure profile URL","high","normalized journal title","matched"
"uwa-finance-004","Duc Vo","Senior Lecturer","C","how-is-trading-behavior-in-commodity-futures-affected-by-the-52-w","How is Trading Behavior in Commodity Futures Affected by the 52-Week High and Low?","2025","https://research-repository.uwa.edu.au/en/publications/how-is-trading-behavior-in-commodity-futures-affected-by-the-52-w/","10.1080/15427560.2024.2335521","Journal of Behavioral Finance","1520-8834","","A","3502","Duc Vo","Pure profile URL","high","normalized journal title","matched"
"uwa-finance-012","Lai Hoang","Lecturer","B","institutional-trading-and-esg-controversies","Institutional trading and ESG controversies","2025","https://research-repository.uwa.edu.au/en/publications/institutional-trading-and-esg-controversies/","10.1016/j.finmar.2025.101003","Journal of Financial Markets","1386-4181","","A*","3502","Lai T. Hoang","Pure profile URL","high","ISSN/eISSN","matched"
"uwa-finance-009","Joey Yang","Associate Professor","D","institutional-trading-and-esg-controversies","Institutional trading and ESG controversies","2025","https://research-repository.uwa.edu.au/en/publications/institutional-trading-and-esg-controversies/","10.1016/j.finmar.2025.101003","Journal of Financial Markets","1386-4181","","A*","3502","Joey Wenling Yang","Pure profile URL","high","ISSN/eISSN","matched"
"uwa-finance-015","Paul Gerrans","Professor","E","integrating-career-health-and-finance-in-a-holistic-retirement-pl","Integrating career, health, and finance in a holistic retirement planning intervention for Australian older workers","2025","https://research-repository.uwa.edu.au/en/publications/integrating-career-health-and-finance-in-a-holistic-retirement-pl/","10.1093/workar/waad029","WORK AGING AND RETIREMENT","2054-4642","","B","3505","Paul Gerrans","Pure profile URL","high","ISSN/eISSN","matched"
"uwa-finance-002","Daniel Cahill","Lecturer","B","investigating-proxies-for-retail-investor-attention-in-financial-","Investigating proxies for retail investor attention in financial markets","2025","https://research-repository.uwa.edu.au/en/publications/investigating-proxies-for-retail-investor-attention-in-financial-/","10.1111/acfi.13338","Accounting and Finance","0810-5391","","A","3501","D Cahill","Pure profile URL","high","ISSN/eISSN","matched"
"uwa-finance-007","Frank Liu","Associate Professor","D","investigating-proxies-for-retail-investor-attention-in-financial-","Investigating proxies for retail investor attention in financial markets","2025","https://research-repository.uwa.edu.au/en/publications/investigating-proxies-for-retail-investor-attention-in-financial-/","10.1111/acfi.13338","Accounting and Finance","0810-5391","","A","3501","Frank Liu","Pure profile URL","high","ISSN/eISSN","matched"
"uwa-finance-013","Lee Smales","Professor","E","investigating-proxies-for-retail-investor-attention-in-financial-","Investigating proxies for retail investor attention in financial markets","2025","https://research-repository.uwa.edu.au/en/publications/investigating-proxies-for-retail-investor-attention-in-financial-/","10.1111/acfi.13338","Accounting and Finance","0810-5391","","A","3501","LA Smales","Pure profile URL","high","ISSN/eISSN","matched"
"uwa-finance-017","Rui Zhong","Associate Professor","D","is-green-revenue-vanity-or-sanity-evidence-from-corporate-cash-ho","Is green revenue vanity or sanity? Evidence from corporate cash holdings","2025","https://research-repository.uwa.edu.au/en/publications/is-green-revenue-vanity-or-sanity-evidence-from-corporate-cash-ho/","10.1016/j.irfa.2025.104018","International Review of Financial Analysis","1057-5219","","A","3502","Rui Zhong","Pure profile URL","high","ISSN/eISSN","matched"
"uwa-finance-017","Rui Zhong","Associate Professor","D","liability-of-foreignness-and-global-sustainable-strategy-evidence","Liability of Foreignness and Global Sustainable Strategy: Evidence from United Nations Global Compact","2025","https://research-repository.uwa.edu.au/en/publications/liability-of-foreignness-and-global-sustainable-strategy-evidence/","","","","","","","Rui Zhong","Pure profile URL","high","unmatched","unmatched"
"uwa-finance-009","Joey Yang","Associate Professor","D","liability-of-foreignness-and-global-sustainable-strategy-evidence","Liability of Foreignness and Global Sustainable Strategy: Evidence from United Nations Global Compact","2025","https://research-repository.uwa.edu.au/en/publications/liability-of-foreignness-and-global-sustainable-strategy-evidence/","","","","","","","Joey Yang","Pure profile URL","high","unmatched","unmatched"
"uwa-finance-015","Paul Gerrans","Professor","E","more-than-objective-knowledge-exploring-heterogeneity-in-individu","More than objective knowledge: Exploring heterogeneity in individuals' response to a financial education initiative across multiple financial literacy domains","2025","https://research-repository.uwa.edu.au/en/publications/more-than-objective-knowledge-exploring-heterogeneity-in-individu/","10.1016/j.pacfin.2025.102669","Pacific Basin Finance Journal","0927-538X","","A","3502","Paul Gerrans","Pure profile URL","high","ISSN/eISSN","matched"
"uwa-finance-007","Frank Liu","Associate Professor","D","navigating-climate-policy-uncertainty-impacts-on-continuous-innov","Navigating climate policy uncertainty: Impacts on continuous innovation in corporations","2025","https://research-repository.uwa.edu.au/en/publications/navigating-climate-policy-uncertainty-impacts-on-continuous-innov/","10.1016/j.frl.2024.106436","Finance Research Letters","1544-6123","","A","3502","Zhangxin (Frank) Liu","Pure profile URL","high","ISSN/eISSN","matched"
"uwa-finance-007","Frank Liu","Associate Professor","D","no-gold-diggers-here-women-investors-in-colonial-australian-minin","No gold-diggers here: Women investors in colonial Australian mining","2025","https://research-repository.uwa.edu.au/en/publications/no-gold-diggers-here-women-investors-in-colonial-australian-minin/","10.1111/ehr.13388","ECONOMIC HISTORY REVIEW","0013-0117","","A*","3801","Zhangxin Liu","Pure profile URL","high","ISSN/eISSN","matched"
"uwa-finance-007","Frank Liu","Associate Professor","D","share-ownership-and-the-introduction-of-no-liability-legislation-","Share ownership and the introduction of no liability legislation in nineteenth-century Australia","2025","https://research-repository.uwa.edu.au/en/publications/share-ownership-and-the-introduction-of-no-liability-legislation-/","10.1080/00076791.2023.2276774","Business History","0007-6791","","A*","3505","Zhangxin Liu","Pure profile URL","high","ISSN/eISSN","matched"
"uwa-finance-007","Frank Liu","Associate Professor","D","shining-a-light-female-investors-in-the-australian-gas-light-comp","Shining a light: female investors in the Australian Gas Light Company, 1836-1940","2025","https://research-repository.uwa.edu.au/en/publications/shining-a-light-female-investors-in-the-australian-gas-light-comp/","10.1080/14490854.2025.2454375","History Australia","1449-0854","","","","Zhangxin (Frank) Liu","Pure profile URL","high","unmatched","unmatched"
"uwa-finance-003","Dirk Baur","Professor","E","the-cost-of-financial-intermediation-in-australia","The cost of financial intermediation in Australia","2025","https://research-repository.uwa.edu.au/en/publications/the-cost-of-financial-intermediation-in-australia/","10.1177/03128962251338330","Australian Journal of Management","0312-8962","","A","3502","Dirk G. Baur","Pure profile URL","high","ISSN/eISSN","matched"
"uwa-finance-022","Yihui Lan","Senior Lecturer","C","the-cost-of-financial-intermediation-in-australia","The cost of financial intermediation in Australia","2025","https://research-repository.uwa.edu.au/en/publications/the-cost-of-financial-intermediation-in-australia/","10.1177/03128962251338330","Australian Journal of Management","0312-8962","","A","3502","Yihui Lan","Pure profile URL","high","ISSN/eISSN","matched"
"uwa-finance-003","Dirk Baur","Professor","E","the-effect-of-currency-risk-on-crypto-asset-utilization-in-t%C3%BCrkiy","The effect of currency risk on crypto asset utilization in Türkiye","2025","https://research-repository.uwa.edu.au/en/publications/the-effect-of-currency-risk-on-crypto-asset-utilization-in-t%C3%BCrkiy/","10.1016/j.ememar.2025.101264","Emerging Markets Review","1566-0141","","A","3502","Dirk G. Baur","Pure profile URL","high","ISSN/eISSN","matched"
"uwa-finance-013","Lee Smales","Professor","E","the-effect-of-currency-risk-on-crypto-asset-utilization-in-t%C3%BCrkiy","The effect of currency risk on crypto asset utilization in Türkiye","2025","https://research-repository.uwa.edu.au/en/publications/the-effect-of-currency-risk-on-crypto-asset-utilization-in-t%C3%BCrkiy/","10.1016/j.ememar.2025.101264","Emerging Markets Review","1566-0141","","A","3502","Lee A. Smales","Pure profile URL","high","ISSN/eISSN","matched"
"uwa-finance-020","Vincent Chong","Head of Department","","the-effect-of-stretch-goals-and-moral-justification-on-counterpro","The effect of stretch goals and moral justification on counterproductive work behavior","2025","https://research-repository.uwa.edu.au/en/publications/the-effect-of-stretch-goals-and-moral-justification-on-counterpro/","10.1108/JAOC-06-2024-0196","Journal of Accounting and Organizational Change","1832-5912","","B","3501","Vincent K. Chong","Pure profile URL","high","ISSN/eISSN","matched"
"uwa-finance-017","Rui Zhong","Associate Professor","D","the-effects-of-decarbonization-on-corporate-cash-holdings-2","The effects of decarbonization on corporate cash holdings","2025","https://research-repository.uwa.edu.au/en/publications/the-effects-of-decarbonization-on-corporate-cash-holdings-2/","10.1016/j.ememar.2025.101356","Emerging Markets Review","1566-0141","","A","3502","Rui Zhong","Pure profile URL","high","ISSN/eISSN","matched"
"uwa-finance-017","Rui Zhong","Associate Professor","D","the-effects-of-decarbonization-on-corporate-cash-holdings","The Effects of Decarbonization on Corporate Cash Holdings","2025","https://research-repository.uwa.edu.au/en/publications/the-effects-of-decarbonization-on-corporate-cash-holdings/","","","","","","","Rui Zhong","Pure profile URL","high","unmatched","unmatched"
"uwa-finance-020","Vincent Chong","Head of Department","","the-effects-of-performance-based-profit-sharing-schemes-and-clien","The effects of performance-based profit-sharing schemes and client pressure on auditors' pre-negotiation judgments","2025","https://research-repository.uwa.edu.au/en/publications/the-effects-of-performance-based-profit-sharing-schemes-and-clien/","10.1016/j.adiac.2024.100781","Advances in Accounting","0882-6110","","A","3501","Vincent K. Chong","Pure profile URL","high","ISSN/eISSN","matched"
"uwa-finance-007","Frank Liu","Associate Professor","D","the-impact-of-humanchatbot-interaction-on-humanhuman-interaction-","The Impact of Human–Chatbot Interaction on Human–Human Interaction: A Substitution or Complementary Effect","2025","https://research-repository.uwa.edu.au/en/publications/the-impact-of-humanchatbot-interaction-on-humanhuman-interaction-/","10.1080/10447318.2024.2305985","International Journal of Human-Computer Interaction","1044-7318","","C","4609","Zhangxin Liu","Pure profile URL","high","ISSN/eISSN","matched"
"uwa-finance-015","Paul Gerrans","Professor","E","the-important-role-of-intention-and-financial-literacy-in-pension","The important role of intention and financial literacy in pension plan members' retirement savings behaviors during COVID-19","2025","https://research-repository.uwa.edu.au/en/publications/the-important-role-of-intention-and-financial-literacy-in-pension/","10.1108/IJBM-04-2024-0194","International Journal of Bank Marketing","0265-2323","","A","3506","Paul Gerrans","Pure profile URL","high","ISSN/eISSN","matched"
"uwa-finance-004","Duc Vo","Senior Lecturer","C","the-interconnection-between-net-buying-pressures-in-derivatives-a","The interconnection between net buying pressures in derivatives and spot markets","2025","https://research-repository.uwa.edu.au/en/publications/the-interconnection-between-net-buying-pressures-in-derivatives-a/","10.1016/j.bar.2025.101702","The British Accounting Review","0890-8389","","A*","3501","Duc Hong Vo","Pure profile URL","high","ISSN/eISSN","matched"
"uwa-finance-007","Frank Liu","Associate Professor","D","the-pre-ipo-dividend-and-the-cost-of-equity-capital-evidence-from","The pre-IPO dividend and the cost of equity capital: Evidence from China","2025","https://research-repository.uwa.edu.au/en/publications/the-pre-ipo-dividend-and-the-cost-of-equity-capital-evidence-from/","10.1016/j.frl.2025.107795","Finance Research Letters","1544-6123","","A","3502","Zhangxin (Frank) Liu","Pure profile URL","high","ISSN/eISSN","matched"
"uwa-finance-007","Frank Liu","Associate Professor","D","unveiling-the-veil-identifying-potential-shell-firms-using-machin","Unveiling the veil: Identifying potential shell firms using machine learning approaches","2025","https://research-repository.uwa.edu.au/en/publications/unveiling-the-veil-identifying-potential-shell-firms-using-machin/","10.1016/j.pacfin.2025.102798","Pacific Basin Finance Journal","0927-538X","","A","3502","Zhangxin (Frank) Liu","Pure profile URL","high","ISSN/eISSN","matched"
"uwa-finance-010","Kam Chan","Associate Professor","D","us-presidential-news-coverage-risk-uncertainty-and-stocks","US Presidential news coverage: Risk, uncertainty and stocks","2025","https://research-repository.uwa.edu.au/en/publications/us-presidential-news-coverage-risk-uncertainty-and-stocks/","10.1016/j.iref.2025.103927","International Review of Economics and Finance","1059-0560","","A","3502","Kam Chan","Pure profile URL","high","ISSN/eISSN","matched"
"uwa-finance-013","Lee Smales","Professor","E","us-presidential-news-coverage-risk-uncertainty-and-stocks","US Presidential news coverage: Risk, uncertainty and stocks","2025","https://research-repository.uwa.edu.au/en/publications/us-presidential-news-coverage-risk-uncertainty-and-stocks/","10.1016/j.iref.2025.103927","International Review of Economics and Finance","1059-0560","","A","3502","Lee Smales","Pure profile URL","high","ISSN/eISSN","matched"
"uwa-finance-004","Duc Vo","Senior Lecturer","C","valuing-esg-how-financial-markets-respond-to-corporate-sustainabi","Valuing ESG: How financial markets respond to corporate sustainability","2025","https://research-repository.uwa.edu.au/en/publications/valuing-esg-how-financial-markets-respond-to-corporate-sustainabi/","10.1016/j.ibusrev.2025.102418","International Business Review","0969-5931","","A","3507","Vo Duc","Pure profile URL","high","ISSN/eISSN","matched"
"uwa-finance-013","Lee Smales","Professor","E","what-do-investors-need-to-know-about-sec-news","What do investors need to know about SEC news?","2025","https://research-repository.uwa.edu.au/en/publications/what-do-investors-need-to-know-about-sec-news/","","","","","","","Lee Smales","Pure profile URL","high","unmatched","unmatched"
"uwa-finance-010","Kam Chan","Associate Professor","D","what-do-investors-need-to-know-about-sec-news","What do investors need to know about SEC news?","2025","https://research-repository.uwa.edu.au/en/publications/what-do-investors-need-to-know-about-sec-news/","","","","","","","Kam Chan","Pure profile URL","high","unmatched","unmatched"
"uwa-finance-004","Duc Vo","Senior Lecturer","C","accounting-based-variables-as-an-early-warning-indicator-of-finan","Accounting-based variables as an early warning indicator of financial distress in crisis and non-crisis periods","2024","https://research-repository.uwa.edu.au/en/publications/accounting-based-variables-as-an-early-warning-indicator-of-finan/","10.1002/ijfe.2864","International Journal of Finance and Economics","1076-9307","","B","3502","Duc Hong Vo","Pure profile URL","high","ISSN/eISSN","matched"
"uwa-finance-004","Duc Vo","Senior Lecturer","C","an-untapped-instrument-in-the-fight-against-poverty-the-impacts-o","An Untapped Instrument in the Fight Against Poverty: The Impacts of Financial Literacy on Poverty Worldwide","2024","https://research-repository.uwa.edu.au/en/publications/an-untapped-instrument-in-the-fight-against-poverty-the-impacts-o/","10.1007/s11205-024-03404-w","Social Indicators Research","0303-8300","","A","3599","Duc Hong Vo","Pure profile URL","high","ISSN/eISSN","matched"
"uwa-finance-007","Frank Liu","Associate Professor","D","are-investors-attentive-before-aone-off-holiday","Are investors attentive before a one-off holiday?","2024","https://research-repository.uwa.edu.au/en/publications/are-investors-attentive-before-aone-off-holiday/","10.1108/JAL-08-2024-0219","Journal of Accounting Literature","0737-4607","","A","3501","Zhangxin (Frank) Liu","Pure profile URL","high","ISSN/eISSN","matched"
"uwa-finance-003","Dirk Baur","Professor","E","are-stablecoins-the-money-market-mutual-funds-of-the-future","Are stablecoins the money market mutual funds of the future?","2024","https://research-repository.uwa.edu.au/en/publications/are-stablecoins-the-money-market-mutual-funds-of-the-future/","10.1016/j.jempfin.2024.101557","Journal of Empirical Finance","0927-5398","","A","3502","Dirk G. Baur","Pure profile URL","high","ISSN/eISSN","matched"
"uwa-finance-013","Lee Smales","Professor","E","are-stablecoins-the-money-market-mutual-funds-of-the-future","Are stablecoins the money market mutual funds of the future?","2024","https://research-repository.uwa.edu.au/en/publications/are-stablecoins-the-money-market-mutual-funds-of-the-future/","10.1016/j.jempfin.2024.101557","Journal of Empirical Finance","0927-5398","","A","3502","Lee A. Smales","Pure profile URL","high","ISSN/eISSN","matched"
"uwa-finance-017","Rui Zhong","Associate Professor","D","assessing-corporate-credit-interventions-a-structural-approach-wi","Assessing Corporate Credit Interventions: A Structural Approach with Debt Illiquidity and Time-Varying Volatility","2024","https://research-repository.uwa.edu.au/en/publications/assessing-corporate-credit-interventions-a-structural-approach-wi/","","","","","","","Rui Zhong","Pure profile URL","high","unmatched","unmatched"
"uwa-finance-007","Frank Liu","Associate Professor","D","australian-innovative-activity-and-international-technology-1854-","Australian innovative activity and international technology, 1854-2016","2024","https://research-repository.uwa.edu.au/en/publications/australian-innovative-activity-and-international-technology-1854-/","10.1093/ereh/heae006","European Review of Economic History","1361-4916","","A","3801","Zhangxin Frank Liu","Pure profile URL","high","ISSN/eISSN","matched"
"uwa-finance-004","Duc Vo","Senior Lecturer","C","can-local-and-global-geopolitical-risk-predict-governments-milita","Can local and global geopolitical risk predict governments' military spending behaviour? International evidence","2024","https://research-repository.uwa.edu.au/en/publications/can-local-and-global-geopolitical-risk-predict-governments-milita/","10.1111/sjpe.12382","Scottish Journal of Political Economy","0036-9292","","A","3801","Duc Vo","Pure profile URL","high","ISSN/eISSN","matched"
"uwa-finance-004","Duc Vo","Senior Lecturer","C","chief-executive-officers-national-culture-and-bank-risk-taking-be","Chief Executive Officer's national culture and bank risk-taking behaviour: International evidence","2024","https://research-repository.uwa.edu.au/en/publications/chief-executive-officers-national-culture-and-bank-risk-taking-be/","10.1111/sjpe.12378","Scottish Journal of Political Economy","0036-9292","","A","3801","Duc Vo","Pure profile URL","high","ISSN/eISSN","matched"
"uwa-finance-007","Frank Liu","Associate Professor","D","corporate-governance-and-corporate-social-responsibility-evidence","Corporate governance and corporate social responsibility: Evidence from directors' and officers' liability insurance","2024","https://research-repository.uwa.edu.au/en/publications/corporate-governance-and-corporate-social-responsibility-evidence/","10.1002/csr.2732","Corporate Social Responsibility and Environmental Management","1535-3958","","C","3507","Zhangxin Liu","Pure profile URL","high","ISSN/eISSN","matched"
"uwa-finance-010","Kam Chan","Associate Professor","D","corporate-innovation-culture-and-esg-evidence-from-textual-analys","Corporate innovation culture and ESG: Evidence from textual analysis in emerging market","2024","https://research-repository.uwa.edu.au/en/publications/corporate-innovation-culture-and-esg-evidence-from-textual-analys/","10.1016/j.econlet.2024.112047","Economics Letters","0165-1765","","A","3801","Kam Chan","Pure profile URL","high","ISSN/eISSN","matched"
"uwa-finance-006","Farhan Shazia","Lecturer","B","crime-and-covenants","Crime and covenants","2024","https://research-repository.uwa.edu.au/en/publications/crime-and-covenants/","10.1016/j.irfa.2024.103294","International Review of Financial Analysis","1057-5219","","A","3502","Farhan Shazia","Pure profile URL","high","ISSN/eISSN","matched"
"uwa-finance-013","Lee Smales","Professor","E","cryptocurrency-as-an-alternative-inflation-hedge","Cryptocurrency as an alternative inflation hedge?","2024","https://research-repository.uwa.edu.au/en/publications/cryptocurrency-as-an-alternative-inflation-hedge/","10.1111/acfi.13193","Accounting & Finance","0810-5391","","A","3501","L. A. Smales","Pure profile URL","high","ISSN/eISSN","matched"
"uwa-finance-003","Dirk Baur","Professor","E","cryptocurrency-spillovers-and-correlations-inefficiency-and-co-mo","Cryptocurrency spillovers and correlations: inefficiency and co-movement","2024","https://research-repository.uwa.edu.au/en/publications/cryptocurrency-spillovers-and-correlations-inefficiency-and-co-mo/","10.1007/s42521-023-00099-5","Digital Finance","2524-6984","","","","Dirk G. Baur","Pure profile URL","high","unmatched","unmatched"
"uwa-finance-012","Lai Hoang","Lecturer","B","cryptocurrency-spillovers-and-correlations-inefficiency-and-co-mo","Cryptocurrency spillovers and correlations: inefficiency and co-movement","2024","https://research-repository.uwa.edu.au/en/publications/cryptocurrency-spillovers-and-correlations-inefficiency-and-co-mo/","10.1007/s42521-023-00099-5","Digital Finance","2524-6984","","","","Lai T. Hoang","Pure profile URL","high","unmatched","unmatched"
"uwa-finance-007","Frank Liu","Associate Professor","D","debt-financing-and-labor-employment-in-china-an-inverted-u-shaped","Debt Financing and Labor Employment in China: An Inverted U-Shaped Relationship","2024","https://research-repository.uwa.edu.au/en/publications/debt-financing-and-labor-employment-in-china-an-inverted-u-shaped/","10.1080/1540496X.2023.2278657","Emerging Markets Finance and Trade","1540-496X","","B","3502","Zhangxin Liu","Pure profile URL","high","ISSN/eISSN","matched"
"uwa-finance-003","Dirk Baur","Professor","E","digging-deeper-is-bitcoin-digital-gold-a-mining-perspective","Digging deeper - Is bitcoin digital gold? A mining perspective","2024","https://research-repository.uwa.edu.au/en/publications/digging-deeper-is-bitcoin-digital-gold-a-mining-perspective/","10.1016/j.jcomm.2024.100406","Journal of Commodity Markets","2405-8505","","A","3502","Dirk G. Baur","Pure profile URL","high","ISSN/eISSN","matched"
"uwa-finance-013","Lee Smales","Professor","E","digging-deeper-is-bitcoin-digital-gold-a-mining-perspective","Digging deeper - Is bitcoin digital gold? A mining perspective","2024","https://research-repository.uwa.edu.au/en/publications/digging-deeper-is-bitcoin-digital-gold-a-mining-perspective/","10.1016/j.jcomm.2024.100406","Journal of Commodity Markets","2405-8505","","A","3502","Lee A. Smales","Pure profile URL","high","ISSN/eISSN","matched"
"uwa-finance-003","Dirk Baur","Professor","E","diversification-is-not-a-free-lunch","Diversification Is Not a Free Lunch","2024","https://research-repository.uwa.edu.au/en/publications/diversification-is-not-a-free-lunch/","10.3390/jrfm17060225","Journal of risk and financial management","1911-8074","","","","Dirk G. Baur","Pure profile URL","high","unmatched","unmatched"
"uwa-finance-003","Dirk Baur","Professor","E","do-crypto-investors-care-about-energy-use-and-climate-change-evid","Do crypto investors care about energy use and climate change? Evidence from Ethereum's transition to proof-of-stake","2024","https://research-repository.uwa.edu.au/en/publications/do-crypto-investors-care-about-energy-use-and-climate-change-evid/","10.1016/j.jenvman.2024.122299","Journal of Environmental Management","0301-4797","","","","Dirk G. Baur","Pure profile URL","high","unmatched","unmatched"
"uwa-finance-001","Chloe Ho","Senior Lecturer","C","does-cybersecurity-risk-stifle-corporate-innovation-activities","Does cybersecurity risk stifle corporate innovation activities?","2024","https://research-repository.uwa.edu.au/en/publications/does-cybersecurity-risk-stifle-corporate-innovation-activities/","10.1016/j.irfa.2023.103028","International Review of Financial Analysis","1057-5219","","A","3502","Choy Yeing (Chloe) Ho","Pure profile URL","high","ISSN/eISSN","matched"
"uwa-finance-004","Duc Vo","Senior Lecturer","C","educational-attainment-household-income-and-wealth-accumulation-i","Educational Attainment, Household Income and Wealth Accumulation in Vietnam","2024","https://research-repository.uwa.edu.au/en/publications/educational-attainment-household-income-and-wealth-accumulation-i/","10.1007/s11205-024-03321-y","Social Indicators Research","0303-8300","","A","3599","Duc Hong Vo","Pure profile URL","high","ISSN/eISSN","matched"
"uwa-finance-017","Rui Zhong","Associate Professor","D","empty-creditor-problem-and-corporate-environmental-and-social-rep","Empty Creditor Problem and Corporate Environmental and Social Reputation Risk","2024","https://research-repository.uwa.edu.au/en/publications/empty-creditor-problem-and-corporate-environmental-and-social-rep/","","","","","","","Rui Zhong","Pure profile URL","high","unmatched","unmatched"
"uwa-finance-001","Chloe Ho","Senior Lecturer","C","equity-in-capital-raising-empirical-evidence-from-structured-priv","Equity in capital raising? Empirical evidence from structured private placements","2024","https://research-repository.uwa.edu.au/en/publications/equity-in-capital-raising-empirical-evidence-from-structured-priv/","10.1016/j.jbankfin.2023.107074","Journal of Banking and Finance","0378-4266","","A*","3502","Choy Yeing (Chloe) Ho","Pure profile URL","high","ISSN/eISSN","matched"
"uwa-finance-020","Vincent Chong","Head of Department","","esg-competitiveness-and-corporate-branding","ESG Competitiveness and Corporate Branding","2024","https://research-repository.uwa.edu.au/en/publications/esg-competitiveness-and-corporate-branding/","","","","","","","Vincent Chong","Pure profile URL","high","unmatched","unmatched"
"uwa-finance-007","Frank Liu","Associate Professor","D","esg-rating-divergence-and-audit-fees-evidence-from-china","ESG rating divergence and audit fees: Evidence from China","2024","https://research-repository.uwa.edu.au/en/publications/esg-rating-divergence-and-audit-fees-evidence-from-china/","10.1016/j.frl.2024.105749","Finance Research Letters","1544-6123","","A","3502","Zhangxin (Frank) Liu","Pure profile URL","high","ISSN/eISSN","matched"
"uwa-finance-009","Joey Yang","Associate Professor","D","etf-max-and-min-effects","ETF MAX and MIN effects","2024","https://research-repository.uwa.edu.au/en/publications/etf-max-and-min-effects/","10.1016/j.frl.2023.104835","Finance Research Letters","1544-6123","","A","3502","Joey W. Yang","Pure profile URL","high","ISSN/eISSN","matched"
"uwa-finance-003","Dirk Baur","Professor","E","flight-to-quality-money-market-mutual-funds-and-stablecoins-durin","Flight-to-Quality - Money Market Mutual Funds and Stablecoins During the March 2023 Banking Crisis","2024","https://research-repository.uwa.edu.au/en/publications/flight-to-quality-money-market-mutual-funds-and-stablecoins-durin/","10.1016/j.econlet.2023.111464","Economics Letters","0165-1765","","A","3801","Dirk G. Baur","Pure profile URL","high","ISSN/eISSN","matched"
"uwa-finance-013","Lee Smales","Professor","E","flight-to-quality-money-market-mutual-funds-and-stablecoins-durin","Flight-to-Quality - Money Market Mutual Funds and Stablecoins During the March 2023 Banking Crisis","2024","https://research-repository.uwa.edu.au/en/publications/flight-to-quality-money-market-mutual-funds-and-stablecoins-durin/","10.1016/j.econlet.2023.111464","Economics Letters","0165-1765","","A","3801","Lee A. Smales","Pure profile URL","high","ISSN/eISSN","matched"
"uwa-finance-007","Frank Liu","Associate Professor","D","gendered-equity-the-growth-of-female-shareholding-in-australia-18","Gender(ed) equity: The growth of female shareholding in Australia, 1857–1937","2024","https://research-repository.uwa.edu.au/en/publications/gendered-equity-the-growth-of-female-shareholding-in-australia-18/","10.1111/aehr.12300","Asia-Pacific Economic History Review","2832-157X","","B","3801","Zhangxin Liu","Pure profile URL","high","normalized journal title","matched"
"uwa-finance-004","Duc Vo","Senior Lecturer","C","global-liquidity-spillovers-in-the-asiapacific-region-policy-driv","Global liquidity spillovers in the Asia–Pacific region: policy-driven versus market-driven effects","2024","https://research-repository.uwa.edu.au/en/publications/global-liquidity-spillovers-in-the-asiapacific-region-policy-driv/","10.1007/s00181-024-02573-4","Empirical Economics","1435-8921","","A","3801","Duc Vo","Pure profile URL","high","ISSN/eISSN","matched"
"uwa-finance-003","Dirk Baur","Professor","E","gold-production-and-the-global-energy-transitiona-perspective","Gold Production and the Global Energy Transition—A Perspective","2024","https://research-repository.uwa.edu.au/en/publications/gold-production-and-the-global-energy-transitiona-perspective/","10.3390/su16145951","Sustainability (Switzerland)","2071-1050","","","","Dirk Baur","Pure profile URL","high","unmatched","unmatched"
"uwa-finance-012","Lai Hoang","Lecturer","B","google-search-and-cross-section-of-cryptocurrency-returns-and-tra","Google search and cross-section of cryptocurrency returns and trading activities","2024","https://research-repository.uwa.edu.au/en/publications/google-search-and-cross-section-of-cryptocurrency-returns-and-tra/","10.1016/j.jbef.2024.100991","Journal of Behavioral and Experimental Finance","2214-6350","","A","3502","Lai Hoang","Pure profile URL","high","ISSN/eISSN","matched"
"uwa-finance-004","Duc Vo","Senior Lecturer","C","google-search-and-cross-section-of-cryptocurrency-returns-and-tra","Google search and cross-section of cryptocurrency returns and trading activities","2024","https://research-repository.uwa.edu.au/en/publications/google-search-and-cross-section-of-cryptocurrency-returns-and-tra/","10.1016/j.jbef.2024.100991","Journal of Behavioral and Experimental Finance","2214-6350","","A","3502","Duc Hong Vo","Pure profile URL","high","ISSN/eISSN","matched"
"uwa-finance-014","Mosharraf Hossain","Lecturer","B","green-finance-when-stakeholders-interests-collide-with-each-other","Green finance when stakeholders’ interests collide with each other: The case of Bangladesh","2024","https://research-repository.uwa.edu.au/en/publications/green-finance-when-stakeholders-interests-collide-with-each-other/","10.1108/IJMF-03-2023-0158","International Journal of Managerial Finance","1743-9132","","A","3502","Md Mosharraf Hossain","Pure profile URL","high","ISSN/eISSN","matched"
"uwa-finance-012","Lai Hoang","Lecturer","B","how-stable-are-stablecoins","How stable are stablecoins?","2024","https://research-repository.uwa.edu.au/en/publications/how-stable-are-stablecoins/","10.1080/1351847X.2021.1949369","European Journal of Finance","1351-847X","","A","3502","Lai T. Hoang","Pure profile URL","high","ISSN/eISSN","matched"
"uwa-finance-003","Dirk Baur","Professor","E","how-stable-are-stablecoins","How stable are stablecoins?","2024","https://research-repository.uwa.edu.au/en/publications/how-stable-are-stablecoins/","10.1080/1351847X.2021.1949369","European Journal of Finance","1351-847X","","A","3502","Dirk G. Baur","Pure profile URL","high","ISSN/eISSN","matched"
"uwa-finance-017","Rui Zhong","Associate Professor","D","ipo-subscription-payment-risk-and-pricing","IPO Subscription Payment Risk and Pricing","2024","https://research-repository.uwa.edu.au/en/publications/ipo-subscription-payment-risk-and-pricing/","","","","","","","Rui Zhong","Pure profile URL","high","unmatched","unmatched"
"uwa-finance-007","Frank Liu","Associate Professor","D","managing-government-commissioning-and-philanthropic-expectations-","Managing Government Commissioning and Philanthropic Expectations: Earnings Management in Australian Nonprofit Disability Service Providers","2024","https://research-repository.uwa.edu.au/en/publications/managing-government-commissioning-and-philanthropic-expectations-/","10.1108/JAL-05-2023-0073","Journal of Accounting Literature","0737-4607","","A","3501","Frank Liu","Pure profile URL","high","ISSN/eISSN","matched"
"uwa-finance-007","Frank Liu","Associate Professor","D","media-tone-and-trading-activity-on-the-sydney-stock-exchange-1901","Media tone and trading activity on the Sydney Stock Exchange 1901-1950","2024","https://research-repository.uwa.edu.au/en/publications/media-tone-and-trading-activity-on-the-sydney-stock-exchange-1901/","10.1017/S0968565024000040","Financial History Review","0968-5650","","B","3502","Zhangxin Frank Liu","Pure profile URL","high","ISSN/eISSN","matched"
"uwa-finance-007","Frank Liu","Associate Professor","D","multiple-shareholding-institutional-investors-and-green-governanc","Multiple shareholding institutional investors and green governance of heavy-polluting industries","2024","https://research-repository.uwa.edu.au/en/publications/multiple-shareholding-institutional-investors-and-green-governanc/","10.1002/bse.3667","Business Strategy and the Environment","0964-4733","","A","3507","Zhangxin Liu","Pure profile URL","high","ISSN/eISSN","matched"
"uwa-finance-010","Kam Chan","Associate Professor","D","overnight-post-earnings-announcement-drift-and-sec-form-8-k-discl","Overnight Post-Earnings Announcement Drift and SEC Form 8-K Disclosures","2024","https://research-repository.uwa.edu.au/en/publications/overnight-post-earnings-announcement-drift-and-sec-form-8-k-discl/","","","","","","","Kam Chan","Pure profile URL","high","unmatched","unmatched"
"uwa-finance-017","Rui Zhong","Associate Professor","D","policies-for-transitioning-away-from-all-fossil-fuels-supporting-","Policies for Transitioning Away from All Fossil Fuels: Supporting Renewables is more Financially Destabilising for Fossil Firms than Current Carbon Tax and Trading Schemes","2024","https://research-repository.uwa.edu.au/en/publications/policies-for-transitioning-away-from-all-fossil-fuels-supporting-/","","","","","","","Rui Zhong","Pure profile URL","high","unmatched","unmatched"
"uwa-finance-017","Rui Zhong","Associate Professor","D","proximity-peril-the-effects-of-neighboring-firms-biodiversity-ris","Proximity Peril: The Effects of Neighboring Firm’s Biodiversity Risk on Firm Value","2024","https://research-repository.uwa.edu.au/en/publications/proximity-peril-the-effects-of-neighboring-firms-biodiversity-ris/","","","","","","","Rui Zhong","Pure profile URL","high","unmatched","unmatched"
"uwa-finance-015","Paul Gerrans","Professor","E","retirement-savings-behaviours-and-covid-19-evidence-from-thailand","Retirement savings behaviours and COVID-19: Evidence from Thailand","2024","https://research-repository.uwa.edu.au/en/publications/retirement-savings-behaviours-and-covid-19-evidence-from-thailand/","10.1016/j.pacfin.2024.102349","Pacific Basin Finance Journal","0927-538X","","A","3502","Paul Gerrans","Pure profile URL","high","ISSN/eISSN","matched"
"uwa-finance-007","Frank Liu","Associate Professor","D","reverse-merger-audit-fee-premium-evidence-from-china","Reverse merger audit fee premium: Evidence from China","2024","https://research-repository.uwa.edu.au/en/publications/reverse-merger-audit-fee-premium-evidence-from-china/","10.1016/j.irfa.2024.103318","International Review of Financial Analysis","1057-5219","","A","3502","Zhangxin (Frank) Liu","Pure profile URL","high","ISSN/eISSN","matched"
"uwa-finance-016","Raymond Da Silva Rosa","Winthrop Professor","E","show-me-your-hand-an-examination-of-voting-methods-at-annual-gene","Show me your hand: An examination of voting methods at annual general meetings","2024","https://research-repository.uwa.edu.au/en/publications/show-me-your-hand-an-examination-of-voting-methods-at-annual-gene/","10.1016/j.pacfin.2024.102576","Pacific Basin Finance Journal","0927-538X","","A","3502","Raymond da Silva Rosa","Pure profile URL","high","ISSN/eISSN","matched"
"uwa-finance-013","Lee Smales","Professor","E","stock-market-liquidity-during-crisis-periods-australian-evidence","Stock market liquidity during crisis periods: Australian evidence","2024","https://research-repository.uwa.edu.au/en/publications/stock-market-liquidity-during-crisis-periods-australian-evidence/","10.1111/acfi.13202","Accounting & Finance","0810-5391","","A","3501","Lee A. Smales","Pure profile URL","high","ISSN/eISSN","matched"
"uwa-finance-007","Frank Liu","Associate Professor","D","strategic-choices-in-going-public-esg-performance-implications-in","Strategic choices in going public: ESG performance implications in China","2024","https://research-repository.uwa.edu.au/en/publications/strategic-choices-in-going-public-esg-performance-implications-in/","10.1002/bse.3887","Business Strategy and the Environment","0964-4733","","A","3507","Zhangxin Liu","Pure profile URL","high","ISSN/eISSN","matched"
"uwa-finance-001","Chloe Ho","Senior Lecturer","C","the-cost-of-corporate-social-irresponsibility-for-acquirers","The cost of corporate social irresponsibility for acquirers","2024","https://research-repository.uwa.edu.au/en/publications/the-cost-of-corporate-social-irresponsibility-for-acquirers/","10.1016/j.jbankfin.2024.107132","Journal of Banking and Finance","0378-4266","","A*","3502","Choy Yeing (Chloe) Ho","Pure profile URL","high","ISSN/eISSN","matched"
"uwa-finance-009","Joey Yang","Associate Professor","D","the-cost-of-corporate-social-irresponsibility-for-acquirers","The cost of corporate social irresponsibility for acquirers","2024","https://research-repository.uwa.edu.au/en/publications/the-cost-of-corporate-social-irresponsibility-for-acquirers/","10.1016/j.jbankfin.2024.107132","Journal of Banking and Finance","0378-4266","","A*","3502","Joey W. Yang","Pure profile URL","high","ISSN/eISSN","matched"
"uwa-finance-020","Vincent Chong","Head of Department","","the-effect-of-delegation-moral-justification-and-ethical-climate-","The Effect of Delegation, Moral Justification, and Ethical Climate on Misreporting: A Study of the Financial Services Sector","2024","https://research-repository.uwa.edu.au/en/publications/the-effect-of-delegation-moral-justification-and-ethical-climate-/","10.1108/S1474-787120240000036005","","","","","","Vincent K. Chong","Pure profile URL","high","unmatched","unmatched"
"uwa-finance-017","Rui Zhong","Associate Professor","D","the-effects-of-mandatory-esg-disclosure-around-the-world","The Effects of Mandatory ESG Disclosure Around the World","2024","https://research-repository.uwa.edu.au/en/publications/the-effects-of-mandatory-esg-disclosure-around-the-world/","10.1111/1475-679X.12548","Journal of Accounting Research","1475-679X","","A*","3501","Rui Zhong","Pure profile URL","high","ISSN/eISSN","matched"
"uwa-finance-017","Rui Zhong","Associate Professor","D","the-effects-of-united-nation-global-compacts-on-institutional-own","The Effects of United Nation Global Compacts on Institutional Ownership: International Evidence","2024","https://research-repository.uwa.edu.au/en/publications/the-effects-of-united-nation-global-compacts-on-institutional-own/","","","","","","","Rui Zhong","Pure profile URL","high","unmatched","unmatched"
"uwa-finance-009","Joey Yang","Associate Professor","D","the-effects-of-united-nation-global-compacts-on-institutional-own","The Effects of United Nation Global Compacts on Institutional Ownership: International Evidence","2024","https://research-repository.uwa.edu.au/en/publications/the-effects-of-united-nation-global-compacts-on-institutional-own/","","","","","","","Joey Yang","Pure profile URL","high","unmatched","unmatched"
"uwa-finance-017","Rui Zhong","Associate Professor","D","the-equity-market-response-to-climate-change-litigation","The equity market response to climate change litigation","2024","https://research-repository.uwa.edu.au/en/publications/the-equity-market-response-to-climate-change-litigation/","10.1016/j.frl.2024.105870","Finance Research Letters","1544-6123","","A","3502","Rui Zhong","Pure profile URL","high","ISSN/eISSN","matched"
"uwa-finance-004","Duc Vo","Senior Lecturer","C","the-geopolitical-risk-spillovers-across-brics-countries-a-quantil","The geopolitical risk spillovers across BRICS countries: A quantile frequency connectedness approach","2024","https://research-repository.uwa.edu.au/en/publications/the-geopolitical-risk-spillovers-across-brics-countries-a-quantil/","10.1111/sjpe.12355","Scottish Journal of Political Economy","0036-9292","","A","3801","Duc Hong Vo","Pure profile URL","high","ISSN/eISSN","matched"
"uwa-finance-013","Lee Smales","Professor","E","the-influence-of-uncertainty-on-commodity-futures-returns-and-tra","The influence of uncertainty on commodity futures returns and trading behaviour","2024","https://research-repository.uwa.edu.au/en/publications/the-influence-of-uncertainty-on-commodity-futures-returns-and-tra/","10.1016/j.qref.2024.101915","Quarterly Review of Economics and Finance","1062-9769","","B","3801","Lee A. Smales","Pure profile URL","high","ISSN/eISSN","matched"
"uwa-finance-004","Duc Vo","Senior Lecturer","C","the-influence-of-uncertainty-on-commodity-futures-returns-and-tra","The influence of uncertainty on commodity futures returns and trading behaviour","2024","https://research-repository.uwa.edu.au/en/publications/the-influence-of-uncertainty-on-commodity-futures-returns-and-tra/","10.1016/j.qref.2024.101915","Quarterly Review of Economics and Finance","1062-9769","","B","3801","Duc Vo","Pure profile URL","high","ISSN/eISSN","matched"
"uwa-finance-012","Lai Hoang","Lecturer","B","the-investment-behavior-of-china-connected-mutual-funds-in-the-pa","The investment behavior of China-connected mutual funds in the pandemic: Information advantage through operational link","2024","https://research-repository.uwa.edu.au/en/publications/the-investment-behavior-of-china-connected-mutual-funds-in-the-pa/","10.1016/j.irfa.2024.103309","International Review of Financial Analysis","1057-5219","","A","3502","Lai T. Hoang","Pure profile URL","high","ISSN/eISSN","matched"
"uwa-finance-009","Joey Yang","Associate Professor","D","the-investment-behavior-of-china-connected-mutual-funds-in-the-pa","The investment behavior of China-connected mutual funds in the pandemic: Information advantage through operational link","2024","https://research-repository.uwa.edu.au/en/publications/the-investment-behavior-of-china-connected-mutual-funds-in-the-pa/","10.1016/j.irfa.2024.103309","International Review of Financial Analysis","1057-5219","","A","3502","Joey W. Yang","Pure profile URL","high","ISSN/eISSN","matched"
"uwa-finance-001","Chloe Ho","Senior Lecturer","C","the-price-of-corporate-social-irresponsibility-in-seasoned-equity","The price of corporate social irresponsibility in seasoned equity offerings: International evidence","2024","https://research-repository.uwa.edu.au/en/publications/the-price-of-corporate-social-irresponsibility-in-seasoned-equity/","10.1016/j.bar.2024.101369","British Accounting Review","0890-8389","","A*","3501","Choy Yeing (Chloe) Ho","Pure profile URL","high","ISSN/eISSN","matched"
"uwa-finance-013","Lee Smales","Professor","E","the-relevance-of-dark-trading-for-information-acquisition-in-the-","The relevance of dark trading for information acquisition in the German stock market","2024","https://research-repository.uwa.edu.au/en/publications/the-relevance-of-dark-trading-for-information-acquisition-in-the-/","10.1016/j.frl.2024.106245","Finance Research Letters","1544-6123","","A","3502","Lee A. Smales","Pure profile URL","high","ISSN/eISSN","matched"
"uwa-finance-023","Yuanji Wen","Senior Lecturer","C","the-relevance-of-dark-trading-for-information-acquisition-in-the-","The relevance of dark trading for information acquisition in the German stock market","2024","https://research-repository.uwa.edu.au/en/publications/the-relevance-of-dark-trading-for-information-acquisition-in-the-/","10.1016/j.frl.2024.106245","Finance Research Letters","1544-6123","","A","3502","Yuanji Wen","Pure profile URL","high","ISSN/eISSN","matched"
"uwa-finance-014","Mosharraf Hossain","Lecturer","B","the-reputational-costs-of-corporate-environmental-underperformanc","The reputational costs of corporate environmental underperformance: evidence from China","2024","https://research-repository.uwa.edu.au/en/publications/the-reputational-costs-of-corporate-environmental-underperformanc/","10.1002/bse.3528","Business Strategy and the Environment","0964-4733","","A","3507","Mosharraf Hossain","Pure profile URL","high","ISSN/eISSN","matched"
"uwa-finance-006","Farhan Shazia","Lecturer","B","why-do-managers-announce-the-intention-to-sell-large-assets","Why do managers announce the intention to sell large assets?","2024","https://research-repository.uwa.edu.au/en/publications/why-do-managers-announce-the-intention-to-sell-large-assets/","10.1111/irfi.12461","International Review of Finance","1369-412X","","A","3502","Farhan Shazia","Pure profile URL","high","ISSN/eISSN","matched"
"uwa-finance-017","Rui Zhong","Associate Professor","D","withholding-bad-news-in-the-face-of-credit-default-swap-trading-e","Withholding Bad News in the Face of Credit Default Swap Trading: Evidence from Stock Price Crash Risk","2024","https://research-repository.uwa.edu.au/en/publications/withholding-bad-news-in-the-face-of-credit-default-swap-trading-e/","10.1017/S002210902300008X","Journal of Financial and Quantitative Analysis","0022-1090","","A*","3502","Rui Zhong","Pure profile URL","high","ISSN/eISSN","matched"
"uwa-finance-022","Yihui Lan","Senior Lecturer","C","a-closer-look-at-the-relationship-between-firm-specific-return-va","A closer look at the relationship between firm-specific return variation and stock returns","2023","https://research-repository.uwa.edu.au/en/publications/a-closer-look-at-the-relationship-between-firm-specific-return-va/","10.1108/JAL-02-2023-0020","Journal of Accounting Literature","0737-4607","","A","3501","Yihui Lan","Pure profile URL","high","ISSN/eISSN","matched"
"uwa-finance-017","Rui Zhong","Associate Professor","D","academic-workstations-and-corporate-green-innovation","Academic Workstations and Corporate Green Innovation","2023","https://research-repository.uwa.edu.au/en/publications/academic-workstations-and-corporate-green-innovation/","10.1016/j.iref.2022.10.001","International review of economics & finance","1059-0560","","A","3502","Rui Zhong","Pure profile URL","high","ISSN/eISSN","matched"
"uwa-finance-009","Joey Yang","Associate Professor","D","analyst-forecast-quality-and-corporate-social-responsibility-the-","Analyst forecast quality and corporate social responsibility: The mediation effect of corporate governance","2023","https://research-repository.uwa.edu.au/en/publications/analyst-forecast-quality-and-corporate-social-responsibility-the-/","10.1108/MEDAR-02-2021-1200","Meditari Accountancy Research","2049-372X","","A","3501","Joey Yang","Pure profile URL","high","ISSN/eISSN","matched"
"uwa-finance-003","Dirk Baur","Professor","E","big-oil-in-the-transition-or-green-paradox-a-capital-market-appro","Big oil in the transition or Green Paradox? A capital market approach","2023","https://research-repository.uwa.edu.au/en/publications/big-oil-in-the-transition-or-green-paradox-a-capital-market-appro/","10.1016/j.eneco.2023.106837","Energy Economics","0140-9883","","A*","3801","Dirk G. Baur","Pure profile URL","high","ISSN/eISSN","matched"
"uwa-finance-013","Lee Smales","Professor","E","classification-of-rba-monetary-policy-announcements-using-chatgpt","Classification of RBA monetary policy announcements using ChatGPT","2023","https://research-repository.uwa.edu.au/en/publications/classification-of-rba-monetary-policy-announcements-using-chatgpt/","10.1016/j.frl.2023.104514","Finance Research Letters","1544-6123","","A","3502","Lee A. Smales","Pure profile URL","high","ISSN/eISSN","matched"
"uwa-finance-010","Kam Chan","Associate Professor","D","climate-policy-uncertainty-and-the-cross-section-of-stock-returns","Climate policy uncertainty and the cross-section of stock returns","2023","https://research-repository.uwa.edu.au/en/publications/climate-policy-uncertainty-and-the-cross-section-of-stock-returns/","10.1016/j.frl.2023.103837","Finance Research Letters","1544-6123","","A","3502","Kam Chan","Pure profile URL","high","ISSN/eISSN","matched"
"uwa-finance-007","Frank Liu","Associate Professor","D","corporate-financial-portfolio-and-distress-risk-forewarned-is-for","Corporate Financial Portfolio and Distress Risk: Forewarned is Forearmed","2023","https://research-repository.uwa.edu.au/en/publications/corporate-financial-portfolio-and-distress-risk-forewarned-is-for/","10.1080/1540496X.2022.2156281","Emerging Markets Finance and Trade","1540-496X","","B","3502","Zhangxin (Frank) Liu","Pure profile URL","high","ISSN/eISSN","matched"
"uwa-finance-009","Joey Yang","Associate Professor","D","corporate-governance-and-innovation-investment-in-publicly-listed","Corporate governance and innovation investment in publicly listed firms: the moderating effect of ownership type and legal jurisdiction","2023","https://research-repository.uwa.edu.au/en/publications/corporate-governance-and-innovation-investment-in-publicly-listed/","10.1108/IJMF-08-2021-0381","International Journal of Managerial Finance","1743-9132","","A","3502","Joey W. Yang","Pure profile URL","high","ISSN/eISSN","matched"
"uwa-finance-017","Rui Zhong","Associate Professor","D","country-environmental-social-and-governance-performance-and-econo","Country environmental, social and governance performance and economic growth: The international evidence","2023","https://research-repository.uwa.edu.au/en/publications/country-environmental-social-and-governance-performance-and-econo/","10.1111/acfi.13079","Accounting and Finance","0810-5391","","A","3501","Rui Zhong","Pure profile URL","high","ISSN/eISSN","matched"
"uwa-finance-022","Yihui Lan","Senior Lecturer","C","credit-rating-downgrades-and-stock-price-crash-risk-international","Credit rating downgrades and stock price crash risk: International evidence","2023","https://research-repository.uwa.edu.au/en/publications/credit-rating-downgrades-and-stock-price-crash-risk-international/","10.1016/j.frl.2023.103989","Finance Research Letters","1544-6123","","A","3502","Yihui Lan","Pure profile URL","high","ISSN/eISSN","matched"
"uwa-finance-017","Rui Zhong","Associate Professor","D","credit-rating-downgrades-and-stock-price-crash-risk-international","Credit rating downgrades and stock price crash risk: International evidence","2023","https://research-repository.uwa.edu.au/en/publications/credit-rating-downgrades-and-stock-price-crash-risk-international/","10.1016/j.frl.2023.103989","Finance Research Letters","1544-6123","","A","3502","Rui Zhong","Pure profile URL","high","ISSN/eISSN","matched"
"uwa-finance-012","Lai Hoang","Lecturer","B","cryptocurrencies-are-not-immune-to-coronavirus-evidence-from-inve-2","Cryptocurrencies are not immune to coronavirus: Evidence from investor fear","2023","https://research-repository.uwa.edu.au/en/publications/cryptocurrencies-are-not-immune-to-coronavirus-evidence-from-inve-2/","10.1016/j.iref.2023.06.018","International Review of Economics and Finance","1059-0560","","A","3502","Lai Hoang","Pure profile URL","high","ISSN/eISSN","matched"
"uwa-finance-003","Dirk Baur","Professor","E","cryptocurrencies-are-not-immune-to-coronavirus-evidence-from-inve-2","Cryptocurrencies are not immune to coronavirus: Evidence from investor fear","2023","https://research-repository.uwa.edu.au/en/publications/cryptocurrencies-are-not-immune-to-coronavirus-evidence-from-inve-2/","10.1016/j.iref.2023.06.018","International Review of Economics and Finance","1059-0560","","A","3502","Dirk Baur","Pure profile URL","high","ISSN/eISSN","matched"
"uwa-finance-005","Elizabeth Ooi","Senior Lecturer","C","culture-and-confidence-in-financial-knowledge-testing","Culture and confidence in financial knowledge testing","2023","https://research-repository.uwa.edu.au/en/publications/culture-and-confidence-in-financial-knowledge-testing/","10.1016/j.pacfin.2022.101926","Pacific-Basin Finance Journal","0927-538X","","A","3502","Elizabeth Ooi","Pure profile URL","high","ISSN/eISSN","matched"
"uwa-finance-003","Dirk Baur","Professor","E","cut-your-losses-and-let-your-profits-run","Cut Your Losses and Let Your Profits Run","2023","https://research-repository.uwa.edu.au/en/publications/cut-your-losses-and-let-your-profits-run/","10.3905/JPM.2023.1.535","Journal of Portfolio Management","0095-4918","","A","3502","Dirk G. Baur","Pure profile URL","high","ISSN/eISSN","matched"
"uwa-finance-004","Duc Vo","Senior Lecturer","C","determinants-of-wealth-outcomes-in-female-headed-households-in-vi","Determinants of Wealth Outcomes in Female-Headed Households in Vietnam","2023","https://research-repository.uwa.edu.au/en/publications/determinants-of-wealth-outcomes-in-female-headed-households-in-vi/","10.1080/13545701.2023.2174567","Feminist Economics","1354-5701","","A","3801","Duc Hong Vo","Pure profile URL","high","ISSN/eISSN","matched"
"uwa-finance-012","Lai Hoang","Lecturer","B","do-insider-investment-horizons-contain-information-evidence-from-","Do insider investment horizons contain information? Evidence from Australia","2023","https://research-repository.uwa.edu.au/en/publications/do-insider-investment-horizons-contain-information-evidence-from-/","10.1016/j.pacfin.2023.101946","Pacific Basin Finance Journal","0927-538X","","A","3502","Lai T. Hoang","Pure profile URL","high","ISSN/eISSN","matched"
"uwa-finance-009","Joey Yang","Associate Professor","D","do-insider-investment-horizons-contain-information-evidence-from-","Do insider investment horizons contain information? Evidence from Australia","2023","https://research-repository.uwa.edu.au/en/publications/do-insider-investment-horizons-contain-information-evidence-from-/","10.1016/j.pacfin.2023.101946","Pacific Basin Finance Journal","0927-538X","","A","3502","Joey W. Yang","Pure profile URL","high","ISSN/eISSN","matched"
"uwa-finance-009","Joey Yang","Associate Professor","D","exchange-traded-fund-ownership-and-underlying-stock-mispricing","Exchange-traded fund ownership and underlying stock mispricing","2023","https://research-repository.uwa.edu.au/en/publications/exchange-traded-fund-ownership-and-underlying-stock-mispricing/","10.1111/acfi.13071","Accounting and Finance","0810-5391","","A","3501","Joey W. Yang","Pure profile URL","high","ISSN/eISSN","matched"
"uwa-finance-015","Paul Gerrans","Professor","E","explaining-consumers-progress-through-life-insurance-decision-sta","Explaining consumers' progress through life insurance decision states: The role of personal values and consumer characteristics","2023","https://research-repository.uwa.edu.au/en/publications/explaining-consumers-progress-through-life-insurance-decision-sta/","10.1111/joca.12524","Journal of Consumer Affairs","0022-0078","","A","3506","Paul Gerrans","Pure profile URL","high","ISSN/eISSN","matched"
"uwa-finance-017","Rui Zhong","Associate Professor","D","fight-or-flight-the-response-of-institutional-shareholders-to-emp","Fight or Flight? The Response of Institutional Shareholders to Empty Creditors","2023","https://research-repository.uwa.edu.au/en/publications/fight-or-flight-the-response-of-institutional-shareholders-to-emp/","","","","","","","Rui Zhong","Pure profile URL","high","unmatched","unmatched"
"uwa-finance-007","Frank Liu","Associate Professor","D","financial-innovation-in-the-uranium-mining-sector-analysis-of-an-","Financial innovation in the uranium mining sector: analysis of an exchange-traded fund and its impact on trading characteristics of uranium stocks","2023","https://research-repository.uwa.edu.au/en/publications/financial-innovation-in-the-uranium-mining-sector-analysis-of-an-/","10.1108/JAL-03-2023-0038","Journal of Accounting Literature","0737-4607","","A","3501","Frank Liu","Pure profile URL","high","ISSN/eISSN","matched"
"uwa-finance-015","Paul Gerrans","Professor","E","financial-literacy-mediates-the-effect-between-verbal-intelligenc","Financial literacy mediates the effect between verbal intelligence and financial anxiety","2023","https://research-repository.uwa.edu.au/en/publications/financial-literacy-mediates-the-effect-between-verbal-intelligenc/","10.1016/j.paid.2022.112025","Personality and Individual Differences","0191-8869","","A","3507","Paul Gerrans","Pure profile URL","high","ISSN/eISSN","matched"
"uwa-finance-003","Dirk Baur","Professor","E","green-gold","Green gold","2023","https://research-repository.uwa.edu.au/en/publications/green-gold/","10.1080/20430795.2021.1974242","Journal of Sustainable Finance and Investment","2043-0795","","B","3502","Dirk G. Baur","Pure profile URL","high","ISSN/eISSN","matched"
"uwa-finance-007","Frank Liu","Associate Professor","D","heterogeneous-blockholders-and-enterprise-innovation-evidence-fro","Heterogeneous Blockholders and Enterprise Innovation: Evidence From the Mixed-Ownership Reform in China","2023","https://research-repository.uwa.edu.au/en/publications/heterogeneous-blockholders-and-enterprise-innovation-evidence-fro/","10.1177/21582440231207461","Sage Open","2158-2440","","","","Zhangxin Liu","Pure profile URL","high","unmatched","unmatched"
"uwa-finance-022","Yihui Lan","Senior Lecturer","C","how-productive-are-economics-and-finance-phds","How Productive Are Economics and Finance PhDs","2023","https://research-repository.uwa.edu.au/en/publications/how-productive-are-economics-and-finance-phds/","10.1111/1467-8462.12531","Australian Economic Review","1467-8462","","B","3801","Yihui Lan","Pure profile URL","high","ISSN/eISSN","matched"
"uwa-finance-016","Raymond Da Silva Rosa","Winthrop Professor","E","lower-defeat-thresholds-for-minority-shareholders-and-corporate-g","Lower Defeat Thresholds for Minority Shareholders and Corporate Governance: Evidence from the Australian “Two-Strikes” Rule","2023","https://research-repository.uwa.edu.au/en/publications/lower-defeat-thresholds-for-minority-shareholders-and-corporate-g/","10.2308/TAR-2020-0434","Accounting Review","0001-4826","","A*","3501","Raymond da Silva Rosa","Pure profile URL","high","ISSN/eISSN","matched"
"uwa-finance-007","Frank Liu","Associate Professor","D","patents-foreign-direct-investment-and-economic-growth-in-australi","Patents, foreign direct investment and economic growth in Australia, 1860–2010","2023","https://research-repository.uwa.edu.au/en/publications/patents-foreign-direct-investment-and-economic-growth-in-australi/","10.1111/aehr.12275","Asia-Pacific Economic History Review","","","B","3801","Zhangxin Liu","Pure profile URL","high","normalized journal title","matched"
"uwa-finance-020","Vincent Chong","Head of Department","","performance-measurement-systems-design-choice-the-roles-of-politi","Performance measurement systems design choice: the roles of political connections and social networking on firm performance - evidence from China","2023","https://research-repository.uwa.edu.au/en/publications/performance-measurement-systems-design-choice-the-roles-of-politi/","10.1108/S1475-148820230000026003","","","","","","Vincent K. Chong","Pure profile URL","high","unmatched","unmatched"
"uwa-finance-017","Rui Zhong","Associate Professor","D","political-corruption-and-green-innovation","Political corruption and green innovation","2023","https://research-repository.uwa.edu.au/en/publications/political-corruption-and-green-innovation/","10.1016/j.pacfin.2023.102169","Pacific Basin Finance Journal","0927-538X","","A","3502","Rui Zhong","Pure profile URL","high","ISSN/eISSN","matched"
"uwa-finance-001","Chloe Ho","Senior Lecturer","C","price-fixing-agreement-and-accounting-reports-opaqueness","Price Fixing Agreement and Accounting Reports’ Opaqueness","2023","https://research-repository.uwa.edu.au/en/publications/price-fixing-agreement-and-accounting-reports-opaqueness/","","","","","","","Chloe Ho","Pure profile URL","high","unmatched","unmatched"
"uwa-finance-017","Rui Zhong","Associate Professor","D","price-fixing-agreement-and-accounting-reports-opaqueness","Price Fixing Agreement and Accounting Reports’ Opaqueness","2023","https://research-repository.uwa.edu.au/en/publications/price-fixing-agreement-and-accounting-reports-opaqueness/","","","","","","","Rui Zhong","Pure profile URL","high","unmatched","unmatched"
"uwa-finance-017","Rui Zhong","Associate Professor","D","price-fixing-agreement-and-future-stock-price-crash-risk","Price Fixing Agreement and Future Stock Price Crash Risk","2023","https://research-repository.uwa.edu.au/en/publications/price-fixing-agreement-and-future-stock-price-crash-risk/","","","","","","","Rui Zhong","Pure profile URL","high","unmatched","unmatched"
"uwa-finance-001","Chloe Ho","Senior Lecturer","C","price-fixing-agreement-and-future-stock-price-crash-risk","Price Fixing Agreement and Future Stock Price Crash Risk","2023","https://research-repository.uwa.edu.au/en/publications/price-fixing-agreement-and-future-stock-price-crash-risk/","","","","","","","Chloe Ho","Pure profile URL","high","unmatched","unmatched"
"uwa-finance-020","Vincent Chong","Head of Department","","product-innovativeness-in-marketing-new-brands","Product Innovativeness in Marketing New Brands","2023","https://research-repository.uwa.edu.au/en/publications/product-innovativeness-in-marketing-new-brands/","","","","","","","Vincent Chong","Pure profile URL","high","unmatched","unmatched"
"uwa-finance-007","Frank Liu","Associate Professor","D","short-interest-and-the-stock-market-relation-with-news-sentiment-","Short interest and the stock market relation with news sentiment from traditional and social media sources","2023","https://research-repository.uwa.edu.au/en/publications/short-interest-and-the-stock-market-relation-with-news-sentiment-/","10.1111/1467-8454.12297","Australian Economic Papers","0004-900X","","B","3801","Zhangxin (Frank) Liu","Pure profile URL","high","ISSN/eISSN","matched"
"uwa-finance-013","Lee Smales","Professor","E","short-interest-and-the-stock-market-relation-with-news-sentiment-","Short interest and the stock market relation with news sentiment from traditional and social media sources","2023","https://research-repository.uwa.edu.au/en/publications/short-interest-and-the-stock-market-relation-with-news-sentiment-/","10.1111/1467-8454.12297","Australian Economic Papers","0004-900X","","B","3801","Lee A. A. Smales","Pure profile URL","high","ISSN/eISSN","matched"
"uwa-finance-012","Lai Hoang","Lecturer","B","strategic-trading-by-insiders-in-the-presence-of-institutional-in","Strategic trading by insiders in the presence of institutional investors","2023","https://research-repository.uwa.edu.au/en/publications/strategic-trading-by-insiders-in-the-presence-of-institutional-in/","10.1016/j.finmar.2022.100802","Journal of Financial Markets","1386-4181","","A*","3502","Lai T. Hoang","Pure profile URL","high","ISSN/eISSN","matched"
"uwa-finance-009","Joey Yang","Associate Professor","D","strategic-trading-by-insiders-in-the-presence-of-institutional-in","Strategic trading by insiders in the presence of institutional investors","2023","https://research-repository.uwa.edu.au/en/publications/strategic-trading-by-insiders-in-the-presence-of-institutional-in/","10.1016/j.finmar.2022.100802","Journal of Financial Markets","1386-4181","","A*","3502","Joey Wenling Yang","Pure profile URL","high","ISSN/eISSN","matched"
"uwa-finance-012","Lai Hoang","Lecturer","B","sustainable-institutional-investment-in-the-covid-19-pandemic","Sustainable Institutional Investment in the COVID-19 Pandemic","2023","https://research-repository.uwa.edu.au/en/publications/sustainable-institutional-investment-in-the-covid-19-pandemic/","10.1177/03128962221078943","Australian Journal of Management","0312-8962","","A","3502","Lai Hoang","Pure profile URL","high","ISSN/eISSN","matched"
"uwa-finance-009","Joey Yang","Associate Professor","D","sustainable-institutional-investment-in-the-covid-19-pandemic","Sustainable Institutional Investment in the COVID-19 Pandemic","2023","https://research-repository.uwa.edu.au/en/publications/sustainable-institutional-investment-in-the-covid-19-pandemic/","10.1177/03128962221078943","Australian Journal of Management","0312-8962","","A","3502","Joey Yang","Pure profile URL","high","ISSN/eISSN","matched"
"uwa-finance-022","Yihui Lan","Senior Lecturer","C","temperature-storage-and-natural-gas-futures-prices","Temperature, storage, and natural gas futures prices","2023","https://research-repository.uwa.edu.au/en/publications/temperature-storage-and-natural-gas-futures-prices/","10.1002/fut.22402","Journal of Futures Markets","0270-7314","","A","3502","Yihui Lan","Pure profile URL","high","ISSN/eISSN","matched"
"uwa-finance-015","Paul Gerrans","Professor","E","the-association-between-intelligence-and-financial-literacy-a-con","The association between intelligence and financial literacy: A conceptual and meta-analytic review","2023","https://research-repository.uwa.edu.au/en/publications/the-association-between-intelligence-and-financial-literacy-a-con/","10.1016/j.intell.2023.101781","Intelligence","0160-2896","","","","Paul Gerrans","Pure profile URL","high","unmatched","unmatched"
"uwa-finance-020","Vincent Chong","Head of Department","","the-effect-of-ethical-commitment-reminder-and-reciprocity-in-the-","The Effect of Ethical Commitment Reminder and Reciprocity in the Workplace on Misreporting","2023","https://research-repository.uwa.edu.au/en/publications/the-effect-of-ethical-commitment-reminder-and-reciprocity-in-the-/","10.1007/s10551-022-05237-4","Journal of Business Ethics","0167-4544","","A","3507","Vincent K. Chong","Pure profile URL","high","ISSN/eISSN","matched"
"uwa-finance-020","Vincent Chong","Head of Department","","the-effect-of-non-financial-performance-measures-organisational-p","The effect of non-financial performance measures, organisational politics and political skill on job performance: Evidence from China","2023","https://research-repository.uwa.edu.au/en/publications/the-effect-of-non-financial-performance-measures-organisational-p/","10.1111/acfi.12984","Accounting and Finance","0810-5391","","A","3501","Vincent K. Chong","Pure profile URL","high","ISSN/eISSN","matched"
"uwa-finance-020","Vincent Chong","Head of Department","","the-effect-of-nonfinancial-performance-measures-absorptive-capaci","The effect of nonfinancial performance measures, absorptive capacity, and organizational learning on innovation performance","2023","https://research-repository.uwa.edu.au/en/publications/the-effect-of-nonfinancial-performance-measures-absorptive-capaci/","10.1007/s00187-023-00355-0","Journal of Management Control","2191-4761","","A","3501","Vincent K. Chong","Pure profile URL","high","ISSN/eISSN","matched"
"uwa-finance-010","Kam Chan","Associate Professor","D","the-effectiveness-of-crude-oil-futureshedging-during-infectious-d","The effectiveness of crude oil futureshedging during infectious disease outbreaks in the 21st century","2023","https://research-repository.uwa.edu.au/en/publications/the-effectiveness-of-crude-oil-futureshedging-during-infectious-d/","10.1002/fut.22447","Journal of Futures Markets","0270-7314","","A","3502","Kam Chan","Pure profile URL","high","ISSN/eISSN","matched"
"uwa-finance-015","Paul Gerrans","Professor","E","the-fear-of-missing-out-on-cryptocurrency-and-stock-investments-d","The fear of missing out on cryptocurrency and stock investments: Direct and indirect effects of financial literacy and risk tolerance","2023","https://research-repository.uwa.edu.au/en/publications/the-fear-of-missing-out-on-cryptocurrency-and-stock-investments-d/","10.1017/flw.2023.6","Journal of Financial Literacy and Wellbeing","2753-3212","","","","Paul Gerrans","Pure profile URL","high","unmatched","unmatched"
"uwa-finance-007","Frank Liu","Associate Professor","D","the-fear-of-missing-out-on-cryptocurrency-and-stock-investments-d","The fear of missing out on cryptocurrency and stock investments: Direct and indirect effects of financial literacy and risk tolerance","2023","https://research-repository.uwa.edu.au/en/publications/the-fear-of-missing-out-on-cryptocurrency-and-stock-investments-d/","10.1017/flw.2023.6","Journal of Financial Literacy and Wellbeing","2753-3212","","","","Frank Liu","Pure profile URL","high","unmatched","unmatched"
"uwa-finance-007","Frank Liu","Associate Professor","D","the-green-effects-of-fund-marketanalysis-based-on-institutionalin","The green effects of fund market – analysis based on institutional investors’ preference","2023","https://research-repository.uwa.edu.au/en/publications/the-green-effects-of-fund-marketanalysis-based-on-institutionalin/","10.1108/K-11-2021-1120","Kybernetes","0368-492X","","","","Zhangxin (Frank) Liu","Pure profile URL","high","unmatched","unmatched"
"uwa-finance-009","Joey Yang","Associate Professor","D","the-influence-of-corporate-governance-on-the-performance-of-famil","The influence of corporate governance on the performance of family-controlled firms: Exploring the effects of legal jurisdiction","2023","https://research-repository.uwa.edu.au/en/publications/the-influence-of-corporate-governance-on-the-performance-of-famil/","10.1108/IJMF-12-2021-0598","International Journal of Managerial Finance","1743-9132","","A","3502","Joey W. Yang","Pure profile URL","high","ISSN/eISSN","matched"
"uwa-finance-022","Yihui Lan","Senior Lecturer","C","the-market-for-economics-and-finance-phds","The Market for Economics and Finance PhDs","2023","https://research-repository.uwa.edu.au/en/publications/the-market-for-economics-and-finance-phds/","10.1111/1467-8462.12509","Australian Economic Review","0004-9018","","B","3801","Yihui Lan","Pure profile URL","high","ISSN/eISSN","matched"
"uwa-finance-004","Duc Vo","Senior Lecturer","C","the-net-economic-benefits-of-power-plants-international-evidence","The net economic benefits of power plants: International evidence","2023","https://research-repository.uwa.edu.au/en/publications/the-net-economic-benefits-of-power-plants-international-evidence/","10.1016/j.enpol.2023.113478","Energy Policy","0301-4215","","A","3599","Duc Hong Vo","Pure profile URL","high","ISSN/eISSN","matched"
"uwa-finance-004","Duc Vo","Senior Lecturer","C","the-purchasing-power-parity-and-exchange-rate-economics-half-a-ce","The purchasing power parity and exchange-rate economics half a century on","2023","https://research-repository.uwa.edu.au/en/publications/the-purchasing-power-parity-and-exchange-rate-economics-half-a-ce/","10.1111/joes.12504","Journal of Economic Surveys","1467-6419","","A","3801","Duc Vo","Pure profile URL","high","ISSN/eISSN","matched"
"uwa-finance-009","Joey Yang","Associate Professor","D","the-seasonality-of-lottery-like-stock-returns","The seasonality of lottery-like stock returns","2023","https://research-repository.uwa.edu.au/en/publications/the-seasonality-of-lottery-like-stock-returns/","10.1016/j.iref.2022.09.004","International review of economics & finance","1059-0560","","A","3502","Joey W. Yang","Pure profile URL","high","ISSN/eISSN","matched"
"uwa-finance-009","Joey Yang","Associate Professor","D","the-timing-of-information-arrival-and-overnight-returns","The timing of information arrival and overnight returns","2023","https://research-repository.uwa.edu.au/en/publications/the-timing-of-information-arrival-and-overnight-returns/","10.1016/j.jaccpubpol.2022.107055","Journal of Accounting and Public Policy","0278-4254","","A*","3501","Joey Wenling Yang","Pure profile URL","high","ISSN/eISSN","matched"
"uwa-finance-023","Yuanji Wen","Senior Lecturer","C","tick-size-trading-strategies-and-market-quality","Tick Size, Trading Strategies, and Market Quality","2023","https://research-repository.uwa.edu.au/en/publications/tick-size-trading-strategies-and-market-quality/","10.1287/mnsc.2022.4502","Management Science","0025-1909","","A*","3507","Yuanji Wen","Pure profile URL","high","ISSN/eISSN","matched"
"uwa-finance-014","Mosharraf Hossain","Lecturer","B","are-board-monitoring-and-ceo-incentives-substitutes-for-each-othe","Are board monitoring and CEO incentives substitutes for each other? Evidence from Australian market reaction to acquisition announcements","2022","https://research-repository.uwa.edu.au/en/publications/are-board-monitoring-and-ceo-incentives-substitutes-for-each-othe/","10.1016/j.irfa.2022.102042","International Review of Financial Analysis","1057-5219","","A","3502","Mosharraf Hossain","Pure profile URL","high","ISSN/eISSN","matched"
"uwa-finance-015","Paul Gerrans","Professor","E","are-valuebehavior-relations-stronger-than-previously-thought-it-d","Are value–behavior relations stronger than previously thought? It depends on value importance","2022","https://research-repository.uwa.edu.au/en/publications/are-valuebehavior-relations-stronger-than-previously-thought-it-d/","10.1177/08902070211002965","European Journal of Personality","0890-2070","","A","3507","Paul Gerrans","Pure profile URL","high","ISSN/eISSN","matched"
"uwa-finance-010","Kam Chan","Associate Professor","D","asset-pricing-on-earnings-announcement-days","Asset pricing on earnings announcement days","2022","https://research-repository.uwa.edu.au/en/publications/asset-pricing-on-earnings-announcement-days/","10.1016/j.jfineco.2021.06.022","Journal of Financial Economics","0304-405X","","A*","3502","Kam Chan","Pure profile URL","high","ISSN/eISSN","matched"
"uwa-finance-003","Dirk Baur","Professor","E","bitcoin-investments-and-climate-change-a-financial-and-carbon-int","Bitcoin investments and climate change: A financial and carbon intensity perspective","2022","https://research-repository.uwa.edu.au/en/publications/bitcoin-investments-and-climate-change-a-financial-and-carbon-int/","10.1016/j.frl.2021.102575","Finance Research Letters","1544-6123","","A","3502","Dirk G. Baur","Pure profile URL","high","ISSN/eISSN","matched"
"uwa-finance-010","Kam Chan","Associate Professor","D","covid-19-vaccines-and-global-stock-markets","COVID-19 Vaccines and Global Stock Markets","2022","https://research-repository.uwa.edu.au/en/publications/covid-19-vaccines-and-global-stock-markets/","10.1016/j.frl.2022.102774","Finance Research Letters","1544-6123","","A","3502","Kam Chan","Pure profile URL","high","ISSN/eISSN","matched"
"uwa-finance-023","Yuanji Wen","Senior Lecturer","C","covid-19-vaccines-and-global-stock-markets","COVID-19 Vaccines and Global Stock Markets","2022","https://research-repository.uwa.edu.au/en/publications/covid-19-vaccines-and-global-stock-markets/","10.1016/j.frl.2022.102774","Finance Research Letters","1544-6123","","A","3502","Yuanji Wen","Pure profile URL","high","ISSN/eISSN","matched"
"uwa-finance-007","Frank Liu","Associate Professor","D","earnings-management-in-australian-not-for-profit-disability-servi-2","Earnings Management in Australian Not-for-profit Disability Services","2022","https://research-repository.uwa.edu.au/en/publications/earnings-management-in-australian-not-for-profit-disability-servi-2/","","","","","","","Frank Liu","Pure profile URL","high","unmatched","unmatched"
"uwa-finance-004","Duc Vo","Senior Lecturer","C","environmental-regulation-stringency-and-foreign-direct-investment","Environmental regulation stringency and foreign direct investment","2022","https://research-repository.uwa.edu.au/en/publications/environmental-regulation-stringency-and-foreign-direct-investment/","10.1111/1467-8454.12256","Australian Economic Papers","0004-900X","","B","3801","Duc Vo","Pure profile URL","high","ISSN/eISSN","matched"
"uwa-finance-015","Paul Gerrans","Professor","E","fintech-and-responsibility-buy-now-pay-later-arrangements","Fintech and responsibility: Buy-now-pay-later arrangements","2022","https://research-repository.uwa.edu.au/en/publications/fintech-and-responsibility-buy-now-pay-later-arrangements/","10.1177/03128962211032448","Australian Journal of Management","0312-8962","","A","3502","Paul Gerrans","Pure profile URL","high","ISSN/eISSN","matched"
"uwa-finance-003","Dirk Baur","Professor","E","fintech-and-responsibility-buy-now-pay-later-arrangements","Fintech and responsibility: Buy-now-pay-later arrangements","2022","https://research-repository.uwa.edu.au/en/publications/fintech-and-responsibility-buy-now-pay-later-arrangements/","10.1177/03128962211032448","Australian Journal of Management","0312-8962","","A","3502","Dirk G. Baur","Pure profile URL","high","ISSN/eISSN","matched"
"uwa-finance-012","Lai Hoang","Lecturer","B","four-essays-on-bitcoin-and-stablecoins","Four Essays on Bitcoin and Stablecoins","2022","https://research-repository.uwa.edu.au/en/publications/four-essays-on-bitcoin-and-stablecoins/","10.26182/fbd2-h482","","","","","","Lai Hoang","Pure profile URL","high","unmatched","unmatched"
"uwa-finance-002","Daniel Cahill","Lecturer","B","i-only-pay-attention-to-interesting-thingsand-thats-a-problem-inv","I only pay attention to interesting things…and that’s a problem: Investor attention in financial markets","2022","https://research-repository.uwa.edu.au/en/publications/i-only-pay-attention-to-interesting-thingsand-thats-a-problem-inv/","10.26182/k41b-vq19","","","","","","Daniel Cahill","Pure profile URL","high","unmatched","unmatched"
"uwa-finance-009","Joey Yang","Associate Professor","D","insider-trading-and-the-algorithmic-trading-environment","Insider trading and the algorithmic trading environment","2022","https://research-repository.uwa.edu.au/en/publications/insider-trading-and-the-algorithmic-trading-environment/","10.1111/irfi.12367","International Review of Finance","1369-412X","","A","3502","Joey Wenling Yang","Pure profile URL","high","ISSN/eISSN","matched"
"uwa-finance-013","Lee Smales","Professor","E","investor-attention-and-cryptocurrency-price-crash-risk-a-quantile","Investor attention and cryptocurrency price crash risk: A quantile regression approach","2022","https://research-repository.uwa.edu.au/en/publications/investor-attention-and-cryptocurrency-price-crash-risk-a-quantile/","10.1108/SEF-09-2021-0371","Studies in Economics and Finance","1086-7376","","B","3801","Lee A. Smales","Pure profile URL","high","ISSN/eISSN","matched"
"uwa-finance-013","Lee Smales","Professor","E","investor-attention-in-cryptocurrency-markets","Investor attention in cryptocurrency markets","2022","https://research-repository.uwa.edu.au/en/publications/investor-attention-in-cryptocurrency-markets/","10.1016/j.irfa.2021.101972","International Review of Financial Analysis","1057-5219","","A","3502","Lee Smales","Pure profile URL","high","ISSN/eISSN","matched"
"uwa-finance-003","Dirk Baur","Professor","E","is-bitcoin-a-hedge-how-extreme-volatility-can-destroy-the-hedge-p","Is Bitcoin a hedge? How extreme volatility can destroy the hedge property","2022","https://research-repository.uwa.edu.au/en/publications/is-bitcoin-a-hedge-how-extreme-volatility-can-destroy-the-hedge-p/","10.1016/j.frl.2021.102655","Finance Research Letters","1544-6123","","A","3502","Dirk G. Baur","Pure profile URL","high","ISSN/eISSN","matched"
"uwa-finance-012","Lai Hoang","Lecturer","B","is-bitcoin-a-hedge-how-extreme-volatility-can-destroy-the-hedge-p","Is Bitcoin a hedge? How extreme volatility can destroy the hedge property","2022","https://research-repository.uwa.edu.au/en/publications/is-bitcoin-a-hedge-how-extreme-volatility-can-destroy-the-hedge-p/","10.1016/j.frl.2021.102655","Finance Research Letters","1544-6123","","A","3502","Lai T. Hoang","Pure profile URL","high","ISSN/eISSN","matched"
"uwa-finance-012","Lai Hoang","Lecturer","B","loaded-for-bear-bitcoin-private-wallets-exchange-reserves-and-pri","Loaded for bear: Bitcoin private wallets, exchange reserves and prices","2022","https://research-repository.uwa.edu.au/en/publications/loaded-for-bear-bitcoin-private-wallets-exchange-reserves-and-pri/","10.1016/j.jbankfin.2022.106622","Journal of Banking & Finance","","","A*","3502","Lai T. Hoang","Pure profile URL","high","normalized journal title","matched"
"uwa-finance-003","Dirk Baur","Professor","E","loaded-for-bear-bitcoin-private-wallets-exchange-reserves-and-pri","Loaded for bear: Bitcoin private wallets, exchange reserves and prices","2022","https://research-repository.uwa.edu.au/en/publications/loaded-for-bear-bitcoin-private-wallets-exchange-reserves-and-pri/","10.1016/j.jbankfin.2022.106622","Journal of Banking & Finance","","","A*","3502","Dirk G. Baur","Pure profile URL","high","normalized journal title","matched"
"uwa-finance-023","Yuanji Wen","Senior Lecturer","C","loss-aversion-in-asymmetric-anti-coordination-games","Loss aversion in asymmetric anti-coordination games","2022","https://research-repository.uwa.edu.au/en/publications/loss-aversion-in-asymmetric-anti-coordination-games/","10.1002/soej.12563","Southern Economic Journal","0038-4038","","A","3801","Yuanji Wen","Pure profile URL","high","ISSN/eISSN","matched"
"uwa-finance-005","Elizabeth Ooi","Senior Lecturer","C","measurement-error-in-research-on-financial-literacy-how-much-erro","Measurement error in research on financial literacy: How much error is there and how does it influence effect size estimates?","2022","https://research-repository.uwa.edu.au/en/publications/measurement-error-in-research-on-financial-literacy-how-much-erro/","10.1111/joca.12417","Journal of Consumer Affairs","0022-0078","","A","3506","Elizabeth Ooi","Pure profile URL","high","ISSN/eISSN","matched"
"uwa-finance-003","Dirk Baur","Professor","E","not-all-gold-shines-in-crisis-times-gold-firms-gold-bullion-and-t","Not all gold shines in crisis times — Gold firms, gold bullion and the COVID-19 shock","2022","https://research-repository.uwa.edu.au/en/publications/not-all-gold-shines-in-crisis-times-gold-firms-gold-bullion-and-t/","10.1016/j.jcomm.2022.100260","Journal of Commodity Markets","2405-8513","","A","3502","Dirk G. Baur","Pure profile URL","high","ISSN/eISSN","matched"
"uwa-finance-013","Lee Smales","Professor","E","one-session-options-playing-the-announcement-lottery","One session options: Playing the announcement lottery?","2022","https://research-repository.uwa.edu.au/en/publications/one-session-options-playing-the-announcement-lottery/","10.1002/fut.22257","Journal of Futures Markets","0270-7314","","A","3502","Lee A. Smales","Pure profile URL","high","ISSN/eISSN","matched"
"uwa-finance-007","Frank Liu","Associate Professor","D","one-session-options-playing-the-announcement-lottery","One session options: Playing the announcement lottery?","2022","https://research-repository.uwa.edu.au/en/publications/one-session-options-playing-the-announcement-lottery/","10.1002/fut.22257","Journal of Futures Markets","0270-7314","","A","3502","Zhangxin (Frank) Liu","Pure profile URL","high","ISSN/eISSN","matched"
"uwa-finance-017","Rui Zhong","Associate Professor","D","political-uncertainty-and-analysts-forecasts-international-eviden","Political uncertainty and analysts’ forecasts: International evidence","2022","https://research-repository.uwa.edu.au/en/publications/political-uncertainty-and-analysts-forecasts-international-eviden/","10.1016/j.jfs.2022.100971","Journal of Financial Stability","1572-3089","","A*","3502","Rui Zhong","Pure profile URL","high","ISSN/eISSN","matched"
"uwa-finance-001","Chloe Ho","Senior Lecturer","C","raising-equity-capital-during-the-covid-19-pandemic-in-australia-","Raising Equity Capital during the COVID-19 Pandemic in Australia: The Efficacy of Regulatory Interventions","2022","https://research-repository.uwa.edu.au/en/publications/raising-equity-capital-during-the-covid-19-pandemic-in-australia-/","","Company and Securities Law Journal","0729-2775","","A","4801","Chloe Ho","Pure profile URL","high","ISSN/eISSN","matched"
"uwa-finance-004","Duc Vo","Senior Lecturer","C","regional-convergence-of-nonrenewable-energy-consumption-in-vietna","Regional convergence of nonrenewable energy consumption in Vietnam","2022","https://research-repository.uwa.edu.au/en/publications/regional-convergence-of-nonrenewable-energy-consumption-in-vietna/","10.1016/j.enpol.2022.113194","Energy Policy","0301-4215","","A","3599","Duc Vo","Pure profile URL","high","ISSN/eISSN","matched"
"uwa-finance-007","Frank Liu","Associate Professor","D","reverse-mergers-and-stock-price-crash-risk-evidence-from-china","Reverse mergers and stock price crash risk: evidence from China","2022","https://research-repository.uwa.edu.au/en/publications/reverse-mergers-and-stock-price-crash-risk-evidence-from-china/","10.1108/JAL-08-2022-0085","Journal of Accounting Literature","0737-4607","","A","3501","Zhangxin (Frank) Liu","Pure profile URL","high","ISSN/eISSN","matched"
"uwa-finance-013","Lee Smales","Professor","E","spreading-the-fear-the-central-role-of-cboe-vix-in-global-stock-m","Spreading the fear: The central role of CBOE VIX in global stock market uncertainty","2022","https://research-repository.uwa.edu.au/en/publications/spreading-the-fear-the-central-role-of-cboe-vix-in-global-stock-m/","10.1016/j.gfj.2021.100679","Global Finance Journal","1044-0283","","A","3502","Lee Smales","Pure profile URL","high","ISSN/eISSN","matched"
"uwa-finance-003","Dirk Baur","Professor","E","the-anna-karenina-principle-and-stock-prices","The Anna Karenina principle and stock prices","2022","https://research-repository.uwa.edu.au/en/publications/the-anna-karenina-principle-and-stock-prices/","10.1016/j.jbef.2021.100602","Journal of Behavioral and Experimental Finance","2214-6350","","A","3502","Dirk G. Baur","Pure profile URL","high","ISSN/eISSN","matched"
"uwa-finance-002","Daniel Cahill","Lecturer","B","the-covid-19-pandemic-how-important-is-face-to-face-interaction-f","The COVID-19 pandemic: How important is face-to-face interaction for information dissemination?","2022","https://research-repository.uwa.edu.au/en/publications/the-covid-19-pandemic-how-important-is-face-to-face-interaction-f/","10.1016/j.gfj.2021.100674","Global Finance Journal","1044-0283","","A","3502","Daniel Cahill","Pure profile URL","high","ISSN/eISSN","matched"
"uwa-finance-001","Chloe Ho","Senior Lecturer","C","the-covid-19-pandemic-how-important-is-face-to-face-interaction-f","The COVID-19 pandemic: How important is face-to-face interaction for information dissemination?","2022","https://research-repository.uwa.edu.au/en/publications/the-covid-19-pandemic-how-important-is-face-to-face-interaction-f/","10.1016/j.gfj.2021.100674","Global Finance Journal","1044-0283","","A","3502","Chloe Ho","Pure profile URL","high","ISSN/eISSN","matched"
"uwa-finance-009","Joey Yang","Associate Professor","D","the-covid-19-pandemic-how-important-is-face-to-face-interaction-f","The COVID-19 pandemic: How important is face-to-face interaction for information dissemination?","2022","https://research-repository.uwa.edu.au/en/publications/the-covid-19-pandemic-how-important-is-face-to-face-interaction-f/","10.1016/j.gfj.2021.100674","Global Finance Journal","1044-0283","","A","3502","Joey Yang","Pure profile URL","high","ISSN/eISSN","matched"
"uwa-finance-013","Lee Smales","Professor","E","the-influence-of-policy-uncertainty-on-exchange-rate-forecasting","The influence of policy uncertainty on exchange rate forecasting","2022","https://research-repository.uwa.edu.au/en/publications/the-influence-of-policy-uncertainty-on-exchange-rate-forecasting/","10.1002/for.2847","Journal of Forecasting","0277-6693","","A","3802","Lee A. Smales","Pure profile URL","high","ISSN/eISSN","matched"
"uwa-finance-009","Joey Yang","Associate Professor","D","the-mediating-role-of-corporate-social-responsibility-in-corporat","The mediating role of corporate social responsibility in corporate governance and firm performance","2022","https://research-repository.uwa.edu.au/en/publications/the-mediating-role-of-corporate-social-responsibility-in-corporat/","10.1016/j.jclepro.2022.134165","Journal of Cleaner Production","0959-6526","","C","3507","Joey W. Yang","Pure profile URL","high","ISSN/eISSN","matched"
"uwa-finance-003","Dirk Baur","Professor","E","trading-behavior-in-bitcoin-futures-following-the-smart-money","Trading behavior in bitcoin futures: Following the “smart money”","2022","https://research-repository.uwa.edu.au/en/publications/trading-behavior-in-bitcoin-futures-following-the-smart-money/","10.1002/fut.22332","Journal of Futures Markets","0270-7314","","A","3502","Dirk G. Baur","Pure profile URL","high","ISSN/eISSN","matched"
"uwa-finance-013","Lee Smales","Professor","E","trading-behavior-in-bitcoin-futures-following-the-smart-money","Trading behavior in bitcoin futures: Following the “smart money”","2022","https://research-repository.uwa.edu.au/en/publications/trading-behavior-in-bitcoin-futures-following-the-smart-money/","10.1002/fut.22332","Journal of Futures Markets","0270-7314","","A","3502","Lee A. Smales","Pure profile URL","high","ISSN/eISSN","matched"
"uwa-finance-023","Yuanji Wen","Senior Lecturer","C","transparency-in-fragmented-markets-experimental-evidence","Transparency in fragmented markets: Experimental evidence","2022","https://research-repository.uwa.edu.au/en/publications/transparency-in-fragmented-markets-experimental-evidence/","10.1016/j.finmar.2022.100732","Journal of Financial Markets","1386-4181","","A*","3502","Yuanji Wen","Pure profile URL","high","ISSN/eISSN","matched"
"uwa-finance-010","Kam Chan","Associate Professor","D","what-can-we-learn-from-firm-level-jump-induced-tail-risk-around-e","What can we learn from firm-level jump-induced tail risk around earnings announcements?","2022","https://research-repository.uwa.edu.au/en/publications/what-can-we-learn-from-firm-level-jump-induced-tail-risk-around-e/","10.1016/j.jbankfin.2022.106409","Journal of Banking and Finance","0378-4266","","A*","3502","Kam Chan","Pure profile URL","high","ISSN/eISSN","matched"
"uwa-finance-003","Dirk Baur","Professor","E","a-crypto-safe-haven-against-bitcoin","A crypto safe haven against Bitcoin","2021","https://research-repository.uwa.edu.au/en/publications/a-crypto-safe-haven-against-bitcoin/","10.1016/j.frl.2020.101431","Finance Research Letters","1544-6123","","A","3502","Dirk G. Baur","Pure profile URL","high","ISSN/eISSN","matched"
"uwa-finance-012","Lai Hoang","Lecturer","B","a-crypto-safe-haven-against-bitcoin","A crypto safe haven against Bitcoin","2021","https://research-repository.uwa.edu.au/en/publications/a-crypto-safe-haven-against-bitcoin/","10.1016/j.frl.2020.101431","Finance Research Letters","1544-6123","","A","3502","Lai T. Hoang","Pure profile URL","high","ISSN/eISSN","matched"
"uwa-finance-010","Kam Chan","Associate Professor","D","asset-prices-midterm-elections-and-political-uncertainty","Asset prices, midterm elections, and political uncertainty","2021","https://research-repository.uwa.edu.au/en/publications/asset-prices-midterm-elections-and-political-uncertainty/","10.1016/j.jfineco.2021.03.007","Journal of Financial Economics","0304-405X","","A*","3502","Kam Chan","Pure profile URL","high","ISSN/eISSN","matched"
"uwa-finance-001","Chloe Ho","Senior Lecturer","C","ceo-and-cfo-equity-compensation-and-dividend-payout-over-the-firm","CEO and CFO equity compensation and dividend payout over the firm lifecycle","2021","https://research-repository.uwa.edu.au/en/publications/ceo-and-cfo-equity-compensation-and-dividend-payout-over-the-firm/","10.1016/j.gfj.2020.100562","Global Finance Journal","1044-0283","","A","3502","Chloe Ho","Pure profile URL","high","ISSN/eISSN","matched"
"uwa-finance-015","Paul Gerrans","Professor","E","converting-the-maybes-crucial-for-a-successful-covid-19-vaccinati","Converting the maybes: Crucial for a successful COVID-19 vaccination strategy","2021","https://research-repository.uwa.edu.au/en/publications/converting-the-maybes-crucial-for-a-successful-covid-19-vaccinati/","10.1371/journal.pone.0245907","PLoS One","1932-6203","","","","Paul Gerrans","Pure profile URL","high","unmatched","unmatched"
"uwa-finance-007","Frank Liu","Associate Professor","D","cross-listings-and-dividend-size-and-stability-evidence-from-chin","Cross-listings and dividend size and stability: evidence from China","2021","https://research-repository.uwa.edu.au/en/publications/cross-listings-and-dividend-size-and-stability-evidence-from-chin/","10.1111/acfi.12579","Accounting and Finance","0810-5391","","A","3501","Zhangxin Liu","Pure profile URL","high","ISSN/eISSN","matched"
"uwa-finance-003","Dirk Baur","Professor","E","cryptocurrencies-are-not-immune-to-coronavirus-evidence-from-inve","Cryptocurrencies are Not Immune to Coronavirus: Evidence from Investor Fear","2021","https://research-repository.uwa.edu.au/en/publications/cryptocurrencies-are-not-immune-to-coronavirus-evidence-from-inve/","10.2139/ssrn.3778988","","","","","","D.G. Baur","Pure profile URL","high","unmatched","unmatched"
"uwa-finance-017","Rui Zhong","Associate Professor","D","currency-hedging-and-quantitative-easing-evidence-from-global-bon","Currency hedging and quantitative easing: Evidence from global bond markets","2021","https://research-repository.uwa.edu.au/en/publications/currency-hedging-and-quantitative-easing-evidence-from-global-bon/","10.1111/irfi.12291","International Review of Finance","1369-412X","","A","3502","Rui Zhong","Pure profile URL","high","ISSN/eISSN","matched"
"uwa-finance-017","Rui Zhong","Associate Professor","D","do-patented-innovations-reduce-stock-price-crash-risk","Do patented innovations reduce stock price crash risk?","2021","https://research-repository.uwa.edu.au/en/publications/do-patented-innovations-reduce-stock-price-crash-risk/","10.1111/irfi.12265","International Review of Finance","1369-412X","","A","3502","Rui Zhong","Pure profile URL","high","ISSN/eISSN","matched"
"uwa-finance-007","Frank Liu","Associate Professor","D","earnings-management-in-australian-not-for-profit-disability-servi","Earnings Management in Australian Not-for-Profit Disability Services","2021","https://research-repository.uwa.edu.au/en/publications/earnings-management-in-australian-not-for-profit-disability-servi/","","","","","","","Frank Liu","Pure profile URL","high","unmatched","unmatched"
"uwa-finance-017","Rui Zhong","Associate Professor","D","financial-oligopolies-and-parallel-exclusion-in-the-credit-defaul","Financial oligopolies and parallel exclusion in the credit default swap markets","2021","https://research-repository.uwa.edu.au/en/publications/financial-oligopolies-and-parallel-exclusion-in-the-credit-defaul/","10.1016/j.finmar.2020.100606","Journal of Financial Markets","1386-4181","","A*","3502","Rui Zhong","Pure profile URL","high","ISSN/eISSN","matched"
"uwa-finance-003","Dirk Baur","Professor","E","flight-to-quality-gold-mining-shares-versus-gold-bullion","Flight to quality – Gold mining shares versus gold bullion","2021","https://research-repository.uwa.edu.au/en/publications/flight-to-quality-gold-mining-shares-versus-gold-bullion/","10.1016/j.intfin.2021.101296","Journal of International Financial Markets, Institutions and Money","1042-4431","","A","3502","Dirk G. Baur","Pure profile URL","high","ISSN/eISSN","matched"
"uwa-finance-013","Lee Smales","Professor","E","geopolitical-risk-and-volatility-spillovers-in-oil-and-stock-mark","Geopolitical risk and volatility spillovers in oil and stock markets","2021","https://research-repository.uwa.edu.au/en/publications/geopolitical-risk-and-volatility-spillovers-in-oil-and-stock-mark/","10.1016/j.qref.2021.03.008","Quarterly Review of Economics and Finance","1062-9769","","B","3801","L. A. Smales","Pure profile URL","high","ISSN/eISSN","matched"
"uwa-finance-009","Joey Yang","Associate Professor","D","information-processing-costs-and-stock-price-informativeness-evid","Information processing costs and stock price informativeness: Evidence from the XBRL mandate","2021","https://research-repository.uwa.edu.au/en/publications/information-processing-costs-and-stock-price-informativeness-evid/","10.1177/0312896220907672","Australian Journal of Management","0312-8962","","A","3502","Joey Yang","Pure profile URL","high","ISSN/eISSN","matched"
"uwa-finance-013","Lee Smales","Professor","E","investor-attention-and-global-market-returns-during-the-covid-19-","Investor attention and global market returns during the COVID-19 crisis","2021","https://research-repository.uwa.edu.au/en/publications/investor-attention-and-global-market-returns-during-the-covid-19-/","10.1016/j.irfa.2020.101616","International Review of Financial Analysis","1057-5219","","A","3502","L. A. Smales","Pure profile URL","high","ISSN/eISSN","matched"
"uwa-finance-013","Lee Smales","Professor","E","investor-attention-and-the-response-of-us-stock-market-sectors-to","Investor attention and the response of US stock market sectors to the COVID-19 crisis","2021","https://research-repository.uwa.edu.au/en/publications/investor-attention-and-the-response-of-us-stock-market-sectors-to/","10.1108/RBF-06-2020-0138","Review of Behavioral Finance","1940-5979","","B","3502","Lee A. Smales","Pure profile URL","high","ISSN/eISSN","matched"
"uwa-finance-002","Daniel Cahill","Lecturer","B","limitations-of-imitation-lessons-from-another-bitcoin-copycat","Limitations of imitation: Lessons from another Bitcoin copycat","2021","https://research-repository.uwa.edu.au/en/publications/limitations-of-imitation-lessons-from-another-bitcoin-copycat/","10.1016/j.jcorpfin.2021.101992","Journal of Corporate Finance","0929-1199","","A*","3502","Daniel Cahill","Pure profile URL","high","ISSN/eISSN","matched"
"uwa-finance-007","Frank Liu","Associate Professor","D","limitations-of-imitation-lessons-from-another-bitcoin-copycat","Limitations of imitation: Lessons from another Bitcoin copycat","2021","https://research-repository.uwa.edu.au/en/publications/limitations-of-imitation-lessons-from-another-bitcoin-copycat/","10.1016/j.jcorpfin.2021.101992","Journal of Corporate Finance","0929-1199","","A*","3502","Frank Liu","Pure profile URL","high","ISSN/eISSN","matched"
"uwa-finance-013","Lee Smales","Professor","E","macroeconomic-news-and-treasury-futures-return-volatility-do-trea","Macroeconomic news and treasury futures return volatility: Do treasury auctions matter?","2021","https://research-repository.uwa.edu.au/en/publications/macroeconomic-news-and-treasury-futures-return-volatility-do-trea/","10.1016/j.gfj.2020.100537","Global Finance Journal","1044-0283","","A","3502","L. A. Smales","Pure profile URL","high","ISSN/eISSN","matched"
"uwa-finance-002","Daniel Cahill","Lecturer","B","mobility-during-the-covid-19-pandemic-and-retail-investor-attenti","Mobility during the COVID-19 Pandemic and Retail Investor Attention","2021","https://research-repository.uwa.edu.au/en/publications/mobility-during-the-covid-19-pandemic-and-retail-investor-attenti/","","","","","","","Daniel Cahill","Pure profile URL","high","unmatched","unmatched"
"uwa-finance-001","Chloe Ho","Senior Lecturer","C","mobility-during-the-covid-19-pandemic-and-retail-investor-attenti","Mobility during the COVID-19 Pandemic and Retail Investor Attention","2021","https://research-repository.uwa.edu.au/en/publications/mobility-during-the-covid-19-pandemic-and-retail-investor-attenti/","","","","","","","Chloe Ho","Pure profile URL","high","unmatched","unmatched"
"uwa-finance-009","Joey Yang","Associate Professor","D","mobility-during-the-covid-19-pandemic-and-retail-investor-attenti","Mobility during the COVID-19 Pandemic and Retail Investor Attention","2021","https://research-repository.uwa.edu.au/en/publications/mobility-during-the-covid-19-pandemic-and-retail-investor-attenti/","","","","","","","Joey Yang","Pure profile URL","high","unmatched","unmatched"
"uwa-finance-013","Lee Smales","Professor","E","non-standard-errors","Non-Standard Errors","2021","https://research-repository.uwa.edu.au/en/publications/non-standard-errors/","","","","","","","Lee Smales","Pure profile URL","high","unmatched","unmatched"
"uwa-finance-013","Lee Smales","Professor","E","policy-uncertainty-in-australian-financial-markets","Policy uncertainty in Australian financial markets","2021","https://research-repository.uwa.edu.au/en/publications/policy-uncertainty-in-australian-financial-markets/","10.1177/0312896220959120","Australian Journal of Management","0312-8962","","A","3502","Lee A. Smales","Pure profile URL","high","ISSN/eISSN","matched"
"uwa-finance-003","Dirk Baur","Professor","E","read-me-if-you-can-an-analysis-of-ico-white-papers","Read me if you can! An analysis of ICO white papers","2021","https://research-repository.uwa.edu.au/en/publications/read-me-if-you-can-an-analysis-of-ico-white-papers/","10.1016/j.frl.2020.101427","Finance Research Letters","1544-6123","","A","3502","Dirk G. Baur","Pure profile URL","high","ISSN/eISSN","matched"
"uwa-finance-001","Chloe Ho","Senior Lecturer","C","rights-issues-retail-shareholders-and-their-participation-decisio","Rights issues: Retail shareholders and their participation decisions","2021","https://research-repository.uwa.edu.au/en/publications/rights-issues-retail-shareholders-and-their-participation-decisio/","10.1111/irfi.12307","International Review of Finance","1369-412X","","A","3502","Chloe Ho","Pure profile URL","high","ISSN/eISSN","matched"
"uwa-finance-007","Frank Liu","Associate Professor","D","share-pledging-and-financial-constraints-in-china","Share pledging and financial constraints in China","2021","https://research-repository.uwa.edu.au/en/publications/share-pledging-and-financial-constraints-in-china/","10.1111/acfi.12729","Accounting and Finance","0810-5391","","A","3501","Zhangxin Liu","Pure profile URL","high","ISSN/eISSN","matched"
"uwa-finance-003","Dirk Baur","Professor","E","the-bitcoin-gold-correlation-puzzle","The Bitcoin gold correlation puzzle","2021","https://research-repository.uwa.edu.au/en/publications/the-bitcoin-gold-correlation-puzzle/","10.1016/j.jbef.2021.100561","Journal of Behavioral and Experimental Finance","2214-6350","","A","3502","Dirk G. Baur","Pure profile URL","high","ISSN/eISSN","matched"
"uwa-finance-012","Lai Hoang","Lecturer","B","the-bitcoin-gold-correlation-puzzle","The Bitcoin gold correlation puzzle","2021","https://research-repository.uwa.edu.au/en/publications/the-bitcoin-gold-correlation-puzzle/","10.1016/j.jbef.2021.100561","Journal of Behavioral and Experimental Finance","2214-6350","","A","3502","Lai Hoang","Pure profile URL","high","ISSN/eISSN","matched"
"uwa-finance-020","Vincent Chong","Head of Department","","the-effect-of-negotiators-role-leadership-tone-and-social-value-o","The effect of negotiators’ role, leadership tone, and social value orientation on expected transfer prices: additional evidence","2021","https://research-repository.uwa.edu.au/en/publications/the-effect-of-negotiators-role-leadership-tone-and-social-value-o/","10.1007/s00187-021-00321-8","Journal of Management Control","2191-4761","","A","3501","Vincent K. Chong","Pure profile URL","high","ISSN/eISSN","matched"
"uwa-finance-013","Lee Smales","Professor","E","the-effect-of-treasury-auctions-on-10-year-treasury-note-futures","The effect of treasury auctions on 10-year Treasury note futures","2021","https://research-repository.uwa.edu.au/en/publications/the-effect-of-treasury-auctions-on-10-year-treasury-note-futures/","10.1111/acfi.12635","Accounting and Finance","0810-5391","","A","3501","Lee A. Smales","Pure profile URL","high","ISSN/eISSN","matched"
"uwa-finance-017","Rui Zhong","Associate Professor","D","the-limits-of-green-finance-a-survey-of-literature-in-the-context","The Limits of Green Finance: A Survey of Literature in the Context of Green Bonds and Green Loans","2021","https://research-repository.uwa.edu.au/en/publications/the-limits-of-green-finance-a-survey-of-literature-in-the-context/","10.3390/su13020478","Sustainability","2071-1050","","","","Rui Zhong","Pure profile URL","high","unmatched","unmatched"
"uwa-finance-014","Mosharraf Hossain","Lecturer","B","the-performance-and-motivation-of-serial-acquisitions-evidence-fr","The performance and motivation of serial acquisitions: Evidence from Australia","2021","https://research-repository.uwa.edu.au/en/publications/the-performance-and-motivation-of-serial-acquisitions-evidence-fr/","10.1016/j.irfa.2021.101827","International Review of Financial Analysis","1057-5219","","A","3502","Mosharraf Hossain","Pure profile URL","high","ISSN/eISSN","matched"
"uwa-finance-010","Kam Chan","Associate Professor","D","the-profitability-of-trading-on-large-l%C3%A9vy-jumps","The profitability of trading on large Lévy jumps","2021","https://research-repository.uwa.edu.au/en/publications/the-profitability-of-trading-on-large-l%C3%A9vy-jumps/","10.1111/irfi.12279","International Review of Finance","1369-412X","","A","3502","Kam Fong Chan","Pure profile URL","high","ISSN/eISSN","matched"
"uwa-finance-003","Dirk Baur","Professor","E","the-volatility-of-bitcoin-and-its-role-as-a-medium-of-exchange-an","The volatility of Bitcoin and its role as a medium of exchange and a store of value","2021","https://research-repository.uwa.edu.au/en/publications/the-volatility-of-bitcoin-and-its-role-as-a-medium-of-exchange-an/","10.1007/s00181-020-01990-5","Empirical Economics","0377-7332","","A","3801","Dirk G. Baur","Pure profile URL","high","ISSN/eISSN","matched"
"uwa-finance-015","Paul Gerrans","Professor","E","undergraduate-student-financial-education-interventions-medium-te","Undergraduate student financial education interventions: Medium term evidence of retention, decay, and confidence in financial literacy","2021","https://research-repository.uwa.edu.au/en/publications/undergraduate-student-financial-education-interventions-medium-te/","10.1016/j.pacfin.2021.101552","Pacific Basin Finance Journal","0927-538X","","A","3502","Paul Gerrans","Pure profile URL","high","ISSN/eISSN","matched"
"uwa-finance-007","Frank Liu","Associate Professor","D","underpricing-in-a-developing-capital-market-australian-equity-iss","Underpricing in a developing capital market: Australian equity issuances, 1920–39†","2021","https://research-repository.uwa.edu.au/en/publications/underpricing-in-a-developing-capital-market-australian-equity-iss/","10.1111/ehr.13054","Economic History Review: a journal of economic and social history","0013-0117","","A*","3801","Zhangxin Liu","Pure profile URL","high","ISSN/eISSN","matched"
"uwa-finance-001","Chloe Ho","Senior Lecturer","C","value-of-dividend-signaling-in-uncertain-times","Value of Dividend Signaling in Uncertain Times","2021","https://research-repository.uwa.edu.au/en/publications/value-of-dividend-signaling-in-uncertain-times/","10.1111/irfi.12334","International Review of Finance","1369-412X","","A","3502","Chloe Ho","Pure profile URL","high","ISSN/eISSN","matched"
"uwa-finance-013","Lee Smales","Professor","E","volatility-spillovers-among-cryptocurrencies","Volatility spillovers among cryptocurrencies","2021","https://research-repository.uwa.edu.au/en/publications/volatility-spillovers-among-cryptocurrencies/","10.3390/jrfm14100493","Journal of risk and financial management","1911-8074","","","","Lee Smales","Pure profile URL","high","unmatched","unmatched"
"uwa-finance-015","Paul Gerrans","Professor","E","were-all-in-this-together-but-for-different-reasons-social-values","We're all in this together, but for different reasons: Social values and social actions that affect COVID-19 preventative behaviors","2021","https://research-repository.uwa.edu.au/en/publications/were-all-in-this-together-but-for-different-reasons-social-values/","10.1016/j.paid.2021.110868","Personality and Individual Differences","0191-8869","","A","3507","Paul Gerrans","Pure profile URL","high","ISSN/eISSN","matched"
"uwa-finance-002","Daniel Cahill","Lecturer","B","what-does-it-mean-to-be-a-memestock","What does it mean to be a meme...stock?","2021","https://research-repository.uwa.edu.au/en/publications/what-does-it-mean-to-be-a-memestock/","","","","","","","Daniel Cahill","Pure profile URL","high","unmatched","unmatched"
"uwa-finance-022","Yihui Lan","Senior Lecturer","C","asset-pricing-and-energy-consumption-risk","Asset pricing and energy consumption risk","2020","https://research-repository.uwa.edu.au/en/publications/asset-pricing-and-energy-consumption-risk/","10.1111/acfi.12516","Accounting and Finance","0810-5391","","A","3501","Yihui Lan","Pure profile URL","high","ISSN/eISSN","matched"
"uwa-finance-003","Dirk Baur","Professor","E","decoupling-and-contagion-the-special-case-of-the-eurozone-soverei","Decoupling and Contagion: The Special Case of the Eurozone Sovereign Debt Crisis","2020","https://research-repository.uwa.edu.au/en/publications/decoupling-and-contagion-the-special-case-of-the-eurozone-soverei/","10.1111/irfi.12220","International Review of Finance","1369-412X","","A","3502","Dirk G. Baur","Pure profile URL","high","ISSN/eISSN","matched"
"uwa-finance-005","Elizabeth Ooi","Senior Lecturer","C","directors-who-serve-multiple-pension-funds-are-they-conflicted-or","Directors who serve multiple pension funds: are they conflicted or skilled?","2020","https://research-repository.uwa.edu.au/en/publications/directors-who-serve-multiple-pension-funds-are-they-conflicted-or/","10.1016/j.jbankfin.2020.105764","Journal of Banking and Finance","0378-4266","","A*","3502","Elizabeth Ooi","Pure profile URL","high","ISSN/eISSN","matched"
"uwa-finance-013","Lee Smales","Professor","E","examining-the-relationship-between-policy-uncertainty-and-market-","Examining the relationship between policy uncertainty and market uncertainty across the G7","2020","https://research-repository.uwa.edu.au/en/publications/examining-the-relationship-between-policy-uncertainty-and-market-/","10.1016/j.irfa.2020.101540","International Review of Financial Analysis","1057-5219","","A","3502","Lee A. Smales","Pure profile URL","high","ISSN/eISSN","matched"
"uwa-finance-012","Lai Hoang","Lecturer","B","forecasting-bitcoin-volatility-evidence-from-the-options-market","Forecasting bitcoin volatility: Evidence from the options market","2020","https://research-repository.uwa.edu.au/en/publications/forecasting-bitcoin-volatility-evidence-from-the-options-market/","10.1002/fut.22144","Journal of Futures Markets","0270-7314","","A","3502","Lai T. Hoang","Pure profile URL","high","ISSN/eISSN","matched"
"uwa-finance-003","Dirk Baur","Professor","E","forecasting-bitcoin-volatility-evidence-from-the-options-market","Forecasting bitcoin volatility: Evidence from the options market","2020","https://research-repository.uwa.edu.au/en/publications/forecasting-bitcoin-volatility-evidence-from-the-options-market/","10.1002/fut.22144","Journal of Futures Markets","0270-7314","","A","3502","Dirk G. Baur","Pure profile URL","high","ISSN/eISSN","matched"
"uwa-finance-005","Elizabeth Ooi","Senior Lecturer","C","give-mind-to-the-gap-measuring-gender-differences-in-financial-kn","Give mind to the gap: measuring gender differences in financial knowledge","2020","https://research-repository.uwa.edu.au/en/publications/give-mind-to-the-gap-measuring-gender-differences-in-financial-kn/","10.1111/joca.12310","Journal of Consumer Affairs","1745-6606","","A","3506","Elizabeth Ooi","Pure profile URL","high","ISSN/eISSN","matched"
"uwa-finance-003","Dirk Baur","Professor","E","hedging-geopolitical-risk-with-precious-metals","Hedging geopolitical risk with precious metals","2020","https://research-repository.uwa.edu.au/en/publications/hedging-geopolitical-risk-with-precious-metals/","10.1016/j.jbankfin.2020.105823","Journal of Banking and Finance","0378-4266","","A*","3502","Dirk G. Baur","Pure profile URL","high","ISSN/eISSN","matched"
"uwa-finance-013","Lee Smales","Professor","E","hedging-geopolitical-risk-with-precious-metals","Hedging geopolitical risk with precious metals","2020","https://research-repository.uwa.edu.au/en/publications/hedging-geopolitical-risk-with-precious-metals/","10.1016/j.jbankfin.2020.105823","Journal of Banking and Finance","0378-4266","","A*","3502","Lee A. Smales","Pure profile URL","high","ISSN/eISSN","matched"
"uwa-finance-017","Rui Zhong","Associate Professor","D","heterogeneity-of-heterogenous-belief-across-financial-markets-and","Heterogeneity of Heterogenous Belief across Financial Markets and Stock Price Crash Risk","2020","https://research-repository.uwa.edu.au/en/publications/heterogeneity-of-heterogenous-belief-across-financial-markets-and/","","","","","","","Rui Zhong","Pure profile URL","high","unmatched","unmatched"
"uwa-finance-002","Daniel Cahill","Lecturer","B","i-am-a-blockchain-too-how-does-the-market-respond-to-companies-in","I am a blockchain too: How does the market respond to companies’ interest in blockchain?","2020","https://research-repository.uwa.edu.au/en/publications/i-am-a-blockchain-too-how-does-the-market-respond-to-companies-in/","10.1016/j.jbankfin.2020.105740","Journal of Banking and Finance","0378-4266","","A*","3502","Daniel Cahill","Pure profile URL","high","ISSN/eISSN","matched"
"uwa-finance-003","Dirk Baur","Professor","E","i-am-a-blockchain-too-how-does-the-market-respond-to-companies-in","I am a blockchain too: How does the market respond to companies’ interest in blockchain?","2020","https://research-repository.uwa.edu.au/en/publications/i-am-a-blockchain-too-how-does-the-market-respond-to-companies-in/","10.1016/j.jbankfin.2020.105740","Journal of Banking and Finance","0378-4266","","A*","3502","Dirk G. Baur","Pure profile URL","high","ISSN/eISSN","matched"
"uwa-finance-007","Frank Liu","Associate Professor","D","i-am-a-blockchain-too-how-does-the-market-respond-to-companies-in","I am a blockchain too: How does the market respond to companies’ interest in blockchain?","2020","https://research-repository.uwa.edu.au/en/publications/i-am-a-blockchain-too-how-does-the-market-respond-to-companies-in/","10.1016/j.jbankfin.2020.105740","Journal of Banking and Finance","0378-4266","","A*","3502","Zhangxin (Frank) Liu","Pure profile URL","high","ISSN/eISSN","matched"
"uwa-finance-009","Joey Yang","Associate Professor","D","i-am-a-blockchain-too-how-does-the-market-respond-to-companies-in","I am a blockchain too: How does the market respond to companies’ interest in blockchain?","2020","https://research-repository.uwa.edu.au/en/publications/i-am-a-blockchain-too-how-does-the-market-respond-to-companies-in/","10.1016/j.jbankfin.2020.105740","Journal of Banking and Finance","0378-4266","","A*","3502","Joey W. Yang","Pure profile URL","high","ISSN/eISSN","matched"
"uwa-finance-003","Dirk Baur","Professor","E","investing-in-gold-market-timing-or-buy-and-hold","Investing in gold – Market timing or buy-and-hold?","2020","https://research-repository.uwa.edu.au/en/publications/investing-in-gold-market-timing-or-buy-and-hold/","10.1016/j.irfa.2018.11.008","International Review of Financial Analysis","1057-5219","","A","3502","Dirk G. Baur","Pure profile URL","high","ISSN/eISSN","matched"
"uwa-finance-010","Kam Chan","Associate Professor","D","market-response-of-us-equities-to-domestic-natural-disasters-indu","Market response of US equities to domestic natural disasters: industry-based evidence","2020","https://research-repository.uwa.edu.au/en/publications/market-response-of-us-equities-to-domestic-natural-disasters-indu/","10.1111/acfi.12484","Accounting and Finance","0810-5391","","A","3501","Kam F. Chan","Pure profile URL","high","ISSN/eISSN","matched"
"uwa-finance-013","Lee Smales","Professor","E","news-sentiment-as-an-explanation-for-changes-in-the-vix-futures-b","News sentiment as an explanation for changes in the VIX futures basis","2020","https://research-repository.uwa.edu.au/en/publications/news-sentiment-as-an-explanation-for-changes-in-the-vix-futures-b/","10.3905/joi.2020.1.125","Journal of Investing","1068-0896","","B","3502","Lee A. Smales","Pure profile URL","high","ISSN/eISSN","matched"
"uwa-finance-013","Lee Smales","Professor","E","one-cryptocurrency-to-explain-them-all-understanding-the-importan","One Cryptocurrency to Explain Them All? Understanding the Importance of Bitcoin in Cryptocurrency Returns","2020","https://research-repository.uwa.edu.au/en/publications/one-cryptocurrency-to-explain-them-all-understanding-the-importan/","10.1111/1759-3441.12282","Economic Papers","0812-0439","","","","Lee Alan Smales","Pure profile URL","high","unmatched","unmatched"
"uwa-finance-017","Rui Zhong","Associate Professor","D","political-uncertainty-and-the-choice-of-debt-sources","Political uncertainty and the choice of debt sources","2020","https://research-repository.uwa.edu.au/en/publications/political-uncertainty-and-the-choice-of-debt-sources/","10.1016/j.intfin.2019.101142","Journal of International Financial Markets, Institutions and Money","1042-4431","","A","3502","Rui Zhong","Pure profile URL","high","ISSN/eISSN","matched"
"uwa-finance-010","Kam Chan","Associate Professor","D","political-uncertainty-market-anomalies-and-presidential-honeymoon","Political uncertainty, market anomalies and Presidential honeymoons","2020","https://research-repository.uwa.edu.au/en/publications/political-uncertainty-market-anomalies-and-presidential-honeymoon/","10.1016/j.jbankfin.2020.105749","Journal of Banking and Finance","0378-4266","","A*","3502","Kam Chan","Pure profile URL","high","ISSN/eISSN","matched"
"uwa-finance-003","Dirk Baur","Professor","E","regime-dependent-good-and-bad-volatility-of-bitcoin","Regime-Dependent Good and Bad Volatility of Bitcoin","2020","https://research-repository.uwa.edu.au/en/publications/regime-dependent-good-and-bad-volatility-of-bitcoin/","10.3390/jrfm13120312","Journal of risk and financial management","1911-8066","","","","Dirk G. Baur","Pure profile URL","high","unmatched","unmatched"
"uwa-finance-012","Lai Hoang","Lecturer","B","the-importance-of-spillovers-during-the-covid-19-pandemic","The Importance of Spillovers during the COVID-19 Pandemic","2020","https://research-repository.uwa.edu.au/en/publications/the-importance-of-spillovers-during-the-covid-19-pandemic/","10.2139/ssrn.3670567","","","","","","L.T. Hoang","Pure profile URL","high","unmatched","unmatched"
"uwa-finance-003","Dirk Baur","Professor","E","the-importance-of-spillovers-during-the-covid-19-pandemic","The Importance of Spillovers during the COVID-19 Pandemic","2020","https://research-repository.uwa.edu.au/en/publications/the-importance-of-spillovers-during-the-covid-19-pandemic/","10.2139/ssrn.3670567","","","","","","D.G. Baur","Pure profile URL","high","unmatched","unmatched"
"uwa-finance-014","Mosharraf Hossain","Lecturer","B","the-information-content-of-director-trading-evidence-from-acquisi","The information content of director trading: evidence from acquisition announcements in Australia","2020","https://research-repository.uwa.edu.au/en/publications/the-information-content-of-director-trading-evidence-from-acquisi/","10.1016/j.gfj.2018.09.001","Global Finance Journal","1044-0283","","A","3502","Md Mosharraf Hossain","Pure profile URL","high","ISSN/eISSN","matched"
"uwa-finance-017","Rui Zhong","Associate Professor","D","the-market-reaction-to-green-bond-issuance-evidence-from-china","The market reaction to green bond issuance: Evidence from China","2020","https://research-repository.uwa.edu.au/en/publications/the-market-reaction-to-green-bond-issuance-evidence-from-china/","10.1016/j.pacfin.2020.101294","Pacific Basin Finance Journal","0927-538X","","A","3502","Rui Zhong","Pure profile URL","high","ISSN/eISSN","matched"
"uwa-finance-003","Dirk Baur","Professor","E","the-relative-valuation-of-gold","The Relative Valuation of Gold","2020","https://research-repository.uwa.edu.au/en/publications/the-relative-valuation-of-gold/","10.1017/S1365100518000895","Macroeconomic Dynamics","1365-1005","","A","3801","Dirk G. Baur","Pure profile URL","high","ISSN/eISSN","matched"
"uwa-finance-002","Daniel Cahill","Lecturer","B","the-role-of-implied-volatility-in-liquidity-provision","The role of implied volatility in liquidity provision","2020","https://research-repository.uwa.edu.au/en/publications/the-role-of-implied-volatility-in-liquidity-provision/","10.1177/0312896219833423","Australian Journal of Management","0312-8962","","A","3502","Daniel Cahill","Pure profile URL","high","ISSN/eISSN","matched"
"uwa-finance-009","Joey Yang","Associate Professor","D","the-role-of-implied-volatility-in-liquidity-provision","The role of implied volatility in liquidity provision","2020","https://research-repository.uwa.edu.au/en/publications/the-role-of-implied-volatility-in-liquidity-provision/","10.1177/0312896219833423","Australian Journal of Management","0312-8962","","A","3502","Joey Yang","Pure profile URL","high","ISSN/eISSN","matched"
"uwa-finance-003","Dirk Baur","Professor","E","the-timing-of-the-flight-to-gold-an-intra-day-analysis-of-gold-an","The timing of the flight to gold: An intra-day analysis of gold and the S&P500","2020","https://research-repository.uwa.edu.au/en/publications/the-timing-of-the-flight-to-gold-an-intra-day-analysis-of-gold-an/","10.1016/j.frl.2019.05.005","Finance Research Letters","1544-6123","","A","3502","Dirk G. Baur","Pure profile URL","high","ISSN/eISSN","matched"
"uwa-finance-007","Frank Liu","Associate Professor","D","a-general-equilibrium-approach-to-pricing-volatility-risk","A general equilibrium approach to pricing volatility risk","2019","https://research-repository.uwa.edu.au/en/publications/a-general-equilibrium-approach-to-pricing-volatility-risk/","10.1371/journal.pone.0215032","PLoS One","1932-6203","","","","Zhangxin Liu","Pure profile URL","high","unmatched","unmatched"
"uwa-finance-003","Dirk Baur","Professor","E","a-quantile-regression-approach-to-estimate-the-variance-of-financ","A Quantile Regression Approach to Estimate the Variance of Financial Returns","2019","https://research-repository.uwa.edu.au/en/publications/a-quantile-regression-approach-to-estimate-the-variance-of-financ/","10.1093/jjfinec/nby026","Journal of Financial Econometrics","1479-8409","","A*","3802","Dirk G. Baur","Pure profile URL","high","ISSN/eISSN","matched"
"uwa-finance-003","Dirk Baur","Professor","E","bitcoin-time-of-day-day-of-week-and-month-of-year-effects-in-retu-2","Bitcoin time-of-day, day-of-week and month-of-year effects in returns and trading volume","2019","https://research-repository.uwa.edu.au/en/publications/bitcoin-time-of-day-day-of-week-and-month-of-year-effects-in-retu-2/","10.1016/j.frl.2019.04.023","Finance Research Letters","1544-6123","","A","3502","Dirk G. Baur","Pure profile URL","high","ISSN/eISSN","matched"
"uwa-finance-002","Daniel Cahill","Lecturer","B","bitcoin-time-of-day-day-of-week-and-month-of-year-effects-in-retu-2","Bitcoin time-of-day, day-of-week and month-of-year effects in returns and trading volume","2019","https://research-repository.uwa.edu.au/en/publications/bitcoin-time-of-day-day-of-week-and-month-of-year-effects-in-retu-2/","10.1016/j.frl.2019.04.023","Finance Research Letters","1544-6123","","A","3502","Daniel Cahill","Pure profile URL","high","ISSN/eISSN","matched"
"uwa-finance-007","Frank Liu","Associate Professor","D","bitcoin-time-of-day-day-of-week-and-month-of-year-effects-in-retu-2","Bitcoin time-of-day, day-of-week and month-of-year effects in returns and trading volume","2019","https://research-repository.uwa.edu.au/en/publications/bitcoin-time-of-day-day-of-week-and-month-of-year-effects-in-retu-2/","10.1016/j.frl.2019.04.023","Finance Research Letters","1544-6123","","A","3502","Zhangxin (Frank)Liu","Pure profile URL","high","ISSN/eISSN","matched"
"uwa-finance-016","Raymond Da Silva Rosa","Winthrop Professor","E","choice-of-acquisition-form-in-australia-and-the-post-takeover-emp","Choice of acquisition form in Australia and the post-takeover employment of target firm directors on the acquiring firm board","2019","https://research-repository.uwa.edu.au/en/publications/choice-of-acquisition-form-in-australia-and-the-post-takeover-emp/","10.1111/acfi.12307","Accounting and Finance","0810-5391","","A","3501","Raymond da Silva Rosa","Pure profile URL","high","ISSN/eISSN","matched"
"uwa-finance-020","Vincent Chong","Head of Department","","delegation-of-decision-rights-and-misreporting-the-roles-of-incen","Delegation of Decision Rights and Misreporting: The Roles of Incentive-based Compensation Schemes and Responsibility Rationalization","2019","https://research-repository.uwa.edu.au/en/publications/delegation-of-decision-rights-and-misreporting-the-roles-of-incen/","10.1080/09638180.2018.1452771","European Accounting Review","0963-8180","","A*","3501","V.K. Chong","Pure profile URL","high","ISSN/eISSN","matched"
"uwa-finance-015","Paul Gerrans","Professor","E","determinants-of-seeking-advice-within-defined-contribution-retire","Determinants of seeking advice within defined contribution retirement savings schemes","2019","https://research-repository.uwa.edu.au/en/publications/determinants-of-seeking-advice-within-defined-contribution-retire/","10.1111/acfi.12397","Accounting and Finance","0810-5391","","A","3501","Paul Gerrans","Pure profile URL","high","ISSN/eISSN","matched"
"uwa-finance-003","Dirk Baur","Professor","E","from-financial-to-carbon-diversification-the-potential-of-physica","From financial to carbon diversification – The potential of physical gold","2019","https://research-repository.uwa.edu.au/en/publications/from-financial-to-carbon-diversification-the-potential-of-physica/","10.1016/j.eneco.2019.06.003","Energy Economics","0140-9883","","A*","3801","Dirk G. Baur","Pure profile URL","high","ISSN/eISSN","matched"
"uwa-finance-003","Dirk Baur","Professor","E","price-discovery-in-bitcoin-spot-or-futures","Price discovery in bitcoin spot or futures?","2019","https://research-repository.uwa.edu.au/en/publications/price-discovery-in-bitcoin-spot-or-futures/","10.1002/fut.22004","Journal of Futures Markets","0270-7314","","A","3502","Dirk G. Baur","Pure profile URL","high","ISSN/eISSN","matched"
"uwa-finance-007","Frank Liu","Associate Professor","D","private-debt-markets","Private debt markets","2019","https://research-repository.uwa.edu.au/en/publications/private-debt-markets/","","","","","","","Frank Liu","Pure profile URL","high","unmatched","unmatched"
"uwa-finance-015","Paul Gerrans","Professor","E","the-impact-of-undergraduate-personal-finance-education-on-individ","The impact of undergraduate personal finance education on individual financial literacy, attitudes and intentions","2019","https://research-repository.uwa.edu.au/en/publications/the-impact-of-undergraduate-personal-finance-education-on-individ/","10.1111/acfi.12247","Accounting and Finance","0810-5391","","A","3501","Paul Gerrans","Pure profile URL","high","ISSN/eISSN","matched"
"uwa-finance-007","Frank Liu","Associate Professor","D","the-returns-to-private-debt-primary-issuances-vs-secondary-acquis","The returns to private debt: primary issuances vs. secondary acquisitions","2019","https://research-repository.uwa.edu.au/en/publications/the-returns-to-private-debt-primary-issuances-vs-secondary-acquis/","10.1080/0015198X.2018.1547049","Financial Analysts Journal","0015-198X","","A","3502","Zhangxin Liu","Pure profile URL","high","ISSN/eISSN","matched"
"uwa-finance-020","Vincent Chong","Head of Department","","the-role-of-management-control-systems-in-managing-competing-inst","The Role of Management Control Systems in Managing Competing Institutional Logics: A Case Study of a Not-for-profit Organisation","2019","https://research-repository.uwa.edu.au/en/publications/the-role-of-management-control-systems-in-managing-competing-inst/","","","","","","","Vincent Chong","Pure profile URL","high","unmatched","unmatched"
"uwa-finance-003","Dirk Baur","Professor","E","think-again-volatility-asymmetry-and-volatility-persistence","Think again: Volatility asymmetry and volatility persistence","2019","https://research-repository.uwa.edu.au/en/publications/think-again-volatility-asymmetry-and-volatility-persistence/","10.1515/snde-2017-0020","Studies in Nonlinear Dynamics and Econometrics","1081-1826","","A","3802","Dirk G. Baur","Pure profile URL","high","ISSN/eISSN","matched"
"uwa-finance-015","Paul Gerrans","Professor","E","trusting-clients-financial-risk-tolerance-survey-scores","Trusting Clients' Financial Risk Tolerance Survey Scores","2019","https://research-repository.uwa.edu.au/en/publications/trusting-clients-financial-risk-tolerance-survey-scores/","10.1080/0015198X.2019.1575160","Financial Analysts Journal","0015-198X","","A","3502","Paul Gerrans","Pure profile URL","high","ISSN/eISSN","matched"
"uwa-finance-022","Yihui Lan","Senior Lecturer","C","understanding-alcohol-consumption-across-countries-2","Understanding Alcohol Consumption across Countries","2019","https://research-repository.uwa.edu.au/en/publications/understanding-alcohol-consumption-across-countries-2/","","","","","","","Yihui Lan","Pure profile URL","high","unmatched","unmatched"
"uwa-finance-016","Raymond Da Silva Rosa","Winthrop Professor","E","web-based-experimental-economics-software-how-do-they-compare-to-","Web-based experimental economics software: How do they compare to desirable features?","2019","https://research-repository.uwa.edu.au/en/publications/web-based-experimental-economics-software-how-do-they-compare-to-/","10.1016/j.jbef.2019.04.007","Journal of Behavioral and Experimental Finance","2214-6350","","A","3502","Raymond Da Silva Rosa","Pure profile URL","high","ISSN/eISSN","matched"
"uwa-finance-005","Elizabeth Ooi","Senior Lecturer","C","when-boards-use-related-parties-outsourcing-and-superannuation-fu","When boards use related parties: Outsourcing and superannuation fund performance","2019","https://research-repository.uwa.edu.au/en/publications/when-boards-use-related-parties-outsourcing-and-superannuation-fu/","10.1111/acfi.12379","Accounting & Finance","1467-629X","","A","3501","Elizabeth Ooi","Pure profile URL","high","ISSN/eISSN","matched"
"uwa-finance-015","Paul Gerrans","Professor","E","why-women-have-lower-retirement-savings-the-australian-case","Why Women Have Lower Retirement Savings: The Australian Case","2019","https://research-repository.uwa.edu.au/en/publications/why-women-have-lower-retirement-savings-the-australian-case/","10.1080/13545701.2018.1533250","Feminist Economics","1354-5701","","A","3801","Paul Gerrans","Pure profile URL","high","ISSN/eISSN","matched"
"uwa-finance-009","Joey Yang","Associate Professor","D","algorithmic-trading-and-mutual-fund-performance","Algorithmic Trading and Mutual Fund Performance","2018","https://research-repository.uwa.edu.au/en/publications/algorithmic-trading-and-mutual-fund-performance/","","","","","","","Joey Yang","Pure profile URL","high","unmatched","unmatched"
"uwa-finance-002","Daniel Cahill","Lecturer","B","another-bitcoin-copycat","Another Bitcoin Copycat","2018","https://research-repository.uwa.edu.au/en/publications/another-bitcoin-copycat/","","","","","","","Daniel Cahill","Pure profile URL","high","unmatched","unmatched"
"uwa-finance-007","Frank Liu","Associate Professor","D","another-bitcoin-copycat","Another Bitcoin Copycat","2018","https://research-repository.uwa.edu.au/en/publications/another-bitcoin-copycat/","","","","","","","Zhangxin Liu","Pure profile URL","high","unmatched","unmatched"
"uwa-finance-022","Yihui Lan","Senior Lecturer","C","asian-spot-prices-for-lng-and-other-energy-commodities","Asian spot prices for LNG and other energy commodities","2018","https://research-repository.uwa.edu.au/en/publications/asian-spot-prices-for-lng-and-other-energy-commodities/","10.5547/01956574.39.1.aali","Energy Journal","0195-6574","","A","3801","Yihui Lan","Pure profile URL","high","ISSN/eISSN","matched"
"uwa-finance-003","Dirk Baur","Professor","E","asymmetric-volatility-in-cryptocurrencies","Asymmetric volatility in cryptocurrencies","2018","https://research-repository.uwa.edu.au/en/publications/asymmetric-volatility-in-cryptocurrencies/","10.1016/j.econlet.2018.10.008","Economics Letters","0165-1765","","A","3801","Dirk G. Baur","Pure profile URL","high","ISSN/eISSN","matched"
"uwa-finance-003","Dirk Baur","Professor","E","automobile-manufacturers-electric-vehicles-and-the-price-of-oil","Automobile manufacturers, electric vehicles and the price of oil","2018","https://research-repository.uwa.edu.au/en/publications/automobile-manufacturers-electric-vehicles-and-the-price-of-oil/","10.1016/j.eneco.2018.05.034","Energy Economics","0140-9883","","A*","3801","Dirk G. Baur","Pure profile URL","high","ISSN/eISSN","matched"
"uwa-finance-003","Dirk Baur","Professor","E","bitcoin-gold-and-the-us-dollar-a-replication-and-extension","Bitcoin, gold and the US dollar - A replication and extension","2018","https://research-repository.uwa.edu.au/en/publications/bitcoin-gold-and-the-us-dollar-a-replication-and-extension/","10.1016/j.frl.2017.10.012","Finance Research Letters","1544-6123","","A","3502","Dirk G. Baur","Pure profile URL","high","ISSN/eISSN","matched"
"uwa-finance-003","Dirk Baur","Professor","E","bitcoin-medium-of-exchange-or-speculative-assets","Bitcoin: Medium of exchange or speculative assets?","2018","https://research-repository.uwa.edu.au/en/publications/bitcoin-medium-of-exchange-or-speculative-assets/","10.1016/j.intfin.2017.12.004","Journal of International Financial Markets, Institutions and Money","1042-4431","","A","3502","Dirk G. Baur","Pure profile URL","high","ISSN/eISSN","matched"
"uwa-finance-017","Rui Zhong","Associate Professor","D","equity-index-future-trading-and-stock-price-crash-risk-evidence-f","Equity index futures trading and stock price crash risk: Evidence from Chinese markets","2018","https://research-repository.uwa.edu.au/en/publications/equity-index-future-trading-and-stock-price-crash-risk-evidence-f/","10.1002/fut.21933","Journal of Futures Markets","0270-7314","","A","3502","Rui Zhong","Pure profile URL","high","ISSN/eISSN","matched"
"uwa-finance-005","Elizabeth Ooi","Senior Lecturer","C","financial-inclusion-and-consumer-empowerment-in-southeast-asia","Financial inclusion and consumer empowerment in Southeast Asia","2018","https://research-repository.uwa.edu.au/en/publications/financial-inclusion-and-consumer-empowerment-in-southeast-asia/","","","","","","","Elizabeth Ooi","Pure profile URL","high","unmatched","unmatched"
"uwa-finance-007","Frank Liu","Associate Professor","D","going-public-in-china-reverse-mergers-versus-ipos-on-chinese-mark","Going public in China: Reverse mergers versus IPOs on Chinese markets","2018","https://research-repository.uwa.edu.au/en/publications/going-public-in-china-reverse-mergers-versus-ipos-on-chinese-mark/","10.1093/oxfordhb/9780190614577.013.26","","","","","","Zhangxin Frank Liu","Pure profile URL","high","unmatched","unmatched"
"uwa-finance-002","Daniel Cahill","Lecturer","B","i-am-a-blockchain-too","I Am a Blockchain Too...","2018","https://research-repository.uwa.edu.au/en/publications/i-am-a-blockchain-too/","","","","","","","Daniel Cahill","Pure profile URL","high","unmatched","unmatched"
"uwa-finance-003","Dirk Baur","Professor","E","i-am-a-blockchain-too","I Am a Blockchain Too...","2018","https://research-repository.uwa.edu.au/en/publications/i-am-a-blockchain-too/","","","","","","","Dirk Baur","Pure profile URL","high","unmatched","unmatched"
"uwa-finance-007","Frank Liu","Associate Professor","D","i-am-a-blockchain-too","I Am a Blockchain Too...","2018","https://research-repository.uwa.edu.au/en/publications/i-am-a-blockchain-too/","","","","","","","Zhangxin Liu","Pure profile URL","high","unmatched","unmatched"
"uwa-finance-009","Joey Yang","Associate Professor","D","i-am-a-blockchain-too","I Am a Blockchain Too...","2018","https://research-repository.uwa.edu.au/en/publications/i-am-a-blockchain-too/","","","","","","","Wenling Yang","Pure profile URL","high","unmatched","unmatched"
"uwa-finance-015","Paul Gerrans","Professor","E","individual-and-peer-effects-in-retirement-savings-investment-choi","Individual and peer effects in retirement savings investment choices","2018","https://research-repository.uwa.edu.au/en/publications/individual-and-peer-effects-in-retirement-savings-investment-choi/","10.1016/j.pacfin.2017.11.001","Pacific Basin Finance Journal","0927-538X","","A","3502","Paul Gerrans","Pure profile URL","high","ISSN/eISSN","matched"
"uwa-finance-007","Frank Liu","Associate Professor","D","partial-moment-volatility-indices","Partial moment volatility indices","2018","https://research-repository.uwa.edu.au/en/publications/partial-moment-volatility-indices/","10.1111/acfi.12209","Accounting and Finance","0810-5391","","A","3501","Zhangxin (Frank) Liu","Pure profile URL","high","ISSN/eISSN","matched"
"uwa-finance-007","Frank Liu","Associate Professor","D","shadow-banking-in-asia-foreign-versus-domestic-lending-to-real-es","Shadow banking in Asia: Foreign versus domestic lending to real estate projects","2018","https://research-repository.uwa.edu.au/en/publications/shadow-banking-in-asia-foreign-versus-domestic-lending-to-real-es/","10.1016/j.ememar.2018.02.007","Emerging Markets Review","1566-0141","","A","3502","Zhangxin (Frank) Liu","Pure profile URL","high","ISSN/eISSN","matched"
"uwa-finance-002","Daniel Cahill","Lecturer","B","the-asymmetric-effect-of-implied-volatility-on-liquidity-provisio","The Asymmetric Effect of Implied Volatility on Liquidity Provision","2018","https://research-repository.uwa.edu.au/en/publications/the-asymmetric-effect-of-implied-volatility-on-liquidity-provisio/","10.2139/ssrn.2909722","","","","","","Daniel Cahill","Pure profile URL","high","unmatched","unmatched"
"uwa-finance-009","Joey Yang","Associate Professor","D","the-asymmetric-effect-of-implied-volatility-on-liquidity-provisio","The Asymmetric Effect of Implied Volatility on Liquidity Provision","2018","https://research-repository.uwa.edu.au/en/publications/the-asymmetric-effect-of-implied-volatility-on-liquidity-provisio/","10.2139/ssrn.2909722","","","","","","Wenling Yang","Pure profile URL","high","unmatched","unmatched"
"uwa-finance-003","Dirk Baur","Professor","E","the-asymmetric-return-volatility-relationship-of-commodity-prices","The asymmetric return-volatility relationship of commodity prices","2018","https://research-repository.uwa.edu.au/en/publications/the-asymmetric-return-volatility-relationship-of-commodity-prices/","10.1016/j.eneco.2018.10.022","Energy Economics","0140-9883","","A*","3801","Dirk G. Baur","Pure profile URL","high","ISSN/eISSN","matched"
"uwa-finance-020","Vincent Chong","Head of Department","","the-effect-of-feedback-assigned-goal-levels-and-compensation-sche","The effect of feedback, assigned goal levels and compensation schemes on task performance","2018","https://research-repository.uwa.edu.au/en/publications/the-effect-of-feedback-assigned-goal-levels-and-compensation-sche/","10.1108/ARA-09-2017-0142","Asian Review of Accounting","1321-7348","","B","3501","Vincent Chong","Pure profile URL","high","normalized journal title","matched"
"uwa-finance-020","Vincent Chong","Head of Department","","the-effect-of-mutual-monitoring-and-need-for-achievement-on-budge","The effect of mutual monitoring and need for achievement on budgetary slack in a team-based environment","2018","https://research-repository.uwa.edu.au/en/publications/the-effect-of-mutual-monitoring-and-need-for-achievement-on-budge/","10.1108/S1475-148820180000021001","","","","","","Vincent K. Chong","Pure profile URL","high","unmatched","unmatched"
"uwa-finance-020","Vincent Chong","Head of Department","","the-effect-of-performance-evaluation-schemes-on-predicted-transfe","The effect of performance evaluation schemes on predicted transfer prices: Do leadership tone and perceived fairness concerns matter?","2018","https://research-repository.uwa.edu.au/en/publications/the-effect-of-performance-evaluation-schemes-on-predicted-transfe/","10.1016/j.mar.2018.02.003","Management Accounting Research","1044-5005","","A*","3501","Vincent K. Chong","Pure profile URL","high","ISSN/eISSN","matched"
"uwa-finance-022","Yihui Lan","Senior Lecturer","C","uncertainty-in-currency-mispricing","Uncertainty in currency mispricing","2018","https://research-repository.uwa.edu.au/en/publications/uncertainty-in-currency-mispricing/","10.1080/00036846.2017.1394975","Applied Economics","0003-6846","","A","3801","Yihui Lan","Pure profile URL","high","ISSN/eISSN","matched"
"uwa-finance-023","Yuanji Wen","Senior Lecturer","C","voluntary-information-acquisition-in-an-asymmetric-information-ga","Voluntary information acquisition in an asymmetric-information game: Comparing learning theories in the laboratory","2018","https://research-repository.uwa.edu.au/en/publications/voluntary-information-acquisition-in-an-asymmetric-information-ga/","10.1016/j.jebo.2018.03.023","Journal of Economic Behavior & Organization","0167-2681","","A*","3801","Yuanji Wen","Pure profile URL","high","ISSN/eISSN","matched"
"uwa-finance-003","Dirk Baur","Professor","E","what-wikipedia-can-teach-us-about-blockchain-technology","What Wikipedia can teach us about blockchain technology","2018","https://research-repository.uwa.edu.au/en/publications/what-wikipedia-can-teach-us-about-blockchain-technology/","","The Conversation","2201-5639","","","","Dirk Baur","Pure profile URL","high","unmatched","unmatched"
"uwa-finance-002","Daniel Cahill","Lecturer","B","what-wikipedia-can-teach-us-about-blockchain-technology","What Wikipedia can teach us about blockchain technology","2018","https://research-repository.uwa.edu.au/en/publications/what-wikipedia-can-teach-us-about-blockchain-technology/","","The Conversation","2201-5639","","","","Daniel Cahill","Pure profile URL","high","unmatched","unmatched"
"uwa-finance-007","Frank Liu","Associate Professor","D","what-wikipedia-can-teach-us-about-blockchain-technology","What Wikipedia can teach us about blockchain technology","2018","https://research-repository.uwa.edu.au/en/publications/what-wikipedia-can-teach-us-about-blockchain-technology/","","The Conversation","2201-5639","","","","Zhangxin Liu","Pure profile URL","high","unmatched","unmatched"
"uwa-finance-003","Dirk Baur","Professor","E","bitcoin-time-of-day-day-of-week-and-month-of-year-effects-in-retu","Bitcoin Time-of-Day, Day-of-Week and Month-of-Year Effects in Returns and Trading Volume","2017","https://research-repository.uwa.edu.au/en/publications/bitcoin-time-of-day-day-of-week-and-month-of-year-effects-in-retu/","","","","","","","Dirk Baur","Pure profile URL","high","unmatched","unmatched"
"uwa-finance-002","Daniel Cahill","Lecturer","B","bitcoin-time-of-day-day-of-week-and-month-of-year-effects-in-retu","Bitcoin Time-of-Day, Day-of-Week and Month-of-Year Effects in Returns and Trading Volume","2017","https://research-repository.uwa.edu.au/en/publications/bitcoin-time-of-day-day-of-week-and-month-of-year-effects-in-retu/","","","","","","","Daniel Cahill","Pure profile URL","high","unmatched","unmatched"
"uwa-finance-007","Frank Liu","Associate Professor","D","bitcoin-time-of-day-day-of-week-and-month-of-year-effects-in-retu","Bitcoin Time-of-Day, Day-of-Week and Month-of-Year Effects in Returns and Trading Volume","2017","https://research-repository.uwa.edu.au/en/publications/bitcoin-time-of-day-day-of-week-and-month-of-year-effects-in-retu/","","","","","","","Zhangxin Liu","Pure profile URL","high","unmatched","unmatched"
"uwa-finance-003","Dirk Baur","Professor","E","bubbles-in-the-australian-housing-market","Bubbles in the Australian housing market","2017","https://research-repository.uwa.edu.au/en/publications/bubbles-in-the-australian-housing-market/","10.1016/j.pacfin.2017.06.001","Pacific Basin Finance Journal","0927-538X","","A","3502","Dirk G. Baur","Pure profile URL","high","ISSN/eISSN","matched"
"uwa-finance-020","Vincent Chong","Head of Department","","effect-of-transformational-leadership-style-and-management-contro","Effect of transformational-leadership style and management control system on managerial performance","2017","https://research-repository.uwa.edu.au/en/publications/effect-of-transformational-leadership-style-and-management-contro/","10.1016/j.jbusres.2016.08.018","Journal of Business Research","0148-2963","","A","3506","Vincent K. Chong","Pure profile URL","high","ISSN/eISSN","matched"
"uwa-finance-020","Vincent Chong","Head of Department","","effects-of-auditors-ethical-orientation-and-self-interest-indepen","Effects of Auditors' Ethical Orientation and Self-Interest Independence Threat on the Mediating Role of Moral Intensity and Ethical Decision-Making Process","2017","https://research-repository.uwa.edu.au/en/publications/effects-of-auditors-ethical-orientation-and-self-interest-indepen/","10.1111/ijau.12080","International Journal of Auditing","1090-6738","","A","3501","Vincent K. Chong","Pure profile URL","high","ISSN/eISSN","matched"
"uwa-finance-015","Paul Gerrans","Professor","E","financial-adviser-anxiety-financial-literacy-and-financial-advice","Financial Adviser Anxiety, Financial Literacy, and Financial Advice Seeking","2017","https://research-repository.uwa.edu.au/en/publications/financial-adviser-anxiety-financial-literacy-and-financial-advice/","10.1111/joca.12120","Journal of Consumer Affairs","0022-0078","","A","3506","Paul Gerrans","Pure profile URL","high","ISSN/eISSN","matched"
"uwa-finance-007","Frank Liu","Associate Professor","D","financial-constraints-and-investment-thirst-in-chinese-reverse-me","Financial constraints and investment thirst in Chinese reverse merger companies","2017","https://research-repository.uwa.edu.au/en/publications/financial-constraints-and-investment-thirst-in-chinese-reverse-me/","10.1111/acfi.12324","Accounting and Finance","0810-5391","","A","3501","Zhangxin Frank Liu","Pure profile URL","high","ISSN/eISSN","matched"
"uwa-finance-005","Elizabeth Ooi","Senior Lecturer","C","financial-education-for-micro-small-and-medium-sized-enterprises-","Financial education for micro, small and medium-sized enterprises in Asia","2017","https://research-repository.uwa.edu.au/en/publications/financial-education-for-micro-small-and-medium-sized-enterprises-/","","","","","","","Elizabeth Ooi","Pure profile URL","high","unmatched","unmatched"
"uwa-finance-007","Frank Liu","Associate Professor","D","fund-volatility-index-using-equity-market-state-prices","Fund Volatility Index using equity market state prices","2017","https://research-repository.uwa.edu.au/en/publications/fund-volatility-index-using-equity-market-state-prices/","10.1111/acfi.12177","Accounting and Finance","0810-5391","","A","3501","Frank Liu","Pure profile URL","high","ISSN/eISSN","matched"
"uwa-finance-007","Frank Liu","Associate Professor","D","hitting-skew-for-six","Hitting SKEW for SIX","2017","https://research-repository.uwa.edu.au/en/publications/hitting-skew-for-six/","10.1016/j.econmod.2017.02.026","Economic Modelling","0264-9993","","A","3801","Zhangxin Liu","Pure profile URL","high","ISSN/eISSN","matched"
"uwa-finance-002","Daniel Cahill","Lecturer","B","media-sentiment-and-trading-strategies-of-different-types-of-trad","Media sentiment and trading strategies of different types of traders","2017","https://research-repository.uwa.edu.au/en/publications/media-sentiment-and-trading-strategies-of-different-types-of-trad/","10.1016/j.pacfin.2017.07.001","Pacific Basin Finance Journal","0927-538X","","A","3502","Daniel Cahill","Pure profile URL","high","ISSN/eISSN","matched"
"uwa-finance-009","Joey Yang","Associate Professor","D","media-sentiment-and-trading-strategies-of-different-types-of-trad","Media sentiment and trading strategies of different types of traders","2017","https://research-repository.uwa.edu.au/en/publications/media-sentiment-and-trading-strategies-of-different-types-of-trad/","10.1016/j.pacfin.2017.07.001","Pacific Basin Finance Journal","0927-538X","","A","3502","Joey W. Yang","Pure profile URL","high","ISSN/eISSN","matched"
"uwa-finance-020","Vincent Chong","Head of Department","","participative-budgeting-the-effects-of-budget-emphasis-informatio","Participative Budgeting: The Effects of Budget Emphasis, Information Asymmetry, and Procedural Justice on Slack - Additional Evidence","2017","https://research-repository.uwa.edu.au/en/publications/participative-budgeting-the-effects-of-budget-emphasis-informatio/","","Asia-Pacific Management Accounting Journal","1675-3194","","C","3501","Vincent K. Chong","Pure profile URL","high","ISSN/eISSN","matched"
"uwa-finance-007","Frank Liu","Associate Professor","D","state-preference-pricing-and-volatility-indices","State-preference pricing and volatility indices","2017","https://research-repository.uwa.edu.au/en/publications/state-preference-pricing-and-volatility-indices/","10.1111/acfi.12170","Accounting and Finance","0810-5391","","A","3501","Frank Liu","Pure profile URL","high","ISSN/eISSN","matched"
"uwa-finance-010","Kam Chan","Associate Professor","D","systematic-cojumps-market-component-portfolios-and-scheduled-macr-2","Systematic cojumps, market component portfolios and scheduled macroeconomic announcements","2017","https://research-repository.uwa.edu.au/en/publications/systematic-cojumps-market-component-portfolios-and-scheduled-macr-2/","","","","","","","Kam Chan","Pure profile URL","high","unmatched","unmatched"
"uwa-finance-020","Vincent Chong","Head of Department","","the-effect-of-organizational-ethical-climate-and-peer-monitoring-","The Effect of Organizational Ethical Climate and Peer Monitoring Control System on Budgetary Slack: An Experimental Study","2017","https://research-repository.uwa.edu.au/en/publications/the-effect-of-organizational-ethical-climate-and-peer-monitoring-/","","Asia-Pacific Management Accounting Journal","1675-3194","","C","3501","Vincent Chong","Pure profile URL","high","ISSN/eISSN","matched"
"uwa-finance-023","Yuanji Wen","Senior Lecturer","C","the-high-volume-return-premium-does-it-exist-in-the-chinese-stock","The high-volume return premium: Does it exist in the Chinese stock market?","2017","https://research-repository.uwa.edu.au/en/publications/the-high-volume-return-premium-does-it-exist-in-the-chinese-stock/","","Pacific-Basin Finance Journal","0927-538X","","A","3502","Yuanji Wen","Pure profile URL","high","ISSN/eISSN","matched"
"uwa-finance-003","Dirk Baur","Professor","E","a-melting-pot-gold-price-forecasts-under-model-and-parameter-unce","A melting pot — Gold price forecasts under model and parameter uncertainty","2016","https://research-repository.uwa.edu.au/en/publications/a-melting-pot-gold-price-forecasts-under-model-and-parameter-unce/","10.1016/j.irfa.2016.10.010","International Review of Financial Analysis","1057-5219","","A","3502","Dirk Baur","Pure profile URL","high","ISSN/eISSN","matched"
"uwa-finance-007","Frank Liu","Associate Professor","D","a-state-price-volatility-index-for-chinas-stock-market","A State-Price Volatility index for China's stock market","2016","https://research-repository.uwa.edu.au/en/publications/a-state-price-volatility-index-for-chinas-stock-market/","10.1111/acfi.12124","Accounting and Finance","0810-5391","","A","3501","Frank Liu","Pure profile URL","high","ISSN/eISSN","matched"
"uwa-finance-014","Mosharraf Hossain","Lecturer","B","a-study-of-acquiring-firm-returns-around-merger-and-acquisition-m","A study of acquiring firm returns around merger and acquisition (M&A)announcements with a focus on multiple acquisitions and director trading","2016","https://research-repository.uwa.edu.au/en/publications/a-study-of-acquiring-firm-returns-around-merger-and-acquisition-m/","","","","","","","Md Mosharraf Hossain","Pure profile URL","high","unmatched","unmatched"
"uwa-finance-022","Yihui Lan","Senior Lecturer","C","australian-firm-characteristics-and-the-cross-section-variation-i","Australian firm characteristics and the cross-section variation in equity returns","2016","https://research-repository.uwa.edu.au/en/publications/australian-firm-characteristics-and-the-cross-section-variation-i/","10.1016/j.pacfin.2016.03.001","Pacific Basin Finance Journal","0927-538X","","A","3502","Yihui Lan","Pure profile URL","high","ISSN/eISSN","matched"
"uwa-finance-016","Raymond Da Silva Rosa","Winthrop Professor","E","comments-on-shan-and-walter-towards-a-set-of-design-principles-fo","Comments on Shan and Walter: ‘Towards a Set of Design Principles for Executive Compensation Contracts’","2016","https://research-repository.uwa.edu.au/en/publications/comments-on-shan-and-walter-towards-a-set-of-design-principles-fo/","10.1111/abac.12091","Abacus","0001-3072","","A","3501","Raymond da Silva Rosa","Pure profile URL","high","ISSN/eISSN","matched"
"uwa-finance-023","Yuanji Wen","Senior Lecturer","C","does-regret-matter-in-first-price-auctions","Does regret matter in first-price auctions?","2016","https://research-repository.uwa.edu.au/en/publications/does-regret-matter-in-first-price-auctions/","10.1016/j.econlet.2016.03.021","Economics Letters","0165-1765","","A","3801","Yuanji Wen","Pure profile URL","high","ISSN/eISSN","matched"
"uwa-finance-003","Dirk Baur","Professor","E","googling-gold-and-mining-bad-news","Googling gold and mining bad news","2016","https://research-repository.uwa.edu.au/en/publications/googling-gold-and-mining-bad-news/","10.1016/j.resourpol.2016.10.013","Resources Policy","0301-4207","","B","3801","Dirk Baur","Pure profile URL","high","ISSN/eISSN","matched"
"uwa-finance-016","Raymond Da Silva Rosa","Winthrop Professor","E","identity-construction-through-role-and-network-position","Identity construction through role and network position","2016","https://research-repository.uwa.edu.au/en/publications/identity-construction-through-role-and-network-position/","10.1016/j.indmarman.2015.07.004","Industrial Marketing Management","0019-8501","","A*","3506","Raymond Da Silva Rosa","Pure profile URL","high","ISSN/eISSN","matched"
"uwa-finance-015","Paul Gerrans","Professor","E","investment-strategy-on-retirement-savings-an-analysis-of-the-expe","Investment Strategy On Retirement Savings: An analysis of the experience of fund members","2016","https://research-repository.uwa.edu.au/en/publications/investment-strategy-on-retirement-savings-an-analysis-of-the-expe/","","JASSA: JOURNAL OF THE AUSTRALIAN SOCIETY OF SECURITY ANALYSTS","0313-5934","","B","3502","Paul Gerrans","Pure profile URL","high","ISSN/eISSN","matched"
"uwa-finance-009","Joey Yang","Associate Professor","D","liquidation-discount-a-novel-application-of-arfima-garch","Liquidation discount-a novel application of ARFIMA-GARCH","2016","https://research-repository.uwa.edu.au/en/publications/liquidation-discount-a-novel-application-of-arfima-garch/","10.1016/j.jempfin.2016.01.012","Journal of Empirical Finance","0927-5398","","A","3502","Joey Yang","Pure profile URL","high","ISSN/eISSN","matched"
"uwa-finance-007","Frank Liu","Associate Professor","D","model-free-risk-neutral-moments-and-proxies","Model-Free Risk-Neutral Moments and Proxies","2016","https://research-repository.uwa.edu.au/en/publications/model-free-risk-neutral-moments-and-proxies/","","","","","","","Zhangxin Liu","Pure profile URL","high","unmatched","unmatched"
"uwa-finance-015","Paul Gerrans","Professor","E","patterns-of-voluntary-contributions-to-superannuation-a-longitudi","Patterns Of Voluntary Contributions To Superannuation: A longitudinal analysis","2016","https://research-repository.uwa.edu.au/en/publications/patterns-of-voluntary-contributions-to-superannuation-a-longitudi/","","JASSA: JOURNAL OF THE AUSTRALIAN SOCIETY OF SECURITY ANALYSTS","0313-5934","","B","3502","Paul Gerrans","Pure profile URL","high","ISSN/eISSN","matched"
"uwa-finance-015","Paul Gerrans","Professor","E","perceptions-of-retirement-savings-relative-to-peers","Perceptions of Retirement Savings Relative to Peers","2016","https://research-repository.uwa.edu.au/en/publications/perceptions-of-retirement-savings-relative-to-peers/","10.1093/workar/wav019","WORK AGING AND RETIREMENT","2054-4642","","B","3505","Paul Gerrans","Pure profile URL","high","ISSN/eISSN","matched"
"uwa-finance-009","Joey Yang","Associate Professor","D","pinning-down-an-effective-measure-for-probability-of-informed-tra","Pinning down an effective measure for probability of informed trading","2016","https://research-repository.uwa.edu.au/en/publications/pinning-down-an-effective-measure-for-probability-of-informed-tra/","10.1016/j.pacfin.2016.06.006","Pacific-Basin Finance Journal","0927-538X","","A","3502","Joey Yang","Pure profile URL","high","ISSN/eISSN","matched"
"uwa-finance-007","Frank Liu","Associate Professor","D","tail-risk-hedging-for-mutual-funds-using-equity-market-state-pric","Tail risk hedging for mutual funds using equity market state prices","2016","https://research-repository.uwa.edu.au/en/publications/tail-risk-hedging-for-mutual-funds-using-equity-market-state-pric/","10.1177/0312896215615170","Australian Journal of Management","0312-8962","","A","3502","Zhangxin (Frank) Liu","Pure profile URL","high","ISSN/eISSN","matched"
"uwa-finance-003","Dirk Baur","Professor","E","the-contradiction-between-the-time-value-of-money-and-sustainabil","The Contradiction between the Time Value of Money and Sustainability","2016","https://research-repository.uwa.edu.au/en/publications/the-contradiction-between-the-time-value-of-money-and-sustainabil/","10.1108/S2043-905920160000011004","","","","","","Dirk Baur","Pure profile URL","high","unmatched","unmatched"
"uwa-finance-020","Vincent Chong","Head of Department","","the-effect-of-a-budget-based-incentive-compensation-scheme-on-job","The effect of a budget-based incentive compensation scheme on job performance: The mediating role of trust-in-supervisor and organizational commitment","2016","https://research-repository.uwa.edu.au/en/publications/the-effect-of-a-budget-based-incentive-compensation-scheme-on-job/","10.1108/JAOC-02-2015-0024","Journal of Accounting and Organizational Change","1832-5912","","B","3501","Vincent Chong","Pure profile URL","high","ISSN/eISSN","matched"
"uwa-finance-009","Joey Yang","Associate Professor","D","the-evolution-of-informed-liquidity-provision-evidence-from-an-or","The evolution of informed liquidity provision: evidence from an order-driven market","2016","https://research-repository.uwa.edu.au/en/publications/the-evolution-of-informed-liquidity-provision-evidence-from-an-or/","10.1111/eufm.12082","European Financial Management","1354-7798","","A","3502","Joey Yang","Pure profile URL","high","ISSN/eISSN","matched"
"uwa-finance-005","Elizabeth Ooi","Senior Lecturer","C","the-relationship-between-screening-intensity-and-performance-of-s","The Relationship between Screening Intensity and Performance of Socially Responsible Investment Funds","2016","https://research-repository.uwa.edu.au/en/publications/the-relationship-between-screening-intensity-and-performance-of-s/","","","","","","","Elizabeth Ooi","Pure profile URL","high","unmatched","unmatched"
"uwa-finance-022","Yihui Lan","Senior Lecturer","C","uncertainty-in-currency-mispricing-2","Uncertainty in Currency Mispricing","2016","https://research-repository.uwa.edu.au/en/publications/uncertainty-in-currency-mispricing-2/","","","","","","","Yihui Lan","Pure profile URL","high","unmatched","unmatched"
"uwa-finance-003","Dirk Baur","Professor","E","why-is-gold-a-safe-haven","Why is gold a safe haven?","2016","https://research-repository.uwa.edu.au/en/publications/why-is-gold-a-safe-haven/","10.1016/j.jbef.2016.03.002","Journal of Behavioral and Experimental Finance","2214-6350","","A","3502","Dirk Baur","Pure profile URL","high","ISSN/eISSN","matched"
"uwa-finance-015","Paul Gerrans","Professor","E","a-mediating-role-for-anticipated-regret-in-predicting-retirement-","A mediating role for anticipated regret in predicting retirement savings intention between groups with (without) past behaviour","2015","https://research-repository.uwa.edu.au/en/publications/a-mediating-role-for-anticipated-regret-in-predicting-retirement-/","10.1111/ajpy.12070","Australian Journal of Psychology","0004-9530","","","","Paul Gerrans","Pure profile URL","high","unmatched","unmatched"
"uwa-finance-015","Paul Gerrans","Professor","E","active-and-adjusted-investigating-the-contribution-of-leisure-hea","Active and Adjusted: Investigating the Contribution of Leisure, Health and Psychosocial Factors to Retirement Adjustment","2015","https://research-repository.uwa.edu.au/en/publications/active-and-adjusted-investigating-the-contribution-of-leisure-hea/","10.1080/01490400.2015.1021881","Leisure Sciences","0149-0400","","A","3504","Paul Gerrans","Pure profile URL","high","ISSN/eISSN","matched"
"uwa-finance-013","Lee Smales","Professor","E","asymmetric-volatility-response-to-news-sentiment-in-gold-futures","Asymmetric volatility response to news sentiment in gold futures","2015","https://research-repository.uwa.edu.au/en/publications/asymmetric-volatility-response-to-news-sentiment-in-gold-futures/","10.1016/j.intfin.2014.11.001","Journal of International Financial Markets, Institutions and Money","1042-4431","","A","3502","Lee A. Smales","Pure profile URL","high","ISSN/eISSN","matched"
"uwa-finance-016","Raymond Da Silva Rosa","Winthrop Professor","E","evaluating-creeping-acquisitions","Evaluating Creeping Acquisitions","2015","https://research-repository.uwa.edu.au/en/publications/evaluating-creeping-acquisitions/","","The Sydney Law Review","0082-0512","","A*","4801","Raymond Da Silva Rosa","Pure profile URL","high","ISSN/eISSN","matched"
"uwa-finance-015","Paul Gerrans","Professor","E","financial-literacy-financial-judgement-and-retirement-self-effica","Financial literacy, financial judgement, and retirement self-efficacy of older trustees of self-managed superannuation funds","2015","https://research-repository.uwa.edu.au/en/publications/financial-literacy-financial-judgement-and-retirement-self-effica/","10.1177/0312896215572155","Australian Journal of Management","0312-8962","","A","3502","Paul Gerrans","Pure profile URL","high","ISSN/eISSN","matched"
"uwa-finance-015","Paul Gerrans","Professor","E","individual-financial-risk-tolerance-and-the-global-financial-cris","Individual financial risk tolerance and the global financial crisis","2015","https://research-repository.uwa.edu.au/en/publications/individual-financial-risk-tolerance-and-the-global-financial-cris/","10.1111/acfi.12053","Accounting and Finance","0810-5391","","A","3501","Paul Gerrans","Pure profile URL","high","ISSN/eISSN","matched"
"uwa-finance-003","Dirk Baur","Professor","E","predicting-the-equity-premium-with-the-demand-for-gold-coins-and-","Predicting the equity premium with the demand for gold coins and bars","2015","https://research-repository.uwa.edu.au/en/publications/predicting-the-equity-premium-with-the-demand-for-gold-coins-and-/","10.1016/j.frl.2015.01.007","Finance Research Letters","1544-6123","","A","3502","Dirk Baur","Pure profile URL","high","ISSN/eISSN","matched"
"uwa-finance-015","Paul Gerrans","Professor","E","retirement-savings-investment-decisions-evidence-from-malaysia","Retirement savings investment decisions: evidence from Malaysia","2015","https://research-repository.uwa.edu.au/en/publications/retirement-savings-investment-decisions-evidence-from-malaysia/","10.1080/13547860.2015.1045324","Journal of the Asia Pacific Economy","1354-7860","","B","3801","Paul Gerrans","Pure profile URL","high","ISSN/eISSN","matched"
"uwa-finance-003","Dirk Baur","Professor","E","speculative-trading-in-the-gold-market","Speculative trading in the gold market","2015","https://research-repository.uwa.edu.au/en/publications/speculative-trading-in-the-gold-market/","10.1016/j.irfa.2015.02.004","International Review of Financial Analysis","1057-5219","","A","3502","Dirk Baur","Pure profile URL","high","ISSN/eISSN","matched"
"uwa-finance-020","Vincent Chong","Head of Department","","the-effect-of-a-leaders-reputation-on-budgetary-slack","The Effect of a Leader's Reputation on Budgetary Slack","2015","https://research-repository.uwa.edu.au/en/publications/the-effect-of-a-leaders-reputation-on-budgetary-slack/","10.1108/S1474-787120150000025003","Advances in Management Accounting","1474-7871","","A","3501","Vincent Chong","Pure profile URL","high","ISSN/eISSN","matched"
"uwa-finance-003","Dirk Baur","Professor","E","the-financial-economics-of-gold-a-survey","The financial economics of gold – A survey","2015","https://research-repository.uwa.edu.au/en/publications/the-financial-economics-of-gold-a-survey/","10.1016/j.irfa.2015.07.005","International Review of Financial Analysis","1057-5219","","A","3502","Dirk Baur","Pure profile URL","high","ISSN/eISSN","matched"
"uwa-finance-016","Raymond Da Silva Rosa","Winthrop Professor","E","to-scheme-or-bid-choice-of-takeover-method-and-impact-on-premium","To scheme or bid? Choice of takeover method and impact on premium","2015","https://research-repository.uwa.edu.au/en/publications/to-scheme-or-bid-choice-of-takeover-method-and-impact-on-premium/","10.1177/0312896214565120","Australian Journal of Management","0312-8962","","A","3502","Raymond da Silva Rosa","Pure profile URL","high","ISSN/eISSN","matched"
"uwa-finance-010","Kam Chan","Associate Professor","D","currency-jumps-and-crises-do-developed-and-emerging-market-curren","Currency jumps and crises: Do developed and emerging market currencies jump together?","2014","https://research-repository.uwa.edu.au/en/publications/currency-jumps-and-crises-do-developed-and-emerging-market-curren/","10.1016/j.pacfin.2014.08.001","Pacific Basin Finance Journal","0927-538X","","A","3502","Kam Fong Chan","Pure profile URL","high","ISSN/eISSN","matched"
"uwa-finance-015","Paul Gerrans","Professor","E","does-the-cognitive-reflection-test-measure-cognitive-reflection-a","Does the cognitive reflection test measure cognitive reflection? A mathematical modeling approach","2014","https://research-repository.uwa.edu.au/en/publications/does-the-cognitive-reflection-test-measure-cognitive-reflection-a/","10.3758/s13421-013-0367-9","Memory and Cognition","0090-502X","","","","Paul Gerrans","Pure profile URL","high","unmatched","unmatched"
"uwa-finance-003","Dirk Baur","Professor","E","gold-mining-companies-and-the-price-of-gold","Gold mining companies and the price of gold","2014","https://research-repository.uwa.edu.au/en/publications/gold-mining-companies-and-the-price-of-gold/","10.1016/j.rfe.2014.07.001","Review of Financial Economics","1058-3300","","B","3502","Dirk Baur","Pure profile URL","high","ISSN/eISSN","matched"
"uwa-finance-003","Dirk Baur","Professor","E","heterogeneous-expectations-in-the-gold-market-specification-and-e","Heterogeneous expectations in the gold market: Specification and estimation","2014","https://research-repository.uwa.edu.au/en/publications/heterogeneous-expectations-in-the-gold-market-specification-and-e/","10.1016/j.jedc.2014.01.001","Journal of Economic Dynamics and Control","0165-1889","","A*","3801","Dirk Baur","Pure profile URL","high","ISSN/eISSN","matched"
"uwa-finance-015","Paul Gerrans","Professor","E","individual-investor-portfolio-performance-in-retirement-savings-a","Individual investor portfolio performance in retirement savings accounts","2014","https://research-repository.uwa.edu.au/en/publications/individual-investor-portfolio-performance-in-retirement-savings-a/","10.1177/0312896214528187","Australian Journal of Management","0312-8962","","A","3502","Paul Gerrans","Pure profile URL","high","ISSN/eISSN","matched"
"uwa-finance-003","Dirk Baur","Professor","E","no-puzzle-the-foreign-exchange-exposure-of-australian-firms","No puzzle: The foreign exchange exposure of Australian firms","2014","https://research-repository.uwa.edu.au/en/publications/no-puzzle-the-foreign-exchange-exposure-of-australian-firms/","10.1016/j.irfa.2013.12.007","International Review of Financial Analysis","1057-5219","","A","3502","Dirk Baur","Pure profile URL","high","ISSN/eISSN","matched"
"uwa-finance-015","Paul Gerrans","Professor","E","retirement-savings-investment-choices-sophisticated-or-naive","Retirement savings investment choices: Sophisticated or naive?","2014","https://research-repository.uwa.edu.au/en/publications/retirement-savings-investment-choices-sophisticated-or-naive/","10.1016/j.pacfin.2014.10.005","Pacific Basin Finance Journal","0927-538X","","A","3502","Paul Gerrans","Pure profile URL","high","ISSN/eISSN","matched"
"uwa-finance-020","Vincent Chong","Head of Department","","the-impact-of-sole-and-joint-responsibility-on-managers-escalatio","The Impact Of Sole And Joint Responsibility On Managers’ Escalation Of Commitment To Unprofitable Projects: An Experimental Investigation","2014","https://research-repository.uwa.edu.au/en/publications/the-impact-of-sole-and-joint-responsibility-on-managers-escalatio/","10.1108/S1475-148820140000017000","Advances in Accounting Behavioral Research","1475-1488","","A","3501","Vincent Chong","Pure profile URL","high","ISSN/eISSN","matched"
"uwa-finance-020","Vincent Chong","Head of Department","","the-impact-of-the-antecedents-and-consequences-of-job-burnout-on-","The impact of the antecedents and consequences of job burnout on junior accountants’ turnover intentions: a structural equation modelling approach","2014","https://research-repository.uwa.edu.au/en/publications/the-impact-of-the-antecedents-and-consequences-of-job-burnout-on-/","10.1111/acfi.12049","Accounting and Finance","0810-5391","","A","3501","Vincent Chong","Pure profile URL","high","ISSN/eISSN","matched"
"uwa-finance-003","Dirk Baur","Professor","E","the-long-run-relationship-of-gold-and-silver-and-the-influence-of","The long-run relationship of gold and silver and the influence of bubbles and financial crises","2014","https://research-repository.uwa.edu.au/en/publications/the-long-run-relationship-of-gold-and-silver-and-the-influence-of/","10.1007/s00181-013-0787-1","Empirical Economics","0377-7332","","A","3801","Dirk Baur","Pure profile URL","high","ISSN/eISSN","matched"
"uwa-finance-009","Joey Yang","Associate Professor","D","the-microstructure-of-fear-the-fama-french-factors-and-the-global","The microstructure of fear, the Fama-French factors and the global financial crisis of 2007 and 2008","2014","https://research-repository.uwa.edu.au/en/publications/the-microstructure-of-fear-the-fama-french-factors-and-the-global/","10.1016/j.gfj.2014.10.001","Global Finance Journal","1044-0283","","A","3502","Joey Yang","Pure profile URL","high","ISSN/eISSN","matched"
"uwa-finance-015","Paul Gerrans","Professor","E","the-relationship-between-personal-financial-wellness-and-financia","The Relationship Between Personal Financial Wellness and Financial Wellbeing: A Structural Equation Modelling Approach","2014","https://research-repository.uwa.edu.au/en/publications/the-relationship-between-personal-financial-wellness-and-financia/","10.1007/s10834-013-9358-z","Journal of Family and Economic Issues","1058-0476","","B","3899","Paul Gerrans","Pure profile URL","high","ISSN/eISSN","matched"
"uwa-finance-009","Joey Yang","Associate Professor","D","yet-another-acd-model-the-autoregressive-conditional-directional-","Yet another ACD model: the autoregressive conditional directional duration (ACDD) model","2014","https://research-repository.uwa.edu.au/en/publications/yet-another-acd-model-the-autoregressive-conditional-directional-/","10.1142/S2010495214500043","Annals of Financial Economics","2010-4952","","","","Joey Yang","Pure profile URL","high","unmatched","unmatched"
"uwa-finance-015","Paul Gerrans","Professor","E","decision-making-clusters-in-retirement-savings-gender-differences","Decision Making Clusters in Retirement Savings: Gender Differences Dominate","2013","https://research-repository.uwa.edu.au/en/publications/decision-making-clusters-in-retirement-savings-gender-differences/","10.1007/s10834-012-9334-z","Journal of Family and Economic Issues","1058-0476","","B","3899","Paul Gerrans","Pure profile URL","high","ISSN/eISSN","matched"
"uwa-finance-010","Kam Chan","Associate Professor","D","modeling-the-time-series-evolution-of-the-credit-default-swap-ind","Modeling the time-series evolution of the credit default swap indices","2013","https://research-repository.uwa.edu.au/en/publications/modeling-the-time-series-evolution-of-the-credit-default-swap-ind/","","La Revue du Financier","","","","","Kam Chan","Pure profile URL","high","unmatched","unmatched"
"uwa-finance-015","Paul Gerrans","Professor","E","pension-plan-participant-choice-evidence-on-defined-benefit-and-d","Pension plan participant choice: Evidence on defined benefit and defined contribution preferences","2013","https://research-repository.uwa.edu.au/en/publications/pension-plan-participant-choice-evidence-on-defined-benefit-and-d/","10.1017/S1474747213000061","Journal of Pension Economics and Finance","1474-7472","","B","3801","Paul Gerrans","Pure profile URL","high","ISSN/eISSN","matched"
"uwa-finance-003","Dirk Baur","Professor","E","the-autumn-effect-of-gold","The autumn effect of gold","2013","https://research-repository.uwa.edu.au/en/publications/the-autumn-effect-of-gold/","10.1016/j.ribaf.2012.05.001","Research in International Business and Finance","0275-5319","","A","3502","Dirk Baur","Pure profile URL","high","ISSN/eISSN","matched"
"uwa-finance-003","Dirk Baur","Professor","E","the-structure-and-degree-of-dependence-a-quantile-regression-appr","The structure and degree of dependence: A quantile regression approach","2013","https://research-repository.uwa.edu.au/en/publications/the-structure-and-degree-of-dependence-a-quantile-regression-appr/","10.1016/j.jbankfin.2012.10.015","Journal of Banking and Finance","0378-4266","","A*","3502","Dirk Baur","Pure profile URL","high","ISSN/eISSN","matched"
"uwa-finance-005","Elizabeth Ooi","Senior Lecturer","C","virtue-remains-after-removing-sin-finding-skill-amongst-socially-","Virtue Remains After Removing Sin: Finding Skill Amongst Socially Responsible Investment Managers","2013","https://research-repository.uwa.edu.au/en/publications/virtue-remains-after-removing-sin-finding-skill-amongst-socially-/","10.1007/s10551-012-1290-x","Journal of Business Ethics","0167-4544","","A","3507","Elizabeth Ooi","Pure profile URL","high","ISSN/eISSN","matched"
"uwa-finance-022","Yihui Lan","Senior Lecturer","C","volatility-and-stock-price-indexes","Volatility and stock price indexes","2013","https://research-repository.uwa.edu.au/en/publications/volatility-and-stock-price-indexes/","10.1080/00036846.2012.703315","Applied Economics","0003-6846","","A","3801","Yihui Lan","Pure profile URL","high","ISSN/eISSN","matched"
"uwa-finance-020","Vincent Chong","Head of Department","","an-experimental-investigation-on-the-effect-of-feedback-control-p","An Experimental Investigation on the Effect of Feedback Control Policy and Need for Achievement on Submordaintes' Budgetary Slack Creation","2012","https://research-repository.uwa.edu.au/en/publications/an-experimental-investigation-on-the-effect-of-feedback-control-p/","","Asia-Pacific Management Accounting Journal","1675-3194","","C","3501","Vincent Chong","Pure profile URL","high","ISSN/eISSN","matched"
"uwa-finance-003","Dirk Baur","Professor","E","asymmetric-volatility-in-the-gold-market","Asymmetric Volatility in the Gold Market","2012","https://research-repository.uwa.edu.au/en/publications/asymmetric-volatility-in-the-gold-market/","10.3905/jai.2012.14.4.026","Journal of Alternative Investments","1520-3255","","B","3502","Dirk Baur","Pure profile URL","high","ISSN/eISSN","matched"
"uwa-finance-016","Raymond Da Silva Rosa","Winthrop Professor","E","ceo-compensation-from-mampas-in-australia","CEO Compensation from M&As in Australia","2012","https://research-repository.uwa.edu.au/en/publications/ceo-compensation-from-mampas-in-australia/","10.1111/j.1468-5957.2012.02299.x","Journal of Business Finance and Accounting","0306-686X","","A*","3501","Raymond Da Silva Rosa","Pure profile URL","high","ISSN/eISSN","matched"
"uwa-finance-003","Dirk Baur","Professor","E","financial-contagion-and-the-real-economy","Financial contagion and the real economy","2012","https://research-repository.uwa.edu.au/en/publications/financial-contagion-and-the-real-economy/","10.1016/j.jbankfin.2011.05.019","Journal of Banking and Finance","0378-4266","","A*","3502","Dirk Baur","Pure profile URL","high","ISSN/eISSN","matched"
"uwa-finance-015","Paul Gerrans","Professor","E","mutual-fund-selection-criteria-evidence-from-malaysia","Mutual fund selection criteria: Evidence from Malaysia","2012","https://research-repository.uwa.edu.au/en/publications/mutual-fund-selection-criteria-evidence-from-malaysia/","10.1108/13217341211242187","Asian Review of Accounting","1321-7348","","B","3501","Paul Gerrans","Pure profile URL","high","normalized journal title","matched"
"uwa-finance-015","Paul Gerrans","Professor","E","normative-influence-on-retirement-savings-decisions-do-people-car","Normative influence on retirement savings decisions: Do people care what employers and the government want?","2012","https://research-repository.uwa.edu.au/en/publications/normative-influence-on-retirement-savings-decisions-do-people-car/","10.1111/j.1742-9536.2011.00029.x","Australian Journal of Psychology","0004-9530","","","","Paul Gerrans","Pure profile URL","high","unmatched","unmatched"
"uwa-finance-009","Joey Yang","Associate Professor","D","order-size-order-imbalance-and-the-volatility-volume-relation-in-","Order size, order imbalance and the volatility-volume relation in a bull versus a bear market","2012","https://research-repository.uwa.edu.au/en/publications/order-size-order-imbalance-and-the-volatility-volume-relation-in-/","10.1111/j.1467-629X.2011.00420.x","Accounting and Finance","0810-5391","","A","3501","Joey Yang","Pure profile URL","high","ISSN/eISSN","matched"
"uwa-finance-009","Joey Yang","Associate Professor","D","predicting-stock-price-movements-an-ordered-probit-analysis-on-th","Predicting stock price movements: an ordered probit analysis on the Australian Securities Exchange","2012","https://research-repository.uwa.edu.au/en/publications/predicting-stock-price-movements-an-ordered-probit-analysis-on-th/","10.1080/14697688.2010.494612","Quantitative Finance","1469-7688","","A","3502","Joey Yang","Pure profile URL","high","ISSN/eISSN","matched"
"uwa-finance-015","Paul Gerrans","Professor","E","retirement-savings-investment-choices-in-response-to-the-global-f","Retirement savings investment choices in response to the global financial crisis: Australian evidence","2012","https://research-repository.uwa.edu.au/en/publications/retirement-savings-investment-choices-in-response-to-the-global-f/","10.1177/0312896212450041","Australian Journal of Management","0312-8962","","A","3502","Paul Gerrans","Pure profile URL","high","ISSN/eISSN","matched"
"uwa-finance-003","Dirk Baur","Professor","E","stock-return-autocorrelations-revisited-a-quantile-regression-app","Stock return autocorrelations revisited: A quantile regression approach","2012","https://research-repository.uwa.edu.au/en/publications/stock-return-autocorrelations-revisited-a-quantile-regression-app/","10.1016/j.jempfin.2011.12.002","Journal of Empirical Finance","0927-5398","","A","3502","Dirk Baur","Pure profile URL","high","ISSN/eISSN","matched"
"uwa-finance-022","Yihui Lan","Senior Lecturer","C","the-big-mac-index-two-decades-on-an-evaluation-of-burgernomics","The Big Mac Index Two Decades On: An Evaluation of Burgernomics","2012","https://research-repository.uwa.edu.au/en/publications/the-big-mac-index-two-decades-on-an-evaluation-of-burgernomics/","10.1002/ijfe.432","International Journal of Finance and Economics","1076-9307","","B","3502","Yihui Lan","Pure profile URL","high","ISSN/eISSN","matched"
"uwa-finance-003","Dirk Baur","Professor","E","the-destruction-of-a-safe-haven-asset","The Destruction of a Safe Haven Asset?","2012","https://research-repository.uwa.edu.au/en/publications/the-destruction-of-a-safe-haven-asset/","","Applied Finance Letters","2253-5799","","B","3502","Dirk Baur","Pure profile URL","high","ISSN/eISSN","matched"
"uwa-finance-020","Vincent Chong","Head of Department","","the-impact-of-adverse-selection-and-risk-propensity-on-managers-p","The Impact of Adverse Selection And Risk Propensity On Managers' Project Evaluation Decisions","2012","https://research-repository.uwa.edu.au/en/publications/the-impact-of-adverse-selection-and-risk-propensity-on-managers-p/","10.1108/S1474-7871(2012)0000021008","","","","","","Vincent Chong","Pure profile URL","high","unmatched","unmatched"
"uwa-finance-015","Paul Gerrans","Professor","E","truth-in-labelling-judging-superannuation-products-by-name","Truth In Labelling: Judging Superannuation Products By Name","2012","https://research-repository.uwa.edu.au/en/publications/truth-in-labelling-judging-superannuation-products-by-name/","","FS Super: The Journal of Superannuation Management","","","","","Paul Gerrans","Pure profile URL","high","unmatched","unmatched"
"uwa-finance-003","Dirk Baur","Professor","E","a-fixed-time-effects-model-of-contagion","A Fixed-Time Effects Model of Contagion","2011","https://research-repository.uwa.edu.au/en/publications/a-fixed-time-effects-model-of-contagion/","10.1002/9781118267646.ch10","","","","","","Dirk Baur","Pure profile URL","high","unmatched","unmatched"
"uwa-finance-022","Yihui Lan","Senior Lecturer","C","are-co-skewness-and-co-kurtosis-factors-priced-24th-australasian-","Are Co-Skewness and Co-Kurtosis Factors Priced? 24th Australasian Finance and Banking Conference 2011 Paper","2011","https://research-repository.uwa.edu.au/en/publications/are-co-skewness-and-co-kurtosis-factors-priced-24th-australasian-/","10.2139/ssrn.1917084","","","","","","Yihui Lan","Pure profile URL","high","unmatched","unmatched"
"uwa-finance-010","Kam Chan","Associate Professor","D","asset-market-linkages-evidence-from-financial-commodity-and-real-","Asset market linkages: evidence from financial, commodity and real estate assets","2011","https://research-repository.uwa.edu.au/en/publications/asset-market-linkages-evidence-from-financial-commodity-and-real-/","10.1016/j.jbankfin.2010.10.022","Journal of Banking and Finance","0378-4266","","A*","3502","Kam Fong Chan","Pure profile URL","high","ISSN/eISSN","matched"
"uwa-finance-022","Yihui Lan","Senior Lecturer","C","conditional-beta-evidence-from-asian-emerging-markets","Conditional Beta: Evidence from Asian Emerging Markets","2011","https://research-repository.uwa.edu.au/en/publications/conditional-beta-evidence-from-asian-emerging-markets/","10.1016/j.gfj.2011.10.004","Global Finance Journal","1044-0283","","A","3502","Yihui Lan","Pure profile URL","high","ISSN/eISSN","matched"
"uwa-finance-003","Dirk Baur","Professor","E","contagion-and-the-real-economy-during-the-global-financial-crisis","Contagion and the Real Economy during the Global Financial Crisis","2011","https://research-repository.uwa.edu.au/en/publications/contagion-and-the-real-economy-during-the-global-financial-crisis/","10.1002/9781118267646.ch24","","","","","","Dirk Baur","Pure profile URL","high","unmatched","unmatched"
"uwa-finance-003","Dirk Baur","Professor","E","do-football-clubs-benefit-from-initial-public-offerings","Do Football Clubs Benefit from Initial Public Offerings?","2011","https://research-repository.uwa.edu.au/en/publications/do-football-clubs-benefit-from-initial-public-offerings/","","International Journal of Sport Finance","1558-6235","","C","3504","Dirk Baur","Pure profile URL","high","ISSN/eISSN","matched"
"uwa-finance-013","Lee Smales","Professor","E","examining-the-effect-of-rba-target-rate-news-on-the-interest-rate","Examining the effect of RBA target rate news on the interest rate futures market","2011","https://research-repository.uwa.edu.au/en/publications/examining-the-effect-of-rba-target-rate-news-on-the-interest-rate/","","International Research Journal of Finance and Economics","1450-2887","","","","L.A. Smales","Pure profile URL","high","unmatched","unmatched"
"uwa-finance-003","Dirk Baur","Professor","E","explanatory-mining-for-gold-contrasting-evidence-from-simple-and-","Explanatory mining for gold: Contrasting evidence from simple and multiple regressions","2011","https://research-repository.uwa.edu.au/en/publications/explanatory-mining-for-gold-contrasting-evidence-from-simple-and-/","10.1016/j.resourpol.2011.03.003","Resources Policy","0301-4207","","B","3801","Dirk Baur","Pure profile URL","high","ISSN/eISSN","matched"
"uwa-finance-020","Vincent Chong","Head of Department","","the-effect-of-job-rotation-policy-in-preventing-managerial-escala","The effect of job rotation policy in preventing managerial escalation of commitment","2011","https://research-repository.uwa.edu.au/en/publications/the-effect-of-job-rotation-policy-in-preventing-managerial-escala/","10.1504/IJAAPE.2011.040833","International Journal of Accounting, Auditing and Performance Evaluation","1740-8008","","C","3501","Vincent Chong","Pure profile URL","high","ISSN/eISSN","matched"
"uwa-finance-020","Vincent Chong","Head of Department","","the-effect-of-trust-in-superior-and-truthfulness-on-budgetary-sla","The effect of trust-in-superior and truthfulness on budgetary slack: an experimental investigation","2011","https://research-repository.uwa.edu.au/en/publications/the-effect-of-trust-in-superior-and-truthfulness-on-budgetary-sla/","10.1108/S1474-7871(2011)0000019005","","","","","","Vincent Chong","Pure profile URL","high","unmatched","unmatched"
"uwa-finance-009","Joey Yang","Associate Professor","D","transaction-duration-and-asymmetric-price-impact-of-trades-eviden","Transaction duration and asymmetric price impact of trades - Evidence from Australia","2011","https://research-repository.uwa.edu.au/en/publications/transaction-duration-and-asymmetric-price-impact-of-trades-eviden/","10.1016/j.jempfin.2010.09.001","Journal of Empirical Finance","0927-5398","","A","3502","Joey Yang","Pure profile URL","high","ISSN/eISSN","matched"
"uwa-finance-022","Yihui Lan","Senior Lecturer","C","volatility-and-stock-prices-indexes","Volatility and Stock Prices Indexes","2011","https://research-repository.uwa.edu.au/en/publications/volatility-and-stock-prices-indexes/","","","","","","","Yihui Lan","Pure profile URL","high","unmatched","unmatched"
"uwa-finance-015","Paul Gerrans","Professor","E","what-to-do-when-clients-are-reluctant-to-share","What to Do When Clients Are Reluctant to Share","2011","https://research-repository.uwa.edu.au/en/publications/what-to-do-when-clients-are-reluctant-to-share/","","CSA Journal","","","","","Paul Gerrans","Pure profile URL","high","unmatched","unmatched"
"uwa-finance-022","Yihui Lan","Senior Lecturer","C","a-new-approach-to-forecasting-exchange-rates","A new approach to forecasting exchange rates","2010","https://research-repository.uwa.edu.au/en/publications/a-new-approach-to-forecasting-exchange-rates/","10.1016/j.jimonfin.2010.03.009","Journal of International Money and Finance","0261-5606","","A","3502","Yihui Lan","Pure profile URL","high","ISSN/eISSN","matched"
"uwa-finance-015","Paul Gerrans","Professor","E","asset-allocation-and-age-effects-in-retirement-savings-choices","Asset allocation and age effects in retirement savings choices","2010","https://research-repository.uwa.edu.au/en/publications/asset-allocation-and-age-effects-in-retirement-savings-choices/","10.1111/j.1467-629X.2009.00330.x","Accounting and Finance","0810-5391","","A","3501","Paul Gerrans","Pure profile URL","high","ISSN/eISSN","matched"
"uwa-finance-022","Yihui Lan","Senior Lecturer","C","capital-flight-from-china-further-evidence","CAPITAL FLIGHT FROM CHINA: FURTHER EVIDENCE","2010","https://research-repository.uwa.edu.au/en/publications/capital-flight-from-china-further-evidence/","","Journal of International Finance and Economics","1555-6336","","C","3801","Yihui Lan","Pure profile URL","high","ISSN/eISSN","matched"
"uwa-finance-016","Raymond Da Silva Rosa","Winthrop Professor","E","capital-gains-taxation-and-shareholder-wealth-in-takeovers","Capital gains taxation and shareholder wealth in takeovers","2010","https://research-repository.uwa.edu.au/en/publications/capital-gains-taxation-and-shareholder-wealth-in-takeovers/","10.1111/j.1467-629X.2009.00334.x","Accounting and Finance","0810-5391","","A","3501","Raymond Da Silva Rosa","Pure profile URL","high","ISSN/eISSN","matched"
"uwa-finance-020","Vincent Chong","Head of Department","","de-escalation-strategy-the-impact-of-monitoring-control-on-manage","De-escalation Strategy: The Impact of Monitoring Control on Managers' Project Evaluation Decisions","2010","https://research-repository.uwa.edu.au/en/publications/de-escalation-strategy-the-impact-of-monitoring-control-on-manage/","","Journal of Applied Management Accounting Research","1443-9905","","C","3501","Vincent Chong","Pure profile URL","high","ISSN/eISSN","matched"
"uwa-finance-010","Kam Chan","Associate Professor","D","diversification-rationality-and-the-asian-economic-crisis","Diversification, rationality and the Asian economic crisis","2010","https://research-repository.uwa.edu.au/en/publications/diversification-rationality-and-the-asian-economic-crisis/","10.1016/j.pacfin.2009.05.003","Pacific Basin Finance Journal","0927-538X","","A","3502","Kam Fong Chan","Pure profile URL","high","ISSN/eISSN","matched"
"uwa-finance-020","Vincent Chong","Head of Department","","escalation-of-commitment-to-unprofitable-projects-an-experimental","Escalation of commitment to unprofitable projects: An experimental investigation of the effect of conformity pressure and self-esteem","2010","https://research-repository.uwa.edu.au/en/publications/escalation-of-commitment-to-unprofitable-projects-an-experimental/","","Accounting, Accountability and Performance","1445-954X","","C","3501","Vincent Chong","Pure profile URL","high","ISSN/eISSN","matched"
"uwa-finance-022","Yihui Lan","Senior Lecturer","C","improving-accuracy-and-precision-of-value-at-risk-forecasts","Improving accuracy and precision of value-at-risk forecasts","2010","https://research-repository.uwa.edu.au/en/publications/improving-accuracy-and-precision-of-value-at-risk-forecasts/","","Investment Management and Financial Innovations","1810-4967","","","","Yihui Lan","Pure profile URL","high","unmatched","unmatched"
"uwa-finance-015","Paul Gerrans","Professor","E","injunctive-social-norms-primacy-over-descriptive-social-norms-in-","Injunctive Social Norms Primacy Over Descriptive Social Norms in Retirement Savings Decisions","2010","https://research-repository.uwa.edu.au/en/publications/injunctive-social-norms-primacy-over-descriptive-social-norms-in-/","10.2190/AG.71.4.a","INTERNATIONAL JOURNAL OF AGING & HUMAN DEVELOPMENT","0091-4150","","","","Paul Gerrans","Pure profile URL","high","unmatched","unmatched"
"uwa-finance-003","Dirk Baur","Professor","E","is-gold-a-hedge-or-a-safe-haven-an-analysis-of-stocks-bonds-and-g","Is Gold a Hedge or a Safe Haven? An Analysis of Stocks, Bonds and Gold","2010","https://research-repository.uwa.edu.au/en/publications/is-gold-a-hedge-or-a-safe-haven-an-analysis-of-stocks-bonds-and-g/","10.1111/j.1540-6288.2010.00244.x","The Financial Review (Statesboro)","0732-8516","","A","3502","Dirk Baur","Pure profile URL","high","ISSN/eISSN","matched"
"uwa-finance-003","Dirk Baur","Professor","E","is-gold-a-safe-haven-international-evidence","Is gold a safe haven? International evidence","2010","https://research-repository.uwa.edu.au/en/publications/is-gold-a-safe-haven-international-evidence/","10.1016/j.jbankfin.2009.12.008","Journal of Banking and Finance","0378-4266","","A*","3502","Dirk Baur","Pure profile URL","high","ISSN/eISSN","matched"
"uwa-finance-018","Russell Poskitt","Senior Lecturer","C","price-discovery-in-electronic-foreign-exchange-markets-the-sterli","Price Discovery in Electronic Foreign Exchange Markets: The Sterling/Dollar Market","2010","https://research-repository.uwa.edu.au/en/publications/price-discovery-in-electronic-foreign-exchange-markets-the-sterli/","10.1002/fut.20433","Journal of Futures Markets","0270-7314","","A","3502","Russell Poskitt","Pure profile URL","high","ISSN/eISSN","matched"
"uwa-finance-016","Raymond Da Silva Rosa","Winthrop Professor","E","some-commercial-observations-on-schemes-of-arrangement-as-we-ente","Some Commercial Observations on Schemes of Arrangement as We Enter 'the 2010s' - A Commentary","2010","https://research-repository.uwa.edu.au/en/publications/some-commercial-observations-on-schemes-of-arrangement-as-we-ente/","","","","","","","Raymond Da Silva Rosa","Pure profile URL","high","unmatched","unmatched"
"uwa-finance-003","Dirk Baur","Professor","E","stock-bond-co-movements-and-cross-country-linkages","Stock-bond co-movements and cross-country linkages","2010","https://research-repository.uwa.edu.au/en/publications/stock-bond-co-movements-and-cross-country-linkages/","10.1504/IJBAAF.2010.032848","International Journal of Banking, Accounting and Finance","1755-3830","","C","3502","Dirk Baur","Pure profile URL","high","ISSN/eISSN","matched"
"uwa-finance-022","Yihui Lan","Senior Lecturer","C","the-big-mac-index-two-decades-on-an-evaluation-of-burgernomics-2","The Big Mac Index Two Decades on an Evaluation of Burgernomics","2010","https://research-repository.uwa.edu.au/en/publications/the-big-mac-index-two-decades-on-an-evaluation-of-burgernomics-2/","","","","","","","Yihui Lan","Pure profile URL","high","unmatched","unmatched"
"uwa-finance-022","Yihui Lan","Senior Lecturer","C","the-demand-for-marijuana-tobacco-and-alcohol-inter-commodity-inte","The demand for marijuana, tobacco and alcohol: inter-commodity interactions with uncertainty","2010","https://research-repository.uwa.edu.au/en/publications/the-demand-for-marijuana-tobacco-and-alcohol-inter-commodity-inte/","10.1007/s00181-009-0302-x","Empirical Economics","0377-7332","","A","3801","Yihui Lan","Pure profile URL","high","ISSN/eISSN","matched"
"uwa-finance-020","Vincent Chong","Head of Department","","the-effect-of-obedience-pressure-and-authoritarianism-on-managers","The effect of obedience pressure and authoritarianism on managers' project evaluation decisions","2010","https://research-repository.uwa.edu.au/en/publications/the-effect-of-obedience-pressure-and-authoritarianism-on-managers/","10.1016/j.adiac.2010.04.004","Advances in Accounting","0882-6110","","A","3501","Vincent Chong","Pure profile URL","high","ISSN/eISSN","matched"
"uwa-finance-010","Kam Chan","Associate Professor","D","the-mathematics-of-finance-modeling-and-hedging","The Mathematics of Finance: Modeling and Hedging","2010","https://research-repository.uwa.edu.au/en/publications/the-mathematics-of-finance-modeling-and-hedging/","","Pacific Accounting Review","0114-0582","","B","3501","Kam Chan","Pure profile URL","high","ISSN/eISSN","matched"
"uwa-finance-015","Paul Gerrans","Professor","E","the-role-and-relevance-of-domain-knowledge-perceptions-of-plannin","The role and relevance of domain knowledge, perceptions of planning importance, and risk tolerance in predicting savings intentions","2010","https://research-repository.uwa.edu.au/en/publications/the-role-and-relevance-of-domain-knowledge-perceptions-of-plannin/","10.1016/j.joep.2010.06.002","Journal of Economic Psychology","0167-4870","","A","3801","Paul Gerrans","Pure profile URL","high","ISSN/eISSN","matched"
"uwa-finance-022","Yihui Lan","Senior Lecturer","C","a-stochastic-measure-of-international-competitiveness","A Stochastic Measure of International Competitiveness","2009","https://research-repository.uwa.edu.au/en/publications/a-stochastic-measure-of-international-competitiveness/","","International Review of Finance","1369-412X","","A","3502","Yihui Lan","Pure profile URL","high","ISSN/eISSN","matched"
"uwa-finance-018","Russell Poskitt","Senior Lecturer","C","an-analysis-of-asx-price-queries","An Analysis of ASX Price Queries","2009","https://research-repository.uwa.edu.au/en/publications/an-analysis-of-asx-price-queries/","10.1111/j.1835-2561.2009.00059.x","Australian Accounting Review","1035-6908","","B","3501","Russell Poskitt","Pure profile URL","high","ISSN/eISSN","matched"
"uwa-finance-015","Paul Gerrans","Professor","E","communicating-with-superannuation-fund-members-in-good-and-bad-ti","Communicating with Superannuation Fund Members in Good and Bad Times","2009","https://research-repository.uwa.edu.au/en/publications/communicating-with-superannuation-fund-members-in-good-and-bad-ti/","","","","","","","Paul Gerrans","Pure profile URL","high","unmatched","unmatched"
"uwa-finance-015","Paul Gerrans","Professor","E","financial-literacy-and-superannuation-awareness-of-indigenous-aus","Financial Literacy and Superannuation Awareness of Indigenous Australians: Pilot Study Results","2009","https://research-repository.uwa.edu.au/en/publications/financial-literacy-and-superannuation-awareness-of-indigenous-aus/","","Australian Journal of Social Issues","0157-6321","","","","Paul Gerrans","Pure profile URL","high","unmatched","unmatched"
"uwa-finance-009","Joey Yang","Associate Professor","D","information-diffusion-among-international-fund-managers-multicoun","Information Diffusion among International Fund Managers: Multicountry Evidence","2009","https://research-repository.uwa.edu.au/en/publications/information-diffusion-among-international-fund-managers-multicoun/","10.1111/j.1755-053X.2009.01057.x","Financial Management","0046-3892","","A*","3502","Joey Yang","Pure profile URL","high","ISSN/eISSN","matched"
"uwa-finance-015","Paul Gerrans","Professor","E","member-investment-choice-response-to-the-global-financial-crisis","Member Investment Choice Response to the Global Financial Crisis","2009","https://research-repository.uwa.edu.au/en/publications/member-investment-choice-response-to-the-global-financial-crisis/","","","","","","","Paul Gerrans","Pure profile URL","high","unmatched","unmatched"
"uwa-finance-015","Paul Gerrans","Professor","E","quantile-regression-its-application-in-investment-analysis","Quantile regression: its application in investment analysis","2009","https://research-repository.uwa.edu.au/en/publications/quantile-regression-its-application-in-investment-analysis/","","JASSA-THE FINSIA JOURNAL OF APPLIED FINANCE","0313-5934","","B","3502","Paul Gerrans","Pure profile URL","high","ISSN/eISSN","matched"
"uwa-finance-015","Paul Gerrans","Professor","E","return-chasing-as-a-driver-in-individual-retirement-savings-inves","Return Chasing as a Driver in Individual Retirement Savings Investment Choices: Evidence from Australia","2009","https://research-repository.uwa.edu.au/en/publications/return-chasing-as-a-driver-in-individual-retirement-savings-inves/","10.1007/s10834-008-9133-8","Journal of Family and Economic Issues","1058-0476","","B","3899","Paul Gerrans","Pure profile URL","high","ISSN/eISSN","matched"
"uwa-finance-016","Raymond Da Silva Rosa","Winthrop Professor","E","the-impact-of-director-reputation-and-performance-on-the-turnover","The Impact of Director Reputation and Performance on the Turnover and Board Seats of Target Firm Directors","2009","https://research-repository.uwa.edu.au/en/publications/the-impact-of-director-reputation-and-performance-on-the-turnover/","10.1111/j.1468-5957.2008.02115.x","Journal of Business Finance & Accounting","0306-686X","","A*","3501","Raymond Da Silva Rosa","Pure profile URL","high","ISSN/eISSN","matched"
"uwa-finance-018","Russell Poskitt","Senior Lecturer","C","the-impact-of-disclosure-reform-on-the-nzxs-financial-information","The impact of disclosure reform on the NZX's financial information environment","2009","https://research-repository.uwa.edu.au/en/publications/the-impact-of-disclosure-reform-on-the-nzxs-financial-information/","10.1016/j.pacfin.2008.12.001","Pacific Basin Finance Journal","0927-538X","","A","3502","Russell Poskitt","Pure profile URL","high","ISSN/eISSN","matched"
"uwa-finance-010","Kam Chan","Associate Professor","D","a-new-approach-to-characterizing-and-forecasting-electricity-pric","A new approach to characterizing and forecasting electricity price volatility","2008","https://research-repository.uwa.edu.au/en/publications/a-new-approach-to-characterizing-and-forecasting-electricity-pric/","10.1016/j.ijforecast.2008.08.002","International Journal of Forecasting","0169-2070","","A","3802","Kam Fong Chan","Pure profile URL","high","ISSN/eISSN","matched"
"uwa-finance-016","Raymond Da Silva Rosa","Winthrop Professor","E","agency-costs-of-free-cash-flow-and-acquisitions","Agency Costs of Free Cash Flow and Acquisitions","2008","https://research-repository.uwa.edu.au/en/publications/agency-costs-of-free-cash-flow-and-acquisitions/","","","","","","","Raymond Da Silva Rosa","Pure profile URL","high","unmatched","unmatched"
"uwa-finance-018","Russell Poskitt","Senior Lecturer","C","an-empirical-analysis-of-the-nzxs-price-query-system","An empirical analysis of the NZX’s price query system","2008","https://research-repository.uwa.edu.au/en/publications/an-empirical-analysis-of-the-nzxs-price-query-system/","10.1108/01140580810872825","Pacific Accounting Review","0114-0582","","B","3501","Russell Poskitt","Pure profile URL","high","ISSN/eISSN","matched"
"uwa-finance-016","Raymond Da Silva Rosa","Winthrop Professor","E","board-governance-and-ipo-performance-in-the-short-run-and-long-ru","Board Governance and IPO Performance in the Short-Run and Long-Run","2008","https://research-repository.uwa.edu.au/en/publications/board-governance-and-ipo-performance-in-the-short-run-and-long-ru/","","","","","","","Raymond Da Silva Rosa","Pure profile URL","high","unmatched","unmatched"
"uwa-finance-015","Paul Gerrans","Professor","E","corporate-social-performance-and-financial-performance","Corporate social performance and financial performance","2008","https://research-repository.uwa.edu.au/en/publications/corporate-social-performance-and-financial-performance/","","Accounting, accountability & performance","1445-954X","","C","3501","Paul Gerrans","Pure profile URL","high","ISSN/eISSN","matched"
"uwa-finance-016","Raymond Da Silva Rosa","Winthrop Professor","E","director-interlocking-what-we-know-and-what-we-are-yet-to-learn","Director Interlocking: What we know and what we are yet to learn","2008","https://research-repository.uwa.edu.au/en/publications/director-interlocking-what-we-know-and-what-we-are-yet-to-learn/","","","","","","","Raymond Da Silva Rosa","Pure profile URL","high","unmatched","unmatched"
"uwa-finance-022","Yihui Lan","Senior Lecturer","C","exchange-rate-economics-for-the-resources-sector","Exchange-rate economics for the resources sector","2008","https://research-repository.uwa.edu.au/en/publications/exchange-rate-economics-for-the-resources-sector/","10.1016/j.resourpol.2007.12.003","Resources Policy","0301-4207","","B","3801","Yihui Lan","Pure profile URL","high","ISSN/eISSN","matched"
"uwa-finance-018","Russell Poskitt","Senior Lecturer","C","impact-of-the-approved-issuer-levy-on-new-zealand-dollar-domestic","Impact of the approved issuer levy on New Zealand dollar domestic interest rates","2008","https://research-repository.uwa.edu.au/en/publications/impact-of-the-approved-issuer-levy-on-new-zealand-dollar-domestic/","","New Zealand Journal of Taxation Law and Policy","1322-4417","","A","4801","Russell Poskitt","Pure profile URL","high","ISSN/eISSN","matched"
"uwa-finance-018","Russell Poskitt","Senior Lecturer","C","in-search-of-the-convexity-adjustment-evidence-from-the-sterling-","In Search of the Convexity Adjustment: Evidence from the Sterling Futures and IMM FRA Markets","2008","https://research-repository.uwa.edu.au/en/publications/in-search-of-the-convexity-adjustment-evidence-from-the-sterling-/","10.1002/fut.20330","Journal of Futures Markets","0270-7314","","A","3502","Russell Poskitt","Pure profile URL","high","ISSN/eISSN","matched"
"uwa-finance-018","Russell Poskitt","Senior Lecturer","C","interest-rate-futures-and-forwards-evidence-from-the-sterling-fut","Interest rate futures and forwards: Evidence from the sterling futures and FRA markets","2008","https://research-repository.uwa.edu.au/en/publications/interest-rate-futures-and-forwards-evidence-from-the-sterling-fut/","10.1016/j.intfin.2007.05.001","Journal of International Financial Markets, Institutions and Money","1042-4431","","A","3502","Russell Poskitt","Pure profile URL","high","ISSN/eISSN","matched"
"uwa-finance-016","Raymond Da Silva Rosa","Winthrop Professor","E","post-ipo-changes-in-board-structures-and-long-run-performance","Post-IPO Changes in Board Structures and Long-Run Performance","2008","https://research-repository.uwa.edu.au/en/publications/post-ipo-changes-in-board-structures-and-long-run-performance/","","","","","","","Raymond Da Silva Rosa","Pure profile URL","high","unmatched","unmatched"
"uwa-finance-009","Joey Yang","Associate Professor","D","returns-volatility-and-liquidity-on-the-asx","Returns, Volatility, and Liquidity on the ASX","2008","https://research-repository.uwa.edu.au/en/publications/returns-volatility-and-liquidity-on-the-asx/","","","","","","","Joey Yang","Pure profile URL","high","unmatched","unmatched"
"uwa-finance-016","Raymond Da Silva Rosa","Winthrop Professor","E","takeover-waves-and-influences-of-financial-and-economic-factors-a","Takeover Waves and Influences of Financial and Economic Factors: A Re-examination using Markov Switching Model","2008","https://research-repository.uwa.edu.au/en/publications/takeover-waves-and-influences-of-financial-and-economic-factors-a/","","","","","","","Raymond Da Silva Rosa","Pure profile URL","high","unmatched","unmatched"
"uwa-finance-016","Raymond Da Silva Rosa","Winthrop Professor","E","taxation-of-shareholder-capital-gains-and-the-choice-of-payment-m","Taxation of shareholder capital gains and the choice of payment method in takeovers","2008","https://research-repository.uwa.edu.au/en/publications/taxation-of-shareholder-capital-gains-and-the-choice-of-payment-m/","10.1080/00014788.2008.9663345","Accounting and Business Research","0001-4788","","A","3501","Raymond Da Silva Rosa","Pure profile URL","high","ISSN/eISSN","matched"
"uwa-finance-022","Yihui Lan","Senior Lecturer","C","the-big-mac-index-21-years-on-an-evaluation-of-burgernomics","The Big Mac Index 21 Years On: An Evaluation of Burgernomics","2008","https://research-repository.uwa.edu.au/en/publications/the-big-mac-index-21-years-on-an-evaluation-of-burgernomics/","","","","","","","Yihui Lan","Pure profile URL","high","unmatched","unmatched"
"uwa-finance-022","Yihui Lan","Senior Lecturer","C","the-bmi-exchange-rates-and-fundamentals","The BMI, Exchange Rates and Fundamentals","2008","https://research-repository.uwa.edu.au/en/publications/the-bmi-exchange-rates-and-fundamentals/","","","","","","","Yihui Lan","Pure profile URL","high","unmatched","unmatched"
"uwa-finance-016","Raymond Da Silva Rosa","Winthrop Professor","E","the-role-of-salience-in-portfolio-formation","The role of salience in portfolio formation","2008","https://research-repository.uwa.edu.au/en/publications/the-role-of-salience-in-portfolio-formation/","10.1016/j.pacfin.2007.04.008","Pacific-Basin Finance Journal","0927-538X","","A","3502","Raymond Da Silva Rosa","Pure profile URL","high","ISSN/eISSN","matched"
"uwa-finance-018","Russell Poskitt","Senior Lecturer","C","the-truth-about-interest-rate-futures-and-forwards-evidence-from-","The truth about interest rate futures and forwards: Evidence from high frequency data","2008","https://research-repository.uwa.edu.au/en/publications/the-truth-about-interest-rate-futures-and-forwards-evidence-from-/","10.1016/j.gfj.2007.06.003","Global Finance Journal","1044-0283","","A","3502","Russell Poskitt","Pure profile URL","high","ISSN/eISSN","matched"
"uwa-finance-016","Raymond Da Silva Rosa","Winthrop Professor","E","asic-actions-canaries-for-poor-corporate-governance","ASIC actions: Canaries for poor corporate governance?","2007","https://research-repository.uwa.edu.au/en/publications/asic-actions-canaries-for-poor-corporate-governance/","","","","","","","Raymond Da Silva Rosa","Pure profile URL","high","unmatched","unmatched"
"uwa-finance-018","Russell Poskitt","Senior Lecturer","C","benchmark-tipping-and-the-role-of-the-swap-market-in-price-discov","Benchmark Tipping and the Role of the Swap Market in Price Discovery","2007","https://research-repository.uwa.edu.au/en/publications/benchmark-tipping-and-the-role-of-the-swap-market-in-price-discov/","10.1002/fut.20282","Journal of Futures Markets","0270-7314","","A","3502","Russell Poskitt","Pure profile URL","high","ISSN/eISSN","matched"
"uwa-finance-022","Yihui Lan","Senior Lecturer","C","can-value-at-risk-be-made-more-valuable-resampling-techniques-for","Can Value-at-Risk be Made More Valuable? Resampling Techniques for Risk Uncertainty","2007","https://research-repository.uwa.edu.au/en/publications/can-value-at-risk-be-made-more-valuable-resampling-techniques-for/","","","","","","","Yihui Lan","Pure profile URL","high","unmatched","unmatched"
"uwa-finance-015","Paul Gerrans","Professor","E","decision-making-clusters-in-retirement-savings-preliminary-findin","Decision Making Clusters in Retirement Savings: Preliminary Findings","2007","https://research-repository.uwa.edu.au/en/publications/decision-making-clusters-in-retirement-savings-preliminary-findin/","","Australian Journal of Labour Economics: a journal of labour economics and labour relations","1328-1143","","B","3801","Paul Gerrans","Pure profile URL","high","ISSN/eISSN","matched"
"uwa-finance-022","Yihui Lan","Senior Lecturer","C","exchange-rates-productivity-poverty-and-inequality","Exchange rates, productivity, poverty and inequality","2007","https://research-repository.uwa.edu.au/en/publications/exchange-rates-productivity-poverty-and-inequality/","10.1080/00036840500439101","Applied Economics","0003-6846","","A","3801","Yihui Lan","Pure profile URL","high","ISSN/eISSN","matched"
"uwa-finance-022","Yihui Lan","Senior Lecturer","C","exchange-rate-economics-for-the-resources-sector-2","Exchange-Rate Economics For The Resources Sector","2007","https://research-repository.uwa.edu.au/en/publications/exchange-rate-economics-for-the-resources-sector-2/","","","","","","","Yihui Lan","Pure profile URL","high","unmatched","unmatched"
"uwa-finance-016","Raymond Da Silva Rosa","Winthrop Professor","E","modeling-of-time-series-merger-activity-with-a-state-space-and-ma","Modeling of Time-Series Merger Activity with a State-Space and Markov Switching Approach","2007","https://research-repository.uwa.edu.au/en/publications/modeling-of-time-series-merger-activity-with-a-state-space-and-ma/","","","","","","","Raymond Da Silva Rosa","Pure profile URL","high","unmatched","unmatched"
"uwa-finance-020","Vincent Chong","Head of Department","","negotiated-budgets-the-impacts-of-information-accountability-and-","Negotiated Budgets: The Impacts of Information, Accountability and Managerial Attitudes on Budgetary Slack and Performance","2007","https://research-repository.uwa.edu.au/en/publications/negotiated-budgets-the-impacts-of-information-accountability-and-/","","","","","","","Vincent Chong","Pure profile URL","high","unmatched","unmatched"
"uwa-finance-016","Raymond Da Silva Rosa","Winthrop Professor","E","one-size-does-not-fit-all-small-companies-and-asx-corporate-gover","One Size Does Not Fit All: Small Companies and ASX Corporate Governance Compliance","2007","https://research-repository.uwa.edu.au/en/publications/one-size-does-not-fit-all-small-companies-and-asx-corporate-gover/","","Corporate Ownership & Control","1727-9232","","","","Raymond Da Silva Rosa","Pure profile URL","high","unmatched","unmatched"
"uwa-finance-008","Gary Smith","Associate Lecturer","A","smb-arousal-disproportionate-reactions-and-the-size-premium","SMB - Arousal, disproportionate reactions and the size-premium","2007","https://research-repository.uwa.edu.au/en/publications/smb-arousal-disproportionate-reactions-and-the-size-premium/","10.1016/j.pacfin.2006.09.004","Pacific-Basin Finance Journal","0927-538X","","A","3502","Gary Smith","Pure profile URL","high","ISSN/eISSN","matched"
"uwa-finance-020","Vincent Chong","Head of Department","","testing-a-model-of-the-antecedents-and-consequences-of-budgetary-","Testing a model of the antecedents and consequences of budgetary participation on job performance","2007","https://research-repository.uwa.edu.au/en/publications/testing-a-model-of-the-antecedents-and-consequences-of-budgetary-/","10.1080/00014788.2007.9730055","Accounting and Business Research","0001-4788","","A","3501","Vincent Chong","Pure profile URL","high","ISSN/eISSN","matched"
"uwa-finance-022","Yihui Lan","Senior Lecturer","C","the-big-mac-index-21-years-on-an-evaluation-of-burger-economics","The Big Mac Index 21 Years On: An Evaluation of Burger Economics","2007","https://research-repository.uwa.edu.au/en/publications/the-big-mac-index-21-years-on-an-evaluation-of-burger-economics/","","","","","","","Yihui Lan","Pure profile URL","high","unmatched","unmatched"
"uwa-finance-020","Vincent Chong","Head of Department","","the-effects-of-information-social-influence-pressures-and-persona","The effects of information, social influence pressures and personality on managers' project evaluation decisions","2007","https://research-repository.uwa.edu.au/en/publications/the-effects-of-information-social-influence-pressures-and-persona/","","","","","","","Vincent Chong","Pure profile URL","high","unmatched","unmatched"
"uwa-finance-020","Vincent Chong","Head of Department","","the-impact-of-reliance-on-incentive-based-compensation-schemes-in","The impact of reliance on incentive-based compensation schemes, information asymmetry and organisational commitment on managerial performance","2007","https://research-repository.uwa.edu.au/en/publications/the-impact-of-reliance-on-incentive-based-compensation-schemes-in/","10.1016/j.mar.2007.04.002","Management Accounting Research","1044-5005","","A*","3501","Vincent Chong","Pure profile URL","high","ISSN/eISSN","matched"
"uwa-finance-016","Raymond Da Silva Rosa","Winthrop Professor","E","the-reach-of-the-disposition-effect-large-sample-evidence-across-","The Reach of the Disposition Effect: Large Sample Evidence Across Investor Classes","2007","https://research-repository.uwa.edu.au/en/publications/the-reach-of-the-disposition-effect-large-sample-evidence-across-/","","International Review of Finance","1369-412X","","A","3502","Raymond Da Silva Rosa","Pure profile URL","high","ISSN/eISSN","matched"
"uwa-finance-008","Gary Smith","Associate Lecturer","A","the-robustness-of-daily-momentum","The Robustness of Daily Momentum","2007","https://research-repository.uwa.edu.au/en/publications/the-robustness-of-daily-momentum/","","","","","","","Gary Smith","Pure profile URL","high","unmatched","unmatched"
"uwa-finance-022","Yihui Lan","Senior Lecturer","C","a-new-approach-to-forecasting-exchange-rates-2","A New Approach To Forecasting Exchange Rates","2006","https://research-repository.uwa.edu.au/en/publications/a-new-approach-to-forecasting-exchange-rates-2/","","","","","","","Yihui Lan","Pure profile URL","high","unmatched","unmatched"
"uwa-finance-022","Yihui Lan","Senior Lecturer","C","equilibrium-exchange-rates-and-currency-forecasts-a-big-mac-persp","EQUILIBRIUM EXCHANGE RATES AND CURRENCY FORECASTS: A BIG MAC PERSPECTIVE","2006","https://research-repository.uwa.edu.au/en/publications/equilibrium-exchange-rates-and-currency-forecasts-a-big-mac-persp/","","International Economics and Finance Journal","","","","","Yihui Lan","Pure profile URL","high","unmatched","unmatched"
"uwa-finance-015","Paul Gerrans","Professor","E","how-much-investment-choice-is-enough-for-members","How Much Investment Choice is Enough for Members?","2006","https://research-repository.uwa.edu.au/en/publications/how-much-investment-choice-is-enough-for-members/","","Australian Accounting Review","1035-6908","","B","3501","Paul Gerrans","Pure profile URL","high","ISSN/eISSN","matched"
"uwa-finance-008","Gary Smith","Associate Lecturer","A","in-americas-thrall-the-effects-of-the-us-market-and-us-security-c","In America's thrall: the effects of the US market and US security characteristics on Australian stock returns","2006","https://research-repository.uwa.edu.au/en/publications/in-americas-thrall-the-effects-of-the-us-market-and-us-security-c/","10.1111/j.1467-629X.2006.00184.x","Accounting and Finance","0810-5391","","A","3501","Gary Smith","Pure profile URL","high","ISSN/eISSN","matched"
"uwa-finance-016","Raymond Da Silva Rosa","Winthrop Professor","E","market-misvaluation-driven-acquisitions-contrary-australian-evide","Market misvaluation driven acquisitions: Contrary Australian evidence","2006","https://research-repository.uwa.edu.au/en/publications/market-misvaluation-driven-acquisitions-contrary-australian-evide/","","Company and Securities Law Journal","0729-2775","","A","4801","Raymond Da Silva Rosa","Pure profile URL","high","ISSN/eISSN","matched"
"uwa-finance-008","Gary Smith","Associate Lecturer","A","momentum-in-australia-a-note","Momentum in Australia - A Note","2006","https://research-repository.uwa.edu.au/en/publications/momentum-in-australia-a-note/","","Australian Journal of Management","0312-8962","","A","3502","Gary Smith","Pure profile URL","high","ISSN/eISSN","matched"
"uwa-finance-015","Paul Gerrans","Professor","E","morningstar-ratings-and-future-performance","Morningstar ratings and future performance","2006","https://research-repository.uwa.edu.au/en/publications/morningstar-ratings-and-future-performance/","10.1111/j.1467-629X.2006.00185.x","Accounting and Finance","0810-5391","","A","3501","Paul Gerrans","Pure profile URL","high","ISSN/eISSN","matched"
"uwa-finance-009","Joey Yang","Associate Professor","D","order-imbalance-and-returns-an-examination-of-order-size-and-trad","Order Imbalance and Returns: An Examination of Order Size and Trader Identity","2006","https://research-repository.uwa.edu.au/en/publications/order-imbalance-and-returns-an-examination-of-order-size-and-trad/","","","","","","","Joey Yang","Pure profile URL","high","unmatched","unmatched"
"uwa-finance-016","Raymond Da Silva Rosa","Winthrop Professor","E","portfolio-choice-101","Portfolio Choice 101","2006","https://research-repository.uwa.edu.au/en/publications/portfolio-choice-101/","","","","","","","Raymond Da Silva Rosa","Pure profile URL","high","unmatched","unmatched"
"uwa-finance-016","Raymond Da Silva Rosa","Winthrop Professor","E","raising-the-takeover-threshold-in-australia-issues-and-evidence","Raising the takeover threshold in Australia: issues and evidence","2006","https://research-repository.uwa.edu.au/en/publications/raising-the-takeover-threshold-in-australia-issues-and-evidence/","","JASSA","0313-5934","","B","3502","Raymond Da Silva Rosa","Pure profile URL","high","ISSN/eISSN","matched"
"uwa-finance-018","Russell Poskitt","Senior Lecturer","C","swap-pricing-evidence-from-the-sterling-swap-market","Swap pricing: Evidence from the sterling swap market","2006","https://research-repository.uwa.edu.au/en/publications/swap-pricing-evidence-from-the-sterling-swap-market/","10.1016/j.gfj.2006.06.010","Global Finance Journal","1044-0283","","A","3502","Russell Poskitt","Pure profile URL","high","ISSN/eISSN","matched"
"uwa-finance-022","Yihui Lan","Senior Lecturer","C","the-demand-for-vice-inter-commodity-interactions-with-uncertainty","The Demand For Vice Inter-Commodity Interactions With Uncertainty","2006","https://research-repository.uwa.edu.au/en/publications/the-demand-for-vice-inter-commodity-interactions-with-uncertainty/","","","","","","","Yihui Lan","Pure profile URL","high","unmatched","unmatched"
"uwa-finance-018","Russell Poskitt","Senior Lecturer","C","the-impact-of-disclosure-reform-on-information-risk-in-nzx-listed","The Impact of Disclosure Reform on Information Risk in NZX-listed Stocks","2006","https://research-repository.uwa.edu.au/en/publications/the-impact-of-disclosure-reform-on-information-risk-in-nzx-listed/","","Pacific Accounting Review","0114-0582","","B","3501","Russell Poskitt","Pure profile URL","high","ISSN/eISSN","matched"
"uwa-finance-020","Vincent Chong","Head of Department","","the-multiple-roles-of-participative-budgeting-on-job-performance","The multiple roles of participative budgeting on job performance","2006","https://research-repository.uwa.edu.au/en/publications/the-multiple-roles-of-participative-budgeting-on-job-performance/","10.1016/S0882-6110(06)22004-2","Advances in Accounting","0882-6110","","A","3501","Vincent Chong","Pure profile URL","high","ISSN/eISSN","matched"
"uwa-finance-016","Raymond Da Silva Rosa","Winthrop Professor","E","uk-managed-funds-trading-around-mampa-announcements","UK managed funds' trading around M&A announcements","2006","https://research-repository.uwa.edu.au/en/publications/uk-managed-funds-trading-around-mampa-announcements/","","","","","","","Raymond Da Silva Rosa","Pure profile URL","high","unmatched","unmatched"
"uwa-finance-010","Kam Chan","Associate Professor","D","using-extreme-value-theory-to-measure-value-at-risk-for-daily-ele","Using extreme value theory to measure value-at-risk for daily electricity spot prices","2006","https://research-repository.uwa.edu.au/en/publications/using-extreme-value-theory-to-measure-value-at-risk-for-daily-ele/","10.1016/j.ijforecast.2005.10.002","International Journal of Forecasting","0169-2070","","A","3802","Kam Fong Chan","Pure profile URL","high","ISSN/eISSN","matched"
"uwa-finance-010","Kam Chan","Associate Professor","D","a-hedging-strategy-for-new-zealands-exporters-in-transaction-expo","A Hedging Strategy for New Zealand’s Exporters in Transaction Exposure to Currency Risk","2005","https://research-repository.uwa.edu.au/en/publications/a-hedging-strategy-for-new-zealands-exporters-in-transaction-expo/","10.17578/7-1/2-2","Multinational Finance Journal","1096-1879","","B","3502","Kam Chan","Pure profile URL","high","ISSN/eISSN","matched"
"uwa-finance-022","Yihui Lan","Senior Lecturer","C","a-stochastic-measure-of-international-competitiveness-2","A Stochastic Measure of International Competitiveness","2005","https://research-repository.uwa.edu.au/en/publications/a-stochastic-measure-of-international-competitiveness-2/","","","","","","","Yihui Lan","Pure profile URL","high","unmatched","unmatched"
"uwa-finance-009","Joey Yang","Associate Professor","D","an-examination-of-the-role-of-time-and-its-impact-on-price-revisi","An Examination of the Role of Time and its Impact on Price Revision","2005","https://research-repository.uwa.edu.au/en/publications/an-examination-of-the-role-of-time-and-its-impact-on-price-revisi/","","Australian Journal of Management","0312-8962","","A","3502","Joey Yang","Pure profile URL","high","ISSN/eISSN","matched"
"uwa-finance-018","Russell Poskitt","Senior Lecturer","C","are-mining-exploration-stocks-more-prone-to-informed-trading-than","Are Mining-Exploration Stocks More Prone to Informed Trading Than Mining-Production Stocks?","2005","https://research-repository.uwa.edu.au/en/publications/are-mining-exploration-stocks-more-prone-to-informed-trading-than/","","Australian Journal of Management","0312-8962","","A","3502","Russell Poskitt","Pure profile URL","high","ISSN/eISSN","matched"
"uwa-finance-018","Russell Poskitt","Senior Lecturer","C","bidask-spreads-in-the-foreign-exchange-market-an-alternative-appr","Bid/ask spreads in the foreign exchange market: An alternative approach","2005","https://research-repository.uwa.edu.au/en/publications/bidask-spreads-in-the-foreign-exchange-market-an-alternative-appr/","10.1016/j.pacfin.2005.05.003","Pacific-Basin Finance Journal","0927-538X","","A","3502","Russell Poskitt","Pure profile URL","high","ISSN/eISSN","matched"
"uwa-finance-018","Russell Poskitt","Senior Lecturer","C","disclosure-regulation-and-information-risk","Disclosure regulation and information risk","2005","https://research-repository.uwa.edu.au/en/publications/disclosure-regulation-and-information-risk/","10.1111/j.1467-629X.2005.00147.x","Accounting and Finance","0810-5391","","A","3501","Russell Poskitt","Pure profile URL","high","ISSN/eISSN","matched"
"uwa-finance-016","Raymond Da Silva Rosa","Winthrop Professor","E","do-informed-traders-win-an-analysis-of-changes-in-corporate-owner","Do Informed Traders Win? An Analysis of Changes in Corporate Ownership around Substantial Shareholder Notices","2005","https://research-repository.uwa.edu.au/en/publications/do-informed-traders-win-an-analysis-of-changes-in-corporate-owner/","","International Review of Finance","1369-412X","","A","3502","Raymond Da Silva Rosa","Pure profile URL","high","ISSN/eISSN","matched"
"uwa-finance-016","Raymond Da Silva Rosa","Winthrop Professor","E","evidence-contrary-to-the-disposition-effect-amongst-uk-managed-fu","Evidence contrary to the disposition effect amongst UK managed funds","2005","https://research-repository.uwa.edu.au/en/publications/evidence-contrary-to-the-disposition-effect-amongst-uk-managed-fu/","","","","","","","Raymond Da Silva Rosa","Pure profile URL","high","unmatched","unmatched"
"uwa-finance-016","Raymond Da Silva Rosa","Winthrop Professor","E","expert-reports-in-australian-takeovers-fees-and-quality","Expert Reports in Australian Takeovers: Fees and Quality","2005","https://research-repository.uwa.edu.au/en/publications/expert-reports-in-australian-takeovers-fees-and-quality/","10.1111/j.1467-6281.2005.00184.x","Abacus","0001-3072","","A","3501","Raymond Da Silva Rosa","Pure profile URL","high","ISSN/eISSN","matched"
"uwa-finance-022","Yihui Lan","Senior Lecturer","C","how-long-is-the-long-run-evidence-from-the-foreign-exchange-marke","How Long is the Long Run? Evidence from the Foreign Exchange Market","2005","https://research-repository.uwa.edu.au/en/publications/how-long-is-the-long-run-evidence-from-the-foreign-exchange-marke/","","","","","","","Yihui Lan","Pure profile URL","high","unmatched","unmatched"
"uwa-finance-010","Kam Chan","Associate Professor","D","modelling-conditional-heteroscedasticity-and-jumps-in-australian-","Modelling conditional heteroscedasticity and jumps in Australian short-term interest rates","2005","https://research-repository.uwa.edu.au/en/publications/modelling-conditional-heteroscedasticity-and-jumps-in-australian-/","10.1111/j.1467-629X.2005.00153.x","Accounting and Finance","0810-5391","","A","3501","Kam Fong Chan","Pure profile URL","high","ISSN/eISSN","matched"
"uwa-finance-009","Joey Yang","Associate Professor","D","multivariate-garch-hedge-ratios-and-hedging-effectiveness-in-aust","Multivariate GARCH hedge ratios and hedging effectiveness in Australian futures markets","2005","https://research-repository.uwa.edu.au/en/publications/multivariate-garch-hedge-ratios-and-hedging-effectiveness-in-aust/","10.1111/j.1467-629x.2004.00119.x","Accounting and Finance","0810-5391","","A","3501","Joey Yang","Pure profile URL","high","ISSN/eISSN","matched"
"uwa-finance-009","Joey Yang","Associate Professor","D","some-statistical-models-for-durations-and-an-application-to-news-","Some statistical models for durations and an application to News Corporation stock prices","2005","https://research-repository.uwa.edu.au/en/publications/some-statistical-models-for-durations-and-an-application-to-news-/","10.1016/j.matcom.2005.02.005","Mathematics and Computers in Simulation","0378-4754","","","","Joey Yang","Pure profile URL","high","unmatched","unmatched"
"uwa-finance-022","Yihui Lan","Senior Lecturer","C","the-demand-for-vice-inter-commodity-interactions-with-uncertainty-2","The Demand For Vice Inter-Commodity Interactions With Uncertainty","2005","https://research-repository.uwa.edu.au/en/publications/the-demand-for-vice-inter-commodity-interactions-with-uncertainty-2/","","","","","","","Yihui Lan","Pure profile URL","high","unmatched","unmatched"
"uwa-finance-020","Vincent Chong","Head of Department","","the-effects-of-value-attainment-and-cognitive-roles-of-budgetary-","The Effects of Value Attainment and Cognitive Roles of Budgetary Participation on Job Performance","2005","https://research-repository.uwa.edu.au/en/publications/the-effects-of-value-attainment-and-cognitive-roles-of-budgetary-/","","","","","","","Vincent Chong","Pure profile URL","high","unmatched","unmatched"
"uwa-finance-020","Vincent Chong","Head of Department","","the-impact-of-market-competition-and-budgetary-participation-on-p","The impact of market competition and budgetary participation on performance and job satisfaction: a research note","2005","https://research-repository.uwa.edu.au/en/publications/the-impact-of-market-competition-and-budgetary-participation-on-p/","10.1016/j.bar.2004.06.007","The British Accounting Review","0890-8389","","A*","3501","Vincent Chong","Pure profile URL","high","ISSN/eISSN","matched"
"uwa-finance-022","Yihui Lan","Senior Lecturer","C","two-short-papers-on-marijuana-legalisation-and-drinking","Two Short Papers on Marijuana, Legalisation and Drinking","2005","https://research-repository.uwa.edu.au/en/publications/two-short-papers-on-marijuana-legalisation-and-drinking/","","","","","","","Yihui Lan","Pure profile URL","high","unmatched","unmatched"
"uwa-finance-016","Raymond Da Silva Rosa","Winthrop Professor","E","australian-mergers-and-acquisitions-since-the-1980s-what-do-we-kn","Australian Mergers and Acquisitions Since the 1980s: What Do We Know and What Remains to be Done?","2004","https://research-repository.uwa.edu.au/en/publications/australian-mergers-and-acquisitions-since-the-1980s-what-do-we-kn/","","Australian Journal of Management","0312-8962","","A","3502","Raymond Da Silva Rosa","Pure profile URL","high","ISSN/eISSN","matched"
"uwa-finance-016","Raymond Da Silva Rosa","Winthrop Professor","E","board-characteristics-of-australian-ipos-an-analysis-in-light-of-","Board Characteristics of Australian IPOs: An Analysis in Light of the ASX Best Practice Recommendations","2004","https://research-repository.uwa.edu.au/en/publications/board-characteristics-of-australian-ipos-an-analysis-in-light-of-/","","Australian Accounting Review","1035-6908","","B","3501","Raymond Da Silva Rosa","Pure profile URL","high","ISSN/eISSN","matched"
"uwa-finance-016","Raymond Da Silva Rosa","Winthrop Professor","E","competition-in-the-market-for-takeover-advisers","Competition in the Market for Takeover Advisers","2004","https://research-repository.uwa.edu.au/en/publications/competition-in-the-market-for-takeover-advisers/","","Australian Journal of Management","0312-8962","","A","3502","Raymond Da Silva Rosa","Pure profile URL","high","ISSN/eISSN","matched"
"uwa-finance-009","Joey Yang","Associate Professor","D","do-uk-stock-prices-deviate-from-fundmentals","Do UK stock prices deviate from fundmentals?","2004","https://research-repository.uwa.edu.au/en/publications/do-uk-stock-prices-deviate-from-fundmentals/","10.1016/S0378-4754(03)00103-4","Mathematics and Computers in Simulation","0378-4754","","","","Joey Yang","Pure profile URL","high","unmatched","unmatched"
"uwa-finance-022","Yihui Lan","Senior Lecturer","C","exchange-rates-productivity-poverty-and-inequality-2","Exchange Rates, Productivity, Poverty and Inequality","2004","https://research-repository.uwa.edu.au/en/publications/exchange-rates-productivity-poverty-and-inequality-2/","","","","","","","Yihui Lan","Pure profile URL","high","unmatched","unmatched"
"uwa-finance-022","Yihui Lan","Senior Lecturer","C","how-long-is-the-long-run-evidence-from-foreign-exchange-market","How Long is the Long-Run? Evidence from Foreign Exchange Market","2004","https://research-repository.uwa.edu.au/en/publications/how-long-is-the-long-run-evidence-from-foreign-exchange-market/","","","","","","","Yihui Lan","Pure profile URL","high","unmatched","unmatched"
"uwa-finance-020","Vincent Chong","Head of Department","","job-relevant-information-and-its-role-with-task-uncertainty-and-m","Job-Relevant Information and its Role with Task Uncertainty and Management Accounting Systems on Managerial Performance","2004","https://research-repository.uwa.edu.au/en/publications/job-relevant-information-and-its-role-with-task-uncertainty-and-m/","","Pacific Accounting Review","0114-0582","","B","3501","Vincent Chong","Pure profile URL","high","ISSN/eISSN","matched"
"uwa-finance-016","Raymond Da Silva Rosa","Winthrop Professor","E","market-returns-to-acquirers-of-substantial-assets","Market Returns to Acquirers of Substantial Assets","2004","https://research-repository.uwa.edu.au/en/publications/market-returns-to-acquirers-of-substantial-assets/","","Australian Journal of Management","0312-8962","","A","3502","Raymond Da Silva Rosa","Pure profile URL","high","ISSN/eISSN","matched"
"uwa-finance-016","Raymond Da Silva Rosa","Winthrop Professor","E","returns-to-australian-newsletter-recommendations","Returns to Australian Newsletter Recommendations","2004","https://research-repository.uwa.edu.au/en/publications/returns-to-australian-newsletter-recommendations/","","Australian Journal of Management","0312-8962","","A","3502","Raymond Da Silva Rosa","Pure profile URL","high","ISSN/eISSN","matched"
"uwa-finance-016","Raymond Da Silva Rosa","Winthrop Professor","E","the-association-of-corporate-governance-ratings-with-institutiona","The Association of Corporate Governance Ratings with Institutional Investor Trading Activity","2004","https://research-repository.uwa.edu.au/en/publications/the-association-of-corporate-governance-ratings-with-institutiona/","","","","","","","Raymond Da Silva Rosa","Pure profile URL","high","unmatched","unmatched"
"uwa-finance-016","Raymond Da Silva Rosa","Winthrop Professor","E","the-demutualisation-of-the-australian-stock-exchange-causes-and-c","The Demutualisation of the Australian Stock Exchange: Causes and Consequences","2004","https://research-repository.uwa.edu.au/en/publications/the-demutualisation-of-the-australian-stock-exchange-causes-and-c/","","","","","","","Raymond Da Silva Rosa","Pure profile URL","high","unmatched","unmatched"
"uwa-finance-016","Raymond Da Silva Rosa","Winthrop Professor","E","the-equity-wealth-effects-of-method-of-payment-in-takover-bids-fo","The Equity Wealth Effects of Method of Payment in Takover Bids for Privately Held Firms","2004","https://research-repository.uwa.edu.au/en/publications/the-equity-wealth-effects-of-method-of-payment-in-takover-bids-fo/","","Australian Journal of Management","0312-8962","","A","3502","Raymond Da Silva Rosa","Pure profile URL","high","ISSN/eISSN","matched"
"uwa-finance-020","Vincent Chong","Head of Department","","the-impact-of-emotional-reaction-and-cognitive-role-of-occupation","The Impact of Emotional Reaction and Cognitive Role of Occupational Stress on Public Accountants' Performance","2004","https://research-repository.uwa.edu.au/en/publications/the-impact-of-emotional-reaction-and-cognitive-role-of-occupation/","","Asian Review of Accounting","1321-7348","","B","3501","Vincent Chong","Pure profile URL","high","normalized journal title","matched"
"uwa-finance-018","Russell Poskitt","Senior Lecturer","C","the-pricing-of-instalments-receipts-new-zealand-evidence","The Pricing of Instalments Receipts: New Zealand Evidence","2004","https://research-repository.uwa.edu.au/en/publications/the-pricing-of-instalments-receipts-new-zealand-evidence/","10.1142/S0219091504000172","Review of Pacific Basin Financial Markets and Policies","0219-0915","","B","3502","Russell Poskitt","Pure profile URL","high","ISSN/eISSN","matched"
"uwa-finance-020","Vincent Chong","Head of Department","","total-quality-management-market-competition-and-organizational-pe","Total Quality Management, Market Competition and Organizational Performance","2004","https://research-repository.uwa.edu.au/en/publications/total-quality-management-market-competition-and-organizational-pe/","10.1016/j.bar.2003.10.006","British Accounting Review","0890-8389","","A*","3501","Vincent Chong","Pure profile URL","high","ISSN/eISSN","matched"
"uwa-finance-020","Vincent Chong","Head of Department","","testing-a-model-of-the-motivational-role-of-budgetary-participati","Testing a model of the motivational role of budgetary participation on job performance: a goal setting theory analysis","2003","https://research-repository.uwa.edu.au/en/publications/testing-a-model-of-the-motivational-role-of-budgetary-participati/","","Asian Review of Accounting","1321-7348","","B","3501","Vincent Chong","Pure profile URL","high","normalized journal title","matched"
"uwa-finance-020","Vincent Chong","Head of Department","","the-decision-facilitating-role-of-management-accounting-systems-o","The decision-facilitating role of management accounting systems on managerial performance: the influence of locus of control and task uncertainty.","2003","https://research-repository.uwa.edu.au/en/publications/the-decision-facilitating-role-of-management-accounting-systems-o/","10.1016/S0882-6110(03)20008-0","Advances in Accounting","0882-6110","","A","3501","Vincent Chong","Pure profile URL","high","ISSN/eISSN","matched"
"uwa-finance-016","Raymond Da Silva Rosa","Winthrop Professor","E","the-sharemarket-performance-of-australian-venture-capital-backed-","The sharemarket performance of Australian venture capital-backed and non-venture capital-backed IPOs","2003","https://research-repository.uwa.edu.au/en/publications/the-sharemarket-performance-of-australian-venture-capital-backed-/","10.1016/S0927-538X(02)00114-2","Pacific-Basin Finance Journal","0927-538X","","A","3502","Raymond Da Silva Rosa","Pure profile URL","high","ISSN/eISSN","matched"
"uwa-finance-020","Vincent Chong","Head of Department","","a-note-on-testing-a-model-of-cognitive-budgetary-participation-pr","A Note on Testing a Model of Cognitive Budgetary Participation Processes Using a Structural Equation Modeling Approach","2002","https://research-repository.uwa.edu.au/en/publications/a-note-on-testing-a-model-of-cognitive-budgetary-participation-pr/","10.1016/S0882-6110(02)19003-1","Advances in Accounting","","","A","3501","Vincent Chong","Pure profile URL","high","normalized journal title","matched"
"uwa-finance-020","Vincent Chong","Head of Department","","a-study-on-the-implementation-of-an-activity-based-costing-abc-sy","A Study on the Implementation of an Activity-Based Costing (ABC) System in an Australian Oil and Gas Company","2002","https://research-repository.uwa.edu.au/en/publications/a-study-on-the-implementation-of-an-activity-based-costing-abc-sy/","","Asian Review of Accounting","1321-7348","","B","3501","Vincent Chong","Pure profile URL","high","normalized journal title","matched"
"uwa-finance-018","Russell Poskitt","Senior Lecturer","C","an-intraday-test-of-pricing-and-arbitrage-opportunities-in-the-ne","An Intraday Test of Pricing and Arbitrage Opportunities in the New Zealand Bank Bill Futures Market","2002","https://research-repository.uwa.edu.au/en/publications/an-intraday-test-of-pricing-and-arbitrage-opportunities-in-the-ne/","","Journal of Futures Markets","0270-7314","","A","3502","Russell Poskitt","Pure profile URL","high","ISSN/eISSN","matched"
"uwa-finance-020","Vincent Chong","Head of Department","","budget-goal-commitment-and-informational-effects-of-budget-partic","Budget Goal Commitment and Informational Effects of Budget Participation on Performance: A Structural Equation Modeling Approach","2002","https://research-repository.uwa.edu.au/en/publications/budget-goal-commitment-and-informational-effects-of-budget-partic/","","Behavioural Research in Accounting","1050-4753","","A","3501","Vincent Chong","Pure profile URL","high","ISSN/eISSN","matched"
"uwa-finance-020","Vincent Chong","Head of Department","","budgeting-the-influence-of-role-ambiguity-and-organizational-comm","BUDGETING -THE INFLUENCE OF ROLE AMBIGUITY AND ORGANIZATIONAL COMMITMENT ON JOB SATISFACTION: AN AUSTRALIAN FINANCIAL SERVICES SECTOR","2002","https://research-repository.uwa.edu.au/en/publications/budgeting-the-influence-of-role-ambiguity-and-organizational-comm/","","","","","","","Vincent Chong","Pure profile URL","high","unmatched","unmatched"
"uwa-finance-020","Vincent Chong","Head of Department","","the-role-of-feedback-on-the-relationship-between-budgetary-partic","The Role of Feedback on the Relationship Between Budgetary Participation and Performance","2002","https://research-repository.uwa.edu.au/en/publications/the-role-of-feedback-on-the-relationship-between-budgetary-partic/","","Pacific Accounting Review","0114-0582","","B","3501","Vincent Chong","Pure profile URL","high","ISSN/eISSN","matched"
"uwa-finance-020","Vincent Chong","Head of Department","","cooperative-learning-the-role-of-feedback-and-use-of-lecture-acti","Cooperative Learning: The Role of Feedback and Use of Lecture Activities on Students' Academic Performance","2001","https://research-repository.uwa.edu.au/en/publications/cooperative-learning-the-role-of-feedback-and-use-of-lecture-acti/","","Accounting Research Journal","1030-9616","","B","3501","Vincent Chong","Pure profile URL","high","ISSN/eISSN","matched"
"uwa-finance-020","Vincent Chong","Head of Department","","testing-the-performance-effects-of-the-cognitive-and-value-attain","Testing the Performance Effects of the Cognitive and Value Attainments Roles of Budget Participation Using a Structural Equation Modeling Technique","2001","https://research-repository.uwa.edu.au/en/publications/testing-the-performance-effects-of-the-cognitive-and-value-attain/","","","","","","","Vincent Chong","Pure profile URL","high","unmatched","unmatched"
"uwa-finance-020","Vincent Chong","Head of Department","","the-impact-of-occupational-stress-on-job-related-attitudes-and-th","The Impact of Occupational Stress on Job-Related Attitudes and the Performance of Public Accountants","2001","https://research-repository.uwa.edu.au/en/publications/the-impact-of-occupational-stress-on-job-related-attitudes-and-th/","","","","","","","Vincent Chong","Pure profile URL","high","unmatched","unmatched"
"uwa-finance-020","Vincent Chong","Head of Department","","the-effects-of-role-stress-on-budgetary-participation-and-job-sat","The Effects of Role Stress on Budgetary Participation and Job Satisfaction-Performance Linkages: A Test of Two Different Models","2000","https://research-repository.uwa.edu.au/en/publications/the-effects-of-role-stress-on-budgetary-participation-and-job-sat/","","Advances in Accounting Behavioural Research","1474-7979","","C","3506","Vincent Chong","Pure profile URL","high","ISSN/eISSN","matched"
"uwa-finance-018","Russell Poskitt","Senior Lecturer","C","price-discovery-in-cash-and-futures-interest-rate-markets-in-new-","Price discovery in cash and futures interest rate markets in New Zealand","1999","https://research-repository.uwa.edu.au/en/publications/price-discovery-in-cash-and-futures-interest-rate-markets-in-new-/","","Applied Financial Economics","0960-3107","","B","3502","Russell Poskitt","Pure profile URL","high","ISSN/eISSN","matched"
"uwa-finance-016","Raymond Da Silva Rosa","Winthrop Professor","E","australias-corporate-law-reform-and-the-market-for-corporate-cont","Australia's Corporate Law Reform and the Market for Corporate Control","1998","https://research-repository.uwa.edu.au/en/publications/australias-corporate-law-reform-and-the-market-for-corporate-cont/","","Agenda","","","","","Raymond Da Silva Rosa","Pure profile URL","high","unmatched","unmatched"
"uwa-finance-018","Russell Poskitt","Senior Lecturer","C","current-cost-accounting-and-its-revival-in-ed-82-a-reappraisal","Current cost accounting and its revival in ED-82 - A reappraisal","1998","https://research-repository.uwa.edu.au/en/publications/current-cost-accounting-and-its-revival-in-ed-82-a-reappraisal/","","Pacific Accounting Review","0114-0582","","B","3501","Russell Poskitt","Pure profile URL","high","ISSN/eISSN","matched"
"uwa-finance-018","Russell Poskitt","Senior Lecturer","C","price-discovery-in-derivative-markets-bank-bill-futures-v-fra-mar","Price discovery in derivative markets: bank bill futures v FRA markets","1998","https://research-repository.uwa.edu.au/en/publications/price-discovery-in-derivative-markets-bank-bill-futures-v-fra-mar/","","Accounting Research Journal","1030-9616","","B","3501","Russell Poskitt","Pure profile URL","high","ISSN/eISSN","matched"
"uwa-finance-016","Raymond Da Silva Rosa","Winthrop Professor","E","research-method-and-the-long-run-performance-of-acquiring-firms","Research Method and the Long-Run Performance of Acquiring Firms","1998","https://research-repository.uwa.edu.au/en/publications/research-method-and-the-long-run-performance-of-acquiring-firms/","","Australian Journal of Management","","","A","3502","Raymond Da Silva Rosa","Pure profile URL","high","normalized journal title","matched"
"uwa-finance-020","Vincent Chong","Head of Department","","testing-the-contingency-fit-on-the-relation-between-management-ac","Testing the Contingency ‘Fit’ on the Relation between Management Accounting Systems and Managerial Performance: A Note on the Moderating Role of Tolerance for Ambiguity.","1998","https://research-repository.uwa.edu.au/en/publications/testing-the-contingency-fit-on-the-relation-between-management-ac/","","The British Accounting Review","0890-8389","","A*","3501","Vincent Chong","Pure profile URL","high","ISSN/eISSN","matched"
"uwa-finance-018","Russell Poskitt","Senior Lecturer","C","the-pricing-of-bank-bill-futures-and-fra-contracts-in-new-zealand","The pricing of bank bill futures and FRA contracts in New Zealand","1998","https://research-repository.uwa.edu.au/en/publications/the-pricing-of-bank-bill-futures-and-fra-contracts-in-new-zealand/","","Accounting & Finance","0810-5391","","A","3501","Russell Poskitt","Pure profile URL","high","ISSN/eISSN","matched"
"uwa-finance-020","Vincent Chong","Head of Department","","strategic-choices-environmental-uncertainty-and-sbu-performance-a","Strategic Choices, Environmental Uncertainty, and SBU Performance: A Note on the Intervening Role of Management Accounting Systems","1997","https://research-repository.uwa.edu.au/en/publications/strategic-choices-environmental-uncertainty-and-sbu-performance-a/","","Accounting and Business Research","0001-4788","","A","3501","Vincent Chong","Pure profile URL","high","ISSN/eISSN","matched"
"uwa-finance-020","Vincent Chong","Head of Department","","student-performance-and-computer-usage-a-synthesis-of-two-differe","Student Performance and Computer Usage: A Synthesis of Two Different Perspectives","1997","https://research-repository.uwa.edu.au/en/publications/student-performance-and-computer-usage-a-synthesis-of-two-differe/","","Accounting Research Journal","1030-9616","","B","3501","Vincent Chong","Pure profile URL","high","ISSN/eISSN","matched"
"uwa-finance-016","Raymond Da Silva Rosa","Winthrop Professor","E","takeover-activity-and-shareholder-wealth-1974-1995","Takeover Activity and Shareholder Wealth: 1974-1995","1997","https://research-repository.uwa.edu.au/en/publications/takeover-activity-and-shareholder-wealth-1974-1995/","","","","","","","Raymond Da Silva Rosa","Pure profile URL","high","unmatched","unmatched"
"uwa-finance-016","Raymond Da Silva Rosa","Winthrop Professor","E","takeovers-who-wins","Takeovers: Who Wins","1997","https://research-repository.uwa.edu.au/en/publications/takeovers-who-wins/","","JASSA","","","","","Raymond Da Silva Rosa","Pure profile URL","high","unmatched","unmatched"
"uwa-finance-020","Vincent Chong","Head of Department","","management-accounting-systems-task-uncertainty-and-managerial-per","Management accounting systems, task uncertainty and managerial performance: a research note","1996","https://research-repository.uwa.edu.au/en/publications/management-accounting-systems-task-uncertainty-and-managerial-per/","","Accounting, Organizations and Society","0361-3682","","A*","3501","Vincent Chong","Pure profile URL","high","ISSN/eISSN","matched"
"uwa-finance-016","Raymond Da Silva Rosa","Winthrop Professor","E","measuring-long-run-performance-the-impact-of-survivorship-bias-re","Measuring Long-run Performance: The Impact of Survivorship Bias, Returns Asymmetry and Firm Size","1996","https://research-repository.uwa.edu.au/en/publications/measuring-long-run-performance-the-impact-of-survivorship-bias-re/","","","","","","","Raymond Da Silva Rosa","Pure profile URL","high","unmatched","unmatched"
"uwa-finance-016","Raymond Da Silva Rosa","Winthrop Professor","E","measuring-long-run-sharemarket-performance-the-impact-of-survivor","Measuring Long-Run Sharemarket Performance : The Impact of Survivorship Bias, Firm, Size and Return Asymmetry","1995","https://research-repository.uwa.edu.au/en/publications/measuring-long-run-sharemarket-performance-the-impact-of-survivor/","","","","","","","Raymond Da Silva Rosa","Pure profile URL","high","unmatched","unmatched"
"uwa-finance-016","Raymond Da Silva Rosa","Winthrop Professor","E","returns-to-shareholders-of-firms-involved-in-australian-corporate","Returns to Shareholders of Firms Involved in Australian Corporate Takeovers : A Re-examination","1995","https://research-repository.uwa.edu.au/en/publications/returns-to-shareholders-of-firms-involved-in-australian-corporate/","","","","","","","Raymond Da Silva Rosa","Pure profile URL","high","unmatched","unmatched"
"uwa-finance-016","Raymond Da Silva Rosa","Winthrop Professor","E","an-investigation-of-the-size-effect-anomaly-on-the-abnormal-retur","An Investigation of the Size Effect Anomaly on the Abnormal Returns to Firms involved in Corporate Takeovers","1992","https://research-repository.uwa.edu.au/en/publications/an-investigation-of-the-size-effect-anomaly-on-the-abnormal-retur/","","","","","","","Raymond Da Silva Rosa","Pure profile URL","high","unmatched","unmatched"
"uwa-finance-016","Raymond Da Silva Rosa","Winthrop Professor","E","consistency-between-accounting-and-sharemarket-based-assessments-","Consistency Between Accounting and Sharemarket Based Assessments of the Economic Consequences of Takeover Activity: An Investigation","1992","https://research-repository.uwa.edu.au/en/publications/consistency-between-accounting-and-sharemarket-based-assessments-/","","","","","","","Raymond Da Silva Rosa","Pure profile URL","high","unmatched","unmatched"
