espace_id,name,journal_key,title,year,type,abdc,link
6079108,Shaun Bond,1094-4060,Mandatory disclosures of greenhouse gas emissions and managerial myopia: evidence from the United States,2025,Journal Article,A,https://espace.library.uq.edu.au/view/UQ:02e94da
6079108,Shaun Bond,1556-5068,Large language models and financial market sentiment,2023,Journal Article,,https://espace.library.uq.edu.au/view/UQ:18ec8d4
6079108,Shaun Bond,1062-9769,Seasonal patterns of earnings releases and post-earnings announcement drift,2023,Journal Article,B,https://espace.library.uq.edu.au/view/UQ:4a30105
6079108,Shaun Bond,1058-3300,Homemade equity offerings via dividend reinvestment and stock purchase plans,2023,Journal Article,B,https://espace.library.uq.edu.au/view/UQ:6345a6d
6079108,Shaun Bond,,Building business resilience,2022,Research Report,,https://espace.library.uq.edu.au/view/UQ:e5f0850
6079108,Shaun Bond,0895-5638,Systematic mispricing: evidence from real estate markets,2022,Journal Article,A,https://espace.library.uq.edu.au/view/UQ:4466e5b
6079108,Shaun Bond,1080-8620,The role of parents on the home ownership experience of their children: evidence from the health and retirement study,2020,Journal Article,A,https://espace.library.uq.edu.au/view/UQ:997d766
6079108,Shaun Bond,1080-8620,The impact of dividend reinvestment plans on firm payout choices-evidence from real estate investment trusts,2019,Journal Article,A,https://espace.library.uq.edu.au/view/UQ:35cafca
6079108,Shaun Bond,0895-5638,Commercial real estate market property level capital expenditures: An options analysis,2019,Journal Article,A,https://espace.library.uq.edu.au/view/UQ:64825b6
6079108,Shaun Bond,2090-3367,"Joint distribution of forecasts and outcomes: Impact of non-normality on the measurement of forecasting skill, with applications to analysts' target prices",2018,Journal Article,,https://espace.library.uq.edu.au/view/UQ:0c65502
6079108,Shaun Bond,0895-5638,The cross section of expected real estate returns: Insights from investment-based asset pricing,2016,Journal Article,A,https://espace.library.uq.edu.au/view/UQ:dcd1924
6079108,Shaun Bond,0895-5638,Incentivizing green single-family construction: Identifying effective government policies and their features,2016,Journal Article,A,https://espace.library.uq.edu.au/view/UQ:59c81ba
6079108,Shaun Bond,0895-5638,Certification matters: Is green talk cheap talk?,2015,Journal Article,A,https://espace.library.uq.edu.au/view/UQ:d1ca517
6079108,Shaun Bond,1080-8620,The impact of leveraged and inverse ETFs on underlying real estate returns: Leverage and inverse ETFs and REITs,2014,Journal Article,A,https://espace.library.uq.edu.au/view/UQ:62d5177
6079108,Shaun Bond,,REITs and the Private Real Estate Market,2013,Book Chapter,,https://espace.library.uq.edu.au/view/UQ:6af923e
6079108,Shaun Bond,0959-9916,The impact of enterprise zone tax incentives on local property markets in England: who actually benefits?,2013,Journal Article,B,https://espace.library.uq.edu.au/view/UQ:77a567b
6079108,Shaun Bond,0261-5606,Liquidity dynamics across public and private markets,2012,Journal Article,A,https://espace.library.uq.edu.au/view/UQ:4e0e874
6079108,Shaun Bond,1080-8620,Commercial real estate returns: An anatomy of smoothing in asset and index returns: An anatomy of smoothing in asset and index returns,2012,Journal Article,A,https://espace.library.uq.edu.au/view/UQ:52587d8
6079108,Shaun Bond,0095-4918,The information content of real estate derivative prices,2011,Journal Article,A,https://espace.library.uq.edu.au/view/UQ:82a7179
6079108,Shaun Bond,0895-5638,Alpha and persistence in real estate fund performance,2010,Journal Article,A,https://espace.library.uq.edu.au/view/UQ:b33029f
6079108,Shaun Bond,0895-5638,Maastricht–Cambridge–MIT Symposium 2006 : Editors’ Introduction,2008,Journal Article,A,https://espace.library.uq.edu.au/view/UQ:57a895e
6079108,Shaun Bond,0895-5638,Lease maturity and initial rent: Is there a term structure for UK commercial property leases?,2007,Journal Article,A,https://espace.library.uq.edu.au/view/UQ:90cf448
6079108,Shaun Bond,,An econometric model of downside risk,2007,Book Chapter,,https://espace.library.uq.edu.au/view/UQ:87c2bba
6079108,Shaun Bond,1080-8620,"Smoothing, nonsynchronous appraisal and cross-sectional aggregation in real estate price indices",2007,Journal Article,A,https://espace.library.uq.edu.au/view/UQ:fca057b
6079108,Shaun Bond,0895-5638,Marketing period risk in a portfolio context: Theory and empirical estimates from the UK commercial real estate market,2007,Journal Article,A,https://espace.library.uq.edu.au/view/UQ:136523
6079108,Shaun Bond,0095-4918,Will private equity and hedge funds replace real estate in mixed-asset portfolios? Not likely,2007,Journal Article,A,https://espace.library.uq.edu.au/view/UQ:130262
6079108,Shaun Bond,0021-9398,"Asymmetry, Loss Aversion, and Forecasting*",2006,Journal Article,,https://espace.library.uq.edu.au/view/UQ:34c3395
6079108,Shaun Bond,1351-847X,Asymmetry and downside risk in foreign exchange markets,2006,Journal Article,A,https://espace.library.uq.edu.au/view/UQ:aa5e8db
6079108,Shaun Bond,1470-8272,Optimal allocation to real estate incorporating illiquidity risk,2006,Journal Article,B,https://espace.library.uq.edu.au/view/UQ:2fb1834
6079108,Shaun Bond,0895-5638,A web of shocks: Crises across Asian real estate markets,2006,Conference Paper,A,https://espace.library.uq.edu.au/view/UQ:60fb509
6079108,Shaun Bond,1556-5068,The performance and diversification benefits of European public real estate securities,2006,Journal Article,,https://espace.library.uq.edu.au/view/UQ:a3f93c5
6079108,Shaun Bond,1556-5068,The capital structure decision for listed real estate companies,2006,Journal Article,,https://espace.library.uq.edu.au/view/UQ:78226e0
6079108,Shaun Bond,1080-8620,A measure of fundamental volatility in the commercial property market,2003,Journal Article,A,https://espace.library.uq.edu.au/view/UQ:488af6c
6079108,Shaun Bond,1080-8620,"International real estate returns: A multifactor, multicountry approach",2003,Journal Article,A,https://espace.library.uq.edu.au/view/UQ:6a45bb9
6079108,Shaun Bond,0895-5638,The conditional distribution of real estate returns: Are higher moments time varying?,2003,Conference Paper,A,https://espace.library.uq.edu.au/view/UQ:1b60658
6079108,Shaun Bond,1350-486X,Statistical properties of the sample semi-variance,2002,Journal Article,B,https://espace.library.uq.edu.au/view/UQ:6a58d91
7627091,Yong Ming Chen,1059-0560,Uncovering the distress anomaly: The role of insider silence and limited investor attention,2025,Journal Article,A,https://espace.library.uq.edu.au/view/UQ:28c34e5
7627091,Yong Ming Chen,1544-6123,The dual purpose of insider trading: Signaling quality and battling shorts,2023,Journal Article,A,https://espace.library.uq.edu.au/view/UQ:861e9fe
2254822,Hasibul Chowdhury,1815-5669,Brand capital and labor investment efficiency,2026,Journal Article,A,https://espace.library.uq.edu.au/view/UQ:e5571c6
2254822,Hasibul Chowdhury,0737-4607,Safety begins at home: supply chain power and workplace safety,2026,Journal Article,A,https://espace.library.uq.edu.au/view/UQ:77c9c2a
2254822,Hasibul Chowdhury,0732-8516,Does a CEO's network capital affect workplace safety?,2026,Journal Article,A,https://espace.library.uq.edu.au/view/UQ:aa730be
2254822,Hasibul Chowdhury,0890-8389,Institutional shareholder distraction and workplace safety,2026,Journal Article,A*,https://espace.library.uq.edu.au/view/UQ:7ce7474
2254822,Hasibul Chowdhury,1059-0560,Natural disasters and corporate default risk,2026,Journal Article,A,https://espace.library.uq.edu.au/view/UQ:361654c
2254822,Hasibul Chowdhury,1059-0560,Does climate policy uncertainty affect a firm’s lease versus buy decision? Evidence from the US,2025,Journal Article,A,https://espace.library.uq.edu.au/view/UQ:931cf8c
2254822,Hasibul Chowdhury,0737-4607,Investor overconfidence and stock&nbsp;price crash risk,2025,Journal Article,A,https://espace.library.uq.edu.au/view/UQ:e5bee2d
2254822,Hasibul Chowdhury,0270-2592,Do product market threats affect the leasing decision?,2025,Journal Article,A,https://espace.library.uq.edu.au/view/UQ:a599169
2254822,Hasibul Chowdhury,1044-0283,Social capital and leasing,2025,Journal Article,A,https://espace.library.uq.edu.au/view/UQ:93297bb
2254822,Hasibul Chowdhury,0270-2592,Does the linguistic complexity of annual reports affect the corporate leasing decision?,2025,Journal Article,A,https://espace.library.uq.edu.au/view/UQ:8fc07ed
2254822,Hasibul Chowdhury,0964-8410,Do CEOs' industry tournament incentives affect stock liquidity?,2025,Journal Article,A,https://espace.library.uq.edu.au/view/UQ:7f62600
2254822,Hasibul Chowdhury,0810-5391,Labour investment efficiency and social capital,2025,Journal Article,A,https://espace.library.uq.edu.au/view/UQ:6d4c97c
2254822,Hasibul Chowdhury,1572-3089,Organization capital and labor investment efficiency,2025,Journal Article,A*,https://espace.library.uq.edu.au/view/UQ:f860431
2254822,Hasibul Chowdhury,1351-847X,Corporate sexual orientation equality and dividend payout,2025,Journal Article,A,https://espace.library.uq.edu.au/view/UQ:e8d829e
2254822,Hasibul Chowdhury,0963-8180,Does exchange-traded fund ownership affect a firm’s expected crash risk?,2025,Journal Article,A*,https://espace.library.uq.edu.au/view/UQ:4410e39
2254822,Hasibul Chowdhury,0306-686X,Acquisitions and social capital,2024,Journal Article,A*,https://espace.library.uq.edu.au/view/UQ:009856d
2254822,Hasibul Chowdhury,1044-0283,U.S. Political corruption and labor investment (in)efficiency,2024,Journal Article,A,https://espace.library.uq.edu.au/view/UQ:4efc793
2254822,Hasibul Chowdhury,1815-5669,Tournament-based incentives and media sentiment,2023,Journal Article,A,https://espace.library.uq.edu.au/view/UQ:8104ac3
2254822,Hasibul Chowdhury,0378-4266,Do tournament incentives affect corporate dividend policy?,2023,Journal Article,A*,https://espace.library.uq.edu.au/view/UQ:ed665cb
2254822,Hasibul Chowdhury,0927-538X,Corporate cash holdings through economic policy uncertainty: An Australian study,2023,Journal Article,A,https://espace.library.uq.edu.au/view/UQ:6287fa7
2254822,Hasibul Chowdhury,0378-4266,Tournament-based incentives and the lease-versus-buy decision,2023,Journal Article,A*,https://espace.library.uq.edu.au/view/UQ:65a2304
2254822,Hasibul Chowdhury,1044-0283,Equity market response to natural disasters: Does firm's corporate social responsibility make difference?,2023,Journal Article,A,https://espace.library.uq.edu.au/view/UQ:eadc80d
2254822,Hasibul Chowdhury,1044-0283,Does corporate sexual orientation equality affect labor investment efficiency?,2022,Journal Article,A,https://espace.library.uq.edu.au/view/UQ:ea2ec2a
2254822,Hasibul Chowdhury,2214-6350,Do external labor market incentives improve labor investment efficiency?,2022,Journal Article,A,https://espace.library.uq.edu.au/view/UQ:1fabc95
2254822,Hasibul Chowdhury,2214-6350,Does a competitive external labour market affect corporate social responsibility? Evidence from industry tournament incentives,2022,Journal Article,A,https://espace.library.uq.edu.au/view/UQ:3ff33f3
2254822,Hasibul Chowdhury,2214-6350,CEO centrality and stock price crash risk,2021,Journal Article,A,https://espace.library.uq.edu.au/view/UQ:8c0a52e
2254822,Hasibul Chowdhury,1467-629X,Using abnormal analyst coverage to unlock new evidence on stock price crash risk,2021,Journal Article,A,https://espace.library.uq.edu.au/view/UQ:d29ce99
2254822,Hasibul Chowdhury,0312-8962,Does firm life cycle have impacts on managerial promotion tournament incentives?,2020,Journal Article,A,https://espace.library.uq.edu.au/view/UQ:5a4ec2c
2254822,Hasibul Chowdhury,0929-1199,Do external labour market incentives constrain bad news hoarding? The CEO's industry tournament and crash risk reduction,2020,Journal Article,A*,https://espace.library.uq.edu.au/view/UQ:951d2ae
2254822,Hasibul Chowdhury,0810-5391,Leverage deviation from the target debt ratio and leasing,2020,Journal Article,A,https://espace.library.uq.edu.au/view/UQ:53f7f51
2254822,Hasibul Chowdhury,0312-8962,Evidence on the trade-off between corporate social responsibility and mergers and acquisitions investment,2020,Journal Article,A,https://espace.library.uq.edu.au/view/UQ:3e720de
2254822,Hasibul Chowdhury,0148-2963,"Corporate social responsibility, overconfident CEOs and empire building: agency and stakeholder theoretic perspectives",2020,Journal Article,A,https://espace.library.uq.edu.au/view/UQ:a5a0fa7
2254822,Hasibul Chowdhury,,Essays on executive pay disparity,2019,Thesis,,https://espace.library.uq.edu.au/view/UQ:3e5822e
7275857,Nicolas Eugster,0270-2592,Does the linguistic complexity of annual reports affect the corporate leasing decision?,2025,Journal Article,A,https://espace.library.uq.edu.au/view/UQ:8fc07ed
7275857,Nicolas Eugster,,The behavior of stock prices around the ex-day during a dividend shortage,2025,Research Report,,https://espace.library.uq.edu.au/view/UQ:12a4323
7275857,Nicolas Eugster,0929-1199,Family firms and carbon emissions,2024,Journal Article,A*,https://espace.library.uq.edu.au/view/UQ:c4aa964
7275857,Nicolas Eugster,0022-1082,Nonstandard errors,2024,Journal Article,A*,https://espace.library.uq.edu.au/view/UQ:fb225ce
7275857,Nicolas Eugster,1057-5219,Internal governance mechanisms and corporate misconduct,2024,Journal Article,A,https://espace.library.uq.edu.au/view/UQ:b78c04d
7275857,Nicolas Eugster,2084-6258,In search of accounting principles for the central bank,2023,Journal Article,,https://espace.library.uq.edu.au/view/UQ:8ffd289
7275857,Nicolas Eugster,1044-0283,Large blockholders and stock price crash risk: an international study,2023,Journal Article,A,https://espace.library.uq.edu.au/view/UQ:71e3335
7275857,Nicolas Eugster,1369-412X,"Chasing dividends during the
            COVID
            ‐19 pandemic",2022,Journal Article,A,https://espace.library.uq.edu.au/view/UQ:7c1fe13
7275857,Nicolas Eugster,1057-5219,Is competition beneficial? The case of exchange traded funds,2021,Journal Article,A,https://espace.library.uq.edu.au/view/UQ:a72ee9a
7275857,Nicolas Eugster,0927-538X,Family firms and financial analyst activity,2019,Journal Article,A,https://espace.library.uq.edu.au/view/UQ:f64d0f9
7275857,Nicolas Eugster,0378-4266,"Founding family ownership, stock market returns, and agency problems",2019,Journal Article,A*,https://espace.library.uq.edu.au/view/UQ:c04561b
7275857,Nicolas Eugster,1556-5068,Ownership structure and mergers and acquisitions decisions: are family firms different acquirers?,2015,Working Paper,,https://espace.library.uq.edu.au/view/UQ:d91f74c
87704,Khoa Hoang,0737-4607,Investor overconfidence and stock&nbsp;price crash risk,2025,Journal Article,A,https://espace.library.uq.edu.au/view/UQ:e5bee2d
87704,Khoa Hoang,0270-2592,Do product market threats affect the leasing decision?,2025,Journal Article,A,https://espace.library.uq.edu.au/view/UQ:a599169
87704,Khoa Hoang,0927-538X,Resurrecting the market factor: a case of data mining across international markets,2023,Journal Article,A,https://espace.library.uq.edu.au/view/UQ:c4d1858
87704,Khoa Hoang,0927-538X,Economic uncertainty and cross section of stock returns: Australian evidence,2022,Journal Article,A,https://espace.library.uq.edu.au/view/UQ:1da2e10
87704,Khoa Hoang,1467-629X,Using abnormal analyst coverage to unlock new evidence on stock price crash risk,2021,Journal Article,A,https://espace.library.uq.edu.au/view/UQ:d29ce99
87704,Khoa Hoang,0927-538X,Managerial rents vs. shareholder value in closed-end funds: evidence from China,2020,Journal Article,A,https://espace.library.uq.edu.au/view/UQ:9690529
87704,Khoa Hoang,1386-4181,Predicting stock returns with implied cost of capital: a partial least squares approach,2020,Journal Article,A*,https://espace.library.uq.edu.au/view/UQ:0e5ab16
87704,Khoa Hoang,0810-5391,Is the ex-ante equity premium always positive? Evidence from a new conditional expectations model,2019,Journal Article,A,https://espace.library.uq.edu.au/view/UQ:f5063d7
87704,Khoa Hoang,0927-538X,Is that factor just lucky? Australian evidence,2019,Journal Article,A,https://espace.library.uq.edu.au/view/UQ:4ce00b8
87704,Khoa Hoang,1467-629X,Analyst vs. model-based earnings forecasts: implied cost of capital applications,2019,Journal Article,A,https://espace.library.uq.edu.au/view/UQ:d28645c
87704,Khoa Hoang,,Three essays on modelling and testing the conditional risk premium,2016,Thesis,,https://espace.library.uq.edu.au/view/UQ:377418
87704,Khoa Hoang,0312-8962,Market discipline and bank risk taking,2013,Journal Article,A,https://espace.library.uq.edu.au/view/UQ:305721
7639113,Weiting Hu,0046-3892,Price and non‐price terms of syndicated loans to technology firms,2026,Journal Article,A*,https://espace.library.uq.edu.au/view/UQ:2ff0f37
7639113,Weiting Hu,,"Social media attention, stock returns and retail trades",2024,Working Paper,,https://espace.library.uq.edu.au/view/UQ:5dadafe
87707,Ronghong Huang,0737-4607,Investor overconfidence and stock&nbsp;price crash risk,2025,Journal Article,A,https://espace.library.uq.edu.au/view/UQ:e5bee2d
87707,Ronghong Huang,1047-7039,CEO Initial Contract Duration and Corporate Acquisitions,2024,Journal Article,A*,https://espace.library.uq.edu.au/view/UQ:6c5adea
87707,Ronghong Huang,0927-538X,Resurrecting the market factor: a case of data mining across international markets,2023,Journal Article,A,https://espace.library.uq.edu.au/view/UQ:c4d1858
87707,Ronghong Huang,0890-8389,Missing the boat: regulatory approval delay and investment project outcomes,2023,Journal Article,A*,https://espace.library.uq.edu.au/view/UQ:54c8f86
87707,Ronghong Huang,0927-538X,Economic uncertainty and cross section of stock returns: Australian evidence,2022,Journal Article,A,https://espace.library.uq.edu.au/view/UQ:1da2e10
87707,Ronghong Huang,1386-4181,Predicting stock returns with implied cost of capital: a partial least squares approach,2020,Journal Article,A*,https://espace.library.uq.edu.au/view/UQ:0e5ab16
87707,Ronghong Huang,0927-538X,Is that factor just lucky? Australian evidence,2019,Journal Article,A,https://espace.library.uq.edu.au/view/UQ:4ce00b8
87707,Ronghong Huang,,Managerial Overconfidence and Corporate Finance Policies,2017,Thesis,,https://espace.library.uq.edu.au/view/UQ:683454
87707,Ronghong Huang,0929-1199,CEO overconfidence and corporate debt maturity,2016,Journal Article,A*,https://espace.library.uq.edu.au/view/UQ:374513
6004495,Shirina Lin,0378-4266,Do managerial traits matter in corporate lobbying? Evidence from overconfident CEOs,2026,Journal Article,A*,https://espace.library.uq.edu.au/view/UQ:ff2011f
5497249,Leo Luong,0964-8410,Do CEOs' industry tournament incentives affect stock liquidity?,2025,Journal Article,A,https://espace.library.uq.edu.au/view/UQ:7f62600
5497249,Leo Luong,0025-1909,Reproducibility in Management Science,2024,Journal Article,A*,https://espace.library.uq.edu.au/view/UQ:95040df
5497249,Leo Luong,0927-538X,Political uncertainty and commonality in liquidity,2024,Journal Article,A,https://espace.library.uq.edu.au/view/UQ:f2fa420
5497249,Leo Luong,,Mandatory ESG disclosure and IPO underpricing worldwide,2023,Conference Paper,,https://espace.library.uq.edu.au/view/UQ:1647902
5497249,Leo Luong,,Foreign expansion and corporate innovation: cross-country evidence,2021,Working Paper,,https://espace.library.uq.edu.au/view/UQ:344bddc
5497249,Leo Luong,0929-1199,Does takeover activity affect stock price crash risk? Evidence from international M&amp;A laws,2020,Journal Article,A*,https://espace.library.uq.edu.au/view/UQ:ca03952
5497249,Leo Luong,1057-5219,Media coverage and stock price synchronicity,2020,Journal Article,A,https://espace.library.uq.edu.au/view/UQ:a807b8f
5497249,Leo Luong,1354-7798,Individualistic cultures and crash risk,2019,Journal Article,A,https://espace.library.uq.edu.au/view/UQ:f662033
5497249,Leo Luong,0022-1090,How do foreign institutional investors enhance firm innovation?,2017,Journal Article,A*,https://espace.library.uq.edu.au/view/UQ:b1ba16c
5497249,Leo Luong,1369-412X,When Is a Firm's Information Asymmetry Priced? The Role of Institutional Investors,2015,Journal Article,A,https://espace.library.uq.edu.au/view/UQ:2885421
6336,Jacquelyn Humphrey,1368-0668,Accounting for extinction: an&nbsp;innovative tool for ecological improvement,2026,Journal Article,A*,https://espace.library.uq.edu.au/view/UQ:3ca5b65
6336,Jacquelyn Humphrey,2590-3322,Mainstream corporate climate methods impose inequitable burdens on emerging economies: evidence from the cement industry,2025,Journal Article,,https://espace.library.uq.edu.au/view/UQ:8187444
6336,Jacquelyn Humphrey,1758-678X,Balancing simplicity and complexity through corporate emissions benchmarking,2025,Journal Article,,https://espace.library.uq.edu.au/view/UQ:ef95707
6336,Jacquelyn Humphrey,1044-0283,Social capital and leasing,2025,Journal Article,A,https://espace.library.uq.edu.au/view/UQ:93297bb
6336,Jacquelyn Humphrey,,Biodiversity accounting,2025,Data Collection,,https://espace.library.uq.edu.au/view/UQ:46126ad
6336,Jacquelyn Humphrey,0951-3574,Outcome payer perspectives on social impact bonds as mediating instruments,2025,Journal Article,A*,https://espace.library.uq.edu.au/view/UQ:4c733e7
6336,Jacquelyn Humphrey,,Inclusion of equity principles in corporate climate aligned transitions.,2025,Data Collection,,https://espace.library.uq.edu.au/view/UQ:4ebed60
6336,Jacquelyn Humphrey,0025-1909,Reproducibility in Management Science,2024,Journal Article,A*,https://espace.library.uq.edu.au/view/UQ:95040df
6336,Jacquelyn Humphrey,,Sustainable Finance,2024,Book,,https://espace.library.uq.edu.au/view/UQ:b2ba0a3
6336,Jacquelyn Humphrey,0959-3780,Climate skepticism decreases when the planet gets hotter and conservative support wanes,2022,Journal Article,A*,https://espace.library.uq.edu.au/view/UQ:a076327
6336,Jacquelyn Humphrey,0959-6526,Plastic pollution and packaging: corporate commitments and actions from the food and beverage sector,2022,Journal Article,C,https://espace.library.uq.edu.au/view/UQ:9d77957
6336,Jacquelyn Humphrey,0378-4266,A general approach to smooth and convex portfolio optimization using lower partial moments,2021,Journal Article,A*,https://espace.library.uq.edu.au/view/UQ:dbc4110
6336,Jacquelyn Humphrey,0378-4266,Who goes green: reducing mutual fund emissions and its consequences,2021,Journal Article,A*,https://espace.library.uq.edu.au/view/UQ:33b4d96
6336,Jacquelyn Humphrey,0927-538X,Managerial rents vs. shareholder value in closed-end funds: evidence from China,2020,Journal Article,A,https://espace.library.uq.edu.au/view/UQ:9690529
6336,Jacquelyn Humphrey,,Circular economy and the water sector of South East Queensland,2020,Research Report,,https://espace.library.uq.edu.au/view/UQ:87f153e
6336,Jacquelyn Humphrey,0007-6503,Do sustainability rating schemes capture climate goals?,2019,Journal Article,A,https://espace.library.uq.edu.au/view/UQ:7a7da83
6336,Jacquelyn Humphrey,1758-6798,Comparing extraction rates of fossil fuel producers against global climate goals,2018,Journal Article,,https://espace.library.uq.edu.au/view/UQ:91c8493
6336,Jacquelyn Humphrey,,An examination of social benefit bonds: a report prepared for Queensland Treasury Corporation,2016,Research Report,,https://espace.library.uq.edu.au/view/UQ:689993
6336,Jacquelyn Humphrey,,Tying green bonds to Australia’s commitments to the COP 21 agreement,2016,Creative Work,,https://espace.library.uq.edu.au/view/UQ:690611
6336,Jacquelyn Humphrey,,Socially responsible screening in mutual funds,2016,Book Chapter,,https://espace.library.uq.edu.au/view/UQ:371458
6336,Jacquelyn Humphrey,,Australian boards and firm performance: a report for DNR Capital,2015,Research Report,,https://espace.library.uq.edu.au/view/UQ:689992
6336,Jacquelyn Humphrey,0927-538X,Is diversification always optimal?,2015,Journal Article,A,https://espace.library.uq.edu.au/view/UQ:374981
6336,Jacquelyn Humphrey,1573-0697,What is Different about Socially Responsible Funds? A Holdings-Based Analysis,2015,Journal Article,A,https://espace.library.uq.edu.au/view/UQ:353353
6336,Jacquelyn Humphrey,0167-4544,Does board gender diversity have a financial impact? Evidence using stock portfolio performance,2014,Journal Article,A,https://espace.library.uq.edu.au/view/UQ:329934
6336,Jacquelyn Humphrey,0167-4544,Does it really hurt to be responsible?,2014,Journal Article,A,https://espace.library.uq.edu.au/view/UQ:323654
6336,Jacquelyn Humphrey,0001-3072,Do fund flow-return relations depend on the type of investor? A research note,2013,Journal Article,A,https://espace.library.uq.edu.au/view/UQ:287156
6336,Jacquelyn Humphrey,,Finance,2013,Book Chapter,,https://espace.library.uq.edu.au/view/UQ:323652
6336,Jacquelyn Humphrey,1327-2020,"The independent effects of environmental, social and governance initiatives on the performance of UK firms",2012,Journal Article,A,https://espace.library.uq.edu.au/view/UQ:256374
6336,Jacquelyn Humphrey,0929-1199,Does it cost to be sustainable?,2012,Journal Article,A*,https://espace.library.uq.edu.au/view/UQ:272217
6336,Jacquelyn Humphrey,1445-1832,"Australian socially responsible funds: Performance, screens and structure",2011,Journal Article,,https://espace.library.uq.edu.au/view/UQ:261362
6336,Jacquelyn Humphrey,0167-4544,"Australian socially responsible funds: Performance, risk and screening intensity",2011,Journal Article,A,https://espace.library.uq.edu.au/view/UQ:241091
6336,Jacquelyn Humphrey,0810-5391,Socially responsible investment fund performance: The impact of screening intensity,2010,Journal Article,A,https://espace.library.uq.edu.au/view/UQ:224098
6336,Jacquelyn Humphrey,0810-5391,Persistence and the four-factor model in the Australian funds market: A note,2010,Journal Article,A,https://espace.library.uq.edu.au/view/UQ:185293
6336,Jacquelyn Humphrey,0308-4266,Socially responsible investment funds: Investor reaction to current and past returns,2008,Journal Article,,https://espace.library.uq.edu.au/view/UQ:135205
6336,Jacquelyn Humphrey,,Investors' appetite for returns : further analysis of aggregate fund flow,2008,Thesis,,https://espace.library.uq.edu.au/view/UQ:152008
6336,Jacquelyn Humphrey,0167-4544,Do socially responsible fund managers really invest differently?,2006,Journal Article,A,https://espace.library.uq.edu.au/view/UQ:78766
6336,Jacquelyn Humphrey,,Socially responsible funds : an examination of industry allocation and manager skill,2004,Thesis,,https://espace.library.uq.edu.au/view/UQ:221494
78774,Lin Mi,,Climate change has altered the environment for investors,2024,Newspaper Article,,https://espace.library.uq.edu.au/view/UQ:e7d5f93
78774,Lin Mi,0890-8389,Cross-border regulatory cooperation and cash holdings: evidence from US-listed foreign firms,2024,Journal Article,A*,https://espace.library.uq.edu.au/view/UQ:af75fb2
78774,Lin Mi,0378-4266,Climate risk and payout flexibility around the world,2024,Journal Article,A*,https://espace.library.uq.edu.au/view/UQ:1bf0b9d
78774,Lin Mi,,"Interest rates could return to normal next year, but here's what you should know in the meantime",2023,Newspaper Article,,https://espace.library.uq.edu.au/view/UQ:a8f918c
78774,Lin Mi,,"Interest rates could return to normal next year, but here's what you should know in the meantime",2023,Newspaper Article,,https://espace.library.uq.edu.au/view/UQ:4cab35e
78774,Lin Mi,0378-4266,Institutional investors’ horizon and equity-financed payouts,2022,Journal Article,A*,https://espace.library.uq.edu.au/view/UQ:aa2cc1e
78774,Lin Mi,0378-4266,How stable are corporate capital structures? International evidence,2021,Journal Article,A*,https://espace.library.uq.edu.au/view/UQ:d1ebcc4
78774,Lin Mi,1369-412X,Yield curve inversions: A study of country-level and firm-level stock reactions,2021,Journal Article,A,https://espace.library.uq.edu.au/view/UQ:3c1184a
78774,Lin Mi,0810-5391,"Real estate's information and volatility links with stock, bond and money markets",2018,Journal Article,A,https://espace.library.uq.edu.au/view/UQ:697faa3
78774,Lin Mi,0927-538X,Insider sales vs. short selling: negative information trading in Australia,2018,Journal Article,A,https://espace.library.uq.edu.au/view/UQ:725750
78774,Lin Mi,0004-9018,The rising systemic importance of Chinese banks: should the world be concerned?,2017,Journal Article,B,https://espace.library.uq.edu.au/view/UQ:705139
78774,Lin Mi,0264-9993,A specialised volatility index for the new GICS sector - real estate,2017,Journal Article,A,https://espace.library.uq.edu.au/view/UQ:685468
78774,Lin Mi,1583-4387,Fantasy pitching,2017,Journal Article,C,https://espace.library.uq.edu.au/view/UQ:690629
78774,Lin Mi,,Real estate volatility index and its economic significance,2016,Thesis,,https://espace.library.uq.edu.au/view/UQ:407819
78774,Lin Mi,1030-9616,Further evidence on idiosyncratic risk and REIT pricing: a cross-country analysis,2016,Journal Article,B,https://espace.library.uq.edu.au/view/UQ:340277
4329687,Suman Neupane-Joshi,0890-8389,Environmental externalities of corporate culture: evidence from firm pollution,2025,Journal Article,A*,https://espace.library.uq.edu.au/view/UQ:0c0a040
4329687,Suman Neupane-Joshi,2214-6369,"Investor horizon, experience, and the disposition effect",2024,Journal Article,A,https://espace.library.uq.edu.au/view/UQ:117097a
4329687,Suman Neupane-Joshi,1042-4431,Diverse investor reactions to the COVID-19 Pandemic: insights from an emerging market,2024,Journal Article,A,https://espace.library.uq.edu.au/view/UQ:a389925
4329687,Suman Neupane-Joshi,1042-4431,Do foreign institutional investors improve board monitoring?,2024,Journal Article,A,https://espace.library.uq.edu.au/view/UQ:833f12e
4329687,Suman Neupane-Joshi,1057-5219,"Global IPO underpricing during the Covid-19 pandemic: The impact of firm fundamentals, financial intermediaries, and global factors",2024,Journal Article,A,https://espace.library.uq.edu.au/view/UQ:ffbc4cd
4329687,Suman Neupane-Joshi,0378-4266,Context-specific experience and institutional investors’ performance,2023,Journal Article,A*,https://espace.library.uq.edu.au/view/UQ:a78db90
4329687,Suman Neupane-Joshi,1556-5068,Toxic emissions and corporate green innovation,2022,Journal Article,,https://espace.library.uq.edu.au/view/UQ:e44b999
4329687,Suman Neupane-Joshi,1467-8551,Tax threat and the disruptive market power of foreign portfolio investors,2022,Journal Article,A*,https://espace.library.uq.edu.au/view/UQ:20b5346
4329687,Suman Neupane-Joshi,0929-1199,When rain matters! Investments and value relevance,2022,Journal Article,A*,https://espace.library.uq.edu.au/view/UQ:de177aa
4329687,Suman Neupane-Joshi,0264-9993,"Firm location effect on underwriting, subscription, and underpricing: evidence from IPOs in China",2022,Journal Article,A,https://espace.library.uq.edu.au/view/UQ:79ace9b
4329687,Suman Neupane-Joshi,,Disposition effect - RBUS7993,2022,Data Collection,,https://espace.library.uq.edu.au/view/UQ:e7fb614
4329687,Suman Neupane-Joshi,0929-1199,Mimicking insider trades,2021,Journal Article,A*,https://espace.library.uq.edu.au/view/UQ:e2044d4
4329687,Suman Neupane-Joshi,1573-7179,Foreign ownership and the enforcement of corporate governance reforms,2021,Journal Article,B,https://espace.library.uq.edu.au/view/UQ:b35965b
4329687,Suman Neupane-Joshi,0929-1199,Corporate governance reform and risk-taking: evidence from a quasi-natural experiment in an emerging market,2020,Journal Article,A*,https://espace.library.uq.edu.au/view/UQ:ad9a683
4329687,Suman Neupane-Joshi,0927-538X,Do group-affiliated firms time their equity offerings?,2019,Journal Article,A,https://espace.library.uq.edu.au/view/UQ:f66db32
4329687,Suman Neupane-Joshi,0924-865X,Suboptimal international equity portfolio diversification and stock market development,2019,Journal Article,B,https://espace.library.uq.edu.au/view/UQ:524cef8
4329687,Suman Neupane-Joshi,0929-1199,Do investors flip less in bookbuilding than in auction IPOs?,2017,Journal Article,A*,https://espace.library.uq.edu.au/view/UQ:8e82f32
4329687,Suman Neupane-Joshi,0927-538X,Underwriter network structure and political connections in the Chinese IPO market,2017,Journal Article,A,https://espace.library.uq.edu.au/view/UQ:2363e3a
4329687,Suman Neupane-Joshi,0929-1199,Trade-based manipulation: beyond the prosecuted cases,2017,Journal Article,A*,https://espace.library.uq.edu.au/view/UQ:2ee896a
4329687,Suman Neupane-Joshi,0307-4358,Board structure and institutional ownership at the time of IPO,2017,Journal Article,B,https://espace.library.uq.edu.au/view/UQ:d70488b
4329687,Suman Neupane-Joshi,1057-5219,Multiple lead underwriting syndicate and IPO pricing,2016,Journal Article,A,https://espace.library.uq.edu.au/view/UQ:d453b97
4329687,Suman Neupane-Joshi,0927-538X,Domestic and foreign institutional investors' investment in IPOs,2016,Journal Article,A,https://espace.library.uq.edu.au/view/UQ:0c2b141
4329687,Suman Neupane-Joshi,1042-444X,Market liquidity risks of foreign exchange derivatives and cross-country equity portfolio allocations,2016,Journal Article,B,https://espace.library.uq.edu.au/view/UQ:75ab772
4329687,Suman Neupane-Joshi,0378-4266,Firm quality or market sentiment: what matters more for IPO investors?,2014,Journal Article,A*,https://espace.library.uq.edu.au/view/UQ:010d34e
4329687,Suman Neupane-Joshi,0378-4266,Access to information and international portfolio allocation,2013,Journal Article,A*,https://espace.library.uq.edu.au/view/UQ:9d582e0
4329687,Suman Neupane-Joshi,1042-4431,Underwriter reputation and the underwriter-investor relationship in IPO markets,2013,Journal Article,A,https://espace.library.uq.edu.au/view/UQ:9234194
4329687,Suman Neupane-Joshi,0378-4266,"Transparency in IPO mechanism: retail investors' participation, IPO pricing and returns",2012,Journal Article,A*,https://espace.library.uq.edu.au/view/UQ:e79f7ad
4329687,Suman Neupane-Joshi,1727-9232,Does ownership structure effect IPO underpricing: Evidence from Thai IPOs,2005,Journal Article,,https://espace.library.uq.edu.au/view/UQ:8c78bd1
5508774,Lily Nguyen,0025-1909,Reproducibility in Management Science,2024,Journal Article,A*,https://espace.library.uq.edu.au/view/UQ:95040df
5508774,Lily Nguyen,0927-538X,Political uncertainty and commonality in liquidity,2024,Journal Article,A,https://espace.library.uq.edu.au/view/UQ:f2fa420
5508774,Lily Nguyen,,Mandatory ESG disclosure and IPO underpricing worldwide,2023,Conference Paper,,https://espace.library.uq.edu.au/view/UQ:1647902
5508774,Lily Nguyen,1057-5219,Political similarities in credit ratings,2023,Journal Article,A,https://espace.library.uq.edu.au/view/UQ:59fdc3d
5508774,Lily Nguyen,0306-686X,Asymmetric trading responses to credit rating announcements from issuer‐ versus investor‐paid rating agencies,2023,Journal Article,A*,https://espace.library.uq.edu.au/view/UQ:a099ea9
5508774,Lily Nguyen,0167-2681,"LGBT policy, investor trading behavior, and return comovement",2022,Journal Article,A*,https://espace.library.uq.edu.au/view/UQ:8236a44
5508774,Lily Nguyen,,Foreign expansion and corporate innovation: cross-country evidence,2021,Working Paper,,https://espace.library.uq.edu.au/view/UQ:344bddc
5508774,Lily Nguyen,0890-8389,The undesirable effect of audit quality: Evidence from firm innovation,2020,Journal Article,A*,https://espace.library.uq.edu.au/view/UQ:986f676
5508774,Lily Nguyen,0810-5391,The impact of audit quality in rights offerings,2020,Journal Article,A,https://espace.library.uq.edu.au/view/UQ:b61ae57
5508774,Lily Nguyen,0732-8516,The bright side of co-opted boards: evidence from firm innovation,2020,Journal Article,A,https://espace.library.uq.edu.au/view/UQ:f779e71
5508774,Lily Nguyen,0929-1199,Board co-option and default risk,2020,Journal Article,A*,https://espace.library.uq.edu.au/view/UQ:128259b
5508774,Lily Nguyen,0929-1199,Does takeover activity affect stock price crash risk? Evidence from international M&amp;A laws,2020,Journal Article,A*,https://espace.library.uq.edu.au/view/UQ:ca03952
5508774,Lily Nguyen,1467-629X,Share repurchases and firm innovation,2020,Journal Article,A,https://espace.library.uq.edu.au/view/UQ:8538c19
5508774,Lily Nguyen,1057-5219,Media coverage and stock price synchronicity,2020,Journal Article,A,https://espace.library.uq.edu.au/view/UQ:a807b8f
5508774,Lily Nguyen,0378-4266,News media coverage and corporate leverage adjustments,2019,Journal Article,A*,https://espace.library.uq.edu.au/view/UQ:5975cbe
5508774,Lily Nguyen,1354-7798,Individualistic cultures and crash risk,2019,Journal Article,A,https://espace.library.uq.edu.au/view/UQ:f662033
5508774,Lily Nguyen,0378-4266,Skill or effort? Institutional ownership and managerial efficiency,2018,Journal Article,A*,https://espace.library.uq.edu.au/view/UQ:1c8d48d
5508774,Lily Nguyen,1386-4181,Institutional trading before dividend reduction announcements,2017,Journal Article,A*,https://espace.library.uq.edu.au/view/UQ:5d2d6a8
5508774,Lily Nguyen,0022-1090,How do foreign institutional investors enhance firm innovation?,2017,Journal Article,A*,https://espace.library.uq.edu.au/view/UQ:b1ba16c
5508774,Lily Nguyen,0046-3892,Corporate governance and corporate financing and investment during the 2007-2008 financial crisis,2015,Journal Article,A*,https://espace.library.uq.edu.au/view/UQ:8aab443
5508774,Lily Nguyen,1369-412X,When Is a Firm's Information Asymmetry Priced? The Role of Institutional Investors,2015,Journal Article,A,https://espace.library.uq.edu.au/view/UQ:2885421
5508774,Lily Nguyen,0378-4266,"Overnight public information, order placement, and price discovery during the pre-opening period",2012,Journal Article,A*,https://espace.library.uq.edu.au/view/UQ:c47d59e
1055,Vanitha Ragunathan,0304-405X,Death by committee? An analysis of corporate board (sub-) committees,2021,Journal Article,A*,https://espace.library.uq.edu.au/view/UQ:5f22901
1055,Vanitha Ragunathan,0022-1090,Do analysts and their employers value access to management? Evidence from earnings conference call participation,2021,Journal Article,A*,https://espace.library.uq.edu.au/view/UQ:5eb7a0d
1055,Vanitha Ragunathan,0810-5391,Market timing as an explanation for the short-lived premium on cross-listing,2018,Journal Article,A,https://espace.library.uq.edu.au/view/UQ:699140
1055,Vanitha Ragunathan,0810-5391,Auditor reporting and earnings management: Some additional evidence,2008,Journal Article,A,https://espace.library.uq.edu.au/view/UQ:159064
1055,Vanitha Ragunathan,0810-5391,The horse has bolted: Revisiting the market reaction to going concern modifications of audit reports,2007,Journal Article,A,https://espace.library.uq.edu.au/view/UQ:130937
1055,Vanitha Ragunathan,0810-5391,Effect of credit rating changes on Australian stock returns,2006,Journal Article,A,https://espace.library.uq.edu.au/view/UQ:79011
1055,Vanitha Ragunathan,0312-8962,The Determinants of Credit Ratings: Australian Evidence,2006,Journal Article,A,https://espace.library.uq.edu.au/view/UQ:712863
1055,Vanitha Ragunathan,0312-8962,The determinants of credit ratings: Australian evidence,2006,Journal Article,A,https://espace.library.uq.edu.au/view/UQ:79012
1055,Vanitha Ragunathan,1328-780X,Stock market reaction to modified audit reports,2005,Conference Paper,,https://espace.library.uq.edu.au/view/UQ:101753
1055,Vanitha Ragunathan,0960-3107,"Correlations, integration and Hansen-Jagannathan Bounds",2004,Journal Article,B,https://espace.library.uq.edu.au/view/UQ:69623
1055,Vanitha Ragunathan,0960-3107,Returns and volatility on the Chinese stock markets,2003,Journal Article,B,https://espace.library.uq.edu.au/view/UQ:712674
1055,Vanitha Ragunathan,1369-412X,The relative importance of domestic and global factors in explaining Australian stock returns,2002,Journal Article,A,https://espace.library.uq.edu.au/view/UQ:62070
1055,Vanitha Ragunathan,1328-780X,Credit ratings of Australian firms,2002,Conference Paper,,https://espace.library.uq.edu.au/view/UQ:97220
1055,Vanitha Ragunathan,1328-780X,Semiparametric ARCH models,2001,Conference Paper,,https://espace.library.uq.edu.au/view/UQ:96307
1055,Vanitha Ragunathan,,"When the US sneezes, does the world catch a cold?",2001,Book Chapter,,https://espace.library.uq.edu.au/view/UQ:67885
1055,Vanitha Ragunathan,,The factors that influence equity returns,2000,Conference Paper,,https://espace.library.uq.edu.au/view/UQ:148466
1055,Vanitha Ragunathan,0960-3107,"Australian industry beta risk, the choice of market index and business cycles",2000,Journal Article,B,https://espace.library.uq.edu.au/view/UQ:0fea0a9
1055,Vanitha Ragunathan,,The factors that influence equity returns,2000,Conference Paper,,https://espace.library.uq.edu.au/view/UQ:147747
1055,Vanitha Ragunathan,1042-4431,"Correlations, business cycles and integration",1999,Journal Article,A,https://espace.library.uq.edu.au/view/UQ:2ab8872
1055,Vanitha Ragunathan,0148-6195,Financial deregulation and integration: An Australian perspective,1999,Journal Article,B,https://espace.library.uq.edu.au/view/UQ:144484
2284981,Dewan Rahman,0378-4266,Do managerial traits matter in corporate lobbying? Evidence from overconfident CEOs,2026,Journal Article,A*,https://espace.library.uq.edu.au/view/UQ:ff2011f
2284981,Dewan Rahman,2731-7854,CEO Political Ideology and Corporate Cash Holdings,2025,Conference Proceedings,,https://espace.library.uq.edu.au/view/UQ:1e1f6cd
2284981,Dewan Rahman,2049-372X,Company reputation and dividend payout,2024,Journal Article,A,https://espace.library.uq.edu.au/view/UQ:f004335
2284981,Dewan Rahman,0378-4266,Torn between Two Debt Types? The Role of Managerial Ability in a Firm's Choice Between Bank Loans and Public Debt,2024,Journal Article,A*,https://espace.library.uq.edu.au/view/UQ:263ed2e
2284981,Dewan Rahman,1059-0560,Does managerial pay disparity influence BHC default risk?,2024,Journal Article,A,https://espace.library.uq.edu.au/view/UQ:3388a46
2284981,Dewan Rahman,1042-4431,Firm-level political risk and equity issuance,2024,Journal Article,A,https://espace.library.uq.edu.au/view/UQ:7549740
2284981,Dewan Rahman,0001-4788,Does product market competition influence annual report readability?,2024,Journal Article,A,https://espace.library.uq.edu.au/view/UQ:4627df4
2284981,Dewan Rahman,0963-8180,Does board independence influence annual report readability?,2023,Journal Article,A*,https://espace.library.uq.edu.au/view/UQ:54d769d
2284981,Dewan Rahman,0312-8962,The readability of 10-K reports and insider trading profitability,2022,Journal Article,A,https://espace.library.uq.edu.au/view/UQ:227615d
2284981,Dewan Rahman,1815-5669,Do co-opted boards increase insider profitability?,2021,Journal Article,A,https://espace.library.uq.edu.au/view/UQ:e61ee5d
2284981,Dewan Rahman,1743-9132,Crash risk and debt maturity: evidence from Australia,2021,Journal Article,A,https://espace.library.uq.edu.au/view/UQ:b7b38cd
2284981,Dewan Rahman,0929-1199,Does exposure to product market competition influence insider trading profitability?,2021,Journal Article,A*,https://espace.library.uq.edu.au/view/UQ:0e8a21c
2284981,Dewan Rahman,0312-8962,Does board independence constrain insider opportunism?,2020,Journal Article,A,https://espace.library.uq.edu.au/view/UQ:f3f6f01
2284981,Dewan Rahman,0378-4266,Evidence of strategic information uncertainty around opportunistic insider purchases,2020,Journal Article,A*,https://espace.library.uq.edu.au/view/UQ:4935739
2284981,Dewan Rahman,,Essays on insider trading and governance,2019,Thesis,,https://espace.library.uq.edu.au/view/UQ:e8918f7
2284981,Dewan Rahman,0022-1082,CEO buying: strategic news tone dispersion around purchasing months,2017,Conference Paper,A*,https://espace.library.uq.edu.au/view/UQ:54e5a2f
93285,Saphira Rekker,0167-4544,Gender Inequality and Social Capital in Academic Finance Networks,2026,Journal Article,A,https://espace.library.uq.edu.au/view/UQ:4de5923
93285,Saphira Rekker,2041-1723,Assessing corporate transition plans using a production asset-based planning approach,2026,Journal Article,,https://espace.library.uq.edu.au/view/UQ:5fc605c
93285,Saphira Rekker,2590-3330,Responsibility for emissions and mitigation capability should guide use of carbon removal offsets,2026,Journal Article,,https://espace.library.uq.edu.au/view/UQ:6a4b21d
93285,Saphira Rekker,2045-2322,Evaluating generative AI's potential to dispel misinformation about wind farms,2026,Journal Article,,https://espace.library.uq.edu.au/view/UQ:b81096b
93285,Saphira Rekker,0948-3349,Life cycle assessment of an uncrewed military aircraft: a methodological approach for confidentiality-constrained analyses,2026,Journal Article,,https://espace.library.uq.edu.au/view/UQ:87d07ee
93285,Saphira Rekker,0008-1256,Beyond Box-Ticking: Improving Climate Scenario Planning,2026,Journal Article,A,https://espace.library.uq.edu.au/view/UQ:84cffa8
93285,Saphira Rekker,2590-3322,Mainstream corporate climate methods impose inequitable burdens on emerging economies: evidence from the cement industry,2025,Journal Article,,https://espace.library.uq.edu.au/view/UQ:8187444
93285,Saphira Rekker,1758-678X,Balancing simplicity and complexity through corporate emissions benchmarking,2025,Journal Article,,https://espace.library.uq.edu.au/view/UQ:ef95707
93285,Saphira Rekker,1758-678X,The promise and limitations of using GenAI to reduce climate scepticism,2025,Journal Article,,https://espace.library.uq.edu.au/view/UQ:105512a
93285,Saphira Rekker,,Submission to the Inquiry into Greenwashing Re: Potential Impact of Greenwashing in Mandatory Climate-related Disclosures (AASB S2),2025,Working Paper,,https://espace.library.uq.edu.au/view/UQ:632591e
93285,Saphira Rekker,0272-4944,Data from 88 countries reveal international predictors of climate activism,2025,Journal Article,A,https://espace.library.uq.edu.au/view/UQ:6da1bf1
93285,Saphira Rekker,,Corporate Behaviour &amp; Climate-related Financial Disclosures – Phase 1,2025,Research Report,,https://espace.library.uq.edu.au/view/UQ:71246a2
93285,Saphira Rekker,,Inclusion of equity principles in corporate climate aligned transitions.,2025,Data Collection,,https://espace.library.uq.edu.au/view/UQ:4ebed60
93285,Saphira Rekker,0165-0009,Publicly expressed climate scepticism is greatest in regions with high CO2 emissions,2024,Journal Article,,https://espace.library.uq.edu.au/view/UQ:db4ebfb
93285,Saphira Rekker,,Only 57 producers are responsible for 80% of all fossil fuel and cement CO2 emissions since 2016 – new report,2024,Newspaper Article,,https://espace.library.uq.edu.au/view/UQ:fc1c53f
93285,Saphira Rekker,,Sustainable Finance,2024,Book,,https://espace.library.uq.edu.au/view/UQ:b2ba0a3
93285,Saphira Rekker,0959-6526,Understanding the lobbying actions taken by the Australian renewable energy industry,2024,Journal Article,C,https://espace.library.uq.edu.au/view/UQ:eae001b
93285,Saphira Rekker,,Introduction to financial management: A contemporary approach,2024,Book,,https://espace.library.uq.edu.au/view/UQ:4325b20
93285,Saphira Rekker,,Wishful thinking: how businesses can avoid ‘greenwishing’ and create a meaningful net zero plan in 5 practical steps,2024,Newspaper Article,,https://espace.library.uq.edu.au/view/UQ:15f9dc4
93285,Saphira Rekker,1758-678X,Evaluating fossil fuel companies’ alignment with 1.5 °C climate pathways,2023,Journal Article,,https://espace.library.uq.edu.au/view/UQ:07d9cb5
93285,Saphira Rekker,,Nearly two-thirds of the top fossil fuel producers in Australia and the world aren’t on track for 1.5℃ climate target,2023,Newspaper Article,,https://espace.library.uq.edu.au/view/UQ:0e3d45a
93285,Saphira Rekker,,Australian Superannuation Funds - Climate management and disclosure: Technical report,2023,Research Report,,https://espace.library.uq.edu.au/view/UQ:421aae4
93285,Saphira Rekker,0959-6526,The contribution of cross-border capital flow towards decarbonisation,2023,Journal Article,C,https://espace.library.uq.edu.au/view/UQ:e8e6de2
93285,Saphira Rekker,,Evaluating fossil fuel companies’ alignment with 1.5°C climate pathways,2023,Data Collection,,https://espace.library.uq.edu.au/view/UQ:1357886
93285,Saphira Rekker,2041-1723,Measuring corporate Paris Compliance using a strict science-based approach,2022,Journal Article,,https://espace.library.uq.edu.au/view/UQ:6469c45
93285,Saphira Rekker,1364-0321,A systematic review of barriers to greenfield investment in decarbonisation solutions,2022,Journal Article,A,https://espace.library.uq.edu.au/view/UQ:db95c32
93285,Saphira Rekker,,The Paris-compliant company: Measuring transition performance using a strict science-based approach,2021,Working Paper,,https://espace.library.uq.edu.au/view/UQ:b2e66ef
93285,Saphira Rekker,,"Raw data for figures in ""The Paris Compliant Company: Measuring transition performance against the Paris goals using a strict science-based approach""",2021,Data Collection,,https://espace.library.uq.edu.au/view/UQ:289d707
93285,Saphira Rekker,1758-678X,Research can (and should) support corporate decarbonization,2020,Journal Article,,https://espace.library.uq.edu.au/view/UQ:80d1908
93285,Saphira Rekker,,"In a world first, Australian university builds own solar farm to offset 100% of its electricity use",2020,Newspaper Article,,https://espace.library.uq.edu.au/view/UQ:6d29904
93285,Saphira Rekker,,Measuring corporate performance in meeting climate change limits using a&nbsp;planetary boundaries approach,2019,Thesis,,https://espace.library.uq.edu.au/view/UQ:7e6c5bb
93285,Saphira Rekker,0007-6503,Do sustainability rating schemes capture climate goals?,2019,Journal Article,A,https://espace.library.uq.edu.au/view/UQ:7a7da83
93285,Saphira Rekker,1758-6798,Comparing extraction rates of fossil fuel producers against global climate goals,2018,Journal Article,,https://espace.library.uq.edu.au/view/UQ:91c8493
93285,Saphira Rekker,,"Fossil fuel producers' reserves (2010) and production (2010-2015) burnable fossil fuel allowances, proportion extracted (2011-2015), and estimated year to finish",2018,Data Collection,,https://espace.library.uq.edu.au/view/UQ:720298
93285,Saphira Rekker,1556-5068,Motivating postgrad research students to pitch their ideas: what have we learned from 'pitching research' competitions at UQ?,2017,Journal Article,,https://espace.library.uq.edu.au/view/UQ:f78c785
93285,Saphira Rekker,,Tying green bonds to Australia’s commitments to the COP 21 agreement,2016,Creative Work,,https://espace.library.uq.edu.au/view/UQ:690611
93285,Saphira Rekker,1019-6781,The relationship between culture and information privacy policy,2016,Journal Article,A,https://espace.library.uq.edu.au/view/UQ:366836
93285,Saphira Rekker,1843-8105,"Converting planetary boundaries into action, a new approach to meeting global greenhouse gas targets: A pitch",2016,Journal Article,,https://espace.library.uq.edu.au/view/UQ:3845443
93285,Saphira Rekker,0312-8962,Divestment from fossil fuel companies: confluence between policy and strategic viewpoints,2015,Journal Article,A,https://espace.library.uq.edu.au/view/UQ:348014
93285,Saphira Rekker,0148-6195,"Corporate social responsibility and CEO compensation revisited, do disaggregation, market stress, sender matter?",2014,Journal Article,B,https://espace.library.uq.edu.au/view/UQ:318305
93285,Saphira Rekker,1834-7649,Do high and low-ranked sustainability stocks perform differently?,2013,Journal Article,B,https://espace.library.uq.edu.au/view/UQ:295642
4818628,Eric Tan,0046-3892,Price and non‐price terms of syndicated loans to technology firms,2026,Journal Article,A*,https://espace.library.uq.edu.au/view/UQ:2ff0f37
4818628,Eric Tan,0378-4266,Do banks engage in earnings management? The role of dividends and institutional factors,2024,Journal Article,A*,https://espace.library.uq.edu.au/view/UQ:ad0829f
4818628,Eric Tan,1057-5219,Complements or substitutes? The effect of ETFs on other managed funds,2024,Journal Article,A,https://espace.library.uq.edu.au/view/UQ:716e139
4818628,Eric Tan,1057-5219,The investment behavior of China-connected mutual funds in the pandemic: Information advantage through operational link,2024,Journal Article,A,https://espace.library.uq.edu.au/view/UQ:1281e16
4818628,Eric Tan,1057-5219,Media uncertainty and risk-taking,2024,Journal Article,A,https://espace.library.uq.edu.au/view/UQ:799582e
4818628,Eric Tan,0810-5391,Impact of product market competition on real activity manipulation: moderating role of managerial ability,2023,Journal Article,A,https://espace.library.uq.edu.au/view/UQ:dd5e3b9
4818628,Eric Tan,1057-5219,Climate transition risk in U.S. loan portfolios: are all banks the same?,2023,Journal Article,A,https://espace.library.uq.edu.au/view/UQ:5be17ba
4818628,Eric Tan,0095-4918,Shared experience in top management team and mutual fund performance,2022,Journal Article,A,https://espace.library.uq.edu.au/view/UQ:a1439e1
4818628,Eric Tan,0306-686X,"Political connections, tacit power and corporate misconduct",2022,Journal Article,A*,https://espace.library.uq.edu.au/view/UQ:d99dbe7
4818628,Eric Tan,1369-412X,The media and CEO dominance,2020,Journal Article,A,https://espace.library.uq.edu.au/view/UQ:a940161
4818628,Eric Tan,1873-6173,The Chinese equity index options market,2020,Journal Article,A,https://espace.library.uq.edu.au/view/UQ:da48d1a
4818628,Eric Tan,1556-5068,Crowding: evidence from fund managerial structure,2020,Working Paper,,https://espace.library.uq.edu.au/view/UQ:f684a47
4818628,Eric Tan,0377-2217,Do mutual fund managers earn their fees? New measures for performance appraisal,2020,Journal Article,A*,https://espace.library.uq.edu.au/view/UQ:708bf3e
4818628,Eric Tan,0378-4266,Did connected hedge funds benefit from bank bailouts during the financial crisis?,2019,Journal Article,A*,https://espace.library.uq.edu.au/view/UQ:931fe0a
4818628,Eric Tan,0022-1090,Should indirect brokerage fees be capped? Lessons from mutual fund marketing and distribution expense,2017,Journal Article,A*,https://espace.library.uq.edu.au/view/UQ:67cdb8c
4818628,Eric Tan,1467-629X,Does educational diversity of managers matter for the performance of team-managed funds?,2017,Journal Article,A,https://espace.library.uq.edu.au/view/UQ:dbb3e23
8472,Kelvin Tan,1815-5669,Brand capital and labor investment efficiency,2026,Journal Article,A,https://espace.library.uq.edu.au/view/UQ:e5571c6
8472,Kelvin Tan,0048-7333,Health and creativity: evidence from corporate innovation,2025,Journal Article,A*,https://espace.library.uq.edu.au/view/UQ:241379b
8472,Kelvin Tan,0890-8389,Environmental externalities of corporate culture: evidence from firm pollution,2025,Journal Article,A*,https://espace.library.uq.edu.au/view/UQ:0c0a040
8472,Kelvin Tan,1572-3089,Organization capital and labor investment efficiency,2025,Journal Article,A*,https://espace.library.uq.edu.au/view/UQ:f860431
8472,Kelvin Tan,0963-8180,Does exchange-traded fund ownership affect a firm’s expected crash risk?,2025,Journal Article,A*,https://espace.library.uq.edu.au/view/UQ:4410e39
8472,Kelvin Tan,1057-5219,Effect of stock liquidity on the economic value of patents: Evidence from U.S. patent data,2024,Journal Article,A,https://espace.library.uq.edu.au/view/UQ:87f5695
8472,Kelvin Tan,1047-7039,CEO Initial Contract Duration and Corporate Acquisitions,2024,Journal Article,A*,https://espace.library.uq.edu.au/view/UQ:6c5adea
8472,Kelvin Tan,0306-686X,Do exchange traded funds affect corporate cash holdings?,2024,Journal Article,A*,https://espace.library.uq.edu.au/view/UQ:b80b879
8472,Kelvin Tan,0927-538X,An introduction to frontier on corporate finance and capital market development in China,2024,Journal Article,A,https://espace.library.uq.edu.au/view/UQ:a307815
8472,Kelvin Tan,0890-8389,Missing the boat: regulatory approval delay and investment project outcomes,2023,Journal Article,A*,https://espace.library.uq.edu.au/view/UQ:54c8f86
8472,Kelvin Tan,0927-538X,Corporate cash holdings through economic policy uncertainty: An Australian study,2023,Journal Article,A,https://espace.library.uq.edu.au/view/UQ:6287fa7
8472,Kelvin Tan,0046-3892,To see is to believe: Corporate site visits and mutual fund herding,2023,Journal Article,A*,https://espace.library.uq.edu.au/view/UQ:513eba7
8472,Kelvin Tan,2045-2322,The determinants of COVID-19 morbidity and mortality across countries,2022,Journal Article,,https://espace.library.uq.edu.au/view/UQ:b7e8ead
8472,Kelvin Tan,0929-1199,Nowhere to hide: response of corporate restructuring activities to mandatory segment disclosure,2022,Journal Article,A*,https://espace.library.uq.edu.au/view/UQ:fc9e182
8472,Kelvin Tan,1556-5068,Toxic emissions and corporate green innovation,2022,Journal Article,,https://espace.library.uq.edu.au/view/UQ:e44b999
8472,Kelvin Tan,2214-6350,Do external labor market incentives improve labor investment efficiency?,2022,Journal Article,A,https://espace.library.uq.edu.au/view/UQ:1fabc95
8472,Kelvin Tan,0378-4266,Business shocks and corporate leverage,2021,Journal Article,A*,https://espace.library.uq.edu.au/view/UQ:af07d11
8472,Kelvin Tan,1468-5957,CEO turnover and bankrupt firms’ emergence,2020,Journal Article,A*,https://espace.library.uq.edu.au/view/UQ:8679f71
8472,Kelvin Tan,0165-1765,The role of blockholders in the corporate debt maturity structure,2019,Journal Article,A,https://espace.library.uq.edu.au/view/UQ:9274c4d
8472,Kelvin Tan,1042-9573,Labor unions and corporate financial leverage: the bargaining device versus crowding-out hypotheses,2019,Journal Article,A*,https://espace.library.uq.edu.au/view/UQ:599623
8472,Kelvin Tan,0001-3072,Why do overconfident REIT CEOs issue more debt? Mechanisms and value implications,2017,Journal Article,A,https://espace.library.uq.edu.au/view/UQ:578307
8472,Kelvin Tan,0929-1199,"Deviation from target capital structure, cost of equity and speed of adjustment",2016,Journal Article,A*,https://espace.library.uq.edu.au/view/UQ:390746
8472,Kelvin Tan,0312-8962,"A contemporary view of corporate finance theory, empirical evidence and practice",2016,Journal Article,A,https://espace.library.uq.edu.au/view/UQ:386816
8472,Kelvin Tan,0929-1199,CEO overconfidence and corporate debt maturity,2016,Journal Article,A*,https://espace.library.uq.edu.au/view/UQ:374513
8472,Kelvin Tan,0810-5391,Short-selling pressure and last-resort debt financing: evidence from 144A high-yield risk-adjusted debt,2015,Journal Article,A,https://espace.library.uq.edu.au/view/UQ:351123
8472,Kelvin Tan,0895-5638,Joint leverage and maturity choices in real estate firms: the role of the REIT status,2014,Journal Article,A,https://espace.library.uq.edu.au/view/UQ:284069
8472,Kelvin Tan,0810-5391,The determinants of debt maturity in Australian firms,2012,Journal Article,A,https://espace.library.uq.edu.au/view/UQ:229067
8472,Kelvin Tan,0013-0249,An empirical investigation of the mergers decision process in Australia,2012,Journal Article,A,https://espace.library.uq.edu.au/view/UQ:284067
8472,Kelvin Tan,,Corporate Debt Maturity,2011,Thesis,,https://espace.library.uq.edu.au/view/UQ:243115
8472,Kelvin Tan,,The 2011 FTA Corporate Treasury Survey: Australia and New Zealand,2011,Generic Document,,https://espace.library.uq.edu.au/view/UQ:271353
8472,Kelvin Tan,,An empirical examination of corporate capital structure in Australia,2006,Thesis,,https://espace.library.uq.edu.au/view/UQ:221491
92037,Elizabeth Zhu,1573-0697,Social trust and corporate greenwashing: insights from China's pilot social credit systems,2026,Journal Article,A,https://espace.library.uq.edu.au/view/UQ:372e4db
92037,Elizabeth Zhu,2662-9992,Environmental judicial reform and corporate greenwashing: evidence from China’s environmental public interest litigation pilot,2025,Journal Article,,https://espace.library.uq.edu.au/view/UQ:b8e1c0f
92037,Elizabeth Zhu,0001-3072,Navigating the methodological frontier in capital market research,2025,Journal Article,A,https://espace.library.uq.edu.au/view/UQ:c15bceb
92037,Elizabeth Zhu,0810-5391,The lifecycle of typical IPOs: the characteristics of surviving firms,2025,Journal Article,A,https://espace.library.uq.edu.au/view/UQ:1fe81f1
92037,Elizabeth Zhu,0003-6846,Do subsidy allocation decisions conform to Q theory? Evidence from China,2025,Journal Article,A,https://espace.library.uq.edu.au/view/UQ:2124e63
92037,Elizabeth Zhu,1094-4060,Mandatory disclosures of greenhouse gas emissions and managerial myopia: evidence from the United States,2025,Journal Article,A,https://espace.library.uq.edu.au/view/UQ:02e94da
92037,Elizabeth Zhu,1544-6123,Social trust and entrepreneurship: insights from China's Social Credit System,2024,Journal Article,A,https://espace.library.uq.edu.au/view/UQ:2e4ae86
92037,Elizabeth Zhu,0165-1765,Does information infrastructure curb corporate R&amp;D manipulation? Evidence from China,2024,Journal Article,A,https://espace.library.uq.edu.au/view/UQ:addad6c
92037,Elizabeth Zhu,0890-8389,Algorithmic trading and block ownership initiation: an information perspective,2023,Journal Article,A*,https://espace.library.uq.edu.au/view/UQ:f5bdd1a
92037,Elizabeth Zhu,0927-538X,Staged subsidies and corporate investments: evidence from Chinese listed firms,2021,Journal Article,A,https://espace.library.uq.edu.au/view/UQ:f9c4814
92037,Elizabeth Zhu,0312-8962,Chair–CEO trust and firm performance,2021,Journal Article,A,https://espace.library.uq.edu.au/view/UQ:9c16173
92037,Elizabeth Zhu,0810-5391,CEO decision horizon and corporate R&amp;D investments: an explanation based on managerial myopia and risk aversion ,2021,Journal Article,A,https://espace.library.uq.edu.au/view/UQ:5655770
92037,Elizabeth Zhu,1043-951X,Tax and leverage: evidence from China,2020,Journal Article,A,https://espace.library.uq.edu.au/view/UQ:f04237e
92037,Elizabeth Zhu,1467-6281,What does the CAPM say about operating leverage?,2020,Journal Article,A,https://espace.library.uq.edu.au/view/UQ:9620cdc
92037,Elizabeth Zhu,1467-629X,Short-selling constraints and corporate payout policy,2019,Journal Article,A,https://espace.library.uq.edu.au/view/UQ:709644
92037,Elizabeth Zhu,0810-5391,"Political connection, market frictions and financial constraints: evidence from China",2019,Journal Article,A,https://espace.library.uq.edu.au/view/UQ:690169
92037,Elizabeth Zhu,0312-8962,The power of crowds: grand challenges in the Asia-Pacific region,2019,Journal Article,A,https://espace.library.uq.edu.au/view/UQ:fa26c6e
92037,Elizabeth Zhu,0927-538X,Research in finance: a review of influential publications and a research agenda,2017,Journal Article,A,https://espace.library.uq.edu.au/view/UQ:576205
92037,Elizabeth Zhu,0929-1199,"Deviation from target capital structure, cost of equity and speed of adjustment",2016,Journal Article,A*,https://espace.library.uq.edu.au/view/UQ:390746
92037,Elizabeth Zhu,0810-5391,"Call it good, bad or no news? The valuation effect of debt issues",2016,Journal Article,A,https://espace.library.uq.edu.au/view/UQ:381302
92037,Elizabeth Zhu,0927-538X,Emerging trends in Asia-Pacific finance research: a review of recent influential publications and a research agenda,2016,Journal Article,A,https://espace.library.uq.edu.au/view/UQ:376032
92037,Elizabeth Zhu,0884-8289,Pitching DEA against SFA in the context of Chinese domestic versus foreign banks,2016,Book Chapter,,https://espace.library.uq.edu.au/view/UQ:398657
92037,Elizabeth Zhu,0810-5391,Can foreign banks compete in China?,2015,Journal Article,A,https://espace.library.uq.edu.au/view/UQ:377871
92037,Elizabeth Zhu,1467-6281,Endogeneity in accounting and finance research: natural experiments as a state-of-the-art solution,2015,Journal Article,A,https://espace.library.uq.edu.au/view/UQ:362626
92037,Elizabeth Zhu,1467-629X,Informed trading on debt covenant violations: The long and short of it,2015,Journal Article,A,https://espace.library.uq.edu.au/view/UQ:357324
92037,Elizabeth Zhu,0810-5391,"Investment-cash flow sensitivity measures investment thirst, but not financial constraint",2015,Journal Article,A,https://espace.library.uq.edu.au/view/UQ:356941
92037,Elizabeth Zhu,0312-8962,"Erratum to Capital structure: The case of firms issuing debt (Australian Journal of Management, (2012), 37, 2 (283-295), 10.1177/0312896211429159)",2012,Journal Article,A,https://espace.library.uq.edu.au/view/UQ:713006
92037,Elizabeth Zhu,0312-8962,Capital structure: the case of firms issuing debt,2012,Journal Article,A,https://espace.library.uq.edu.au/view/UQ:284514
92037,Elizabeth Zhu,0312-8962,Determinants of long-term debt issuing decisions: An alternative approach,2012,Journal Article,A,https://espace.library.uq.edu.au/view/UQ:286440
4503669,Min Zhu,0737-4607,Scale diseconomies and capacity in fund management: variation across equity markets,2026,Journal Article,A,https://espace.library.uq.edu.au/view/UQ:810baab
4503669,Min Zhu,0001-4826,Misstatement detection lag and prediction evaluation,2025,Journal Article,A*,https://espace.library.uq.edu.au/view/UQ:dc8ae23
4503669,Min Zhu,1544-6123,Are Bitcoin option traders speculative or informed?,2024,Journal Article,A,https://espace.library.uq.edu.au/view/UQ:72d9b04
4503669,Min Zhu,1556-5068,Evaluating the efficacy of multiple testing adjustments in empirical asset pricing,2023,Working Paper,,https://espace.library.uq.edu.au/view/UQ:64f3858
4503669,Min Zhu,2164-5760,Diseconomies of scale in active management: robust evidence,2022,Journal Article,A*,https://espace.library.uq.edu.au/view/UQ:a7f01b2
4503669,Min Zhu,1059-0560,Realized moments and the cross-sectional stock returns around earnings announcements,2022,Journal Article,A,https://espace.library.uq.edu.au/view/UQ:5986913
4503669,Min Zhu,,Detecting accounting fraud with noisy labels,2022,Working Paper,,https://espace.library.uq.edu.au/view/UQ:0018b08
4503669,Min Zhu,0927-5398,Predictive regression with p-lags and order-q autoregressive predictors,2021,Journal Article,A,https://espace.library.uq.edu.au/view/UQ:f790f2f
4503669,Min Zhu,0306-686X,De‐risking through equity holdings: bank and insurer behavior under capital requirements,2021,Journal Article,A*,https://espace.library.uq.edu.au/view/UQ:2e99203
4503669,Min Zhu,1522-1970,Multi-horizon accommodation demand forecasting: a&nbsp;New Zealand case study,2020,Journal Article,A,https://espace.library.uq.edu.au/view/UQ:00cada6
4503669,Min Zhu,0006-341X,"Rejoinder to “Comment on ‘Wang et al . (2005), Robust estimating functions and bias correction for longitudinal data analysis’ by Nicola Lunardon and Giovanna Menardi”",2020,Journal Article,,https://espace.library.uq.edu.au/view/UQ:3c16704
4503669,Min Zhu,1556-5068,Crowding: evidence from fund managerial structure,2020,Working Paper,,https://espace.library.uq.edu.au/view/UQ:f684a47
4503669,Min Zhu,1556-5068,Does corporate exposure to weather affect bond yield spread?,2020,Working Paper,,https://espace.library.uq.edu.au/view/UQ:9e6aee1
4503669,Min Zhu,0304-405X,"Informative fund size, managerial skill, and investor rationality",2018,Journal Article,A*,https://espace.library.uq.edu.au/view/UQ:9a320fb
4503669,Min Zhu,0046-3892,Mutual fund managers' prior work experience and their investment skill,2018,Journal Article,A*,https://espace.library.uq.edu.au/view/UQ:d504009
4503669,Min Zhu,0264-8377,The impact of flood dynamics on property values,2017,Journal Article,A,https://espace.library.uq.edu.au/view/UQ:3e70a37
4503669,Min Zhu,1059-0560,Dividend growth and equity premium predictability,2017,Journal Article,A,https://espace.library.uq.edu.au/view/UQ:d07081d
4503669,Min Zhu,0264-9993,On estimating long-run effects in models with lagged dependent variables,2017,Journal Article,A,https://espace.library.uq.edu.au/view/UQ:a1bbac9
4503669,Min Zhu,0176-1714,A comment on Koh’s “The optimal design of fallible organizations: invariance of optimal decision threshold and uniqueness of hierarchy and polyarchy structures”,2016,Journal Article,A,https://espace.library.uq.edu.au/view/UQ:415703
4503669,Min Zhu,2041-6156,Chinese stock market return predictability: adaptive complete subset regressions,2016,Journal Article,B,https://espace.library.uq.edu.au/view/UQ:53ccdc6
4503669,Min Zhu,0167-9473,A Gaussian pseudolikelihood approach for quantile regression with repeated measurements,2015,Journal Article,A,https://espace.library.uq.edu.au/view/UQ:349383
4503669,Min Zhu,1479-8409,Jackknife for bias reduction in predictive regressions,2013,Journal Article,A*,https://espace.library.uq.edu.au/view/UQ:c654aa5
4503669,Min Zhu,0006-341X,Shrinkage empirical likelihood estimator in longitudinal analysis with time‐dependent covariates—application to modeling the health of Filipino children,2013,Journal Article,,https://espace.library.uq.edu.au/view/UQ:5637b15
4503669,Min Zhu,1059-0560,Return distribution predictability and its implications for portfolio selection,2013,Journal Article,A,https://espace.library.uq.edu.au/view/UQ:da4edbe
4503669,Min Zhu,1470-8272,The benefits of tree-based models for stock selection,2012,Journal Article,B,https://espace.library.uq.edu.au/view/UQ:decb377
4503669,Min Zhu,,Classification and regression trees and their use in financial modeling,2012,Book Chapter,,https://espace.library.uq.edu.au/view/UQ:86e2a34
4503669,Min Zhu,0095-4918,A hybrid approach to combining CART and logistic regression for stock ranking,2011,Journal Article,A,https://espace.library.uq.edu.au/view/UQ:df9bdca
4503669,Min Zhu,0167-9473,Quantile regression without the curse of unsmoothness,2009,Journal Article,A,https://espace.library.uq.edu.au/view/UQ:221256
4503669,Min Zhu,1465-4644,Efficient parameter estimation in longitudinal data analysis using a hybrid GEE method,2009,Journal Article,A,https://espace.library.uq.edu.au/view/UQ:221219
4503669,Min Zhu,1082-989X,Testing Intergroup Concordance in Ranking Experiments With Two Groups of Judges,2008,Journal Article,B,https://espace.library.uq.edu.au/view/UQ:762fdd5
4503669,Min Zhu,1061-8600,Robust estimation using the Huber function with a data-dependent tuning constant,2007,Journal Article,A*,https://espace.library.uq.edu.au/view/UQ:221251
4503669,Min Zhu,0006-3444,Rank-based regression for analysis of repeated measures,2006,Journal Article,A*,https://espace.library.uq.edu.au/view/UQ:221265
4503669,Min Zhu,0972-7671,Quantile estimation from ranked set sampling data,2005,Journal Article,,https://espace.library.uq.edu.au/view/UQ:e4e8068
4503669,Min Zhu,0006-341X,Robust estimating functions and bias correction for longitudinal data analysis,2005,Journal Article,,https://espace.library.uq.edu.au/view/UQ:222311
4503669,Min Zhu,0167-7152,Optimal sign tests for data from ranked set samples,2005,Journal Article,B,https://espace.library.uq.edu.au/view/UQ:221264
4503669,Min Zhu,1743-9132,Informational content of options around analyst recommendations,0202,Journal Article,A,https://espace.library.uq.edu.au/view/UQ:e97533a
4930238,Ankit Jain,0278-4254,Financial statement comparability and qualitative disclosures,2026,Journal Article,A*,https://espace.library.uq.edu.au/view/UQ:ef055ac
4930238,Ankit Jain,,Corporate Behaviour &amp; Climate-related Financial Disclosures – Phase 1,2025,Research Report,,https://espace.library.uq.edu.au/view/UQ:71246a2
4930238,Ankit Jain,0963-8180,Disclosure tone and short-selling pressure: evidence from Regulation-SHO,2025,Journal Article,A*,https://espace.library.uq.edu.au/view/UQ:93c2492
4930238,Ankit Jain,0165-1765,Is more always better? Information acquisition and stock price crash risk,2024,Journal Article,A,https://espace.library.uq.edu.au/view/UQ:b02c127
4930238,Ankit Jain,0306-686X,Institutional ownership and the informativeness of disclosure tone,2022,Journal Article,A*,https://espace.library.uq.edu.au/view/UQ:f06a8e8
4930238,Ankit Jain,,Financial statement comparability and qualitative disclosures,2022,Conference Paper,,https://espace.library.uq.edu.au/view/UQ:be601f8
4930238,Ankit Jain,,Asset impairment announcements: the dual effects of relevance and credibility,2021,Conference Paper,,https://espace.library.uq.edu.au/view/UQ:6adb5cc
4930238,Ankit Jain,,Disclosure and shareholder voting: evidence from India,2020,Research Report,,https://espace.library.uq.edu.au/view/UQ:3ad4420
4930238,Ankit Jain,0378-4266,Demand curves for stocks do not slope downwards: evidence using an exogenous supply shock,2019,Journal Article,A*,https://espace.library.uq.edu.au/view/UQ:c128892
4850515,Byungki Kim,,"Replication data for audit firm signing-partner changes following client restatements, Chinese A-share listed firms 2017 to 2024",2026,Data Collection,,https://espace.library.uq.edu.au/view/UQ:08ab8dc
4850515,Byungki Kim,0823-9150,Information content of credit rating affirmations,2024,Journal Article,A*,https://espace.library.uq.edu.au/view/UQ:b8ecb20
4850515,Byungki Kim,1573-0697,Business groups and tunneling: evidence from corporate charitable contributions by Korean companies,2019,Journal Article,A,https://espace.library.uq.edu.au/view/UQ:07855a2
7635606,Kirsty Dunbar,1834-2019,The effect of the carbon tax and the emission reduction fund on government salience,2023,Journal Article,B,https://espace.library.uq.edu.au/view/UQ:53b19ed
7635606,Kirsty Dunbar,0268-6902,Ethical values in the evaluation of corporate social performance,2016,Journal Article,A,https://espace.library.uq.edu.au/view/UQ:433c891
7635606,Kirsty Dunbar,1835-9132,A Content Analysis of Accounting Job Advertisements: Skill Requirements for Graduates,2016,Journal Article,,https://espace.library.uq.edu.au/view/UQ:99e1907
7646522,Bobae Choi,2331-1975,Crises and changes in CEO pay structures in Australia,2026,Journal Article,C,https://espace.library.uq.edu.au/view/UQ:70621df
7646522,Bobae Choi,1815-5669,Selective optimism of analysts affiliated with mutual funds,2026,Journal Article,A,https://espace.library.uq.edu.au/view/UQ:5df4223
7646522,Bobae Choi,2160-4061,Carbon disclosure and common ownership,2026,Journal Article,A,https://espace.library.uq.edu.au/view/UQ:88d4c58
7646522,Bobae Choi,0810-5391,Carbon management system and firm operational efficiency,2025,Journal Article,A,https://espace.library.uq.edu.au/view/UQ:6728e1d
7646522,Bobae Choi,0312-8962,How remuneration committees incentivise executive compensation in Australia,2025,Journal Article,A,https://espace.library.uq.edu.au/view/UQ:eece8ea
7646522,Bobae Choi,0812-695X,Social norms and tax compliance intention during COVID-19: the case of JobKeeper,2025,Journal Article,A*,https://espace.library.uq.edu.au/view/UQ:66e610d
7646522,Bobae Choi,1094-4060,Carbon disclosure and firm idiosyncratic risk: international evidence,2025,Journal Article,A,https://espace.library.uq.edu.au/view/UQ:0542222
7646522,Bobae Choi,1094-4060,Carbon management system quality and corporate financial performance,2023,Journal Article,A,https://espace.library.uq.edu.au/view/UQ:bd386a9
7646522,Bobae Choi,1542-6297,Does a carbon management system mitigate the consequences of carbon emissions on firm value? An international study,2022,Journal Article,A,https://espace.library.uq.edu.au/view/UQ:894082e
7646522,Bobae Choi,1544-6123,Insider vs. outsider CEO and firm performance: evidence from the Covid-19 pandemic,2022,Journal Article,A,https://espace.library.uq.edu.au/view/UQ:57c074e
7646522,Bobae Choi,1035-6908,Does corporate social responsibility enhance financial performance? Evidence from Australia,2022,Journal Article,B,https://espace.library.uq.edu.au/view/UQ:236ca4d
7646522,Bobae Choi,0312-8962,The value relevance of carbon emissions information from Australian-listed companies,2021,Journal Article,A,https://espace.library.uq.edu.au/view/UQ:2e9fd82
7646522,Bobae Choi,0890-8389,Does the market value greenhouse gas emissions? Evidence from multi-country firm data,2021,Journal Article,A*,https://espace.library.uq.edu.au/view/UQ:a40b02b
7646522,Bobae Choi,2211-8837,Policies and innovations to battle Covid-19 – a case study of South Korea,2020,Journal Article,,https://espace.library.uq.edu.au/view/UQ:1a888f9
7646522,Bobae Choi,0927-538X,Corporate social responsibility and debt maturity: Australian evidence,2020,Journal Article,A,https://espace.library.uq.edu.au/view/UQ:a36dfe8
7646522,Bobae Choi,1327-2020,Does corporate social responsibility reduce information asymmetry? Empirical evidence from Australia,2019,Journal Article,A,https://espace.library.uq.edu.au/view/UQ:0b88ce3
7646522,Bobae Choi,0729-2775,Australian enterprise risk management practices and corporate governance,2018,Journal Article,A,https://espace.library.uq.edu.au/view/UQ:692eb05
7646522,Bobae Choi,1468-4497,The Effect of CEO Stock-Based Compensation on the Pricing of Future Earnings,2017,Journal Article,A*,https://espace.library.uq.edu.au/view/UQ:05a37b7
7646522,Bobae Choi,1477-7819,Associations between the standardized uptake value of 18F-FDG PET/CT and the prognostic factors of invasive lobular carcinoma: In comparison with invasive ductal carcinoma,2015,Journal Article,,https://espace.library.uq.edu.au/view/UQ:31ef537
7646522,Bobae Choi,1911-3846,Trading behavior prior to public release of analyst reports: Evidence from Korea,2015,Journal Article,A*,https://espace.library.uq.edu.au/view/UQ:a78a122
7646522,Bobae Choi,1743-9132,Determinants and market implications of differentiated dividends in Korea,2014,Journal Article,A,https://espace.library.uq.edu.au/view/UQ:cb95d1a
7646522,Bobae Choi,0899-7071,MR differentiation of low-grade chondrosarcoma from enchondroma,2013,Journal Article,,https://espace.library.uq.edu.au/view/UQ:0c2038c
7646522,Bobae Choi,2041-5494,An analysis of Australian company carbon emission disclosures,2013,Journal Article,B,https://espace.library.uq.edu.au/view/UQ:7023645
7646522,Bobae Choi,1467-8683,"Corporate social responsibility, corporate governance and earnings quality: Evidence from Korea",2013,Journal Article,A,https://espace.library.uq.edu.au/view/UQ:6a4da91
7646522,Bobae Choi,1477-7819,Diffusion-weighted imaging and FDG PET/CT: predicting the prognoses with apparent diffusion coefficient values and maximum standardized uptake values in patients with invasive ductal carcinoma,2012,Journal Article,,https://espace.library.uq.edu.au/view/UQ:6205ba7
7646522,Bobae Choi,1226-508X,An equity market perspective on the Korean financial crisis,2010,Journal Article,C,https://espace.library.uq.edu.au/view/UQ:c18d842
7646522,Bobae Choi,0954-1314,"Analyst following, institutional investors and pricing of future earnings: Evidence from Korea",2008,Journal Article,A,https://espace.library.uq.edu.au/view/UQ:493bae7
7642804,Mia Han,0312-8962,Excess returns on idiosyncratic profitability: evidence from a hedge portfolio strategy,2026,Journal Article,A,https://espace.library.uq.edu.au/view/UQ:7aaee31
7642804,Mia Han,0810-5391,The power of local grassroot: the impact of local public attention on corporate green innovation,2026,Journal Article,A,https://espace.library.uq.edu.au/view/UQ:38dbbcb
7642804,Mia Han,1467-629X,Idiosyncratic earnings and analyst forecast properties,2025,Journal Article,A,https://espace.library.uq.edu.au/view/UQ:3e47182
7642804,Mia Han,0810-5391,ESG rating uncertainty and excess cash holdings: evidence from China,2025,Journal Article,A,https://espace.library.uq.edu.au/view/UQ:0dfdca4
7642804,Mia Han,0810-5391,How does climate risk affect corporate innovation? Evidence from China,2023,Journal Article,A,https://espace.library.uq.edu.au/view/UQ:d57ebae
1736,Kathleen Herbohn,,Submission to the Inquiry into Greenwashing Re: Potential Impact of Greenwashing in Mandatory Climate-related Disclosures (AASB S2),2025,Working Paper,,https://espace.library.uq.edu.au/view/UQ:632591e
1736,Kathleen Herbohn,,Corporate Behaviour &amp; Climate-related Financial Disclosures – Phase 1,2025,Research Report,,https://espace.library.uq.edu.au/view/UQ:71246a2
1736,Kathleen Herbohn,1467-6281,The value relevance of a firm's carbon risk profile,2024,Journal Article,A,https://espace.library.uq.edu.au/view/UQ:32f0fcb
1736,Kathleen Herbohn,0810-5391,The impact of board ethnic diversity and Chief Executive Officer role on corporate social responsibility,2023,Journal Article,A,https://espace.library.uq.edu.au/view/UQ:d24af31
1736,Kathleen Herbohn,,"Business strategy, carbon mitigation activities and investors' assessed emissions valuation penalty",2022,Conference Paper,,https://espace.library.uq.edu.au/view/UQ:58481ec
1736,Kathleen Herbohn,,Evaluating the role of business and environmental non-profit organisations in climate policy formation,2022,Conference Paper,,https://espace.library.uq.edu.au/view/UQ:7f6316b
1736,Kathleen Herbohn,,The state of climate change-related risk disclosures and the way forward,2022,Book Chapter,,https://espace.library.uq.edu.au/view/UQ:83e6d88
1736,Kathleen Herbohn,,Asset impairment announcements: the dual effects of relevance and credibility,2021,Conference Paper,,https://espace.library.uq.edu.au/view/UQ:6adb5cc
1736,Kathleen Herbohn,,"Business strategy, carbon mitigation activities and investors' assessed emissions valuation penalty",2021,Conference Paper,,https://espace.library.uq.edu.au/view/UQ:cde4871
1736,Kathleen Herbohn,1815-5669,The relationship between a firm's information environment and its cash holding decision,2020,Journal Article,A,https://espace.library.uq.edu.au/view/UQ:baf5816
1736,Kathleen Herbohn,,"The relation between board ethnic diversity, CEO power and corporate social responsibility: Evidence from Australia",2019,Conference Paper,,https://espace.library.uq.edu.au/view/UQ:cb033b5
1736,Kathleen Herbohn,,The credibility of the big four Australian banks' management of climate change risk exposure,2019,Conference Paper,,https://espace.library.uq.edu.au/view/UQ:1475626
1736,Kathleen Herbohn,,The value relevance of a firm's carbon profile,2019,Conference Paper,,https://espace.library.uq.edu.au/view/UQ:bd4209b
1736,Kathleen Herbohn,0167-4544,Evidence on whether banks consider carbon risk in their lending decisions,2017,Journal Article,A,https://espace.library.uq.edu.au/view/UQ:689961
1736,Kathleen Herbohn,,The implicity assurance of carbon risk by banks,2017,Conference Paper,,https://espace.library.uq.edu.au/view/UQ:c8aba75
1736,Kathleen Herbohn,,Issues in financial accounting,2017,Book,,https://espace.library.uq.edu.au/view/UQ:576738
1736,Kathleen Herbohn,,Carbon risk: A contemporary business challenge and the role of bank monitoring,2016,Conference Paper,,https://espace.library.uq.edu.au/view/UQ:31e33a6
1736,Kathleen Herbohn,0167-4544,"Carbon risk, carbon risk awareness and the cost of debt financing",2016,Journal Article,A,https://espace.library.uq.edu.au/view/UQ:388776
1736,Kathleen Herbohn,1468-5957,The market response to beating after-tax earnings targets revisited using analysts' pre-tax earnings forecasts and concurrent tax note disclosures,2016,Journal Article,A*,https://espace.library.uq.edu.au/view/UQ:378915
1736,Kathleen Herbohn,1467-6281,Corporate social responsibility: the link between sustainability disclosure and sustainability performance,2014,Journal Article,A,https://espace.library.uq.edu.au/view/UQ:349958
1736,Kathleen Herbohn,0810-5391,Women and the prospects for partnership in professional accountancy firms,2014,Journal Article,A,https://espace.library.uq.edu.au/view/UQ:327127
1736,Kathleen Herbohn,,Issues in financial accounting,2014,Book,,https://espace.library.uq.edu.au/view/UQ:379460
1736,Kathleen Herbohn,0894-1920,Using a balanced scorecard to improve the management of natural resources: experiences from Baden-Wuerttemberg,2013,Journal Article,,https://espace.library.uq.edu.au/view/UQ:294500
1736,Kathleen Herbohn,,Work-lifestyle choices in professional accountancy firms: The road to partnership,2013,Conference Paper,,https://espace.library.uq.edu.au/view/UQ:5477674
1736,Kathleen Herbohn,1035-6908,Climate change policy in Australia: Organisational responses and influences,2012,Journal Article,B,https://espace.library.uq.edu.au/view/UQ:271170
1736,Kathleen Herbohn,1352-9021,Women in accountancy: prospects for partnership,2010,Journal Article,,https://espace.library.uq.edu.au/view/UQ:222611
1736,Kathleen Herbohn,,Accounting for and reporting of carbon: Opportunities lost or a brave new future?,2010,Department Technical Report,,https://espace.library.uq.edu.au/view/UQ:257481
1736,Kathleen Herbohn,0306-686X,Changes in unrecognised deferred tax accruals from carry-forward losses: earnings management or signalling?,2010,Journal Article,A*,https://espace.library.uq.edu.au/view/UQ:218726
1736,Kathleen Herbohn,,"Implementing the fair value accounting in the agricultural sector: IAS41 and the comparability of corporate farm accounting practice in Australia, France and the UK",2010,Conference Paper,,https://espace.library.uq.edu.au/view/UQ:228014
1736,Kathleen Herbohn,,Issues in financial accounting,2010,Book,,https://espace.library.uq.edu.au/view/UQ:225034
1736,Kathleen Herbohn,,Missing pre-tax earnings benchmarks: Does the market care?,2010,Conference Paper,,https://espace.library.uq.edu.au/view/UQ:227839
1736,Kathleen Herbohn,0810-5391,Market's perception of deferred tax accruals,2009,Journal Article,A,https://espace.library.uq.edu.au/view/UQ:185288
1736,Kathleen Herbohn,0002-5852,Multidimensional performance measurement systems – A promising approach for the management of enterprises and administrations in the forest sector? – Results of a case study in comparison with findings in US-American administrations,2009,Journal Article,,https://espace.library.uq.edu.au/view/UQ:197574
1736,Kathleen Herbohn,0379-5292,A preliminary investigation of the reporting of forest assets under international financial reporting standards. Eine erste studie zur rechnungslegung forstwirtschaftlicher vermogenswerte nach internationalen rechnungslegungstandards,2009,Journal Article,,https://espace.library.uq.edu.au/view/UQ:183602
1736,Kathleen Herbohn,,"Implementing Fair Value Accounting in the Agricultural Sector: The UK, Australia and France",2009,Generic Document,,https://espace.library.uq.edu.au/view/UQ:202640
1736,Kathleen Herbohn,1832-0899,"IFRS: Irritating, frustrating and really silly?",2008,Journal Article,,https://espace.library.uq.edu.au/view/UQ:163821
1736,Kathleen Herbohn,0810-5391,Auditor reporting and earnings management: Some additional evidence,2008,Journal Article,A,https://espace.library.uq.edu.au/view/UQ:159064
1736,Kathleen Herbohn,,Changes in unrecognised deferred tax accruals from carry-forward losses: Opportunism or signalling?,2008,Conference Paper,,https://espace.library.uq.edu.au/view/UQ:176289
1736,Kathleen Herbohn,,Sustainability reporting in local government: systemic change or greenwash?,2008,Research Report,,https://espace.library.uq.edu.au/view/UQ:163820
1736,Kathleen Herbohn,,Issues in Financial Accounting,2008,Book,,https://espace.library.uq.edu.au/view/UQ:152184
1736,Kathleen Herbohn,0810-5391,The horse has bolted: Revisiting the market reaction to going concern modifications of audit reports,2007,Journal Article,A,https://espace.library.uq.edu.au/view/UQ:130937
1736,Kathleen Herbohn,,Non-Financial performance measures in the Black Forest,2007,Conference Paper,,https://espace.library.uq.edu.au/view/UQ:202971
1736,Kathleen Herbohn,,The market's perception of the reliability of deferred tax accruals,2006,Conference Paper,,https://espace.library.uq.edu.au/view/UQ:104972
1736,Kathleen Herbohn,1447-1825,International Accounting Standard (IAS) 41: What are the implications for reporting forest assets?,2006,Journal Article,,https://espace.library.uq.edu.au/view/UQ:195955
1736,Kathleen Herbohn,1035-6908,Accounting for SGARAs: A stocktake of accounting practice before compliance with AASB141 'Agriculture',2006,Journal Article,B,https://espace.library.uq.edu.au/view/UQ:75002
1736,Kathleen Herbohn,,Issues in Financial Accounting,2006,Book,,https://espace.library.uq.edu.au/view/UQ:40828
1736,Kathleen Herbohn,1328-780X,Stock market reaction to modified audit reports,2005,Conference Paper,,https://espace.library.uq.edu.au/view/UQ:101753
1736,Kathleen Herbohn,1465-5489,International accounting standards: How adequately are forest assets reported in the balance sheet and income statement?,2005,Conference Paper,,https://espace.library.uq.edu.au/view/UQ:101752
1736,Kathleen Herbohn,1030-9616,Job satisfaction dimensions in public accounting practice,2005,Journal Article,B,https://espace.library.uq.edu.au/view/UQ:75001
1736,Kathleen Herbohn,0361-3682,A full cost environmental accounting experiment,2005,Journal Article,A*,https://espace.library.uq.edu.au/view/UQ:74695
1736,Kathleen Herbohn,0890-8389,Informal mentoring relationships and the career processes of public accountants,2004,Journal Article,A*,https://espace.library.uq.edu.au/view/UQ:69621
1736,Kathleen Herbohn,0313-5926,Forestry managers' perceptions of the feasibility of incorporating non-market value estimates into financial environmental reporting,2002,Journal Article,A,https://espace.library.uq.edu.au/view/UQ:61253
1736,Kathleen Herbohn,0313-5926,Forestry managers' perceptions of the feasibility of incorporating non-market value estimates into financial environmental reporting,2002,Journal Article,A,https://espace.library.uq.edu.au/view/UQ:704122
1736,Kathleen Herbohn,,The Inclusion of Non-Wood Benefits in Reporting Systems of Forest Enterprise,2001,Book Chapter,,https://espace.library.uq.edu.au/view/UQ:68487
1736,Kathleen Herbohn,,Encouraging Greater Participation in Farm Forestry and the Role of Socio-Economic Research,2001,Conference Paper,,https://espace.library.uq.edu.au/view/UQ:96573
1736,Kathleen Herbohn,,Reforestation progress and forestry incentive schemes in Australia,2000,Book Chapter,,https://espace.library.uq.edu.au/view/UQ:146564
1736,Kathleen Herbohn,,New horizons in sustainable small-scale foresting,2000,Book Chapter,,https://espace.library.uq.edu.au/view/UQ:146563
1736,Kathleen Herbohn,0894-1920,An alternative approach to accounting for natural resources: The case of multipurpose forestry in Australia,2000,Journal Article,,https://espace.library.uq.edu.au/view/UQ:141557
1736,Kathleen Herbohn,0378-1127,Lessons from small-scale forestry initiatives in Australia: The effective integration of environmental and commercial values,2000,Journal Article,,https://espace.library.uq.edu.au/view/UQ:142252
1736,Kathleen Herbohn,0004-9158,Accounting for forestry assets: The development of an Australian policy,1998,Journal Article,,https://espace.library.uq.edu.au/view/UQ:2a5bc7d
1736,Kathleen Herbohn,1835-2561,Accounting for forestry assets: Current practice and future directions,1998,Journal Article,B,https://espace.library.uq.edu.au/view/UQ:ed62a59
1009,Grace Hsu,0927-538X,Switching between superannuation funds: Does performance and marketing matter?,2020,Journal Article,A,https://espace.library.uq.edu.au/view/UQ:3215d66
1009,Grace Hsu,1030-9616,Do biotechnology and health-care firms have poorer continuous disclosure practices as reflected in ASX queries?,2019,Journal Article,B,https://espace.library.uq.edu.au/view/UQ:985261c
1009,Grace Hsu,0810-5391,Inter-temporal changes in analysts' forecast properties under the Australian continuous disclosure regime,2012,Journal Article,A,https://espace.library.uq.edu.au/view/UQ:260978
1009,Grace Hsu,0810-5391,Impact of earnings performance on price-sensitive disclosures under the Australian continuous disclosure regime,2009,Journal Article,A,https://espace.library.uq.edu.au/view/UQ:158993
1009,Grace Hsu,,The impact of disclosure regulation on analyst forecasts: A comparison of Australia and the U.S.,2006,Conference Paper,,https://espace.library.uq.edu.au/view/UQ:206653
1009,Grace Hsu,0964-8410,Does the presence of institutional investors influence accruals management? Evidence from Australia,2005,Journal Article,A,https://espace.library.uq.edu.au/view/UQ:2945
1009,Grace Hsu,,The impact of earnings performance on price sensitive disclosures under the Australian continuous disclosure regime,2005,Thesis,,https://espace.library.uq.edu.au/view/UQ:107149
1009,Grace Hsu,1328-780X,The impact of earnings performance on price sensitive disclosures under the Australian continuous disclosure regime,2005,Conference Paper,,https://espace.library.uq.edu.au/view/UQ:103274
1009,Grace Hsu,,Australian management earnings forecasts : information additional to consensus analysts' forecasts,1998,Thesis,,https://espace.library.uq.edu.au/view/UQ:219214
4940317,Mark Wallis,0810-5391,Has accounting really lost its value relevance?,2026,Journal Article,A,https://espace.library.uq.edu.au/view/UQ:0e58dc1
4940317,Mark Wallis,,Australian financial reporting benchmarks,2025,Research Report,,https://espace.library.uq.edu.au/view/UQ:0757b30
4940317,Mark Wallis,,Key Audit Matters Insights 2025,2025,Research Report,,https://espace.library.uq.edu.au/view/UQ:2104792
4940317,Mark Wallis,,Effects of climate-related risks on financial statements 2025,2025,Research Report,,https://espace.library.uq.edu.au/view/UQ:f8407a0
4940317,Mark Wallis,,Australian financial reporting benchmarks and research insights,2024,Research Report,,https://espace.library.uq.edu.au/view/UQ:2ff474c
4940317,Mark Wallis,,Indonesian financial reporting benchmarks and data-driven research insights: 2023 volume one&nbsp;,2024,Research Report,,https://espace.library.uq.edu.au/view/UQ:5ef01b3
4940317,Mark Wallis,,Key Audit Matters Insights 2023,2024,Research Report,,https://espace.library.uq.edu.au/view/UQ:f7f2377
4940317,Mark Wallis,,Climate-related financial impacts 2023 reporting (31 December 2022 - 30 September 2023 balance date),2024,Research Report,,https://espace.library.uq.edu.au/view/UQ:17e9f77
4940317,Mark Wallis,,"Australian financial reporting benchmarks and data-driven research insights Volume 3, 2023",2023,Research Report,,https://espace.library.uq.edu.au/view/UQ:3986856
4940317,Mark Wallis,1467-6281,Why do analysts use a zero forecast for other comprehensive income?,2023,Journal Article,A,https://espace.library.uq.edu.au/view/UQ:918c61b
4940317,Mark Wallis,,Australian Listed Entities: Recognised intangible assets and key audit matters,2023,Research Report,,https://espace.library.uq.edu.au/view/UQ:9f424d6
4940317,Mark Wallis,,Key Audit Matters Insights 2022,2023,Research Report,,https://espace.library.uq.edu.au/view/UQ:9f4a96a
4940317,Mark Wallis,,Climate risk in financial statements: 31 December 2021 to 31 July 2022 reporting,2022,Research Report,,https://espace.library.uq.edu.au/view/UQ:91efe07
4940317,Mark Wallis,,Australian financial reporting benchmarks and data-driven research insights June 2022 Volume Two,2022,Research Report,,https://espace.library.uq.edu.au/view/UQ:a0abe5a
4940317,Mark Wallis,,The impact of climate related risks on statutory financial statements and auditors’ reports,2022,Research Report,,https://espace.library.uq.edu.au/view/UQ:0e064b8
4940317,Mark Wallis,,Key Audit Matters Insights 2021,2022,Research Report,,https://espace.library.uq.edu.au/view/UQ:e06f598
4940317,Mark Wallis,,The state of climate change-related risk disclosures and the way forward,2022,Book Chapter,,https://espace.library.uq.edu.au/view/UQ:83e6d88
4940317,Mark Wallis,,Australian Financial Reporting Benchmarks June 2021 Volume One,2021,Research Report,,https://espace.library.uq.edu.au/view/UQ:2f49d69
4940317,Mark Wallis,0810-5391,The effects of relaxing Australia's statutory dividend restrictions,2021,Journal Article,A,https://espace.library.uq.edu.au/view/UQ:7661d74
4940317,Mark Wallis,1049-2127,Critique on the 'manager effects' research and implications for management accounting research,2018,Journal Article,A*,https://espace.library.uq.edu.au/view/UQ:b6eaf9d
3804387,Matthew Peters,,"Management accounting resources, for profitability measurement reporting, and competitive performance: The moderating roles of market dynamism",2023,Conference Paper,,https://espace.library.uq.edu.au/view/UQ:394c1d0
3804387,Matthew Peters,,Effective BI-enabled profit planning ‘systems’ and market dynamism,2023,Conference Paper,,https://espace.library.uq.edu.au/view/UQ:0fdbd7d
3804387,Matthew Peters,0739-3172,Interactive spreadsheeting: a learning strategy and exercises for calculative management accounting principles,2022,Journal Article,A,https://espace.library.uq.edu.au/view/UQ:3a0af8e
3804387,Matthew Peters,0739-3172,The solar panels business case: a management accounting instructional resource,2022,Journal Article,A,https://espace.library.uq.edu.au/view/UQ:cb5327a
3804387,Matthew Peters,1558-7983,The frozen supply chain business case: a management accounting instructional resource,2021,Journal Article,A,https://espace.library.uq.edu.au/view/UQ:abf6d53
3804387,Matthew Peters,,Declarative interactive dynamic tensions in radical innovation project-planning,2020,Conference Paper,,https://espace.library.uq.edu.au/view/UQ:5c5ced4
3804387,Matthew Peters,,The unspoken pleasures of power?,2020,Conference Paper,,https://espace.library.uq.edu.au/view/UQ:86d5a51
3804387,Matthew Peters,,In defence of the familiar: innovating in business schools through slow histories,2020,Conference Paper,,https://espace.library.uq.edu.au/view/UQ:f24c001
3804387,Matthew Peters,,In defence of the familiar: innovating in business schools through slow histories,2019,Conference Paper,,https://espace.library.uq.edu.au/view/UQ:611def9
3804387,Matthew Peters,,Ending the production line? How learning university history can influence different thinking about business school academic careers.,2019,Conference Paper,,https://espace.library.uq.edu.au/view/UQ:405bde9
3804387,Matthew Peters,0024-6301,Interactive proﬁt-planning systems and market turbulence: a dynamic capabilities perspective,2019,Journal Article,A*,https://espace.library.uq.edu.au/view/UQ:729150
3804387,Matthew Peters,1467-0895,Organizational improvisation and the reduced usefulness of performance measurement BI functionalities,2018,Journal Article,A,https://espace.library.uq.edu.au/view/UQ:729148
3804387,Matthew Peters,,Business intelligence systems in support of performance measurement system capability: implications for enhanced competitive advantage,2016,Conference Paper,,https://espace.library.uq.edu.au/view/UQ:389a32a
3804387,Matthew Peters,1467-0895,Business intelligence systems use in performance measurement capabilities: Implications for enhanced competitive advantage.,2016,Journal Article,A,https://espace.library.uq.edu.au/view/UQ:729147
3804387,Matthew Peters,,The unspoken pleasures of power?,2016,Conference Paper,,https://espace.library.uq.edu.au/view/UQ:729152
3804387,Matthew Peters,,How Management Accounting Teams can Effectively Support Superior Performance Measurement Practices. CIMA Report,2016,Research Report,,https://espace.library.uq.edu.au/view/UQ:729151
77962,Michael Turner,,Corporate Behaviour &amp; Climate-related Financial Disclosures – Phase 1,2025,Research Report,,https://espace.library.uq.edu.au/view/UQ:71246a2
77962,Michael Turner,,Finance and accounting in F&B,2025,Book Chapter,,https://espace.library.uq.edu.au/view/UQ:638b27a
77962,Michael Turner,,Capital budgeting: Planning for long-term asset expenditure,2025,Book Chapter,,https://espace.library.uq.edu.au/view/UQ:20ec99f
77962,Michael Turner,0739-3172,Using Python in management accounting: Monte Carlo simulation for cost-volume-profit analysis,2025,Journal Article,A,https://espace.library.uq.edu.au/view/UQ:b08831b
77962,Michael Turner,1940-204X,Kunapipi Gardens: a case study of transfer pricing in a service industry context,2023,Journal Article,C,https://espace.library.uq.edu.au/view/UQ:f45767e
77962,Michael Turner,0739-3172,Incorporating data analytics in management accounting: A teaching case on cost estimation,2023,Journal Article,A,https://espace.library.uq.edu.au/view/UQ:0bf8497
77962,Michael Turner,1085-4622,A framework for integrating “R” programming into the accounting curriculum,2023,Journal Article,C,https://espace.library.uq.edu.au/view/UQ:09c4411
77962,Michael Turner,0963-8180,"Are shareholders willing to pay for financial, social and environmental disclosure? A choice-based experiment",2023,Journal Article,A*,https://espace.library.uq.edu.au/view/UQ:2883ee6
77962,Michael Turner,1524-833X,Kunapipi Gardens: transfer pricing in the service industry,2022,Journal Article,,https://espace.library.uq.edu.au/view/UQ:42943cb
77962,Michael Turner,0739-3172,"Azure Lodging, Inc.: a case study on capital budgeting with capital rationing in a service industry context",2022,Journal Article,A,https://espace.library.uq.edu.au/view/UQ:4a4b23d
77962,Michael Turner,1030-9616,The effect of integrated reporting quality on market liquidity and analyst forecast error,2020,Journal Article,B,https://espace.library.uq.edu.au/view/UQ:811f13b
77962,Michael Turner,0278-4319,Financial consequences of competitive set choice,2020,Journal Article,A*,https://espace.library.uq.edu.au/view/UQ:8f6921f
77962,Michael Turner,1940-204X,Lone Star Lodging,2019,Journal Article,C,https://espace.library.uq.edu.au/view/UQ:bed6dc4
77962,Michael Turner,1938-9655,The impact of renovation capital expenditure on hotel property performance,2019,Journal Article,A,https://espace.library.uq.edu.au/view/UQ:8547e19
77962,Michael Turner,1474-7871,Competitor monitoring and revenue performance: Evidence from the hospitality industry,2019,Journal Article,A,https://espace.library.uq.edu.au/view/UQ:39fcaab
77962,Michael Turner,,Finance and accounting in food and beverage: Theory,2019,Book Chapter,,https://espace.library.uq.edu.au/view/UQ:192f892
77962,Michael Turner,,Capital budgeting: Planning for long-term asset expenditure: Theory,2019,Book Chapter,,https://espace.library.uq.edu.au/view/UQ:d315840
77962,Michael Turner,0167-4544,Is a uniform approach to whistle-blowing regulation effective? Evidence from the United States and Germany,2018,Journal Article,A,https://espace.library.uq.edu.au/view/UQ:a15fb9c
77962,Michael Turner,0167-4544,The impact of financial incentives and perceptions of seriousness on whistleblowing intention,2018,Journal Article,A,https://espace.library.uq.edu.au/view/UQ:388666
77962,Michael Turner,1525-6480,The role of hotel owners across different management and agency structures,2018,Journal Article,B,https://espace.library.uq.edu.au/view/UQ:687273
77962,Michael Turner,2049-372X,Incentives and monitoring: impact on the financial and non-financial orientation of capital budgeting,2018,Journal Article,A,https://espace.library.uq.edu.au/view/UQ:687258
77962,Michael Turner,1447-6770,Precursors to the financial and strategic orientation of hotel property capital budgeting,2017,Journal Article,A*,https://espace.library.uq.edu.au/view/UQ:687265
77962,Michael Turner,0278-4319,Hotel property performance: the role of strategic management accounting,2017,Journal Article,A*,https://espace.library.uq.edu.au/view/UQ:504221
77962,Michael Turner,1030-9616,Do government administered financial rewards undermine firms’ internal whistle-blowing systems? A Pitch,2017,Journal Article,B,https://espace.library.uq.edu.au/view/UQ:552945
77962,Michael Turner,2049-372X,Discrete choice experiments: A research agenda for experimental accounting,2017,Journal Article,A,https://espace.library.uq.edu.au/view/UQ:520946
77962,Michael Turner,0278-4319,How hotel owner-operator goal congruence and GM autonomy influence hotel performance,2017,Journal Article,A*,https://espace.library.uq.edu.au/view/UQ:413442
77962,Michael Turner,,Entry modes: management contract,2016,Book Chapter,,https://espace.library.uq.edu.au/view/UQ:367707
77962,Michael Turner,,Selecting a partner hotel by the chain,2016,Book Chapter,,https://espace.library.uq.edu.au/view/UQ:b9ef60f
77962,Michael Turner,1441-3523,Sporting clubs and scandals – Lessons in governance,2015,Journal Article,A,https://espace.library.uq.edu.au/view/UQ:373673
77962,Michael Turner,1447-6770,An investigation of Australian and New Zealand hotel ownership,2014,Journal Article,A*,https://espace.library.uq.edu.au/view/UQ:341415
77962,Michael Turner,1475-1488,An investigation of big five personality and propensity to commit white-collar crime,2014,Journal Article,A,https://espace.library.uq.edu.au/view/UQ:337409
77962,Michael Turner,0278-4319,Capital budgeting implications arising from locus of hotel owner/operator power,2013,Journal Article,A*,https://espace.library.uq.edu.au/view/UQ:306014
77962,Michael Turner,2169-0286,Hotel management contracts: a particularly rich research context,2013,Journal Article,,https://espace.library.uq.edu.au/view/UQ:313236
77962,Michael Turner,0001-4788,Factors affecting biasing of capital budgeting cash flow forecasts: evidence from the hotel industry,2012,Journal Article,A,https://espace.library.uq.edu.au/view/UQ:286220
77962,Michael Turner,1176-6093,An investigation of the motivation of hotel owners and operators to engage in earnings management,2011,Journal Article,A,https://espace.library.uq.edu.au/view/UQ:254340
77962,Michael Turner,0810-5391,"Accounting for the furniture, fittings and equipment reserve in hotels",2010,Journal Article,A,https://espace.library.uq.edu.au/view/UQ:219770
77962,Michael Turner,1096-3480,Hotel management contracts and deficiencies in owner-operator capital expenditure goal congruency,2010,Journal Article,A,https://espace.library.uq.edu.au/view/UQ:219771
87748,Natalie Peng,0737-4607,Investor overconfidence and stock&nbsp;price crash risk,2025,Journal Article,A,https://espace.library.uq.edu.au/view/UQ:e5bee2d
87748,Natalie Peng,,Could Labor’s super tax reforms be headed for a makeover? Here’s how a redesign might work,2025,Newspaper Article,,https://espace.library.uq.edu.au/view/UQ:0d5181d
87748,Natalie Peng,,‘Highly vocal and very politically sensitive:’ exploring the Div 296 super tax backlash,2025,Newspaper Article,,https://espace.library.uq.edu.au/view/UQ:1cfab17
87748,Natalie Peng,,Markets are choppy. What should you do with your super if you are near retirement?,2025,Newspaper Article,,https://espace.library.uq.edu.au/view/UQ:7f3a1f3
87748,Natalie Peng,,Haven't started on your tax return and feeling overwhelmed?,2025,Newspaper Article,,https://espace.library.uq.edu.au/view/UQ:30f1935
87748,Natalie Peng,,提前规划SUPER:两杯奶茶钱或可变成十几万,2025,Audio Document,,https://espace.library.uq.edu.au/view/UQ:e60c7db
87748,Natalie Peng,,【分析】想提前取退休公积金？先了解是否能避免这几个风险,2025,Audio Document,,https://espace.library.uq.edu.au/view/UQ:7378eca
87748,Natalie Peng,,2025年下半年的养老金会稳定增长吗？,2025,Audio Document,,https://espace.library.uq.edu.au/view/UQ:fe03399
87748,Natalie Peng,,【分析】美国关税政策或对澳人的SUPER产生负面影响,2025,Audio Document,,https://espace.library.uq.edu.au/view/UQ:f04445a
87748,Natalie Peng,,Superannuation on ABC News Channel - Interview with Dr Natalie Peng about the impacts of the US Tariffs on Australian Superannuation Fund Investments,2025,Video Document,,https://espace.library.uq.edu.au/view/UQ:3934fb2
87748,Natalie Peng,,‘Behind every claim is a grieving family’. Death benefits inquiry demands change but lacks penalties,2025,Newspaper Article,,https://espace.library.uq.edu.au/view/UQ:f040f2d
87748,Natalie Peng,,【分析】退休公积金该怎么取？怎么花？,2025,Audio Document,,https://espace.library.uq.edu.au/view/UQ:89ba8f7
87748,Natalie Peng,,澳洲退休人士有钱不敢花，退休金制度该如何改革？,2025,Audio Document,,https://espace.library.uq.edu.au/view/UQ:d060855
87748,Natalie Peng,,New ‘best practice’ principles for superannuation products are coming. We asked a panel of experts what should be included,2024,Newspaper Article,,https://espace.library.uq.edu.au/view/UQ:4e65d46
87748,Natalie Peng,,ASIC’s lawsuit against Cbus has put the big super funds on notice,2024,Newspaper Article,,https://espace.library.uq.edu.au/view/UQ:308bdfb
87748,Natalie Peng,0312-6315,Super and the gender gap: closing the retirement savings divide,2024,Newspaper Article,,https://espace.library.uq.edu.au/view/UQ:ce79c6a
87748,Natalie Peng,,提前提取退休公积金的利弊,2024,Audio Document,,https://espace.library.uq.edu.au/view/UQ:35c5021
87748,Natalie Peng,,"The Friday Fight. No, we shouldn't abolish superannuation - we should fix it!",2024,Newspaper Article,,https://espace.library.uq.edu.au/view/UQ:919eb51
87748,Natalie Peng,,退休公积金代理投票和我们的利益相关吗,2024,Audio Document,,https://espace.library.uq.edu.au/view/UQ:448fc85
87748,Natalie Peng,,用脚投票有助于更好管理自己的退休公积金&nbsp;,2024,Audio Document,,https://espace.library.uq.edu.au/view/UQ:ca35ad0
87748,Natalie Peng,,夫妻共同规划退休公积金的利与弊,2024,Audio Document,,https://espace.library.uq.edu.au/view/UQ:4230539
87748,Natalie Peng,,非英语背景民众的退休金储蓄低很多 如何提高?,2024,Audio Document,,https://espace.library.uq.edu.au/view/UQ:a910438
87748,Natalie Peng,,养老金：你的投资是否面临风险,2024,Audio Document,,https://espace.library.uq.edu.au/view/UQ:1b899c8
87748,Natalie Peng,,EXPERT REACTION: Federal Budget 2024-2025,2024,Newspaper Article,,https://espace.library.uq.edu.au/view/UQ:63409a4
87748,Natalie Peng,,"From the gender gap to greenwashing, what’s your super up to?",2024,Newspaper Article,,https://espace.library.uq.edu.au/view/UQ:2d05ac6
87748,Natalie Peng,,EXPERT REACTION: Federal Budget 2023-2024,2023,Newspaper Article,,https://espace.library.uq.edu.au/view/UQ:5eb8185
87748,Natalie Peng,,How do I find out what my superannuation fund invests in? A finance expert explains,2022,Newspaper Article,,https://espace.library.uq.edu.au/view/UQ:5b3e22b
87748,Natalie Peng,,Superannuation death benefit nominations Experts say the process is too complex and confusing,2022,Newspaper Article,,https://espace.library.uq.edu.au/view/UQ:c2b67c5
87748,Natalie Peng,0927-538X,Switching between superannuation funds: Does performance and marketing matter?,2020,Journal Article,A,https://espace.library.uq.edu.au/view/UQ:3215d66
87748,Natalie Peng,,Be super savvy: avoid the early withdrawal traps,2020,Newspaper Article,,https://espace.library.uq.edu.au/view/UQ:0f0cdd2
87748,Natalie Peng,1386-4181,Predicting stock returns with implied cost of capital: a partial least squares approach,2020,Journal Article,A*,https://espace.library.uq.edu.au/view/UQ:0e5ab16
87748,Natalie Peng,,Information cost and member choice in the Australian superannuation industry,2017,Thesis,,https://espace.library.uq.edu.au/view/UQ:690565
326,Peter Clarkson,0148-2963,Symbolic self-completion: The case of sell-side analysts,2026,Journal Article,A,https://espace.library.uq.edu.au/view/UQ:2cbc20f
326,Peter Clarkson,0823-9150,Audit partner achievement drive and audit quality,2026,Journal Article,A*,https://espace.library.uq.edu.au/view/UQ:146d20c
326,Peter Clarkson,0927-538X,International evidence on the cost of public debt issued by private versus public firms,2025,Journal Article,A,https://espace.library.uq.edu.au/view/UQ:16aa368
326,Peter Clarkson,1470-8272,"Asset allocation, diversification, and co-movement effects: a global analysis of bonds and equities issued by the same firm",2025,Journal Article,B,https://espace.library.uq.edu.au/view/UQ:2b3b841
326,Peter Clarkson,1467-6281,The value relevance of a firm's carbon risk profile,2024,Journal Article,A,https://espace.library.uq.edu.au/view/UQ:32f0fcb
326,Peter Clarkson,1467-6281,Valuation implications of mandatory CSR expenditure in India,2024,Journal Article,A,https://espace.library.uq.edu.au/view/UQ:413f008
326,Peter Clarkson,,The equity value relevance of carbon emissions,2023,Book Chapter,,https://espace.library.uq.edu.au/view/UQ:1058dde
326,Peter Clarkson,,The state of climate change-related risk disclosures and the way forward,2022,Book Chapter,,https://espace.library.uq.edu.au/view/UQ:83e6d88
326,Peter Clarkson,0306-686X,Target price forecasts: the roles of the 52-week high price and recent investor sentiment,2020,Journal Article,A*,https://espace.library.uq.edu.au/view/UQ:c2408d3
326,Peter Clarkson,1815-5669,The relationship between a firm's information environment and its cash holding decision,2020,Journal Article,A,https://espace.library.uq.edu.au/view/UQ:baf5816
326,Peter Clarkson,0001-3072,A textual analysis of US corporate social responsibility reports,2020,Journal Article,A,https://espace.library.uq.edu.au/view/UQ:d3da462
326,Peter Clarkson,0951-3574,Causes and consequences of voluntary assurance of CSR reports: International evidence involving Dow Jones Sustainability Index Inclusion and Firm Valuation,2019,Journal Article,A*,https://espace.library.uq.edu.au/view/UQ:fc2b2dc
326,Peter Clarkson,1030-9616,Do biotechnology and health-care firms have poorer continuous disclosure practices as reflected in ASX queries?,2019,Journal Article,B,https://espace.library.uq.edu.au/view/UQ:985261c
326,Peter Clarkson,1832-5912,An investigation of the relation between ownership structure and management control in professional service organisations,2019,Journal Article,B,https://espace.library.uq.edu.au/view/UQ:44254f5
326,Peter Clarkson,,The value relevance of a firm's carbon profile,2019,Conference Paper,,https://espace.library.uq.edu.au/view/UQ:bd4209b
326,Peter Clarkson,1815-5669,Identifying lobbying strategies: an analysis of public responses to the Productivity Commission Inquiry into executive remuneration in Australia,2018,Journal Article,A,https://espace.library.uq.edu.au/view/UQ:6b01c89
326,Peter Clarkson,0810-5391,Market timing as an explanation for the short-lived premium on cross-listing,2018,Journal Article,A,https://espace.library.uq.edu.au/view/UQ:699140
326,Peter Clarkson,0167-4544,Evidence on whether banks consider carbon risk in their lending decisions,2017,Journal Article,A,https://espace.library.uq.edu.au/view/UQ:689961
326,Peter Clarkson,0167-4544,Going beyond climate change risk management: insights from the world's largest most sustainable corporations,2017,Journal Article,A,https://espace.library.uq.edu.au/view/UQ:689884
326,Peter Clarkson,1327-2020,"Corrigendum to: A review of accounting research in the Asia Pacific region (Australian Journal of Management, 40, 1, (36), 10.1177/0312896214565121)",2016,Journal Article,A,https://espace.library.uq.edu.au/view/UQ:717403
326,Peter Clarkson,0167-4544,"Carbon risk, carbon risk awareness and the cost of debt financing",2016,Journal Article,A,https://espace.library.uq.edu.au/view/UQ:388776
326,Peter Clarkson,0361-3682,"Management control system design, ownership, and performance in professional service organisations",2015,Journal Article,A*,https://espace.library.uq.edu.au/view/UQ:365444
326,Peter Clarkson,0312-8962,A review of accounting research in the Asia Pacific region,2015,Journal Article,A,https://espace.library.uq.edu.au/view/UQ:354744
326,Peter Clarkson,0963-8180,The valuation relevance of Greenhouse Gas Emissions under the European Union Carbon Emissions Trading Scheme,2015,Journal Article,A*,https://espace.library.uq.edu.au/view/UQ:341434
326,Peter Clarkson,0312-8962,"Conservatism, disclosure and the cost of equity capital",2014,Journal Article,A,https://espace.library.uq.edu.au/view/UQ:302644
326,Peter Clarkson,0312-8962,Do private equity target firms exhibit less effectual governance structures?,2014,Journal Article,A,https://espace.library.uq.edu.au/view/UQ:341435
326,Peter Clarkson,0312-8962,Editorial: Australian Journal of Management Symposium special issue,2013,Journal Article,A,https://espace.library.uq.edu.au/view/UQ:321816
326,Peter Clarkson,0278-4254,The relevance of environmental disclosures: are such disclosures incrementally informative?,2013,Journal Article,A*,https://espace.library.uq.edu.au/view/UQ:309604
326,Peter Clarkson,0001-3072,The cost of carbon: capital market effects of the proposed Emission Trading Scheme (ETS),2013,Journal Article,A,https://espace.library.uq.edu.au/view/UQ:291759
326,Peter Clarkson,0810-5391,Publishing: Art or science? Reflections from an editorial perspective,2012,Journal Article,A,https://espace.library.uq.edu.au/view/UQ:274440
326,Peter Clarkson,,The valuation relevance of environmental performance: evidence from the academic literature,2012,Book Chapter,,https://espace.library.uq.edu.au/view/UQ:283933
326,Peter Clarkson,1815-5669,"Disclosure, shareholder oversight and pay-performance link",2011,Journal Article,A,https://espace.library.uq.edu.au/view/UQ:252035
326,Peter Clarkson,1815-5669,The impact of IFRS adoption on the value relevance of book value and earnings,2011,Journal Article,A,https://espace.library.uq.edu.au/view/UQ:254731
326,Peter Clarkson,0001-3072,Environmental reporting and its relation to corporate environmental performance,2011,Journal Article,A,https://espace.library.uq.edu.au/view/UQ:252024
326,Peter Clarkson,0278-4254,Does it really pay to be green? Determinants and consequences of proactive environmental strategies,2011,Journal Article,A*,https://espace.library.uq.edu.au/view/UQ:219768
326,Peter Clarkson,0810-5391,"Disclosure, conservatism and the cost of equity capital: A review of the foundation literature",2011,Journal Article,A,https://espace.library.uq.edu.au/view/UQ:220500
326,Peter Clarkson,0729-2775,Private equity bidders: Barbarians or best friends?,2011,Journal Article,A,https://espace.library.uq.edu.au/view/UQ:252029
326,Peter Clarkson,1368-0668,Extending the application of stakeholder influence strategies to environmental disclosures: An exploratory study from a developing country,2010,Journal Article,A*,https://espace.library.uq.edu.au/view/UQ:219754
326,Peter Clarkson,1044-5005,Budgeting practices and performance in small healthcare businesses,2010,Journal Article,A*,https://espace.library.uq.edu.au/view/UQ:195061
326,Peter Clarkson,0810-5391,Private equity bids in Australia: An exploratory study,2010,Journal Article,A,https://espace.library.uq.edu.au/view/UQ:188883
326,Peter Clarkson,1035-6908,The effect of board independence on target shareholder wealth,2008,Journal Article,B,https://espace.library.uq.edu.au/view/UQ:159598
326,Peter Clarkson,0310-1053,Environmental reporting in the Australian mining industry: Complying with regulation or meeting international best practice?,2008,Journal Article,A,https://espace.library.uq.edu.au/view/UQ:151884
326,Peter Clarkson,0361-3682,Revisiting the relation between environmental performance and environmental disclosure: An empirical analysis,2008,Journal Article,A*,https://espace.library.uq.edu.au/view/UQ:159596
326,Peter Clarkson,0810-5391,Termination fees in a 'bright line' jurisdiction,2007,Journal Article,A,https://espace.library.uq.edu.au/view/UQ:131267
326,Peter Clarkson,0268-6902,"Governance structures, ethnicity, and audit fees of Malaysian listed firms",2006,Journal Article,A,https://espace.library.uq.edu.au/view/UQ:533763d
326,Peter Clarkson,0810-5391,Chief executive officer remuneration disclosure quality: Corporate responses to an evolving disclosure environment,2006,Journal Article,A,https://espace.library.uq.edu.au/view/UQ:79014
326,Peter Clarkson,0810-5391,Market reaction to takeover rumour in internet discussion sites,2006,Journal Article,A,https://espace.library.uq.edu.au/view/UQ:76746
326,Peter Clarkson,0810-5391,Impact of the Corporate Law Economic Reform Program Act 1999 on initial public offering prospectus earnings forecasts,2005,Journal Article,A,https://espace.library.uq.edu.au/view/UQ:71101
326,Peter Clarkson,1328-780X,Break Fees in Australian Takeovers & Mergers,2005,Conference Paper,,https://espace.library.uq.edu.au/view/UQ:101754
326,Peter Clarkson,1328-780X,CEO remuneration disclosure quality: An Australian perspective,2005,Conference Paper,,https://espace.library.uq.edu.au/view/UQ:103270
326,Peter Clarkson,0001-4826,The market valuation of environmental capital expenditures by pulp and paper companies,2004,Journal Article,A*,https://espace.library.uq.edu.au/view/UQ:69537
326,Peter Clarkson,1328-780X,The use of independent expert reports in Australia takeovers,2004,Conference Paper,,https://espace.library.uq.edu.au/view/UQ:101154
326,Peter Clarkson,0810-5391,Auditor conservatism and voluntary disclosure: Evidence from the Year 2000 systems issue,2003,Journal Article,A,https://espace.library.uq.edu.au/view/UQ:64489
326,Peter Clarkson,0278-0380,Debiasing the outcome effect: The role of instructions in an audit litigation setting,2002,Journal Article,A*,https://espace.library.uq.edu.au/view/UQ:62067
326,Peter Clarkson,1369-412X,The relative importance of domestic and global factors in explaining Australian stock returns,2002,Journal Article,A,https://espace.library.uq.edu.au/view/UQ:62070
326,Peter Clarkson,1328-780X,Market reaction to takeover rumour on internet discussion sites,2002,Conference Paper,,https://espace.library.uq.edu.au/view/UQ:96913
326,Peter Clarkson,,The factors that influence equity returns,2000,Conference Paper,,https://espace.library.uq.edu.au/view/UQ:148466
326,Peter Clarkson,0823-9150,Auditor quality and the accuracy of management earnings forecasts,2000,Journal Article,A*,https://espace.library.uq.edu.au/view/UQ:140214
326,Peter Clarkson,,Auditor connservatism and voluntary disclosure: Evidence from the year 2000 systems issue,2000,Conference Paper,,https://espace.library.uq.edu.au/view/UQ:147746
326,Peter Clarkson,,The market valuation of environmental capital expenditures by pulp and paper companies,2000,Conference Paper,,https://espace.library.uq.edu.au/view/UQ:148255
326,Peter Clarkson,,The factors that influence equity returns,2000,Conference Paper,,https://espace.library.uq.edu.au/view/UQ:147747
326,Peter Clarkson,3455 8900,Debiasing the effect of outcome knowledge in ex post evaluations of auditor judgement: The role of instructions,1999,Conference Paper,,https://espace.library.uq.edu.au/view/UQ:150820
4469982,Peter Do,0048-7333,Health and creativity: evidence from corporate innovation,2025,Journal Article,A*,https://espace.library.uq.edu.au/view/UQ:241379b
4469982,Peter Do,0810-5391,The impact of board ethnic diversity and Chief Executive Officer role on corporate social responsibility,2023,Journal Article,A,https://espace.library.uq.edu.au/view/UQ:d24af31
4469982,Peter Do,0810-5391,The impact of board ethnic diversity on executive pay‐to‐performance sensitivity: Australian evidence,2023,Journal Article,A,https://espace.library.uq.edu.au/view/UQ:ac62423
4469982,Peter Do,0165-4101,Rocking the boat: how relative performance evaluation affects corporate risk taking,2022,Journal Article,A*,https://espace.library.uq.edu.au/view/UQ:d52fb9c
4469982,Peter Do,0823-9150,Styles of regulators: evidence from the SEC's comment letters,2022,Journal Article,A*,https://espace.library.uq.edu.au/view/UQ:d148346
4469982,Peter Do,0823-9150,Peer effects among financial analysts,2019,Journal Article,A*,https://espace.library.uq.edu.au/view/UQ:ebe4deb
6621,Robyn King,2689-6354,An exploration of health information technology (2012 - 2024): present landscape and prospective trajectories,2026,Conference Paper,,https://espace.library.uq.edu.au/view/UQ:c4b104a
6621,Robyn King,2398-631X,Refining the definition of clinical informaticians: a structured approach,2026,Journal Article,,https://espace.library.uq.edu.au/view/UQ:fae3937
6621,Robyn King,1322-7696,Hospital-in-the-Home nursing work design: a scoping review using the Job Demands–Resources Framework,2026,Journal Article,,https://espace.library.uq.edu.au/view/UQ:600ca30
6621,Robyn King,0951-3574,The final frontier? Mechanisms to stimulate investment in the commercial space travel industry,2024,Journal Article,A*,https://espace.library.uq.edu.au/view/UQ:604f9e4
6621,Robyn King,2204-3136,Private equity investment in private for-profit healthcare in Australia and New Zealand: a scoping review,2023,Journal Article,C,https://espace.library.uq.edu.au/view/UQ:91871b6
6621,Robyn King,0963-9284,Using colour-coded digital annotation for enhanced case-based learning outcomes,2022,Journal Article,A,https://espace.library.uq.edu.au/view/UQ:c9e41a4
6621,Robyn King,0733-558X,"Institutional logics, technology affordances and hybrid professionals: developing a billing app for hospital physicians",2022,Journal Article,B,https://espace.library.uq.edu.au/view/UQ:329e19d
6621,Robyn King,0951-3574,Combining accountability forms: transparency and “intelligent” accountability in a public service organization,2021,Journal Article,A*,https://espace.library.uq.edu.au/view/UQ:e5932d3
6621,Robyn King,1940-204X,Funds transfer pricing and segment profitability—the case of Adriatic Bank,2021,Journal Article,C,https://espace.library.uq.edu.au/view/UQ:2351881
6621,Robyn King,1758-4205,"Management controls, heterarchy and innovation: a case study of a start-up company",2019,Journal Article,A*,https://espace.library.uq.edu.au/view/UQ:c9c2cd4
6621,Robyn King,1832-5912,An investigation of the relation between ownership structure and management control in professional service organisations,2019,Journal Article,B,https://espace.library.uq.edu.au/view/UQ:44254f5
6621,Robyn King,The Practice Manager,Healthcare management research: the central role of practice managers,2017,Journal Article,,https://espace.library.uq.edu.au/view/UQ:531366
6621,Robyn King,0361-3682,"Management control system design, ownership, and performance in professional service organisations",2015,Journal Article,A*,https://espace.library.uq.edu.au/view/UQ:365444
6621,Robyn King,The Practice Manager,Longitudinal analysis of practice manager salary survey 2005-2013,2015,Journal Article,,https://espace.library.uq.edu.au/view/UQ:353501
6621,Robyn King,,Pracware survey report,2014,Research Report,,https://espace.library.uq.edu.au/view/UQ:342294
6621,Robyn King,The Practice Manager Journal,"Management control system design, GP ownership and performance",2013,Journal Article,,https://espace.library.uq.edu.au/view/UQ:312218
6621,Robyn King,0007-6813,Governance of primary healthcare practices: Australian insights,2012,Journal Article,B,https://espace.library.uq.edu.au/view/UQ:279464
6621,Robyn King,,"Management control system design, ownership and performance in primary healthcare: A transaction cost economics perspective",2012,Thesis,,https://espace.library.uq.edu.au/view/UQ:298022
6621,Robyn King,1044-5005,Budgeting practices and performance in small healthcare businesses,2010,Journal Article,A*,https://espace.library.uq.edu.au/view/UQ:195061
6621,Robyn King,The Practice Manager,Budget use in small healthcare businesses in Australia,2008,Journal Article,,https://espace.library.uq.edu.au/view/UQ:158975
6621,Robyn King,,Budget use in small healthcare businesses in Australia,2006,Thesis,,https://espace.library.uq.edu.au/view/UQ:222583
5402627,Sergeja Slapnicar,0167-4048,The FABRICS framework: a Bayesian approach to financial quantification of cyber risk,2026,Journal Article,,https://espace.library.uq.edu.au/view/UQ:c0da9d6
5402627,Sergeja Slapnicar,2191-4761,A rising tide of operational risk: new directions for management control research on core and novel risks,2026,Journal Article,A,https://espace.library.uq.edu.au/view/UQ:c23929c
5402627,Sergeja Slapnicar,0823-9150,Collaborating across boundaries: toward an integrated cyber risk assessment by internal auditors and cybersecurity professionals,2026,Journal Article,A*,https://espace.library.uq.edu.au/view/UQ:6ab74da
5402627,Sergeja Slapnicar,2057-2085,The effect of organizational cyber resilience on cyber incident outcomes,2025,Journal Article,,https://espace.library.uq.edu.au/view/UQ:9dfdca1
5402627,Sergeja Slapnicar,2191-4761,Cyber risk management: an illusion of a risk-based approach,2025,Journal Article,A,https://espace.library.uq.edu.au/view/UQ:fed289d
5402627,Sergeja Slapnicar,1944-1967,Optimizing supplier cyberrisk assessment,2025,Journal Article,,https://espace.library.uq.edu.au/view/UQ:b0210ce
5402627,Sergeja Slapnicar,1326-2238,Process Theory of Supplier Cyber Risk Assessment,2025,Journal Article,A,https://espace.library.uq.edu.au/view/UQ:8375736
5402627,Sergeja Slapnicar,0167-4048,Contrasting the optimal resource allocation to cybersecurity controls and cyber insurance using prospect theory versus expected utility theory,2025,Journal Article,,https://espace.library.uq.edu.au/view/UQ:e6cd405
5402627,Sergeja Slapnicar,,Divergent cyber risk assessment by information security managers and internal auditors: Irreconcilable differences or complementary layers?,2025,Conference Paper,,https://espace.library.uq.edu.au/view/UQ:e95019a
5402627,Sergeja Slapnicar,,Divergent cyber risk assessment by information security managers and internal auditors: Irreconcilable differences or complementary layers?,2025,Conference Paper,,https://espace.library.uq.edu.au/view/UQ:78db59c
5402627,Sergeja Slapnicar,0020-5745,Cybersecurity assurance,2024,Journal Article,,https://espace.library.uq.edu.au/view/UQ:32ab122
5402627,Sergeja Slapnicar,1090-6738,Key drivers of cybersecurity audit effectiveness: A neo-institutional perspective,2024,Journal Article,A,https://espace.library.uq.edu.au/view/UQ:0f9e725
5402627,Sergeja Slapnicar,1526-7407,The three lines model in cybersecurity governance and risk management,2024,Journal Article,,https://espace.library.uq.edu.au/view/UQ:88cd9f3
5402627,Sergeja Slapnicar,1467-0895,A pathway model to five lines of accountability in cybersecurity governance,2023,Journal Article,A,https://espace.library.uq.edu.au/view/UQ:f595eb3
5402627,Sergeja Slapnicar,,"Measuring cyber risk: integrating methodological, behavioral, and organizational perspectives",2023,Conference Paper,,https://espace.library.uq.edu.au/view/UQ:e133dbd
5402627,Sergeja Slapnicar,,Measuring and managing cyber risk,2023,Conference Paper,,https://espace.library.uq.edu.au/view/UQ:f2d4f5b
5402627,Sergeja Slapnicar,,Discussion Paper: 2023-2030 Australian Cyber Security Strategy,2023,Working Paper,,https://espace.library.uq.edu.au/view/UQ:1175c18
5402627,Sergeja Slapnicar,0925-7535,Designing a financial quantification model for cyber risk: a case study in a bank,2023,Journal Article,A,https://espace.library.uq.edu.au/view/UQ:55e9a09
5402627,Sergeja Slapnicar,0167-4048,"Governing cybersecurity from the boardroom: challenges, drivers, and ways ahead",2022,Journal Article,,https://espace.library.uq.edu.au/view/UQ:036fed1
5402627,Sergeja Slapnicar,1526-7407,How Effective Is Your Cybersecurity Audit?,2022,Journal Article,,https://espace.library.uq.edu.au/view/UQ:2a18974
5402627,Sergeja Slapnicar,1091-9392,"An exploratory study of organizational cyber resilience, its precursors and outcomes",2022,Journal Article,A,https://espace.library.uq.edu.au/view/UQ:3ab2333
5402627,Sergeja Slapnicar,1467-0895,Effectiveness of cybersecurity audit,2022,Journal Article,A,https://espace.library.uq.edu.au/view/UQ:b8a2c11
5402627,Sergeja Slapnicar,2191-4761,Can process accountability mitigate myopic biases? An experimental analysis,2022,Journal Article,A,https://espace.library.uq.edu.au/view/UQ:c1bb7ae
5402627,Sergeja Slapnicar,1049-2127,The Moderating Effect of Achievement Motive on Performance Feedback in Choices of Challenging Tasks,2021,Journal Article,A*,https://espace.library.uq.edu.au/view/UQ:de14654
5402627,Sergeja Slapnicar,1940-204X,Funds transfer pricing and segment profitability—the case of Adriatic Bank,2021,Journal Article,C,https://espace.library.uq.edu.au/view/UQ:2351881
5402627,Sergeja Slapnicar,1050-4753,Management accountants’ empathy and their violation of fiduciary duties: a replication and extension study using fMRI,2021,Journal Article,A,https://espace.library.uq.edu.au/view/UQ:efe238c
5402627,Sergeja Slapnicar,0963-8180,The effect of internal auditors’ engagement in risk management consulting on external auditors’ reliance decision,2020,Journal Article,A*,https://espace.library.uq.edu.au/view/UQ:0f08508
5402627,Sergeja Slapnicar,,Dataset of data breaches and ransomware attacks over 15 years from 2004,2020,Data Collection,,https://espace.library.uq.edu.au/view/UQ:dfe5027
5402627,Sergeja Slapnicar,,"What matters more to engage in challenging tasks: achievement motive, monetary reward or feedback?",2019,Conference Paper,,https://espace.library.uq.edu.au/view/UQ:51e71be
5402627,Sergeja Slapnicar,,Can accountability mitigate managerial myopia?,2019,Conference Paper,,https://espace.library.uq.edu.au/view/UQ:9ae8367
5402627,Sergeja Slapnicar,,The effect of accountability on managerial myopia,2019,Conference Paper,,https://espace.library.uq.edu.au/view/UQ:caff5b4
5402627,Sergeja Slapnicar,1044-5005,The role of cognitive frames in combined decisions about risk and effort,2018,Journal Article,A*,https://espace.library.uq.edu.au/view/UQ:d31c8c0
5402627,Sergeja Slapnicar,,Gender differences in incentive sensitivity,2018,Conference Paper,,https://espace.library.uq.edu.au/view/UQ:7839706
5402627,Sergeja Slapnicar,,External auditor reliance on internal audit : the moderating role of audit committee,2018,Conference Paper,,https://espace.library.uq.edu.au/view/UQ:d7ab791
5402627,Sergeja Slapnicar,, Incentive sensitivity to achievement motivation in cognitive task,2017,Conference Paper,,https://espace.library.uq.edu.au/view/UQ:60356e3
5402627,Sergeja Slapnicar,,Incentive sensitivity in relation to achievement motivation in cognitive tasks,2017,Conference Paper,,https://espace.library.uq.edu.au/view/UQ:c498e57
5402627,Sergeja Slapnicar,1664-1078,The impact of social pressure and monetary incentive on cognitive control,2016,Journal Article,,https://espace.library.uq.edu.au/view/UQ:a8c4892
5402627,Sergeja Slapnicar,1580-0466,The usefulness of CAPM for the Slovenian capital market (in original: Uporabnost modela določanja donosnosti lastniškega kapitala za slovenski kapitalski trg),2016,Journal Article,C,https://espace.library.uq.edu.au/view/UQ:c12dab1
5402627,Sergeja Slapnicar,1385-3457,"An experimental study of the effects of negative, capped and deferred bonuses on risk taking in a multi-period setting",2015,Journal Article,C,https://espace.library.uq.edu.au/view/UQ:c349abe
5402627,Sergeja Slapnicar,,Does accountability enhance cognitive control? : experimental evidence,2015,Conference Paper,,https://espace.library.uq.edu.au/view/UQ:3e7496f
5402627,Sergeja Slapnicar,,The role of cognitive frames in combined decisions about risk level and effort exertion,2015,Conference Paper,,https://espace.library.uq.edu.au/view/UQ:b6a1305
5402627,Sergeja Slapnicar,1611-1699,The influence of professional qualification on customer perceptions of accounting services quality and retention decisions,2015,Journal Article,B,https://espace.library.uq.edu.au/view/UQ:6a0d5b1
5402627,Sergeja Slapnicar,1580-0466,Can oversight mitigate auditor's motivated reasoning? An experimental study,2015,Journal Article,C,https://espace.library.uq.edu.au/view/UQ:4c5988e
5402627,Sergeja Slapnicar,1580-0466,The analysis of managerial compensation in privately-held companies in Slovenia (in original: Analiza managerskih zaslužkov v nejavnih družbah v Sloveniji),2015,Journal Article,C,https://espace.library.uq.edu.au/view/UQ:47b108d
5402627,Sergeja Slapnicar,1611-1699,Identifying temporal relationships within multidimensional performance measurement,2014,Journal Article,B,https://espace.library.uq.edu.au/view/UQ:928a923
5402627,Sergeja Slapnicar,0005-4631,Do auditors indicate financial distress of organisations to creditors? (Ali revizorji opozarjajo upnike na financne tezave podjetij?),2014,Journal Article,,https://espace.library.uq.edu.au/view/UQ:55c2754
5402627,Sergeja Slapnicar,, Does a long-term personal relationship between an auditor and a client invoke conscious misjudgements or unconscious biases? An experimental  Does a long-term personal relationship between an auditor and a client invoke conscious misjudgements or unconscious biases? : an experimental analysis,2014,Conference Paper,,https://espace.library.uq.edu.au/view/UQ:341f001
5402627,Sergeja Slapnicar,,The influence of professional qualification on customers perceived quality of accounting services and retention decision,2013,Conference Paper,,https://espace.library.uq.edu.au/view/UQ:0666485
5402627,Sergeja Slapnicar,,Vpliv merjenja uspešnosti in nagrajevanja uprav na njihovo odločanje,2013,Conference Paper,,https://espace.library.uq.edu.au/view/UQ:81ed8b4
5402627,Sergeja Slapnicar,0005-4631,Will impairments based on expected loss model mitigate procyclicality? (Bodo oslabitve na podlagi pricakovanih izgub zmanjsale prociklicnost?),2013,Journal Article,,https://espace.library.uq.edu.au/view/UQ:152b9a5
5402627,Sergeja Slapnicar,1479-3563,Does professional accounting qualification matter for the provision of accounting services?,2013,Book Chapter,,https://espace.library.uq.edu.au/view/UQ:274cab1
5402627,Sergeja Slapnicar,,How to mitigate auditors' conscious and unconscious bias?,2012,Conference Paper,,https://espace.library.uq.edu.au/view/UQ:241501e
5402627,Sergeja Slapnicar,1471-9185,Can neuroscience inform management accountants?,2012,Journal Article,,https://espace.library.uq.edu.au/view/UQ:5410d80
5402627,Sergeja Slapnicar,1044-5005,The perceived fairness of performance evaluation: the role of uncertainty,2012,Journal Article,A*,https://espace.library.uq.edu.au/view/UQ:eebbaf5
5402627,Sergeja Slapnicar,0353-7935,Consolidation issues of an international group from the currency risk perspective (Problematika konsolidacije mednarodne skupine z vidika valutnega tveganja),2012,Journal Article,,https://espace.library.uq.edu.au/view/UQ:b1a88da
5402627,Sergeja Slapnicar,0958-5192,Pay fairness and intrinsic motivation: the role of pay transparency,2012,Journal Article,A,https://espace.library.uq.edu.au/view/UQ:ce4009f
5402627,Sergeja Slapnicar,0005-4631,Corporate governance in the Slovenian banking sector: an empirical survey,2011,Journal Article,,https://espace.library.uq.edu.au/view/UQ:999c203
5402627,Sergeja Slapnicar,,Identifying temporal relationships within multidimensional performance measurement,2011,Conference Paper,,https://espace.library.uq.edu.au/view/UQ:192ecc5
5402627,Sergeja Slapnicar,,Prirejanje poslovnega izida in finančnega stanja podjetja ter možnosti za preprečevanje le-tega,2011,Conference Paper,,https://espace.library.uq.edu.au/view/UQ:900ab6c
5402627,Sergeja Slapnicar,0353-7935,Valuation of copyrights (Vrednotenje avtorskih pravic),2010,Journal Article,,https://espace.library.uq.edu.au/view/UQ:d5eabe0
5402627,Sergeja Slapnicar,,The effect of bonus scheme and bonus deferral on risk propensity : an experimental analysis,2010,Conference Paper,,https://espace.library.uq.edu.au/view/UQ:c806111
5402627,Sergeja Slapnicar,0353-7935,Fair value and financial crisis - the revealed issues and some proposed remedies (Postena vrednost in financna kriza - razkrite tezave in nekatere predlagane resitve),2010,Journal Article,,https://espace.library.uq.edu.au/view/UQ:e2d6de9
5402627,Sergeja Slapnicar,1354-7798,Pay me right: reference values and executive compensation,2010,Journal Article,A,https://espace.library.uq.edu.au/view/UQ:1faf839
5402627,Sergeja Slapnicar,0005-4631,Improvements in financial reporting and challenges for corporate governance,2009,Journal Article,,https://espace.library.uq.edu.au/view/UQ:718b92d
5402627,Sergeja Slapnicar,0361-3682,How formal performance evaluation affects trust between superior and subordinate managers,2009,Journal Article,A*,https://espace.library.uq.edu.au/view/UQ:d6d60bb
5402627,Sergeja Slapnicar,,Disclosures of off-balance sheet arrangements,2009,Conference Paper,,https://espace.library.uq.edu.au/view/UQ:a6d2e47
5402627,Sergeja Slapnicar,,Pay me right: reference values and executive compensation,2009,Conference Paper,,https://espace.library.uq.edu.au/view/UQ:195fb0f
5402627,Sergeja Slapnicar,,Performance evaluation justice: impact of personality and context,2008,Conference Paper,,https://espace.library.uq.edu.au/view/UQ:edcf3ff
5402627,Sergeja Slapnicar,,The impact of target setting on managerial motivation &amp; performance : the case of an Eastern European bank,2008,Conference Paper,,https://espace.library.uq.edu.au/view/UQ:f7efd08
5402627,Sergeja Slapnicar,,"How formality of managerial control systems affects managerial justice perceptions, motivation and organisational commitment",2008,Conference Paper,,https://espace.library.uq.edu.au/view/UQ:b299175
5402627,Sergeja Slapnicar,0017-2723,Business profitability of forestry companies having a concession for state-owned forest use (Dobičkonosnost poslovanja gozdarskih družb s koncesijo za izkoriščanje državnih gozdov),2008,Journal Article,,https://espace.library.uq.edu.au/view/UQ:fdf6621
5402627,Sergeja Slapnicar,,Kaj je poštena vrednost kapitalskih inštrumentov na plitkem trgu kapitala?,2008,Conference Paper,,https://espace.library.uq.edu.au/view/UQ:0487d42
5402627,Sergeja Slapnicar,1479-3512,"Objective rewarding, managerial motivation and organizational commitment: the intervening role of justice",2008,Book Chapter,,https://espace.library.uq.edu.au/view/UQ:bb22d8e
5402627,Sergeja Slapnicar,1386-3452,"""Hard"" and ""soft"" management controls",2007,Journal Article,,https://espace.library.uq.edu.au/view/UQ:771838f
5402627,Sergeja Slapnicar,1580-0466,"The role of balanced, strategic, cascaded and aligned performance measurement in enhancing firm performance",2007,Journal Article,C,https://espace.library.uq.edu.au/view/UQ:01fdbd6
5402627,Sergeja Slapnicar,1571-862X,Harde en zachte managementbeheersing: beheersingssystemen,2007,Journal Article,,https://espace.library.uq.edu.au/view/UQ:33922b7
5402627,Sergeja Slapnicar,,Organizational culture and managerial control after an international acquisition,2007,Book Chapter,,https://espace.library.uq.edu.au/view/UQ:fcc99b4
5402627,Sergeja Slapnicar,1479-3512,Aligning performance measurement and incentive systems to improve financial performance,2006,Book Chapter,,https://espace.library.uq.edu.au/view/UQ:d381319
5402627,Sergeja Slapnicar,,Reporting on corporate social responsibility,2006,Book Chapter,,https://espace.library.uq.edu.au/view/UQ:608ce8c
5402627,Sergeja Slapnicar,0353-7935,Dividend policy of Slovenian publicly listed companies (Dividendna politika podjetij slovenskega borznega in prostega trga),2004,Journal Article,,https://espace.library.uq.edu.au/view/UQ:d32a403
5402627,Sergeja Slapnicar,,Determinants of performance measurement system design and corporate financial performance,2004,Book Chapter,,https://espace.library.uq.edu.au/view/UQ:695dac7
5402627,Sergeja Slapnicar,1318-5454,The impact of executive managers' compensation contracts on performance measurement in large Slovenian companies (Vpliv pogodb o nagrajevanju članov uprav na merjenje uspešnosti poslovanja v velikih slovenskih podjetjih),2003,Journal Article,,https://espace.library.uq.edu.au/view/UQ:92ef4d5
5402627,Sergeja Slapnicar,0390-6701,Earnings management incentives in post-transitional countries : empirical evidence from Slovenia,2003,Journal Article,,https://espace.library.uq.edu.au/view/UQ:541bdb5
5402627,Sergeja Slapnicar,0353-7935,Research on discretional choices in financial reporting (Raziskave diskrecijske izbire pri računovodskem poročanju),2002,Journal Article,,https://espace.library.uq.edu.au/view/UQ:e225b18
5402627,Sergeja Slapnicar,1580-0466,Managing earnings: factors that may influence the choice of depreciation method in large Slovenian firms,2002,Journal Article,C,https://espace.library.uq.edu.au/view/UQ:4672008
5402627,Sergeja Slapnicar,0350-4506,Contribution of various economic and non-economic theories to management accounting control (In Croatian: Doprinosi različitih ekonomskih i neekonomskih teorija razvoju računovodstva za nadzor),2000,Journal Article,,https://espace.library.uq.edu.au/view/UQ:5c3dca5
115914,Xin Yu,1090-6738,When the Group Matters: Audit Pricing of Affiliated Companies,2026,Journal Article,A,https://espace.library.uq.edu.au/view/UQ:1131b7f
115914,Xin Yu,1478-6990,Collectivist culture and corporate social responsibility,2026,Journal Article,A*,https://espace.library.uq.edu.au/view/UQ:54638ff
115914,Xin Yu,0046-3892,The spillover effect of media ownership on mainstream media discourse,2026,Journal Article,A*,https://espace.library.uq.edu.au/view/UQ:9eb9742
115914,Xin Yu,1755-053X,Online voting and minority shareholder dissent: evidence from China,2023,Journal Article,A*,https://espace.library.uq.edu.au/view/UQ:86a88a6
115914,Xin Yu,0959-6526,Consistency among common measures of corporate social and sustainability performance,2023,Journal Article,C,https://espace.library.uq.edu.au/view/UQ:db8b5e9
115914,Xin Yu,1321-7348,Information processing costs and firm-specific information flows: evidence from the launch of high-speed railway in China,2022,Journal Article,,https://espace.library.uq.edu.au/view/UQ:84bebac
115914,Xin Yu,0963-8180,"When investors can talk to firms, is it a meaningful conversation? Evidence from investor postings on interactive platforms",2022,Journal Article,A*,https://espace.library.uq.edu.au/view/UQ:5438d13
115914,Xin Yu,1467-629X,"Bank loan covenants, accrual quality and firms’ information environment",2022,Journal Article,A,https://espace.library.uq.edu.au/view/UQ:c662529
115914,Xin Yu,0929-1199,Do founding families downgrade corporate governance? The roles of intra-family enforcement,2022,Journal Article,A*,https://espace.library.uq.edu.au/view/UQ:e889979
115914,Xin Yu,0022-2186,Collectivist Cultures and the Emergence of Family Firms,2022,Journal Article,A*,https://espace.library.uq.edu.au/view/UQ:b25ad50
115914,Xin Yu,1057-5219,Dividend payouts and catering to demands: evidence from a dividend tax reform,2021,Journal Article,A,https://espace.library.uq.edu.au/view/UQ:838430a
115914,Xin Yu,1059-0560,The impact of global financial crisis on regulation S private debt market,2021,Journal Article,A,https://espace.library.uq.edu.au/view/UQ:2e02b76
115914,Xin Yu,1059-0560,Political connections and media slant,2021,Journal Article,A,https://espace.library.uq.edu.au/view/UQ:7ee1874
115914,Xin Yu,1052-150X,Evidence of an Inverted U-Shaped Relationship between Stakeholder Management Performance Variation and Firm Performance,2021,Journal Article,A,https://espace.library.uq.edu.au/view/UQ:c206e5c
115914,Xin Yu,0959-6526,All for one or all for three: Empirical evidence of paradox theory in the triple-bottom-line,2020,Journal Article,C,https://espace.library.uq.edu.au/view/UQ:be8ec87
115914,Xin Yu,1030-9616,Why do investors not punish politically connected firms for financial misrepresentation?: A legitimacy-based perspective,2020,Journal Article,B,https://espace.library.uq.edu.au/view/UQ:f264641
115914,Xin Yu,1095-8347,The spillover effect of financial information in mergers and acquisitions,2020,Journal Article,A*,https://espace.library.uq.edu.au/view/UQ:c295b0e
115914,Xin Yu,1573-0697,Incumbent stakeholder management performance and new entry,2020,Journal Article,A,https://espace.library.uq.edu.au/view/UQ:f5cc77f
115914,Xin Yu,0306-686X,Paving the way for children: family firm succession and corporate philanthropy in China,2019,Journal Article,A*,https://espace.library.uq.edu.au/view/UQ:eaad2ca
115914,Xin Yu,1873-7978,Foreign direct investment comovement and home country institutions,2019,Journal Article,A,https://espace.library.uq.edu.au/view/UQ:6a590fc
115914,Xin Yu,1095-8347,The value of political ties for firms experiencing enforcement actions: evidence from China,2018,Journal Article,A*,https://espace.library.uq.edu.au/view/UQ:55d07fa
115914,Xin Yu,1467-629X,How to measure capital investment efficiency: a literature synthesis,2018,Journal Article,A,https://espace.library.uq.edu.au/view/UQ:725814
115914,Xin Yu,0927-538X,Corporate philanthropy and bank loans in China,2015,Journal Article,A,https://espace.library.uq.edu.au/view/UQ:356583
115914,Xin Yu,0046-3892,"Corporate governance, political connections, and intra-industry effects: evidence from corporate scandals in China",2014,Journal Article,A*,https://espace.library.uq.edu.au/view/UQ:340882
115914,Xin Yu,1042-444X,Innovation or imitation? The role of intellectual property rights protections,2013,Journal Article,B,https://espace.library.uq.edu.au/view/UQ:311888
115914,Xin Yu,1566-0141,"Property rights, R&D spillovers and corporate accounting transparency in China",2013,Journal Article,A,https://espace.library.uq.edu.au/view/UQ:311948
115914,Xin Yu,0306-686X,Government intervention and investment comovement: Chinese evidence,2013,Journal Article,A*,https://espace.library.uq.edu.au/view/UQ:302573
115914,Xin Yu,0306-686X,IPO underpricing to retain family control under concentrated ownership: Evidence from Hong Kong,2012,Journal Article,A*,https://espace.library.uq.edu.au/view/UQ:311949
115914,Xin Yu,2163-3843,An empirical study on predicting the financial distress of unlisted firms: evidence from China,2011,Journal Article,,https://espace.library.uq.edu.au/view/UQ:311950
4336037,Yang Xu,0312-8962,The audit market for listed Australian companies from 2012 to 2018: a state of play,2022,Journal Article,A,https://espace.library.uq.edu.au/view/UQ:5dd1874
4336037,Yang Xu,0810-5391,Responses by Australian auditors to the global financial crisis,2013,Journal Article,A,https://espace.library.uq.edu.au/view/UQ:720482
4336037,Yang Xu,1035-6908,Audit reports in Australia during the global financial crisis,2011,Journal Article,B,https://espace.library.uq.edu.au/view/UQ:720485
7634085,Muhammad Nadeem,0964-4733,Corporate ESG greenwashing: Does regulatory proximity matter?,2026,Journal Article,A,https://espace.library.uq.edu.au/view/UQ:2e0e4a3
7634085,Muhammad Nadeem,1094-4060,Common institutional ownership and climate-related information disclosure: evidence from China,2025,Journal Article,A,https://espace.library.uq.edu.au/view/UQ:1b2c5c4
7634085,Muhammad Nadeem,1042-4431,Do companies’ green credentials enhance trade credit provisions? Global evidence,2025,Journal Article,A,https://espace.library.uq.edu.au/view/UQ:fef8254
7634085,Muhammad Nadeem,2049-372X,Board co-option and audit fees,2025,Journal Article,A,https://espace.library.uq.edu.au/view/UQ:87ea66f
7634085,Muhammad Nadeem,2049-372X,Unlocking financial clarity: how tournament incentives influence the readability of financial reporting,2025,Journal Article,A,https://espace.library.uq.edu.au/view/UQ:720d568
7634085,Muhammad Nadeem,2307-3055,Do female directors affect the cost of equity capital?,2025,Journal Article,A,https://espace.library.uq.edu.au/view/UQ:e18b76d
7634085,Muhammad Nadeem,0167-4544,"Social Trust, Environmental Violations, and Remedial Actions in China",2024,Journal Article,A,https://espace.library.uq.edu.au/view/UQ:8439c3a
7634085,Muhammad Nadeem,0890-8389,CEO succession origin and annual reports readability,2024,Journal Article,A*,https://espace.library.uq.edu.au/view/UQ:d229ac4
7634085,Muhammad Nadeem,1057-5219,The presence and composition of sustainability committee and waste management practices,2024,Journal Article,A,https://espace.library.uq.edu.au/view/UQ:799bc21
7634085,Muhammad Nadeem,0964-8410,Board gender reforms and voluntary disclosure: international evidence from management earnings forecasts,2024,Journal Article,A,https://espace.library.uq.edu.au/view/UQ:d0b6450
7634085,Muhammad Nadeem,0964-8410,Board co‐option and corporate environmental orientation: new insights from the waste management perspective,2024,Journal Article,A,https://espace.library.uq.edu.au/view/UQ:c653452
7634085,Muhammad Nadeem,2049-372X,Financially material sustainability reporting and firm performance in New Zealand,2023,Journal Article,A,https://espace.library.uq.edu.au/view/UQ:af73988
7634085,Muhammad Nadeem,1467-8683,"Board demographic, structural diversity, and eco-innovation: International evidence",2023,Journal Article,A,https://espace.library.uq.edu.au/view/UQ:6013a62
7634085,Muhammad Nadeem,0810-5391,A CEO's&nbsp;expertise power and bank diversification,2023,Journal Article,A,https://espace.library.uq.edu.au/view/UQ:2a5033a
7634085,Muhammad Nadeem,0967-5426,Corporate social responsibility decoupling: a systematic literature review and future research agenda,2023,Journal Article,B,https://espace.library.uq.edu.au/view/UQ:399c6b0
7634085,Muhammad Nadeem,1045-3172,Walking the Talk? A Corporate Governance Perspective on Corporate Social Responsibility Decoupling,2022,Journal Article,A*,https://espace.library.uq.edu.au/view/UQ:961f906
7634085,Muhammad Nadeem,0964-4733,Do capital markets reward corporate climate change actions? Evidence from the cost of debt,2022,Journal Article,A,https://espace.library.uq.edu.au/view/UQ:75f043a
7634085,Muhammad Nadeem,0065-0668,Gender diversity in the board room and corporate social responsibility decoupling,2022,Conference Paper,,https://espace.library.uq.edu.au/view/UQ:0cf469c
7634085,Muhammad Nadeem,0301-4797,Environmental innovation and firm value: The moderating role of organizational capital,2022,Journal Article,,https://espace.library.uq.edu.au/view/UQ:ecc48dd
7634085,Muhammad Nadeem,0167-4544,Board gender diversity and managerial obfuscation: evidence from the readability of narrative disclosure in 10-K reports,2022,Journal Article,A,https://espace.library.uq.edu.au/view/UQ:f205180
7634085,Muhammad Nadeem,1045-3172,Institutional Ownership and Greenhouse Gas Emissions: A Comparative Study of the UK and the USA,2022,Journal Article,A*,https://espace.library.uq.edu.au/view/UQ:32477bc
7634085,Muhammad Nadeem,0810-5391,Toxic chemical releases and idiosyncratic return volatility: A prospect theory perspective,2022,Journal Article,A,https://espace.library.uq.edu.au/view/UQ:dbdd347
7634085,Muhammad Nadeem,0964-8410,Boardroom gender diversity and investment inefficiency: New evidence from the United Kingdom,2022,Journal Article,A,https://espace.library.uq.edu.au/view/UQ:6c8b324
7634085,Muhammad Nadeem,0306-686X,Do liquid assets lure managers? Evidence from corporate misconduct,2022,Journal Article,A*,https://espace.library.uq.edu.au/view/UQ:f0592bf
7634085,Muhammad Nadeem,0964-4733,Does organisational capital influence environmental strategies? Evidence from environmental innovation,2021,Journal Article,A,https://espace.library.uq.edu.au/view/UQ:016e194
7634085,Muhammad Nadeem,2049-372X,"Regulating non-financial reporting: evidence from European firms' environmental, social and governance disclosures and earnings risk",2021,Journal Article,A,https://espace.library.uq.edu.au/view/UQ:9620864
7634085,Muhammad Nadeem,0964-4733,"Biodiversity disclosure, sustainable development and environmental initiatives: Does board gender diversity matter?",2021,Journal Article,A,https://espace.library.uq.edu.au/view/UQ:7bbde37
7634085,Muhammad Nadeem,0167-4544,Corporate governance and supplemental environmental projects: a restorative justice approach,2021,Journal Article,A,https://espace.library.uq.edu.au/view/UQ:becf531
7634085,Muhammad Nadeem,0890-8389,Does corporate eco-innovation affect stock price crash risk?,2021,Journal Article,A*,https://espace.library.uq.edu.au/view/UQ:3d7b802
7634085,Muhammad Nadeem,1059-0560,"CEO ability, career concerns, firms’ lifecycle and investments in intellectual capital",2021,Journal Article,A,https://espace.library.uq.edu.au/view/UQ:4424c6e
7634085,Muhammad Nadeem,2040-8021,AccountAbility’s AA1000AP standard: a framework for integrating sustainability into organisations,2021,Journal Article,A,https://espace.library.uq.edu.au/view/UQ:1761971
7634085,Muhammad Nadeem,0217-4561,Board gender diversity and dividend policy in Australian listed firms: the effect of ownership concentration,2021,Journal Article,A,https://espace.library.uq.edu.au/view/UQ:928338f
7634085,Muhammad Nadeem,0140-9883,"Economic policy uncertainty, oil price shocks and corporate investment: evidence from the oil industry",2021,Journal Article,A*,https://espace.library.uq.edu.au/view/UQ:62f3dc2
7634085,Muhammad Nadeem,2049-372X,Corporate governance and corporate social responsibility synergies: evidence from New Zealand,2021,Journal Article,A,https://espace.library.uq.edu.au/view/UQ:ad2f980
7634085,Muhammad Nadeem,,Measuring intellectual capital efficiency: Going beyond the VAIC model,2021,Book Chapter,,https://espace.library.uq.edu.au/view/UQ:964a051
7634085,Muhammad Nadeem,0964-4733,Are women eco-friendly? Board gender diversity and environmental innovation,2020,Journal Article,A,https://espace.library.uq.edu.au/view/UQ:267ed1d
7634085,Muhammad Nadeem,1350-4851,Economic policy uncertainty and firm performance,2020,Journal Article,B,https://espace.library.uq.edu.au/view/UQ:a10ca5f
7634085,Muhammad Nadeem,1467-8683,Does board gender diversity influence voluntary disclosure of intellectual capital in initial public offering prospectuses? Evidence from China,2020,Journal Article,A,https://espace.library.uq.edu.au/view/UQ:d40e431
7634085,Muhammad Nadeem,0964-4733,"Board gender diversity and environmental, social, and economic value creation: does family ownership matter?",2020,Journal Article,A,https://espace.library.uq.edu.au/view/UQ:8d57b4a
7634085,Muhammad Nadeem,1059-0560,"Women on boards, firm risk and the profitability nexus: does gender diversity moderate the risk and return relationship?",2019,Journal Article,A,https://espace.library.uq.edu.au/view/UQ:85d2cfc
7634085,Muhammad Nadeem,1469-1930,Does female representation on corporate boards improve intellectual capital efficiency?,2019,Journal Article,B,https://espace.library.uq.edu.au/view/UQ:bb5e496
7634085,Muhammad Nadeem,0065-0668,CSR practices among New Zealand firms: myth or reality,2019,Conference Paper,,https://espace.library.uq.edu.au/view/UQ:1086876
7634085,Muhammad Nadeem,1035-6908,"If you can measure it, you can manage it: a case of intellectual capital",2019,Journal Article,B,https://espace.library.uq.edu.au/view/UQ:c5f3032
7634085,Muhammad Nadeem,2045-0621,Family business governance: what’s wrong? What’s right? What’s next?,2019,Journal Article,,https://espace.library.uq.edu.au/view/UQ:565da50
7634085,Muhammad Nadeem,1035-6908,The importance of intellectual capital for firm performance: evidence from Australia,2018,Journal Article,B,https://espace.library.uq.edu.au/view/UQ:9bbcde1
7634085,Muhammad Nadeem,2049-372X,Sustainability reporter classification matrix: explaining variations in disclosure quality,2018,Journal Article,A,https://espace.library.uq.edu.au/view/UQ:759d1f3
7634085,Muhammad Nadeem,1747-1117,Religiosity and corporate social responsibility practices: evidence from an emerging economy,2018,Journal Article,B,https://espace.library.uq.edu.au/view/UQ:b96e06c
7634085,Muhammad Nadeem,0114-0582,Boardroom gender diversity and intellectual capital efficiency: evidence from China,2017,Journal Article,B,https://espace.library.uq.edu.au/view/UQ:e3bde26
7634085,Muhammad Nadeem,0959-6526,Boardroom gender diversity and corporate sustainability practices: evidence from Australian Securities Exchange listed firms,2017,Journal Article,C,https://espace.library.uq.edu.au/view/UQ:1c1d12e
7634085,Muhammad Nadeem,1368-3047,Does intellectual capital efficiency improve firm performance in BRICS economies? A dynamic panel estimation,2017,Journal Article,B,https://espace.library.uq.edu.au/view/UQ:114d942
