name,orcid,source_id,journal_name,title,year,author_count,authors,doi,article_url,link,quality_rank,sjr_quartile,citation_percentile,cited_by_count,fwci,oa_status,oa_url,publication_status,source
Andrea Lu,0000-0002-8635-2167,54873,Financial Management,Growing Pains: International Instability and Equity Market Returns,2017,3,"Chen, Z; Lu, AY; Yang, Z",10.1111/fima.12165,https://doi.org/10.1111/fima.12165,https://doi.org/10.1111/fima.12165,A*,Q1,0.96153453,10,5.3768,green,http://hdl.handle.net/11343/158072,published,UniMelb Minerva
Andrea Lu,0000-0002-8635-2167,54873,Journal of Banking & Finance,Slow Diffusion of Information and Price Momentum in Stocks: Evidence from Options Markets,2017,2,"Chen, Z; LU, A",10.1016/j.jbankfin.2016.11.010,https://doi.org/10.1016/j.jbankfin.2016.11.010,https://doi.org/10.1016/j.jbankfin.2016.11.010,A*,Q1,0.95576869,43,5.3745,green,http://hdl.handle.net/11343/172291,published,UniMelb Minerva
André Gygax,0000-0001-7265-9400,223,Hangkong Xuebao/Acta Aeronautica et Astronautica Sinica,Secure task offloading strategy optimization of UAV-aided outdoor mobile high-definition live streaming,2025,5,"YAN, M; ZHANG, Y; CHAN, CA; GYGAX, AF; LI, C",10.1016/j.cja.2025.103454,https://doi.org/10.1016/j.cja.2025.103454,https://doi.org/10.1016/j.cja.2025.103454,,Q1,0.99173181,11,22.3952,hybrid,https://doi.org/10.1016/j.cja.2025.103454,published,UniMelb Minerva
André Gygax,0000-0001-7265-9400,223,Energies,Modeling the Total Energy Consumption of Mobile Network Services and Applications,2019,7,"Yan, M; Chan, CA; Gygax, AF; Yan, J; Campbell, L; Nirmalathas, A; Leckie, C",10.3390/en12010184,https://doi.org/10.3390/en12010184,https://doi.org/10.3390/en12010184,,Q1,0.98411133,94,10.336,gold,https://www.mdpi.com/1996-1073/12/1/184/pdf?version=1546859704,published,UniMelb Minerva
André Gygax,0000-0001-7265-9400,223,IEEE Journal on Selected Areas in Communications,Network Energy Consumption Assessment of Conventional Mobile Services and Over-The-Top Instant Messaging Applications,2016,10,"Yan, M; Chan, CA; Li, W; Chih-Lin, I; Bian, S; Gygax, AF; Leckie, C; Hinton, K; Wong, E; Nirmalathas, A",10.1109/jsac.2016.2611978,https://doi.org/10.1109/jsac.2016.2611978,https://doi.org/10.1109/jsac.2016.2611978,,Q1,0.88988836,48,2.3909,green,http://hdl.handle.net/11343/191144,published,UniMelb Minerva
André Gygax,0000-0001-7265-9400,223,Applied Energy,Telecommunications energy and greenhouse gas emissions management for future network growth,2016,6,"Chan, CA; Gygax, AF; Leckie, C; Wong, E; Nirmalathas, A; Hinton, K",10.1016/j.apenergy.2016.01.007,https://doi.org/10.1016/j.apenergy.2016.01.007,https://doi.org/10.1016/j.apenergy.2016.01.007,A,Q1,0.68745277,14,0.5626,green,http://hdl.handle.net/11343/91757,published,UniMelb Minerva
André Gygax,0000-0001-7265-9400,223,IEEE Communications Magazine,Assessing network energy consumption of mobile applications,2015,8,"Chan, CA; Li, W; Bian, S; I, C-L; GYGAX, AF; Leckie, C; Yan, M; Hinton, K",10.1109/mcom.2015.7321989,https://doi.org/10.1109/mcom.2015.7321989,https://doi.org/10.1109/mcom.2015.7321989,,Q1,0.84378651,17,1.6024,closed,,published,UniMelb Minerva
André Gygax,0000-0001-7265-9400,223,Small Business Economics,Succession financing in family firms,2013,3,"Koropp, C; Grichnik, D; Gygax, AF",10.1007/s11187-012-9442-z,https://doi.org/10.1007/s11187-012-9442-z,https://doi.org/10.1007/s11187-012-9442-z,A,Q1,0.88104784,48,2.0023,closed,,published,UniMelb Minerva
André Gygax,0000-0001-7265-9400,223,Journal of Banking & Finance,Index composition changes and the cost of incumbency,2010,2,"Gygax, AF; Otchere, I",10.1016/j.jbankfin.2010.04.007,https://doi.org/10.1016/j.jbankfin.2010.04.007,https://doi.org/10.1016/j.jbankfin.2010.04.007,A*,Q1,,22,,closed,,published,UniMelb Minerva
André Gygax,0000-0001-7265-9400,223,Annals of Finance,Pricing errors and estimates of risk premia in factor models,2010,3,"Sawyer, KR; Gygax, AF; Hazledine, M",10.1007/s10436-008-0116-4,https://doi.org/10.1007/s10436-008-0116-4,https://doi.org/10.1007/s10436-008-0116-4,B,Q2,0.78209151,3,0.6621,closed,,published,UniMelb Minerva
André Gygax,0000-0001-7265-9400,223,Accounting and Finance,"Audit quality, auditor compensation and initial public offering underpricing",2008,4,"Chang, X; Gygax, AF; Oon, E; Zhang, HF",10.1111/j.1467-629x.2008.00275.x,https://doi.org/10.1111/j.1467-629x.2008.00275.x,https://doi.org/10.1111/j.1467-629x.2008.00275.x,A,Q1,0.95122619,65,4.6922,green,https://figshare.com/articles/journal_contribution/Audit_quality_auditor_compensation_and_initial_public_offering_underpricing/21056617,published,UniMelb Minerva
Anne Lillis,0000-0002-3057-6428,590,Management Accounting Research,Using emphasis frames to embed values in the interpretation of multiple performance criteria,2025,3,"Martyn, P; Sweeney, B; Lillis, AM",10.1016/j.mar.2024.100914,https://doi.org/10.1016/j.mar.2024.100914,https://doi.org/10.1016/j.mar.2024.100914,A*,Q1,0.79088306,2,0.7302,hybrid,https://doi.org/10.1016/j.mar.2024.100914,published,UniMelb Minerva
Anne Lillis,0000-0002-3057-6428,590,The Accounting Review,The Role of Subjectivity in Mitigating Incentive Contracting Risks,2022,3,"Lillis, AM; Malina, MA; Mundy, J",10.2308/tar-2017-0652,https://doi.org/10.2308/tar-2017-0652,https://doi.org/10.2308/tar-2017-0652,A*,Q1,0.92442804,29,3.284,green,http://hdl.handle.net/11343/281551,published,UniMelb Minerva
Anne Lillis,0000-0002-3057-6428,590,Journal of Management Accounting Research,Performance Measurement System Design in Joint Strategy Settings,2008,2,"Lillis, AM; van Veen-Dirks, PMG",10.2308/jmar.2008.20.1.25,https://doi.org/10.2308/jmar.2008.20.1.25,https://doi.org/10.2308/jmar.2008.20.1.25,A*,Q1,0.89505159,54,2.5813,green,https://core.ac.uk/display/16153354,published,UniMelb Minerva
Anne Lillis,0000-0002-3057-6428,590,Qualitative Research in Accounting and Management,"Qualitative management accounting research: Rationale, pitfalls and potential: A comment on Vaivio (2008)",2008,1,"Lillis, A",10.1108/11766090810910236,https://doi.org/10.1108/11766090810910236,https://doi.org/10.1108/11766090810910236,A,Q1,0.877299,31,2.1504,closed,,published,UniMelb Minerva
Anne Lillis,0000-0002-3057-6428,590,The Accounting Review,Profits versus Losses: Does Reporting an Accounting Loss Act as a Heuristic Trigger to Exercise the Abandonment Option and Divest Employees?,2007,2,"PINNUCK, M; LILLIS, A",10.2308/accr.2007.82.4.1031,https://doi.org/10.2308/accr.2007.82.4.1031,https://doi.org/10.2308/accr.2007.82.4.1031,A*,Q1,0.96747512,352,7.5357,green,https://autopapers.ssrn.com/sol3/papers.cfm?abstract_id=997968,published,UniMelb Minerva
Anne Lillis,0000-0002-3057-6428,590,Management Accounting Research,A multi-method approach to building causal performance maps from expert knowledge,2005,5,"Abernethy, MA; Horne, M; Lillis, AM; Malina, MA; Selto, FH",10.1016/j.mar.2005.03.003,https://doi.org/10.1016/j.mar.2005.03.003,https://doi.org/10.1016/j.mar.2005.03.003,A*,Q1,0.96935222,128,7.761,closed,,published,UniMelb Minerva
Anne Lillis,0000-0002-3057-6428,590,Journal of Management Accounting Research,Cross-Sectional Field Studies in Management Accounting Research—Closing the Gaps between Surveys and Case Studies,2005,2,"Lillis, AM; Mundy, J",10.2308/jmar.2005.17.1.119,https://doi.org/10.2308/jmar.2005.17.1.119,https://doi.org/10.2308/jmar.2005.17.1.119,A*,Q1,0.98353507,257,10.9288,green,https://papers.ssrn.com/sol3/Delivery.cfm/SSRN_ID719841_code42136.pdf?abstractid=719841&mirid=1,published,UniMelb Minerva
Anne Lillis,0000-0002-3057-6428,590,Australian Accounting Review,Health Sector Performance Management,2005,2,"LILLIS, A; GRAFTON, J",10.1111/j.1835-2561.2005.tb00297.x,https://doi.org/10.1111/j.1835-2561.2005.tb00297.x,https://doi.org/10.1111/j.1835-2561.2005.tb00297.x,B,Q2,0.46181915,1,0.0,closed,,published,UniMelb Minerva
Asjeet Lamba,0000-0002-7541-967X,2727,International Review of Finance,The Role of Executive Stock Options in On‐Market Share Buybacks *,2010,2,"LAMBA, AS; MIRANDA, VM",10.1111/j.1468-2443.2010.01118.x,https://doi.org/10.1111/j.1468-2443.2010.01118.x,https://doi.org/10.1111/j.1468-2443.2010.01118.x,A,Q2,0.17254242,7,0.0,closed,,published,UniMelb Minerva
Attila Balogh,0000-0002-7026-1965,172695,Journal of Remote Sensing,Themeda: Predicting Land Cover Change Using Deep Learning,2025,6,"Turnbull, R; Mannion, DJ; Wells, JA; Shrestha, KM; Balogh, A; Runting, RK",10.34133/remotesensing.0780,https://doi.org/10.34133/remotesensing.0780,https://doi.org/10.34133/remotesensing.0780,,Q1,0.08969568,0,0.0,diamond,https://doi.org/10.34133/remotesensing.0780,published,UniMelb Minerva
Attila Balogh,0000-0002-7026-1965,172695,Scientific Data,Insider trading,2023,1,"Balogh, A",10.1038/s41597-023-02147-6,https://doi.org/10.1038/s41597-023-02147-6,https://doi.org/10.1038/s41597-023-02147-6,,Q1,,5,,gold,https://www.nature.com/articles/s41597-023-02147-6.pdf,published,UniMelb Minerva
Attila Balogh,0000-0002-7026-1965,172695,International Review of Financial Analysis,Time to acquire: Regulatory burden and M&A activity,2022,3,"Balogh, A; Creedy, U; Wright, D",10.1016/j.irfa.2022.102047,https://doi.org/10.1016/j.irfa.2022.102047,https://doi.org/10.1016/j.irfa.2022.102047,A,Q1,0.90234709,13,2.7663,closed,,published,UniMelb Minerva
Bo Qin,0000-0001-5817-1169,115157,Accounting and Business Research,Parent-subsidiary dispersion and ESG rating disparities: evidence from China,2026,4,"Li, B; Xu, X; Qin, B; Yang, X",10.1080/00014788.2025.2518082,https://doi.org/10.1080/00014788.2025.2518082,https://doi.org/10.1080/00014788.2025.2518082,A,Q1,0.95196734,3,5.349,hybrid,https://doi.org/10.1080/00014788.2025.2518082,published,UniMelb Minerva
Bo Qin,0000-0001-5817-1169,115157,British Accounting Review,From bytes to bucks: The influence of social media commentary on private placements in Chinese listed companies,2025,4,"Jin, Z; Kang, J; Qian, L; Qin, B",10.1016/j.bar.2025.101812,https://doi.org/10.1016/j.bar.2025.101812,https://doi.org/10.1016/j.bar.2025.101812,A*,Q1,0.34152511,0,0.0,hybrid,https://doi.org/10.1016/j.bar.2025.101812,published,UniMelb Minerva
Bo Qin,0000-0001-5817-1169,115157,Accounting and Business Research,Taming the dragon: stock exchange comment letters and earnings volatility,2025,4,"Yao, Y; Li, B; Qin, B; Yang, X",10.1080/00014788.2024.2361607,https://doi.org/10.1080/00014788.2024.2361607,https://doi.org/10.1080/00014788.2024.2361607,A,Q1,0.90629245,4,2.6302,hybrid,https://doi.org/10.1080/00014788.2024.2361607,published,UniMelb Minerva
Bo Qin,0000-0001-5817-1169,115157,Management Accounting Research,"Vertical pay disparity, traditional Chinese culture, and employee productivity",2024,3,"Kuang, YF; Qin, B; Yang, X",10.1016/j.mar.2024.100902,https://doi.org/10.1016/j.mar.2024.100902,https://doi.org/10.1016/j.mar.2024.100902,A*,Q1,0.97226768,16,7.5561,hybrid,https://doi.org/10.1016/j.mar.2024.100902,published,UniMelb Minerva
Bo Qin,0000-0001-5817-1169,115157,Contemporary Accounting Research,"Whistleblowing Allegations, Audit Fees, and Internal Control Deficiencies",2021,3,"Kuang, YF; Lee, G; Qin, B",10.1111/1911-3846.12619,https://doi.org/10.1111/1911-3846.12619,https://doi.org/10.1111/1911-3846.12619,A*,Q1,0.95118378,45,5.1853,green,https://papers.ssrn.com/sol3/papers.cfm?abstract_id=3635523,published,UniMelb Minerva
Bo Qin,0000-0001-5817-1169,115157,Corporate Governance: an international review,Female representation on boards and CEO performance‐induced turnover: Evidence from Russia,2020,3,"Kim, O; Kuang, YF; Qin, B",10.1111/corg.12316,https://doi.org/10.1111/corg.12316,https://doi.org/10.1111/corg.12316,A,Q1,0.9512935,33,5.2527,closed,,published,UniMelb Minerva
Bo Qin,0000-0001-5817-1169,115157,Contemporary Accounting Research,"The Relation between Strategy, CEO Selection, and Firm Performance",2019,3,"Kuang, Y; Abernethy, MA; Qin, B",10.1111/1911-3846.12463,https://doi.org/10.1111/1911-3846.12463,https://doi.org/10.1111/1911-3846.12463,A*,Q1,0.97055166,68,7.9317,green,https://papers.ssrn.com/sol3/papers.cfm?abstract_id=3225219,published,UniMelb Minerva
Bryan Lim,0000-0003-3756-3651,7805,Journal of Banking & Finance,The value of growth: Changes in profitability and future stock returns,2024,4,"Lim, B; Sotes-Paladino, J; Wang, GJ; Yao, Y",10.1016/j.jbankfin.2023.107036,https://doi.org/10.1016/j.jbankfin.2023.107036,https://doi.org/10.1016/j.jbankfin.2023.107036,A*,Q1,0.91358388,17,2.1474,hybrid,https://doi.org/10.1016/j.jbankfin.2023.107036,published,UniMelb Minerva
Bryan Lim,0000-0003-3756-3651,7805,The Economic Record,Good Bids Come to Those Who Wait: The Value of Late Bidding in Online Auctions,2019,2,"Lim, B; Shemesh, J",10.1111/1475-4932.12456,https://doi.org/10.1111/1475-4932.12456,https://doi.org/10.1111/1475-4932.12456,A,Q2,0.01376974,0,0.0,bronze,https://onlinelibrary.wiley.com/doi/pdfdirect/10.1111/1475-4932.12456,published,UniMelb Minerva
Carole Comerton-Forde,0000-0002-1618-0371,25276,Journal of Financial Economics,Differential access to dark markets and execution outcomes,2025,2,"Brugler, J; Comerton-Forde, C",10.1016/j.jfineco.2025.104086,https://doi.org/10.1016/j.jfineco.2025.104086,https://doi.org/10.1016/j.jfineco.2025.104086,A*,Q1,0.73438633,2,1.0273,hybrid,https://doi.org/10.1016/j.jfineco.2025.104086,published,UniMelb Minerva
Carole Comerton-Forde,0000-0002-1618-0371,25276,Journal of Financial Markets,ETF effects: The role of primary versus secondary market activities,2025,2,"Comerton-Forde, C; Marta, T",10.1016/j.finmar.2025.100983,https://doi.org/10.1016/j.finmar.2025.100983,https://doi.org/10.1016/j.finmar.2025.100983,A*,Q1,0.72971231,1,1.0273,hybrid,https://doi.org/10.1016/j.finmar.2025.100983,published,UniMelb Minerva
Carole Comerton-Forde,0000-0002-1618-0371,25276,The Journal of Finance,Nonstandard Errors,2024,100,"Menkveld, AJ; Dreber, A; Holzmeister, F; Huber, J; Johannesson, M; Kirchler, M; Neusüß, S; Razen, M; Weitzel, U; Abad-Díaz, D; Abudy, M; Adrian, T; Ait-Sahalia, Y; Akmansoy, O; Alcock, JT; Alexeev, V; Aloosh, A; Amato, L; Amaya, D; Angel, JJ; Avetikian, AT; Bach, A; Baidoo, E; Bakalli, G; Bao, L; Barbon, A; Bashchenko, O; Bindra, PC; Bjønnes, GH; Black, JR; Black, BS; Bogoev, D; Correa, SB; Bondarenko, O; Bos, CS; Bosch-Rosa, C; Bouri, E; Brownlees, C; Calamia, A; Cao, VN; Capelle-Blancard, G; Romero, LMC; Caporin, M; Carrion, A; Caskurlu, T; Chakrabarty, B; Chen, J; Chernov, M; Cheung, W; Chincarini, LB; Chordia, T; Chow, SC; Clapham, B; Colliard, JE; Comerton-Forde, C; Curran, E; Dao, T; Dare, W; Davies, RJ; Blasis, RD; Nard, GFD; Declerck, F; Deev, O; Degryse, H; Deku, SY; Desagre, C; Dijk, MAV; Dim, C; Dimpfl, T; Dong, YJ; Drummond, PA; Dudda, T; Duevski, T; Dumitrescu, A; Dyakov, T; Dyhrberg, AH; Dzieliński, M; Eksi, A; Kalak, IE; Ellen, ST; Eugster, N; Evans, MDD; Farrell, M; Felez-Vinas, E; Ferrara, G; Ferrouhi, EM; Flori, A; Fluharty-Jaidee, JT; Foley, SDV; Fong, KYL; Foucault, T; Franus, T; Franzoni, F; Frijns, B; Frömmel, M; Fu, SM; Füllbrunn, SC; Gan, B; Gao, G; Gehrig, TP",10.1111/jofi.13337,https://doi.org/10.1111/jofi.13337,https://doi.org/10.1111/jofi.13337,A*,Q1,1.0,103,62.2769,hybrid,https://doi.org/10.1111/jofi.13337,published,UniMelb Minerva
Carole Comerton-Forde,0000-0002-1618-0371,25276,The Economic Record,Measuring Financial Wellbeing with Self-Reported and Bank Record Data*,2022,6,"Comerton-Forde, C; de New, J; Salamanca, N; Ribar, DC; Nicastro, A; Ross, J",10.1111/1475-4932.12664,https://doi.org/10.1111/1475-4932.12664,https://doi.org/10.1111/1475-4932.12664,A,Q2,0.79932095,8,0.9152,hybrid,https://doi.org/10.1111/1475-4932.12664,published,UniMelb Minerva
Carole Comerton-Forde,0000-0002-1618-0371,25276,Journal of Financial and Quantitative Analysis,Does Financial Market Structure Affect the Cost of Raising Capital?,2021,3,"Brugler, J; Comerton-Forde, C; Hendershott, T",10.1017/s0022109020000381,https://doi.org/10.1017/s0022109020000381,https://doi.org/10.1017/s0022109020000381,A*,Q1,0.80869528,12,1.0873,green,http://hdl.handle.net/11343/258560,published,UniMelb Minerva
Carole Comerton-Forde,0000-0002-1618-0371,25276,Journal of Banking & Finance,Assessing the information content of short-selling metrics using daily disclosures,2016,4,"Comerton-Forde, C; Binh, HD; Gray, P; Manton, T",10.1016/j.jbankfin.2015.12.009,https://doi.org/10.1016/j.jbankfin.2015.12.009,https://doi.org/10.1016/j.jbankfin.2015.12.009,A*,Q1,0.91450405,28,2.5633,green,http://hdl.handle.net/11343/122052,published,UniMelb Minerva
Carole Comerton-Forde,0000-0002-1618-0371,25276,Journal of Financial Economics,Shorting at close range: a tale of two types,2016,3,"Comerton-Forde, C; Jones, CM; Putnins, TJ",10.1016/j.jfineco.2016.05.002,https://doi.org/10.1016/j.jfineco.2016.05.002,https://doi.org/10.1016/j.jfineco.2016.05.002,A*,Q1,0.97551293,73,8.2685,green,http://hdl.handle.net/11343/55684,published,UniMelb Minerva
Carole Comerton-Forde,0000-0002-1618-0371,25276,Journal of Financial Economics,Dark trading and price discovery,2015,2,"Comerton-Forde, C; Putniņš, TJ",10.1016/j.jfineco.2015.06.013,https://doi.org/10.1016/j.jfineco.2015.06.013,https://doi.org/10.1016/j.jfineco.2015.06.013,A*,Q1,0.99480981,214,21.3507,green,http://hdl.handle.net/11343/55683,published,UniMelb Minerva
Carole Comerton-Forde,0000-0002-1618-0371,25276,Review of Finance,Stock price manipulation: Prevalence and determinants,2014,2,"Comerton-Forde, CA; Putnins, TJ",10.1093/rof/rfs040,https://doi.org/10.1093/rof/rfs040,https://doi.org/10.1093/rof/rfs040,A*,Q1,0.94384279,130,4.228,bronze,https://academic.oup.com/rof/article-pdf/18/1/23/26309815/rfs040.pdf,published,UniMelb Minerva
Carsten Murawski,0000-0002-1237-9535,5544,Communications Psychology,Acute stress impairs decision-making at varying levels of decision complexity,2025,3,"Doroc, K; Yadav, N; Murawski, C",10.1038/s44271-025-00355-x,https://doi.org/10.1038/s44271-025-00355-x,https://doi.org/10.1038/s44271-025-00355-x,,,0.77066791,2,0.9476,gold,https://www.nature.com/articles/s44271-025-00355-x.pdf,published,UniMelb Minerva
Carsten Murawski,0000-0002-1237-9535,5544,Scientific Reports,Estimating self-performance when making complex decisions,2025,4,"Lu, X; Murawski, C; Bossaerts, P; Suzuki, S",10.1038/s41598-025-87601-8,https://doi.org/10.1038/s41598-025-87601-8,https://doi.org/10.1038/s41598-025-87601-8,,Q1,0.92238999,4,3.6478,gold,https://www.nature.com/articles/s41598-025-87601-8.pdf,published,UniMelb Minerva
Carsten Murawski,0000-0002-1237-9535,5544,Behavioural Brain Research,Investigating the effects of orexin receptor 1 antagonism on decision making under uncertainty,2025,5,"Metha, JA; Bertheau, M; Murawski, C; Hoyer, D; Jacobson, LH",10.1016/j.bbr.2025.115691,https://doi.org/10.1016/j.bbr.2025.115691,https://doi.org/10.1016/j.bbr.2025.115691,,Q2,0.08644738,0,0.0,hybrid,https://doi.org/10.1016/j.bbr.2025.115691,published,UniMelb Minerva
Carsten Murawski,0000-0002-1237-9535,5544,Schizophrenia Bulletin,The Relationship Between Schizotypal Personality Traits and Temporal Discounting: The Role of the Date/Delay Effect,2025,4,"Keidel, K; Murawski, C; Pantelis, C; Ettinger, U",10.1093/schbul/sbad110,https://doi.org/10.1093/schbul/sbad110,https://doi.org/10.1093/schbul/sbad110,,Q1,0.93581975,7,4.357,hybrid,https://doi.org/10.1093/schbul/sbad110,published,UniMelb Minerva
Carsten Murawski,0000-0002-1237-9535,5544,PLoS Computational Biology,Whom do we prefer to learn from in observational reinforcement learning?,2025,4,"Morishita, G; Murawski, C; Yadav, N; Suzuki, S",10.1371/journal.pcbi.1013143,https://doi.org/10.1371/journal.pcbi.1013143,https://doi.org/10.1371/journal.pcbi.1013143,,Q1,0.82580383,1,1.0609,gold,https://journals.plos.org/ploscompbiol/article/file?id=10.1371/journal.pcbi.1013143&type=printable,published,UniMelb Minerva
Carsten Murawski,0000-0002-1237-9535,5544,npj Mental Health Research,Association of temporal discounting with transdiagnostic symptom dimensions,2024,5,"Keidel, K; Lu, X; Suzuki, S; Murawski, C; Ettinger, U",10.1038/s44184-024-00060-3,https://doi.org/10.1038/s44184-024-00060-3,https://doi.org/10.1038/s44184-024-00060-3,,Q1,0.93637752,12,3.8518,gold,https://www.nature.com/articles/s44184-024-00060-3.pdf,published,UniMelb Minerva
Carsten Murawski,0000-0002-1237-9535,5544,Psychopharmacology,"Hypocretin-1 receptor antagonism improves inhibitory control during the Go/No-Go task in highly motivated, impulsive male mice",2024,8,"Metha, J; Ji, Y; Braun, C; Nicholson, JR; De Lecea, L; Murawski, C; Hoyer, D; Jacobson, LH",10.1007/s00213-024-06628-3,https://doi.org/10.1007/s00213-024-06628-3,https://doi.org/10.1007/s00213-024-06628-3,,Q1,0.47388239,1,0.218,hybrid,https://doi.org/10.1007/s00213-024-06628-3,published,UniMelb Minerva
Carsten Murawski,0000-0002-1237-9535,5544,Journal of Behavioral and Experimental Finance,"Resource allocation, computational complexity, and market design",2024,9,"Bossaerts, P; Bowman, E; Fattinger, F; Huang, H; Lee, M; Murawski, C; Suthakar, A; Tang, S; Yadav, N",10.1016/j.jbef.2024.100906,https://doi.org/10.1016/j.jbef.2024.100906,https://doi.org/10.1016/j.jbef.2024.100906,A,Q1,0.87303466,7,2.0875,hybrid,https://doi.org/10.1016/j.jbef.2024.100906,published,UniMelb Minerva
Carsten Murawski,0000-0002-1237-9535,5544,Human Brain Mapping,The date/delay effect in intertemporal choice: A combined fMRI and eye-tracking study,2024,6,"Keidel, K; Schroeder, R; Trautner, P; Radbruch, A; Murawski, C; Ettinger, U",10.1002/hbm.26585,https://doi.org/10.1002/hbm.26585,https://doi.org/10.1002/hbm.26585,,Q1,0.94057052,12,4.442,gold,https://doi.org/10.1002/hbm.26585,published,UniMelb Minerva
Carsten Murawski,0000-0002-1237-9535,5544,PLoS Computational Biology,The neural dynamics associated with computational complexity,2024,3,"Franco, JP; Bossaerts, P; Murawski, C",10.1371/journal.pcbi.1012447,https://doi.org/10.1371/journal.pcbi.1012447,https://doi.org/10.1371/journal.pcbi.1012447,,Q1,0.70927181,4,0.8719,gold,https://doi.org/10.1371/journal.pcbi.1012447,published,UniMelb Minerva
Carsten Murawski,0000-0002-1237-9535,5544,Public Health Genomics,Financial Advisers’ and Key Informants’ Perspectives on the Australian Industry-Led Moratorium on Genetic Tests in Life Insurance,2023,9,"Haining, CM; Tiller, J; Otlowski, M; Gleeson, P; Murawski, C; Barlow-Stewart, K; Lacaze, P; McInerney-Leo, A; Keogh, LA",10.1159/000533532,https://doi.org/10.1159/000533532,https://doi.org/10.1159/000533532,,Q2,0.70453012,3,0.5835,diamond,https://doi.org/10.1159/000533532,published,UniMelb Minerva
Carsten Murawski,0000-0002-1237-9535,5544,Scientific Reports,Task-independent metrics of computational hardness predict human cognitive performance,2022,5,"Franco, JP; Doroc, K; Yadav, N; Bossaerts, P; Murawski, C",10.1038/s41598-022-16565-w,https://doi.org/10.1038/s41598-022-16565-w,https://doi.org/10.1038/s41598-022-16565-w,,Q1,0.7934625,13,1.2632,gold,https://www.nature.com/articles/s41598-022-16565-w.pdf,published,UniMelb Minerva
Carsten Murawski,0000-0002-1237-9535,5544,Frontiers in Psychology,Individual Differences in Intertemporal Choice,2021,5,"Keidel, K; Rramani, Q; Weber, B; Murawski, C; Ettinger, U",10.3389/fpsyg.2021.643670,https://doi.org/10.3389/fpsyg.2021.643670,https://doi.org/10.3389/fpsyg.2021.643670,,Q1,0.95134666,58,3.7868,gold,https://www.frontiersin.org/articles/10.3389/fpsyg.2021.643670/pdf,published,UniMelb Minerva
Carsten Murawski,0000-0002-1237-9535,5544,Human Brain Mapping,Effective brain connectivity at rest is associated with choice-induced preference formation.,2020,4,"Voigt, K; Murawski, C; Speer, S; Bode, S",10.1002/hbm.24999,https://doi.org/10.1002/hbm.24999,https://doi.org/10.1002/hbm.24999,,Q1,0.70002461,17,0.9043,gold,https://onlinelibrary.wiley.com/doi/pdfdirect/10.1002/hbm.24999,published,UniMelb Minerva
Carsten Murawski,0000-0002-1237-9535,5544,Frontiers in Behavioral Neuroscience,Separating Probability and Reversal Learning in a Novel Probabilistic Reversal Learning Task for Mice,2020,9,"Metha, JA; Brian, ML; Oberrauch, S; Barnes, SA; Featherby, TJ; Bossaerts, P; Murawski, C; Hoyer, D; Jacobson, LH",10.3389/fnbeh.2019.00270,https://doi.org/10.3389/fnbeh.2019.00270,https://doi.org/10.3389/fnbeh.2019.00270,,Q1,0.86393992,44,1.9341,gold,https://www.frontiersin.org/articles/10.3389/fnbeh.2019.00270/pdf,published,UniMelb Minerva
Carsten Murawski,0000-0002-1237-9535,5544,Neuropsychology Review,Defining Compulsive Behavior,2019,10,"Luigjes, J; Lorenzetti, V; de Haan, S; Youssef, GJ; Murawski, C; Sjoerds, Z; van den Brink, W; Denys, D; Fontenelle, LF; Yücel, M",10.1007/s11065-019-09404-9,https://doi.org/10.1007/s11065-019-09404-9,https://doi.org/10.1007/s11065-019-09404-9,,Q1,0.99124671,132,13.1327,hybrid,https://link.springer.com/content/pdf/10.1007/s11065-019-09404-9.pdf,published,UniMelb Minerva
Carsten Murawski,0000-0002-1237-9535,5544,Journal of Neuroscience,Hard Decisions Shape the Neural Coding of Preferences,2019,4,"Voigt, K; Murawski, C; Speer, S; Bode, S",10.1523/jneurosci.1681-18.2018,https://doi.org/10.1523/jneurosci.1681-18.2018,https://doi.org/10.1523/jneurosci.1681-18.2018,,Q1,0.91121568,56,2.7979,hybrid,https://www.jneurosci.org/content/jneuro/39/4/718.full.pdf,published,UniMelb Minerva
Carsten Murawski,0000-0002-1237-9535,5544,Psychophysiology,Monetary feedback modulates performance and electrophysiological indices of belief updating in reward learning.,2019,5,"Bennett, D; Sasmita, K; Maloney, RT; Murawski, C; Bode, S",10.1111/psyp.13431,https://doi.org/10.1111/psyp.13431,https://doi.org/10.1111/psyp.13431,,Q1,0.65211153,14,0.649,bronze,https://onlinelibrary.wiley.com/doi/pdfdirect/10.1111/psyp.13431,published,UniMelb Minerva
Carsten Murawski,0000-0002-1237-9535,5544,Neuropsychologia,Dissociating neural variability related to stimulus quality and response times in perceptual decision-making,2018,7,"Bode, S; Bennett, D; Sewell, DK; Paton, B; Egan, GF; Smith, PL; Murawski, C",10.1016/j.neuropsychologia.2018.01.040,https://doi.org/10.1016/j.neuropsychologia.2018.01.040,https://doi.org/10.1016/j.neuropsychologia.2018.01.040,,Q2,0.61258278,10,0.5597,closed,,published,UniMelb Minerva
Carsten Murawski,0000-0002-1237-9535,5544,NeuroImage: Clinical,Food product health warnings promote dietary self-control through reductions in neural signals indexing food cue reactivity,2018,7,"Murawski, C; Bode, S; Rosenblatt, DH; Summerell, P; Ng, A; Dixon, H; Wakefield, M",10.1016/j.nicl.2018.03.004,https://doi.org/10.1016/j.nicl.2018.03.004,https://doi.org/10.1016/j.nicl.2018.03.004,,Q1,0.92053091,37,3.3184,gold,https://www.sciencedirect.com/science/article/pii/S2213158218300743/pdf,published,UniMelb Minerva
Carsten Murawski,0000-0002-1237-9535,5544,Appetite,Health warnings promote healthier dietary decision making: Effects of positive versus negative message framing and graphic versus text-based warnings,2018,7,"Rosenblatt, DH; Bode, S; Dixon, H; Murawski, C; Summerell, P; Ng, A; Wakefield, M",10.1016/j.appet.2018.05.006,https://doi.org/10.1016/j.appet.2018.05.006,https://doi.org/10.1016/j.appet.2018.05.006,A,Q1,0.95598858,71,5.0538,closed,,published,UniMelb Minerva
Carsten Murawski,0000-0002-1237-9535,5544,Review of Income and Wealth,Measuring the Adequacy of Retirement Savings,2018,5,"MURAWSKI, C; Burnett, J; Davis, KEVIN; Wilkins, ROGER; Wilkinson, N",10.1111/roiw.12307,https://doi.org/10.1111/roiw.12307,https://doi.org/10.1111/roiw.12307,A,Q1,0.5040506,0,0.0,bronze,https://onlinelibrary.wiley.com/doi/pdfdirect/10.1111/roiw.12307,published,UniMelb Minerva
Carsten Murawski,0000-0002-1237-9535,5544,Human Brain Mapping,The anticipation and outcome phases of reward and loss processing: A neuroimaging meta-analysis of the monetary incentive delay task,2018,6,"Oldham, S; Murawski, C; Fornito, A; Youssef, G; Yücel, M; Lorenzetti, V",10.1002/hbm.24184,https://doi.org/10.1002/hbm.24184,https://doi.org/10.1002/hbm.24184,,Q1,0.9975236,465,18.2881,hybrid,https://onlinelibrary.wiley.com/doi/pdfdirect/10.1002/hbm.24184,published,UniMelb Minerva
Carsten Murawski,0000-0002-1237-9535,5544,Scientific Reports,The neural encoding of information prediction errors during non-instrumental information seeking,2018,4,"Brydevall, M; Bennett, D; Murawski, C; Bode, S",10.1038/s41598-018-24566-x,https://doi.org/10.1038/s41598-018-24566-x,https://doi.org/10.1038/s41598-018-24566-x,,Q1,0.98557319,131,8.2819,gold,https://www.nature.com/articles/s41598-018-24566-x.pdf,published,UniMelb Minerva
Carsten Murawski,0000-0002-1237-9535,5544,PLoS ONE,"The Socio-Moral Image Database (SMID): A novel stimulus set for the study of social, moral and affective processes",2018,4,"Murawski, C; Carone, DL; Bode, S; Laham, SM",10.1371/journal.pone.0190954,https://doi.org/10.1371/journal.pone.0190954,https://doi.org/10.1371/journal.pone.0190954,,Q1,0.82266201,74,1.6793,gold,https://journals.plos.org/plosone/article/file?id=10.1371/journal.pone.0190954&type=printable,published,UniMelb Minerva
Carsten Murawski,0000-0002-1237-9535,5544,Philosophical Transactions of the Royal Society of London. Biological Sciences,Uncertainty and computational complexity,2018,3,"Bossaerts, P; Yadav, N; Murawski, C",10.1098/rstb.2018.0138,https://doi.org/10.1098/rstb.2018.0138,https://doi.org/10.1098/rstb.2018.0138,,Q1,0.94924051,57,4.1922,hybrid,https://doi.org/10.1098/rstb.2018.0138,published,UniMelb Minerva
Carsten Murawski,0000-0002-1237-9535,5544,Journal of Experimental Psychology: Human Perception and Performance,Caloric Primary Rewards Systematically Alter Time Perception,2017,3,"Fung, BJ; Murawski, C; Bode, S",10.1037/xhp0000418,https://doi.org/10.1037/xhp0000418,https://doi.org/10.1037/xhp0000418,,Q1,0.619486,12,0.6799,green,https://osf.io/65ve8,published,UniMelb Minerva
Carsten Murawski,0000-0002-1237-9535,5544,Frontiers in Behavioral Neuroscience,Cardiac signals are independently associated with temporal discounting and time perception,2017,4,"MURAWSKI, C; Fung, B; Crone, D; Bode, S",10.3389/fnbeh.2017.00001,https://doi.org/10.3389/fnbeh.2017.00001,https://doi.org/10.3389/fnbeh.2017.00001,,Q1,0.99172515,131,12.9689,gold,https://www.frontiersin.org/articles/10.3389/fnbeh.2017.00001/pdf,published,UniMelb Minerva
Carsten Murawski,0000-0002-1237-9535,5544,"Journal of Experimental Psychology: learning, memory, and cognition",Endogenous formation of preferences: Choices systematically change willingness-to-pay for goods,2017,3,"Voigt, K; Murawski, C; Bode, S",10.1037/xlm0000415,https://doi.org/10.1037/xlm0000415,https://doi.org/10.1037/xlm0000415,A,Q1,0.85891089,32,1.7752,closed,,published,UniMelb Minerva
Carsten Murawski,0000-0002-1237-9535,5544,Proceedings of the Royal Society of London. Biological Sciences,High monetary reward rates and caloric rewards decrease temporal persistence,2017,3,"Fung, B; Bode, S; Murawski, C",10.1098/rspb.2016.2759,https://doi.org/10.1098/rspb.2016.2759,https://doi.org/10.1098/rspb.2016.2759,,Q1,0.73545062,14,0.7059,hybrid,https://royalsocietypublishing.org/doi/pdf/10.1098/rspb.2016.2759,published,UniMelb Minerva
Carsten Murawski,0000-0002-1237-9535,5544,Scientific Reports,How Humans Solve Complex Problems: The Case of the Knapsack Problem,2016,2,"Murawski, C; Bossaerts, P",10.1038/srep34851,https://doi.org/10.1038/srep34851,https://doi.org/10.1038/srep34851,,Q1,0.95967823,79,5.8072,gold,https://www.nature.com/articles/srep34851.pdf,published,UniMelb Minerva
Carsten Murawski,0000-0002-1237-9535,5544,PLoS Computational Biology,Intrinsic Valuation of Information in Decision Making under Uncertainty,2016,5,"Bennett, D; Bode, S; Brydevall, M; Warren, H; Murawski, C",10.1371/journal.pcbi.1005020,https://doi.org/10.1371/journal.pcbi.1005020,https://doi.org/10.1371/journal.pcbi.1005020,,Q1,0.95203679,211,4.3525,gold,https://journals.plos.org/ploscompbiol/article/file?id=10.1371/journal.pcbi.1005020&type=printable,published,UniMelb Minerva
Carsten Murawski,0000-0002-1237-9535,5544,Frontiers in Behavioral Neuroscience,Incidental rewarding cues influence economic decisions in people with obesity,2015,4,"Simmank, J; Murawski, C; Bode, S; Horstmann, A",10.3389/fnbeh.2015.00278,https://doi.org/10.3389/fnbeh.2015.00278,https://doi.org/10.3389/fnbeh.2015.00278,,Q1,0.89666037,35,2.7394,gold,https://www.frontiersin.org/articles/10.3389/fnbeh.2015.00278/pdf,published,UniMelb Minerva
Carsten Murawski,0000-0002-1237-9535,5544,eNeuro,Single-trial event-related potential correlates of belief updating,2015,3,"Bennett, D; Murawski, C; Bode, S",10.1523/eneuro.0076-15.2015,https://doi.org/10.1523/eneuro.0076-15.2015,https://doi.org/10.1523/eneuro.0076-15.2015,,Q1,0.94761517,81,4.1547,gold,https://www.eneuro.org/content/eneuro/2/5/ENEURO.0076-15.2015.full.pdf,published,UniMelb Minerva
Carsten Murawski,0000-0002-1237-9535,5544,PLoS ONE,Distributed patterns of event-related potentials predict subsequent ratings of abstract stimulus attributes,2014,4,"Bode, S; Bennett, D; Stahl, J; Murawski, C",10.1371/journal.pone.0109070,https://doi.org/10.1371/journal.pone.0109070,https://doi.org/10.1371/journal.pone.0109070,,Q1,0.79685104,32,1.4512,gold,https://doi.org/10.1371/journal.pone.0109070,published,UniMelb Minerva
Carsten Murawski,0000-0002-1237-9535,5544,PLoS ONE,Led into temptation? rewarding brand logos bias the neural encoding of incidental economic decisions,2012,5,"Murawski, C; Harris, PG; Bode, S; D., JF; Egan, GF",10.1371/journal.pone.0034155,https://doi.org/10.1371/journal.pone.0034155,https://doi.org/10.1371/journal.pone.0034155,,Q1,0.81071386,25,1.6188,gold,https://journals.plos.org/plosone/article/file?id=10.1371/journal.pone.0034155&type=printable,published,UniMelb Minerva
Chander Shekhar,0000-0003-4689-5172,105,Journal of Banking & Finance,Equity in capital raising? Empirical evidence from structured private placements,2024,4,"Au Yong, HH; Brown, C; Ho, CY; Shekhar, C",10.1016/j.jbankfin.2023.107074,https://doi.org/10.1016/j.jbankfin.2023.107074,https://doi.org/10.1016/j.jbankfin.2023.107074,A*,Q1,0.8629842,4,1.5574,hybrid,https://doi.org/10.1016/j.jbankfin.2023.107074,published,UniMelb Minerva
Chander Shekhar,0000-0003-4689-5172,105,International Review of Finance,Rights issues: Retail shareholders and their participation decisions,2021,4,"Au Yong, HH; Brown, C; Ho, CY; Shekhar, C",10.1111/irfi.12307,https://doi.org/10.1111/irfi.12307,https://doi.org/10.1111/irfi.12307,A,Q2,0.77611211,7,0.9151,closed,,published,UniMelb Minerva
Chander Shekhar,0000-0003-4689-5172,105,Journal of Business Finance & Accounting,"Industry Expertise, Information Leakage and the Choice of M&A Advisors",2016,4,"Chang, X; Shekhar, C; Tam, LHK; Yao, J",10.1111/jbfa.12165,https://doi.org/10.1111/jbfa.12165,https://doi.org/10.1111/jbfa.12165,A*,Q1,0.96663186,36,6.8388,bronze,https://onlinelibrary.wiley.com/doi/pdfdirect/10.1111/jbfa.12165,published,UniMelb Minerva
Chander Shekhar,0000-0003-4689-5172,105,Corporate Governance: an international review,Governance structures of initial public offerings in Australia,2007,2,"Shekhar, C; Stapledon, G",10.1111/j.1467-8683.2007.00639.x,https://doi.org/10.1111/j.1467-8683.2007.00639.x,https://doi.org/10.1111/j.1467-8683.2007.00639.x,A,Q1,0.93301167,23,3.478,closed,,published,UniMelb Minerva
Chander Shekhar,0000-0003-4689-5172,105,Review of Accounting and Finance,"Takeovers, Ownership, and Shareholder Wealth — The Australian Evidence",2005,2,"Shekhar, C; Torbey, V",10.1108/eb043433,https://doi.org/10.1108/eb043433,https://doi.org/10.1108/eb043433,B,Q1,0.25775632,20,0.0,closed,,published,UniMelb Minerva
Chung-Yu Hung,0000-0003-0805-5260,116746,Management Science,Expertise and Discretionary Bonus Decisions,2020,3,"Abernethy, M; Hung, CY; VAN LENT, L",10.1287/mnsc.2018.3172,https://doi.org/10.1287/mnsc.2018.3172,https://doi.org/10.1287/mnsc.2018.3172,A*,Q1,0.91476496,19,3.0083,green,http://hdl.handle.net/11343/214531,published,UniMelb Minerva
Chung-Yu Hung,0000-0003-0805-5260,116746,The Accounting Review,"Group Identity, Performance Transparency, and Employee Performance",2020,3,"Shang, R; Abernethy, M; Hung, C-Y",10.2308/accr-52652,https://doi.org/10.2308/accr-52652,https://doi.org/10.2308/accr-52652,A*,Q1,0.93599493,51,3.9033,green,http://hdl.handle.net/11343/258719,published,UniMelb Minerva
Eduard Inozemtsev,0009-0005-3542-0392,184695,Journal of Financial and Quantitative Analysis,Evolution of Debt Financing Toward Less-Regulated Financial Intermediaries in the United States,2025,2,"Erel, I; Inozemtsev, E",10.1017/s0022109024000206,https://doi.org/10.1017/s0022109024000206,https://doi.org/10.1017/s0022109024000206,A*,Q1,0.98084394,24,8.5557,hybrid,https://www.cambridge.org/core/services/aop-cambridge-core/content/view/52E1F4569FF8AF28A8A09C4B7123A9F6/S0022109024000206a.pdf/div-class-title-evolution-of-debt-financing-toward-less-regulated-financial-intermediaries-in-the-united-states-div.pdf,published,UniMelb Minerva
Ekaterina Volkova,0000-0002-6589-0433,133551,PLoS ONE,Media ownership and ideological slant: Evidence from Australian newspaper mergers,2024,2,"Ananyev, M; Volkova, E",10.1371/journal.pone.0315137,https://doi.org/10.1371/journal.pone.0315137,https://doi.org/10.1371/journal.pone.0315137,,Q1,0.93779323,5,3.7839,gold,https://doi.org/10.1371/journal.pone.0315137,published,UniMelb Minerva
Ekaterina Volkova,0000-0002-6589-0433,133551,Financial Management,Watch Your Basket - to Determine CEO Compensation,2019,4,"Galpin, N; Jung, HWH; Moore, L; Volkova, E",10.1111/fima.12243,https://doi.org/10.1111/fima.12243,https://doi.org/10.1111/fima.12243,A*,Q1,0.00701536,0,0.0,closed,,published,UniMelb Minerva
Ekaterina Volkova,0000-0002-6589-0433,133551,Annals of Finance,Can VPIN forecast geopolitical events? Evidence from the 2014 Crimean Crisis,2018,2,"Silva, FBG; Volkova, E",10.1007/s10436-017-0314-z,https://doi.org/10.1007/s10436-017-0314-z,https://doi.org/10.1007/s10436-017-0314-z,B,Q2,0.7034208,8,0.3089,green,http://hdl.handle.net/11343/214050,published,UniMelb Minerva
Eu-Jin Teo,0000-0002-7196-5462,942,Beijing Law Review,The Prospects for Tobacco Plain Packaging in Asia: No Longer Smoke up in the Air?,2021,2,"Herman, S; Teo, E-J",10.4236/blr.2021.121004,https://doi.org/10.4236/blr.2021.121004,https://doi.org/10.4236/blr.2021.121004,,,0.02127842,0,0.0,diamond,https://content.scirp.org/pdf/blr_2021022415293581.pdf,published,UniMelb Minerva
Federico Nardari,0000-0002-8654-9285,25842,The Journal of Futures Markets,Forecasting variance swap payoffs,2022,4,"Dark, J; Gao, X; van der Heijden, T; Nardari, F",10.1002/fut.22371,https://doi.org/10.1002/fut.22371,https://doi.org/10.1002/fut.22371,A,Q2,0.53711978,1,0.2016,hybrid,https://onlinelibrary.wiley.com/doi/pdfdirect/10.1002/fut.22371,published,UniMelb Minerva
Gabriele Lattanzio,0000-0003-1592-433X,182846,Journal of Financial Markets,"Dissecting the listing gap: Mergers, private equity, or regulation?",2023,3,"Lattanzio, G; Megginson, WL; Sanati, A",10.1016/j.finmar.2023.100836,https://doi.org/10.1016/j.finmar.2023.100836,https://doi.org/10.1016/j.finmar.2023.100836,A*,Q1,0.95828244,17,5.8401,closed,,published,UniMelb Minerva
Gary Biddle,0000-0003-3405-0738,120646,Journal of Corporate Finance,"Clawback adoptions, managerial compensation incentives, capital investment mix and efficiency",2024,3,"Biddle, GC; Chan, LH; Joo, JH",10.1016/j.jcorpfin.2023.102506,https://doi.org/10.1016/j.jcorpfin.2023.102506,https://doi.org/10.1016/j.jcorpfin.2023.102506,A*,Q1,0.97395499,20,7.7868,hybrid,https://doi.org/10.1016/j.jcorpfin.2023.102506,published,UniMelb Minerva
Gary Biddle,0000-0003-3405-0738,120646,Accounting and Business Research,Does a liability of foreignness in liquidity apply to US IPOs?,2024,3,"Banti, C; Biddle, GC; Jona, J",10.1080/00014788.2022.2150595,https://doi.org/10.1080/00014788.2022.2150595,https://doi.org/10.1080/00014788.2022.2150595,A,Q1,0.59334175,2,0.3893,closed,,published,UniMelb Minerva
Gary Biddle,0000-0003-3405-0738,120646,Journal of Accounting Auditing and Finance,Accounting Conservatism and Bankruptcy Risk,2022,3,"Biddle, GC; Ma, MLZ; Song, FM",10.1177/0148558x20934244,https://doi.org/10.1177/0148558x20934244,https://doi.org/10.1177/0148558x20934244,A,Q1,0.99575597,171,20.1349,green,https://doi.org/10.2139/ssrn.1621272,published,UniMelb Minerva
Gary Biddle,0000-0003-3405-0738,120646,Management Science,"Managerial Learning from Analyst Feedback to Voluntary Capex Guidance, Investment Efficiency and Firm Performance",2022,3,"Bae, J; Biddle, G; Park, CW",10.1287/mnsc.2020.3896,https://doi.org/10.1287/mnsc.2020.3896,https://doi.org/10.1287/mnsc.2020.3896,A*,Q1,0.98908829,83,12.2852,green,https://pure.eur.nl/en/publications/d2d0d5b3-9f96-404c-870d-bfbd8f0f0b3a,published,UniMelb Minerva
Geoffrey Burrows,,11110,Accounting History,World War 2 governmental cost-plus procurement: An Australian case study,2024,3,"Burrows, G; Cobbin, PE; Hronsky, J",10.1177/10323732241258560,https://doi.org/10.1177/10323732241258560,https://doi.org/10.1177/10323732241258560,A,Q1,0.16938641,0,0.0,hybrid,https://doi.org/10.1177/10323732241258560,published,UniMelb Minerva
Gil Aharoni,0000-0001-5792-7171,1207,Journal of Accounting Research,Under weighting of Private Information by Top Analysts,2017,3,"Aharoni, G; Einhorn, E; Zeng, Q",10.1111/1475-679x.12152,https://doi.org/10.1111/1475-679x.12152,https://doi.org/10.1111/1475-679x.12152,A*,Q1,0.89602211,19,2.1693,closed,,published,UniMelb Minerva
Hae Won (Henny) Jung,0000-0002-7268-7505,8445,Financial Management,Watch Your Basket - to Determine CEO Compensation,2019,4,"Galpin, N; Jung, HWH; Moore, L; Volkova, E",10.1111/fima.12243,https://doi.org/10.1111/fima.12243,https://doi.org/10.1111/fima.12243,A*,Q1,0.00701536,0,0.0,closed,,published,UniMelb Minerva
Hoonsuk Park,0000-0003-1271-4804,158952,Journal of Financial Economics,"Firm uncertainty and households: Spending, savings, and risks",2025,2,"Alfaro, I; Park, H",10.1016/j.jfineco.2025.104143,https://doi.org/10.1016/j.jfineco.2025.104143,https://doi.org/10.1016/j.jfineco.2025.104143,A*,Q1,0.94958931,4,5.032,hybrid,https://doi.org/10.1016/j.jfineco.2025.104143,published,UniMelb Minerva
Hung (Harry) Viet Pham,0000-0001-8163-4010,182729,International Review of Economics & Finance,Acquiring divestors,2025,3,"Vo, V; Nguyen, G; Pham, H",10.1016/j.iref.2025.103844,https://doi.org/10.1016/j.iref.2025.103844,https://doi.org/10.1016/j.iref.2025.103844,A,Q1,0.00229513,0,0.0,gold,https://doi.org/10.1016/j.iref.2025.103844,published,UniMelb Minerva
James Brugler,0000-0002-3905-6007,117315,Journal of Financial Economics,Differential access to dark markets and execution outcomes,2025,2,"Brugler, J; Comerton-Forde, C",10.1016/j.jfineco.2025.104086,https://doi.org/10.1016/j.jfineco.2025.104086,https://doi.org/10.1016/j.jfineco.2025.104086,A*,Q1,0.73438633,2,1.0273,hybrid,https://doi.org/10.1016/j.jfineco.2025.104086,published,UniMelb Minerva
James Brugler,0000-0002-3905-6007,117315,Journal of Financial Research,Estimating background risk hedging demands from cross-sectional data,2025,3,"Brugler, J; Inkmann, J; Rizzo, A",10.1111/jfir.12432,https://doi.org/10.1111/jfir.12432,https://doi.org/10.1111/jfir.12432,A,Q2,0.75223026,1,0.6575,hybrid,https://onlinelibrary.wiley.com/doi/pdfdirect/10.1111/jfir.12432,published,UniMelb Minerva
James Brugler,0000-0002-3905-6007,117315,Journal of Financial and Quantitative Analysis,Does Financial Market Structure Affect the Cost of Raising Capital?,2021,3,"Brugler, J; Comerton-Forde, C; Hendershott, T",10.1017/s0022109020000381,https://doi.org/10.1017/s0022109020000381,https://doi.org/10.1017/s0022109020000381,A*,Q1,0.80869528,12,1.0873,green,http://hdl.handle.net/11343/258560,published,UniMelb Minerva
James Brugler,0000-0002-3905-6007,117315,Market Microstructure and Liquidity,The Cross-Sectional Spillovers of Single Stock Circuit Breakers,2018,4,"Brugler, J; Linton, O; Noss, J; Pedace, L",10.1142/s2382626619500084,https://doi.org/10.1142/s2382626619500084,https://doi.org/10.1142/s2382626619500084,B,,0.8136654,6,1.1032,closed,,published,UniMelb Minerva
Jane Hronsky,0000-0002-1987-7668,11236,Accounting History,World War 2 governmental cost-plus procurement: An Australian case study,2024,3,"Burrows, G; Cobbin, PE; Hronsky, J",10.1177/10323732241258560,https://doi.org/10.1177/10323732241258560,https://doi.org/10.1177/10323732241258560,A,Q1,0.16938641,0,0.0,hybrid,https://doi.org/10.1177/10323732241258560,published,UniMelb Minerva
Jane Hronsky,0000-0002-1987-7668,11236,Accounting and Finance,Who pays attention to sustainability reports and why? Evidence from Google search activity,2023,3,"Ferguson, PJ; Hronsky, J; Pinnuck, M",10.1111/acfi.13045,https://doi.org/10.1111/acfi.13045,https://doi.org/10.1111/acfi.13045,A,Q1,0.83795892,9,1.1911,hybrid,https://doi.org/10.1111/acfi.13045,published,UniMelb Minerva
Jennifer Grafton,0000-0003-3545-3870,8626,Management Science,The Influence of Performance Measurement on the Processual Dynamics of Strategic Change,2021,3,"Abernethy, M; Dekker, H; Grafton, J",10.1287/mnsc.2019.3442,https://doi.org/10.1287/mnsc.2019.3442,https://doi.org/10.1287/mnsc.2019.3442,A*,Q1,0.91119299,28,3.0469,green,https://research.vu.nl/en/publications/8049d804-f5fc-4093-94c1-2198c314643a,published,UniMelb Minerva
Jennifer Grafton,0000-0003-3545-3870,8626,Australian Accounting Review,Health Sector Performance Management,2005,2,"LILLIS, A; GRAFTON, J",10.1111/j.1835-2561.2005.tb00297.x,https://doi.org/10.1111/j.1835-2561.2005.tb00297.x,https://doi.org/10.1111/j.1835-2561.2005.tb00297.x,B,Q2,0.46181915,1,0.0,closed,,published,UniMelb Minerva
Joachim Inkmann,0000-0002-5526-7648,10095,Journal of Financial Research,Estimating background risk hedging demands from cross-sectional data,2025,3,"Brugler, J; Inkmann, J; Rizzo, A",10.1111/jfir.12432,https://doi.org/10.1111/jfir.12432,https://doi.org/10.1111/jfir.12432,A,Q2,0.75223026,1,0.6575,hybrid,https://onlinelibrary.wiley.com/doi/pdfdirect/10.1111/jfir.12432,published,UniMelb Minerva
Joachim Inkmann,0000-0002-5526-7648,10095,Journal of Empirical Finance,Aggregate portfolio choice,2024,1,"Inkmann, J",10.1016/j.jempfin.2024.101494,https://doi.org/10.1016/j.jempfin.2024.101494,https://doi.org/10.1016/j.jempfin.2024.101494,A,Q1,0.03946547,0,0.0,hybrid,https://doi.org/10.1016/j.jempfin.2024.101494,published,UniMelb Minerva
John Handley,0000-0003-0734-5119,14958,Journal of Financial Economics,Dividend policy: Reconciling DD with MM,2008,1,"Handley, JC",10.1016/j.jfineco.2007.02.002,https://doi.org/10.1016/j.jfineco.2007.02.002,https://doi.org/10.1016/j.jfineco.2007.02.002,A*,Q1,0.90776323,21,1.7382,closed,,published,UniMelb Minerva
John Handley,0000-0003-0734-5119,14958,Accounting and Finance,Re-examination of the historical equity risk premium in Australia,2008,3,"Brailsford, T; Handley, JC; Maheswaran, K",10.1111/j.1467-629x.2007.00231.x,https://doi.org/10.1111/j.1467-629x.2007.00231.x,https://doi.org/10.1111/j.1467-629x.2007.00231.x,A,Q1,0.99403453,52,27.7976,closed,,published,UniMelb Minerva
John Handley,0000-0003-0734-5119,14958,Review of Derivatives Research,On the upper bound of a call option,2005,1,"Handley, JC",10.1007/s11147-005-0381-6,https://doi.org/10.1007/s11147-005-0381-6,https://doi.org/10.1007/s11147-005-0381-6,B,Q3,0.23126632,2,0.0,closed,,published,UniMelb Minerva
John Handley,0000-0003-0734-5119,14958,Australian Journal of Management,An Empirical Test of the Pricing of VPO Contracts,2003,1,"Handley, JC",10.1177/031289620302800101,https://doi.org/10.1177/031289620302800101,https://doi.org/10.1177/031289620302800101,A,Q1,0.71324442,13,0.368,closed,,published,UniMelb Minerva
Jonathan Black,0000-0001-9805-5672,182928,Review of Quantitative Finance and Accounting,Does fair value accounting affect how banks convey information about future performance? Evidence from SFAS 115,2025,3,"Black, J; Godwin, T; Harris, D",10.1007/s11156-025-01394-5,https://doi.org/10.1007/s11156-025-01394-5,https://doi.org/10.1007/s11156-025-01394-5,B,Q2,0.91585455,2,3.5956,hybrid,https://doi.org/10.1007/s11156-025-01394-5,published,UniMelb Minerva
Jonathan Dark,0000-0002-7688-0193,12012,Journal of Empirical Finance,An adaptive long memory conditional correlation model,2024,1,"Dark, J",10.1016/j.jempfin.2023.101463,https://doi.org/10.1016/j.jempfin.2023.101463,https://doi.org/10.1016/j.jempfin.2023.101463,A,Q1,0.81491027,2,0.5947,hybrid,https://doi.org/10.1016/j.jempfin.2023.101463,published,UniMelb Minerva
Jonathan Dark,0000-0002-7688-0193,12012,The Journal of Futures Markets,Forecasting variance swap payoffs,2022,4,"Dark, J; Gao, X; van der Heijden, T; Nardari, F",10.1002/fut.22371,https://doi.org/10.1002/fut.22371,https://doi.org/10.1002/fut.22371,A,Q2,0.53711978,1,0.2016,hybrid,https://onlinelibrary.wiley.com/doi/pdfdirect/10.1002/fut.22371,published,UniMelb Minerva
Jonathan Dark,0000-0002-7688-0193,12012,The Journal of Futures Markets,The lead of oil price rises on US equity market beliefs and preferences,2021,1,"Dark, J",10.1002/fut.22247,https://doi.org/10.1002/fut.22247,https://doi.org/10.1002/fut.22247,A,Q2,0.81379373,4,0.702,closed,,published,UniMelb Minerva
Jonathan Dark,0000-0002-7688-0193,12012,Techniques in Coloproctology,Factors predicting stomal wound closure infection rates,2013,3,"Mirbagheri, N; Dark, J; Skinner, S",10.1007/s10151-012-0908-4,https://doi.org/10.1007/s10151-012-0908-4,https://doi.org/10.1007/s10151-012-0908-4,,Q1,0.83332346,26,1.6952,green,http://hdl.handle.net/11343/33096,published,UniMelb Minerva
Like Jiang,0000-0003-1704-9751,115447,The Accounting Review,Are Investors Warned by Disclosure of Conflicts of Interest? The Moderating Effect of Investment Horizon,2020,4,"Liu, Y; Huang, Z; Jiang, L; Messier Jr., WF",10.2308/tar-2017-0284,https://doi.org/10.2308/tar-2017-0284,https://doi.org/10.2308/tar-2017-0284,A*,Q1,0.84003281,29,1.6917,green,http://hdl.handle.net/11343/253996,published,UniMelb Minerva
Maggie Singorahardjo,0000-0003-4778-3746,132066,Issues in Accounting Education,The ChatGPT Artificial Intelligence Chatbot: How Well Does It Answer Accounting Assessment Questions?,2023,326,"Wood, DA; Achhpilia, MP; Adams, MT; Aghazadeh, S; Akinyele, K; Akpan, M; Allee, KD; Allen, AM; Almer, ED; Ames, D; Arity, V; Barr-Pulliam, D; Basoglu, KA; Belnap, A; Bentley, JW; Berg, T; Berglund, NR; Berry, E; Bhandari, A; Bhuyan, MNH; Black, PW; Blondeel, E; Bond, D; Bonrath, A; Borthick, AF; Boyle, ES; Bradford, M; Brandon, DM; Brazel, JF; Brockbank, BG; Burger, M; Byzalov, D; Cannon, JN; Caro, C; Carr, AH; Cathey, J; Cating, R; Charron, K; Chavez, S; Chen, J; Chen, JC; Chen, JW; Cheng, C; Cheng, X; Christensen, BE; Church, KS; Cicone, NJ; Constance, P; Cooper, LA; Correia, CL; Coyne, J; Cram, WA; Curtis, A; Daigle, RJ; Dannemiller, S; Davenport, SA; Dawson, GS; De Meyst, KJL; Dell, S; Demirkan, S; Denison, CA; Desai, H; DeSimone, S; Diehl, LM; Dimes, R; Dong, B; Donnelly, A; du Pon, A; Duan, HK; Duffey, A; Dunn, RT; Durkin, MP; Dzuranin, AC; Eberle, RM; Ege, MS; El Mahdy, D; Esplin, A; Eulerich, M; Everaert, P; Farah, N; Farish, L; Favere-Marchesi, M; Fayard, D; Filosa, JR; Ford, M; Franz, DR; Fulmer, BP; Fulmer, S; Furner, ZZ; Gantman, S; Garner, S; Garrett, J; Geng, X; Golden, J; Goldman, W; Gomez, J; Gooley, M; Granitto, SP; Green, KY; Greenman, CL; Gupta, G; Guymon, RN; Hale, K; Harper, CJ; Hartt, SA; Hawk, H; Hawkins, SR; Hawkins, EM; Hay, DC; Heinzelmann, R; Henderson, CD; Hendricks, BE; Heninger, WG; Hill, MS; Holden, N; Holderness, DK; Holt, TP; Hoopes, JL; Hsieh, S-F; Huang, F; Huang, H-W; Huang, T-C; Huels, BW; Hunter, K; Hurley, PJ; Inger, K; Islam, S; Ison, I; Issa, H; Jackson, AB; Jackson, SC; Janvrin, DJ; Jimenez, PD; Johanson, D; Judd, JS; Kawada, BS; Kelton, AS; Kern, S; Kerr, JN; Keune, MB; Kim, M; Knox, BD; Kogan, G; Kotb, A; Krane, R; Kremin, J; Krieg, KS; Kugel, J; Kulset, EM; Kuruppu, C; LaDuca, G; Lamberton, BA; Lamboy-Ruiz, MA; Lang, B; Larocque, SA; Larson, MP; Lawson, BP; Lawson, JG; Lee, L; Lenk, MM; Li-Kuehne, M; Liljegren, J; Lin, Y-H; Liu, W-P; Liu, Z; Lock, B; Long, JH; Loraas, T; Lowensohn, S; Loy, TR; Lyngstadaas, H; Maas, W; MacGregor, JE; Madsen, DØ; Malone, CL; Margolin, M; Marshall, ME; Martin, RM; Mpofu, CM; McCoy, C; McGuigan, NC; McSwain, DN; Meckfessel, MD; Mellon, MJ; Melton, OS; Mercado, JM; Mitsuda, S; Modugu, K; Moehrle, S; Chaghervand, AM; Moffitt, K; Moon, JS; Muehlmann, B; Murray, J; Mwaungulu, ES; Myers, N; Naegle, JC; Ndicu, MJ; Nelson, AS; Nguyen, AL; Niederkofler, T; Nikbakht, E; O'Brien, AD; Ogunade, KM; O'Leary, D; Oler, MJ; Oler, DK; Olsen, KJ; Otalor, JI; Outlaw, KW; Ozlanski, ME; Parlier, J; Paterson, JS; Pearson, CA; Petersen, MJ; Petra, ST; Pickard, MD; Pickerd, J; Pinsker, R; Plante, C; Plečnik, JM; Price, RA; Quick, LA; Raedy, J; Raschke, R; Ravenscraft, J; Richardson, V; Rixom, BA; Robertson, JF; Rock, I; Romney, MA; Rozario, A; Ruff, MF; Rupley, K; Saeedi, A; Saiewitz, A; Salzsieder, LW; Sarkar, S; Saulls, M; Scanlan, TA; Schaefer, TJ; Schaupp, D; Schneider, GP; Seebeck, A; Sellers, RD; Seto, SC; Sevel, R-L; Shan, Y; Sherwood, MG; Singorahardjo, M; Skaftadottir, HK; Skomra, J; Smith, JL; Smith, DO; Smith, J; Snow, MC; Sommerfeldt, RD; Sorensen, KB; Sorensen, TL; Spieler, AC; Stallings, MA; Stallings, L; Stancill, A; Stanley, JD; Stefaniak, CM; Stephens, NM; Stewart, BW; Stratopoulos, TC; Street, DA; Subedi, M; Summers, SL; Sundkvist, CH; Synn, C; Tadesse, A; Tapis, GP; Tassin, K; Taylor, S; Teal, M; Teeter, R; Tharapos, M; Theis, JC; Thomas, J; Thompson, KS; Thornock, TA; Tietz, W; Travalent, AM; Trinkle, BS; Truelson, JM; Turner, MC; Vagner, B; Vakilzadeh, H; van der Geest, J; van Pelt, V; Vandervelde, SD; Vega, J; Vera-Muñoz, S; Villanueva, B; Vincent, NE; Wagener, M; Walton, S; Warne, RC; Watanabe, OV; Watson, D; Watson, MW; Weber, J; Weirich, T; West, AN; Wilford, AL; Wilson, AB; Winrow, B; Winrow, T; Winrow, TS; Wiseman, D; Witte, AL; Wood, BD; Wood, J; Woolley, D; Wright, NS; Wu, J; Xiong, X; Yatsenko, D; Yazzie, CE; Young, GM; Zhang, C; Zimmerman, AB; Zoet, E",10.2308/issues-2023-013,https://doi.org/10.2308/issues-2023-013,https://doi.org/10.2308/issues-2023-013,A,Q2,0.99785717,121,29.5247,green,https://pure.eur.nl/en/publications/4b4e63da-d144-4e62-9d69-6785ac220eb6,published,UniMelb Minerva
Maggie Singorahardjo,0000-0003-4778-3746,132066,Accounting Research Journal,Preparing graduates with the employability skills for the unknown future: reflection on assessment practice during COVID-19,2020,3,"Dyki, M; Singorahardjo, M; Cotronei-Baird, VS",10.1108/arj-09-2020-0285,https://doi.org/10.1108/arj-09-2020-0285,https://doi.org/10.1108/arj-09-2020-0285,B,Q2,0.97405019,24,7.3497,green,http://hdl.handle.net/11343/252771,published,UniMelb Minerva
Margaret Abernethy,0000-0002-1244-7593,4757,Review of Accounting Studies,"Altruism, social norms, and incentive contract design",2023,4,"Abernethy, MA; Bouwens, J; Hofmann, C; van Lent, L",10.1007/s11142-021-09649-x,https://doi.org/10.1007/s11142-021-09649-x,https://doi.org/10.1007/s11142-021-09649-x,A*,Q1,0.92254249,19,3.1797,hybrid,https://link.springer.com/content/pdf/10.1007/s11142-021-09649-x.pdf,published,UniMelb Minerva
Margaret Abernethy,0000-0002-1244-7593,4757,"Accounting, Organizations and Society",Manager ‘Growth Mindset’ and Resource Management Practices,2021,4,"Abernethy, M; Anderson, SW; Nair, S; Jiang, Y",10.1016/j.aos.2020.101200,https://doi.org/10.1016/j.aos.2020.101200,https://doi.org/10.1016/j.aos.2020.101200,A*,Q1,0.88680966,28,2.3551,closed,,published,UniMelb Minerva
Margaret Abernethy,0000-0002-1244-7593,4757,Management Science,The Influence of Performance Measurement on the Processual Dynamics of Strategic Change,2021,3,"Abernethy, M; Dekker, H; Grafton, J",10.1287/mnsc.2019.3442,https://doi.org/10.1287/mnsc.2019.3442,https://doi.org/10.1287/mnsc.2019.3442,A*,Q1,0.91119299,28,3.0469,green,https://research.vu.nl/en/publications/8049d804-f5fc-4093-94c1-2198c314643a,published,UniMelb Minerva
Margaret Abernethy,0000-0002-1244-7593,4757,Management Science,Expertise and Discretionary Bonus Decisions,2020,3,"Abernethy, M; Hung, CY; VAN LENT, L",10.1287/mnsc.2018.3172,https://doi.org/10.1287/mnsc.2018.3172,https://doi.org/10.1287/mnsc.2018.3172,A*,Q1,0.91476496,19,3.0083,green,http://hdl.handle.net/11343/214531,published,UniMelb Minerva
Margaret Abernethy,0000-0002-1244-7593,4757,The Accounting Review,"Group Identity, Performance Transparency, and Employee Performance",2020,3,"Shang, R; Abernethy, M; Hung, C-Y",10.2308/accr-52652,https://doi.org/10.2308/accr-52652,https://doi.org/10.2308/accr-52652,A*,Q1,0.93599493,51,3.9033,green,http://hdl.handle.net/11343/258719,published,UniMelb Minerva
Margaret Abernethy,0000-0002-1244-7593,4757,Contemporary Accounting Research,"The Relation between Strategy, CEO Selection, and Firm Performance",2019,3,"Kuang, Y; Abernethy, MA; Qin, B",10.1111/1911-3846.12463,https://doi.org/10.1111/1911-3846.12463,https://doi.org/10.1111/1911-3846.12463,A*,Q1,0.97055166,68,7.9317,green,https://papers.ssrn.com/sol3/papers.cfm?abstract_id=3225219,published,UniMelb Minerva
Margaret Abernethy,0000-0002-1244-7593,4757,Management Accounting Research,Leadership and control system design,2010,3,"Abernethy, MA; Bouwens, J; van Lent, L",10.1016/j.mar.2009.10.002,https://doi.org/10.1016/j.mar.2009.10.002,https://doi.org/10.1016/j.mar.2009.10.002,A*,Q1,0.9761606,198,8.7194,closed,,published,UniMelb Minerva
Margaret Abernethy,0000-0002-1244-7593,4757,Management Accounting Research,A multi-method approach to building causal performance maps from expert knowledge,2005,5,"Abernethy, MA; Horne, M; Lillis, AM; Malina, MA; Selto, FH",10.1016/j.mar.2005.03.003,https://doi.org/10.1016/j.mar.2005.03.003,https://doi.org/10.1016/j.mar.2005.03.003,A*,Q1,0.96935222,128,7.761,closed,,published,UniMelb Minerva
Margaret Abernethy,0000-0002-1244-7593,4757,The Accounting Review,Determinants of control system design in divisionalized firms,2004,3,"Abernethy, MA; Bouwens, J; Van Lent, L",10.2308/accr.2004.79.3.545,https://doi.org/10.2308/accr.2004.79.3.545,https://doi.org/10.2308/accr.2004.79.3.545,A*,Q1,0.98744395,345,12.496,green,https://papers.ssrn.com/sol3/Delivery.cfm/SSRN_ID1980711_code329350.pdf?abstractid=502422,published,UniMelb Minerva
Margaret Abernethy,0000-0002-1244-7593,4757,"Accounting, Organizations and Society","Power, organization design and managerial behaviour",2004,2,"Abernethy, MA; Vagnoni, E",10.1016/s0361-3682(03)00049-7,https://doi.org/10.1016/s0361-3682(03)00049-7,https://doi.org/10.1016/s0361-3682(03)00049-7,A*,Q1,0.96283597,228,6.2227,closed,,published,UniMelb Minerva
Marina Gertsberg,0000-0003-4682-3654,169936,Journal of Cultural Economics,An empirical analysis of price differences for male and female artists in the global art market,2022,3,"Bocart, FYRP; Gertsberg, M; Pownall, RAJ",10.1007/s10824-020-09403-2,https://doi.org/10.1007/s10824-020-09403-2,https://doi.org/10.1007/s10824-020-09403-2,A,Q1,0.99696266,33,37.9153,hybrid,https://link.springer.com/content/pdf/10.1007/s10824-020-09403-2.pdf,published,UniMelb Minerva
Marina Gertsberg,0000-0003-4682-3654,169936,European Economic Review,Evolution of a dealer trading network and its effects on art auction prices,2022,4,"De Silva, DG; Gertsberg, M; Kosmopoulou, G; Pownall, RAJ",10.1016/j.euroecorev.2022.104083,https://doi.org/10.1016/j.euroecorev.2022.104083,https://doi.org/10.1016/j.euroecorev.2022.104083,A*,Q1,0.99444759,18,25.3805,hybrid,https://www.sciencedirect.com/science/article/pii/S0014292122000319/pdf,published,UniMelb Minerva
Martin Weisner,0000-0003-1702-6277,127594,Accounting and Finance,Can multitasking influence professional scepticism?,2021,3,"Fehrenbacher, DD; Triki, A; Weisner, MM",10.1111/acfi.12627,https://doi.org/10.1111/acfi.12627,https://doi.org/10.1111/acfi.12627,A,Q1,0.0202874,2,0.0,green,https://digitalcommons.uri.edu/cba_facpubs/395,published,UniMelb Minerva
Matthew Pinnuck,0000-0002-7743-5796,94,Review of Accounting Studies,Why did the Big Four get so large? Evidence from Australia,2025,3,"Ferguson, C; Pinnuck, M; Skinner, DJ",10.1007/s11142-025-09871-x,https://doi.org/10.1007/s11142-025-09871-x,https://doi.org/10.1007/s11142-025-09871-x,A*,Q1,0.99837233,8,51.8155,hybrid,https://link.springer.com/content/pdf/10.1007/s11142-025-09871-x.pdf,published,UniMelb Minerva
Matthew Pinnuck,0000-0002-7743-5796,94,Accounting and Finance,Who pays attention to sustainability reports and why? Evidence from Google search activity,2023,3,"Ferguson, PJ; Hronsky, J; Pinnuck, M",10.1111/acfi.13045,https://doi.org/10.1111/acfi.13045,https://doi.org/10.1111/acfi.13045,A,Q1,0.83795892,9,1.1911,hybrid,https://doi.org/10.1111/acfi.13045,published,UniMelb Minerva
Matthew Pinnuck,0000-0002-7743-5796,94,The Economic Record,Superstar Productivity and Pay: Evidence from the Australian Football League,2022,2,"Ferguson, PJ; Pinnuck, M",10.1111/1475-4932.12665,https://doi.org/10.1111/1475-4932.12665,https://doi.org/10.1111/1475-4932.12665,A,Q2,0.87080301,9,1.5292,hybrid,https://onlinelibrary.wiley.com/doi/pdfdirect/10.1111/1475-4932.12665,published,UniMelb Minerva
Matthew Pinnuck,0000-0002-7743-5796,94,Australian Accounting Review,Enhancing the Interface between Standard-setters and Academic Research,2021,2,"Pinnuck, M; Stevenson, K",10.1111/auar.12343,https://doi.org/10.1111/auar.12343,https://doi.org/10.1111/auar.12343,B,Q2,0.90073785,10,2.7321,closed,,published,UniMelb Minerva
Matthew Pinnuck,0000-0002-7743-5796,94,Contemporary Accounting Research,"Restatement of CSR Reports: Frequency, Magnitude, and Determinants*",2021,4,"Pinnuck, M; Ranasinghe, A; Soderstrom, N; Zhou, J",10.1111/1911-3846.12666,https://doi.org/10.1111/1911-3846.12666,https://doi.org/10.1111/1911-3846.12666,A*,Q1,0.97292913,82,8.0335,closed,,published,UniMelb Minerva
Matthew Pinnuck,0000-0002-7743-5796,94,Abacus,Is Financial Reporting Still Useful? Australian Evidence,2019,4,"Davern, M; Gyles, N; Hanlon, D; Pinnuck, M",10.1111/abac.12152,https://doi.org/10.1111/abac.12152,https://doi.org/10.1111/abac.12152,A,Q2,0.97773254,43,9.5101,closed,,published,UniMelb Minerva
Matthew Pinnuck,0000-0002-7743-5796,94,Accounting and Finance,Keeping it private: financial reporting by large proprietary companies in Australia,2019,4,"Potter, B; Pinnuck, M; Tanewski, G; Wright, S",10.1111/acfi.12436,https://doi.org/10.1111/acfi.12436,https://doi.org/10.1111/acfi.12436,A,Q1,0.89252237,6,2.4809,green,https://figshare.com/articles/journal_contribution/Keeping_it_private_financial_reporting_by_large_proprietary_companies_in_Australia/20769424,published,UniMelb Minerva
Matthew Pinnuck,0000-0002-7743-5796,94,The Accounting Review,Auditor Style and Financial Statement Comparability,2014,3,"Francis, JR; Pinnuck, ML; Watanabe, O",10.2308/accr-50642,https://doi.org/10.2308/accr-50642,https://doi.org/10.2308/accr-50642,A*,Q1,0.9925978,365,21.5902,closed,,published,UniMelb Minerva
Matthew Pinnuck,0000-0002-7743-5796,94,Accounting and Finance,Are active fund managers collectors of private information or fast interpreters of public information?,2010,3,"Gallagher, DR; Looi, A; Pinnuck, M",10.1111/j.1467-629x.2010.00341.x,https://doi.org/10.1111/j.1467-629x.2010.00341.x,https://doi.org/10.1111/j.1467-629x.2010.00341.x,A,Q1,0.8296579,17,1.0362,closed,,published,UniMelb Minerva
Matthew Pinnuck,0000-0002-7743-5796,94,International Journal of Accounting Information Systems,Speculation and e-commerce: The long and the short of IT,2010,4,"Ferguson, C; Finn, F; Hall, J; Pinnuck, M",10.1016/j.accinf.2009.12.001,https://doi.org/10.1016/j.accinf.2009.12.001,https://doi.org/10.1016/j.accinf.2009.12.001,A,Q1,0.79084737,11,0.6955,closed,,published,UniMelb Minerva
Matthew Pinnuck,0000-0002-7743-5796,94,The Accounting Review,Profits versus Losses: Does Reporting an Accounting Loss Act as a Heuristic Trigger to Exercise the Abandonment Option and Divest Employees?,2007,2,"PINNUCK, M; LILLIS, A",10.2308/accr.2007.82.4.1031,https://doi.org/10.2308/accr.2007.82.4.1031,https://doi.org/10.2308/accr.2007.82.4.1031,A*,Q1,0.96747512,352,7.5357,green,https://autopapers.ssrn.com/sol3/papers.cfm?abstract_id=997968,published,UniMelb Minerva
Matthew Pinnuck,0000-0002-7743-5796,94,Journal of Business Finance & Accounting,Seasonality in fund performance: An examination of the portfolio holdings and trades of investment managers,2006,2,"Gallagher, DR; Pinnuck, M",10.1111/j.1468-5957.2006.00018.x,https://doi.org/10.1111/j.1468-5957.2006.00018.x,https://doi.org/10.1111/j.1468-5957.2006.00018.x,A*,Q1,0.88289567,21,1.8356,closed,,published,UniMelb Minerva
Matthew Pinnuck,0000-0002-7743-5796,94,Australian Journal of Management,Top Management Turnover: An Examination of Portfolio Holdings and Fund Performance,2006,3,"Gallagher, DR; Nadarajah, P; Pinnuck, M",10.1177/031289620603100205,https://doi.org/10.1177/031289620603100205,https://doi.org/10.1177/031289620603100205,A,Q1,0.79934189,13,0.7342,closed,,published,UniMelb Minerva
Matthew Pinnuck,0000-0002-7743-5796,94,Journal of Financial and Quantitative Analysis,An Examination of the Performance of the Trades and Stock Holdings of Fund Managers: Further Evidence,2003,1,"Pinnuck, M",10.2307/4126744,https://doi.org/10.2307/4126744,https://doi.org/10.2307/4126744,A*,Q1,0.97836371,94,9.9319,closed,,published,UniMelb Minerva
Maurice McCourt,0000-0002-1808-8675,141610,Journal of Financial Research,Permanent private equity: Market performance and transactions,2022,1,"McCourt, M",10.1111/jfir.12277,https://doi.org/10.1111/jfir.12277,https://doi.org/10.1111/jfir.12277,A,Q2,0.82179287,5,1.3823,hybrid,https://onlinelibrary.wiley.com/doi/pdfdirect/10.1111/jfir.12277,published,UniMelb Minerva
Michael Davern,0000-0002-9572-812X,4743,Business & Information Systems Engineering,Addressing the Contemporary Challenges of Business Process Compliance: The Case for Process Mining in the Banking Industry,2026,4,"Adams, N; Augusto, A; Davern, M; Rosa, ML",10.1007/s12599-025-00929-3,https://doi.org/10.1007/s12599-025-00929-3,https://doi.org/10.1007/s12599-025-00929-3,A,Q1,0.86442949,2,2.0095,hybrid,https://link.springer.com/content/pdf/10.1007/s12599-025-00929-3.pdf,published,UniMelb Minerva
Michael Davern,0000-0002-9572-812X,4743,Australasian Journal of Information Systems,Celebrations and Reflections in Pursuit of Impact,2025,2,"Davern, M; Black, S",10.3127/ajis.v29.6415,https://doi.org/10.3127/ajis.v29.6415,https://doi.org/10.3127/ajis.v29.6415,A,Q2,,0,,diamond,https://ajis.aaisnet.org/index.php/ajis/article/download/6415/1548,published,UniMelb Minerva
Michael Davern,0000-0002-9572-812X,4743,Australasian Journal of Information Systems,Explanations as Discourse: Towards Ethical Big Data Analytics Services,2020,3,"Afrashteh, S; Someh, I; Davern, M",10.3127/ajis.v24i0.2519,https://doi.org/10.3127/ajis.v24i0.2519,https://doi.org/10.3127/ajis.v24i0.2519,A,Q2,0.04046272,1,0.0,diamond,https://journal.acs.org.au/index.php/ajis/article/download/2519/925,published,UniMelb Minerva
Michael Davern,0000-0002-9572-812X,4743,Abacus,Is Financial Reporting Still Useful? Australian Evidence,2019,4,"Davern, M; Gyles, N; Hanlon, D; Pinnuck, M",10.1111/abac.12152,https://doi.org/10.1111/abac.12152,https://doi.org/10.1111/abac.12152,A,Q2,0.97773254,43,9.5101,closed,,published,UniMelb Minerva
Michael Davern,0000-0002-9572-812X,4743,Decision Support Systems,Knowledge matters: Restrictiveness and performance with decision support,2010,2,"Davern, MJ; Kamis, A",10.1016/j.dss.2010.04.001,https://doi.org/10.1016/j.dss.2010.04.001,https://doi.org/10.1016/j.dss.2010.04.001,A*,Q1,0.93902365,13,3.4786,closed,,published,UniMelb Minerva
Michael Davern,0000-0002-9572-812X,4743,International Journal of Accounting Information Systems,Towards an integrated view of IT value measurement,2010,2,"Davern, MJ; Wilkin, CL",10.1016/j.accinf.2009.12.005,https://doi.org/10.1016/j.accinf.2009.12.005,https://doi.org/10.1016/j.accinf.2009.12.005,A,Q1,0.97954003,49,10.9396,closed,,published,UniMelb Minerva
Michael Davern,0000-0002-9572-812X,4743,Information Technology & People,Why did they do that? Variability in routine transactions,2009,2,"Davern, MJ; Wilkin, CL",10.1108/09593840910937517,https://doi.org/10.1108/09593840910937517,https://doi.org/10.1108/09593840910937517,A,Q1,0.83424245,2,0.7006,closed,,published,UniMelb Minerva
Michael Davern,0000-0002-9572-812X,4743,Decision Support Systems,Diagnosing decision quality,2008,3,"Davern, MJ; Mantena, R; Stohr, EA",10.1016/j.dss.2007.12.012,https://doi.org/10.1016/j.dss.2007.12.012,https://doi.org/10.1016/j.dss.2007.12.012,A*,Q1,0.75900721,31,1.0409,closed,,published,UniMelb Minerva
Michael Davern,0000-0002-9572-812X,4743,International Journal of Accounting Information Systems,Measuring the effects of business intelligence systems: The relationship between business process and organizational performance,2008,3,"Elbashir, MZ; Collier, PA; Davern, MJ",10.1016/j.accinf.2008.03.001,https://doi.org/10.1016/j.accinf.2008.03.001,https://doi.org/10.1016/j.accinf.2008.03.001,A,Q1,0.99671571,521,21.9337,closed,,published,UniMelb Minerva
Naomi Soderstrom,0000-0001-7602-9182,5569,Journal of Accounting and Public Policy,Are climate scenario analysis disclosures valued by investors?,2025,4,"Ding, T; Jona, J; Potter, B; Soderstrom, N",10.1016/j.jaccpubpol.2025.107313,https://doi.org/10.1016/j.jaccpubpol.2025.107313,https://doi.org/10.1016/j.jaccpubpol.2025.107313,A*,Q1,0.9863856,8,14.2641,hybrid,https://doi.org/10.1016/j.jaccpubpol.2025.107313,published,UniMelb Minerva
Naomi Soderstrom,0000-0001-7602-9182,5569,Australian Journal of Management,Does ESG information draw more visual attention than financial information?,2025,2,"Fehrenbacher, DD; Soderstrom, NS",10.1177/03128962251319724,https://doi.org/10.1177/03128962251319724,https://doi.org/10.1177/03128962251319724,A,Q1,0.84992362,2,2.0794,hybrid,https://doi.org/10.1177/03128962251319724,published,UniMelb Minerva
Naomi Soderstrom,0000-0001-7602-9182,5569,Meditari Accountancy Research,Professional financial statement users’ perceived value of carbon accounting disclosures and decision context,2023,3,"Coram, P; Potter, B; Soderstrom, N",10.1108/medar-02-2021-1193,https://doi.org/10.1108/medar-02-2021-1193,https://doi.org/10.1108/medar-02-2021-1193,A,Q1,0.79041428,7,0.8542,closed,,published,UniMelb Minerva
Naomi Soderstrom,0000-0001-7602-9182,5569,Australian Accounting Review,"Asbestos Contamination: Governance and Financial Reporting Issues in the Public, Private and Not-for-profit Sectors",2021,4,"McGregor, W; Potter, B; Soderstrom, N; Stevenson, K",10.1111/auar.12350,https://doi.org/10.1111/auar.12350,https://doi.org/10.1111/auar.12350,B,Q2,0.81714751,4,0.7027,closed,,published,UniMelb Minerva
Naomi Soderstrom,0000-0001-7602-9182,5569,Contemporary Accounting Research,Reporting Bias and Monitoring in Clean Development Mechanism Projects,2021,3,"Chen, H; Letmathe, P; Soderstrom, N",10.1111/1911-3846.12609,https://doi.org/10.1111/1911-3846.12609,https://doi.org/10.1111/1911-3846.12609,A*,Q1,0.90639801,13,1.807,hybrid,https://onlinelibrary.wiley.com/doi/pdfdirect/10.1111/1911-3846.12609,published,UniMelb Minerva
Naomi Soderstrom,0000-0001-7602-9182,5569,Contemporary Accounting Research,"Restatement of CSR Reports: Frequency, Magnitude, and Determinants*",2021,4,"Pinnuck, M; Ranasinghe, A; Soderstrom, N; Zhou, J",10.1111/1911-3846.12666,https://doi.org/10.1111/1911-3846.12666,https://doi.org/10.1111/1911-3846.12666,A*,Q1,0.97292913,82,8.0335,closed,,published,UniMelb Minerva
Naomi Soderstrom,0000-0001-7602-9182,5569,Journal of Corporate Finance,Air pollution and analyst information production,2020,3,"Li, CK; Luo, J-H; Soderstrom, NS",10.1016/j.jcorpfin.2019.101536,https://doi.org/10.1016/j.jcorpfin.2019.101536,https://doi.org/10.1016/j.jcorpfin.2019.101536,A*,Q1,0.97109036,64,7.7646,green,http://hdl.handle.net/11343/241656,published,UniMelb Minerva
Naomi Soderstrom,0000-0001-7602-9182,5569,Journal of Management Accounting Research,Heaping of Executive Compensation,2020,3,"Jorgensen, BN; Patrick, PH; Soderstrom, NS",10.2308/jmar-52477,https://doi.org/10.2308/jmar-52477,https://doi.org/10.2308/jmar-52477,A*,Q1,0.82383255,7,1.2405,green,http://hdl.handle.net/11343/241655,published,UniMelb Minerva
Nasser Spear,0000-0002-6073-3092,15033,The International Journal of Accounting,The decision relevance and timeliness of accounting earnings in Saudi Arabia,2004,2,"Al-Sehali, M; Spear, N",10.1016/j.intacc.2004.02.004,https://doi.org/10.1016/j.intacc.2004.02.004,https://doi.org/10.1016/j.intacc.2004.02.004,A,Q2,0.86454392,34,0.7823,closed,,published,UniMelb Minerva
Nitin Yadav,0000-0003-0132-1028,127160,Communications Psychology,Acute stress impairs decision-making at varying levels of decision complexity,2025,3,"Doroc, K; Yadav, N; Murawski, C",10.1038/s44271-025-00355-x,https://doi.org/10.1038/s44271-025-00355-x,https://doi.org/10.1038/s44271-025-00355-x,,,0.77066791,2,0.9476,gold,https://www.nature.com/articles/s44271-025-00355-x.pdf,published,UniMelb Minerva
Nitin Yadav,0000-0003-0132-1028,127160,PLoS Computational Biology,Whom do we prefer to learn from in observational reinforcement learning?,2025,4,"Morishita, G; Murawski, C; Yadav, N; Suzuki, S",10.1371/journal.pcbi.1013143,https://doi.org/10.1371/journal.pcbi.1013143,https://doi.org/10.1371/journal.pcbi.1013143,,Q1,0.82580383,1,1.0609,gold,https://journals.plos.org/ploscompbiol/article/file?id=10.1371/journal.pcbi.1013143&type=printable,published,UniMelb Minerva
Nitin Yadav,0000-0003-0132-1028,127160,Review of Finance,Humans in charge of trading robots: The first experiment,2024,6,"Asparouhova, E; Bossaerts, P; Cai, X; Rotaru, K; Yadav, N; Yang, W",10.1093/rof/rfae007,https://doi.org/10.1093/rof/rfae007,https://doi.org/10.1093/rof/rfae007,A*,Q1,0.85137252,6,1.8643,hybrid,https://academic.oup.com/rof/advance-article-pdf/doi/10.1093/rof/rfae007/56991645/rfae007.pdf,published,UniMelb Minerva
Nitin Yadav,0000-0003-0132-1028,127160,Journal of Financial Markets,Price formation in field prediction markets: The wisdom in the crowd,2024,9,"Bossaerts, F; Yadav, N; Bossaerts, P; Nash, C; Todd, T; Rudolf, T; Hutchins, R; Ponsonby, A-L; Mattingly, K",10.1016/j.finmar.2023.100881,https://doi.org/10.1016/j.finmar.2023.100881,https://doi.org/10.1016/j.finmar.2023.100881,A*,Q1,0.92863257,7,3.6967,hybrid,https://doi.org/10.1016/j.finmar.2023.100881,published,UniMelb Minerva
Nitin Yadav,0000-0003-0132-1028,127160,Journal of Behavioral and Experimental Finance,"Resource allocation, computational complexity, and market design",2024,9,"Bossaerts, P; Bowman, E; Fattinger, F; Huang, H; Lee, M; Murawski, C; Suthakar, A; Tang, S; Yadav, N",10.1016/j.jbef.2024.100906,https://doi.org/10.1016/j.jbef.2024.100906,https://doi.org/10.1016/j.jbef.2024.100906,A,Q1,0.87303466,7,2.0875,hybrid,https://doi.org/10.1016/j.jbef.2024.100906,published,UniMelb Minerva
Nitin Yadav,0000-0003-0132-1028,127160,Scientific Reports,Task-independent metrics of computational hardness predict human cognitive performance,2022,5,"Franco, JP; Doroc, K; Yadav, N; Bossaerts, P; Murawski, C",10.1038/s41598-022-16565-w,https://doi.org/10.1038/s41598-022-16565-w,https://doi.org/10.1038/s41598-022-16565-w,,Q1,0.7934625,13,1.2632,gold,https://www.nature.com/articles/s41598-022-16565-w.pdf,published,UniMelb Minerva
Nitin Yadav,0000-0003-0132-1028,127160,Scientific Reports,Transferring cognitive talent across domains to reduce the disposition effect in investment,2021,4,"Rotaru, K; Kalev, PS; Yadav, N; Bossaerts, P",10.1038/s41598-021-02596-2,https://doi.org/10.1038/s41598-021-02596-2,https://doi.org/10.1038/s41598-021-02596-2,,Q1,0.84597753,12,1.794,gold,https://www.nature.com/articles/s41598-021-02596-2.pdf,published,UniMelb Minerva
Nitin Yadav,0000-0003-0132-1028,127160,Risks,Exploiting Distributional Temporal Difference Learning to Deal with Tail Risk,2020,3,"Bossaerts, P; Huang, S; Yadav, N",10.3390/risks8040113,https://doi.org/10.3390/risks8040113,https://doi.org/10.3390/risks8040113,,Q2,0.20262807,0,0.0,gold,https://www.mdpi.com/2227-9091/8/4/113/pdf?version=1603701175,published,UniMelb Minerva
Nitin Yadav,0000-0003-0132-1028,127160,Philosophical Transactions of the Royal Society of London. Biological Sciences,Uncertainty and computational complexity,2018,3,"Bossaerts, P; Yadav, N; Murawski, C",10.1098/rstb.2018.0138,https://doi.org/10.1098/rstb.2018.0138,https://doi.org/10.1098/rstb.2018.0138,,Q1,0.94924051,57,4.1922,hybrid,https://doi.org/10.1098/rstb.2018.0138,published,UniMelb Minerva
Patrick Ferguson,0000-0003-2376-5463,59488,Accounting and Finance,Who pays attention to sustainability reports and why? Evidence from Google search activity,2023,3,"Ferguson, PJ; Hronsky, J; Pinnuck, M",10.1111/acfi.13045,https://doi.org/10.1111/acfi.13045,https://doi.org/10.1111/acfi.13045,A,Q1,0.83795892,9,1.1911,hybrid,https://doi.org/10.1111/acfi.13045,published,UniMelb Minerva
Patrick Ferguson,0000-0003-2376-5463,59488,The Economic Record,Superstar Productivity and Pay: Evidence from the Australian Football League,2022,2,"Ferguson, PJ; Pinnuck, M",10.1111/1475-4932.12665,https://doi.org/10.1111/1475-4932.12665,https://doi.org/10.1111/1475-4932.12665,A,Q2,0.87080301,9,1.5292,hybrid,https://onlinelibrary.wiley.com/doi/pdfdirect/10.1111/1475-4932.12665,published,UniMelb Minerva
Patrick Ferguson,0000-0003-2376-5463,59488,Journal of Accounting Research,"Less Information, More Comparison, and Better Performance: Evidence from a Field Experiment",2021,3,"Eyring, H; Ferguson, PJ; Koppers, S",10.1111/1475-679x.12362,https://doi.org/10.1111/1475-679x.12362,https://doi.org/10.1111/1475-679x.12362,A*,Q1,0.9551227,27,5.4601,hybrid,https://onlinelibrary.wiley.com/doi/pdfdirect/10.1111/1475-679X.12362,published,UniMelb Minerva
Paul Kofman,0000-0003-0479-5026,6753,Journal of Business Ethics,Scoring the Ethics of AI Robo-Advice: Why We Need Gateways and Ratings,2025,1,"Kofman, P",10.1007/s10551-024-05753-5,https://doi.org/10.1007/s10551-024-05753-5,https://doi.org/10.1007/s10551-024-05753-5,A,Q1,0.97313152,22,7.3694,hybrid,https://link.springer.com/content/pdf/10.1007/s10551-024-05753-5.pdf,published,UniMelb Minerva
Paul Kofman,0000-0003-0479-5026,6753,The Australian Economic Review,The Academic Job Market for (Financial) Economists,2025,1,"Kofman, P",10.1111/1467-8462.12590,https://doi.org/10.1111/1467-8462.12590,https://doi.org/10.1111/1467-8462.12590,B,Q3,0.80446797,1,1.258,hybrid,https://onlinelibrary.wiley.com/doi/pdfdirect/10.1111/1467-8462.12590,published,UniMelb Minerva
Paul Kofman,0000-0003-0479-5026,6753,Journal of Empirical Finance,Increasing correlations or just fat tails?,2008,4,"Campbell, RAJ; Forbes, CS; Koedijk, KG; Kofman, P",10.1016/j.jempfin.2007.01.001,https://doi.org/10.1016/j.jempfin.2007.01.001,https://doi.org/10.1016/j.jempfin.2007.01.001,A,Q1,0.95239776,98,5.014,closed,,published,UniMelb Minerva
Paul Kofman,0000-0003-0479-5026,6753,Journal of Financial Services Research,"Diversification, fee income, and credit union risk",2005,3,"Esho, N; Kofman, P; Sharpe, IG",10.1007/s10693-005-1804-0,https://doi.org/10.1007/s10693-005-1804-0,https://doi.org/10.1007/s10693-005-1804-0,A,Q1,0.92388216,89,2.2085,closed,,published,UniMelb Minerva
Paul Kofman,0000-0003-0479-5026,6753,Journal of Real Estate Research,Intraday REIT liquidity,2005,4,"Bertin, W; Kofman, P; Michayluk, D; Prather, L",10.1080/10835547.2005.12091153,https://doi.org/10.1080/10835547.2005.12091153,https://doi.org/10.1080/10835547.2005.12091153,B,Q2,0.89445146,34,1.9414,green,https://papers.ssrn.com/sol3/Delivery.cfm/SSRN_ID953676_code721772.pdf?abstractid=953676&mirid=1,published,UniMelb Minerva
Paul Kofman,0000-0003-0479-5026,6753,Journal of Financial Econometrics,Using Multiple Imputation in the Analysis of Incomplete Observations in Finance,2003,1,"Kofman, P",10.1093/jjfinec/nbg013,https://doi.org/10.1093/jjfinec/nbg013,https://doi.org/10.1093/jjfinec/nbg013,A*,Q1,0.77543238,41,0.9341,closed,,published,UniMelb Minerva
Paul Kofman,0000-0003-0479-5026,6753,Journal of Business & Economic Statistics,Bayesian arbitrage threshold analysis,1999,3,"Forbes, CS; Kalb, GRJ; Kofman, P",10.2307/1392294,https://doi.org/10.2307/1392294,https://doi.org/10.2307/1392294,A*,Q1,0.83528705,40,1.1005,green,http://hdl.handle.net/11343/159084,published,UniMelb Minerva
Qi Zeng,0000-0003-1228-0794,11502,Journal of Risk and Insurance,Downside Risk Aversion and the Downside Risk Premium,2018,2,"Zeng, Q; Stapleton, RC",10.1111/jori.12241,https://doi.org/10.1111/jori.12241,https://doi.org/10.1111/jori.12241,A,Q1,0.0451987,4,0.0,bronze,https://onlinelibrary.wiley.com/doi/pdfdirect/10.1111/jori.12241,published,UniMelb Minerva
Qi Zeng,0000-0003-1228-0794,11502,Journal of Accounting Research,Under weighting of Private Information by Top Analysts,2017,3,"Aharoni, G; Einhorn, E; Zeng, Q",10.1111/1475-679x.12152,https://doi.org/10.1111/1475-679x.12152,https://doi.org/10.1111/1475-679x.12152,A*,Q1,0.89602211,19,2.1693,closed,,published,UniMelb Minerva
Qi Zeng,0000-0003-1228-0794,11502,Journal of Economic Dynamics and Control,Equilibrium stock return dynamics under alternative rules of learning about hidden states,2004,3,"Brandt, MW; Zeng, Q; Zhang, L",10.1016/j.jedc.2003.09.003,https://doi.org/10.1016/j.jedc.2003.09.003,https://doi.org/10.1016/j.jedc.2003.09.003,A*,Q1,0.93820933,62,3.7609,closed,,published,UniMelb Minerva
Qingbo Yuan,0000-0003-4660-4283,1556,Journal of Business Finance & Accounting,Does stock market liberalization improve stock price efficiency? Evidence from China,2022,4,"Chen, Y; Huang, J; Li, X; Yuan, Q",10.1111/jbfa.12586,https://doi.org/10.1111/jbfa.12586,https://doi.org/10.1111/jbfa.12586,A*,Q1,0.9679472,59,6.0393,closed,,published,UniMelb Minerva
Qingbo Yuan,0000-0003-4660-4283,1556,Journal of Banking & Finance,Gambling preferences and stock price crash risk: Evidence from China,2021,4,"Ji, Q; Quan, X; Yin, H; Yuan, Q",10.1016/j.jbankfin.2021.106158,https://doi.org/10.1016/j.jbankfin.2021.106158,https://doi.org/10.1016/j.jbankfin.2021.106158,A*,Q1,0.99719662,175,24.1561,closed,,published,UniMelb Minerva
Qingbo Yuan,0000-0003-4660-4283,1556,Journal of Banking & Finance,Blurred stars: Mutual fund ratings in the shadow of conflicts of interest,2015,3,"Zeng, Y; Yuan, Q; Zhang, J",10.1016/j.jbankfin.2015.08.029,https://doi.org/10.1016/j.jbankfin.2015.08.029,https://doi.org/10.1016/j.jbankfin.2015.08.029,A*,Q1,0.79532972,7,0.924,closed,,published,UniMelb Minerva
Qingbo Yuan,0000-0003-4660-4283,1556,Corporate Governance: an international review,"State control, legal investor protection, and ownership concentration: Evidence from China",2009,3,"Wu, S; Xu, N; Yuan, Q",10.1111/j.1467-8683.2009.00731.x,https://doi.org/10.1111/j.1467-8683.2009.00731.x,https://doi.org/10.1111/j.1467-8683.2009.00731.x,A,Q1,0.97220751,78,9.1539,closed,,published,UniMelb Minerva
Sean Pinder,0000-0003-3083-6047,321,Journal of Financial Research,Daily entry and exit triggers for open market repurchases,2026,2,"Brown, C; Pinder, S",10.1111/jfir.12470,https://doi.org/10.1111/jfir.12470,https://doi.org/10.1111/jfir.12470,A,Q2,0.14814815,0,0.0,hybrid,https://onlinelibrary.wiley.com/doi/pdfdirect/10.1111/jfir.12470,published,UniMelb Minerva
Sean Pinder,0000-0003-3083-6047,321,Accounting and Finance,Loss aversion and high stakes,2022,2,"Easton, S; Pinder, S",10.1111/acfi.12802,https://doi.org/10.1111/acfi.12802,https://doi.org/10.1111/acfi.12802,A,Q1,0.83678246,4,0.9367,closed,,published,UniMelb Minerva
Sean Pinder,0000-0003-3083-6047,321,Accounting and Finance,Documenting the functional form of dynamic risk-taking behaviour in a real options context using sporting contests,2018,3,"Pinder, S; Easton, S; Stern, S",10.1111/acfi.12298,https://doi.org/10.1111/acfi.12298,https://doi.org/10.1111/acfi.12298,A,Q1,0.15905086,0,0.0,bronze,https://onlinelibrary.wiley.com/doi/pdfdirect/10.1111/acfi.12298,published,UniMelb Minerva
Sean Pinder,0000-0003-3083-6047,321,Accounting and Finance,Narratives in managers' corporate finance decisions,2010,3,"Coleman, L; Maheswaran, K; Pinder, S",10.1111/j.1467-629x.2010.00343.x,https://doi.org/10.1111/j.1467-629x.2010.00343.x,https://doi.org/10.1111/j.1467-629x.2010.00343.x,A,Q1,0.90666276,43,2.0506,closed,,published,UniMelb Minerva
Sean Pinder,0000-0003-3083-6047,321,Pacific-Basin Finance Journal,An empirical investigation of whether Australian capital gains tax reforms influence individual investor behaviour,2007,2,"Hanlon, D; Pinder, S",10.1016/j.pacfin.2006.12.001,https://doi.org/10.1016/j.pacfin.2006.12.001,https://doi.org/10.1016/j.pacfin.2006.12.001,A,Q1,0.90359281,11,1.7429,closed,,published,UniMelb Minerva
Sean Pinder,0000-0003-3083-6047,321,Accounting and Finance,Australian evidence on the determinants and impact of takeover resistance,2005,2,"Maheswaran, K; Pinder, S",10.1111/j.1467-629x.2005.00140.x,https://doi.org/10.1111/j.1467-629x.2005.00140.x,https://doi.org/10.1111/j.1467-629x.2005.00140.x,A,Q1,0.86482265,16,0.6674,closed,,published,UniMelb Minerva
Silvia Zia,0009-0001-9381-1421,178941,PLoS ONE,Factors associated with disability in rural Bangladesh: Bangladesh population-based diabetes and eye study (BPDES),2016,5,"Islam, FMA; Bhowmik, JL; Islam, SZ; Renzaho, AMN; Hiller, JE",10.1371/journal.pone.0165625,https://doi.org/10.1371/journal.pone.0165625,https://doi.org/10.1371/journal.pone.0165625,,Q1,0.93233083,18,3.6982,gold,https://journals.plos.org/plosone/article/file?id=10.1371/journal.pone.0165625&type=printable,published,UniMelb Minerva
Silvia Zia,0009-0001-9381-1421,178941,PLoS ONE,"Factors associated with awareness, attitudes and practices regarding common eye diseases in the general population in a rural district in Bangladesh: The Bangladesh population-based diabetes and eye study (BPDES)",2015,5,"Islam, FMA; Chakrabarti, R; Islam, SZ; Finger, RP; Critchley, C",10.1371/journal.pone.0133043,https://doi.org/10.1371/journal.pone.0133043,https://doi.org/10.1371/journal.pone.0133043,,Q1,0.95491867,113,4.6957,gold,https://journals.plos.org/plosone/article/file?id=10.1371/journal.pone.0133043&type=printable,published,UniMelb Minerva
Stefan Schantl,0000-0002-3777-6756,117320,Review of Accounting Studies,Economic effects of litigation risk on corporate disclosure and innovation,2024,2,"Schantl, SF; Wagenhofer, A",10.1007/s11142-023-09778-5,https://doi.org/10.1007/s11142-023-09778-5,https://doi.org/10.1007/s11142-023-09778-5,A*,Q1,0.96594875,17,6.6441,hybrid,https://link.springer.com/content/pdf/10.1007/s11142-023-09778-5.pdf,published,UniMelb Minerva
Stefan Schantl,0000-0002-3777-6756,117320,Journal of Accounting Research,Financial Reporting and Credit Ratings: On the Effects of Competition in the Rating Industry and Rating Agencies' Gatekeeper Role,2019,2,"Lee, KK; Schantl, SF",10.1111/1475-679x.12264,https://doi.org/10.1111/1475-679x.12264,https://doi.org/10.1111/1475-679x.12264,A*,Q1,0.83012305,14,1.5332,bronze,https://onlinelibrary.wiley.com/doi/pdfdirect/10.1111/1475-679X.12264,published,UniMelb Minerva
Stewart Leech,0000-0001-6956-1357,33361,International Journal of Accounting Information Systems,Can knowledge based systems be designed to counteract deskilling effects?,2023,5,"Arnold, V; Collier, PA; Leech, SA; Rose, JM; Sutton, SG",10.1016/j.accinf.2023.100638,https://doi.org/10.1016/j.accinf.2023.100638,https://doi.org/10.1016/j.accinf.2023.100638,A,Q1,0.96041674,15,6.0271,hybrid,https://doi.org/10.1016/j.accinf.2023.100638,published,UniMelb Minerva
Stewart Leech,0000-0001-6956-1357,33361,MIS Quarterly,The differential use and effect of knowledge-based system explanations in novice and expert judgment decisions,2006,5,"Arnold, V; Clark, N; Collier, PA; Leech, SA; Sutton, SG",10.2307/25148718,https://doi.org/10.2307/25148718,https://doi.org/10.2307/25148718,A*,Q1,0.98642184,170,13.5337,green,https://stars.library.ucf.edu/scopus2000/8823,published,UniMelb Minerva
Stuart Black,0000-0002-5391-256X,164026,International Journal of Accounting Information Systems,Accelerating the future of audit technologies: Introducing the special issue and emphasizing future research directions,2025,2,"Black, S; Gerard, GJ",10.1016/j.accinf.2025.100740,https://doi.org/10.1016/j.accinf.2025.100740,https://doi.org/10.1016/j.accinf.2025.100740,A,Q1,0.95382037,11,5.213,hybrid,https://doi.org/10.1016/j.accinf.2025.100740,published,UniMelb Minerva
Stuart Black,0000-0002-5391-256X,164026,Australasian Journal of Information Systems,Celebrations and Reflections in Pursuit of Impact,2025,2,"Davern, M; Black, S",10.3127/ajis.v29.6415,https://doi.org/10.3127/ajis.v29.6415,https://doi.org/10.3127/ajis.v29.6415,A,Q2,,0,,diamond,https://ajis.aaisnet.org/index.php/ajis/article/download/6415/1548,published,UniMelb Minerva
Stuart Black,0000-0002-5391-256X,164026,International Journal of Information Management,Moving beyond ‘proof points’: Factors underpinning AI-enabled business model transformation,2024,3,"Black, S; Samson, D; Ellis, A",10.1016/j.ijinfomgt.2024.102796,https://doi.org/10.1016/j.ijinfomgt.2024.102796,https://doi.org/10.1016/j.ijinfomgt.2024.102796,A,Q1,0.97598751,23,8.3972,hybrid,https://doi.org/10.1016/j.ijinfomgt.2024.102796,published,UniMelb Minerva
Sujay Nair,0000-0002-1506-6921,1904,Journal of Teaching and Learning,Factors Impacting the Design of Innovative WIL Education,2025,8,"O'Rourke, M; Vesty, G; Magdziarz, S; Mudalige, P; Vitale, C; Bowyer, D; Nair, S; Soltys, S",10.22329/jtl.v19i2.8781,https://doi.org/10.22329/jtl.v19i2.8781,https://doi.org/10.22329/jtl.v19i2.8781,,Q3,0.08952171,0,0.0,diamond,https://jtl.uwindsor.ca/index.php/jtl/article/download/8781/6015,published,UniMelb Minerva
Sujay Nair,0000-0002-1506-6921,1904,"Accounting, Organizations and Society",Manager ‘Growth Mindset’ and Resource Management Practices,2021,4,"Abernethy, M; Anderson, SW; Nair, S; Jiang, Y",10.1016/j.aos.2020.101200,https://doi.org/10.1016/j.aos.2020.101200,https://doi.org/10.1016/j.aos.2020.101200,A*,Q1,0.88680966,28,2.3551,closed,,published,UniMelb Minerva
Tongqing (Tony) Ding,0000-0001-9335-6644,151430,Journal of Accounting and Public Policy,Are climate scenario analysis disclosures valued by investors?,2025,4,"Ding, T; Jona, J; Potter, B; Soderstrom, N",10.1016/j.jaccpubpol.2025.107313,https://doi.org/10.1016/j.jaccpubpol.2025.107313,https://doi.org/10.1016/j.jaccpubpol.2025.107313,A*,Q1,0.9863856,8,14.2641,hybrid,https://doi.org/10.1016/j.jaccpubpol.2025.107313,published,UniMelb Minerva
Vic Naiker,0000-0002-7069-8497,132071,Contemporary Accounting Research,Greater Reliance on Major Customers and Auditor Going Concern Opinions,2020,4,"Dhaliwal, D; Michas, P; Naiker, V; Sharma, D",10.1111/1911-3846.12551,https://doi.org/10.1111/1911-3846.12551,https://doi.org/10.1111/1911-3846.12551,A*,Q1,0.97788509,67,9.3993,green,https://repository.arizona.edu/bitstream/10150/641096/1/Dhaliwal_Michas_Naiker_Sharma_%28Forthcoming%29.pdf,published,UniMelb Minerva
Xue Jia,0000-0002-0843-9259,124963,Production and Operations Management,On the Interaction Between Cheap-Talk Advertising and Credible Product Reviews,2025,2,"Jia, X; Suijs, J",10.1177/10591478241279987,https://doi.org/10.1177/10591478241279987,https://doi.org/10.1177/10591478241279987,A*,Q1,0.19554946,0,0.0,hybrid,https://journals.sagepub.com/doi/pdf/10.1177/10591478241279987?download=true,published,UniMelb Minerva
Xue Jia,0000-0002-0843-9259,124963,Contemporary Accounting Research,On the valuation implications of unbundled disclosure,2025,2,"Jia, X; Suijs, J",10.1111/1911-3846.70010,https://doi.org/10.1111/1911-3846.70010,https://doi.org/10.1111/1911-3846.70010,A*,Q1,0.88121147,1,1.783,hybrid,https://onlinelibrary.wiley.com/doi/pdfdirect/10.1111/1911-3846.70010,published,UniMelb Minerva
Xue Jia,0000-0002-0843-9259,124963,Management Science,"Shareholder Short-Termism, Corporate Control and Voluntary Disclosure",2023,2,"Jia, X; Menon, R",10.1287/mnsc.2022.4357,https://doi.org/10.1287/mnsc.2022.4357,https://doi.org/10.1287/mnsc.2022.4357,A*,Q1,0.89316293,14,2.4896,closed,,published,UniMelb Minerva
Xue Jia,0000-0002-0843-9259,124963,Journal of Accounting and Public Policy,Voluntary versus mandatory disclosure of liability insurance coverage limit,2023,2,"Jia, X; Suijs, J",10.1016/j.jaccpubpol.2022.107029,https://doi.org/10.1016/j.jaccpubpol.2022.107029,https://doi.org/10.1016/j.jaccpubpol.2022.107029,A*,Q1,0.83037683,4,0.8738,hybrid,https://www.sciencedirect.com/science/article/pii/S0278425422000928/pdf,published,UniMelb Minerva
Yun (Tracy) Zhou,0000-0003-0115-3124,195949,Economic Modelling,Intensity of exploitation-exploration innovation strategies and credit ratings,2025,4,"Balachandran, B; Bhagawan, P; Krishnamurti, C; Zhou, Y",10.1016/j.econmod.2025.107169,https://doi.org/10.1016/j.econmod.2025.107169,https://doi.org/10.1016/j.econmod.2025.107169,A,Q1,0.92272158,2,3.566,hybrid,https://doi.org/10.1016/j.econmod.2025.107169,published,UniMelb Minerva
Zhuo Zhong,0000-0001-6251-2552,54898,The Journal of Finance,Nonstandard Errors,2024,100,"Menkveld, AJ; Dreber, A; Holzmeister, F; Huber, J; Johannesson, M; Kirchler, M; Neusüß, S; Razen, M; Weitzel, U; Abad-Díaz, D; Abudy, M; Adrian, T; Ait-Sahalia, Y; Akmansoy, O; Alcock, JT; Alexeev, V; Aloosh, A; Amato, L; Amaya, D; Angel, JJ; Avetikian, AT; Bach, A; Baidoo, E; Bakalli, G; Bao, L; Barbon, A; Bashchenko, O; Bindra, PC; Bjønnes, GH; Black, JR; Black, BS; Bogoev, D; Correa, SB; Bondarenko, O; Bos, CS; Bosch-Rosa, C; Bouri, E; Brownlees, C; Calamia, A; Cao, VN; Capelle-Blancard, G; Romero, LMC; Caporin, M; Carrion, A; Caskurlu, T; Chakrabarty, B; Chen, J; Chernov, M; Cheung, W; Chincarini, LB; Chordia, T; Chow, SC; Clapham, B; Colliard, JE; Comerton-Forde, C; Curran, E; Dao, T; Dare, W; Davies, RJ; Blasis, RD; Nard, GFD; Declerck, F; Deev, O; Degryse, H; Deku, SY; Desagre, C; Dijk, MAV; Dim, C; Dimpfl, T; Dong, YJ; Drummond, PA; Dudda, T; Duevski, T; Dumitrescu, A; Dyakov, T; Dyhrberg, AH; Dzieliński, M; Eksi, A; Kalak, IE; Ellen, ST; Eugster, N; Evans, MDD; Farrell, M; Felez-Vinas, E; Ferrara, G; Ferrouhi, EM; Flori, A; Fluharty-Jaidee, JT; Foley, SDV; Fong, KYL; Foucault, T; Franus, T; Franzoni, F; Frijns, B; Frömmel, M; Fu, SM; Füllbrunn, SC; Gan, B; Gao, G; Gehrig, TP",10.1111/jofi.13337,https://doi.org/10.1111/jofi.13337,https://doi.org/10.1111/jofi.13337,A*,Q1,1.0,103,62.2769,hybrid,https://doi.org/10.1111/jofi.13337,published,UniMelb Minerva
Margaret Abernethy,0000-0002-1244-7593,4757,Journal of Management Accounting Research,Nonfinancial Rewards in Times of Change,2026,3,Sujay Nair; Margaret A. Abernethy; Anne M. Lillis,10.2308/jmar-2023-010,https://doi.org/10.2308/jmar-2023-010,https://doi.org/10.2308/jmar-2023-010,A*,Q1,0.07501617,0,0.0,bronze,https://publications.aaahq.org/jmar/article-pdf/doi/10.2308/JMAR-2023-010/155672/jmar-2023-010.pdf,published,ORCID
Margaret Abernethy,0000-0002-1244-7593,4757,The European Accounting Review,Firm Strategy and CEO−VP Pay Differentials in Equity Compensation,2024,5,Margaret A. Abernethy; Yunhe Dong; Yu Flora Kuang; Bo Qin; Xing Yang,10.1080/09638180.2022.2119153,https://doi.org/10.1080/09638180.2022.2119153,https://doi.org/10.1080/09638180.2022.2119153,A*,Q1,0.75822934,4,0.8299,closed,,published,ORCID
Margaret Abernethy,0000-0002-1244-7593,4757,Journal of Management Accounting Research,A Fortunate Life: 2023 Lifetime Contribution to Management Accounting Award,2023,1,Margaret A. Abernethy,10.2308/jmar-2023-034,https://doi.org/10.2308/jmar-2023-034,https://doi.org/10.2308/jmar-2023-034,A*,Q1,0.63744022,1,0.3893,closed,,published,ORCID
Margaret Abernethy,0000-0002-1244-7593,4757,Journal of Management Accounting Research,Benefits of Independent Agents' Entrepreneurship: Evidence From the Loan Market,2022,4,Chung‐Yu Hung; Margaret A. Abernethy; Christian Hofmann; Laurence van Lent,10.2308/jmar-2020-042,https://doi.org/10.2308/jmar-2020-042,https://doi.org/10.2308/jmar-2020-042,A*,Q1,0.017088,0,0.0,closed,,published,ORCID
Margaret Abernethy,0000-0002-1244-7593,4757,"Accounting, Organizations and Society",Can organizational identification mitigate the CEO horizon problem?,2019,3,Margaret A. Abernethy; Like Jiang; Yu Flora Kuang,10.1016/j.aos.2019.07.002,https://doi.org/10.1016/j.aos.2019.07.002,https://doi.org/10.1016/j.aos.2019.07.002,A*,Q1,0.97057755,48,7.7646,closed,,published,ORCID
Margaret Abernethy,0000-0002-1244-7593,4757,Contemporary Accounting Research,The Role of Performance Measures in the Intertemporal Decisions of Business Unit Managers,2013,3,Margaret A. Abernethy; Jan Bouwens; Laurence van Lent,10.1111/j.1911-3846.2012.01178.x,https://doi.org/10.1111/j.1911-3846.2012.01178.x,https://doi.org/10.1111/j.1911-3846.2012.01178.x,A*,Q1,0.97586012,96,9.0082,closed,,published,ORCID
Margaret Abernethy,0000-0002-1244-7593,4757,The Accounting Review,Controls as Exit Barriers in Multiperiod Outsourcing Arrangements,2011,3,Yee Shih Phua; Margaret A. Abernethy; Anne M. Lillis,10.2308/accr-10100,https://doi.org/10.2308/accr-10100,https://doi.org/10.2308/accr-10100,A*,Q1,0.889812,31,2.322,closed,,published,ORCID
Margaret Abernethy,0000-0002-1244-7593,4757,Management Accounting Research,Organisational design choices in response to public sector reforms: A case study of mandated hospital networks,2011,3,Jennifer Grafton; Margaret A. Abernethy; Anne M. Lillis,10.1016/j.mar.2011.06.001,https://doi.org/10.1016/j.mar.2011.06.001,https://doi.org/10.1016/j.mar.2011.06.001,A*,Q1,0.97096774,83,7.1477,green,https://papers.ssrn.com/sol3/papers.cfm?abstract_id=1959727,published,ORCID
Margaret Abernethy,0000-0002-1244-7593,4757,Australian Accounting Review,Accounting for intangible investments,2008,2,Anne Wyatt; Margaret A. Abernethy,10.1111/j.1835-2561.2008.0012.x,https://doi.org/10.1111/j.1835-2561.2008.0012.x,https://doi.org/10.1111/j.1835-2561.2008.0012.x,B,Q2,0.93537132,28,2.8059,closed,,published,ORCID
Margaret Abernethy,0000-0002-1244-7593,4757,Abacus,Determinants of accounting innovation implementation,2005,2,Margaret A. Abernethy; Jan Bouwens,10.1111/j.1467-6281.2005.00180.x,https://doi.org/10.1111/j.1467-6281.2005.00180.x,https://doi.org/10.1111/j.1467-6281.2005.00180.x,A,Q2,0.94386897,167,4.8304,green,https://papers.ssrn.com/sol3/Delivery.cfm/abac_180.pdf?abstractid=814152&mirid=1&type=2,published,ORCID
Margaret Abernethy,0000-0002-1244-7593,4757,Management Accounting Research,Product diversity and costing system design choice: Field study evidence,2001,4,Margaret A. Abernethy; Anne M. Lillis; Peter B. Brownell; Paul M. Carter,10.1006/mare.2001.0168,https://doi.org/10.1006/mare.2001.0168,https://doi.org/10.1006/mare.2001.0168,A*,Q1,0.89530788,94,2.5849,closed,,published,ORCID
Margaret Abernethy,0000-0002-1244-7593,4757,Accounting and Finance,Accounting and Finance: From the editor,2000,,,10.1111/1467-629x.00031,https://doi.org/10.1111/1467-629x.00031,https://doi.org/10.1111/1467-629x.00031,A,Q1,,,,,,published,ORCID
Margaret Abernethy,0000-0002-1244-7593,4757,Accounting and Finance,Research in managerial accounting: Learning from others' experiences: 'The scientist has no other method than doing his damnedest',1999,4,Margaret A. Abernethy; Wai Fong Chua; Peter F. Luckett; Frank H. Selto,10.1111/1467-629x.00015,https://doi.org/10.1111/1467-629x.00015,https://doi.org/10.1111/1467-629x.00015,A,Q1,0.70311142,89,0.5232,green,https://papers.ssrn.com/sol3/papers.cfm?abstract_id=179576,published,ORCID
Margaret Abernethy,0000-0002-1244-7593,4757,"Accounting, Organizations and Society",The role of budgets in organizations facing strategic change: An exploratory study,1999,2,Margaret A. Abernethy; Peter B. Brownell,10.1016/s0361-3682(98)00059-2,https://doi.org/10.1016/s0361-3682(98)00059-2,https://doi.org/10.1016/s0361-3682(98)00059-2,A*,Q1,0.94298627,723,4.1855,closed,,published,ORCID
Margaret Abernethy,0000-0002-1244-7593,4757,"Accounting, Organizations and Society","Management control systems in research and development organizations: The role of accounting, behavior and personnel controls",1997,2,Margaret A. Abernethy; Peter B. Brownell,10.1016/s0361-3682(96)00038-4,https://doi.org/10.1016/s0361-3682(96)00038-4,https://doi.org/10.1016/s0361-3682(96)00038-4,A*,Q1,0.95008808,458,5.1564,closed,,published,ORCID
Margaret Abernethy,0000-0002-1244-7593,4757,"Accounting, Organizations and Society",THE IMPACT OF MANUFACTURING FLEXIBILITY ON MANAGEMENT CONTROL-SYSTEM DESIGN,1995,2,Margaret A. Abernethy; Anne M. Lillis,10.1016/0361-3682(94)e0014-l,https://doi.org/10.1016/0361-3682(94)e0014-l,https://doi.org/10.1016/0361-3682(94)e0014-l,A*,Q1,0.89595873,454,2.6166,closed,,published,ORCID
Margaret Abernethy,0000-0002-1244-7593,4757,"Accounting, Organizations and Society",THE ROLE OF PROFESSIONAL CONTROL IN THE MANAGEMENT OF COMPLEX ORGANIZATIONS,1995,2,Margaret A. Abernethy; Johannes U Stoelwinder,10.1016/0361-3682(94)e0017-o,https://doi.org/10.1016/0361-3682(94)e0017-o,https://doi.org/10.1016/0361-3682(94)e0017-o,A*,Q1,0.96603611,339,5.8874,closed,,published,ORCID
Margaret Abernethy,0000-0002-1244-7593,4757,"Accounting, Organizations and Society","BUDGET USE, TASK UNCERTAINTY, SYSTEM GOAL ORIENTATION AND SUBUNIT PERFORMANCE - A TEST OF THE FIT HYPOTHESIS IN NOT-FOR-PROFIT HOSPITALS",1991,2,Margaret A. Abernethy; Johannes U Stoelwinder,10.1016/0361-3682(91)90008-3,https://doi.org/10.1016/0361-3682(91)90008-3,https://doi.org/10.1016/0361-3682(91)90008-3,A*,Q1,0.79782225,203,1.2317,closed,,published,ORCID
Margaret Abernethy,0000-0002-1244-7593,4757,The International journal of health planning and management,Nurse managers and budgeting: professional/bureaucratic conflict?,1988,2,Margaret A. Abernethy; Johannes U Stoelwinder,10.1002/hpm.4740030103,https://doi.org/10.1002/hpm.4740030103,https://doi.org/10.1002/hpm.4740030103,,Q2,0.80367853,6,1.1591,closed,,published,ORCID
Stuart Black,0000-0002-5391-256X,164026,Australasian Journal of Information Systems,Tensions: A Lens for Provoking Debate on Contemporary Information Systems Developments,2026,4,Alexander Richter; Michael Leyer; Stuart Black; Michael J. Davern,10.3127/ajis.v30.6676,https://doi.org/10.3127/ajis.v30.6676,https://doi.org/10.3127/ajis.v30.6676,A,Q2,0.89395136,0,0.0,diamond,https://ajis.aaisnet.org/index.php/ajis/article/download/6676/1551,published,ORCID
Stuart Black,0000-0002-5391-256X,164026,Information Systems Frontiers,GenAI as a Posthuman Creative Collaborator – Evidence from Artistic Exploration,2026,3,Pattie Beerens; Stuart Black; Humza Naseer,10.1007/s10796-026-10719-1,https://doi.org/10.1007/s10796-026-10719-1,https://doi.org/10.1007/s10796-026-10719-1,A,Q1,0.95461525,1,5.8583,hybrid,https://link.springer.com/content/pdf/10.1007/s10796-026-10719-1.pdf,published,ORCID
Stuart Black,0000-0002-5391-256X,164026,Australasian Journal of Information Systems,Embracing New Insights,2025,2,Stuart Black; Michael J. Davern,10.3127/ajis.v29.6003,https://doi.org/10.3127/ajis.v29.6003,https://doi.org/10.3127/ajis.v29.6003,A,Q2,0.20744968,0,0.0,diamond,https://ajis.aaisnet.org/index.php/ajis/article/download/6003/1513,published,ORCID
Stuart Black,0000-0002-5391-256X,164026,Australasian Journal of Information Systems,Editors’ Comments AJIS Thinking Differently in Service of The Community,2024,2,Michael J. Davern; Stuart Black,10.3127/ajis.v28.5427,https://doi.org/10.3127/ajis.v28.5427,https://doi.org/10.3127/ajis.v28.5427,A,Q2,,1,,diamond,https://ajis.aaisnet.org/index.php/ajis/article/download/5427/1487,published,ORCID
Stuart Black,0000-0002-5391-256X,164026,Information and Organization,Data governance and the secondary use of data: The board influence,2023,4,Stuart Black; Michael J. Davern; Sean B. Maynard; Humza Naseer,10.1016/j.infoandorg.2023.100447,https://doi.org/10.1016/j.infoandorg.2023.100447,https://doi.org/10.1016/j.infoandorg.2023.100447,A*,Q1,0.9488783,20,4.8801,closed,,published,ORCID
Jonathan Black,0000-0001-9805-5672,182928,The Accounting Review,Legal Expertise and the Role of Litigation Risk in Firms' Conservatism Choices,2022,4,Jonathan Black; Charles Ham; Michael D. Kimbrough; Ha Yoon Yee,10.2308/tar-2019-0398,https://doi.org/10.2308/tar-2019-0398,https://doi.org/10.2308/tar-2019-0398,A*,Q1,0.93095443,30,3.8221,closed,,published,ORCID
Jonathan Black,0000-0001-9805-5672,182928,Journal of Accounting and Public Policy,Managerial discretion and the comparability of fair value estimates,2022,3,Jonathan Black; Jeff Zeyun Chen; Marc Cussatt,10.1016/j.jaccpubpol.2021.106878,https://doi.org/10.1016/j.jaccpubpol.2021.106878,https://doi.org/10.1016/j.jaccpubpol.2021.106878,A*,Q1,0.89174193,16,2.457,closed,,published,ORCID
Jonathan Black,0000-0001-9805-5672,182928,"Journal of Law, Finance, and Accounting",Information Production and the Duration of Accounting Fraud,2021,4,Jonathan Black; Mattias Nilsson; Roberto Pinheiro; Maximiliano da Silva,10.1561/108.00000054,https://doi.org/10.1561/108.00000054,https://doi.org/10.1561/108.00000054,,Q3,0.73380597,4,0.8236,closed,,published,ORCID
Jonathan Black,0000-0001-9805-5672,182928,The Accounting Review,The Association between SFAS No. 157 Fair Value Hierarchy Information and Conditional Accounting Conservatism,2018,3,Jonathan Black; Jeff Zeyun Chen; Marc Cussatt,10.2308/accr-51963,https://doi.org/10.2308/accr-51963,https://doi.org/10.2308/accr-51963,A*,Q1,0.95151922,38,5.1638,green,https://papers.ssrn.com/sol3/papers.cfm?abstract_id=3066009,published,ORCID
Michael Davern,0000-0002-9572-812X,4743,Australasian Journal of Information Systems,Tensions: A Lens for Provoking Debate on Contemporary Information Systems Developments,2026,4,Alexander Richter; Michael Leyer; Stuart Black; Michael J. Davern,10.3127/ajis.v30.6676,https://doi.org/10.3127/ajis.v30.6676,https://doi.org/10.3127/ajis.v30.6676,A,Q2,0.89395136,0,0.0,diamond,https://ajis.aaisnet.org/index.php/ajis/article/download/6676/1551,published,ORCID
Michael Davern,0000-0002-9572-812X,4743,Business Process Management Journal,Five guidelines to improve context-aware process selection: an Australian banking perspective,2025,4,Nigel Adams; Adriano Augusto; Michael J. Davern; Marcello La Rosa,10.1108/bpmj-12-2023-0963,https://doi.org/10.1108/bpmj-12-2023-0963,https://doi.org/10.1108/bpmj-12-2023-0963,B,Q1,0.79182664,2,0.7302,closed,,published,ORCID
Michael Davern,0000-0002-9572-812X,4743,Meditari Accountancy Research,The details matter: SEC regulatory guidance and informativeness in non-GAAP disclosure decisions,2024,2,Hrishikesh Desai; Michael J. Davern,10.1108/medar-04-2023-1975,https://doi.org/10.1108/medar-04-2023-1975,https://doi.org/10.1108/medar-04-2023-1975,A,Q1,0.72108007,1,0.6575,closed,,published,ORCID
Michael Davern,0000-0002-9572-812X,4743,Australasian Journal of Information Systems,Editors’ Comments AJIS Thinking Differently in Service of The Community,2024,2,Michael J. Davern; Stuart Black,10.3127/ajis.v28.5427,https://doi.org/10.3127/ajis.v28.5427,https://doi.org/10.3127/ajis.v28.5427,A,Q2,,1,,diamond,https://ajis.aaisnet.org/index.php/ajis/article/download/5427/1487,published,ORCID
Michael Davern,0000-0002-9572-812X,4743,Information and Organization,Data governance and the secondary use of data: The board influence,2023,4,Stuart Black; Michael J. Davern; Sean B. Maynard; Humza Naseer,10.1016/j.infoandorg.2023.100447,https://doi.org/10.1016/j.infoandorg.2023.100447,https://doi.org/10.1016/j.infoandorg.2023.100447,A*,Q1,0.9488783,20,4.8801,closed,,published,ORCID
Michael Davern,0000-0002-9572-812X,4743,Journal of the Association for Information Systems,Configuring Relationships between Analytics and Business Domain Groups for Knowledge Integration,2023,4,Ida Someh; Barbara H. Wixom; Michael J. Davern; Graeme Shanks,10.17705/1jais.00782,https://doi.org/10.17705/1jais.00782,https://doi.org/10.17705/1jais.00782,A*,Q1,0.93868894,17,4.1481,closed,,published,ORCID
Michael Davern,0000-0002-9572-812X,4743,Journal of Information Technology,Reconceptualizing synergy to explain the value of business analytics systems,2019,3,Ida Someh; Graeme Shanks; Michael J. Davern,10.1177/0268396218816210,https://doi.org/10.1177/0268396218816210,https://doi.org/10.1177/0268396218816210,A*,Q1,0.94077307,36,4.4071,closed,,published,ORCID
Michael Davern,0000-0002-9572-812X,4743,Accounting Research Journal,Implementing AASB 15 revenue from contracts with customers: the preparer perspective,2019,4,Michael J. Davern; Nikole Gyles; Brad N. Potter; Victor X. D. Yang,10.1108/arj-03-2018-0055,https://doi.org/10.1108/arj-03-2018-0055,https://doi.org/10.1108/arj-03-2018-0055,B,Q2,0.90649772,13,2.8607,closed,,published,ORCID
Michael Davern,0000-0002-9572-812X,4743,Communications of the Association for Information Systems,Ethical Issues in Big Data Analytics: A Stakeholder Perspective,2019,4,Ida Someh; Michael J. Davern; Christoph F. Breidbach; Graeme Shanks,10.17705/1cais.04434,https://doi.org/10.17705/1cais.04434,https://doi.org/10.17705/1cais.04434,A,Q2,0.97676249,92,8.5615,closed,,published,ORCID
Michael Davern,0000-0002-9572-812X,4743,Journal of Information Systems,Enhancing the business value of business intelligence: The role of shared knowledge and assimilation,2013,5,Mohamed Z. Elbashir; Philip A. Collier; Steve G. Sutton; Michael J. Davern; Stewart A. Leech,10.2308/isys-50563,https://doi.org/10.2308/isys-50563,https://doi.org/10.2308/isys-50563,A,Q1,0.99066405,124,14.1428,green,https://stars.library.ucf.edu/scopus2010/5751,published,ORCID
Michael Davern,0000-0002-9572-812X,4743,Business Process Management Journal,A challenging success: a process audit perspective on change,2011,2,Alison Parkes; Michael J. Davern,10.1108/14637151111182675,https://doi.org/10.1108/14637151111182675,https://doi.org/10.1108/14637151111182675,B,Q1,0.79126471,11,0.9313,closed,,published,ORCID
Michael Davern,0000-0002-9572-812X,4743,Communications of the Acm,Evolving Innovations Through Design and Use,2008,2,Michael J. Davern; Carla L. Wilkin,10.1145/1409360.1409390,https://doi.org/10.1145/1409360.1409390,https://doi.org/10.1145/1409360.1409390,,Q1,0.91553063,15,2.8575,closed,,published,ORCID
Michael Davern,0000-0002-9572-812X,4743,Data Base for Advances in Information Systems,Personalization and Choice Behavior: The Role of Personality Traits,2008,3,Shuk Ying Ho; Michael J. Davern; Kar Yan Tam,10.1145/1453794.1453800,https://doi.org/10.1145/1453794.1453800,https://doi.org/10.1145/1453794.1453800,A,Q2,0.96713557,30,7.6133,closed,,published,ORCID
Michael Davern,0000-0002-9572-812X,4743,E-Service Journal,An Exploratory Model of Decision Quality and its Antecedents for Category Novices Using Multiple-Stage Shopping Engines,2005,2,Arnold A. Kamis; Michael J. Davern,10.2979/esj.2005.4.1.3,https://doi.org/10.2979/esj.2005.4.1.3,https://doi.org/10.2979/esj.2005.4.1.3,B,,0.90354567,24,1.4463,closed,,published,ORCID
Michael Davern,0000-0002-9572-812X,4743,Australasian Journal of Information Systems,Embracing New Insights,2025,2,Stuart Black; Michael J. Davern,10.3127/ajis.v29.6003,https://doi.org/10.3127/ajis.v29.6003,https://doi.org/10.3127/ajis.v29.6003,A,Q2,0.20744968,0,0.0,diamond,https://ajis.aaisnet.org/index.php/ajis/article/download/6003/1513,published,ORCID
Jennifer Grafton,0000-0003-3545-3870,8626,Accounting & Finance Journal / Revista Contabilidade & Finanças,Embedding sustainability agendas within organizations: A performance measurement and management control perspective,2024,1,Jennifer Grafton,10.1590/1808-057x20249046.en,https://doi.org/10.1590/1808-057x20249046.en,https://doi.org/10.1590/1808-057x20249046.en,C,Q4,0.76555576,2,0.5964,diamond,https://doi.org/10.1590/1808-057x20249046.en,published,ORCID
Jennifer Grafton,0000-0003-3545-3870,8626,Accounting & Finance Journal / Revista Contabilidade & Finanças,Incorporando agendas de sustentabilidade nas organizações: uma perspectiva de mensuração de desempenho e controle gerencial,2024,1,Jennifer Grafton,10.1590/1808-057x20249046.pt,https://doi.org/10.1590/1808-057x20249046.pt,https://doi.org/10.1590/1808-057x20249046.pt,C,Q4,0.15556149,0,0.0,diamond,https://doi.org/10.1590/1808-057x20249046.pt,published,ORCID
Jennifer Grafton,0000-0003-3545-3870,8626,The Accounting Review,The Influence of Institutional Differences on Control Mechanisms in Alliances,2021,4,Wei Zeng; Anne M. Lillis; Jennifer Grafton; Henri C. Dekker,10.2308/tar-2018-0216,https://doi.org/10.2308/tar-2018-0216,https://doi.org/10.2308/tar-2018-0216,A*,Q1,0.80966301,9,0.9412,green,https://research.vu.nl/en/publications/9bbaca20-1659-434e-928f-57b9d07c8678,published,ORCID
Jennifer Grafton,0000-0003-3545-3870,8626,Management Accounting Research,Relational contracting and the myth of trust: Control in a co-opetitive setting,2017,2,Jennifer Grafton; Julia Mundy,10.1016/j.mar.2016.07.008,https://doi.org/10.1016/j.mar.2016.07.008,https://doi.org/10.1016/j.mar.2016.07.008,A*,Q1,0.96218396,40,6.891,green,https://papers.ssrn.com/sol3/Delivery.cfm/SSRN_ID2835715_code475377.pdf?abstractid=2835715&mirid=1,published,ORCID
Jennifer Grafton,0000-0003-3545-3870,8626,Management Accounting Research,Organisational design choices in response to public sector reforms: A case study of mandated hospital networks,2011,3,Jennifer Grafton; Margaret A. Abernethy; Anne M. Lillis,10.1016/j.mar.2011.06.001,https://doi.org/10.1016/j.mar.2011.06.001,https://doi.org/10.1016/j.mar.2011.06.001,A*,Q1,0.97096774,83,7.1477,green,https://papers.ssrn.com/sol3/papers.cfm?abstract_id=1959727,published,ORCID
Jennifer Grafton,0000-0003-3545-3870,8626,Qualitative Research in Accounting and Management,Mixed methods research in accounting,2011,3,Jennifer Grafton; Anne M. Lillis; Habib Mahama,10.1108/11766091111124676,https://doi.org/10.1108/11766091111124676,https://doi.org/10.1108/11766091111124676,A,Q1,0.95483461,91,6.0793,closed,,published,ORCID
Jennifer Grafton,0000-0003-3545-3870,8626,"Accounting, Organizations and Society",The role of performance measurement and evaluation in building organizational capabilities and performance,2010,3,Jennifer Grafton; Anne M. Lillis; Sally K. Widener,10.1016/j.aos.2010.07.004,https://doi.org/10.1016/j.aos.2010.07.004,https://doi.org/10.1016/j.aos.2010.07.004,A*,Q1,0.99538919,292,18.4857,closed,,published,ORCID
Jennifer Grafton,0000-0003-3545-3870,8626,Australian Accounting Review,The Role of Performance Management and Control Systems in Public-Sector Reform: Victorian Health Care Networks,2005,2,Jennifer Grafton; Anne M. Lillis,10.1111/j.1835-2561.2005.tb00300.x,https://doi.org/10.1111/j.1835-2561.2005.tb00300.x,https://doi.org/10.1111/j.1835-2561.2005.tb00300.x,B,Q2,0.7316726,6,0.4377,closed,,published,ORCID
Chung-Yu Hung,0000-0003-0805-5260,116746,Contemporary Accounting Research,Managers' career preferences and corporate culture,2024,3,Margaret A. Abernethy; Chung‐Yu Hung; Like Jiang,10.1111/1911-3846.12948,https://doi.org/10.1111/1911-3846.12948,https://doi.org/10.1111/1911-3846.12948,A*,Q1,0.95143869,11,5.1948,bronze,https://onlinelibrary.wiley.com/doi/pdfdirect/10.1111/1911-3846.12948,published,ORCID
Chung-Yu Hung,0000-0003-0805-5260,116746,Journal of Management Accounting Research,Peer-Specific Knowledge and Peer Group Properties in Relative Performance Evaluation,2024,2,Chung‐Yu Hung; Zhenyang Shi,10.2308/jmar-2022-013,https://doi.org/10.2308/jmar-2022-013,https://doi.org/10.2308/jmar-2022-013,A*,Q1,0.66402352,1,0.3893,closed,,published,ORCID
Chung-Yu Hung,0000-0003-0805-5260,116746,The European Accounting Review,Mobilizing Text As Data,2023,3,Jihun Bae; Chung‐Yu Hung; Laurence van Lent,10.1080/09638180.2023.2218423,https://doi.org/10.1080/09638180.2023.2218423,https://doi.org/10.1080/09638180.2023.2218423,A*,Q1,0.97358639,34,7.5642,hybrid,https://www.tandfonline.com/doi/pdf/10.1080/09638180.2023.2218423?download=true,published,ORCID
Chung-Yu Hung,0000-0003-0805-5260,116746,The Accounting Review,Does Referral-Based Hiring Exacerbate Agency Problems?,2023,3,Chung‐Yu Hung; Anne M. Lillis; Anne Wu,10.2308/tar-2020-0173,https://doi.org/10.2308/tar-2020-0173,https://doi.org/10.2308/tar-2020-0173,A*,Q1,0.83113229,7,1.4839,closed,,published,ORCID
Chung-Yu Hung,0000-0003-0805-5260,116746,Journal of Management Accounting Research,Benefits of Independent Agents' Entrepreneurship: Evidence From the Loan Market,2022,4,Chung‐Yu Hung; Margaret A. Abernethy; Christian Hofmann; Laurence van Lent,10.2308/jmar-2020-042,https://doi.org/10.2308/jmar-2020-042,https://doi.org/10.2308/jmar-2020-042,A*,Q1,0.017088,0,0.0,closed,,published,ORCID
Like Jiang,0000-0003-1704-9751,115447,Auditing: A Journal of Practice and Theory,Partner-Level Cumulative Industry Expertise and Audit Quality,2025,4,Like Jiang; Vic Naiker; Yu Wang; Shafu Zhang,10.2308/ajpt-2022-047,https://doi.org/10.2308/ajpt-2022-047,https://doi.org/10.2308/ajpt-2022-047,A*,Q1,0.94043047,8,4.2248,closed,,published,ORCID
Like Jiang,0000-0003-1704-9751,115447,Auditing: A Journal of Practice and Theory,The Importance of Business Development Incentives to Audit Partners: Evidence from the Propensity to Issue Modified Opinions to Group-Affiliated Audit Clients,2025,4,Simon Yu Kit Fung; Like Jiang; JEFFREY A. PITTMAN; Zhifeng Yang,10.2308/ajpt-2022-050,https://doi.org/10.2308/ajpt-2022-050,https://doi.org/10.2308/ajpt-2022-050,A*,Q1,0.13888175,0,0.0,closed,,published,ORCID
Like Jiang,0000-0003-1704-9751,115447,Auditing: A Journal of Practice and Theory,The Association between Internal Audit Operations-Related Services and Firm Operating Performance,2020,3,Like Jiang; William F. Messier; David Alvra Wood,10.2308/ajpt-52565,https://doi.org/10.2308/ajpt-52565,https://doi.org/10.2308/ajpt-52565,A*,Q1,0.99043559,72,15.2989,closed,,published,ORCID
Flora Kuang,0000-0001-5095-4118,,Journal of Accounting and Public Policy,Does government report readability matter? Evidence from market reactions to AAERs,2019,3,Yu Flora Kuang; Gladys Lee; Bo Qin,10.1016/j.jaccpubpol.2019.106697,https://doi.org/10.1016/j.jaccpubpol.2019.106697,https://doi.org/10.1016/j.jaccpubpol.2019.106697,A*,Q1,0.9131993,23,2.8944,closed,,published,ORCID
Flora Kuang,0000-0001-5095-4118,,"Accounting, Organizations and Society",Can organizational identification mitigate the CEO horizon problem?,2019,3,Margaret A. Abernethy; Like Jiang; Yu Flora Kuang,10.1016/j.aos.2019.07.002,https://doi.org/10.1016/j.aos.2019.07.002,https://doi.org/10.1016/j.aos.2019.07.002,A*,Q1,0.97057755,48,7.7646,closed,,published,ORCID
Flora Kuang,0000-0001-5095-4118,,Contemporary Accounting Research,"The Relation between Strategy, CEO Selection, and Firm Performance",2019,3,Margaret A. Abernethy; Yu Flora Kuang; Bo Qin,10.1111/1911-3846.12463,https://doi.org/10.1111/1911-3846.12463,https://doi.org/10.1111/1911-3846.12463,A*,Q1,0.97055166,68,7.9317,green,https://papers.ssrn.com/sol3/papers.cfm?abstract_id=3225219,published,ORCID
Flora Kuang,0000-0001-5095-4118,,Accounting and Business Research,Does obfuscating excessive CEO pay work? The influence of remuneration report readability on say-on-pay votes,2017,3,Reggy B. H. Hooghiemstra; Yu Flora Kuang; Bo Qin,10.1080/00014788.2017.1300516,https://doi.org/10.1080/00014788.2017.1300516,https://doi.org/10.1080/00014788.2017.1300516,A,Q1,0.98591305,79,13.7703,green,https://research.rug.nl/files/47097430/Does_obfuscating_excessive_CEO_pay_work.pdf,published,ORCID
Flora Kuang,0000-0001-5095-4118,,Journal of Corporate Finance,Corporate fraud and external social connectedness of independent directors,2017,2,Yu Flora Kuang; Gladys Lee,10.1016/j.jcorpfin.2017.05.014,https://doi.org/10.1016/j.jcorpfin.2017.05.014,https://doi.org/10.1016/j.jcorpfin.2017.05.014,A*,Q1,0.97720081,128,9.7539,closed,,published,ORCID
Flora Kuang,0000-0001-5095-4118,,Accounting Horizons,CEO origin and accrual-based earnings management,2015,3,Yu Flora Kuang; Bo Qin; Jacco L. Wielhouwer,10.2308/acch-50810,https://doi.org/10.2308/acch-50810,https://doi.org/10.2308/acch-50810,A,Q1,0.97121475,66,7.9063,green,http://papers.ssrn.com/sol3/papers.cfm?abstract_id=2513192,published,ORCID
Flora Kuang,0000-0001-5095-4118,,The European Accounting Review,Say-on-Pay Votes: The Role of the Media,2015,3,Reggy B. H. Hooghiemstra; Yu Flora Kuang; Bo Qin,10.1080/09638180.2015.1034152,https://doi.org/10.1080/09638180.2015.1034152,https://doi.org/10.1080/09638180.2015.1034152,A*,Q1,0.9818645,43,11.9619,green,https://research.rug.nl/en/publications/6f95fa17-478f-48ff-8d23-0dd8502c0ad9,published,ORCID
Flora Kuang,0000-0001-5095-4118,,The Accounting Review,The influence of CEO power on compensation contract design,2015,3,Margaret A. Abernethy; Yu Flora Kuang; Bo Qin,10.2308/accr-50971,https://doi.org/10.2308/accr-50971,https://doi.org/10.2308/accr-50971,A*,Q1,0.99230354,245,22.115,green,https://papers.ssrn.com/sol3/papers.cfm?abstract_id=2513185,published,ORCID
Flora Kuang,0000-0001-5095-4118,,Contemporary Accounting Research,Credit ratings and CEO risk-taking incentives,2013,2,Yu Flora Kuang; Bo Qin,10.1111/1911-3846.12005,https://doi.org/10.1111/1911-3846.12005,https://doi.org/10.1111/1911-3846.12005,A*,Q1,0.9213765,108,2.7723,green,https://dare.uva.nl/personal/pure/en/publications/credit-ratings-and-ceo-risktaking-incentives(9eaa2ac1-6ee5-413a-8ed0-2408e49eb331).html,published,ORCID
Flora Kuang,0000-0001-5095-4118,,British Accounting Review,Performance-vested stock options and interest alignment,2009,2,Yu Flora Kuang; Bo Qin,10.1016/j.bar.2008.10.001,https://doi.org/10.1016/j.bar.2008.10.001,https://doi.org/10.1016/j.bar.2008.10.001,A*,Q1,0.94635423,66,3.9283,green,https://papers.ssrn.com/sol3/papers.cfm?abstract_id=2513194,published,ORCID
Flora Kuang,0000-0001-5095-4118,,Journal of Business Finance & Accounting,Performance-vested stock options and earnings management,2008,1,Yu Flora Kuang,10.1111/j.1468-5957.2008.02104.x,https://doi.org/10.1111/j.1468-5957.2008.02104.x,https://doi.org/10.1111/j.1468-5957.2008.02104.x,A*,Q1,0.97371238,88,9.5393,closed,,published,ORCID
Anne Lillis,0000-0002-3057-6428,590,Journal of Management Accounting Research,Nonfinancial Rewards in Times of Change,2026,3,Sujay Nair; Margaret A. Abernethy; Anne M. Lillis,10.2308/jmar-2023-010,https://doi.org/10.2308/jmar-2023-010,https://doi.org/10.2308/jmar-2023-010,A*,Q1,0.07501617,0,0.0,bronze,https://publications.aaahq.org/jmar/article-pdf/doi/10.2308/JMAR-2023-010/155672/jmar-2023-010.pdf,published,ORCID
Anne Lillis,0000-0002-3057-6428,590,The Accounting Review,The Influence of Institutional Differences on Control Mechanisms in Alliances,2021,4,Wei Zeng; Anne M. Lillis; Jennifer Grafton; Henri C. Dekker,10.2308/tar-2018-0216,https://doi.org/10.2308/tar-2018-0216,https://doi.org/10.2308/tar-2018-0216,A*,Q1,0.80966301,9,0.9412,green,https://research.vu.nl/en/publications/9bbaca20-1659-434e-928f-57b9d07c8678,published,ORCID
Anne Lillis,0000-0002-3057-6428,590,Advances in Management Accounting,Simons’ Levers of Control Framework: Commensuration within and of the Framework,2017,3,E. Mark Curtis; Anne M. Lillis; Breda Sweeney,10.1108/s1474-787120170000028004,https://doi.org/10.1108/s1474-787120170000028004,https://doi.org/10.1108/s1474-787120170000028004,A,,0.97296503,30,7.8485,green,http://hdl.handle.net/10379/6693,published,ORCID
Anne Lillis,0000-0002-3057-6428,590,The Accounting Review,Controls as Exit Barriers in Multiperiod Outsourcing Arrangements,2011,3,Yee Shih Phua; Margaret A. Abernethy; Anne M. Lillis,10.2308/accr-10100,https://doi.org/10.2308/accr-10100,https://doi.org/10.2308/accr-10100,A*,Q1,0.889812,31,2.322,closed,,published,ORCID
Anne Lillis,0000-0002-3057-6428,590,Contemporary Accounting Research,"Corporate Frugality: Theory, Measurement and Practice",2011,2,Shannon W. Anderson; Anne M. Lillis,10.1111/j.1911-3846.2011.01107.x,https://doi.org/10.1111/j.1911-3846.2011.01107.x,https://doi.org/10.1111/j.1911-3846.2011.01107.x,A*,Q1,0.95789241,62,5.6708,closed,,published,ORCID
Anne Lillis,0000-0002-3057-6428,590,Qualitative Research in Accounting and Management,Mixed methods research in accounting,2011,3,Jennifer Grafton; Anne M. Lillis; Habib Mahama,10.1108/11766091111124676,https://doi.org/10.1108/11766091111124676,https://doi.org/10.1108/11766091111124676,A,Q1,0.95483461,91,6.0793,closed,,published,ORCID
Anne Lillis,0000-0002-3057-6428,590,Management Accounting Research,Organisational design choices in response to public sector reforms: A case study of mandated hospital networks,2011,3,Jennifer Grafton; Margaret A. Abernethy; Anne M. Lillis,10.1016/j.mar.2011.06.001,https://doi.org/10.1016/j.mar.2011.06.001,https://doi.org/10.1016/j.mar.2011.06.001,A*,Q1,0.97096774,83,7.1477,green,https://papers.ssrn.com/sol3/papers.cfm?abstract_id=1959727,published,ORCID
Anne Lillis,0000-0002-3057-6428,590,"Accounting, Organizations and Society",The role of performance measurement and evaluation in building organizational capabilities and performance,2010,3,Jennifer Grafton; Anne M. Lillis; Sally K. Widener,10.1016/j.aos.2010.07.004,https://doi.org/10.1016/j.aos.2010.07.004,https://doi.org/10.1016/j.aos.2010.07.004,A*,Q1,0.99538919,292,18.4857,closed,,published,ORCID
Anne Lillis,0000-0002-3057-6428,590,Australian Accounting Review,The Role of Performance Management and Control Systems in Public-Sector Reform: Victorian Health Care Networks,2005,2,Jennifer Grafton; Anne M. Lillis,10.1111/j.1835-2561.2005.tb00300.x,https://doi.org/10.1111/j.1835-2561.2005.tb00300.x,https://doi.org/10.1111/j.1835-2561.2005.tb00300.x,B,Q2,0.7316726,6,0.4377,closed,,published,ORCID
Anne Lillis,0000-0002-3057-6428,590,"Accounting, Organizations and Society",Managing multiple dimensions of manufacturing performance - an exploratory study,2002,1,Anne M. Lillis,10.1016/s0361-3682(01)00032-0,https://doi.org/10.1016/s0361-3682(01)00032-0,https://doi.org/10.1016/s0361-3682(01)00032-0,A*,Q1,0.9491587,197,5.3684,closed,,published,ORCID
Anne Lillis,0000-0002-3057-6428,590,Journal of Management Accounting Research,Interdependencies in organization design: a test in hospitals,2001,2,Margaret A. Abernethy; Anne M. Lillis,10.2308/jmar.2001.13.1.107,https://doi.org/10.2308/jmar.2001.13.1.107,https://doi.org/10.2308/jmar.2001.13.1.107,A*,Q1,0.92091438,164,3.5986,closed,,published,ORCID
Anne Lillis,0000-0002-3057-6428,590,Management Accounting Research,Product diversity and costing system design choice: Field study evidence,2001,4,Margaret A. Abernethy; Anne M. Lillis; Peter B. Brownell; Paul M. Carter,10.1006/mare.2001.0168,https://doi.org/10.1006/mare.2001.0168,https://doi.org/10.1006/mare.2001.0168,A*,Q1,0.89530788,94,2.5849,closed,,published,ORCID
Anne Lillis,0000-0002-3057-6428,590,Accounting and Finance,A framework for the analysis of interview data from multiple field research sites,1999,1,Anne M. Lillis,10.1111/1467-629x.00018,https://doi.org/10.1111/1467-629x.00018,https://doi.org/10.1111/1467-629x.00018,A,Q1,0.97190232,219,8.1583,closed,,published,ORCID
Anne Lillis,0000-0002-3057-6428,590,"Accounting, Organizations and Society",THE IMPACT OF MANUFACTURING FLEXIBILITY ON MANAGEMENT CONTROL-SYSTEM DESIGN,1995,2,Margaret A. Abernethy; Anne M. Lillis,10.1016/0361-3682(94)e0014-l,https://doi.org/10.1016/0361-3682(94)e0014-l,https://doi.org/10.1016/0361-3682(94)e0014-l,A*,Q1,0.89595873,454,2.6166,closed,,published,ORCID
Anne Lillis,0000-0002-3057-6428,590,Management Accounting Research,Sources of influence on capital expenditure decisions: a contextual study of accounting performance measurement,1992,1,Anne M. Lillis,10.1016/s1044-5005(92)70012-2,https://doi.org/10.1016/s1044-5005(92)70012-2,https://doi.org/10.1016/s1044-5005(92)70012-2,A*,Q1,0.25412541,8,0.0,closed,,published,ORCID
Rebecca Mattocks,0009-0007-8558-527X,,Auditing: A Journal of Practice and Theory,Does the Length of the Cooling-Off Period Affect Audit Quality?,2022,4,Rebecca Mattocks; Ting‐Chiao Huang; Robyn A. Moroney; Ashna Prasad,10.2308/ajpt-19-091,https://doi.org/10.2308/ajpt-19-091,https://doi.org/10.2308/ajpt-19-091,A*,Q1,0.79834235,6,1.092,closed,,published,ORCID
Sujay Nair,0000-0002-1506-6921,1904,"Accounting, Organizations and Society",The interdependence between the choice of fixed-term professional workers and the control environment,2023,4,Sujay Nair; Margaret A. Abernethy; Yile Jiang; Anne M. Lillis,10.1016/j.aos.2023.101525,https://doi.org/10.1016/j.aos.2023.101525,https://doi.org/10.1016/j.aos.2023.101525,A*,Q1,0.1787234,0,0.0,hybrid,https://doi.org/10.1016/j.aos.2023.101525,published,ORCID
Sujay Nair,0000-0002-1506-6921,1904,The European Accounting Review,Can Technology-Enabled Advanced Monitoring Systems Influence Individual Performance and Team Dynamics?,2023,4,Margaret A. Abernethy; Kevin Chin; Sujay Nair; Naomi S. Soderstrom,10.1080/09638180.2022.2060845,https://doi.org/10.1080/09638180.2022.2060845,https://doi.org/10.1080/09638180.2022.2060845,A*,Q1,0.85803975,6,1.3107,closed,,published,ORCID
Matthew Pinnuck,0000-0002-7743-5796,94,Accounting and Finance,"The association between quarter length, forecast errors, and firms’ voluntary disclosures",2023,3,Stephen A. Hillegeist; James Kavourakis; Matt Pinnuck,10.1111/acfi.12933,https://doi.org/10.1111/acfi.12933,https://doi.org/10.1111/acfi.12933,A,Q1,0.68999045,2,0.5529,hybrid,https://onlinelibrary.wiley.com/doi/pdfdirect/10.1111/acfi.12933,published,ORCID
Brad Potter,0000-0001-6593-7871,,"Journal of Public Budgeting, Accounting and Financial Management",Reflections on public sector accrual accounting and reporting: a post-operative transplant view,2024,5,Mark J. Christensen; Sandra Sharpe Cohen; Sheila Ellwood; Susan Newberry; Brad N. Potter,10.1108/jpbafm-10-2023-0195,https://doi.org/10.1108/jpbafm-10-2023-0195,https://doi.org/10.1108/jpbafm-10-2023-0195,B,Q1,0.85942949,2,1.3151,green,https://research-information.bris.ac.uk/en/publications/433f1057-07fb-475b-9b0c-a3fae9456901,published,ORCID
Brad Potter,0000-0001-6593-7871,,Australian Accounting Review,The Shifting and Permeable Boundaries of Auditing: Evidence from Early Australian Examination Papers,2024,1,Brad N. Potter,10.1111/auar.12434,https://doi.org/10.1111/auar.12434,https://doi.org/10.1111/auar.12434,B,Q2,0.79482007,2,0.7302,hybrid,https://onlinelibrary.wiley.com/doi/pdfdirect/10.1111/auar.12434,published,ORCID
Brad Potter,0000-0001-6593-7871,,Australian Accounting Review,"Asbestos Contamination: Governance and Financial Reporting Issues in the Public, Private and Not-for-profit Sectors",2021,4,Warren McGregor; Brad N. Potter; Naomi S. Soderstrom; Kevin M. Stevenson,10.1111/auar.12350,https://doi.org/10.1111/auar.12350,https://doi.org/10.1111/auar.12350,B,Q2,0.81714751,4,0.7027,closed,,published,ORCID
Bo Qin,0000-0001-5817-1169,115157,Abacus,From Red Tape to Efficiency: The Influence of Professional Managers on Audit Report Lag in Chinese State‐owned Enterprises,2026,3,Hao Han; Kun Luo; Bo Qin,10.1111/abac.70038,https://doi.org/10.1111/abac.70038,https://doi.org/10.1111/abac.70038,A,Q2,0.34515963,0,0.0,hybrid,https://doi.org/10.1111/abac.70038,published,ORCID
Bo Qin,0000-0001-5817-1169,115157,Auditing: A Journal of Practice and Theory,Internal and External Social Capital of Big 4 Audit Offices,2025,5,Eddy Cardinaels; Eunice S. Khoo; Yu Flora Kuang; Gladys Lee; Bo Qin,10.2308/ajpt-2022-188,https://doi.org/10.2308/ajpt-2022-188,https://doi.org/10.2308/ajpt-2022-188,A*,Q1,0.80664962,1,0.5281,green,https://repository.tilburguniversity.edu/bitstreams/1e4a5c00-b239-432c-bf16-b1faff14af4f/download,published,ORCID
Bo Qin,0000-0001-5817-1169,115157,Journal of Accounting and Public Policy,Skin in the game: Does outside directors’ equity-based compensation induce or mitigate stock price crash risk?,2025,4,Yuting Qian; Bo Qin; Weiqiang Tan; Daifei Troy Yao,10.1016/j.jaccpubpol.2025.107308,https://doi.org/10.1016/j.jaccpubpol.2025.107308,https://doi.org/10.1016/j.jaccpubpol.2025.107308,A*,Q1,0.94590593,3,5.3706,green,https://hdl.handle.net/10072/435877,published,ORCID
Bo Qin,0000-0001-5817-1169,115157,The European Accounting Review,Firm Strategy and CEO−VP Pay Differentials in Equity Compensation,2024,5,Margaret A. Abernethy; Yunhe Dong; Yu Flora Kuang; Bo Qin; Xing Yang,10.1080/09638180.2022.2119153,https://doi.org/10.1080/09638180.2022.2119153,https://doi.org/10.1080/09638180.2022.2119153,A*,Q1,0.75822934,4,0.8299,closed,,published,ORCID
Bo Qin,0000-0001-5817-1169,115157,British Accounting Review,We are under attack: Terrorist attacks and director turnover,2023,3,Yu Flora Kuang; Bo Qin; Xing Yang,10.1016/j.bar.2022.101150,https://doi.org/10.1016/j.bar.2022.101150,https://doi.org/10.1016/j.bar.2022.101150,A*,Q1,0.83568936,6,1.3831,closed,,published,ORCID
Bo Qin,0000-0001-5817-1169,115157,Accounting and Finance,Economic Value Added in performance measurement: A simulation approach and empirical evidence,2023,3,Yuanzhan Chen; Zhuo Jin; Bo Qin,10.1111/acfi.13053,https://doi.org/10.1111/acfi.13053,https://doi.org/10.1111/acfi.13053,A,Q1,0.92264295,16,3.4778,hybrid,https://onlinelibrary.wiley.com/doi/pdfdirect/10.1111/acfi.13053,published,ORCID
Bo Qin,0000-0001-5817-1169,115157,"Accounting, Organizations and Society",Death is a law: Death of former colleagues and management forecasts,2022,4,Yu Flora Kuang; Leye Li; Louise Yi Lu; Bo Qin,10.1016/j.aos.2022.101350,https://doi.org/10.1016/j.aos.2022.101350,https://doi.org/10.1016/j.aos.2022.101350,A*,Q1,0.90031136,15,2.6317,green,https://unsworks.unsw.edu.au/bitstreams/f2958cea-3759-4420-97fd-9346ee7ef969/download,published,ORCID
Bo Qin,0000-0001-5817-1169,115157,Journal of Corporate Finance,CSR contracting and performance-induced CEO turnover,2022,2,Bo Qin; Lu Yang,10.1016/j.jcorpfin.2022.102173,https://doi.org/10.1016/j.jcorpfin.2022.102173,https://doi.org/10.1016/j.jcorpfin.2022.102173,A*,Q1,0.99540513,82,17.9808,closed,,published,ORCID
Bo Qin,0000-0001-5817-1169,115157,Accounting and Business Research,CFO social ties to non-CEO senior managers and financial restatements,2022,4,Yu Flora Kuang; Xiaotao Kelvin Liu; Srikanth Paruchuri; Bo Qin,10.1080/00014788.2020.1793719,https://doi.org/10.1080/00014788.2020.1793719,https://doi.org/10.1080/00014788.2020.1793719,A,Q1,0.93403072,35,3.9688,closed,,published,ORCID
Bo Qin,0000-0001-5817-1169,115157,Journal of Accounting and Public Policy,Does government report readability matter? Evidence from market reactions to AAERs,2019,3,Yu Flora Kuang; Gladys Lee; Bo Qin,10.1016/j.jaccpubpol.2019.106697,https://doi.org/10.1016/j.jaccpubpol.2019.106697,https://doi.org/10.1016/j.jaccpubpol.2019.106697,A*,Q1,0.9131993,23,2.8944,closed,,published,ORCID
Bo Qin,0000-0001-5817-1169,115157,Accounting and Business Research,Does obfuscating excessive CEO pay work? The influence of remuneration report readability on say-on-pay votes,2017,3,Reggy B. H. Hooghiemstra; Yu Flora Kuang; Bo Qin,10.1080/00014788.2017.1300516,https://doi.org/10.1080/00014788.2017.1300516,https://doi.org/10.1080/00014788.2017.1300516,A,Q1,0.98591305,79,13.7703,green,https://research.rug.nl/files/47097430/Does_obfuscating_excessive_CEO_pay_work.pdf,published,ORCID
Bo Qin,0000-0001-5817-1169,115157,The European Accounting Review,Say-on-Pay Votes: The Role of the Media,2015,3,Reggy B. H. Hooghiemstra; Yu Flora Kuang; Bo Qin,10.1080/09638180.2015.1034152,https://doi.org/10.1080/09638180.2015.1034152,https://doi.org/10.1080/09638180.2015.1034152,A*,Q1,0.9818645,43,11.9619,green,https://research.rug.nl/en/publications/6f95fa17-478f-48ff-8d23-0dd8502c0ad9,published,ORCID
Bo Qin,0000-0001-5817-1169,115157,The Accounting Review,The influence of CEO power on compensation contract design,2015,3,Margaret A. Abernethy; Yu Flora Kuang; Bo Qin,10.2308/accr-50971,https://doi.org/10.2308/accr-50971,https://doi.org/10.2308/accr-50971,A*,Q1,0.99230354,245,22.115,green,https://papers.ssrn.com/sol3/papers.cfm?abstract_id=2513185,published,ORCID
Bo Qin,0000-0001-5817-1169,115157,Accounting Horizons,CEO origin and accrual-based earnings management,2015,3,Yu Flora Kuang; Bo Qin; Jacco L. Wielhouwer,10.2308/acch-50810,https://doi.org/10.2308/acch-50810,https://doi.org/10.2308/acch-50810,A,Q1,0.97121475,66,7.9063,green,http://papers.ssrn.com/sol3/papers.cfm?abstract_id=2513192,published,ORCID
Bo Qin,0000-0001-5817-1169,115157,Contemporary Accounting Research,Credit ratings and CEO risk-taking incentives,2013,2,Yu Flora Kuang; Bo Qin,10.1111/1911-3846.12005,https://doi.org/10.1111/1911-3846.12005,https://doi.org/10.1111/1911-3846.12005,A*,Q1,0.9213765,108,2.7723,green,https://dare.uva.nl/personal/pure/en/publications/credit-ratings-and-ceo-risktaking-incentives(9eaa2ac1-6ee5-413a-8ed0-2408e49eb331).html,published,ORCID
Bo Qin,0000-0001-5817-1169,115157,International Business Review,The influence of firm and executive characteristics on performance-vested stock option grants,2012,1,Bo Qin,10.1016/j.ibusrev.2011.10.004,https://doi.org/10.1016/j.ibusrev.2011.10.004,https://doi.org/10.1016/j.ibusrev.2011.10.004,A,Q1,0.9330232,27,3.3189,green,https://papers.ssrn.com/sol3/papers.cfm?abstract_id=2513222,published,ORCID
Bo Qin,0000-0001-5817-1169,115157,British Accounting Review,Performance-vested stock options and interest alignment,2009,2,Yu Flora Kuang; Bo Qin,10.1016/j.bar.2008.10.001,https://doi.org/10.1016/j.bar.2008.10.001,https://doi.org/10.1016/j.bar.2008.10.001,A*,Q1,0.94635423,66,3.9283,green,https://papers.ssrn.com/sol3/papers.cfm?abstract_id=2513194,published,ORCID
Stefan Schantl,0000-0002-3777-6756,117320,Review of Accounting Studies,When do corporate penalties for financial misreporting enhance long-term firm value?,2026,2,Stefan F. Schantl; Alfred Wagenhofer,10.1007/s11142-025-09925-0,https://doi.org/10.1007/s11142-025-09925-0,https://doi.org/10.1007/s11142-025-09925-0,A*,Q1,0.95686332,3,5.349,hybrid,https://link.springer.com/content/pdf/10.1007/s11142-025-09925-0.pdf,published,ORCID
Stefan Schantl,0000-0002-3777-6756,117320,Journal of Accounting and Public Policy,"Optimal internal control regulation: Standards, penalties, and leniency in enforcement",2020,2,Stefan F. Schantl; Alfred Wagenhofer,10.1016/j.jaccpubpol.2020.106803,https://doi.org/10.1016/j.jaccpubpol.2020.106803,https://doi.org/10.1016/j.jaccpubpol.2020.106803,A*,Q1,0.96663015,37,6.7667,closed,,published,ORCID
Stefan Schantl,0000-0002-3777-6756,117320,Journal of Accounting and Economics,Deterrence of financial misreporting when public and private enforcement strategically interact,2020,2,Stefan F. Schantl; Alfred Wagenhofer,10.1016/j.jacceco.2020.101311,https://doi.org/10.1016/j.jacceco.2020.101311,https://doi.org/10.1016/j.jacceco.2020.101311,A*,Q1,0.98433952,66,10.9827,closed,,published,ORCID
Stefan Schantl,0000-0002-3777-6756,117320,Accounting and Business Research,Analyst information acquisition and the relative informativeness of analyst forecasts and managed earnings,2018,1,Stefan F. Schantl,10.1080/00014788.2016.1204215,https://doi.org/10.1080/00014788.2016.1204215,https://doi.org/10.1080/00014788.2016.1204215,A,Q1,0.86909604,6,1.4707,closed,,published,ORCID
Naomi Soderstrom,0000-0001-7602-9182,5569,"Accounting, Organizations and Society",Firm-specific climate risk and market valuation,2024,3,Henk Berkman; Jonathan Jona; Naomi S. Soderstrom,10.1016/j.aos.2024.101547,https://doi.org/10.1016/j.aos.2024.101547,https://doi.org/10.1016/j.aos.2024.101547,A*,Q1,0.99995541,219,68.6264,closed,,published,ORCID
Naomi Soderstrom,0000-0001-7602-9182,5569,The European Accounting Review,Can Technology-Enabled Advanced Monitoring Systems Influence Individual Performance and Team Dynamics?,2023,4,Margaret A. Abernethy; Kevin Chin; Sujay Nair; Naomi S. Soderstrom,10.1080/09638180.2022.2060845,https://doi.org/10.1080/09638180.2022.2060845,https://doi.org/10.1080/09638180.2022.2060845,A*,Q1,0.85803975,6,1.3107,closed,,published,ORCID
Naomi Soderstrom,0000-0001-7602-9182,5569,Journal of Management Accounting Research,"Career Concerns, Contract Choice, and “Unpaid” Executives",2023,3,Hui Chen; Wei Luo; Naomi S. Soderstrom,10.2308/jmar-2020-004,https://doi.org/10.2308/jmar-2020-004,https://doi.org/10.2308/jmar-2020-004,A*,Q1,0.58555754,2,0.2766,green,https://www.zora.uzh.ch/handle/20.500.14742/223284,published,ORCID
Naomi Soderstrom,0000-0001-7602-9182,5569,Journal of Management Accounting Research,Management Accounting Research Opportunities in Climate Change Reporting,2023,2,Jonathan Jona; Naomi S. Soderstrom,10.2308/jmar-2023-022,https://doi.org/10.2308/jmar-2023-022,https://doi.org/10.2308/jmar-2023-022,A*,Q1,0.92635676,14,3.4161,closed,,published,ORCID
Naomi Soderstrom,0000-0001-7602-9182,5569,Journal of Management Accounting Research,Sustainability and Management Accounting Research,2023,3,Mandy Man-sum Cheng; Paolo Perego; Naomi S. Soderstrom,10.2308/jmar-2023-054,https://doi.org/10.2308/jmar-2023-054,https://doi.org/10.2308/jmar-2023-054,A*,Q1,0.8890541,9,2.1961,green,https://bia.unibz.it/esploro/outputs/journalArticle/Sustainability-and-Management-Accounting-Research/991006718494201241,published,ORCID
Naomi Soderstrom,0000-0001-7602-9182,5569,Australian Accounting Review,Task Force on Climate-related Financial Disclosures (TCFD) Implementation: An Overview and Insights from the Australian Accounting Standards Board Dialogue Series,2022,5,Wai Fong Chua; Ramana James; Adrian King; Eric Lee; Naomi S. Soderstrom,10.1111/auar.12388,https://doi.org/10.1111/auar.12388,https://doi.org/10.1111/auar.12388,B,Q2,0.98125783,66,9.8687,hybrid,https://onlinelibrary.wiley.com/doi/pdfdirect/10.1111/auar.12388,published,ORCID
Naomi Soderstrom,0000-0001-7602-9182,5569,Journal of Accounting and Public Policy,The impact of country institutional factors on firm disclosure: Cybersecurity disclosures in Chinese cross-listed firms,2022,3,Thomas Barry; Jonathan Jona; Naomi S. Soderstrom,10.1016/j.jaccpubpol.2022.106998,https://doi.org/10.1016/j.jaccpubpol.2022.106998,https://doi.org/10.1016/j.jaccpubpol.2022.106998,A*,Q1,0.9795365,35,8.5755,closed,,published,ORCID
Naomi Soderstrom,0000-0001-7602-9182,5569,Pacific-Basin Finance Journal,Firm value and government commitment to combating climate change,2019,3,Henk Berkman; Jonathan Jona; Naomi S. Soderstrom,10.1016/j.pacfin.2018.11.003,https://doi.org/10.1016/j.pacfin.2018.11.003,https://doi.org/10.1016/j.pacfin.2018.11.003,A,Q1,0.92417163,49,3.3096,green,https://papers.ssrn.com/sol3/papers.cfm?abstract_id=3420466,published,ORCID
Naomi Soderstrom,0000-0001-7602-9182,5569,Meditari Accountancy Research,Putting some “sense” into our research,2019,1,Naomi S. Soderstrom,10.1108/medar-11-2018-0396,https://doi.org/10.1108/medar-11-2018-0396,https://doi.org/10.1108/medar-11-2018-0396,A,Q1,0.62981099,2,0.1709,closed,,published,ORCID
Naomi Soderstrom,0000-0001-7602-9182,5569,Pacific-Basin Finance Journal,Responsible science: Celebrating the 50-year legacy of Ball and Brown (1968) using a registration-based framework,2019,28,Hiroyuki Aman; Wendy Beekes; Henk Berkman; Marc J. M. Bohmann; Michael Eric Bradbury; Larelle Law Chapple; Millicent Chang; Victoria J. Clout; Robert W. Faff; Jianlei Han; David Hillier; Allan Hodgson; Bryan A. Howieson; Jonathan Jona; Martina K. Linnenluecke; Tiago Loncan; Bronwyn McCredie; David Michayluk; Nick Mroczkowski; Zheyao Pan; Vinay Patel; Edward J. Podolski; Naomi S. Soderstrom; Tom Smith; George Tanewski; Kathleen D. Walsh; Marvin Wee; Sue Wright,10.1016/j.pacfin.2019.05.002,https://doi.org/10.1016/j.pacfin.2019.05.002,https://doi.org/10.1016/j.pacfin.2019.05.002,A,Q1,0.84217793,20,1.4305,green,https://eprints.lancs.ac.uk/id/eprint/134892/1/LeadArticle_PBFJ_RegisteredPitch_SpecialIssue_20190417_MW.pdf,published,ORCID
Naomi Soderstrom,0000-0001-7602-9182,5569,Journal of Accounting and Public Policy,Cybersecurity awareness and market valuations,2018,4,Henk Berkman; Jonathan Jona; Gladys Lee; Naomi S. Soderstrom,10.1016/j.jaccpubpol.2018.10.003,https://doi.org/10.1016/j.jaccpubpol.2018.10.003,https://doi.org/10.1016/j.jaccpubpol.2018.10.003,A*,Q1,0.98848861,205,15.2631,green,https://hdl.handle.net/2292/46155,published,ORCID
Naomi Soderstrom,0000-0001-7602-9182,5569,Journal of Accounting and Public Policy,Market response to expected regulatory costs related to haze,2017,3,Chao Kevin Li; Jin‐hui Luo; Naomi S. Soderstrom,10.1016/j.jaccpubpol.2017.03.002,https://doi.org/10.1016/j.jaccpubpol.2017.03.002,https://doi.org/10.1016/j.jaccpubpol.2017.03.002,A*,Q1,0.95204624,26,5.4882,closed,,published,ORCID
Naomi Soderstrom,0000-0001-7602-9182,5569,China Journal of Accounting Studies,"Approaching Research Broadly, Not Just Deeply: The Case of Real Activities Manipulation",2016,2,Naomi S. Soderstrom; Jeff Zeyun Chen,10.1080/21697213.2016.1218634,https://doi.org/10.1080/21697213.2016.1218634,https://doi.org/10.1080/21697213.2016.1218634,B,Q2,,3,,closed,,published,ORCID
Naomi Soderstrom,0000-0001-7602-9182,5569,Accounting and Business Research,When do stock analysts find bond rating changes informative?,2016,3,Boochun Jung; Konduru Sivaramakrishnan; Naomi S. Soderstrom,10.1080/00014788.2015.1014464,https://doi.org/10.1080/00014788.2015.1014464,https://doi.org/10.1080/00014788.2015.1014464,A,Q1,0.72671698,5,0.4454,green,https://papers.ssrn.com/sol3/papers.cfm?abstract_id=2557815,published,ORCID
Naomi Soderstrom,0000-0001-7602-9182,5569,Journal of Management Accounting Research,Cost structure and sticky costs,2014,3,Ramji Balakrishnan; Eva Labro; Naomi S. Soderstrom,10.2308/jmar-50831,https://doi.org/10.2308/jmar-50831,https://doi.org/10.2308/jmar-50831,A*,Q1,0.99612912,225,32.416,closed,,published,ORCID
Naomi Soderstrom,0000-0001-7602-9182,5569,Contemporary Accounting Research,Earnings smoothing activities of firms to manage credit ratings*,2013,3,Boochun Jung; Naomi S. Soderstrom; Yanhua Sunny Yang,10.1111/j.1911-3846.2012.01170.x,https://doi.org/10.1111/j.1911-3846.2012.01170.x,https://doi.org/10.1111/j.1911-3846.2012.01170.x,A*,Q1,0.99018312,198,18.7149,closed,,published,ORCID
Naomi Soderstrom,0000-0001-7602-9182,5569,The European Accounting Review,Managing in a Complex World: Accounting and Governance Choices in Hospitals,2013,2,Eddy Cardinaels; Naomi S. Soderstrom,10.1080/09638180.2013.842493,https://doi.org/10.1080/09638180.2013.842493,https://doi.org/10.1080/09638180.2013.842493,A*,Q1,0.96651999,80,6.8255,closed,,published,ORCID
Naomi Soderstrom,0000-0001-7602-9182,5569,Anesthesia and Analgesia,Success of commonly used operating room management tools in reducing tardiness of first case of the day starts: Evidence from German hospitals,2012,5,Christian Ernst; Andrea Szczesny; Naomi S. Soderstrom; Frank Siegmund; Alexander Schleppers,10.1213/ane.0b013e31825c0486,https://doi.org/10.1213/ane.0b013e31825c0486,https://doi.org/10.1213/ane.0b013e31825c0486,,Q1,0.90081825,22,2.8507,closed,,published,ORCID
Naomi Soderstrom,0000-0001-7602-9182,5569,The Accounting Review,Earnings management using real activities: Evidence from nonprofit hospitals,2011,4,Leslie G. Eldenburg; Katherine A. Gunny; Kevin W. Hee; Naomi S. Soderstrom,10.2308/accr-10095,https://doi.org/10.2308/accr-10095,https://doi.org/10.2308/accr-10095,A*,Q1,0.98991144,212,19.2494,green,https://papers.ssrn.com/sol3/Delivery.cfm/SSRN_ID1819381_code95221.pdf?abstractid=1004180&mirid=1,published,ORCID
Naomi Soderstrom,0000-0001-7602-9182,5569,"Accounting, Organizations and Society",Behavioral changes following the collaborative development of an accounting information system,2010,4,Leslie G. Eldenburg; Naomi S. Soderstrom; Veronda F. Willis; Anne Wu,10.1016/j.aos.2009.07.005,https://doi.org/10.1016/j.aos.2009.07.005,https://doi.org/10.1016/j.aos.2009.07.005,A*,Q1,0.94593346,78,4.9797,closed,,published,ORCID
Naomi Soderstrom,0000-0001-7602-9182,5569,Journal of Accounting Research,The Influence of Institutional Constraints on Outsourcing,2010,4,Ramji Balakrishnan; Leslie G. Eldenburg; Ranjani Krishnan; Naomi S. Soderstrom,10.1111/j.1475-679x.2010.00381.x,https://doi.org/10.1111/j.1475-679x.2010.00381.x,https://doi.org/10.1111/j.1475-679x.2010.00381.x,A*,Q1,0.95303398,74,4.8236,green,https://papers.ssrn.com/sol3/Delivery.cfm/SSRN_ID1574404_code75268.pdf?abstractid=1574404&mirid=1,published,ORCID
Naomi Soderstrom,0000-0001-7602-9182,5569,The Accounting Review,Accounting for Sustainability,2008,1,Stephen A. Zeff,10.2308/accr.2008.83.5.1383,https://doi.org/10.2308/accr.2008.83.5.1383,https://doi.org/10.2308/accr.2008.83.5.1383,A*,Q1,,0,,closed,,published,ORCID
Naomi Soderstrom,0000-0001-7602-9182,5569,The European Accounting Review,The value relevance of greenhouse gas emissions allowances: An exploratory study in the related united states SO 2 market,2008,3,Derek M. Johnston; Stephan E. Sefcik; Naomi S. Soderstrom,10.1080/09638180802481615,https://doi.org/10.1080/09638180802481615,https://doi.org/10.1080/09638180802481615,A*,Q1,0.97231498,133,7.4785,green,https://papers.ssrn.com/sol3/Delivery.cfm?abstractid=1262508,published,ORCID
Naomi Soderstrom,0000-0001-7602-9182,5569,Journal of Accounting and Public Policy,Executive compensation and non-financial risk: An empirical examination,2007,4,Katherine M. Campbell; Derek M. Johnston; Stephan E. Sefcik; Naomi S. Soderstrom,10.1016/j.jaccpubpol.2007.05.001,https://doi.org/10.1016/j.jaccpubpol.2007.05.001,https://doi.org/10.1016/j.jaccpubpol.2007.05.001,A*,Q1,0.94246211,78,4.1193,closed,,published,ORCID
Naomi Soderstrom,0000-0001-7602-9182,5569,The European Accounting Review,IFRS adoption and accounting quality: A review,2007,2,Naomi S. Soderstrom; Kevin Jialin Sun,10.1080/09638180701706732,https://doi.org/10.1080/09638180701706732,https://doi.org/10.1080/09638180701706732,A*,Q1,0.99745832,927,45.2142,green,https://papers.ssrn.com/sol3/Delivery.cfm/SSRN_ID1008416_code517532.pdf?abstractid=1008416&mirid=1,published,ORCID
Naomi Soderstrom,0000-0001-7602-9182,5569,Journal of Management Accounting Research,Spending Patterns with Lapsing Budgets: Evidence from U.S. Army Hospitals,2007,3,Ramji Balakrishnan; Naomi S. Soderstrom; Timothy D. West,10.2308/jmar.2007.19.1.1,https://doi.org/10.2308/jmar.2007.19.1.1,https://doi.org/10.2308/jmar.2007.19.1.1,A*,Q1,0.90640088,29,1.803,closed,,published,ORCID
Naomi Soderstrom,0000-0001-7602-9182,5569,Journal of Accounting Auditing and Finance,Does Capacity Utilization Affect the “Stickiness” of Cost?,2004,3,Ramji Balakrishnan; Michael J. Petersen; Naomi S. Soderstrom,10.1177/0148558x0401900303,https://doi.org/10.1177/0148558x0401900303,https://doi.org/10.1177/0148558x0401900303,A,Q1,0.97121012,254,8.7713,closed,,published,ORCID
Naomi Soderstrom,0000-0001-7602-9182,5569,Review of Quantitative Finance and Accounting,Disclosure of private information and reduction of uncertainty: Environmental liabilities in the chemical industry,2003,3,Katherine M. Campbell; Stephan E. Sefcik; Naomi S. Soderstrom,10.1023/b:requ.0000004783.24513.ea,https://doi.org/10.1023/b:requ.0000004783.24513.ea,https://doi.org/10.1023/b:requ.0000004783.24513.ea,B,Q2,0.90094052,77,1.1772,closed,,published,ORCID
Naomi Soderstrom,0000-0001-7602-9182,5569,Journal of Management Accounting Research,The Cost of System Congestion: Evidence from the Healthcare Sector,2000,2,Ramji Balakrishnan; Naomi S. Soderstrom,10.2308/jmar.2000.12.1.97,https://doi.org/10.2308/jmar.2000.12.1.97,https://doi.org/10.2308/jmar.2000.12.1.97,A*,Q1,0.8828261,34,1.1023,closed,,published,ORCID
Naomi Soderstrom,0000-0001-7602-9182,5569,Journal of Accounting and Economics,Nuclear decommissioning costs: The impact of recoverability risk on valuation,2000,3,Julia M. D'Souza; John S. Jacob; Naomi S. Soderstrom,10.1016/s0165-4101(00)00020-3,https://doi.org/10.1016/s0165-4101(00)00020-3,https://doi.org/10.1016/s0165-4101(00)00020-3,A*,Q1,0.86315553,26,1.9454,hybrid,https://doi.org/10.1016/s0165-4101(00)00020-3,published,ORCID
Naomi Soderstrom,0000-0001-7602-9182,5569,Journal of Accounting Education,Trident utility: Accounting for nuclear decommissioning costs,2000,,,10.1016/s0748-5751(00)00012-9,https://doi.org/10.1016/s0748-5751(00)00012-9,https://doi.org/10.1016/s0748-5751(00)00012-9,B,Q2,,,,,,published,ORCID
Naomi Soderstrom,0000-0001-7602-9182,5569,JAMA,Interpreting cost analyses of clinical interventions,1998,1,E. Andrew Balas,10.1001/jama.279.1.54,https://doi.org/10.1001/jama.279.1.54,https://doi.org/10.1001/jama.279.1.54,,Q1,0.99555281,52,32.7916,closed,,published,ORCID
Naomi Soderstrom,0000-0001-7602-9182,5569,Journal of Accounting and Public Policy,Measuring corporate environmental performance,1998,3,Anne Y. Ilinitch; Naomi S. Soderstrom; Tom E. Thomas,10.1016/s0278-4254(98)10012-1,https://doi.org/10.1016/s0278-4254(98)10012-1,https://doi.org/10.1016/s0278-4254(98)10012-1,A*,Q1,0.99179581,482,21.1969,closed,,published,ORCID
Naomi Soderstrom,0000-0001-7602-9182,5569,Journal of Accounting and Public Policy,"Site uncertainty, allocation uncertainty, and superfund liability valuation",1998,3,Katherine M. Campbell; Stephan E. Sefcik; Naomi S. Soderstrom,10.1016/s0278-4254(98)10009-1,https://doi.org/10.1016/s0278-4254(98)10009-1,https://doi.org/10.1016/s0278-4254(98)10009-1,A*,Q1,0.96355685,50,6.2141,closed,,published,ORCID
Naomi Soderstrom,0000-0001-7602-9182,5569,Issues in Accounting Education,Accounting Through Green-Colored Glasses: Teaching Environmental Accounting.,1997,3,Stephan E. Sefcik; Naomi S. Soderstrom; Christopher H. Stinson,10.2308/iae-9708293793,https://doi.org/10.2308/iae-9708293793,https://doi.org/10.2308/iae-9708293793,A,Q2,0.76290909,0,0.0,closed,,published,ORCID
Naomi Soderstrom,0000-0001-7602-9182,5569,Review of Accounting Studies,The accuracy of proportional cost models: Evidence from Hospital Service Departments,1997,2,Eric W. Noreen; Naomi S. Soderstrom,10.1023/a:1018325711417,https://doi.org/10.1023/a:1018325711417,https://doi.org/10.1023/a:1018325711417,A*,Q1,0.93631875,317,3.4646,green,https://papers.ssrn.com/sol3/papers.cfm?abstract_id=10615,published,ORCID
Naomi Soderstrom,0000-0001-7602-9182,5569,The Accounting Review,Accounting system management by hospitals operating in a changing regulatory environment,1996,2,Leslie G. Eldenburg; Naomi S. Soderstrom,10.2308/tar-9602190347,https://doi.org/10.2308/tar-9602190347,https://doi.org/10.2308/tar-9602190347,A*,Q1,0.96760179,79,7.2548,closed,,published,ORCID
Naomi Soderstrom,0000-0001-7602-9182,5569,Journal of Accounting and Economics,Are overhead costs strictly proportional to activity?. Evidence from hospital departments,1994,3,Eric W. Noreen; Eric W. Noreen; Naomi S. Soderstrom,10.1016/0165-4101(94)90012-4,https://doi.org/10.1016/0165-4101(94)90012-4,https://doi.org/10.1016/0165-4101(94)90012-4,A*,Q1,0.97765351,231,11.1137,closed,,published,ORCID
Naomi Soderstrom,0000-0001-7602-9182,5569,Journal of Accounting and Public Policy,Hospital behavior under Medicare incentives,1993,1,Naomi S. Soderstrom,10.1016/0278-4254(93)90010-9,https://doi.org/10.1016/0278-4254(93)90010-9,https://doi.org/10.1016/0278-4254(93)90010-9,A*,Q1,0.85915397,37,1.3489,closed,,published,ORCID
Naomi Soderstrom,0000-0001-7602-9182,5569,Data Base for Advances in Information Systems,The effects of information on incentives in health care,1986,1,Naomi S. Soderstrom,10.1145/1113523.1113537,https://doi.org/10.1145/1113523.1113537,https://doi.org/10.1145/1113523.1113537,A,Q2,0.23998601,0,0.0,closed,,published,ORCID
Martin Weisner,0000-0003-1702-6277,127594,Journal of Information Systems,Perspectives on past and future AIS research as the journal of information systems turns thirty,2016,5,Kevin C. Moffitt; Vernon J. Richardson; Neal M. Snow; Martin Weisner; David Alvra Wood,10.2308/isys-51495,https://doi.org/10.2308/isys-51495,https://doi.org/10.2308/isys-51495,A,Q1,0.95262971,32,5.1717,closed,,published,ORCID
Martin Weisner,0000-0003-1702-6277,127594,Behavioral Research in Accounting,Using construal level theory to motivate accounting research: A literature review,2015,1,Martin Weisner,10.2308/bria-51063,https://doi.org/10.2308/bria-51063,https://doi.org/10.2308/bria-51063,A,Q2,0.79252306,38,1.067,green,https://stars.library.ucf.edu/scopus2015/2178,published,ORCID
Martin Weisner,0000-0003-1702-6277,127594,International Journal of Accounting Information Systems,When the world isn't always flat: The impact of psychological distance on auditors' reliance on specialists,2015,2,Martin Weisner; Steve G. Sutton,10.1016/j.accinf.2014.11.001,https://doi.org/10.1016/j.accinf.2014.11.001,https://doi.org/10.1016/j.accinf.2014.11.001,A,Q1,0.92450444,25,3.3371,green,https://stars.library.ucf.edu/facultybib2010/6868,published,ORCID
Martin Weisner,0000-0003-1702-6277,127594,Journal of Emerging Technologies in Accounting,Lessons from the literature on the theory of technology dominance: Possibilities for an extended research framework,2014,2,Anis Triki; Martin Weisner,10.2308/jeta-51078,https://doi.org/10.2308/jeta-51078,https://doi.org/10.2308/jeta-51078,B,Q2,0.9197409,25,2.4937,green,https://stars.library.ucf.edu/scopus2010/8320,published,ORCID
Qingbo Yuan,0000-0003-4660-4283,1556,Journal of Accounting Auditing and Finance,Mutual-Fund-Affiliated Analysts and Stock Price Synchronicity: Evidence From China,2018,4,Xuanyu Jiang; Nianhang Xu; Qingbo Yuan; Kam C. Chan,10.1177/0148558x16658372,https://doi.org/10.1177/0148558x16658372,https://doi.org/10.1177/0148558x16658372,A,Q1,0.77717961,24,0.834,closed,,published,ORCID
Qingbo Yuan,0000-0003-4660-4283,1556,Journal of Corporate Finance,Institutional investors' corporate site visits and corporate innovation,2018,2,Xuanyu Jiang; Qingbo Yuan,10.1016/j.jcorpfin.2017.09.019,https://doi.org/10.1016/j.jcorpfin.2017.09.019,https://doi.org/10.1016/j.jcorpfin.2017.09.019,A*,Q1,0.99107568,432,17.7967,closed,,published,ORCID
Qingbo Yuan,0000-0003-4660-4283,1556,Journal of Corporate Finance,"Founder's political connections, second generation involvement, and family firm performance: Evidence from China",2015,4,Nianhang Xu; Qingbo Yuan; Xuanyu Jiang; Kam C. Chan,10.1016/j.jcorpfin.2015.01.004,https://doi.org/10.1016/j.jcorpfin.2015.01.004,https://doi.org/10.1016/j.jcorpfin.2015.01.004,A*,Q1,0.99535637,239,30.46,closed,,published,ORCID
Qingbo Yuan,0000-0003-4660-4283,1556,Journal of Corporate Finance,Excess perks and stock price crash risk: Evidence from China,2014,4,Nianhang Xu; Xiaorong Li; Qingbo Yuan; Kam C. Chan,10.1016/j.jcorpfin.2014.01.006,https://doi.org/10.1016/j.jcorpfin.2014.01.006,https://doi.org/10.1016/j.jcorpfin.2014.01.006,A*,Q1,0.99512035,671,30.0441,closed,,published,ORCID
Qingbo Yuan,0000-0003-4660-4283,1556,European Financial Management,"Political Connections, Financing Friction, and Corporate Investment: Evidence from Chinese Listed Family Firms",2013,3,Nianhang Xu; Xinzhong Xu; Qingbo Yuan,10.1111/j.1468-036x.2011.00591.x,https://doi.org/10.1111/j.1468-036x.2011.00591.x,https://doi.org/10.1111/j.1468-036x.2011.00591.x,A,Q1,0.96216351,209,6.6737,closed,,published,ORCID
Qingbo Yuan,0000-0003-4660-4283,1556,Asia-Pacific Journal of Financial Studies,Dark Side of Institutional Shareholder Activism in Emerging Markets: Evidence from China's Split Share Structure Reform,2011,3,Yamin Zeng; Qingbo Yuan; Junsheng Zhang,10.1111/j.2041-6156.2011.01041.x,https://doi.org/10.1111/j.2041-6156.2011.01041.x,https://doi.org/10.1111/j.2041-6156.2011.01041.x,B,Q2,0.93005036,14,3.3148,bronze,https://onlinelibrary.wiley.com/doi/pdfdirect/10.1111/j.2041-6156.2011.01041.x,published,ORCID
Attila Balogh,0000-0002-7026-1965,172695,Review of Corporate Finance Studies,Does Stakeholder Outrage Determine Executive Pay?,2024,3,Attila Balogh; Danika Wright; Jason Zein,10.1093/rcfs/cfae022,https://doi.org/10.1093/rcfs/cfae022,https://doi.org/10.1093/rcfs/cfae022,A*,Q1,0.88329936,3,1.5843,hybrid,https://doi.org/10.1093/rcfs/cfae022,published,ORCID
James Brugler,0000-0002-3905-6007,117315,Financial Review (US),Market Liquidity and Bond Prices in a Small Open Economy,2026,,,10.1111/fire.70047,https://doi.org/10.1111/fire.70047,https://doi.org/10.1111/fire.70047,A,Q2,,,,,,published,ORCID
James Brugler,0000-0002-3905-6007,117315,Australian Journal of Management,Liquidity shocks and pension fund performance: Evidence from early access,2022,3,James Brugler; Minsoo Kim; Zhuo Zhong,10.1177/03128962221127804,https://doi.org/10.1177/03128962221127804,https://doi.org/10.1177/03128962221127804,A,Q1,0.76259824,3,0.8299,closed,,published,ORCID
James Brugler,0000-0002-3905-6007,117315,Review of Finance,Secondary Market Transparency and Corporate Bond Issuing Costs,2022,3,James Brugler; Carole Comerton‐Forde; J. Spencer Martin,10.1093/rof/rfab017,https://doi.org/10.1093/rof/rfab017,https://doi.org/10.1093/rof/rfab017,A*,Q1,0.91566608,31,2.9153,closed,,published,ORCID
James Brugler,0000-0002-3905-6007,117315,Journal of Financial and Quantitative Analysis,Interactions among High-Frequency Traders,2017,4,Evangelos Benos; James Brugler; Erik Hjalmarsson; Filip Žikeš,10.1017/s0022109017000485,https://doi.org/10.1017/s0022109017000485,https://doi.org/10.1017/s0022109017000485,A*,Q1,0.93478707,32,3.707,green,https://nottingham-repository.worktribe.com/preview/4330019/interactions%20among%20high%20frequency%20traders.pdf,published,ORCID
James Brugler,0000-0002-3905-6007,117315,Economics Letters,Testing preference stability between couples and singles,2016,1,James Brugler,10.1016/j.econlet.2016.02.026,https://doi.org/10.1016/j.econlet.2016.02.026,https://doi.org/10.1016/j.econlet.2016.02.026,A,Q2,0.86190637,15,1.7896,closed,,published,ORCID
Carole Comerton-Forde,0000-0002-1618-0371,25276,Accounting and Finance,Broker recommendations and Australian small-cap equity fund management,2011,4,Carole Comerton‐Forde; David R. Gallagher; Joyce Lai; Terry Stirling Walter,10.1111/j.1467-629x.2010.00374.x,https://doi.org/10.1111/j.1467-629x.2010.00374.x,https://doi.org/10.1111/j.1467-629x.2010.00374.x,A,Q1,0.75861916,4,0.3454,closed,,published,ORCID
Carole Comerton-Forde,0000-0002-1618-0371,25276,Accounting and Finance,Market microstructure: A review from down under,2011,2,Henk Berkman; Carole Comerton‐Forde,10.1111/j.1467-629x.2010.00377.x,https://doi.org/10.1111/j.1467-629x.2010.00377.x,https://doi.org/10.1111/j.1467-629x.2010.00377.x,A,Q1,0.77254833,13,0.7277,closed,,published,ORCID
Carole Comerton-Forde,0000-0002-1618-0371,25276,Journal of Financial Intermediation,Measuring closing price manipulation,2011,2,Carole Comerton‐Forde; Tālis J. Putniņš,10.1016/j.jfi.2010.03.003,https://doi.org/10.1016/j.jfi.2010.03.003,https://doi.org/10.1016/j.jfi.2010.03.003,A*,Q1,0.977903,171,9.3254,closed,,published,ORCID
Carole Comerton-Forde,0000-0002-1618-0371,25276,Experimental Economics,"Pricing accuracy, liquidity and trader behavior with closing price manipulation",2011,2,Carole Comerton‐Forde; Tālis J. Putniņš,10.1007/s10683-010-9259-z,https://doi.org/10.1007/s10683-010-9259-z,https://doi.org/10.1007/s10683-010-9259-z,A*,Q1,0.88780373,22,2.3274,green,http://link.springer.com/10.1007/s10683-010-9259-z,published,ORCID
Carole Comerton-Forde,0000-0002-1618-0371,25276,Pacific-Basin Finance Journal,Stealth trading: The case of the Tokyo Stock Exchange,2011,3,Asli Ascioglu; Carole Comerton‐Forde; Thomas H. McInish,10.1016/j.pacfin.2010.10.001,https://doi.org/10.1016/j.pacfin.2010.10.001,https://doi.org/10.1016/j.pacfin.2010.10.001,A,Q1,0.9161598,35,2.9957,closed,,published,ORCID
Carole Comerton-Forde,0000-0002-1618-0371,25276,Journal of Financial and Quantitative Analysis,Why Do Traders Choose to Trade Anonymously?,2011,3,Carole Comerton‐Forde; Tālis J. Putniņš; Kar Mei Tang,10.1017/s0022109011000214,https://doi.org/10.1017/s0022109011000214,https://doi.org/10.1017/s0022109011000214,A*,Q1,0.89851527,29,2.6886,green,https://papers.ssrn.com/sol3/Delivery.cfm/SSRN_ID1769785_code855598.pdf?abstractid=1769785,published,ORCID
Carole Comerton-Forde,0000-0002-1618-0371,25276,Japan and the World Economy,An examination of minimum tick sizes on the Tokyo Stock Exchange,2010,3,Asli Ascioglu; Carole Comerton‐Forde; Thomas H. McInish,10.1016/j.japwor.2009.06.006,https://doi.org/10.1016/j.japwor.2009.06.006,https://doi.org/10.1016/j.japwor.2009.06.006,B,Q1,0.82740858,20,1.0355,closed,,published,ORCID
Carole Comerton-Forde,0000-0002-1618-0371,25276,Australian Journal of Management,Investment manager skill in small-cap equities,2010,4,Cong Chen; Carole Comerton‐Forde; David R. Gallagher; Terry Stirling Walter,10.1177/0312896209354216,https://doi.org/10.1177/0312896209354216,https://doi.org/10.1177/0312896209354216,A,Q1,0.92842881,24,3.4538,closed,,published,ORCID
Carole Comerton-Forde,0000-0002-1618-0371,25276,The Journal of Finance,Time variation in liquidity: The role of market-maker inventories and revenues,2010,5,Carole Comerton‐Forde; Terrence J. Hendershott; Charles M. Jones; Pamela C. Moulton; Mark S. Seasholes,10.1111/j.1540-6261.2009.01530.x,https://doi.org/10.1111/j.1540-6261.2009.01530.x,https://doi.org/10.1111/j.1540-6261.2009.01530.x,A*,Q1,0.99742645,411,34.193,closed,,published,ORCID
Carole Comerton-Forde,0000-0002-1618-0371,25276,Australian Journal of Management,Transaction costs and institutional trading in small-cap equity funds,2010,4,Carole Comerton‐Forde; David R. Gallagher; Jumana Nahhas; Terry Stirling Walter,10.1177/0312896210385284,https://doi.org/10.1177/0312896210385284,https://doi.org/10.1177/0312896210385284,A,Q1,0.86240405,10,1.3815,closed,,published,ORCID
Carole Comerton-Forde,0000-0002-1618-0371,25276,Journal of Financial Markets,"Anonymity, liquidity and fragmentation",2009,2,Carole Comerton‐Forde; Kar Mei Tang,10.1016/j.finmar.2008.12.001,https://doi.org/10.1016/j.finmar.2008.12.001,https://doi.org/10.1016/j.finmar.2008.12.001,A*,Q1,0.96060509,59,5.8913,closed,,published,ORCID
Carole Comerton-Forde,0000-0002-1618-0371,25276,Pacific-Basin Finance Journal,Special Section: Asia-Pacific Market Microstructure Foreword by the Guest Editor,2009,1,Carole Comerton‐Forde,10.1016/j.pacfin.2009.06.002,https://doi.org/10.1016/j.pacfin.2009.06.002,https://doi.org/10.1016/j.pacfin.2009.06.002,A,Q1,0.12639368,0,0.0,closed,,published,ORCID
Carole Comerton-Forde,0000-0002-1618-0371,25276,Review of Quantitative Finance and Accounting,Not all call auctions are created equal: Evidence from Hong Kong,2007,3,Carole Comerton‐Forde; James Rydge; Hayley Burridge,10.1007/s11156-007-0036-9,https://doi.org/10.1007/s11156-007-0036-9,https://doi.org/10.1007/s11156-007-0036-9,B,Q2,0.15208707,16,0.0,closed,,published,ORCID
Carole Comerton-Forde,0000-0002-1618-0371,25276,Pacific-Basin Finance Journal,Opening and closing behavior following the introduction of call auctions in Singapore,2007,3,Carole Comerton‐Forde; Sie Ting Lau; Thomas H. McInish,10.1016/j.pacfin.2006.04.002,https://doi.org/10.1016/j.pacfin.2006.04.002,https://doi.org/10.1016/j.pacfin.2006.04.002,A,Q1,0.95007391,74,5.032,closed,,published,ORCID
Carole Comerton-Forde,0000-0002-1618-0371,25276,Journal of Multinational Financial Management,Call auction algorithm design and market manipulation,2006,2,Carole Comerton‐Forde; James Rydge,10.1016/j.mulfin.2005.06.002,https://doi.org/10.1016/j.mulfin.2005.06.002,https://doi.org/10.1016/j.mulfin.2005.06.002,B,Q1,0.77351069,56,0.8342,green,https://autopapers.ssrn.com/sol3/papers.cfm?abstract_id=721342,published,ORCID
Carole Comerton-Forde,0000-0002-1618-0371,25276,Journal of Financial Services Research,Market integrity and surveillance effort,2006,2,Carole Comerton‐Forde; James Rydge,10.1007/s10693-006-5923-z,https://doi.org/10.1007/s10693-006-5923-z,https://doi.org/10.1007/s10693-006-5923-z,A,Q1,0.87670172,45,1.8361,green,https://papers.ssrn.com/sol3/papers.cfm?abstract_id=927132,published,ORCID
Carole Comerton-Forde,0000-0002-1618-0371,25276,Pacific-Basin Finance Journal,The current state of Asia-Pacific stock exchanges: A critical review of market design,2006,2,Carole Comerton‐Forde; James Rydge,10.1016/j.pacfin.2005.05.002,https://doi.org/10.1016/j.pacfin.2005.05.002,https://doi.org/10.1016/j.pacfin.2005.05.002,A,Q1,0.92432661,73,3.3001,green,https://papers.ssrn.com/sol3/papers.cfm?abstract_id=721343,published,ORCID
Carole Comerton-Forde,0000-0002-1618-0371,25276,Journal of Financial Markets,The influence of call auction algorithm rules on market efficiency,2006,2,Carole Comerton‐Forde; James Rydge,10.1016/j.finmar.2006.02.001,https://doi.org/10.1016/j.finmar.2006.02.001,https://doi.org/10.1016/j.finmar.2006.02.001,A*,Q1,0.9374451,72,4.4758,closed,,published,ORCID
Carole Comerton-Forde,0000-0002-1618-0371,25276,Accounting and Finance,Closing call auctions and liquidity,2005,3,Michael Aitken; Carole Comerton‐Forde; Alex Frino,10.1111/j.1467-629x.2005.00155.x,https://doi.org/10.1111/j.1467-629x.2005.00155.x,https://doi.org/10.1111/j.1467-629x.2005.00155.x,A,Q1,0.86616996,51,1.4665,closed,,published,ORCID
Carole Comerton-Forde,0000-0002-1618-0371,25276,Accounting and Finance,Do reductions in tick sizes influence liquidity?,2005,2,Michael Aitken; Carole Comerton‐Forde,10.1111/j.1467-629x.2004.00128.x,https://doi.org/10.1111/j.1467-629x.2004.00128.x,https://doi.org/10.1111/j.1467-629x.2004.00128.x,A,Q1,0.85582671,48,1.4667,bronze,https://onlinelibrary.wiley.com/doi/pdfdirect/10.1111/j.1467-629x.2004.00128.x,published,ORCID
Carole Comerton-Forde,0000-0002-1618-0371,25276,Accounting and Finance,How broker ability affects institutional trading costs,2005,4,Carole Comerton‐Forde; Christian Fernandez; Alex Frino; Teddy N. Oetomo,10.1111/j.1467-629x.2005.00139.x,https://doi.org/10.1111/j.1467-629x.2005.00139.x,https://doi.org/10.1111/j.1467-629x.2005.00139.x,A,Q1,0.80572152,20,0.7332,closed,,published,ORCID
Carole Comerton-Forde,0000-0002-1618-0371,25276,Journal of Economics and Business,"The impact of limit order anonymity on liquidity: Evidence from Paris, Tokyo and Korea",2005,3,Carole Comerton‐Forde; Alex Frino; Vito Mollica,10.1016/j.jeconbus.2005.05.001,https://doi.org/10.1016/j.jeconbus.2005.05.001,https://doi.org/10.1016/j.jeconbus.2005.05.001,B,Q1,0.96032859,60,5.3552,closed,,published,ORCID
Carole Comerton-Forde,0000-0002-1618-0371,25276,Pacific-Basin Finance Journal,How should liquidity be measured?,2003,2,Michael Aitken; Carole Comerton‐Forde,10.1016/s0927-538x(02)00093-8,https://doi.org/10.1016/s0927-538x(02)00093-8,https://doi.org/10.1016/s0927-538x(02)00093-8,A,Q1,0.9244727,168,3.3117,closed,,published,ORCID
Marina Gertsberg,0000-0003-4682-3654,169936,Journal of Financial and Quantitative Analysis,Appointing Charity Directors in Response to ESG Incidents,2026,3,Marina Gertsberg; Hae Won Jung; Yuyang Zhang,10.1017/s0022109026103056,https://doi.org/10.1017/s0022109026103056,https://doi.org/10.1017/s0022109026103056,A*,Q1,0.00129411,2,0.0,hybrid,https://doi.org/10.1017/s0022109026103056,published,ORCID
Marina Gertsberg,0000-0003-4682-3654,169936,The Journal of Finance,The Unintended Consequences of #MeToo: Evidence from Research Collaborations in Economics and Finance,2026,,,10.1111/jofi.70075,https://doi.org/10.1111/jofi.70075,https://doi.org/10.1111/jofi.70075,A*,Q1,,,,,,published,ORCID
Marina Gertsberg,0000-0003-4682-3654,169936,AEA Papers and Proceedings,Navigating Policy Specificity in Academia: The Evolution of Sexual Harassment Policies around #MeToo,2024,1,Marina Gertsberg,10.1257/pandp.20241027,https://doi.org/10.1257/pandp.20241027,https://doi.org/10.1257/pandp.20241027,,,0.87994466,4,2.4102,closed,,published,ORCID
Marina Gertsberg,0000-0003-4682-3654,169936,Management Science,The Disciplining Effect of Status: Evaluator Status Awards and Observed Gender Bias in Evaluations,2022,2,Tristan L. Botelho; Marina Gertsberg,10.1287/mnsc.2021.4161,https://doi.org/10.1287/mnsc.2021.4161,https://doi.org/10.1287/mnsc.2021.4161,A*,Q1,0.9632287,42,5.2695,closed,,published,ORCID
André Gygax,0000-0001-7265-9400,223,IEEE Wireless Communications,Semantic Communication-Enabled Multi-Access Edge Computing Network Resource Optimization in the 6G Era,2026,6,Ming Gao Yan; Haorong Guo; Chien Aun Chan; André F. Gygax; Chunguo Li; I Chih‐Lin,10.1109/mwc.2025.3600791,https://doi.org/10.1109/mwc.2025.3600791,https://doi.org/10.1109/mwc.2025.3600791,,Q1,0.99964452,29,79.0197,closed,,published,ORCID
André Gygax,0000-0001-7265-9400,223,IEEE Communications Magazine,Intelligent and Efficient UAV Delivery for Low-Altitude Economy Networking: Path Planning and Energy Consumption Optimization,2026,6,Ming Yan; Peiying Yu; Chien Aun Chan; André F. Gygax; Chunguo Li; I Chih‐Lin,10.1109/mcom.001.2500729,https://doi.org/10.1109/mcom.001.2500729,https://doi.org/10.1109/mcom.001.2500729,,Q1,0.9848798,2,13.6722,closed,,published,ORCID
André Gygax,0000-0001-7265-9400,223,IEEE Transactions on Mobile Computing,Task Offloading Strategy Optimization Enabled by Deep Graph Reinforcement Learning in UAV-Assisted Vehicular Edge Computing Networks,2026,,,10.1109/tmc.2026.3736557,https://doi.org/10.1109/tmc.2026.3736557,https://doi.org/10.1109/tmc.2026.3736557,,Q1,,,,,,published,ORCID
André Gygax,0000-0001-7265-9400,223,IEEE Internet of Things Journal,Efficient Generation of Optimal UAV Trajectories With Uncertain Obstacle Avoidance in MEC Networks,2024,6,Ming Gao Yan; Chien Aun Chan; André F. Gygax; Chunguo Li; Ampalavanapillai T. Nirmalathas; I Chih‐Lin,10.1109/jiot.2024.3446664,https://doi.org/10.1109/jiot.2024.3446664,https://doi.org/10.1109/jiot.2024.3446664,,Q1,0.98798768,60,8.6507,closed,,published,ORCID
André Gygax,0000-0001-7265-9400,223,IEEE Sensors Journal,Energy Consumption Modeling and Optimization of UAV-Assisted MEC Networks Using Deep Reinforcement Learning,2024,6,Ming Gao Yan; Litong Zhang; Wei Jiang; Chien Aun Chan; André F. Gygax; Ampalavanapillai T. Nirmalathas,10.1109/jsen.2024.3370924,https://doi.org/10.1109/jsen.2024.3370924,https://doi.org/10.1109/jsen.2024.3370924,,Q1,0.99894461,65,53.1197,closed,,published,ORCID
André Gygax,0000-0001-7265-9400,223,IEEE Transactions on Vehicular Technology,Energy-Efficient Content Fetching Strategies in Cache-Enabled D2D Networks via an Actor-Critic Reinforcement Learning Structure,2024,6,Ming Gao Yan; Meiqi Luo; Chien Aun Chan; André F. Gygax; Chunguo Li; I Chih‐Lin,10.1109/tvt.2024.3419012,https://doi.org/10.1109/tvt.2024.3419012,https://doi.org/10.1109/tvt.2024.3419012,,Q1,0.97008961,33,6.2171,closed,,published,ORCID
André Gygax,0000-0001-7265-9400,223,Digital Communications and Networks,Time to forge ahead: The Internet of Things for healthcare,2023,4,Denzil L. Furtado; André F. Gygax; Chien Aun Chan; Ashley Ian Bush,10.1016/j.dcan.2022.06.007,https://doi.org/10.1016/j.dcan.2022.06.007,https://doi.org/10.1016/j.dcan.2022.06.007,,Q1,0.84973026,20,1.8375,gold,https://www.sciencedirect.com/science/article/pii/S2352864822001298/pdf,published,ORCID
André Gygax,0000-0001-7265-9400,223,Journal of Mathematical Sociology,An option-theoretic model of a reputation network,2019,2,Kim R. Sawyer; André F. Gygax,10.1080/0022250x.2018.1545769,https://doi.org/10.1080/0022250x.2018.1545769,https://doi.org/10.1080/0022250x.2018.1545769,,Q2,0.61242964,1,0.1965,closed,,published,ORCID
André Gygax,0000-0001-7265-9400,223,IEEE Access,Assessing the Energy Consumption of Proactive Mobile Edge Caching in Wireless Networks,2019,6,Ming Gao Yan; Chien Aun Chan; Wenwen Li; Ling Lei; André F. Gygax; I Chih‐Lin,10.1109/access.2019.2931449,https://doi.org/10.1109/access.2019.2931449,https://doi.org/10.1109/access.2019.2931449,,Q1,0.96332781,55,5.945,gold,https://ieeexplore.ieee.org/ielx7/6287639/8600701/08777166.pdf,published,ORCID
André Gygax,0000-0001-7265-9400,223,Environmental Science & Technology,Methodologies for Assessing the Use-Phase Power Consumption and Greenhouse Gas Emissions of Telecommunications Network Services,2013,6,Chien Aun Chan; André F. Gygax; Elaine Wong; Christopher A. Leckie; Ampalavanapillai T. Nirmalathas; Daniel C. Kilper,10.1021/es303384y,https://doi.org/10.1021/es303384y,https://doi.org/10.1021/es303384y,,Q1,0.92674606,42,3.4097,closed,,published,ORCID
André Gygax,0000-0001-7265-9400,223,Optics Express,Energy efficiency of on-demand video caching systems and user behavior,2011,5,Chien Aun Chan; Elaine Wong; Ampalavanapillai T. Nirmalathas; André F. Gygax; Christopher A. Leckie,10.1364/oe.19.00b260,https://doi.org/10.1364/oe.19.00b260,https://doi.org/10.1364/oe.19.00b260,,Q1,0.85759571,9,1.6229,gold,https://doi.org/10.1364/oe.19.00b260,published,ORCID
André Gygax,0000-0001-7265-9400,223,Abacus,What Do Investment Banks Truly Bring to the Table?,2011,2,André F. Gygax; Stephanie Gwen Marie Ong,10.1111/j.1467-6281.2011.00336.x,https://doi.org/10.1111/j.1467-6281.2011.00336.x,https://doi.org/10.1111/j.1467-6281.2011.00336.x,A,Q2,0.15732324,4,0.0,closed,,published,ORCID
André Gygax,0000-0001-7265-9400,223,Financial Markets and Portfolio Management,Do venture capitalists imitate portfolio size?,2007,2,André F. Gygax; Anna Griffiths,10.1007/s11408-006-0040-4,https://doi.org/10.1007/s11408-006-0040-4,https://doi.org/10.1007/s11408-006-0040-4,B,Q3,0.90143454,5,1.739,closed,,published,ORCID
Joachim Inkmann,0000-0002-5526-7648,10095,Journal of Financial and Quantitative Analysis,Intra-Household Risk Sharing in Collective Portfolio Choice Models,2026,3,Joachim Inkmann; Alexander Michaelides; Yuxin Zhang,10.1017/s0022109026102920,https://doi.org/10.1017/s0022109026102920,https://doi.org/10.1017/s0022109026102920,A*,Q1,0.3131875,0,0.0,hybrid,https://doi.org/10.1017/s0022109026102920,published,ORCID
Joachim Inkmann,0000-0002-5526-7648,10095,Journal of Risk and Insurance,M ANAGING F INANCIALLY D ISTRESSED P ENSION P LANS IN THE I NTEREST OF B ENEFICIARIES,2017,3,Joachim Inkmann; David P. Blake; Zhen Shi,10.1111/jori.12090,https://doi.org/10.1111/jori.12090,https://doi.org/10.1111/jori.12090,A,Q1,0.94789824,11,4.3499,closed,,published,ORCID
Joachim Inkmann,0000-0002-5526-7648,10095,Journal of Pension Economics and Finance,Life-cycle patterns in the design and adoption of default funds in DC pension plans*,2016,2,Joachim Inkmann; Zhen Shi,10.1017/s1474747214000511,https://doi.org/10.1017/s1474747214000511,https://doi.org/10.1017/s1474747214000511,B,Q2,0.86300357,6,0.8549,bronze,https://www.cambridge.org/core/services/aop-cambridge-core/content/view/B8942995635D8E323A2CDE5D752E0235/S1474747214000511a.pdf/div-class-title-life-cycle-patterns-in-the-design-and-adoption-of-default-funds-in-dc-pension-plans-a-href-fns01-ref-type-fn-a-div.pdf,published,ORCID
Joachim Inkmann,0000-0002-5526-7648,10095,International Review of Finance,Parametric Portfolio Policies in the Surplus Consumption Ratio,2015,2,Joachim Inkmann; Zhen Shi,10.1111/irfi.12049,https://doi.org/10.1111/irfi.12049,https://doi.org/10.1111/irfi.12049,A,Q2,0.03843533,3,0.0,closed,,published,ORCID
Joachim Inkmann,0000-0002-5526-7648,10095,Journal of Risk and Insurance,Can the Life Insurance Market Provide Evidence for a Bequest Motive?,2012,2,Joachim Inkmann; Alexander Michaelides,10.1111/j.1539-6975.2011.01455.x,https://doi.org/10.1111/j.1539-6975.2011.01455.x,https://doi.org/10.1111/j.1539-6975.2011.01455.x,A,Q1,0.97777778,65,9.7011,closed,,published,ORCID
Joachim Inkmann,0000-0002-5526-7648,10095,The Review of Financial Studies,How Deep Is the Annuity Market Participation Puzzle?,2011,3,Joachim Inkmann; Paula Lopes; Alexander Michaelides,10.1093/rfs/hhq080,https://doi.org/10.1093/rfs/hhq080,https://doi.org/10.1093/rfs/hhq080,A*,Q1,0.99557639,315,32.4664,bronze,https://academic.oup.com/rfs/article-pdf/24/1/279/24441033/hhq080.pdf,published,ORCID
Joachim Inkmann,0000-0002-5526-7648,10095,Economica,Estimating Firm Size Elasticities of Product and Process R&D,2010,1,Joachim Inkmann,10.1111/j.1468-0335.2008.00768.x,https://doi.org/10.1111/j.1468-0335.2008.00768.x,https://doi.org/10.1111/j.1468-0335.2008.00768.x,A,Q1,0.12744723,3,0.0,closed,,published,ORCID
Joachim Inkmann,0000-0002-5526-7648,10095,Journal of Econometrics,Misspecified heteroskedasticity in the panel probit model: A small sample comparison of GMM and SML estimators,2000,1,Joachim Inkmann,10.1016/s0304-4076(99)00070-6,https://doi.org/10.1016/s0304-4076(99)00070-6,https://doi.org/10.1016/s0304-4076(99)00070-6,A*,Q1,0.97031388,35,8.8238,green,https://www.econstor.eu/bitstream/10419/85235/1/dp99-04.pdf,published,ORCID
Eduard Inozemtsev,0009-0005-3542-0392,184695,Voprosy Ekonomiki,Actively managed Russian mutual funds: Good or bad for investors?,2018,2,Иноземцев Эдуард Васильевич; Evgeni Tarassov,10.32609/0042-8736-2018-3-64-79,https://doi.org/10.32609/0042-8736-2018-3-64-79,https://doi.org/10.32609/0042-8736-2018-3-64-79,,Q1,0.71815972,4,0.5528,closed,,published,ORCID
Patrick J. Kelly,0000-0002-8540-7488,,Management Science,Reproducibility in Management Science,2024,5,Miloš Fišar; Ben Greiner; Christoph Huber; Elena Katok; Ali Özkes,10.1287/mnsc.2023.03556,https://doi.org/10.1287/mnsc.2023.03556,https://doi.org/10.1287/mnsc.2023.03556,A*,Q1,0.97895049,44,6.8267,green,https://research.tilburguniversity.edu/en/publications/f1b7a0ec-8d1a-45b2-a489-a5f3362a1544,published,ORCID
Patrick J. Kelly,0000-0002-8540-7488,,Journal of Banking & Finance,Does secrecy signal skill? Own-investor secrecy and hedge fund performance,2021,3,Sergiy Gorovyy; Patrick J. Kelly; Olga Kuzmina,10.1016/j.jbankfin.2021.106288,https://doi.org/10.1016/j.jbankfin.2021.106288,https://doi.org/10.1016/j.jbankfin.2021.106288,A*,Q1,0.56973266,3,0.2083,closed,,published,ORCID
Patrick J. Kelly,0000-0002-8540-7488,,Journal of Empirical Finance,Do foreign investors insulate firms from local shocks? Evidence from the response of investable firms to monetary policy,2020,3,Bill B. Francis; Delroy M. Hunter; Patrick J. Kelly,10.1016/j.jempfin.2020.07.003,https://doi.org/10.1016/j.jempfin.2020.07.003,https://doi.org/10.1016/j.jempfin.2020.07.003,A,Q1,0.5477982,2,0.2176,closed,,published,ORCID
Patrick J. Kelly,0000-0002-8540-7488,,Journal of Banking & Finance,"Rivals’ competitive activities, capital constraints, and firm growth",2018,3,Mikael C. Bergbrant; Delroy M. Hunter; Patrick J. Kelly,10.1016/j.jbankfin.2018.09.020,https://doi.org/10.1016/j.jbankfin.2018.09.020,https://doi.org/10.1016/j.jbankfin.2018.09.020,A*,Q1,0.73942304,12,0.5516,closed,,published,ORCID
Patrick J. Kelly,0000-0002-8540-7488,,Financial Management,"Macroeconomic Expectations and the Size, Value, and Momentum Factors",2016,2,Mikael C. Bergbrant; Patrick J. Kelly,10.1111/fima.12140,https://doi.org/10.1111/fima.12140,https://doi.org/10.1111/fima.12140,A*,Q1,0.91035402,20,2.8996,closed,,published,ORCID
Patrick J. Kelly,0000-0002-8540-7488,,Quarterly Journal of Finance,Information efficiency and firm-specific return variation,2014,1,Patrick J. Kelly,10.1142/s2010139214500189,https://doi.org/10.1142/s2010139214500189,https://doi.org/10.1142/s2010139214500189,A,Q2,0.99199659,196,16.9993,closed,,published,ORCID
Patrick J. Kelly,0000-0002-8540-7488,,The Review of Financial Studies,How important is the financial media in global markets?,2011,3,John M. Griffin; Nicholas Hirschey; Patrick J. Kelly,10.1093/rfs/hhr099,https://doi.org/10.1093/rfs/hhr099,https://doi.org/10.1093/rfs/hhr099,A*,Q1,0.99421553,303,21.7677,closed,,published,ORCID
Patrick J. Kelly,0000-0002-8540-7488,,The Review of Financial Studies,Do market efficiency measures yield correct inferences? A comparison of developed and emerging markets,2010,3,John M. Griffin; Patrick J. Kelly; Federico Nardari,10.1093/rfs/hhq044,https://doi.org/10.1093/rfs/hhq044,https://doi.org/10.1093/rfs/hhq044,A*,Q1,0.99476417,601,24.5222,closed,,published,ORCID
Patrick J. Kelly,0000-0002-8540-7488,,Journal of Banking & Finance,Sentiment and stock returns: The SAD anomaly revisited,2010,2,Felix Meschke; Patrick J. Kelly,10.1016/j.jbankfin.2009.11.027,https://doi.org/10.1016/j.jbankfin.2009.11.027,https://doi.org/10.1016/j.jbankfin.2009.11.027,A*,Q1,0.86860227,15,2.0291,green,http://hdl.handle.net/1808/8770,published,ORCID
Paul Kofman,0000-0003-0479-5026,6753,The Australian Economic Review,Policy Forum: The Murray Financial System Inquiry: Does Australia Need a New Banking Model?,2015,2,Paul Kofman; Carsten Murawski,10.1111/1467-8462.12107,https://doi.org/10.1111/1467-8462.12107,https://doi.org/10.1111/1467-8462.12107,B,Q3,0.87703385,3,1.7097,closed,,published,ORCID
Paul Kofman,0000-0003-0479-5026,6753,Journal of Risk and Insurance,Do insurance companies possess an informational monopoly? Empirical evidence from auto insurance,2013,2,Paul Kofman; Gregory P. Nini,10.1111/j.1539-6975.2012.01487.x,https://doi.org/10.1111/j.1539-6975.2012.01487.x,https://doi.org/10.1111/j.1539-6975.2012.01487.x,A,Q1,0.91894347,10,2.614,closed,,published,ORCID
Paul Kofman,0000-0003-0479-5026,6753,Australian Journal of Management,Is default risk priced in australian equity? exploring the role of the business cycle,2011,3,Howard Chan; Robert W. Faff; Paul Kofman,10.1177/0312896211407528,https://doi.org/10.1177/0312896211407528,https://doi.org/10.1177/0312896211407528,A,Q1,0.92516441,16,3.0525,closed,,published,ORCID
Paul Kofman,0000-0003-0479-5026,6753,The Journal of Futures Markets,"Reversing the lead, or a series of unfortunate events? NYMEX, ICE, and Amaranth",2009,3,Paul Kofman; David Michayluk; James T. Moser,10.1002/fut.20419,https://doi.org/10.1002/fut.20419,https://doi.org/10.1002/fut.20419,A,Q2,0.91787671,6,1.7784,closed,,published,ORCID
Paul Kofman,0000-0003-0479-5026,6753,"Journal of International Financial Markets, Institutions and Money",Are foreign issuers complying with Regulation Fair Disclosure?,2007,3,Prem G. Mathew; David Michayluk; Paul Kofman,10.1016/j.intfin.2005.11.004,https://doi.org/10.1016/j.intfin.2005.11.004,https://doi.org/10.1016/j.intfin.2005.11.004,A,Q1,0.84337803,10,0.6579,closed,,published,ORCID
Paul Kofman,0000-0003-0479-5026,6753,The Journal of Futures Markets,Migration of price discovery in semiregulated derivatives markets,2006,3,Anthony D. Hall; Paul Kofman; Steven Manaster,10.1002/fut.20188,https://doi.org/10.1002/fut.20188,https://doi.org/10.1002/fut.20188,A,Q2,0.78041562,18,0.7343,closed,,published,ORCID
Paul Kofman,0000-0003-0479-5026,6753,Australian Journal of Management,Tracking Error and Active Portfolio Management,2003,2,Nadima El‐Hassan; Paul Kofman,10.1177/031289620302800204,https://doi.org/10.1177/031289620302800204,https://doi.org/10.1177/031289620302800204,A,Q1,0.16819903,43,0.0,closed,,published,ORCID
Paul Kofman,0000-0003-0479-5026,6753,Financial Analysts Journal,Increased Correlation in Bear Markets,2002,3,Rachel Campbell; Kees Koedijk; Paul Kofman,10.2469/faj.v58.n1.2512,https://doi.org/10.2469/faj.v58.n1.2512,https://doi.org/10.2469/faj.v58.n1.2512,A,Q1,0.97567978,290,8.9368,closed,,published,ORCID
Paul Kofman,0000-0003-0479-5026,6753,The Journal of Futures Markets,Limits to linear price behavior: Futures prices regulated by limits,2001,2,Anthony D. Hall; Paul Kofman,10.1002/fut.5,https://doi.org/10.1002/fut.5,https://doi.org/10.1002/fut.5,A,Q2,0.95176394,32,5.1151,closed,,published,ORCID
Paul Kofman,0000-0003-0479-5026,6753,European Journal of Political Economy,The demise of commodity price agreements: The role of exchange rates and special interests,2000,2,Paul Kofman; Jean‐Marie Viaene,10.1016/s0176-2680(00)00009-4,https://doi.org/10.1016/s0176-2680(00)00009-4,https://doi.org/10.1016/s0176-2680(00)00009-4,A,Q1,0.14241395,0,0.0,closed,,published,ORCID
Paul Kofman,0000-0003-0479-5026,6753,Journal of Applied Econometrics,A threshold error-correction model for intraday futures and index returns,1998,3,Martin P.E. Martens; Paul Kofman; Ton Vorst,10.1002/(sici)1099-1255(199805/06)13:3<245::aid-jae480>3.0.co;2-e,https://doi.org/10.1002/(sici)1099-1255(199805/06)13:3<245::aid-jae480>3.0.co;2-e,https://doi.org/10.1002/(sici)1099-1255(199805/06)13:3<245::aid-jae480>3.0.co;2-e,A*,Q1,0.97570468,166,8.2747,closed,,published,ORCID
Paul Kofman,0000-0003-0479-5026,6753,Journal of Banking & Finance,The inefficiency of Reuters foreign exchange quotes,1998,2,Martin P.E. Martens; Paul Kofman,10.1016/s0378-4266(98)00004-1,https://doi.org/10.1016/s0378-4266(98)00004-1,https://doi.org/10.1016/s0378-4266(98)00004-1,A*,Q1,0.94745617,31,4.5675,closed,,published,ORCID
Paul Kofman,0000-0003-0479-5026,6753,Journal of International Money and Finance,Interaction between stock markets: An analysis of the common trading hours at the London and New York stock exchange,1997,2,Paul Kofman; Martin P.E. Martens,10.1016/s0261-5606(97)00004-1,https://doi.org/10.1016/s0261-5606(97)00004-1,https://doi.org/10.1016/s0261-5606(97)00004-1,A,Q1,0.95452442,38,5.7743,closed,,published,ORCID
Paul Kofman,0000-0003-0479-5026,6753,Applied Financial Economics,"Spreads, information flows and transparency across trading systems",1997,2,Paul Kofman; James T. Moser,10.1080/096031097333646,https://doi.org/10.1080/096031097333646,https://doi.org/10.1080/096031097333646,B,,0.97343503,56,7.8142,closed,,published,ORCID
Paul Kofman,0000-0003-0479-5026,6753,Journal of Financial Research,Volatility transmission and patterns in bund futures,1997,5,Philip Hans Franses; Reinoud van leperen; Paul Kofman; Martin P.E. Martens; Bert Menkveld,10.1111/j.1475-6803.1997.tb00260.x,https://doi.org/10.1111/j.1475-6803.1997.tb00260.x,https://doi.org/10.1111/j.1475-6803.1997.tb00260.x,A,Q2,0.91037781,19,2.3101,green,http://hdl.handle.net/1765/2111,published,ORCID
Paul Kofman,0000-0003-0479-5026,6753,Insurance: Mathematics & Economics,Mixtures of tails in clustered automobile collision claims,1996,3,Guyonne R. J. Kalb; Paul Kofman; Ton Vorst,10.1016/0167-6687(95)00029-1,https://doi.org/10.1016/0167-6687(95)00029-1,https://doi.org/10.1016/0167-6687(95)00029-1,A*,Q1,0.21655786,7,0.0,bronze,https://www.sciencedirect.com/science/article/pii/0167668795000291,published,ORCID
Paul Kofman,0000-0003-0479-5026,6753,Review of Quantitative Finance and Accounting,Garch effects on a test of cointegration,1994,3,Philip Hans Franses; Paul Kofman; James T. Moser,10.1007/bf01082662,https://doi.org/10.1007/bf01082662,https://doi.org/10.1007/bf01082662,B,Q2,0.85563965,11,1.4408,green,https://pure.eur.nl/en/publications/b35b78fb-5e8a-4a12-a47d-b4a51b471643,published,ORCID
Paul Kofman,0000-0003-0479-5026,6753,Journal of International Economics,Fixing soft margins,1993,3,Paul Kofman; Albert De Vaal; Casper G. de Vries,10.1016/0022-1996(93)90055-3,https://doi.org/10.1016/0022-1996(93)90055-3,https://doi.org/10.1016/0022-1996(93)90055-3,A*,Q1,0.7979505,2,0.748,bronze,https://www.sciencedirect.com/science/article/pii/0022199693900553,published,ORCID
Paul Kofman,0000-0003-0479-5026,6753,The Journal of Futures Markets,An empirical test for parities between metal prices at the LME,1991,2,Philip Hans Franses; Paul Kofman,10.1002/fut.3990110607,https://doi.org/10.1002/fut.3990110607,https://doi.org/10.1002/fut.3990110607,A,Q2,0.84482495,21,1.3466,green,http://hdl.handle.net/1765/2108,published,ORCID
Asjeet Lamba,0000-0002-7541-967X,2727,Corporate Ownership and Control,What motivates block share ownership?,2014,2,Asjeet S. Lamba; Geof P Stapledon,10.22495/cocv11i2c4p1,https://doi.org/10.22495/cocv11i2c4p1,https://doi.org/10.22495/cocv11i2c4p1,,,0.59914137,1,0.0,hybrid,https://doi.org/10.22495/cocv11i2c4p1,published,ORCID
Asjeet Lamba,0000-0002-7541-967X,2727,Corporate Ownership and Control,Do corporate bond rating revisions convey information about earnings and dividend changes?,2012,4,Steven Todd Anderson; Gurmeet  Singh Bhabra; Harjeet Singh Bhabra; Asjeet S. Lamba,10.22495/cocv9i3c3art4,https://doi.org/10.22495/cocv9i3c3art4,https://doi.org/10.22495/cocv9i3c3art4,,,0.3714508,2,0.0,hybrid,https://doi.org/10.22495/cocv9i3c3art4,published,ORCID
Gabriele Lattanzio,0000-0003-1592-433X,182846,Journal of Corporate Finance,Cybersecurity risk and corporate innovation,2023,2,Gabriele Lattanzio; Yue Ma,10.1016/j.jcorpfin.2023.102445,https://doi.org/10.1016/j.jcorpfin.2023.102445,https://doi.org/10.1016/j.jcorpfin.2023.102445,A*,Q1,0.99866906,88,40.0128,closed,,published,ORCID
Gabriele Lattanzio,0000-0003-1592-433X,182846,Journal of International Money and Finance,Looking at socially responsible investment strategies through the lenses of the global ETF industry,2023,4,Franco Fiordelisi; Giuseppe Galloppo; Gabriele Lattanzio; Viktoriia Paimanova,10.1016/j.jimonfin.2023.102917,https://doi.org/10.1016/j.jimonfin.2023.102917,https://doi.org/10.1016/j.jimonfin.2023.102917,A,Q1,0.94165865,21,4.5646,green,https://repository.essex.ac.uk/35995/1/1-s2.0-S0261560623001183-main.pdf,published,ORCID
Gabriele Lattanzio,0000-0003-1592-433X,182846,Corporate Social Responsibility and Environmental Management,Industrial accidents: The mediating effect of corporate social responsibility and environmental policy measures,2023,3,Stefano Caiazza; Giuseppe Galloppo; Gabriele Lattanzio,10.1002/csr.2413,https://doi.org/10.1002/csr.2413,https://doi.org/10.1002/csr.2413,C,Q1,0.80088462,5,0.8508,closed,,published,ORCID
Gabriele Lattanzio,0000-0003-1592-433X,182846,Journal of Applied Corporate Finance,Capitalizing entrepreneurship: The rise of growth equity,2023,4,Gabriele Lattanzio; Lubomir P. Litov; William L. Megginson; Alina Munteanu,10.1111/jacf.12561,https://doi.org/10.1111/jacf.12561,https://doi.org/10.1111/jacf.12561,A,,0.94004265,11,4.2827,bronze,https://onlinelibrary.wiley.com/doi/pdfdirect/10.1111/jacf.12561,published,ORCID
Gabriele Lattanzio,0000-0003-1592-433X,182846,Emerging Markets Review,Beyond religion and culture: The economic consequences of the institutionalization of sharia law,2022,1,Gabriele Lattanzio,10.1016/j.ememar.2022.100918,https://doi.org/10.1016/j.ememar.2022.100918,https://doi.org/10.1016/j.ememar.2022.100918,A,Q1,0.88188917,10,2.213,closed,,published,ORCID
Gabriele Lattanzio,0000-0003-1592-433X,182846,Finance Research Letters,Where does corporate social capital matter the most? Evidence From the COVID-19 crisis,2022,3,Franco Fiordelisi; Giuseppe Galloppo; Gabriele Lattanzio,10.1016/j.frl.2021.102538,https://doi.org/10.1016/j.frl.2021.102538,https://doi.org/10.1016/j.frl.2021.102538,A,Q1,0.89581429,19,2.2589,green,https://nur.nu.edu.kz/bitstreams/5740f48f-3ec9-43b7-922a-caac8b261ff1/download,published,ORCID
Gabriele Lattanzio,0000-0003-1592-433X,182846,Journal of Financial and Quantitative Analysis,Can Restructuring Gains Be Sustained Without Ownership Changes? Evidence from Withdrawn Privatizations,2021,2,Gabriele Lattanzio; William L. Megginson,10.1017/s0022109020000253,https://doi.org/10.1017/s0022109020000253,https://doi.org/10.1017/s0022109020000253,A*,Q1,0.83076923,6,1.2203,closed,,published,ORCID
Lucie Lu,0009-0001-4310-0082,,The Journal of Impact and ESG Investing,Nature Risk Management in Domestic and Foreign Institutional Investments,2024,3,Ines Chaieb; Vihang R. Errunza; Lucie Y. Lu,10.3905/jesg.2024.1.111,https://doi.org/10.3905/jesg.2024.1.111,https://doi.org/10.3905/jesg.2024.1.111,,,0.8012209,1,0.5281,closed,,published,ORCID
Maurice McCourt,0000-0002-1808-8675,141610,Pacific-Basin Finance Journal,Global leveraged buyout deal performance: A cross-border cross-cultural perspective,2022,2,Xiao Hong Jia; Maurice McCourt,10.1016/j.pacfin.2021.101677,https://doi.org/10.1016/j.pacfin.2021.101677,https://doi.org/10.1016/j.pacfin.2021.101677,A,Q1,0.25991454,1,0.0,closed,,published,ORCID
Mrinal Mishra,0009-0007-6232-9038,,Journal of Financial and Quantitative Analysis,Banking on Competition: The Spillover Effects of Bank Entry into Microfinance,2026,3,Jonathan Fu; Vasso P. Ioannidou; Mrinal Mishra,10.1017/s0022109025101865,https://doi.org/10.1017/s0022109025101865,https://doi.org/10.1017/s0022109025101865,A*,Q1,0.19471415,0,0.0,hybrid,https://www.cambridge.org/core/services/aop-cambridge-core/content/view/53ABDF8074971FBB3F0C1560B4C01D02/S0022109025101865a.pdf/div-class-title-banking-on-competition-the-spillover-effects-of-bank-entry-into-microfinance-div.pdf,published,ORCID
Mrinal Mishra,0009-0007-6232-9038,,Journal of Financial Intermediation,Fintech in the time of COVID-19: Technological adoption during crises,2022,2,Jonathan Fu; Mrinal Mishra,10.1016/j.jfi.2021.100945,https://doi.org/10.1016/j.jfi.2021.100945,https://doi.org/10.1016/j.jfi.2021.100945,A*,Q1,0.99846853,270,34.0746,hybrid,https://www.sciencedirect.com/science/article/pii/S1042957321000462/pdf,published,ORCID
Carsten Murawski,0000-0002-1237-9535,5544,Science Advances,Not so smart? “Smart” drugs increase the level but decrease the quality of cognitive effort,2023,4,Elizabeth A. Bowman; David Coghill; Carsten Murawski; Peter L. Bossaerts,10.1126/sciadv.add4165,https://doi.org/10.1126/sciadv.add4165,https://doi.org/10.1126/sciadv.add4165,,Q1,0.97268323,45,5.7088,gold,https://www.science.org/doi/pdf/10.1126/sciadv.add4165?download=true,published,ORCID
Carsten Murawski,0000-0002-1237-9535,5544,Journal of Mathematical Psychology,Generic properties of a computational task predict human effort and performance,2021,4,Juan Pablo Franco; Nitin Yadav; Peter L. Bossaerts; Carsten Murawski,10.1016/j.jmp.2021.102592,https://doi.org/10.1016/j.jmp.2021.102592,https://doi.org/10.1016/j.jmp.2021.102592,,Q1,0.86297834,23,1.9837,closed,,published,ORCID
Carsten Murawski,0000-0002-1237-9535,5544,Neurobiology of aging,Reward motivation and cognitive flexibility in tau null-mutation mice.,2020,9,Sara Oberrauch; Jeremy A. Metha; Maddison L. Brian; Samuel A. Barnes; Travis J. Featherby; Andrew John Lawrence; Daniël Hoyer; Carsten Murawski; Laura H. Jacobson,10.1016/j.neurobiolaging.2020.12.017,https://doi.org/10.1016/j.neurobiolaging.2020.12.017,https://doi.org/10.1016/j.neurobiolaging.2020.12.017,,Q1,0.470877,6,0.1134,closed,,published,ORCID
Carsten Murawski,0000-0002-1237-9535,5544,Trends in cognitive sciences,Computational Complexity and Human Decision-Making.,2017,2,Peter L. Bossaerts; Carsten Murawski,10.1016/j.tics.2017.09.005,https://doi.org/10.1016/j.tics.2017.09.005,https://doi.org/10.1016/j.tics.2017.09.005,,Q1,0.77666667,162,1.1918,closed,,published,ORCID
Carsten Murawski,0000-0002-1237-9535,5544,Biological psychiatry,Reply to: The Choice of Prior in Bayesian Modeling of the Information Sampling Task.,2017,3,Daniel Bennett; Murat Yücel; Carsten Murawski,10.1016/j.biopsych.2017.05.023,https://doi.org/10.1016/j.biopsych.2017.05.023,https://doi.org/10.1016/j.biopsych.2017.05.023,,Q1,,3,,closed,,published,ORCID
Carsten Murawski,0000-0002-1237-9535,5544,Neuroscience and biobehavioral reviews,"Social connectedness, mental health and the adolescent brain.",2017,4,Michelle Lamblin; Carsten Murawski; Sarah Whittle; Alex Fornito,10.1016/j.neubiorev.2017.05.010,https://doi.org/10.1016/j.neubiorev.2017.05.010,https://doi.org/10.1016/j.neubiorev.2017.05.010,,Q1,0.99686969,339,22.9588,closed,,published,ORCID
Carsten Murawski,0000-0002-1237-9535,5544,The lancet. Psychiatry,Neuroscience in gambling policy and treatment: an interdisciplinary perspective.,2017,25,Murat Yücel; Adrian Carter; Amy R Allen; Bernard Walter Balleine; Luke Clark; Nicki A. Dowling; Sally Gainsbury; Anna E. Goudriaan; Jon Edgar Grant; Alan J. Hayes; David Carson Hodgins; Ruth Janke van Holst; Ralph Lattimore; Charles Henry Livingstone; Valentina Lorenzetti; Dan Ian Lubman; Carsten Murawski; Linden Parkes; Nancy M. Petry; Robin Room; BRUCE S. SINGH; Anna Christina Thomas; Phil Townshend; George J. Youssef; Wayne Hall,10.1016/s2215-0366(16)30369-8,https://doi.org/10.1016/s2215-0366(16)30369-8,https://doi.org/10.1016/s2215-0366(16)30369-8,,Q1,0.88535411,19,2.551,green,https://figshare.com/articles/journal_contribution/Neuroscience_in_gambling_policy_and_treatment_an_interdisciplinary_perspective/20859406,published,ORCID
Carsten Murawski,0000-0002-1237-9535,5544,Biological Psychiatry,Systematic Overestimation of Reflection Impulsivity in the Information Sampling Task,2017,6,Daniel Bennett; Stuart Oldham; Andrew Dawson; Linden Parkes; Carsten Murawski; Murat Yücel,10.1016/j.biopsych.2016.05.027,https://doi.org/10.1016/j.biopsych.2016.05.027,https://doi.org/10.1016/j.biopsych.2016.05.027,,Q1,0.9376317,24,4.298,closed,,published,ORCID
Carsten Murawski,0000-0002-1237-9535,5544,Current Biology,Decision Neuroscience: Why We Become More Cautious with Age,2016,2,Peter L. Bossaerts; Carsten Murawski,10.1016/j.cub.2016.04.061,https://doi.org/10.1016/j.cub.2016.04.061,https://doi.org/10.1016/j.cub.2016.04.061,,Q1,0.04920874,7,0.0,bronze,http://www.cell.com/article/S0960982216304158/pdf,published,ORCID
Carsten Murawski,0000-0002-1237-9535,5544,Current Opinion in Behavioral Sciences,From behavioural economics to neuroeconomics to decision neuroscience: The ascent of biology in research on human decision making,2015,2,Peter L. Bossaerts; Carsten Murawski,10.1016/j.cobeha.2015.07.001,https://doi.org/10.1016/j.cobeha.2015.07.001,https://doi.org/10.1016/j.cobeha.2015.07.001,,Q1,0.54545455,64,0.5732,hybrid,https://doi.org/10.1016/j.cobeha.2015.07.001,published,ORCID
Carsten Murawski,0000-0002-1237-9535,5544,The Australian Economic Review,Policy Forum: The Murray Financial System Inquiry: Does Australia Need a New Banking Model?,2015,2,Paul Kofman; Carsten Murawski,10.1111/1467-8462.12107,https://doi.org/10.1111/1467-8462.12107,https://doi.org/10.1111/1467-8462.12107,B,Q3,0.87703385,3,1.7097,closed,,published,ORCID
Carsten Murawski,0000-0002-1237-9535,5544,Neuroscience and Biobehavioral Reviews,"Demystifying ""free will"": The role of contextual information and evidence accumulation for predictive brain activity",2014,6,Stefan Bode; Carsten Murawski; Chun Siong Soon; Philipp Bode; Jutta Stähl; Philip Leigh Smith,10.1016/j.neubiorev.2014.10.017,https://doi.org/10.1016/j.neubiorev.2014.10.017,https://doi.org/10.1016/j.neubiorev.2014.10.017,,Q1,0.9262601,69,3.3377,closed,,published,ORCID
Carsten Murawski,0000-0002-1237-9535,5544,Journal of Banking & Finance,Margining in derivatives markets and the stability of the banking sector,2013,2,Rajna Gibson; Carsten Murawski,10.1016/j.jbankfin.2012.10.005,https://doi.org/10.1016/j.jbankfin.2012.10.005,https://doi.org/10.1016/j.jbankfin.2012.10.005,A*,Q1,0.83895116,17,1.0396,closed,,published,ORCID
Carsten Murawski,0000-0002-1237-9535,5544,Frontiers in Human Neuroscience,Predicting implicit abstract stimulus attributes from patterns of event-related potentials,2013,4,Bode Stefan; Daniel Bennett; Stahl Jutta; Carsten Murawski,10.3389/conf.fnhum.2013.212.00079,https://doi.org/10.3389/conf.fnhum.2013.212.00079,https://doi.org/10.3389/conf.fnhum.2013.212.00079,,Q1,0.18252904,0,0.0,gold,https://doi.org/10.3389/conf.fnhum.2013.212.00079,published,ORCID
Carsten Murawski,0000-0002-1237-9535,5544,The Australian Economic Review,Neuroeconomics: Investigating the Neurobiology of Choice,2011,1,Carsten Murawski,10.1111/j.1467-8462.2011.00638.x,https://doi.org/10.1111/j.1467-8462.2011.00638.x,https://doi.org/10.1111/j.1467-8462.2011.00638.x,B,Q3,0.59853438,8,0.4018,closed,,published,ORCID
Anthony Ng,0000-0002-5098-5616,,Journal of Contemporary Accounting and Economics,Impression management in financially distressed firms: Evidence from integrated reporting in Australia,2026,2,Anthony C. Ng; Ferdinand A. Gul,10.1016/j.jcae.2026.100542,https://doi.org/10.1016/j.jcae.2026.100542,https://doi.org/10.1016/j.jcae.2026.100542,A,Q2,0.03843034,0,0.0,hybrid,https://doi.org/10.1016/j.jcae.2026.100542,published,ORCID
Anthony Ng,0000-0002-5098-5616,,Journal of Risk and Financial Management,Would Managers Sacrifice Conservative Financial Reporting to Meet/Beat Market Earnings Expectations?,2024,3,Anthony C. Ng; Hua Christine Xin; Bikki L. Jaggi,10.3390/jrfm17070280,https://doi.org/10.3390/jrfm17070280,https://doi.org/10.3390/jrfm17070280,,Q2,0.13058482,0,0.0,hybrid,https://www.mdpi.com/1911-8074/17/7/280/pdf,published,ORCID
Anthony Ng,0000-0002-5098-5616,,Accounting and Finance,Self‐sacrifice or empty symbolism: A study of $1 CEOs,2024,4,Prabashi Dharmasiri; Mukesh Garg; Anthony C. Ng; Supardi Supardi,10.1111/acfi.13183,https://doi.org/10.1111/acfi.13183,https://doi.org/10.1111/acfi.13183,A,Q1,0.77118486,3,0.7787,hybrid,https://onlinelibrary.wiley.com/doi/pdfdirect/10.1111/acfi.13183,published,ORCID
Anthony Ng,0000-0002-5098-5616,,Journal of Corporate Finance,Business sustainability factors and stock price informativeness,2020,2,Anthony C. Ng; Zabihollah Rezaee,10.1016/j.jcorpfin.2020.101688,https://doi.org/10.1016/j.jcorpfin.2020.101688,https://doi.org/10.1016/j.jcorpfin.2020.101688,A*,Q1,0.98684407,175,13.2573,green,https://figshare.com/articles/journal_contribution/Business_sustainability_factors_and_stock_price_informativeness/20695411,published,ORCID
Anthony Ng,0000-0002-5098-5616,,Journal of Business Ethics,"Auditee religiosity, external monitoring, and the pricing of audit services",2018,2,Ferdinand A. Gul; Anthony C. Ng,10.1007/s10551-016-3284-6,https://doi.org/10.1007/s10551-016-3284-6,https://doi.org/10.1007/s10551-016-3284-6,A,Q1,0.90022871,41,2.1473,green,https://figshare.com/articles/journal_contribution/Auditee_religiosity_external_monitoring_and_the_pricing_of_audit_services/20875789,published,ORCID
Anthony Ng,0000-0002-5098-5616,,Journal of Corporate Finance,Business sustainability performance and cost of equity capital,2015,2,Anthony C. Ng; Zabihollah Rezaee,10.1016/j.jcorpfin.2015.08.003,https://doi.org/10.1016/j.jcorpfin.2015.08.003,https://doi.org/10.1016/j.jcorpfin.2015.08.003,A*,Q1,0.99339071,623,23.4791,closed,,published,ORCID
Anthony Ng,0000-0002-5098-5616,,Journal of Accounting and Economics,Does board gender diversity improve the informativeness of stock prices?,2011,3,Ferdinand A. Gul; Bin N. Srinidhi; Anthony C. Ng,10.1016/j.jacceco.2011.01.005,https://doi.org/10.1016/j.jacceco.2011.01.005,https://doi.org/10.1016/j.jacceco.2011.01.005,A*,Q1,0.9989351,1607,63.0583,green,https://figshare.com/articles/journal_contribution/Does_board_gender_diversity_improve_the_informativeness_of_stock_prices_/20895517,published,ORCID
Anthony Ng,0000-0002-5098-5616,,International Journal of Corporate Governance,The role of corporate governance during the pre- and post-Sarbanes Oxley periods,2010,2,Anthony C. Ng; Yaw M. Mensah,10.1504/ijcg.2010.035235,https://doi.org/10.1504/ijcg.2010.035235,https://doi.org/10.1504/ijcg.2010.035235,B,,0.25850003,0,0.0,closed,,published,ORCID
Hung (Harry) Viet Pham,0000-0001-8163-4010,182729,Journal of Business Finance & Accounting,Venture capital and methods of payment in mergers and acquisitions,2023,2,Giang Nguyen; Viet Hung Pham,10.1111/jbfa.12750,https://doi.org/10.1111/jbfa.12750,https://doi.org/10.1111/jbfa.12750,A*,Q1,0.65232604,1,0.3893,hybrid,https://doi.org/10.1111/jbfa.12750,published,ORCID
Hung (Harry) Viet Pham,0000-0001-8163-4010,182729,Journal of Financial Markets,Institutional trading before dividend reduction announcements,2017,3,Darren Henry; Lily Nguyen; Viet Hung Pham,10.1016/j.finmar.2017.07.003,https://doi.org/10.1016/j.finmar.2017.07.003,https://doi.org/10.1016/j.finmar.2017.07.003,A*,Q1,0.93599194,22,4.1232,closed,,published,ORCID
Sean Pinder,0000-0003-3083-6047,321,Australian Journal of Management,Measuring the price of Australian water,2022,2,Steve Easton; Sean Pinder,10.1177/0312896221992454,https://doi.org/10.1177/0312896221992454,https://doi.org/10.1177/0312896221992454,A,Q1,0.51118595,4,0.2775,closed,,published,ORCID
Sean Pinder,0000-0003-3083-6047,321,Journal of Corporate Finance,Flights-to-control: Time variation in the value of a vote,2021,3,Paul Docherty; Steve Easton; Sean Pinder,10.1016/j.jcorpfin.2020.101790,https://doi.org/10.1016/j.jcorpfin.2020.101790,https://doi.org/10.1016/j.jcorpfin.2020.101790,A*,Q1,0.66299402,2,0.309,closed,,published,ORCID
Sean Pinder,0000-0003-3083-6047,321,The Journal of Futures Markets,The relation between market liquidity and anonymity in the presence of tick size constraints,2014,3,Christine Brown; Astrophel Kim Choo; Sean Pinder,10.1002/fut.21580,https://doi.org/10.1002/fut.21580,https://doi.org/10.1002/fut.21580,A,Q2,0.76576894,3,0.6996,closed,,published,ORCID
Sean Pinder,0000-0003-3083-6047,321,Journal of Banking & Finance,A case study of short-sale constraints and limits to arbitrage,2013,3,Steve Easton; Sean Pinder; Katherine Uylangco,10.1016/j.jbankfin.2013.07.012,https://doi.org/10.1016/j.jbankfin.2013.07.012,https://doi.org/10.1016/j.jbankfin.2013.07.012,A*,Q1,0.90725649,8,2.6993,closed,,published,ORCID
Sean Pinder,0000-0003-3083-6047,321,Accounting and Finance,"Capital gains tax, supply-driven trading and ownership structure: Direct evidence of the lock-in effect",2013,2,Dean Hanlon; Sean Pinder,10.1111/j.1467-629x.2012.00471.x,https://doi.org/10.1111/j.1467-629x.2012.00471.x,https://doi.org/10.1111/j.1467-629x.2012.00471.x,A,Q1,0.59483926,3,0.0,closed,,published,ORCID
Sean Pinder,0000-0003-3083-6047,321,Accounting Research Journal,Evidence of managerial opportunism in Australia,2012,2,Andrew Trumble; Sean Pinder,10.1108/10309611211244492,https://doi.org/10.1108/10309611211244492,https://doi.org/10.1108/10309611211244492,B,Q2,0.87300131,2,1.4484,closed,,published,ORCID
Sean Pinder,0000-0003-3083-6047,321,Applied Financial Economics,What were they thinking? Reports from interviews with senior finance executives in the lead-up to the GFC,2010,2,Les Coleman; Sean Pinder,10.1080/09603100903262533,https://doi.org/10.1080/09603100903262533,https://doi.org/10.1080/09603100903262533,B,,0.95810552,39,6.03,closed,,published,ORCID
Sean Pinder,0000-0003-3083-6047,321,The Australian Economic Review,Predicting reserve bank of Australia interest rate announcements: Beware of the target rate tracker,2007,,,10.1111/j.1467-8462.2007.00448.x,https://doi.org/10.1111/j.1467-8462.2007.00448.x,https://doi.org/10.1111/j.1467-8462.2007.00448.x,B,,,,,,,published,ORCID
Sean Pinder,0000-0003-3083-6047,321,International Review of Financial Analysis,An empirical examination of the impact of market microstructure changes on the determinants of option bid-ask spreads,2003,1,Sean Pinder,10.1016/s1057-5219(03)00063-2,https://doi.org/10.1016/s1057-5219(03)00063-2,https://doi.org/10.1016/s1057-5219(03)00063-2,A,Q1,0.83146922,21,1.1653,closed,,published,ORCID
Sean Pinder,0000-0003-3083-6047,321,Australian Journal of Management,3 The Demutualisation of AMP Society: An Example of the Valuation of Collars Comprising Asian Options,2000,2,Stephen Andrew Easton; Sean Pinder,10.1177/031289620002500303,https://doi.org/10.1177/031289620002500303,https://doi.org/10.1177/031289620002500303,A,Q1,0.83988317,1,0.8524,closed,,published,ORCID
Sean Pinder,0000-0003-3083-6047,321,Pacific-Basin Finance Journal,The value of liquidity: Evidence from the derivatives market,2000,2,Howard W. H. Chan; Sean Pinder,10.1016/s0927-538x(00)00018-4,https://doi.org/10.1016/s0927-538x(00)00018-4,https://doi.org/10.1016/s0927-538x(00)00018-4,A,Q1,0.94704029,34,4.6167,closed,,published,ORCID
Sean Pinder,0000-0003-3083-6047,321,Australian Journal of Management,The pricing of low exercise price options,1998,2,Stephen Andrew Easton; Sean Pinder,10.1177/031289629802300205,https://doi.org/10.1177/031289629802300205,https://doi.org/10.1177/031289629802300205,A,Q1,0.17702559,3,0.0,closed,,published,ORCID
Sean Pinder,0000-0003-3083-6047,321,Applied Economics Letters,Australian government sector initial public offerings,1996,2,Stephen Andrew Easton; Sean Pinder,10.1080/135048596356050,https://doi.org/10.1080/135048596356050,https://doi.org/10.1080/135048596356050,B,Q3,0.17957662,2,0.0,closed,,published,ORCID
Ekaterina Volkova,0000-0002-6589-0433,133551,Finance Research Letters,When deregulation wins: Cross-sectional evidence from the 2024 Trump election,2026,3,Alan Kwan; Cagri Berk Onuk; Ekaterina Volkova,10.1016/j.frl.2026.109597,https://doi.org/10.1016/j.frl.2026.109597,https://doi.org/10.1016/j.frl.2026.109597,A,Q1,0.0749758,0,0.0,hybrid,https://doi.org/10.1016/j.frl.2026.109597,published,ORCID
Ekaterina Volkova,0000-0002-6589-0433,133551,Management Science,Is Blockholder Diversity Detrimental?,2025,2,Miriam Schwartz-Ziv; Ekaterina Volkova,10.1287/mnsc.2023.00528,https://doi.org/10.1287/mnsc.2023.00528,https://doi.org/10.1287/mnsc.2023.00528,A*,Q1,0.99486031,33,20.3839,closed,,published,ORCID
Ekaterina Volkova,0000-0002-6589-0433,133551,The Review of Financial Studies,Information Revealed through the Regulatory Process: Interactions between the SEC and Companies ahead of Their IPO,2020,3,Michelle B. Lowry; Roni Michaely; Ekaterina Volkova,10.1093/rfs/hhaa007,https://doi.org/10.1093/rfs/hhaa007,https://doi.org/10.1093/rfs/hhaa007,A*,Q1,0.99072679,124,14.0334,closed,,published,ORCID
Ekaterina Volkova,0000-0002-6589-0433,133551,Foundations and Trends in Finance,Initial public offerings: A synthesis of the literature and directions for future research,2017,3,Michelle B. Lowry; Roni Michaely; Ekaterina Volkova,10.1561/0500000050,https://doi.org/10.1561/0500000050,https://doi.org/10.1561/0500000050,B,Q1,0.99759563,223,34.4453,diamond,https://doi.org/10.1561/0500000050,published,ORCID
Nitin Yadav,0000-0003-0132-1028,127160,Journal of Economic Behavior and Organization,ETF indexing strategies and asset prices: Experimental evidence,2026,5,Peter L. Bossaerts; John Fitzgerald Duffy; Jean Paul Rabanal; Olga A. Rud; Nitin Yadav,10.1016/j.jebo.2025.107342,https://doi.org/10.1016/j.jebo.2025.107342,https://doi.org/10.1016/j.jebo.2025.107342,A*,Q1,0.79692159,1,1.0273,hybrid,https://doi.org/10.1016/j.jebo.2025.107342,published,ORCID
Nitin Yadav,0000-0003-0132-1028,127160,Journal of Mathematical Psychology,Generic properties of a computational task predict human effort and performance,2021,4,Juan Pablo Franco; Nitin Yadav; Peter L. Bossaerts; Carsten Murawski,10.1016/j.jmp.2021.102592,https://doi.org/10.1016/j.jmp.2021.102592,https://doi.org/10.1016/j.jmp.2021.102592,,Q1,0.86297834,23,1.9837,closed,,published,ORCID
Nitin Yadav,0000-0003-0132-1028,127160,Autonomous Agents and Multi-Agent Systems,A new Hierarchical Agent Protocol Notation,2018,3,Michael Winikoff; Nitin Yadav; Lin Padgham,10.1007/s10458-017-9373-9,https://doi.org/10.1007/s10458-017-9373-9,https://doi.org/10.1007/s10458-017-9373-9,,Q2,0.96688188,15,6.4631,closed,,published,ORCID
Nitin Yadav,0000-0003-0132-1028,127160,IEEE Transactions on Automatic Control,Supervisory Control for Behavior Composition,2017,3,Paolo Felli; Nitin Yadav; Sebastian Sardiña,10.1109/tac.2016.2570748,https://doi.org/10.1109/tac.2016.2570748,https://doi.org/10.1109/tac.2016.2570748,,Q1,0.04652897,0,0.0,green,https://arxiv.org/pdf/1604.08768,published,ORCID
Nitin Yadav,0000-0003-0132-1028,127160,Journal of Systems and Software,A framework for modelling tactical decision-making in autonomous systems,2015,4,Rick Evertsz; John Thangarajah; Nitin Yadav; Thanh Ly,10.1016/j.jss.2015.08.046,https://doi.org/10.1016/j.jss.2015.08.046,https://doi.org/10.1016/j.jss.2015.08.046,,Q1,0.9588956,25,5.8232,closed,,published,ORCID
Nitin Yadav,0000-0003-0132-1028,127160,Annals of Mathematics and Artificial Intelligence,A BDI agent system for the cow herding domain,2010,4,Nitin Yadav; Chenguang Zhou; Sebastian Sardiña; Ralph Rönnquist,10.1007/s10472-010-9182-1,https://doi.org/10.1007/s10472-010-9182-1,https://doi.org/10.1007/s10472-010-9182-1,,Q3,0.84823498,4,1.009,closed,,published,ORCID
Jun Yu,0000-0003-2360-5873,,Journal of Business & Economic Statistics,Modeling and Forecasting Realized Volatility with Multivariate Fractional Brownian Motion,2026,3,Markus Bibinger; Jun Yu; Chen Zhang,10.1080/07350015.2026.2696490,https://doi.org/10.1080/07350015.2026.2696490,https://doi.org/10.1080/07350015.2026.2696490,A*,Q1,0.97811906,2,16.5491,green,https://arxiv.org/pdf/2504.15985,published,ORCID
Jun Yu,0000-0003-2360-5873,,Journal of Econometrics,Deviance Information Criterion for Bayesian model selection: Theoretical justification and applications,2026,5,Yong Li; Sushanta Mallick; Nianling Wang; Jun Yu; Tao Zeng,10.1016/j.jeconom.2025.105978,https://doi.org/10.1016/j.jeconom.2025.105978,https://doi.org/10.1016/j.jeconom.2025.105978,A*,Q1,0.97745251,7,7.3215,closed,,published,ORCID
Jun Yu,0000-0003-2360-5873,,The Review of Financial Studies,Weak identification of long memory with implications for volatility modeling;,2025,4,Jia Li; Peter C.B. Phillips; Shuping Shi; Jun Yu,10.1093/rfs/hhaf022,https://doi.org/10.1093/rfs/hhaf022,https://doi.org/10.1093/rfs/hhaf022,A*,Q1,0.96035528,7,6.3837,closed,,published,ORCID
Jun Yu,0000-0003-2360-5873,,Journal of Time Series Analysis,Local powers of least‐squares‐based test for panel fractional Ornstein–Uhlenbeck process,2025,3,Katsuto Tanaka; Weilin Xiao; Jun Yu,10.1111/jtsa.12777,https://doi.org/10.1111/jtsa.12777,https://doi.org/10.1111/jtsa.12777,A,Q1,0.00312152,0,0.0,hybrid,https://doi.org/10.1111/jtsa.12777,published,ORCID
Jun Yu,0000-0003-2360-5873,,Journal of Econometrics,Multivariate stochastic volatility models based on generalized Fisher transformation,2025,3,Han Chen; Yijie Fei; Jun Yu,10.1016/j.jeconom.2025.106041,https://doi.org/10.1016/j.jeconom.2025.106041,https://doi.org/10.1016/j.jeconom.2025.106041,A*,Q1,0.86296237,2,2.0546,green,https://ink.library.smu.edu.sg/soe_research/2683,published,ORCID
Jun Yu,0000-0003-2360-5873,,Quantitative Finance,On the optimal forecast with the fractional Brownian motion,2024,3,Xiaohu Wang; Jun Yu; Chen Zhang,10.1080/14697688.2023.2297730,https://doi.org/10.1080/14697688.2023.2297730,https://doi.org/10.1080/14697688.2023.2297730,A,Q1,0.94244251,11,4.2778,green,https://ink.library.smu.edu.sg/soe_research/2632,published,ORCID
Jun Yu,0000-0003-2360-5873,,Journal of Econometrics,Robust testing for explosive behavior with strongly dependent errors,2024,3,Yiu Lim Lui; Peter C.B. Phillips; Jun Yu,10.1016/j.jeconom.2023.105626,https://doi.org/10.1016/j.jeconom.2023.105626,https://doi.org/10.1016/j.jeconom.2023.105626,A*,Q1,0.77176166,4,0.9489,bronze,https://doi.org/10.1016/j.jeconom.2023.105626,published,ORCID
Jun Yu,0000-0003-2360-5873,,Management Science,Volatility Puzzle: Long Memory or Antipersistency,2023,2,Shuping Shi; Jun Yu,10.1287/mnsc.2022.4552,https://doi.org/10.1287/mnsc.2022.4552,https://doi.org/10.1287/mnsc.2022.4552,A*,Q1,0.95445491,27,4.6359,green,https://ink.library.smu.edu.sg/soe_research/2693,published,ORCID
Jun Yu,0000-0003-2360-5873,,Empirical Economics,Information loss in volatility measurement with flat price trading,2023,2,Peter C.B. Phillips; Jun Yu,10.1007/s00181-022-02353-y,https://doi.org/10.1007/s00181-022-02353-y,https://doi.org/10.1007/s00181-022-02353-y,A,Q1,0.89664283,33,2.6101,green,https://eprints.soton.ac.uk/473661/1/FlatPricingQ33_pcb.pdf,published,ORCID
Jun Yu,0000-0003-2360-5873,,Journal of Econometrics,Improved marginal likelihood estimation via power posteriors and importance sampling,2023,3,Yong Li; Nianling Wang; Jun Yu,10.1016/j.jeconom.2021.11.009,https://doi.org/10.1016/j.jeconom.2021.11.009,https://doi.org/10.1016/j.jeconom.2021.11.009,A*,Q1,0.69897899,7,0.7513,green,https://ink.library.smu.edu.sg/soe_research/2287,published,ORCID
Jun Yu,0000-0003-2360-5873,,Essays in Honor of Joon Y. Park: Econometric Theory,Asymptotic properties of Least Squares Estimator in local to unity processes with fractional Gaussian noises,2023,3,Xiaohu Wang; Weilin Xiao; Jun Yu,10.1108/s0731-90532023000045a002,https://doi.org/10.1108/s0731-90532023000045a002,https://doi.org/10.1108/s0731-90532023000045a002,,,0.97621744,4,8.951,closed,,published,ORCID
Jun Yu,0000-0003-2360-5873,,Journal of Econometrics,Modeling and forecasting realized volatility with the fractional Ornstein-Uhlenbeck process,2023,3,Xiaohu Wang; Weilin Xiao; Jun Yu,10.1016/j.jeconom.2021.08.001,https://doi.org/10.1016/j.jeconom.2021.08.001,https://doi.org/10.1016/j.jeconom.2021.08.001,A*,Q1,0.9804834,79,8.33,green,https://ink.library.smu.edu.sg/cgi/viewcontent.cgi?article=3591&context=soe_research,published,ORCID
Jun Yu,0000-0003-2360-5873,,Econometrics Journal,Bubble testing under polynomial trends,2023,2,Xiaohu Wang; Jun Yu,10.1093/ectj/utac020,https://doi.org/10.1093/ectj/utac020,https://doi.org/10.1093/ectj/utac020,A*,Q1,0.79752355,6,1.2094,green,https://ink.library.smu.edu.sg/cgi/viewcontent.cgi?article=3638&context=soe_research,published,ORCID
Jun Yu,0000-0003-2360-5873,,Journal of Econometrics,Posterior-based Wald-type statistics for hypothesis testing,2022,4,Xiaobin Liu; Yong Li; Jun Yu; Tao Zeng,10.1016/j.jeconom.2021.11.003,https://doi.org/10.1016/j.jeconom.2021.11.003,https://doi.org/10.1016/j.jeconom.2021.11.003,A*,Q1,0.80119704,14,1.1283,closed,,published,ORCID
Jun Yu,0000-0003-2360-5873,,Journal of Financial Econometrics,Forecasting Equity Index Volatility by Measuring the Linkage among Component Stocks,2022,4,Yue Qiu; Tian Xie; Jun Yu; Qiankun Zhou,10.1093/jjfinec/nbaa005,https://doi.org/10.1093/jjfinec/nbaa005,https://doi.org/10.1093/jjfinec/nbaa005,A*,Q1,,6,,closed,,published,ORCID
Jun Yu,0000-0003-2360-5873,,Journal of Business & Economic Statistics,The Grid Bootstrap for Continuous Time Models,2022,3,Yiu Lim Lui; Weilin Xiao; Jun Yu,10.1080/07350015.2021.1930014,https://doi.org/10.1080/07350015.2021.1930014,https://doi.org/10.1080/07350015.2021.1930014,A*,Q1,0.00844971,0,0.0,closed,,published,ORCID
Jun Yu,0000-0003-2360-5873,,Econometric Reviews,In-fill asymptotic theory for structural break point in autoregressions,2021,3,Liang Jiang; Xiaohu Wang; Jun Yu,10.1080/07474938.2020.1788822,https://doi.org/10.1080/07474938.2020.1788822,https://doi.org/10.1080/07474938.2020.1788822,A,Q2,0.94326084,12,3.9313,green,https://ink.library.smu.edu.sg/soe_research/2551,published,ORCID
Jun Yu,0000-0003-2360-5873,,Oxford Bulletin of Economics and Statistics,Mildly Explosive Autoregression with Anti-persistent Errors,2021,3,Yiu Lim Lui; Weilin Xiao; Jun Yu,10.1111/obes.12395,https://doi.org/10.1111/obes.12395,https://doi.org/10.1111/obes.12395,A,Q1,0.76853356,8,0.8703,closed,,published,ORCID
Jun Yu,0000-0003-2360-5873,,New Zealand Economic Papers,Housing equity and household consumption in retirement: evidence from the Singapore Life Panel ©,2021,4,Lipeng Chen; Liang Jiang; Sock‐Yong Phang; Jun Yu,10.1080/00779954.2020.1842794,https://doi.org/10.1080/00779954.2020.1842794,https://doi.org/10.1080/00779954.2020.1842794,B,Q3,0.7900575,2,0.499,closed,,published,ORCID
Jun Yu,0000-0003-2360-5873,,Econometrics,Maximum Likelihood Estimation for the Fractional Vasicek Model,2020,3,Katsuto Tanaka; Weilin Xiao; Jun Yu,10.3390/econometrics8030032,https://doi.org/10.3390/econometrics8030032,https://doi.org/10.3390/econometrics8030032,B,Q3,0.90295828,19,2.6096,gold,https://www.mdpi.com/2225-1146/8/3/32/pdf?version=1597222902,published,ORCID
Jun Yu,0000-0003-2360-5873,,Journal of Econometrics,Deviance information criterion for latent variable models and misspecified models,2020,3,Yong Li; Jun Yu; Tao Zeng,10.1016/j.jeconom.2019.11.002,https://doi.org/10.1016/j.jeconom.2019.11.002,https://doi.org/10.1016/j.jeconom.2019.11.002,A*,Q1,0.98163474,43,10.49,closed,,published,ORCID
Jun Yu,0000-0003-2360-5873,,Economics Letters,Asymptotic theory for rough fractional Vasicek models,2019,2,Weilin Xiao; Jun Yu,10.1016/j.econlet.2019.01.020,https://doi.org/10.1016/j.econlet.2019.01.020,https://doi.org/10.1016/j.econlet.2019.01.020,A,Q2,0.97230395,30,5.4236,closed,,published,ORCID
Jun Yu,0000-0003-2360-5873,,Journal of Econometrics,Random coefficient continuous systems: Testing for extreme sample path behavior,2019,3,Yubo Tao; Peter C.B. Phillips; Jun Yu,10.1016/j.jeconom.2019.01.002,https://doi.org/10.1016/j.jeconom.2019.01.002,https://doi.org/10.1016/j.jeconom.2019.01.002,A*,Q1,0.9517842,18,5.0041,green,https://eprints.soton.ac.uk/427353/1/Double_Asymptotics_for_OU_process_in_a_random_environment37.pdf,published,ORCID
Jun Yu,0000-0003-2360-5873,,Econometric Theory,Asymptotic theory for estimating drift parameters in the fractional Vasicek model,2019,2,Weilin Xiao; Jun Yu,10.1017/s0266466618000051,https://doi.org/10.1017/s0266466618000051,https://doi.org/10.1017/s0266466618000051,A*,Q1,0.97762442,63,8.2703,closed,,published,ORCID
Jun Yu,0000-0003-2360-5873,,Journal of Econometrics,Specification tests based on MCMC output,2018,3,Yong Li; Jun Yu; Tao Zeng,10.1016/j.jeconom.2018.08.001,https://doi.org/10.1016/j.jeconom.2018.08.001,https://doi.org/10.1016/j.jeconom.2018.08.001,A*,Q1,0.73855183,6,0.8054,closed,,published,ORCID
Jun Yu,0000-0003-2360-5873,,Journal of Econometrics,New distribution theory for the estimation of structural break point in mean,2018,3,Liang Jiang; Xiaohu Wang; Jun Yu,10.1016/j.jeconom.2018.03.009,https://doi.org/10.1016/j.jeconom.2018.03.009,https://doi.org/10.1016/j.jeconom.2018.03.009,A*,Q1,0.91885636,23,3.3081,green,https://ink.library.smu.edu.sg/soe_research/2121,published,ORCID
Jun Yu,0000-0003-2360-5873,,Econometrics,Bayesian analysis of bubbles in asset prices,2017,2,András Fülöp; Jun Yu,10.3390/econometrics5040047,https://doi.org/10.3390/econometrics5040047,https://doi.org/10.3390/econometrics5040047,B,Q3,0.96069083,11,4.96,gold,https://www.mdpi.com/2225-1146/5/4/47/pdf?version=1508745941,published,ORCID
Jun Yu,0000-0003-2360-5873,,Journal of Econometrics,Inference in continuous systems with mildly explosive regressors,2017,3,Ye Chen; Peter C.B. Phillips; Jun Yu,10.1016/j.jeconom.2017.08.016,https://doi.org/10.1016/j.jeconom.2017.08.016,https://doi.org/10.1016/j.jeconom.2017.08.016,A*,Q1,0.93772337,21,4.0138,green,https://eprints.soton.ac.uk/414780/1/continuous_cointegrated_systems_final_F.pdf,published,ORCID
Jun Yu,0000-0003-2360-5873,,Journal of Econometrics,Double asymptotics for explosive continuous time models,2016,2,Xiaohu Wang; Jun Yu,10.1016/j.jeconom.2016.02.014,https://doi.org/10.1016/j.jeconom.2016.02.014,https://doi.org/10.1016/j.jeconom.2016.02.014,A*,Q1,0.94554525,25,4.5477,closed,,published,ORCID
Jun Yu,0000-0003-2360-5873,,Essays in Honor of Cheng Hsiao,Model selection for explosive models,2016,2,Yubo Tao; Jun Yu,10.1108/s0731-905320200000041003,https://doi.org/10.1108/s0731-905320200000041003,https://doi.org/10.1108/s0731-905320200000041003,,,0.96311997,5,6.5628,green,https://arxiv.org/pdf/1703.02720,published,ORCID
Jun Yu,0000-0003-2360-5873,,Journal of Banking & Finance,New methodology for constructing real estate price indices applied to the Singapore residential market,2015,3,Liang Jiang; Peter C.B. Phillips; Jun Yu,10.1016/j.jbankfin.2015.08.026,https://doi.org/10.1016/j.jbankfin.2015.08.026,https://doi.org/10.1016/j.jbankfin.2015.08.026,A*,Q1,0.99081045,55,21.7494,bronze,https://doi.org/10.1016/j.jbankfin.2015.08.026,published,ORCID
Jun Yu,0000-0003-2360-5873,,Journal of Econometrics,A Bayesian chi-squared test for hypothesis testing,2015,3,Yong Li; Xiaobin Liu; Jun Yu,10.1016/j.jeconom.2015.06.021,https://doi.org/10.1016/j.jeconom.2015.06.021,https://doi.org/10.1016/j.jeconom.2015.06.021,A*,Q1,0.94498139,30,4.4537,green,https://ink.library.smu.edu.sg/context/soe_research/article/2587/viewcontent/03_2014.pdf,published,ORCID
Jun Yu,0000-0003-2360-5873,,International Economic Review,Testing for multiple bubbles: Historical episodes of exuberance and collapse in the S&P 500,2015,3,Peter C.B. Phillips; Shuping Shi; Jun Yu,10.1111/iere.12132,https://doi.org/10.1111/iere.12132,https://doi.org/10.1111/iere.12132,A*,Q1,0.99992736,1091,246.8552,closed,,published,ORCID
Jun Yu,0000-0003-2360-5873,,International Economic Review,Testing for multiple bubbles: Limit theory of real-time detectors,2015,3,Peter C.B. Phillips; Shuping Shi; Jun Yu,10.1111/iere.12131,https://doi.org/10.1111/iere.12131,https://doi.org/10.1111/iere.12131,A*,Q1,0.30841679,1,0.0,closed,,published,ORCID
Jun Yu,0000-0003-2360-5873,,Economics Letters,Bias in the estimation of mean reversion in continuous-time Levy processes,2015,4,Yong Bao; Aman Ullah; Yun Wang; Jun Yu,10.1016/j.econlet.2015.06.002,https://doi.org/10.1016/j.econlet.2015.06.002,https://doi.org/10.1016/j.econlet.2015.06.002,A,Q2,0.82705509,6,1.3361,green,https://ink.library.smu.edu.sg/cgi/viewcontent.cgi?article=2984&context=soe_research,published,ORCID
Jun Yu,0000-0003-2360-5873,,Statistics & Probability Letters,Optimal jackknife for unit root models,2015,2,Ye Chen; Jun Yu,10.1016/j.spl.2014.12.014,https://doi.org/10.1016/j.spl.2014.12.014,https://doi.org/10.1016/j.spl.2014.12.014,B,Q3,0.91935073,8,2.8457,closed,,published,ORCID
Jun Yu,0000-0003-2360-5873,,Economics Letters,Asymptotic theory for linear diffusions under alternative sampling schemes,2015,2,Qiankun Zhou; Jun Yu,10.1016/j.econlet.2014.12.015,https://doi.org/10.1016/j.econlet.2014.12.015,https://doi.org/10.1016/j.econlet.2014.12.015,A,Q2,0.83824764,18,1.5811,green,https://ink.library.smu.edu.sg/soe_research/1620,published,ORCID
Jun Yu,0000-0003-2360-5873,,The Review of Financial Studies,"Self-Exciting Jumps, Learning, and Asset Pricing Implications",2015,3,András Fülöp; Junye Li; Jun Yu,10.1093/rfs/hhu078,https://doi.org/10.1093/rfs/hhu078,https://doi.org/10.1093/rfs/hhu078,A*,Q1,0.97609647,102,7.8777,closed,,published,ORCID
Jun Yu,0000-0003-2360-5873,,Economics Letters,Limit theory for an explosive autoregressive process,2015,2,Xiaohu Wang; Jun Yu,10.1016/j.econlet.2014.12.004,https://doi.org/10.1016/j.econlet.2014.12.004,https://doi.org/10.1016/j.econlet.2014.12.004,A,Q2,0.87923934,31,2.11,green,https://ink.library.smu.edu.sg/soe_research/1619,published,ORCID
Jun Yu,0000-0003-2360-5873,,Computational Statistics and Data Analysis,A flexible and automated likelihood based framework for inference in stochastic volatility models,2014,2,Hans Julius Skaug; Jun Yu,10.1016/j.csda.2013.10.005,https://doi.org/10.1016/j.csda.2013.10.005,https://doi.org/10.1016/j.csda.2013.10.005,A,Q1,0.85867499,9,1.5376,closed,,published,ORCID
Jun Yu,0000-0003-2360-5873,,Econometric Theory,Econometric analysis of continuous time models: A survey of Peter Phillips' work and some new results,2014,1,Jun Yu,10.1017/s0266466613000467,https://doi.org/10.1017/s0266466613000467,https://doi.org/10.1017/s0266466613000467,A*,Q1,0.9349767,24,3.7316,closed,,published,ORCID
Jun Yu,0000-0003-2360-5873,,Oxford Bulletin of Economics and Statistics,Specification Sensitivity in Right-Tailed Unit Root Testing for Explosive Behaviour,2014,3,Peter C.B. Phillips; Shuping Shi; Jun Yu,10.1111/obes.12026,https://doi.org/10.1111/obes.12026,https://doi.org/10.1111/obes.12026,A,Q1,0.99574048,171,31.3287,closed,,published,ORCID
Jun Yu,0000-0003-2360-5873,,Journal of Econometrics,A new approach to Bayesian hypothesis testing,2014,3,Yong Li; Tao Zeng; Jun Yu,10.1016/j.jeconom.2013.08.035,https://doi.org/10.1016/j.jeconom.2013.08.035,https://doi.org/10.1016/j.jeconom.2013.08.035,A*,Q1,0.9870666,39,16.3292,green,https://ink.library.smu.edu.sg/soe_research/1550,published,ORCID
Jun Yu,0000-0003-2360-5873,,Journal of Asian Economics,Detecting bubbles in Hong Kong residential property market,2013,3,Matthew S. Yiu; Jun Yu; Jin Lü,10.1016/j.asieco.2013.04.005,https://doi.org/10.1016/j.asieco.2013.04.005,https://doi.org/10.1016/j.asieco.2013.04.005,B,Q2,0.99765314,163,48.9907,closed,,published,ORCID
Jun Yu,0000-0003-2360-5873,,Journal of Econometrics,Recent advances in nonstationary time series: A festschrift in honor of Peter C.B. Phillips,2012,3,Roberto S. Mariano; Zhijie Xiao; Jun Yu,10.1016/j.jeconom.2012.01.015,https://doi.org/10.1016/j.jeconom.2012.01.015,https://doi.org/10.1016/j.jeconom.2012.01.015,A*,Q1,0.16580804,1,0.0,green,https://ink.library.smu.edu.sg/soe_research/1439,published,ORCID
Jun Yu,0000-0003-2360-5873,,Journal of Econometrics,Bias in the estimation of the mean reversion parameter in continuous time models,2012,1,Jun Yu,10.1016/j.jeconom.2012.01.004,https://doi.org/10.1016/j.jeconom.2012.01.004,https://doi.org/10.1016/j.jeconom.2012.01.004,A*,Q1,0.97746335,77,8.6635,closed,,published,ORCID
Jun Yu,0000-0003-2360-5873,,Journal of Econometrics,A semiparametric stochastic volatility model,2012,1,Jun Yu,10.1016/j.jeconom.2011.09.029,https://doi.org/10.1016/j.jeconom.2011.09.029,https://doi.org/10.1016/j.jeconom.2011.09.029,A*,Q1,0.9548336,65,4.9646,closed,,published,ORCID
Jun Yu,0000-0003-2360-5873,,Journal of Econometrics,Bayesian hypothesis testing in latent variable models,2012,2,Yong Li; Jun Yu,10.1016/j.jeconom.2011.09.040,https://doi.org/10.1016/j.jeconom.2011.09.040,https://doi.org/10.1016/j.jeconom.2011.09.040,A*,Q1,0.94948895,44,4.5787,green,https://ink.library.smu.edu.sg/cgi/viewcontent.cgi?article=2315&amp;amp;context=soe_research,published,ORCID
Jun Yu,0000-0003-2360-5873,,Econometric Theory,The ET interview: A conversation with Professor Eric Ghysels,2012,2,Peter C.B. Phillips; Jun Yu,10.1017/s026646661100017x,https://doi.org/10.1017/s026646661100017x,https://doi.org/10.1017/s026646661100017x,A*,Q1,0.2269874,0,0.0,green,https://ink.library.smu.edu.sg/cgi/viewcontent.cgi?article=2341&amp;amp;context=soe_research,published,ORCID
Jun Yu,0000-0003-2360-5873,,Quantitative Economics,Dating the timeline of financial bubbles during the subprime crisis,2011,2,Peter C.B. Phillips; Jun Yu,10.3982/qe82,https://doi.org/10.3982/qe82,https://doi.org/10.3982/qe82,A*,Q1,0.99948927,566,104.1547,diamond,https://doi.org/10.3982/qe82,published,ORCID
Jun Yu,0000-0003-2360-5873,,Journal of Econometrics,Bias in estimating multivariate and univariate diffusions,2011,3,Xiaohu Wang; Peter C.B. Phillips; Jun Yu,10.1016/j.jeconom.2010.12.006,https://doi.org/10.1016/j.jeconom.2010.12.006,https://doi.org/10.1016/j.jeconom.2010.12.006,A*,Q1,0.92763012,39,3.4538,closed,,published,ORCID
Jun Yu,0000-0003-2360-5873,,International Economic Review,EXPLOSIVE BEHAVIOR IN THE 1990s NASDAQ: WHEN DID EXUBERANCE ESCALATE ASSET VALUES?,2011,3,Peter C.B. Phillips; Yangru Wu; Jun Yu,10.1111/j.1468-2354.2010.00625.x,https://doi.org/10.1111/j.1468-2354.2010.00625.x,https://doi.org/10.1111/j.1468-2354.2010.00625.x,A*,Q1,0.99963228,1146,127.7027,green,https://ink.library.smu.edu.sg/cgi/viewcontent.cgi?article=2264&context=soe_research,published,ORCID
Jun Yu,0000-0003-2360-5873,,Journal of Economic Dynamics and Control,Bayesian analysis of structural credit risk models with microstructure noises,2010,2,Shirley J. Huang; Jun Yu,10.1016/j.jedc.2010.05.008,https://doi.org/10.1016/j.jedc.2010.05.008,https://doi.org/10.1016/j.jedc.2010.05.008,A*,Q1,0.95473306,38,5.182,closed,,published,ORCID
Jun Yu,0000-0003-2360-5873,,The Review of Financial Studies,Simulation-Based Estimation of Contingent-Claims Prices,2009,2,Peter C.B. Phillips; Jun Yu,10.1093/rfs/hhp009,https://doi.org/10.1093/rfs/hhp009,https://doi.org/10.1093/rfs/hhp009,A*,Q1,0.96974131,40,7.2532,green,https://ink.library.smu.edu.sg/soe_research/966,published,ORCID
Jun Yu,0000-0003-2360-5873,,Journal of Econometrics,A two-stage realized volatility approach to estimation of diffusion processes with discrete data,2009,2,Peter C.B. Phillips; Jun Yu,10.1016/j.jeconom.2008.12.006,https://doi.org/10.1016/j.jeconom.2008.12.006,https://doi.org/10.1016/j.jeconom.2008.12.006,A*,Q1,0.94462997,41,4.2734,green,https://ink.library.smu.edu.sg/cgi/viewcontent.cgi?article=1277&context=soe_research,published,ORCID
Jun Yu,0000-0003-2360-5873,,Journal of Econometrics,Indirect inference for dynamic panel models,2007,3,Christian Gouriéroux; Peter C.B. Phillips; Jun Yu,10.1016/j.jeconom.2009.10.024,https://doi.org/10.1016/j.jeconom.2009.10.024,https://doi.org/10.1016/j.jeconom.2009.10.024,A*,Q1,0.98972476,128,18.6731,green,https://ink.library.smu.edu.sg/soe_research/912,published,ORCID
Jun Yu,0000-0003-2360-5873,,Finance Research Letters,Temporal aggregation and risk-return relation,2007,3,Xing Jin; Leping Wang; Jun Yu,10.1016/j.frl.2007.01.001,https://doi.org/10.1016/j.frl.2007.01.001,https://doi.org/10.1016/j.frl.2007.01.001,A,Q1,0.18022948,0,0.0,green,https://ink.library.smu.edu.sg/cgi/viewcontent.cgi?article=6243&amp;amp;context=lkcsb_research,published,ORCID
Jun Yu,0000-0003-2360-5873,,Computational Statistics and Data Analysis,A class of nonlinear stochastic volatility models and its implications for pricing currency options,2006,3,Jun Yu; Zhenlin Yang; Xibin Zhang,10.1016/j.csda.2006.08.024,https://doi.org/10.1016/j.csda.2006.08.024,https://doi.org/10.1016/j.csda.2006.08.024,A,Q1,0.94393187,46,4.4055,green,https://ink.library.smu.edu.sg/soe_research/197,published,ORCID
Jun Yu,0000-0003-2360-5873,,Econometric Reviews,Multivariate stochastic volatility models: Bayesian estimation and model comparison,2006,2,Jun Yu; Renate Meyer,10.1080/07474930600713465,https://doi.org/10.1080/07474930600713465,https://doi.org/10.1080/07474930600713465,A,Q2,0.97335312,184,8.079,closed,,published,ORCID
Jun Yu,0000-0003-2360-5873,,Econometric Reviews,Multivariate stochastic volatility: A review,2006,3,Manabu Asai; Michael J. McAleer; Jun Yu,10.1080/07474930600713564,https://doi.org/10.1080/07474930600713564,https://doi.org/10.1080/07474930600713564,A,Q2,0.99503194,384,24.6043,closed,,published,ORCID
Jun Yu,0000-0003-2360-5873,,Journal of Business & Economic Statistics,Realized variance and market microstructure noise - Comment,2006,2,Peter C.B. Phillips; Jun Yu,10.1198/073500106000000116,https://doi.org/10.1198/073500106000000116,https://doi.org/10.1198/073500106000000116,A*,Q1,0.95737293,16,5.5906,closed,,published,ORCID
Jun Yu,0000-0003-2360-5873,,Journal of Econometrics,On leverage in a stochastic volatility model,2005,1,Jun Yu,10.1016/j.jeconom.2004.08.002,https://doi.org/10.1016/j.jeconom.2004.08.002,https://doi.org/10.1016/j.jeconom.2004.08.002,A*,Q1,0.98983755,420,16.5479,closed,,published,ORCID
Jun Yu,0000-0003-2360-5873,,Statistical Science,Comment: A selective overview of nonparametric methods in financial econometrics,2005,2,Peter C.B. Phillips; Jun Yu,10.1214/088342305000000430,https://doi.org/10.1214/088342305000000430,https://doi.org/10.1214/088342305000000430,A,Q1,0.87024404,17,1.8334,bronze,https://projecteuclid.org/journals/statistical-science/volume-20/issue-4/Comment--A-Selective-Overview-of-Nonparametric-Methods-in-Financial/10.1214/088342305000000430.pdf,published,ORCID
Jun Yu,0000-0003-2360-5873,,The Review of Financial Studies,Jackknifing bond option prices,2005,2,Peter C.B. Phillips; Jun Yu,10.1093/rfs/hhi018,https://doi.org/10.1093/rfs/hhi018,https://doi.org/10.1093/rfs/hhi018,A*,Q1,0.79464097,7,0.7333,green,https://papers.ssrn.com/sol3/Delivery.cfm/hhi018.pdf?abstractid=900688&mirid=1,published,ORCID
Jun Yu,0000-0003-2360-5873,,Quantitative Finance,Estimation of hyperbolic diffusion using the Markov chain Monte Carlo method,2004,3,Y Tse; Xibin Zhang; Jun Yu,10.1088/1469-7688/4/2/005,https://doi.org/10.1088/1469-7688/4/2/005,https://doi.org/10.1088/1469-7688/4/2/005,A,Q1,0.84021957,19,1.1283,green,https://ink.library.smu.edu.sg/soe_research/518,published,ORCID
Jun Yu,0000-0003-2360-5873,,Journal of Business & Economic Statistics,Deviance information criterion for comparing stochastic volatility models,2004,3,Andreas Berg; Renate Meyer; Jun Yu,10.1198/073500103288619430,https://doi.org/10.1198/073500103288619430,https://doi.org/10.1198/073500103288619430,A*,Q1,0.97433425,286,8.2739,closed,,published,ORCID
Jun Yu,0000-0003-2360-5873,,Econometric Theory,Empirical characteristic function in time series estimation,2002,2,John L. Knight; Jun Yu,10.1017/s026646660218306x,https://doi.org/10.1017/s026646660218306x,https://doi.org/10.1017/s026646660218306x,A*,Q1,0.98485662,102,13.0254,green,https://ink.library.smu.edu.sg/soe_research/244,published,ORCID
Jun Yu,0000-0003-2360-5873,,Australian and New Zealand Journal of Statistics,Estimation of the stochastic volatility model by the empirical characteristic function method,2002,3,John L Knight; Stephen Satchell; Jun Yu,10.1111/1467-842x.00234,https://doi.org/10.1111/1467-842x.00234,https://doi.org/10.1111/1467-842x.00234,A,Q3,0.91243033,45,2.5015,green,https://ink.library.smu.edu.sg/soe_research/507,published,ORCID
Jun Yu,0000-0003-2360-5873,,Applied Financial Economics,Forecasting Volatility in the New Zealand Stock Market,2002,1,Jun Yu,10.1080/09603100110090118,https://doi.org/10.1080/09603100110090118,https://doi.org/10.1080/09603100110090118,B,,0.96157744,216,6.0752,green,https://ink.library.smu.edu.sg/cgi/viewcontent.cgi?article=1412&amp;amp;context=soe_research,published,ORCID
Jun Yu,0000-0003-2360-5873,,Econometrics Journal,BUGS for a Bayesian analysis of stochastic volatility models,2000,2,Renate Meyer; Jun Yu,10.1111/1368-423x.00046,https://doi.org/10.1111/1368-423x.00046,https://doi.org/10.1111/1368-423x.00046,A*,Q1,0.9427953,220,3.7269,green,https://ink.library.smu.edu.sg/soe_research/502,published,ORCID
Silvia Zia,0009-0001-9381-1421,178941,International Review of Economics & Finance,Firm and industry specific determinants of capital structure: Evidence from the Australian market,2019,2,Larry Li; Silvia Zia Islam,10.1016/j.iref.2018.10.007,https://doi.org/10.1016/j.iref.2018.10.007,https://doi.org/10.1016/j.iref.2018.10.007,A,Q1,0.98902905,101,14.9303,closed,,published,ORCID
Silvia Zia,0009-0001-9381-1421,178941,The North American Journal of Economics and Finance,Firm leverage decisions: Does industry matter?,2015,2,Silvia Zia Islam; Sarod Khandaker,10.1016/j.najef.2014.10.005,https://doi.org/10.1016/j.najef.2014.10.005,https://doi.org/10.1016/j.najef.2014.10.005,B,Q2,0.94162525,39,4.0818,closed,,published,ORCID
Silvia Zia,0009-0001-9381-1421,178941,"Journal of Developing Areas, The",Volatility and co-movement: an analysis of stock markets behavior of selected emerging and developed countries,2015,2,Sarod Khandaker; Silvia Zia Islam,10.1353/jda.2015.0095,https://doi.org/10.1353/jda.2015.0095,https://doi.org/10.1353/jda.2015.0095,,,0.07332383,5,0.0,closed,,published,ORCID
Silvia Zia,0009-0001-9381-1421,178941,Economic Modelling,Stock market integration of emerging Asian economies: Patterns and causes,2014,3,Seema Narayan; Sivagowry Sriananthakumar; Sakhawat Islam,10.1016/j.econmod.2014.02.012,https://doi.org/10.1016/j.econmod.2014.02.012,https://doi.org/10.1016/j.econmod.2014.02.012,A,Q1,0.99099803,111,20.6811,green,https://figshare.com/articles/journal_contribution/Stock_market_integration_of_emerging_Asian_economies_Patterns_and_causes/27464205,published,ORCID
Phill Cobbin,0000-0002-1117-7341,,Accounting Auditing and Accountability Journal,Call to service: The Register of Australian Accountants for National Service 1940–1944,2021,2,"Cobbin, Phillip E.; Funnell, Warwick",10.1108/aaaj-10-2019-4200,https://doi.org/10.1108/aaaj-10-2019-4200,https://doi.org/10.1108/aaaj-10-2019-4200,A*,Q1,0.68872936,2,0.3939,green,https://kar.kent.ac.uk/93042/7/Call_to_Service_The_Register_of%20Australian_Accountants_for_National_Service_1940-1944.PDF,published,Crossref
Phill Cobbin,0000-0002-1117-7341,,Accounting History Review,"Cheating ‘Jack Tar’: seafarers’ wages in Britain’s Royal Navy, 1754–1767",2023,3,"Burrows, Geoff; Cobbin, Phillip; Hronsky, Jane",10.1080/21552851.2023.2250824,https://doi.org/10.1080/21552851.2023.2250824,https://doi.org/10.1080/21552851.2023.2250824,B,Q2,0.73776998,1,0.2973,closed,,published,Crossref
Phill Cobbin,0000-0002-1117-7341,,Accounting History,World War 2 governmental cost-plus procurement: An Australian case study,2024,3,"Burrows, Geoff; Cobbin, Phillip E.; Hronsky, Jane",10.1177/10323732241258560,https://doi.org/10.1177/10323732241258560,https://doi.org/10.1177/10323732241258560,A,Q1,0.16938641,0,0.0,hybrid,https://doi.org/10.1177/10323732241258560,published,Crossref
Patrick Ferguson,0000-0003-2376-5463,59488,The Economic Record,Consuming Contests: The Effect of Outcome Uncertainty on Spectator Attendance in the Australian Football League*,2023,2,"Ferguson, Patrick J.; Lakhani, Karim R.",10.1111/1475-4932.12735,https://doi.org/10.1111/1475-4932.12735,https://doi.org/10.1111/1475-4932.12735,A,Q2,0.79421624,3,0.5947,hybrid,https://onlinelibrary.wiley.com/doi/pdfdirect/10.1111/1475-4932.12735,published,Crossref
Patrick Ferguson,0000-0003-2376-5463,59488,The Accounting Review,When and Why Do Supervisors’ Evaluations Overweight Subordinates’ Performance Outcomes? Evidence from a Team Setting in the Field,2025,1,"Ferguson, Patrick J.",10.2308/tar-2021-0672,https://doi.org/10.2308/tar-2021-0672,https://doi.org/10.2308/tar-2021-0672,A*,Q1,0.20910156,0,0.0,bronze,https://publications.aaahq.org/accounting-review/article-pdf/doi/10.2308/TAR-2021-0672/113851/tar-2021-0672.pdf,published,Crossref
Xue Jia,0000-0002-0843-9259,124963,Journal of Accounting and Public Policy,On the valuation and informational roles of investor horizons,2026,1,"Jia, Xue",10.1016/j.jaccpubpol.2026.107403,https://doi.org/10.1016/j.jaccpubpol.2026.107403,https://doi.org/10.1016/j.jaccpubpol.2026.107403,A*,Q1,,,,,,published,Crossref
Flora Kuang,0000-0001-5095-4118,,Corporate Governance: an international review,Female representation on boards and CEO performance‐induced turnover: Evidence from Russia,2020,3,"Kim, Oksana; Kuang, Yu Flora; Qin, Bo",10.1111/corg.12316,https://doi.org/10.1111/corg.12316,https://doi.org/10.1111/corg.12316,A,Q1,0.9512935,33,5.2527,closed,,published,Crossref
Flora Kuang,0000-0001-5095-4118,,Contemporary Accounting Research,"Whistleblowing Allegations, Audit Fees, and Internal Control Deficiencies",2021,3,"Kuang, Yu Flora; Lee, Gladys; Qin, Bo",10.1111/1911-3846.12619,https://doi.org/10.1111/1911-3846.12619,https://doi.org/10.1111/1911-3846.12619,A*,Q1,0.95118378,45,5.1853,green,https://papers.ssrn.com/sol3/papers.cfm?abstract_id=3635523,published,Crossref
Flora Kuang,0000-0001-5095-4118,,Accounting and Business Research,CFO social ties to non-CEO senior managers and financial restatements,2022,4,"Kuang, Yu Flora; Liu, Xiaotao Kelvin; Paruchuri, Srikanth; Qin, Bo",10.1080/00014788.2020.1793719,https://doi.org/10.1080/00014788.2020.1793719,https://doi.org/10.1080/00014788.2020.1793719,A,Q1,0.93403072,35,3.9688,closed,,published,Crossref
Flora Kuang,0000-0001-5095-4118,,"Accounting, Organizations and Society",Death is a law: Death of former colleagues and management forecasts,2022,4,"Kuang, Yu Flora; Li, Leye; Lu, Louise Yi; Qin, Bo",10.1016/j.aos.2022.101350,https://doi.org/10.1016/j.aos.2022.101350,https://doi.org/10.1016/j.aos.2022.101350,A*,Q1,0.90031136,15,2.6317,green,https://unsworks.unsw.edu.au/bitstreams/f2958cea-3759-4420-97fd-9346ee7ef969/download,published,Crossref
Flora Kuang,0000-0001-5095-4118,,The European Accounting Review,Firm Strategy and CEO−VP Pay Differentials in Equity Compensation,2024,5,"Abernethy, Margaret A.; Dong, Yunhe; Kuang, Yu Flora; Qin, Bo; Yang, Xing",10.1080/09638180.2022.2119153,https://doi.org/10.1080/09638180.2022.2119153,https://doi.org/10.1080/09638180.2022.2119153,A*,Q1,0.75822934,4,0.8299,closed,,published,Crossref
Flora Kuang,0000-0001-5095-4118,,Accounting and Finance,Do ties still bind? Analyst behaviour after financial restatements,2023,4,"Wu, Yi (Ava); Kuang, Yu Flora; Lee, Gladys; Zhai, Kerui",10.1111/acfi.13184,https://doi.org/10.1111/acfi.13184,https://doi.org/10.1111/acfi.13184,A,Q1,0.77004617,2,0.7787,hybrid,https://onlinelibrary.wiley.com/doi/pdfdirect/10.1111/acfi.13184,published,Crossref
Flora Kuang,0000-0001-5095-4118,,Auditing: A Journal of Practice and Theory,Internal and External Social Capital of Big 4 Audit Offices,2025,5,"Cardinaels, Eddy; Khoo, Eunice S.; Kuang, Yu Flora; Lee, Gladys; Qin, Bo",10.2308/ajpt-2022-188,https://doi.org/10.2308/ajpt-2022-188,https://doi.org/10.2308/ajpt-2022-188,A*,Q1,0.80664962,1,0.5281,green,https://repository.tilburguniversity.edu/bitstreams/1e4a5c00-b239-432c-bf16-b1faff14af4f/download,published,Crossref
Flora Kuang,0000-0001-5095-4118,,Accounting and Business Research,CEO charity involvement and corporate performance in promoting stakeholders’ interest,2025,3,"Cardinaels, Eddy; Kuang, Yu Flora; Zhang, Jingwen",10.1080/00014788.2025.2450619,https://doi.org/10.1080/00014788.2025.2450619,https://doi.org/10.1080/00014788.2025.2450619,A,Q1,0.81959694,1,1.783,hybrid,https://www.tandfonline.com/doi/pdf/10.1080/00014788.2025.2450619?needAccess=true,published,Crossref
Flora Kuang,0000-0001-5095-4118,,Journal of Financial and Quantitative Analysis,Silencing Pollution: The Environmental Consequences of Anti-SLAPP Laws,2026,3,"Chen, Xikai; Ke, Jinjun (Ricky); Kuang, Yu Flora",10.1017/s0022109026102658,https://doi.org/10.1017/s0022109026102658,https://doi.org/10.1017/s0022109026102658,A*,Q1,0.98667935,2,20.6698,hybrid,https://doi.org/10.1017/s0022109026102658,published,Crossref
Rebecca Mattocks,0009-0007-8558-527X,,International Journal of Auditing,Investor Judgements on Going Concern Prospects: The Impact of KAM Versus MURGC Reporting and Management's Internal Versus External Attributions,2026,2,"Mattocks, Rebecca; Phang, Soon‐Yeow",10.1111/ijau.70044,https://doi.org/10.1111/ijau.70044,https://doi.org/10.1111/ijau.70044,A,Q1,0.69903698,0,0.0,hybrid,https://doi.org/10.1111/ijau.70044,published,Crossref
Vic Naiker,0000-0002-7069-8497,132071,Journal of Management Accounting Research,Business Strategy and the Cost of Equity Capital: An Evaluation of Pure versus Hybrid Business Strategies,2018,4,"Khedmati, Mehdi; Lim, Edwin KiaYang; Naiker, Vic; Navissi, Farshid",10.2308/jmar-52171,https://doi.org/10.2308/jmar-52171,https://doi.org/10.2308/jmar-52171,A*,Q1,0.79824172,14,0.9329,green,https://figshare.com/articles/journal_contribution/Business_strategy_and_the_cost_of_equity_capital_an_evaluation_of_pure_versus_hybrid_business_strategies/20800558,published,Crossref
Vic Naiker,0000-0002-7069-8497,132071,The Accounting Review,Audit Office Labor Market Proximity and Audit Quality,2021,3,"Lee, Gladys; Naiker, Vic; Stewart, Christopher R.",10.2308/tar-2018-0496,https://doi.org/10.2308/tar-2018-0496,https://doi.org/10.2308/tar-2018-0496,A*,Q1,0.98153047,65,9.289,closed,,published,Crossref
Vic Naiker,0000-0002-7069-8497,132071,Journal of the American Taxation Association,The Association between Auditor Provided Tax Planning and Tax Compliance Services and Tax Avoidance and Tax Risk,2021,4,"Chyz, James A.; Gal-Or, Ronen; Naiker, Vic; Sharma, Divesh S.",10.2308/jata-19-041,https://doi.org/10.2308/jata-19-041,https://doi.org/10.2308/jata-19-041,A,Q1,0.98434051,52,10.1047,green,https://papers.ssrn.com/sol3/Delivery.cfm/SSRN_ID3821858_code1858169.pdf?abstractid=3821858&mirid=1,published,Crossref
Vic Naiker,0000-0002-7069-8497,132071,Auditing: A Journal of Practice and Theory,Separating Auditor-Provided Tax Planning and Tax Compliance Services: Audit Quality Implications,2023,3,"Chyz, James A.; Gal-Or, Ronen; Naiker, Vic",10.2308/ajpt-2019-519,https://doi.org/10.2308/ajpt-2019-519,https://doi.org/10.2308/ajpt-2019-519,A*,Q1,0.9079982,11,2.7765,closed,,published,Crossref
Vic Naiker,0000-0002-7069-8497,132071,Auditing: A Journal of Practice and Theory,Audit Office Effectiveness and Efficiency,2025,5,"Tan, Eka Nugraha; Garg, Mukesh; Jeter, Debra; Kirubaharan, Dhayani; Naiker, Vic",10.2308/ajpt-2020-064,https://doi.org/10.2308/ajpt-2020-064,https://doi.org/10.2308/ajpt-2020-064,A*,Q1,0.8476804,2,1.0562,green,https://figshare.com/articles/journal_contribution/Audit_Office_Effectiveness_and_Efficiency/26420050,published,Crossref
Sujay Nair,0000-0002-1506-6921,1904,The Accounting Review,Competition and Reward Practices: Evidence from Public Schools,2025,2,"Jiang, Yile; Nair, Sujay",10.2308/tar-2024-0041,https://doi.org/10.2308/tar-2024-0041,https://doi.org/10.2308/tar-2024-0041,A*,Q1,0.9293409,3,3.774,bronze,https://publications.aaahq.org/accounting-review/article-pdf/doi/10.2308/TAR-2024-0041/119353/tar-2024-0041.pdf,published,Crossref
Sujay Nair,0000-0002-1506-6921,1904,Journal of Management Accounting Research,Nonfinancial Rewards in Times of Change,2026,3,"Nair, Sujay; Abernethy, Margaret A.; Lillis, Anne M.",10.2308/jmar-2023-010,https://doi.org/10.2308/jmar-2023-010,https://doi.org/10.2308/jmar-2023-010,A*,Q1,0.07501617,0,0.0,bronze,https://publications.aaahq.org/jmar/article-pdf/doi/10.2308/JMAR-2023-010/155672/jmar-2023-010.pdf,published,Crossref
Maiying Sui,0000-0002-1566-522X,,Accounting and Finance,The effect of auditor litigation risk on analyst coverage decisions: Evidence from a quasi‐experiment,2025,4,"Lu, Louise; Sui, Maiying; Wang, Dongyue; Wu, Yi (Ava)",10.1111/acfi.70005,https://doi.org/10.1111/acfi.70005,https://doi.org/10.1111/acfi.70005,A,Q1,0.03925811,0,0.0,closed,,published,Crossref
Maiying Sui,0000-0002-1566-522X,,British Accounting Review,The hidden toll: The impact of segment asset disclosure cessation on analyst forecast properties,2026,2,"Sui, Maiying; Wu, Yi (Ava)",10.1016/j.bar.2026.101877,https://doi.org/10.1016/j.bar.2026.101877,https://doi.org/10.1016/j.bar.2026.101877,A*,Q1,0.9728769,1,16.9045,closed,,published,Crossref
Martin Weisner,0000-0003-1702-6277,127594,Journal of Management Accounting Research,Spatial Distance and Risk Category Effects in Enterprise Risk Management Practice,2022,3,"Fehrenbacher, Dennis; Sutton, Steve G.; Weisner, Martin M.",10.2308/jmar-2021-016,https://doi.org/10.2308/jmar-2021-016,https://doi.org/10.2308/jmar-2021-016,A*,Q1,0.74198408,4,0.8299,closed,,published,Crossref
Martin Weisner,0000-0003-1702-6277,127594,Journal of Management Accounting Research,The Influence of Controllability and Outcome Valence on Cost-Shifting,2024,4,"Cohen, Jeffrey; Fehrenbacher, Dennis D.; Schulz, Axel K.-D.; Weisner, Martin",10.2308/jmar-2021-030,https://doi.org/10.2308/jmar-2021-030,https://doi.org/10.2308/jmar-2021-030,A*,Q1,0.76215813,2,0.7787,closed,,published,Crossref
Martin Weisner,0000-0003-1702-6277,127594,Communications of the Association for Information Systems,"Gaze Behavior, Motivational Factors, and Organizational Knowledge Sharing",2026,2,"Weisner, Martin; Fehrenbacher, Dennis",10.17705/1cais.05846,https://doi.org/10.17705/1cais.05846,https://doi.org/10.17705/1cais.05846,A,Q2,0.75429643,0,0.0,bronze,https://aisel.aisnet.org/cgi/viewcontent.cgi?article=4765&context=cais,published,Crossref
Hae Won (Henny) Jung,0000-0002-7268-7505,8445,Management Science,"Ownership Structure, Incentives, and Asset Returns",2024,3,"Jung, Hae Won (Henny); Subramanian, Ajay; Zeng, Qi",10.1287/mnsc.2023.4696,https://doi.org/10.1287/mnsc.2023.4696,https://doi.org/10.1287/mnsc.2023.4696,A*,Q1,0.60021532,1,0.3893,closed,,published,Crossref
Bryan Lim,0000-0003-3756-3651,7805,Review of Accounting Studies,Expert advice in the presence of conflicts of interest: the case of star-crossed acquisitions,2022,4,"Aharoni, Gil; Lim, Bryan; Litov, Lubomir P.; Neyland, Jordan B.",10.1007/s11142-022-09679-z,https://doi.org/10.1007/s11142-022-09679-z,https://doi.org/10.1007/s11142-022-09679-z,A*,Q1,0.86644738,8,1.9364,closed,,published,Crossref
Andrea Lu,0000-0002-8635-2167,54873,Management Science,Investor Sentiment and the Pricing of Macro Risks for Hedge Funds,2025,3,"Chen, Zhuo; Lu, Andrea; Zhu, Xiaoquan",10.1287/mnsc.2022.02792,https://doi.org/10.1287/mnsc.2022.02792,https://doi.org/10.1287/mnsc.2022.02792,A*,Q1,0.90341594,8,2.7223,closed,,published,Crossref
Chander Shekhar,0000-0003-4689-5172,105,International Journal of Managerial Finance,"Information environment, proprietary costs and disclosure content in firm 10-K reports",2026,2,"Akyol, Ali C.; Shekhar, Chander",10.1108/ijmf-12-2024-0683,https://doi.org/10.1108/ijmf-12-2024-0683,https://doi.org/10.1108/ijmf-12-2024-0683,A,Q2,0.04785584,0,0.0,closed,,published,Crossref
Xiaoting Wei,0000-0001-6490-9967,,Accounting and Finance,When are dividend increases bad for corporate bonds?,2019,3,"Wei, Xiaoting; Truong, Cameron; Do, Viet",10.1111/acfi.12441,https://doi.org/10.1111/acfi.12441,https://doi.org/10.1111/acfi.12441,A,Q1,0.87243405,8,2.0443,closed,,published,Crossref
Qi Zeng,0000-0003-1228-0794,11502,Management Science,"Ownership Structure, Incentives, and Asset Returns",2024,3,"Jung, Hae Won (Henny); Subramanian, Ajay; Zeng, Qi",10.1287/mnsc.2023.4696,https://doi.org/10.1287/mnsc.2023.4696,https://doi.org/10.1287/mnsc.2023.4696,A*,Q1,0.60021532,1,0.3893,closed,,published,Crossref
Margaret Abernethy,0000-0002-1244-7593,4757,Contemporary Accounting Research,A Field Study of Control System “Redesign”: The Impact of Institutional Processes on Strategic Choice*,1996,2,Margaret A. Abernethy; Wai Fong Chua,10.1111/j.1911-3846.1996.tb00515.x,https://doi.org/10.1111/j.1911-3846.1996.tb00515.x,https://openalex.org/W1976673863,A*,Q1,0.86942217,538,2.2918,closed,,published,OpenAlex
Margaret Abernethy,0000-0002-1244-7593,4757,"Accounting, Organizations and Society",The consequences of customization on management accounting system design,2000,2,Jan Bouwens; Margaret A. Abernethy,10.1016/s0361-3682(99)00043-4,https://doi.org/10.1016/s0361-3682(99)00043-4,https://openalex.org/W2144677477,A*,Q1,0.96966511,399,6.6624,closed,,published,OpenAlex
Margaret Abernethy,0000-0002-1244-7593,4757,The Accounting Review,The influence of CEO power on compensation contract design,2015,3,Margaret A. Abernethy; Yu Flora Kuang; Bo Qin,10.2308/accr-50971,https://doi.org/10.2308/accr-50971,https://openalex.org/W2008061591,A*,Q1,0.99230354,245,22.115,green,https://papers.ssrn.com/sol3/papers.cfm?abstract_id=2513185,published,OpenAlex
Margaret Abernethy,0000-0002-1244-7593,4757,Journal of Accounting Research,Are Employee Selection and Incentive Contracts Complements or Substitutes?,2015,3,Margaret A. Abernethy; Henri C. Dekker; Axel Schulz,10.1111/1475-679x.12090,https://doi.org/10.1111/1475-679x.12090,https://openalex.org/W1825842601,A*,Q1,0.99305495,121,23.9239,closed,,published,OpenAlex
Margaret Abernethy,0000-0002-1244-7593,4757,Accounting and Finance,AN EMPIRICAL ASSESSMENT OF THE “FIT”BETWEEN STRATEGY AND MANAGEMENT INFORMATION SYSTEM DESIGN,1994,2,Margaret A. Abernethy; Cameron H. Guthrie,10.1111/j.1467-629x.1994.tb00269.x,https://doi.org/10.1111/j.1467-629x.1994.tb00269.x,https://openalex.org/W2008314976,A,Q1,0.79964381,224,1.2099,closed,,published,OpenAlex
Margaret Abernethy,0000-0002-1244-7593,4757,Journal of Management Accounting Research,Interdependencies in organization design: a test in hospitals,2001,2,Margaret A. Abernethy; Anne M. Lillis,10.2308/jmar.2001.13.1.107,https://doi.org/10.2308/jmar.2001.13.1.107,https://openalex.org/W1995602710,A*,Q1,0.92091438,164,3.5986,closed,,published,OpenAlex
Margaret Abernethy,0000-0002-1244-7593,4757,"Accounting, Organizations and Society",Organization identity and earnings manipulation,2017,3,Margaret A. Abernethy; Jan Bouwens; Peter Kroos,10.1016/j.aos.2017.04.002,https://doi.org/10.1016/j.aos.2017.04.002,https://openalex.org/W2606778469,A*,Q1,0.98437432,74,12.6227,closed,,published,OpenAlex
Margaret Abernethy,0000-0002-1244-7593,4757,Journal of Management Accounting Research,Critique on the “Manager Effects” Research and Implications for Management Accounting Research,2018,2,Margaret A. Abernethy; Mark S. Wallis,10.2308/jmar-52030,https://doi.org/10.2308/jmar-52030,https://openalex.org/W2784379155,A*,Q1,0.96618003,51,7.4624,closed,,published,OpenAlex
Margaret Abernethy,0000-0002-1244-7593,4757,Accounting Auditing and Accountability Journal,The Relationship between Organisation Structure and Management Control in Hospitals: An Elaboration and Test of Mintzberg’s Professional Bureaucracy Model,1990,2,Margaret A. Abernethy; Johannes U Stoelwinder,10.1108/09513579010142616,https://doi.org/10.1108/09513579010142616,https://openalex.org/W1990524301,A*,Q1,0.11665142,49,0.0,closed,,published,OpenAlex
Margaret Abernethy,0000-0002-1244-7593,4757,Contemporary Accounting Research,Managers' career preferences and corporate culture,2024,3,Margaret A. Abernethy; Chung‐Yu Hung; Like Jiang,10.1111/1911-3846.12948,https://doi.org/10.1111/1911-3846.12948,https://openalex.org/W4397014659,A*,Q1,0.95143869,11,5.1948,bronze,https://onlinelibrary.wiley.com/doi/pdfdirect/10.1111/1911-3846.12948,published,OpenAlex
Margaret Abernethy,0000-0002-1244-7593,4757,Accounting and Finance,Firm culture and internal control system,2022,4,Margaret A. Abernethy; Wei Li; Yunyan Zhang; Hanzhong Shi,10.1111/acfi.13020,https://doi.org/10.1111/acfi.13020,https://openalex.org/W4308451974,A,Q1,0.83460969,10,1.3831,hybrid,https://onlinelibrary.wiley.com/doi/pdfdirect/10.1111/acfi.13020,published,OpenAlex
Margaret Abernethy,0000-0002-1244-7593,4757,Behavioral Research in Accounting,Budgeting and the Management of Role Conflict in Hospitals.,1999,2,Sue E. Comerford; Margaret A. Abernethy,10.2308/bria-1706924,https://doi.org/10.2308/bria-1706924,https://openalex.org/W7164664751,A,Q2,0.81505302,59,1.0464,closed,,published,OpenAlex
Margaret Abernethy,0000-0002-1244-7593,4757,Financial Accountability and Management,PHYSICIANS AND RESOURCE MANAGEMENT: THE ROLE OF ACCOUNTING AND NON-ACCOUNTING CONTROLS,1996,1,Margaret A. Abernethy,10.1111/j.1468-0408.1996.tb00419.x,https://doi.org/10.1111/j.1468-0408.1996.tb00419.x,https://openalex.org/W2008892300,A,Q1,0.71999181,54,0.7686,closed,,published,OpenAlex
Margaret Abernethy,0000-0002-1244-7593,4757,Financial Accountability and Management,PHYSICIANS AND RESOURCE MANAGEMENT IN HOSPITALS: AN EMPIRICAL INVESTIGATION,1990,2,Margaret A. Abernethy; Johannes U Stoelwinder,10.1111/j.1468-0408.1990.tb00325.x,https://doi.org/10.1111/j.1468-0408.1990.tb00325.x,https://openalex.org/W2151063107,A,Q1,0.82128778,38,1.4019,closed,,published,OpenAlex
Margaret Abernethy,0000-0002-1244-7593,4757,The European Accounting Review,Can Technology-Enabled Advanced Monitoring Systems Influence Individual Performance and Team Dynamics?,2023,4,Margaret A. Abernethy; Kevin Chin; Sujay Nair; Naomi S. Soderstrom,10.1080/09638180.2022.2060845,https://doi.org/10.1080/09638180.2022.2060845,https://openalex.org/W4225153986,A*,Q1,0.85803975,6,1.3107,closed,,published,OpenAlex
Margaret Abernethy,0000-0002-1244-7593,4757,Health Services Management Research,The Design and Implementation of a Management Information System for Australian Public Hospitals,1989,2,Johannes U Stoelwinder; Margaret A. Abernethy,10.1177/095148488900200302,https://doi.org/10.1177/095148488900200302,https://openalex.org/W1879831004,C,Q2,0.82967874,4,1.8509,closed,,published,OpenAlex
Margaret Abernethy,0000-0002-1244-7593,4757,Accounting and Finance,THE EFFECTS OF ALTERNATIVE REIMBURSEMENT SYSTEMS ON THE OPERATING BEHAVIOUR OF NURSING HOMES,1985,1,Margaret A. Abernethy,10.1111/j.1467-629x.1985.tb00066.x,https://doi.org/10.1111/j.1467-629x.1985.tb00066.x,https://openalex.org/W2054093382,A,Q1,0.1445542,1,0.0,closed,,published,OpenAlex
Margaret Abernethy,0000-0002-1244-7593,4757,"Accounting, Organizations and Society",The interdependence between the choice of fixed-term professional workers and the control environment,2023,4,Sujay Nair; Margaret A. Abernethy; Yile Jiang; Anne M. Lillis,10.1016/j.aos.2023.101525,https://doi.org/10.1016/j.aos.2023.101525,https://openalex.org/W4389227124,A*,Q1,0.1787234,0,0.0,hybrid,https://doi.org/10.1016/j.aos.2023.101525,published,OpenAlex
Gary Biddle,0000-0003-3405-0738,120646,Journal of Accounting and Economics,How does financial reporting quality relate to investment efficiency?,2009,3,Gary C. Biddle; Gilles Hilary; Rodrigo S. Verdi,10.1016/j.jacceco.2009.09.001,https://doi.org/10.1016/j.jacceco.2009.09.001,https://openalex.org/W3125686936,A*,Q1,,8,,closed,,published,OpenAlex
Gary Biddle,0000-0003-3405-0738,120646,The Accounting Review,Accounting Quality and Firm-Level Capital Investment,2006,2,Gary C. Biddle; Gilles Hilary,10.2308/accr.2006.81.5.963,https://doi.org/10.2308/accr.2006.81.5.963,https://openalex.org/W2079417620,A*,Q1,0.99227505,1158,24.5309,green,https://papers.ssrn.com/sol3/Delivery.cfm/SSRN_ID910806_code363726.pdf?abstractid=910806&mirid=1,published,OpenAlex
Gary Biddle,0000-0003-3405-0738,120646,Journal of Accounting and Economics,Does EVA® beat earnings? Evidence on associations with stock returns and firm values,1997,3,Gary C. Biddle; Robert M. Bowen; James S. Wallace,10.1016/s0165-4101(98)00010-x,https://doi.org/10.1016/s0165-4101(98)00010-x,https://openalex.org/W3122695070,A*,Q1,0.99482865,505,27.3147,green,http://hdl.handle.net/10722/129004,published,OpenAlex
Gary Biddle,0000-0003-3405-0738,120646,Journal of Contemporary Accounting and Economics,Is Comprehensive Income Useful?,2006,2,Gary C. Biddle; Jong‐Hag Choi,10.1016/s1815-5669(10)70015-1,https://doi.org/10.1016/s1815-5669(10)70015-1,https://openalex.org/W2075100066,A,Q2,0.35365566,1,0.0,closed,,published,OpenAlex
Gary Biddle,0000-0003-3405-0738,120646,Journal of International Business Studies,Foreign Listing Location: A Study of MNCs and Stock Exchanges in Eight Countries,1995,2,Shahrokh M. Saudagaran; Gary C. Biddle,10.1057/palgrave.jibs.8490176,https://doi.org/10.1057/palgrave.jibs.8490176,https://openalex.org/W1978448992,A*,Q1,0.97612165,189,10.4416,green,https://papers.ssrn.com/sol3/Delivery.cfm/SSRN_ID1687534_code17162.pdf?abstractid=1687534&mirid=2,published,OpenAlex
Gary Biddle,0000-0003-3405-0738,120646,Journal of International Financial Management and Accounting,Financial Disclosure Levels and Foreign Stock Exchange Listing Decisions,1992,2,Shahrokh M. Saudagaran; Gary C. Biddle,10.1111/j.1467-646x.1992.tb00025.x,https://doi.org/10.1111/j.1467-646x.1992.tb00025.x,https://openalex.org/W2100197441,A,Q1,0.96983169,158,8.2642,closed,,published,OpenAlex
Gary Biddle,0000-0003-3405-0738,120646,Journal of International Financial Management and Accounting,The Effects of Financial Disclosure Levels on Firms' Choices among Alternative Foreign Stock Exchange Listings*,1989,2,Gary C. Biddle; Shahrokh M. Saudagaran,10.1111/j.1467-646x.1989.tb00004.x,https://doi.org/10.1111/j.1467-646x.1989.tb00004.x,https://openalex.org/W2121592504,A,Q1,0.97383499,96,9.2445,closed,,published,OpenAlex
Gary Biddle,0000-0003-3405-0738,120646,Journal of Accounting Research,Anchoring and Adjustment in Probabilistic Inference in Auditing,1981,2,Edward J. Joyce; Gary C. Biddle,10.2307/2490965,https://doi.org/10.2307/2490965,https://openalex.org/W2101307293,A*,Q1,0.88288288,269,1.5337,green,https://papers.ssrn.com/sol3/Delivery.cfm/SSRN_ID1677224_code17162.pdf?abstractid=1677224&mirid=1,published,OpenAlex
Gary Biddle,0000-0003-3405-0738,120646,Journal of Applied Corporate Finance,EVIDENCE ON EVA,1999,3,Gary C. Biddle; Robert M. Bowen; James S. Wallace,10.1111/j.1745-6622.1999.tb00008.x,https://doi.org/10.1111/j.1745-6622.1999.tb00008.x,https://openalex.org/W3123220851,A,,0.98039598,144,11.6157,green,http://hub.hku.hk/handle/10722/128979,published,OpenAlex
Gary Biddle,0000-0003-3405-0738,120646,Review of Accounting Studies,When Capital Follows Profitability: Non-linear Residual Income Dynamics,2001,3,Gary C. Biddle; Peter Chen; Guochang Zhang,10.1023/a:1011666926073,https://doi.org/10.1023/a:1011666926073,https://openalex.org/W3121377730,A*,Q1,0.9631217,85,6.0573,closed,,published,OpenAlex
Gary Biddle,0000-0003-3405-0738,120646,The Accounting Review,Financial Analysts and Their Contribution to Well-Functioning Capital Markets,2018,2,Dan Givoly; Gary C. Biddle,10.2308/accr-10622,https://doi.org/10.2308/accr-10622,https://openalex.org/W2897340763,A*,Q1,0.72628142,13,0.4666,closed,,published,OpenAlex
Gary Biddle,0000-0003-3405-0738,120646,Journal of Accounting Research,Are Auditors' Judgments Sufficiently Regressive?,1981,2,Edward J. Joyce; Gary C. Biddle,10.2307/2490868,https://doi.org/10.2307/2490868,https://openalex.org/W2013683951,A*,Q1,0.98949696,174,23.3484,green,https://core.ac.uk/display/37953397,published,OpenAlex
Gary Biddle,0000-0003-3405-0738,120646,Journal of Accounting Research,Stock Price Reactions to LIFO Adoptions: The Association between Excess Returns and LIFO Tax Savings,1982,2,Gary C. Biddle; Frederick W. Lindahl,10.2307/2490886,https://doi.org/10.2307/2490886,https://openalex.org/W2021301382,A*,Q1,0.98141972,125,12.1242,green,https://papers.ssrn.com/sol3/Delivery.cfm/SSRN_ID1673110_code17162.pdf?abstractid=1673110&mirid=1,published,OpenAlex
Gary Biddle,0000-0003-3405-0738,120646,Journal of Accounting Auditing and Finance,The Estimation and Determinants of Associations between Returns and Earnings: Evidence from Cross-Industry Comparisons,1991,2,Gary C. Biddle; Gim-Seong Seow,10.1177/0148558x9100600203,https://doi.org/10.1177/0148558x9100600203,https://openalex.org/W1632285871,A,Q1,0.99014861,112,21.5136,green,https://papers.ssrn.com/sol3/papers.cfm?abstract_id=1700982,published,OpenAlex
Gary Biddle,0000-0003-3405-0738,120646,Accounting Horizons,"Foreign Stock Listings: Benefits, Costs, and the Accounting Policy Dilemma.",1991,2,Gary C. Biddle; Shahrokh M. Saudagaran,10.2308/ah-9604010141,https://doi.org/10.2308/ah-9604010141,https://openalex.org/W3124868258,A,Q1,0.49532398,102,0.0,closed,,published,OpenAlex
Gary Biddle,0000-0003-3405-0738,120646,Journal of Accounting Research,Accounting Methods and Management Decisions: The Case of Inventory Costing and Inventory Policy,1980,1,Gary C. Biddle,10.2307/2490341,https://doi.org/10.2307/2490341,https://openalex.org/W1990367297,A*,Q1,0.96860678,95,8.2827,green,https://papers.ssrn.com/sol3/Delivery.cfm/SSRN_ID1677327_code17162.pdf?abstractid=1677327,published,OpenAlex
Gary Biddle,0000-0003-3405-0738,120646,Contemporary Accounting Research,Relative versus Incremental Information Content*,1995,3,Gary C. Biddle; Gim-Seong Seow; Andrew F. Siegel,10.1111/j.1911-3846.1995.tb00478.x,https://doi.org/10.1111/j.1911-3846.1995.tb00478.x,https://openalex.org/W2133608750,A*,Q1,0.89888205,55,1.4921,closed,,published,OpenAlex
Gary Biddle,0000-0003-3405-0738,120646,Managerial Finance,Economic value added: some empirical EVAdence,1998,3,Gary C. Biddle; Robert M. Bowen; James S. Wallace,10.1108/03074359810765714,https://doi.org/10.1108/03074359810765714,https://openalex.org/W3123428564,B,Q2,,11,,green,https://papers.ssrn.com/sol3/papers.cfm?abstract_id=1864368,published,OpenAlex
Gary Biddle,0000-0003-3405-0738,120646,The Accounting Review,The Big Four: The Curious Past and Perilous Future of the Global Accounting Monopoly,2019,2,Dan A. Simunic; Gary C. Biddle,10.2308/accr-10638,https://doi.org/10.2308/accr-10638,https://openalex.org/W2921464543,A*,Q1,0.9268178,16,3.678,closed,,published,OpenAlex
Gary Biddle,0000-0003-3405-0738,120646,Accounting Horizons,Shades of Gray: Internal Control Reporting by Chinese U.S.-Listed Firms,2018,4,Raymond Reed Baker; Gary C. Biddle; Michelle René Lowry; Neale Gilbert O’Connor,10.2308/acch-52300,https://doi.org/10.2308/acch-52300,https://openalex.org/W2762750827,A,Q1,0.86568357,12,1.8663,closed,,published,OpenAlex
Gary Biddle,0000-0003-3405-0738,120646,Applied Finance and Accounting,Conditional Conservatism and the Cost of Equity Capital: Information Precision and Information Asymmetry Effects,2015,3,Gary C. Biddle; Mary L. Z. Ma; Feng Wu,10.11114/afa.v2i1.1225,https://doi.org/10.11114/afa.v2i1.1225,https://openalex.org/W2183019989,,,0.91400678,8,2.5658,hybrid,http://redfame.com/journal/index.php/afa/article/download/1225/1197,published,OpenAlex
Gary Biddle,0000-0003-3405-0738,120646,Journal of Accounting Research,Analyst Forecast Errors and Stock Price Behavior Near the Earnings Announcement Dates of LIFO Adopters,1988,2,Gary C. Biddle; William E. Ricks,10.2307/2491101,https://doi.org/10.2307/2491101,https://openalex.org/W2070791056,A*,Q1,0.9286745,16,2.7023,green,https://papers.ssrn.com/sol3/Delivery.cfm/SSRN_ID1679627_code17162.pdf?abstractid=1679627&mirid=1&type=2,published,OpenAlex
Gary Biddle,0000-0003-3405-0738,120646,Management Science,A Stochastic Inventory Model Incorporating Intra-Year Purchases and Accounting Tax Incentives,1986,2,Gary C. Biddle; R. Kipp Martin,10.1287/mnsc.32.6.714,https://doi.org/10.1287/mnsc.32.6.714,https://openalex.org/W3124255112,A*,Q1,0.47304639,4,0.0,closed,,published,OpenAlex
Gary Biddle,0000-0003-3405-0738,120646,Journal of Accounting Research,"Inflation, Taxes, and Optimal Inventory Policies",1985,2,Gary C. Biddle; Kipp Martin,10.2307/2490907,https://doi.org/10.2307/2490907,https://openalex.org/W2035001406,A*,Q1,0.20990005,3,0.0,green,https://papers.ssrn.com/sol3/Delivery.cfm/SSRN_ID1679640_code17162.pdf?abstractid=1679640,published,OpenAlex
Gary Biddle,0000-0003-3405-0738,120646,Journal of Accounting Research,[Discussion of Accounting Methods and Management Decisions: The Case of Inventory Costing and Inventory Policy]: A Reply,1980,1,Gary C. Biddle,10.2307/2490344,https://doi.org/10.2307/2490344,https://openalex.org/W2080596055,A*,Q1,0.3147556,1,0.0,closed,,published,OpenAlex
Gary Biddle,0000-0003-3405-0738,120646,Auditing: A Journal of Practice and Theory,Computer-Intensive Methods in Auditing: Bootstrap Difference and Ratio Estimation.,1990,3,Gary C. Biddle; Carol M. Bruton; Andrew F. Siegel,10.2308/ajpt-9703144308,https://doi.org/10.2308/ajpt-9703144308,https://openalex.org/W2119484147,A*,Q1,0.20479792,1,0.0,closed,,published,OpenAlex
Gary Biddle,0000-0003-3405-0738,120646,Journal of Accounting Auditing and Finance,Further Analyses and Robustness Checks Addendum to: “Accounting Conservatism and Bankruptcy Risk”,2020,3,Gary C. Biddle; Mary L. Z. Ma; Frank Min Song,10.1177/0148558x20945157,https://doi.org/10.1177/0148558x20945157,https://openalex.org/W3046514780,A,Q1,0.14538116,0,0.0,closed,,published,OpenAlex
Gary Biddle,0000-0003-3405-0738,120646,The Accounting Review,Corporate Financial Disclosure (Book).,1988,2,Gary C. Biddle; Richard P. Brief,10.2308/tar-4491639,https://doi.org/10.2308/tar-4491639,https://openalex.org/W7137257120,A*,Q1,0.72090628,0,0.0,closed,,published,OpenAlex
Stuart Black,0000-0002-5391-256X,164026,Internal Medicine News,Can Fee for Service Be Sustained?,2012,1,Stuart Black,10.1016/s1097-8690(12)70365-7,https://doi.org/10.1016/s1097-8690(12)70365-7,https://openalex.org/W2314395154,,,0.32858997,0,0.0,closed,,published,OpenAlex
Stuart Black,0000-0002-5391-256X,164026,Deakin Research Online (Deakin University),GenAI as a Posthuman Creative Collaborator – Evidence from Artistic Exploration,2026,3,Pattie Beerens; Stuart Black; Humza Naseer,10.26187/deakin.32069721,https://doi.org/10.26187/deakin.32069721,https://openalex.org/W7155172712,,,0.35206509,0,0.0,green,https://doi.org/10.26187/deakin.32069721,published,OpenAlex
Stuart Black,0000-0002-5391-256X,164026,Deakin Research Online (Deakin University),Contextual Factors and Attention Structures in Activating the Secondary Use of Data,2026,4,Humza Naseer; Stuart Black; Michael J. Davern; Sean B. Maynard,10.26187/deakin.33421174,https://doi.org/10.26187/deakin.33421174,https://openalex.org/W7207783841,,,0.8606275,0,0.0,green,https://doi.org/10.26187/deakin.33421174,published,OpenAlex
Noel Boys,,,European Journal of Operational Research,Evaluating an alternative draft pick allocation policy to reduce ‘tanking’ in the Australian Football League,2017,3,Liam J. A. Lenten; Aaron C.T. Smith; Noel Boys,10.1016/j.ejor.2017.11.029,https://doi.org/10.1016/j.ejor.2017.11.029,https://openalex.org/W2770316231,A*,Q1,0.98560335,25,16.1222,green,https://dspace.lboro.ac.uk/2134/32495,published,OpenAlex
Albie Brooks,,,Managerial Auditing Journal,Conceptualising integrated thinking in practice,2016,3,Judy Oliver; Gillian Maree Vesty; Albie Brooks,10.1108/maj-10-2015-1253,https://doi.org/10.1108/maj-10-2015-1253,https://openalex.org/W2272508876,A,Q1,0.97456008,102,8.1984,closed,,published,OpenAlex
Albie Brooks,,,Asian Review of Accounting,An Empirical Investigation of Adoption Issues Relating to Activity-Based Costing,1997,2,Hieu V. Nguyen; Albie Brooks,10.1108/eb060679,https://doi.org/10.1108/eb060679,https://openalex.org/W1963807217,B,Q2,0.15717362,57,0.0,closed,,published,OpenAlex
Albie Brooks,,,Australian Accounting Review,The Role of the Independent Director: Evidence from a Survey of Independent Directors in Australia,2009,3,Albie Brooks; Judy Oliver; Angelo Veljanovski,10.1111/j.1835-2561.2009.00055.x,https://doi.org/10.1111/j.1835-2561.2009.00055.x,https://openalex.org/W2071436423,B,Q2,0.93307197,39,3.0711,bronze,https://onlinelibrary.wiley.com/doi/pdfdirect/10.1111/j.1835-2561.2009.00055.x,published,OpenAlex
Albie Brooks,,,Journal of Accounting Education,The field as our classroom: Applications in a business-related setting,2015,3,Danielle A. Chmielewski-Raimondo; Warren McKeown; Albie Brooks,10.1016/j.jaccedu.2015.11.002,https://doi.org/10.1016/j.jaccedu.2015.11.002,https://openalex.org/W2179017191,B,Q2,0.93636316,30,4.0272,closed,,published,OpenAlex
Albie Brooks,,,Asian Review of Accounting,The adoption and implementation of activity‐based costing in Thailand,2005,2,Wiriya Chongruksut; Albie Brooks,10.1108/eb060784,https://doi.org/10.1108/eb060784,https://openalex.org/W2034091123,B,Q2,0.17640311,29,0.0,closed,,published,OpenAlex
Albie Brooks,,,Issues in Accounting Education,"St George Hospital: Flexible Budgeting, Volume Variance, and Balanced Scorecard Performance Measurement",2016,2,Gillian Maree Vesty; Albie Brooks,10.2308/iace-51588,https://doi.org/10.2308/iace-51588,https://openalex.org/W2521330825,A,Q2,0.92729284,14,2.2291,closed,,published,OpenAlex
Albie Brooks,,,Accounting Education,What do you mean: no class every week?,2004,2,Albie Brooks; Judy Oliver,10.1080/0963928042000182457,https://doi.org/10.1080/0963928042000182457,https://openalex.org/W2033162718,A,Q1,0.86046782,6,0.7822,closed,,published,OpenAlex
Albie Brooks,,,Accounting Perspectives,Double Two*,2008,2,Albie Brooks; Gillian Maree Vesty,10.1506/ap.7.3.3,https://doi.org/10.1506/ap.7.3.3,https://openalex.org/W4243239252,B,Q2,0.51706207,0,0.0,closed,,published,OpenAlex
Geoffrey Burrows,,11110,"Accounting, Organizations and Society",Profit sharing in Australian Big 6 accounting firms: An exploratory study,1998,2,Geoff H. Burrows; Christopher Black,10.1016/s0361-3682(97)00063-9,https://doi.org/10.1016/s0361-3682(97)00063-9,https://openalex.org/W2141846392,A*,Q1,0.92692876,84,2.6338,closed,,published,OpenAlex
Geoffrey Burrows,,11110,Accounting History,The British navy’s 1888 budgetary reforms,2010,2,Phillip E. Cobbin; Geoff H. Burrows,10.1177/1032373209359321,https://doi.org/10.1177/1032373209359321,https://openalex.org/W2017932317,A,Q1,0.93403235,24,4.4761,closed,,published,OpenAlex
Geoffrey Burrows,,11110,Abacus,Zero‐Base Budgeting: Origins and Pioneers,2000,2,Geoff H. Burrows; Barbara Syme,10.1111/1467-6281.00061,https://doi.org/10.1111/1467-6281.00061,https://openalex.org/W1980635130,A,Q2,0.22426343,17,0.0,closed,,published,OpenAlex
Geoffrey Burrows,,11110,Accounting History,Controlling government expenditure by external review: The 1921—2 “Geddes Axe”,2009,2,Geoff H. Burrows; Phillip E. Cobbin,10.1177/1032373209335288,https://doi.org/10.1177/1032373209335288,https://openalex.org/W2040503182,A,Q1,0.95691731,15,5.5927,closed,,published,OpenAlex
Geoffrey Burrows,,11110,Accounting History,The interface of race and accounting: a comment and an extension,2002,1,Geoff H. Burrows,10.1177/103237320200700106,https://doi.org/10.1177/103237320200700106,https://openalex.org/W2095944611,A,Q1,0.99112166,18,23.4527,closed,,published,OpenAlex
Geoffrey Burrows,,11110,Management Accounting Research,Real-time cost management of aircraft operations,2001,5,Geoff H. Burrows; Christine Brown; Trevor W. Thom; John M.C. King; John Frearson,10.1006/mare.2001.0162,https://doi.org/10.1006/mare.2001.0162,https://openalex.org/W1970885956,A*,Q1,0.19861982,16,0.0,closed,,published,OpenAlex
Geoffrey Burrows,,11110,The Australian Economic Review,Protecting Employee Entitlements,2003,2,Kevin Davis; Geoff H. Burrows,10.1111/1467-8462.00277,https://doi.org/10.1111/1467-8462.00277,https://openalex.org/W2107129624,B,Q3,0.89294003,6,1.1772,closed,,published,OpenAlex
Geoffrey Burrows,,11110,Accounting History,A response to Lou Goldberg's concerns about oral history,1999,1,Geoff H. Burrows,10.1177/103237329900400106,https://doi.org/10.1177/103237329900400106,https://openalex.org/W2043060131,A,Q1,0.24306298,7,0.0,closed,,published,OpenAlex
Geoffrey Burrows,,11110,Accounting History Review,Budgetary and financial discontinuities: Iraq 1920–32,2011,2,Geoff H. Burrows; Phillip E. Cobbin,10.1080/21552851.2011.616716,https://doi.org/10.1080/21552851.2011.616716,https://openalex.org/W2080466918,B,Q2,0.8406617,5,1.2541,closed,,published,OpenAlex
Geoffrey Burrows,,11110,Accounting History,Louis Goldberg and A Journey into Accounting Thought,2003,1,Geoff H. Burrows,10.1177/103237320300800106,https://doi.org/10.1177/103237320300800106,https://openalex.org/W2027823876,A,Q1,0.70799169,4,0.422,closed,,published,OpenAlex
Geoffrey Burrows,,11110,Abacus,Allocations and Common Costs in Long‐Run Investing and Pricing Decisions: An Historical Analysis,1994,1,Geoff H. Burrows,10.1111/j.1467-6281.1994.tb00342.x,https://doi.org/10.1111/j.1467-6281.1994.tb00342.x,https://openalex.org/W2131434749,A,Q2,0.73708816,3,0.6045,closed,,published,OpenAlex
Geoffrey Burrows,,11110,Accounting and Finance,Vale to Louis Goldberg,1998,2,Geoff H. Burrows; Stewart A. Leech,10.1111/1467-629x.t01-1-00001,https://doi.org/10.1111/1467-629x.t01-1-00001,https://openalex.org/W2155918696,A,Q1,0.30534236,2,0.0,bronze,https://onlinelibrary.wiley.com/doi/pdfdirect/10.1111/1467-629X.t01-1-00001,published,OpenAlex
Geoffrey Burrows,,11110,Accounting and Finance,Vale to Colin Brian Ferguson 1949–2014,2014,2,Geoff H. Burrows; Stewart A. Leech,10.1111/acfi.12080,https://doi.org/10.1111/acfi.12080,https://openalex.org/W1532474284,A,Q1,0.12451948,1,0.0,closed,,published,OpenAlex
Geoffrey Burrows,,11110,The Australian Quarterly,Sugar Cane Harvesting—A Case Study in Technological Change,1982,1,Geoff H. Burrows,10.2307/20635162,https://doi.org/10.2307/20635162,https://openalex.org/W2802892164,,,0.33304675,1,0.0,closed,,published,OpenAlex
Geoffrey Burrows,,11110,Accounting History Review,"Cheating ‘Jack Tar’: seafarers’ wages in Britain’s Royal Navy, 1754–1767",2023,3,Geoff H. Burrows; Phillip E. Cobbin; Jane J.F. Hronsky,10.1080/21552851.2023.2250824,https://doi.org/10.1080/21552851.2023.2250824,https://openalex.org/W4386617155,B,Q2,0.73776998,1,0.2973,closed,,published,OpenAlex
Geoffrey Burrows,,11110,Australian Accounting Review,Risk‐Adjusted Discount Rates and Projects of Unequal Lives,2003,2,Christine Brown; Geoff H. Burrows,10.1111/j.1835-2561.2003.tb00220.x,https://doi.org/10.1111/j.1835-2561.2003.tb00220.x,https://openalex.org/W2055862374,B,Q2,0.20200062,1,0.0,closed,,published,OpenAlex
Geoffrey Burrows,,11110,Accounting and Finance,FACTORS INFLUENCING THE SIZE OF COMPANY BUDGETS FOR RESEARCH AND DEVELOPMENT,1981,1,Geoff H. Burrows,10.1111/j.1467-629x.1981.tb00121.x,https://doi.org/10.1111/j.1467-629x.1981.tb00121.x,https://openalex.org/W2056576176,A,Q1,0.12747896,0,0.0,closed,,published,OpenAlex
Geoffrey Burrows,,11110,Abacus,Evolution of a Lease Solution,1988,1,Geoff H. Burrows,10.1111/j.1467-6281.1988.tb00208.x,https://doi.org/10.1111/j.1467-6281.1988.tb00208.x,https://openalex.org/W2107075853,A,Q2,0.22921399,0,0.0,closed,,published,OpenAlex
Geoffrey Burrows,,11110,Labour History: a journal of labour and social history,The Canecutters,1989,3,Alfred William McCoy; Geoff H. Burrows; Clive Morton,10.2307/27508962,https://doi.org/10.2307/27508962,https://openalex.org/W4246366510,A,Q3,,,,,,published,OpenAlex
Phill Cobbin,0000-0002-1117-7341,,International Journal of Auditing,International Dimensions of the Audit Fee Determinants Literature,2002,1,Phillip E. Cobbin,10.1111/j.1099-1123.2002.tb00005.x,https://doi.org/10.1111/j.1099-1123.2002.tb00005.x,https://openalex.org/W2141006370,A,Q1,0.96180556,82,5.4632,closed,,published,OpenAlex
Phill Cobbin,0000-0002-1117-7341,,Accounting History,The British navy’s 1888 budgetary reforms,2010,2,Phillip E. Cobbin; Geoff H. Burrows,10.1177/1032373209359321,https://doi.org/10.1177/1032373209359321,https://openalex.org/W2017932317,A,Q1,0.93403235,24,4.4761,closed,,published,OpenAlex
Phill Cobbin,0000-0002-1117-7341,,Accounting History,"The profession of arms and the profession of accounting numbers – Accounting, the military and war: A review",2018,2,Phillip E. Cobbin; Geoffrey H Burrows,10.1177/1032373218779188,https://doi.org/10.1177/1032373218779188,https://openalex.org/W2810024795,A,Q1,0.88053387,19,2.0831,closed,,published,OpenAlex
Phill Cobbin,0000-0002-1117-7341,,Accounting History,Controlling government expenditure by external review: The 1921—2 “Geddes Axe”,2009,2,Geoff H. Burrows; Phillip E. Cobbin,10.1177/1032373209335288,https://doi.org/10.1177/1032373209335288,https://openalex.org/W2040503182,A,Q1,0.95691731,15,5.5927,closed,,published,OpenAlex
Phill Cobbin,0000-0002-1117-7341,,Accounting History,"A revisitation of the ""audit expectations gap"": judicial and practitioner views on the role of the auditor in late-Victorian England",2005,2,Eu-Jin Teo; Phillip E. Cobbin,10.1177/103237320501000203,https://doi.org/10.1177/103237320501000203,https://openalex.org/W1833880157,A,Q1,0.87017606,18,2.1883,closed,,published,OpenAlex
Phill Cobbin,0000-0002-1117-7341,,Abacus,Enhancing the Accessibility of Accounting and Business Archives: The Role of Technology in Informing Research in Accounting and Business,2013,7,Phillip E. Cobbin; Graeme W. Dean; Cameron Esslemont; Patrick J. Ferguson; Monica J. Keneley; Brad N. Potter; Brian P. West,10.1111/abac.12009,https://doi.org/10.1111/abac.12009,https://openalex.org/W2120869411,A,Q2,0.85087048,13,1.4626,closed,,published,OpenAlex
Phill Cobbin,0000-0002-1117-7341,,Accounting History,"A progressive traditionalist: Sir Edwin Van-Der-Vord Nixon CMG, Accountant, (1876–1955)",2019,2,Phillip E. Cobbin; Geoffrey H Burrows,10.1177/1032373219830430,https://doi.org/10.1177/1032373219830430,https://openalex.org/W2919078176,A,Q1,0.83732236,8,1.3772,closed,,published,OpenAlex
Phill Cobbin,0000-0002-1117-7341,,Journal of Studies in International Education,A Micro-Level Approach to Internationalising the Accounting Curriculum,2002,2,Phillip E. Cobbin; Richard E. N. Lee,10.1177/1028315302006001005,https://doi.org/10.1177/1028315302006001005,https://openalex.org/W2082120887,,Q1,0.86045513,15,0.6474,closed,,published,OpenAlex
Phill Cobbin,0000-0002-1117-7341,,Accounting History,"A fine education but no “bluestocking”: Harriett Amies, pioneer female accounting professional",2015,3,Jane J.F. Hronsky; Geoffrey H Burrows; Phillip E. Cobbin,10.1177/1032373215574032,https://doi.org/10.1177/1032373215574032,https://openalex.org/W2131012780,A,Q1,0.81638986,12,0.9809,closed,,published,OpenAlex
Phill Cobbin,0000-0002-1117-7341,,Accounting History Review,Budgetary and financial discontinuities: Iraq 1920–32,2011,2,Geoff H. Burrows; Phillip E. Cobbin,10.1080/21552851.2011.616716,https://doi.org/10.1080/21552851.2011.616716,https://openalex.org/W2080466918,B,Q2,0.8406617,5,1.2541,closed,,published,OpenAlex
Phill Cobbin,0000-0002-1117-7341,,Accounting Historians Journal,"“THE BEST BRAINS OF THE PUBLIC ACCOUNTING WORLD”: THE RESTRICTED MEMBERSHIP OF THE ARMY ACCOUNTANCY ADVISORY PANEL, 1942–1945",2009,1,Phillip E. Cobbin,10.2308/0148-4184.36.2.1,https://doi.org/10.2308/0148-4184.36.2.1,https://openalex.org/W210462181,B,Q1,0.77224716,10,0.8304,closed,,published,OpenAlex
Michael Davern,0000-0002-9572-812X,4743,Journal of Management Information Systems,Discovering Potential and Realizing Value from Information Technology Investments,2000,2,Michael J. Davern; Robert J. Kauffman,10.1080/07421222.2000.11518268,https://doi.org/10.1080/07421222.2000.11518268,https://openalex.org/W1500275622,A*,Q1,0.9933924,333,17.1785,green,https://ink.library.smu.edu.sg/sis_research/2151,published,OpenAlex
Michael Davern,0000-0002-9572-812X,4743,Journal of the Association for Information Systems,Cognition Matters: Enduring Questions in Cognitive IS Research,2012,3,Michael J. Davern; Teresa M. Shaft; Dov Te’eni,10.17705/1jais.00290,https://doi.org/10.17705/1jais.00290,https://openalex.org/W195192084,A*,Q1,0.99669765,108,35.1162,bronze,https://aisel.aisnet.org/cgi/viewcontent.cgi?article=1607&context=jais,published,OpenAlex
Michael Davern,0000-0002-9572-812X,4743,Journal of the Association for Information Systems,Content versus structure in information environments: a longitudinal analysis of website preferences,2000,3,Michael J. Davern; Dov Te’eni; Jae Yun Moon,10.5555/359640.359815,https://doi.org/10.5555/359640.359815,https://openalex.org/W1511001453,A*,Q1,0.87117799,17,1.9622,closed,,published,OpenAlex
Michael Davern,0000-0002-9572-812X,4743,E-Service Journal,An Exploratory Model of Decision Quality and its Antecedents for Category Novices Using Multiple-Stage Shopping Engines,2004,2,Arnold A. Kamis; Michael J. Davern,10.1353/esj.2006.0003,https://doi.org/10.1353/esj.2006.0003,https://openalex.org/W2021698652,B,,0.14912884,12,0.0,closed,,published,OpenAlex
Michael Davern,0000-0002-9572-812X,4743,Data Base for Advances in Information Systems,Acceptance of post-adoption unanticipated is usage,2012,2,Carla L. Wilkin; Michael J. Davern,10.1145/2351848.2351850,https://doi.org/10.1145/2351848.2351850,https://openalex.org/W2103341337,A,Q2,0.9385398,8,3.8035,closed,,published,OpenAlex
Michael Davern,0000-0002-9572-812X,4743,Journal of the Association for Information Systems,More Enduring Questions in Cognitive IS Research: A Reply,2012,3,Michael J. Davern; Teresa M. Shaft; Dov Te’eni,10.17705/1jais.00317,https://doi.org/10.17705/1jais.00317,https://openalex.org/W115970689,A*,Q1,0.69157168,4,0.4689,bronze,https://aisel.aisnet.org/cgi/viewcontent.cgi?article=1633&context=jais,published,OpenAlex
Michael Davern,0000-0002-9572-812X,4743,Deakin Research Online (Deakin University),Contextual Factors and Attention Structures in Activating the Secondary Use of Data,2026,4,Humza Naseer; Stuart Black; Michael J. Davern; Sean B. Maynard,10.26187/deakin.33421174,https://doi.org/10.26187/deakin.33421174,https://openalex.org/W7207783841,,,0.8606275,0,0.0,green,https://doi.org/10.26187/deakin.33421174,published,OpenAlex
Matt Dyki,,,Accounting Research Journal,Preparing graduates with the employability skills for the unknown future: reflection on assessment practice during COVID-19,2020,3,Matthew Dyki; Maggie Singorahardjo; Valeria S. Cotronei-Baird,10.1108/arj-09-2020-0285,https://doi.org/10.1108/arj-09-2020-0285,https://openalex.org/W3107498679,B,Q2,0.97405019,24,7.3497,green,http://hdl.handle.net/11343/252771,published,OpenAlex
Matt Dyki,,,Journal of International Accounting Research,Applying International Financial Reporting Standards,2010,8,Keith Alfredson; Ken Leo; Ruth Picker; Janice A. Loftus; Kerry Clark; Victoria J. Wise; Matthew Dyki; Susan T. Sadowski,10.2308/jiar.2010.9.2.70,https://doi.org/10.2308/jiar.2010.9.2.70,https://openalex.org/W4213283173,A,Q2,0.93858099,11,3.4802,closed,,published,OpenAlex
Matt Dyki,,,ASCILITE Publications,Redefining Close Quarters,2018,4,Camille Dickson-Deane; Jagjit Kaur; Matthew Dyki; Miriam Edwards,10.14742/apubs.2018.1984,https://doi.org/10.14742/apubs.2018.1984,https://openalex.org/W4405689147,,,0.32822842,0,0.0,diamond,https://open-publishing.org/publications/index.php/APUB/article/download/1984/1805,published,OpenAlex
Patrick Ferguson,0000-0003-2376-5463,59488,Abacus,Enhancing the Accessibility of Accounting and Business Archives: The Role of Technology in Informing Research in Accounting and Business,2013,7,Phillip E. Cobbin; Graeme W. Dean; Cameron Esslemont; Patrick J. Ferguson; Monica J. Keneley; Brad N. Potter; Brian P. West,10.1111/abac.12009,https://doi.org/10.1111/abac.12009,https://openalex.org/W2120869411,A,Q2,0.85087048,13,1.4626,closed,,published,OpenAlex
Chung-Yu Hung,0000-0003-0805-5260,116746,"Journal of International Accounting, Auditing and Taxation",The effects of macroeconomic factors on implicit taxes: Evidence from an emerging economy,2010,2,Ming‐Chin Chen; Chung‐Yu Hung,10.1016/j.intaccaudtax.2010.07.001,https://doi.org/10.1016/j.intaccaudtax.2010.07.001,https://openalex.org/W3122614100,B,Q2,0.859048,4,0.612,closed,,published,OpenAlex
Like Jiang,0000-0003-1704-9751,115447,Auditing: A Journal of Practice and Theory,The Validity of Auditor Industry Specialization Measures,2015,3,Sophie Audousset-Coulier; Anne Jeny; Like Jiang,10.2308/ajpt-51176,https://doi.org/10.2308/ajpt-51176,https://openalex.org/W3124345947,A*,Q1,0.99338728,148,23.9358,closed,,published,OpenAlex
Like Jiang,0000-0003-1704-9751,115447,Accounting and Business Research,An international study of internal audit function quality,2017,3,Like Jiang; Paúl André; Chrystelle Richard,10.1080/00014788.2017.1357461,https://doi.org/10.1080/00014788.2017.1357461,https://openalex.org/W2777274599,A,Q1,0.96228826,48,6.315,green,https://autopapers.ssrn.com/sol3/papers.cfm?abstract_id=3047900,published,OpenAlex
Like Jiang,0000-0003-1704-9751,115447,"Accounting, Organizations and Society",Can organizational identification mitigate the CEO horizon problem?,2019,3,Margaret A. Abernethy; Like Jiang; Yu Flora Kuang,10.1016/j.aos.2019.07.002,https://doi.org/10.1016/j.aos.2019.07.002,https://openalex.org/W2960364728,A*,Q1,0.97057755,48,7.7646,closed,,published,OpenAlex
Like Jiang,0000-0003-1704-9751,115447,Journal of Business Ethics,Dealing with Ethical Dilemmas: A Look at Financial Reporting by Firms Facing Product Harm Crises,2019,4,Shafu Zhang; Like Jiang; MICHEL L. MAGNAN; Lixin Nancy Su,10.1007/s10551-019-04375-6,https://doi.org/10.1007/s10551-019-04375-6,https://openalex.org/W2996714432,A,Q1,0.95414628,31,5.3127,closed,,published,OpenAlex
Like Jiang,0000-0003-1704-9751,115447,Contemporary Accounting Research,Auditor‐client reciprocity: Evidence from forecast‐issuing brokerage houses and forecasted companies sharing the same auditor,2023,5,Simon Yu Kit Fung; Like Jiang; JEFFREY A. PITTMAN; Yu Wang; Shafu Zhang,10.1111/1911-3846.12856,https://doi.org/10.1111/1911-3846.12856,https://openalex.org/W3135366423,A*,Q1,0.93766175,13,4.2827,green,https://figshare.com/articles/journal_contribution/Auditor-client_reciprocity_Evidence_from_forecast-issuing_brokerage_houses_and_forecasted_companies_sharing_the_same_auditor/20614911,published,OpenAlex
Like Jiang,0000-0003-1704-9751,115447,Contemporary Accounting Research,Managers' career preferences and corporate culture,2024,3,Margaret A. Abernethy; Chung‐Yu Hung; Like Jiang,10.1111/1911-3846.12948,https://doi.org/10.1111/1911-3846.12948,https://openalex.org/W4397014659,A*,Q1,0.95143869,11,5.1948,bronze,https://onlinelibrary.wiley.com/doi/pdfdirect/10.1111/1911-3846.12948,published,OpenAlex
Like Jiang,0000-0003-1704-9751,115447,Journal of Accounting and Public Policy,Financial reporting consequences of natural disasters: Evidence from the impact of resource constraints at audit offices on non-affected clients,2022,4,Like Jiang; Sze‐Man Lau; Lixin Nancy Su; Ho Yin Wong,10.1016/j.jaccpubpol.2022.107012,https://doi.org/10.1016/j.jaccpubpol.2022.107012,https://openalex.org/W4292379349,A*,Q1,0.94076883,18,4.1494,closed,,published,OpenAlex
Like Jiang,0000-0003-1704-9751,115447,European Financial Management,Local government official competition and financial analyst forecasts,2023,5,Like Jiang; Lei Liu; Yetaotao Qiu; Yu Wang; Shafu Zhang,10.1111/eufm.12467,https://doi.org/10.1111/eufm.12467,https://openalex.org/W4388213721,A,Q1,0.74806122,1,0.2973,bronze,https://onlinelibrary.wiley.com/doi/pdfdirect/10.1111/eufm.12467,published,OpenAlex
Flora Kuang,0000-0001-5095-4118,,Management Accounting Research,"Vertical pay disparity, traditional Chinese culture, and employee productivity",2024,3,Yu Flora Kuang; Bo Qin; Xing Yang,10.1016/j.mar.2024.100902,https://doi.org/10.1016/j.mar.2024.100902,https://openalex.org/W4399459629,A*,Q1,0.97226768,16,7.5561,hybrid,https://doi.org/10.1016/j.mar.2024.100902,published,OpenAlex
Flora Kuang,0000-0001-5095-4118,,British Accounting Review,We are under attack: Terrorist attacks and director turnover,2023,3,Yu Flora Kuang; Bo Qin; Xing Yang,10.1016/j.bar.2022.101150,https://doi.org/10.1016/j.bar.2022.101150,https://openalex.org/W4309914108,A*,Q1,0.83568936,6,1.3831,closed,,published,OpenAlex
Flora Kuang,0000-0001-5095-4118,,Journal of Banking & Finance,Do professional ties enhance board seat prospects of independent directors with tainted reputations?,2023,4,Chen Chen; Ying Dou; Yu Flora Kuang; Vic Naiker,10.1016/j.jbankfin.2023.106972,https://doi.org/10.1016/j.jbankfin.2023.106972,https://openalex.org/W4385544345,A*,Q1,0.8198381,3,1.168,hybrid,https://doi.org/10.1016/j.jbankfin.2023.106972,published,OpenAlex
Flora Kuang,0000-0001-5095-4118,,Abacus,The Effect of Organizational Climate on Sell‐side Analyst Turnover and Performance,2023,3,Wai Fong Chua; Yu Flora Kuang; Yi Wu,10.1111/abac.12306,https://doi.org/10.1111/abac.12306,https://openalex.org/W4387820227,A,Q2,0.6644997,1,0.3893,closed,,published,OpenAlex
Anne Lillis,0000-0002-3057-6428,590,The Accounting Review,Does Referral-Based Hiring Exacerbate Agency Problems?,2023,3,Chung‐Yu Hung; Anne M. Lillis; Anne Wu,10.2308/tar-2020-0173,https://doi.org/10.2308/tar-2020-0173,https://openalex.org/W4281639703,A*,Q1,0.83113229,7,1.4839,closed,,published,OpenAlex
Anne Lillis,0000-0002-3057-6428,590,Auditing: A Journal of Practice and Theory,EDP Audits of Operating Systems--An Exploratory Study of the Determinants of the Prior Probabilities of Risk.,1985,2,David John Williams; Anne M. Lillis,10.2308/ajpt-4683848,https://doi.org/10.2308/ajpt-4683848,https://openalex.org/W3033734786,A*,Q1,0.45151449,1,0.0,closed,,published,OpenAlex
Anne Lillis,0000-0002-3057-6428,590,"Accounting, Organizations and Society",The interdependence between the choice of fixed-term professional workers and the control environment,2023,4,Sujay Nair; Margaret A. Abernethy; Yile Jiang; Anne M. Lillis,10.1016/j.aos.2023.101525,https://doi.org/10.1016/j.aos.2023.101525,https://openalex.org/W4389227124,A*,Q1,0.1787234,0,0.0,hybrid,https://doi.org/10.1016/j.aos.2023.101525,published,OpenAlex
Junhao Liu,,,Journal of Accounting and Economics,Website cookies and voluntary disclosure,2026,1,Junhao Liu,10.1016/j.jacceco.2026.101885,https://doi.org/10.1016/j.jacceco.2026.101885,https://openalex.org/W7139087197,A*,Q1,0.18088406,0,0.0,hybrid,https://doi.org/10.1016/j.jacceco.2026.101885,published,OpenAlex
Derick Lyle,,,Journal of Information Technology Education: Research,Business Simulation Training in Information Technology Education: Guidelines for New Approaches in IT Training,2011,6,Pierre‐Majorique Léger; Patrick Charland; Harvey Feldstein; Jacques Robert; Gilbert Babin; Derick Lyle,10.28945/1362,https://doi.org/10.28945/1362,https://openalex.org/W2147017981,C,Q1,0.99021803,85,17.2242,hybrid,http://www.jite.org/documents/Vol10/JITEv10p039-053Leger914.pdf,published,OpenAlex
Derick Lyle,,,International Education Studies,Scope Management: A Core Information System Implementation Project Pedagogy,2013,5,Pierre‐Majorique Léger; Derick Lyle; Gilbert Babin; Patrick Charland; Robert Pellerin,10.5539/ies.v6n3p55,https://doi.org/10.5539/ies.v6n3p55,https://openalex.org/W1991576988,,,0.16823481,2,0.0,hybrid,https://ccsenet.org/journal/index.php/ies/article/download/24184/15319,published,OpenAlex
Warren McKeown,,,Accounting and Finance,Will investors change their superannuation fund given the choice?,2007,3,Tim R. L. Fry; Richard Heaney; Warren McKeown,10.1111/j.1467-629x.2006.00203.x,https://doi.org/10.1111/j.1467-629x.2006.00203.x,https://openalex.org/W2004210284,A,Q1,0.9454885,47,4.6442,green,https://admin.research-repository.uwa.edu.au/en/publications/b738ef60-c8b8-49a3-9ebe-f267c00d9bb4,published,OpenAlex
Warren McKeown,,,Journal of Accounting Education,The field as our classroom: Applications in a business-related setting,2015,3,Danielle A. Chmielewski-Raimondo; Warren McKeown; Albie Brooks,10.1016/j.jaccedu.2015.11.002,https://doi.org/10.1016/j.jaccedu.2015.11.002,https://openalex.org/W2179017191,B,Q2,0.93636316,30,4.0272,closed,,published,OpenAlex
Warren McKeown,,,Journal of Investing,On Being True to Your Mission,1997,1,Warren McKeown,10.3905/joi.1997.408441,https://doi.org/10.3905/joi.1997.408441,https://openalex.org/W2020611781,B,Q3,0.22314424,6,0.0,closed,,published,OpenAlex
Vic Naiker,0000-0002-7069-8497,132071,Journal of Management,The Effect of Board Characteristics on Firm Environmental Performance,2011,3,Charl de Villiers; Vic Naiker; Chris J. van Staden,10.1177/0149206311411506,https://doi.org/10.1177/0149206311411506,https://openalex.org/W2032299477,A*,Q1,0.99749032,1201,39.6574,closed,,published,OpenAlex
Vic Naiker,0000-0002-7069-8497,132071,Contemporary Accounting Research,The Association Between Accruals Quality and the Characteristics of Accounting Experts and Mix of Expertise on Audit Committees*,2010,3,Dan S. Dhaliwal; Vic Naiker; Farshid Navissi,10.1111/j.1911-3846.2010.01027.x,https://doi.org/10.1111/j.1911-3846.2010.01027.x,https://openalex.org/W3121991680,A*,Q1,0.99712814,647,40.3941,green,https://hdl.handle.net/2292/13536,published,OpenAlex
Vic Naiker,0000-0002-7069-8497,132071,The European Accounting Review,Are CSR Disclosures Value Relevant? Cross-Country Evidence,2015,5,Steven F. Cahan; Charl de Villiers; Debra C. Jeter; Vic Naiker; Chris J. van Staden,10.1080/09638180.2015.1064009,https://doi.org/10.1080/09638180.2015.1064009,https://openalex.org/W2286138398,A*,Q1,0.99859611,496,54.2156,green,https://repository.up.ac.za/bitstream/2263/59246/1/Cahan_Are_2016.pdf,published,OpenAlex
Vic Naiker,0000-0002-7069-8497,132071,Auditing: A Journal of Practice and Theory,Does Auditor Industry Specialization Matter? Evidence from Market Reaction to Auditor Switches,2007,3,Warren Robert Knechel; Vic Naiker; Gail A. Pacheco,10.2308/aud.2007.26.1.19,https://doi.org/10.2308/aud.2007.26.1.19,https://openalex.org/W2094152406,A*,Q1,0.98159536,294,12.1459,closed,,published,OpenAlex
Vic Naiker,0000-0002-7069-8497,132071,Journal of Corporate Finance,Does media coverage deter firms from withholding bad news? Evidence from stock price crash risk,2020,4,Zhe An; Chen Chen; Vic Naiker; Jun Wang,10.1016/j.jcorpfin.2020.101664,https://doi.org/10.1016/j.jcorpfin.2020.101664,https://openalex.org/W3033703147,A*,Q1,0.99930479,293,39.5498,green,https://figshare.com/articles/journal_contribution/Does_media_coverage_deter_firms_from_withholding_bad_news_Evidence_from_stock_price_crash_risk/20684608,published,OpenAlex
Vic Naiker,0000-0002-7069-8497,132071,The Accounting Review,Former Audit Partners on the Audit Committee and Internal Control Deficiencies,2009,2,Vic Naiker; Divesh S. Sharma,10.2308/accr.2009.84.2.559,https://doi.org/10.2308/accr.2009.84.2.559,https://openalex.org/W2100354353,A*,Q1,0.98855811,279,18.9181,green,https://hdl.handle.net/2292/13533,published,OpenAlex
Vic Naiker,0000-0002-7069-8497,132071,Accounting Horizons,Determinants of Audit Committee Meeting Frequency: Evidence from a Voluntary Governance System,2009,3,Vineeta D. Sharma; Vic Naiker; Barry Lee,10.2308/acch.2009.23.3.245,https://doi.org/10.2308/acch.2009.23.3.245,https://openalex.org/W2160469269,A,Q1,0.99004132,236,20.7489,closed,,published,OpenAlex
Vic Naiker,0000-0002-7069-8497,132071,Managerial Finance,Institutional ownership and corporate value,2006,2,Farshid Navissi; Vic Naiker,10.1108/03074350610646753,https://doi.org/10.1108/03074350610646753,https://openalex.org/W1970067848,B,Q2,0.95107034,131,5.2635,closed,,published,OpenAlex
Vic Naiker,0000-0002-7069-8497,132071,Auditing: A Journal of Practice and Theory,Are All Industry Specialist Auditors the Same?,2011,3,Steven F. Cahan; Debra C. Jeter; Vic Naiker,10.2308/ajpt-10181,https://doi.org/10.2308/ajpt-10181,https://openalex.org/W2055005782,A*,Q1,0.96648013,130,7.2925,closed,,published,OpenAlex
Vic Naiker,0000-0002-7069-8497,132071,The Accounting Review,Do Former Audit Firm Partners on Audit Committees Procure Greater Nonaudit Services from the Auditor?,2012,3,Vic Naiker; Divesh S. Sharma; Vineeta D. Sharma,10.2308/accr-50271,https://doi.org/10.2308/accr-50271,https://openalex.org/W2159212006,A*,Q1,0.97715736,91,9.7011,closed,,published,OpenAlex
Vic Naiker,0000-0002-7069-8497,132071,The Accounting Review,Options Trading and the Cost of Equity Capital,2012,3,Vic Naiker; Farshid Navissi; Cameron Truong,10.2308/accr-50275,https://doi.org/10.2308/accr-50275,https://openalex.org/W2120253959,A*,Q1,0.9072666,80,2.4258,closed,,published,OpenAlex
Vic Naiker,0000-0002-7069-8497,132071,Auditing: A Journal of Practice and Theory,Auditor-Provided Tax Nonaudit Services and the Implied Cost of Equity Capital,2017,4,Nasser Alsadoun; Vic Naiker; Farshid Navissi; Divesh S. Sharma,10.2308/ajpt-51866,https://doi.org/10.2308/ajpt-51866,https://openalex.org/W2738842740,A*,Q1,0.87175212,33,1.7248,closed,,published,OpenAlex
Vic Naiker,0000-0002-7069-8497,132071,The Journal of Finance,Stealth Acquisitions and Product Market Competition,2023,3,John D. Kepler; Vic Naiker; Christopher R. Stewart,10.1111/jofi.13256,https://doi.org/10.1111/jofi.13256,https://openalex.org/W4380789841,A*,Q1,0.9852591,32,11.2909,hybrid,https://onlinelibrary.wiley.com/doi/pdfdirect/10.1111/jofi.13256,published,OpenAlex
Vic Naiker,0000-0002-7069-8497,132071,Auditing: A Journal of Practice and Theory,Partner-Level Cumulative Industry Expertise and Audit Quality,2025,4,Like Jiang; Vic Naiker; Yu Wang; Shafu Zhang,10.2308/ajpt-2022-047,https://doi.org/10.2308/ajpt-2022-047,https://openalex.org/W4400453872,A*,Q1,0.94043047,8,4.2248,closed,,published,OpenAlex
Vic Naiker,0000-0002-7069-8497,132071,Journal of Management Accounting Research,The Agency Cost Effects of Unionization on Firm Value,2008,3,Vic Naiker; Farshid Navissi; V. G. Sridharan,10.2308/jmar.2008.20.1.133,https://doi.org/10.2308/jmar.2008.20.1.133,https://openalex.org/W2160416196,A*,Q1,0.86845192,35,2.0067,green,https://papers.ssrn.com/sol3/Delivery.cfm/SSRN_ID1553456_code782800.pdf?abstractid=1120070&mirid=1,published,OpenAlex
Vic Naiker,0000-0002-7069-8497,132071,Journal of Accounting and Public Policy,Earnings quality and Rule 10b-5 securities class action lawsuits,2011,3,Keryn Chalmers; Vic Naiker; Farshid Navissi,10.1016/j.jaccpubpol.2011.08.007,https://doi.org/10.1016/j.jaccpubpol.2011.08.007,https://openalex.org/W1965753816,A*,Q1,0.94700706,27,4.6464,closed,,published,OpenAlex
Vic Naiker,0000-0002-7069-8497,132071,International Review of Applied Economics,Impact of the Minimum Wage on Expected Profits,2006,2,Gail A. Pacheco; Vic Naiker,10.1080/02692170600874077,https://doi.org/10.1080/02692170600874077,https://openalex.org/W2169089612,B,Q2,0.9271802,16,2.7946,closed,,published,OpenAlex
Vic Naiker,0000-0002-7069-8497,132071,Journal of Banking & Finance,Foreign exchange exposure and analysts’ earnings forecasts,2022,5,Iliyas Yusoff; Chen Chen; Karen M. Y. Lai; Vic Naiker; Jun Wang,10.1016/j.jbankfin.2022.106715,https://doi.org/10.1016/j.jbankfin.2022.106715,https://openalex.org/W4308150149,A*,Q1,0.91663947,12,3.0429,bronze,https://www.sciencedirect.com/science/article/pii/S0378426622002953,published,OpenAlex
Vic Naiker,0000-0002-7069-8497,132071,Journal of Accounting Auditing and Finance,The Effect of Audit Specialists on the Informativeness of Discretionary Accruals,2010,3,Duncan Mascarenhas; Steven F. Cahan; Vic Naiker,10.1177/0148558x1002500103,https://doi.org/10.1177/0148558x1002500103,https://openalex.org/W1815627683,A,Q1,0.93645606,29,3.6722,closed,,published,OpenAlex
Vic Naiker,0000-0002-7069-8497,132071,Accounting and Finance,Comprehensive versus partial deferred tax liabilities and equity market values,2011,3,Jilnaught Wong; Norman Wong; Vic Naiker,10.1111/j.1467-629x.2011.00430.x,https://doi.org/10.1111/j.1467-629x.2011.00430.x,https://openalex.org/W2137389503,A,Q1,0.88487192,9,1.3274,closed,,published,OpenAlex
Vic Naiker,0000-0002-7069-8497,132071,Journal of Financial Research,SECURITIES PRICE EFFECTS OF UNIONIZATION LEGISLATION,2006,2,Vic Naiker; Farshid Navissi,10.1111/j.1475-6803.2006.00166.x,https://doi.org/10.1111/j.1475-6803.2006.00166.x,https://openalex.org/W2014392560,A,Q2,0.84502408,7,0.629,green,https://papers.ssrn.com/sol3/papers.cfm?abstract_id=654663,published,OpenAlex
Vic Naiker,0000-0002-7069-8497,132071,Journal of Accounting and Public Policy,Why do audit clients voluntarily disclose the compliance and planning components of auditor provided tax services?,2023,4,Ronen Gal‐Or; Michelle K. Harding; Vic Naiker; Divesh S. Sharma,10.1016/j.jaccpubpol.2023.107160,https://doi.org/10.1016/j.jaccpubpol.2023.107160,https://openalex.org/W4389836323,A*,Q1,0.86411035,4,1.5654,closed,,published,OpenAlex
Vic Naiker,0000-0002-7069-8497,132071,Journal of Banking & Finance,Do professional ties enhance board seat prospects of independent directors with tainted reputations?,2023,4,Chen Chen; Ying Dou; Yu Flora Kuang; Vic Naiker,10.1016/j.jbankfin.2023.106972,https://doi.org/10.1016/j.jbankfin.2023.106972,https://openalex.org/W4385544345,A*,Q1,0.8198381,3,1.168,hybrid,https://doi.org/10.1016/j.jbankfin.2023.106972,published,OpenAlex
Vic Naiker,0000-0002-7069-8497,132071,Australian Journal of Management,Equity value implications of the SEC Exchange Act Rule 13a-14: a litigation cost perspective,2012,3,Mukesh Garg; Vic Naiker; Farshid Navissi,10.1177/0312896211430846,https://doi.org/10.1177/0312896211430846,https://openalex.org/W2102821603,A,Q1,0.87735477,5,1.3859,green,https://papers.ssrn.com/sol3/papers.cfm?abstract_id=2050449,published,OpenAlex
Vic Naiker,0000-0002-7069-8497,132071,Journal of Accounting Auditing and Finance,Securities Price Effects of Napster-Related Events,2005,3,Farshid Navissi; Vic Naiker; Stewart Upson,10.1177/0148558x0502000204,https://doi.org/10.1177/0148558x0502000204,https://openalex.org/W1518190437,A,Q1,0.14631538,2,0.0,closed,,published,OpenAlex
Matthew Pinnuck,0000-0002-7743-5796,94,The European Accounting Review,The Valuation Relevance of Greenhouse Gas Emissions under the European Union Carbon Emissions Trading Scheme,2014,4,Peter M. Clarkson; Yue Li; Matt Pinnuck; Gordon D. Richardson,10.1080/09638180.2014.927782,https://doi.org/10.1080/09638180.2014.927782,https://openalex.org/W2115079207,A*,Q1,0.99500359,485,29.5303,green,https://utoronto.scholaris.ca/bitstreams/e23eb4ec-a3c9-4c40-87db-3f97780d5c67/download,published,OpenAlex
Matthew Pinnuck,0000-0002-7743-5796,94,Accounting and Finance,Impact of on-field football success on the off-field financial performance of AFL football clubs,2006,2,Matt Pinnuck; Brad N. Potter,10.1111/j.1467-629x.2006.00179.x,https://doi.org/10.1111/j.1467-629x.2006.00179.x,https://openalex.org/W2086252996,A,Q1,0.9406231,73,3.9561,closed,,published,OpenAlex
Matthew Pinnuck,0000-0002-7743-5796,94,Accounting and Finance,Stock preferences and derivative activities of Australian fund managers,2004,1,Matt Pinnuck,10.1111/j.1467-629x.2004.00102.x,https://doi.org/10.1111/j.1467-629x.2004.00102.x,https://openalex.org/W2066013777,A,Q1,0.94743865,53,4.5161,green,https://autopapers.ssrn.com/sol3/papers.cfm?abstract_id=513263,published,OpenAlex
Matthew Pinnuck,0000-0002-7743-5796,94,Australian Accounting Review,A Review of the Role of Financial Reporting in the Global Financial Crisis,2012,1,Matt Pinnuck,10.1111/j.1835-2561.2011.00155.x,https://doi.org/10.1111/j.1835-2561.2011.00155.x,https://openalex.org/W1820542087,B,Q2,0.95250506,48,4.9205,closed,,published,OpenAlex
Matthew Pinnuck,0000-0002-7743-5796,94,Journal of Accounting and Public Policy,The quality and conservatism of the accounting earnings of local governments,2009,2,Matt Pinnuck; Bradley N. Potter,10.1016/j.jaccpubpol.2009.08.002,https://doi.org/10.1016/j.jaccpubpol.2009.08.002,https://openalex.org/W2036804129,A*,Q1,0.95967087,44,6.1021,green,https://autopapers.ssrn.com/sol3/papers.cfm?abstract_id=895416,published,OpenAlex
Matthew Pinnuck,0000-0002-7743-5796,94,Accounting and Business Research,Competition among exchanges through simplified disclosure requirements: evidence from the American and Global Depositary Receipts,2013,2,Oksana Kim; Matt Pinnuck,10.1080/00014788.2013.849193,https://doi.org/10.1080/00014788.2013.849193,https://openalex.org/W2023006130,A,Q1,0.95361795,23,5.3972,green,https://papers.ssrn.com/sol3/Delivery.cfm/SSRN_ID2467840_code82281.pdf?abstractid=2467840&mirid=1&type=2,published,OpenAlex
Matthew Pinnuck,0000-0002-7743-5796,94,Journal of Contemporary Accounting and Economics,What is the Abnormal Return Performance of Mutual Funds due to Private Earnings Information?,2005,1,Matt Pinnuck,10.1016/s1815-5669(10)70009-6,https://doi.org/10.1016/s1815-5669(10)70009-6,https://openalex.org/W2062579449,A,Q2,0.78835683,19,0.7364,closed,,published,OpenAlex
Matthew Pinnuck,0000-0002-7743-5796,94,Pacific-Basin Finance Journal,A review of the impact of Ball and Brown (1968) on research in the Asia-Pacific Basin,2018,3,Greg Clinch; John D. Lyon; Matt Pinnuck,10.1016/j.pacfin.2018.11.004,https://doi.org/10.1016/j.pacfin.2018.11.004,https://openalex.org/W2901499921,A,Q1,0.91145509,8,2.7994,green,https://figshare.com/articles/journal_contribution/A_review_of_the_impact_of_Ball_and_Brown_1968_on_research_in_the_Asia-Pacific_Basin/20582301,published,OpenAlex
Matthew Pinnuck,0000-0002-7743-5796,94,"Accounting, Organizations and Society",The profit versus loss heuristic and firm financing decisions,2013,2,Matt Pinnuck; Chander Shekhar,10.1016/j.aos.2013.09.003,https://doi.org/10.1016/j.aos.2013.09.003,https://openalex.org/W2002995634,A*,Q1,0.90549205,15,2.3297,closed,,published,OpenAlex
Matthew Pinnuck,0000-0002-7743-5796,94,Journal of Behavioral Finance,The New York TimesandWall Street Journal: Does Their Coverage of Earnings Announcements Cause “Stale” News to Become “New” News?,2014,1,Matt Pinnuck,10.1080/15427560.2014.908881,https://doi.org/10.1080/15427560.2014.908881,https://openalex.org/W3123792738,A,Q2,0.84907338,13,1.2439,closed,,published,OpenAlex
Matthew Pinnuck,0000-0002-7743-5796,94,Australian Journal of Management,Earnings management: Who do managers consider and what is the relative importance of ethics?,2022,3,Paul J. Coram; James R. Frederickson; Matt Pinnuck,10.1177/03128962221137235,https://doi.org/10.1177/03128962221137235,https://openalex.org/W4311117488,A,Q1,0.83626685,5,1.3831,closed,,published,OpenAlex
Matthew Pinnuck,0000-0002-7743-5796,94,Pacific Accounting Review,Does the change of accounting regulation on employee share options give rise to greater scope for earnings management?,2011,2,Hong Nee Ang; Matt Pinnuck,10.1108/01140581111185526,https://doi.org/10.1108/01140581111185526,https://openalex.org/W2011722224,B,Q2,0.82858564,3,0.7089,closed,,published,OpenAlex
Matthew Pinnuck,0000-0002-7743-5796,94,Accounting and Finance,Market risk exposure of merger arbitrage in Australia,2011,3,Jason L. Hall; Matt Pinnuck; Matthew. Thorne,10.1111/j.1467-629x.2011.00453.x,https://doi.org/10.1111/j.1467-629x.2011.00453.x,https://openalex.org/W2155115549,A,Q1,0.20620395,2,0.0,bronze,https://onlinelibrary.wiley.com/doi/pdfdirect/10.1111/j.1467-629X.2011.00453.x,published,OpenAlex
Matthew Pinnuck,0000-0002-7743-5796,94,Australian Accounting Review,Unit Trust Investment Products: Is the rate of return reported by fund managers to investors reliable and comparable?,1999,1,Matt Pinnuck,10.1111/j.1835-2561.1999.tb00099.x,https://doi.org/10.1111/j.1835-2561.1999.tb00099.x,https://openalex.org/W2009000354,B,Q2,0.72740253,3,0.4331,closed,,published,OpenAlex
Matthew Pinnuck,0000-0002-7743-5796,94,Australian Accounting Review,To What Extent has Financial Accounting Contributed to the Global Financial Crisis?,2011,1,Matt Pinnuck,10.1111/j.1835-2561.2010.00125.x,https://doi.org/10.1111/j.1835-2561.2010.00125.x,https://openalex.org/W1565849735,B,Q2,0.16790361,0,0.0,closed,,published,OpenAlex
Brad Potter,0000-0001-6593-7871,,British Accounting Review,Exploring the implications of integrated reporting for social investment (disclosures),2016,4,Carol A. Adams; Brad N. Potter; Prakash Jagat Singh; Jodi York,10.1016/j.bar.2016.05.002,https://doi.org/10.1016/j.bar.2016.05.002,https://openalex.org/W2402667038,A*,Q1,0.99675711,213,32.7679,green,http://dro.dur.ac.uk/19005/,published,OpenAlex
Brad Potter,0000-0001-6593-7871,,Accounting Historians Journal,"PUBLISHING PATTERNS IN SPECIALIST ACCOUNTING HISTORY JOURNALS IN THE ENGLISH LANGUAGE, 1996–1999",2000,2,Garry D. Carnegie; Brad N. Potter,10.2308/0148-4184.27.2.177,https://doi.org/10.2308/0148-4184.27.2.177,https://openalex.org/W2626224825,B,Q1,0.89821162,98,2.4159,closed,,published,OpenAlex
Brad Potter,0000-0001-6593-7871,,Accounting and Finance,Impact of on-field football success on the off-field financial performance of AFL football clubs,2006,2,Matt Pinnuck; Brad N. Potter,10.1111/j.1467-629x.2006.00179.x,https://doi.org/10.1111/j.1467-629x.2006.00179.x,https://openalex.org/W2086252996,A,Q1,0.9406231,73,3.9561,closed,,published,OpenAlex
Brad Potter,0000-0001-6593-7871,,Accounting Auditing and Accountability Journal,The development of the specialist accounting history literature in the English language,2003,3,Garry D. Carnegie; Cheryl S. McWatters; Brad N. Potter,10.1108/09513570310472058,https://doi.org/10.1108/09513570310472058,https://openalex.org/W1529932340,A*,Q1,0.86052428,50,2.0742,closed,,published,OpenAlex
Brad Potter,0000-0001-6593-7871,,Australian Accounting Review,Discipline‐Informed Approaches to Water Accounting,2012,3,Keryn Chalmers; Jayne M. Godfrey; Brad N. Potter,10.1111/j.1835-2561.2012.00175.x,https://doi.org/10.1111/j.1835-2561.2012.00175.x,https://openalex.org/W1518784138,B,Q2,0.73662772,31,0.5968,closed,,published,OpenAlex
Brad Potter,0000-0001-6593-7871,,Accounting Auditing and Accountability Journal,Accountability versus artistic development,1996,2,Ruth Rentschler; Brad N. Potter,10.1108/09513579610151971,https://doi.org/10.1108/09513579610151971,https://openalex.org/W1538367570,A*,Q1,0.97940107,89,13.7179,closed,,published,OpenAlex
Brad Potter,0000-0001-6593-7871,,Accounting Auditing and Accountability Journal,Financial accounting reforms in the Australian public sector,2002,1,Brad N. Potter,10.1108/09513570210418897,https://doi.org/10.1108/09513570210418897,https://openalex.org/W2083851673,A*,Q1,0.9583083,52,5.927,closed,,published,OpenAlex
Brad Potter,0000-0001-6593-7871,,Accounting History,The power of words: explaining recent accounting reforms in the Australian public sector,1999,1,Brad N. Potter,10.1177/103237329900400205,https://doi.org/10.1177/103237329900400205,https://openalex.org/W1980762226,A,Q1,0.86159709,40,2.0977,closed,,published,OpenAlex
Brad Potter,0000-0001-6593-7871,,Abacus,Application of the Reporting Entity Concept in A ustralia,2014,3,Peter John Carey; Brad N. Potter; George Tanewski,10.1111/abac.12037,https://doi.org/10.1111/abac.12037,https://openalex.org/W1551778409,A,Q2,0.87241266,10,1.5812,closed,,published,OpenAlex
Brad Potter,0000-0001-6593-7871,,Meditari Accountancy Research,Professional financial statement users’ perceived value of carbon accounting disclosures and decision context,2023,3,Paul J. Coram; Brad N. Potter; Naomi S. Soderstrom,10.1108/medar-02-2021-1193,https://doi.org/10.1108/medar-02-2021-1193,https://openalex.org/W4224104437,A,Q1,0.79041428,7,0.8542,closed,,published,OpenAlex
Brad Potter,0000-0001-6593-7871,,Asia‐Pacific Economic History Review,"Accounting History in Australia: A Survey of Published Works, 1975–99",2000,2,Garry D. Carnegie; Brad N. Potter,10.1111/1467-8446.00069,https://doi.org/10.1111/1467-8446.00069,https://openalex.org/W1978237214,B,Q1,0.77391952,27,0.9664,closed,,published,OpenAlex
Brad Potter,0000-0001-6593-7871,,Abacus,Enhancing the Accessibility of Accounting and Business Archives: The Role of Technology in Informing Research in Accounting and Business,2013,7,Phillip E. Cobbin; Graeme W. Dean; Cameron Esslemont; Patrick J. Ferguson; Monica J. Keneley; Brad N. Potter; Brian P. West,10.1111/abac.12009,https://doi.org/10.1111/abac.12009,https://openalex.org/W2120869411,A,Q2,0.85087048,13,1.4626,closed,,published,OpenAlex
Brad Potter,0000-0001-6593-7871,,Accounting Research Journal,Implementing AASB 15 revenue from contracts with customers: the preparer perspective,2019,4,Michael J. Davern; Nikole Gyles; Brad N. Potter; Victor X. D. Yang,10.1108/arj-03-2018-0055,https://doi.org/10.1108/arj-03-2018-0055,https://openalex.org/W2936722985,B,Q2,0.90649772,13,2.8607,closed,,published,OpenAlex
Brad Potter,0000-0001-6593-7871,,Australian Accounting Review,Developing Accounting Regulations that Reflect Public Viewpoints: The Australian Solution to Differential Reporting,2013,3,Brad N. Potter; Tom Ravlic; Sue Wright,10.1111/auar.12000,https://doi.org/10.1111/auar.12000,https://openalex.org/W2122353474,B,Q2,0.95600317,12,5.5663,closed,,published,OpenAlex
Brad Potter,0000-0001-6593-7871,,Australian Accounting Review,Going Concern Uncertainty: What Do Firms Disclose?,2022,4,Michael Eric Bradbury; NEIL L. FARGHER; Brad N. Potter; Stephen L. Taylor,10.1111/auar.12379,https://doi.org/10.1111/auar.12379,https://openalex.org/W4284970793,B,Q2,0.82702689,5,1.3831,hybrid,https://onlinelibrary.wiley.com/doi/pdfdirect/10.1111/auar.12379,published,OpenAlex
Brad Potter,0000-0001-6593-7871,,Accounting and Finance,Keeping it private: financial reporting by large proprietary companies in Australia,2019,4,Brad N. Potter; Matt Pinnuck; George Tanewski; Sue Wright,10.1111/acfi.12436,https://doi.org/10.1111/acfi.12436,https://openalex.org/W2914198729,A,Q1,0.89252237,6,2.4809,green,https://figshare.com/articles/journal_contribution/Keeping_it_private_financial_reporting_by_large_proprietary_companies_in_Australia/20769424,published,OpenAlex
Brad Potter,0000-0001-6593-7871,,Australian Accounting Review,Differential Reporting,2013,1,Brad N. Potter,10.1111/auar.12006,https://doi.org/10.1111/auar.12006,https://openalex.org/W2330380434,B,Q2,0.30756844,5,0.0,closed,,published,OpenAlex
Brad Potter,0000-0001-6593-7871,,Archivaria,Digitizing archival records: Benefits and challenges for a large professional accounting association,2017,4,Monica J. Keneley; Brad N. Potter; Brian P. West; Steven Daniel Chang,10.6084/m9.figshare.5010716.v1,https://doi.org/10.6084/m9.figshare.5010716.v1,https://openalex.org/W2389074394,,Q2,0.86696939,2,1.9805,green,http://hdl.handle.net/11343/92486,published,OpenAlex
Brad Potter,0000-0001-6593-7871,,Accounting History,"The Australasian method for recording share issues: origins, adoption and institutionalisation",1997,2,Rod Johnson; Brad N. Potter,10.1177/103237329700200105,https://doi.org/10.1177/103237329700200105,https://openalex.org/W2058248735,A,Q1,0.24271279,1,0.0,closed,,published,OpenAlex
Bo Qin,0000-0001-5817-1169,115157,International Review of Financial Analysis,The consumer side of political capital: evidence from customer complaints,2026,5,Shafu Zhang; Yanqing Liu; Yu Fu; He Xiao; Bo Qin,10.1016/j.irfa.2026.105339,https://doi.org/10.1016/j.irfa.2026.105339,https://openalex.org/W7202346918,A,Q1,,,,,,published,OpenAlex
Naomi Soderstrom,0000-0001-7602-9182,5569,Environment Science and Policy for Sustainable Development,ISO 14010 Environmental Auditing: Tools and Techniques,1997,1,Naomi S. Soderstrom,10.1080/00139157.1997.10544048,https://doi.org/10.1080/00139157.1997.10544048,https://openalex.org/W2026934946,,Q2,0.27643842,0,0.0,closed,,published,OpenAlex
Naomi Soderstrom,0000-0001-7602-9182,5569,Alexandria (UniSG) (University of St.Gallen),Does ESG information draw more visual attention than financial information?,2025,2,Dennis Fehrenbacher; Naomi S. Soderstrom,10.1177/0312896225131972,https://doi.org/10.1177/0312896225131972,https://openalex.org/W7207586252,,,0.80535007,0,0.0,closed,,published,OpenAlex
Martin Weisner,0000-0003-1702-6277,127594,The European Accounting Review,Advice Utilization From Predictive Analytics Tools: The Trend is Your Friend,2022,3,Dennis D. Fehrenbacher; Alessandro Ghio; Martin Weisner,10.1080/09638180.2022.2138934,https://doi.org/10.1080/09638180.2022.2138934,https://openalex.org/W4309791146,A*,Q1,0.94258218,29,4.1466,closed,,published,OpenAlex
Martin Weisner,0000-0003-1702-6277,127594,International Journal of Accounting Information Systems,Data analytics (ab) use in healthcare fraud audits,2021,3,Jared Koreff; Martin Weisner; Steve G. Sutton,10.1016/j.accinf.2021.100523,https://doi.org/10.1016/j.accinf.2021.100523,https://openalex.org/W3179585173,A,Q1,0.96320624,22,6.3834,closed,,published,OpenAlex
Martin Weisner,0000-0003-1702-6277,127594,Decision Support Systems,Avatars and organizational knowledge sharing,2024,2,Dennis D. Fehrenbacher; Martin Weisner,10.1016/j.dss.2024.114245,https://doi.org/10.1016/j.dss.2024.114245,https://openalex.org/W4396643307,A*,Q1,0.96058992,10,6.2254,closed,,published,OpenAlex
Martin Weisner,0000-0003-1702-6277,127594,International Journal of Accounting Information Systems,The cost stickiness of information technology material weaknesses: An intertemporal comparison between it-related and other material weaknesses,2020,4,Patricia Navarro; Sean W. G. Robb; Steve G. Sutton; Martin Weisner,10.1016/j.accinf.2020.100454,https://doi.org/10.1016/j.accinf.2020.100454,https://openalex.org/W2940235715,A,Q1,0.60326957,3,0.309,closed,,published,OpenAlex
Martin Weisner,0000-0003-1702-6277,127594,Journal of Emerging Technologies in Accounting,Using Sociological Theories and Concepts in Accounting Information Systems Research: A Framework for Team Research,2018,1,Martin Weisner,10.2308/jeta-52236,https://doi.org/10.2308/jeta-52236,https://openalex.org/W2888129115,B,Q2,0.103705,1,0.0,closed,,published,OpenAlex
Martin Weisner,0000-0003-1702-6277,127594,Controlling,Social Media Data for Budgeting,2023,3,Dennis D. Fehrenbacher; Alessandro Ghio; Martin Weisner,10.15358/0935-0381-2023-4-49,https://doi.org/10.15358/0935-0381-2023-4-49,https://openalex.org/W4388531080,,,0.18760659,0,0.0,closed,,published,OpenAlex
Qingbo Yuan,0000-0003-4660-4283,1556,Journal of Business Finance & Accounting,Do Banks Price Litigation Risk in Debt Contracting? Evidence from Class Action Lawsuits,2015,2,Qingbo Yuan; Yunyan Zhang,10.1111/jbfa.12164,https://doi.org/10.1111/jbfa.12164,https://openalex.org/W2524793615,A*,Q1,0.98588034,62,15.2325,closed,,published,OpenAlex
Qingbo Yuan,0000-0003-4660-4283,1556,Accounting and Finance,The real effects of corporate fraud: evidence from class action lawsuits,2014,2,Qingbo Yuan; Yunyan Zhang,10.1111/acfi.12090,https://doi.org/10.1111/acfi.12090,https://openalex.org/W2006791990,A,Q1,0.92701001,38,3.1833,closed,,published,OpenAlex
Qingbo Yuan,0000-0003-4660-4283,1556,China Journal of Accounting Research,Risk-preparedness mechanism and audit quality: Evidence from mandatory increase of professional indemnity insurance and professional risk fund,2022,2,Yue Qi; Qingbo Yuan,10.1016/j.cjar.2022.100284,https://doi.org/10.1016/j.cjar.2022.100284,https://openalex.org/W4311317808,A,Q1,0.80724132,5,1.1065,gold,https://doi.org/10.1016/j.cjar.2022.100284,published,OpenAlex
Qingbo Yuan,0000-0003-4660-4283,1556,Journal of Business Ethics,Cultivating Integrity? The Role of Employee Directors in Mitigating Corporate Financial Misconduct,2025,3,Xiaofeng Quan; Cheng Xiang; Qingbo Yuan,10.1007/s10551-025-06143-1,https://doi.org/10.1007/s10551-025-06143-1,https://openalex.org/W4414448532,A,Q1,0.93378227,2,3.566,closed,,published,OpenAlex
Gil Aharoni,0000-0001-5792-7171,1207,Journal of Financial Economics,Stock returns and the Miller Modigliani valuation formula: Revisiting the Fama French analysis,2013,3,Gil Aharoni; Bruce D. Grundy; Qi Zeng,10.1016/j.jfineco.2013.08.003,https://doi.org/10.1016/j.jfineco.2013.08.003,https://openalex.org/W3121430340,A*,Q1,0.97669081,180,8.4561,closed,,published,OpenAlex
Gil Aharoni,0000-0001-5792-7171,1207,Applied Economics,Hot hands and equilibrium,2011,2,Gil Aharoni; Oded H. Sarig,10.1080/00036846.2011.564141,https://doi.org/10.1080/00036846.2011.564141,https://openalex.org/W1964894809,A,Q2,0.93769521,35,3.6422,closed,,published,OpenAlex
Gil Aharoni,0000-0001-5792-7171,1207,Review of Accounting Studies,Expert advice in the presence of conflicts of interest: the case of star-crossed acquisitions,2022,4,Gil Aharoni; Bryan Chang Wei Lim; Lubomir P. Litov; Jordan B. Neyland,10.1007/s11142-022-09679-z,https://doi.org/10.1007/s11142-022-09679-z,https://openalex.org/W4226319038,A*,Q1,0.86644738,8,1.9364,closed,,published,OpenAlex
Gil Aharoni,0000-0001-5792-7171,1207,Accounting and Finance,Testing the growth option theory: the profitability of enhanced momentum strategies in Australia,2011,3,Gil Aharoni; Tuan Quoc Ho; Qi Zeng,10.1111/j.1467-629x.2011.00401.x,https://doi.org/10.1111/j.1467-629x.2011.00401.x,https://openalex.org/W2014540987,A,Q1,0.87797985,8,1.3259,closed,,published,OpenAlex
Attila Balogh,0000-0002-7026-1965,172695,Edelweiss Applied Science and Technology,Superapps: At the crossroads of enhanced customer experience and innovation management theories,2024,2,Attila Balogh; János Varga,10.55214/25768484.v8i4.1465,https://doi.org/10.55214/25768484.v8i4.1465,https://openalex.org/W4402646748,,Q4,0.79026485,2,0.7302,diamond,https://learning-gate.com/index.php/2576-8484/article/download/1465/413,published,OpenAlex
Carole Comerton-Forde,0000-0002-1618-0371,25276,Journal of Financial Economics,"Inverted fee structures, tick size, and market quality",2019,3,Carole Comerton‐Forde; Vincent Grégoire; Zhuo Zhong,10.1016/j.jfineco.2019.03.005,https://doi.org/10.1016/j.jfineco.2019.03.005,https://openalex.org/W2899431133,A*,Q1,0.98939084,82,12.2654,closed,,published,OpenAlex
Carole Comerton-Forde,0000-0002-1618-0371,25276,Journal of Financial Economics,Regulating dark trading: Order flow segmentation and market quality,2018,3,Carole Comerton‐Forde; Katya Malinova; Andreas Park,10.1016/j.jfineco.2018.07.002,https://doi.org/10.1016/j.jfineco.2018.07.002,https://openalex.org/W3125334144,A*,Q1,0.97196622,65,6.8949,closed,,published,OpenAlex
Carole Comerton-Forde,0000-0002-1618-0371,25276,Financial Review (US),Price Clustering on the Tokyo Stock Exchange,2007,3,Asli Ascioglu; Carole Comerton‐Forde; Thomas H. McInish,10.1111/j.1540-6288.2007.00172.x,https://doi.org/10.1111/j.1540-6288.2007.00172.x,https://openalex.org/W2051340220,A,Q2,0.95681116,64,5.7616,closed,,published,OpenAlex
Carole Comerton-Forde,0000-0002-1618-0371,25276,Australasian Journal of Educational Technology,Factors affecting educational innovation with in class electronic response systems,2007,5,Mark Freeman; Amani Bell; Carole Comerton‐Forde; Joanne Pickering; Paul Blayney,10.14742/ajet.1262,https://doi.org/10.14742/ajet.1262,https://openalex.org/W2152682140,,Q1,0.98515335,40,14.0555,diamond,https://ajet.org.au/index.php/AJET/article/download/1262/635,published,OpenAlex
Carole Comerton-Forde,0000-0002-1618-0371,25276,Review of Finance,Secondary Market Transparency and Corporate Bond Issuing Costs,2022,3,James Brugler; Carole Comerton‐Forde; J. Spencer Martin,10.1093/rof/rfab017,https://doi.org/10.1093/rof/rfab017,https://openalex.org/W3179675844,A*,Q1,0.91566608,31,2.9153,closed,,published,OpenAlex
Carole Comerton-Forde,0000-0002-1618-0371,25276,Pacific-Basin Finance Journal,Do trading rules impact on market efficiency? A comparison of opening procedures on the Australian and Jakarta Stock Exchanges,1999,1,Carole Comerton‐Forde,10.1016/s0927-538x(99)00020-7,https://doi.org/10.1016/s0927-538x(99)00020-7,https://openalex.org/W2017685521,A,Q1,0.85011964,34,1.3661,closed,,published,OpenAlex
Carole Comerton-Forde,0000-0002-1618-0371,25276,The Journal of Trading,"Anonymity, Frontrunning and Market Integrity",2007,2,Carole Comerton‐Forde; Kar Mei Tang,10.3905/jot.2007.694833,https://doi.org/10.3905/jot.2007.694833,https://openalex.org/W2127847490,C,,0.86072374,6,1.5428,closed,,published,OpenAlex
Carole Comerton-Forde,0000-0002-1618-0371,25276,Australian Journal of Management,An Empirical Analysis of Strategic Behaviour Models,2007,3,Carole Comerton‐Forde; Michael A. O’Brien; Peter Joakim Westerholm,10.1177/031289620703200202,https://doi.org/10.1177/031289620703200202,https://openalex.org/W3121384516,A,Q1,0.84195352,6,1.1571,bronze,https://journals.sagepub.com/doi/pdf/10.1177/031289620703200202?download=true,published,OpenAlex
Jonathan Dark,0000-0002-7688-0193,12012,Studies in Nonlinear Dynamics & Econometrics,Estimation of Time Varying Skewness and Kurtosis with an Application to Value at Risk,2010,1,Jonathan Dark,10.2202/1558-3708.1720,https://doi.org/10.2202/1558-3708.1720,https://openalex.org/W1997671731,A,Q2,0.93994401,25,4.3664,closed,,published,OpenAlex
Jonathan Dark,0000-0002-7688-0193,12012,The Journal of Futures Markets,"Exchange traded contracts for difference: Design, pricing, and effects",2010,3,Christine Brown; Jonathan Dark; Kevin Thomas Davis,10.1002/fut.20475,https://doi.org/10.1002/fut.20475,https://openalex.org/W3121262957,A,Q2,0.8613835,23,1.3815,closed,,published,OpenAlex
Jonathan Dark,0000-0002-7688-0193,12012,Journal of Banking & Finance,Futures hedging with Markov switching vector error correction FIEGARCH and FIAPARCH,2015,1,Jonathan Dark,10.1016/j.jbankfin.2015.08.017,https://doi.org/10.1016/j.jbankfin.2015.08.017,https://openalex.org/W1196427486,A*,Q1,0.86278937,20,1.848,closed,,published,OpenAlex
Jonathan Dark,0000-0002-7688-0193,12012,Journal of Empirical Finance,Multivariate models with long memory dependence in conditional correlation and volatility,2018,1,Jonathan Dark,10.1016/j.jempfin.2018.06.011,https://doi.org/10.1016/j.jempfin.2018.06.011,https://openalex.org/W2811193773,A,Q1,0.89323161,15,2.4891,closed,,published,OpenAlex
Jonathan Dark,0000-0002-7688-0193,12012,Managerial Finance,A comparison of developed and emerging equity market return volatility at different time scales,2011,3,Elizabeth Ann Maharaj; Don U. A. Galagedera; Jonathan Dark,10.1108/03074351111161592,https://doi.org/10.1108/03074351111161592,https://openalex.org/W2148458864,B,Q2,0.95818153,14,5.4342,closed,,published,OpenAlex
Jonathan Dark,0000-0002-7688-0193,12012,International Journal of Managerial Finance,Impact of capital control measures on the Malaysian stock market,2010,3,Mala Raghavan; Jonathan Dark; Elizabeth Ann Maharaj,10.1108/17439131011032040,https://doi.org/10.1108/17439131011032040,https://openalex.org/W1530029909,A,Q2,0.88303501,13,2.0864,closed,,published,OpenAlex
Jonathan Dark,0000-0002-7688-0193,12012,Journal of Time Series Analysis,Influence diagnostics for multivariate GARCH processes,2010,3,Jonathan Dark; Xibin Zhang; Nan Qu,10.1111/j.1467-9892.2010.00662.x,https://doi.org/10.1111/j.1467-9892.2010.00662.x,https://openalex.org/W2145737537,A,Q1,0.73301682,10,0.3454,closed,,published,OpenAlex
Jonathan Dark,0000-0002-7688-0193,12012,The Journal of Futures Markets,Currency Overlay for Global Equity Portfolios: Cross‐Hedging and Base Currency,2014,2,Wei Opie; Jonathan Dark,10.1002/fut.21662,https://doi.org/10.1002/fut.21662,https://openalex.org/W1525699810,A,Q2,0.85590788,8,0.9905,closed,,published,OpenAlex
Jonathan Dark,0000-0002-7688-0193,12012,Journal of Financial and Quantitative Analysis,Basis Convergence and Long Memory in Volatility When Dynamic Hedging with Futures,2007,1,Jonathan Dark,10.1017/s0022109000003483,https://doi.org/10.1017/s0022109000003483,https://openalex.org/W1985666867,A*,Q1,0.90247461,27,2.7091,closed,,published,OpenAlex
Jonathan Dark,0000-0002-7688-0193,12012,Journal of Banking & Finance,Will tighter futures price limits decrease hedge effectiveness?,2011,1,Jonathan Dark,10.1016/j.jbankfin.2011.07.020,https://doi.org/10.1016/j.jbankfin.2011.07.020,https://openalex.org/W3123577684,A*,Q1,0.91899162,6,1.8114,closed,,published,OpenAlex
Jonathan Dark,0000-0002-7688-0193,12012,Accounting Research Journal,A Critique of Minimum Variance Hedging,2005,1,Jonathan Dark,10.1108/10309610580000674,https://doi.org/10.1108/10309610580000674,https://openalex.org/W2169045437,B,Q2,0.23392142,4,0.0,closed,,published,OpenAlex
André Gygax,0000-0001-7265-9400,223,China Communications,PECS: Towards personalized edge caching for future service-centric networks,2019,6,Ming Gao Yan; Wenwen Li; Chien Aun Chan; Sen Bian; I Chih‐Lin; André F. Gygax,10.23919/jcc.2019.08.009,https://doi.org/10.23919/jcc.2019.08.009,https://openalex.org/W2973935944,,Q1,0.96731294,58,6.4143,closed,,published,OpenAlex
André Gygax,0000-0001-7265-9400,223,Telecommunications Journal of Australia,Towards an energy rating system for telecommunications,2012,6,Chien Aun Chan; Elaine Wong; Ampalavanapillai T. Nirmalathas; André F. Gygax; Christopher A. Leckie; Daniel C. Kilper,10.7790/tja.v62i5.377,https://doi.org/10.7790/tja.v62i5.377,https://openalex.org/W2334855146,,,0.64979434,3,0.2131,closed,,published,OpenAlex
Joachim Inkmann,0000-0002-5526-7648,10095,The Journal of Asset Management,Optimal hedging of the currency exchange risk exposure of dynamically balanced strategic asset allocations,2003,2,Nikolaus Hautsch; Joachim Inkmann,10.1057/palgrave.jam.2240102,https://doi.org/10.1057/palgrave.jam.2240102,https://openalex.org/W3124338992,B,Q2,0.76013959,7,0.3678,closed,,published,OpenAlex
Hae Won (Henny) Jung,0000-0002-7268-7505,8445,Journal of Financial Economics,"CEO talent, CEO compensation, and product market competition",2017,2,Hae Won Jung; Ajay Subramanian,10.1016/j.jfineco.2017.04.005,https://doi.org/10.1016/j.jfineco.2017.04.005,https://openalex.org/W3121721523,A*,Q1,0.97628125,55,9.1854,closed,,published,OpenAlex
Hae Won (Henny) Jung,0000-0002-7268-7505,8445,Review of Finance,Capital Structure under Heterogeneous Beliefs,2013,2,Hae Won Jung; Ajay Subramanian,10.1093/rof/rft042,https://doi.org/10.1093/rof/rft042,https://openalex.org/W3122981908,A*,Q1,0.7607043,16,0.3844,hybrid,https://doi.org/10.1093/rof/rft042,published,OpenAlex
Hae Won (Henny) Jung,0000-0002-7268-7505,8445,Journal of Corporate Finance,"Search, product market competition and CEO pay",2021,2,Hae Won Jung; Ajay Subramanian,10.1016/j.jcorpfin.2021.101981,https://doi.org/10.1016/j.jcorpfin.2021.101981,https://openalex.org/W3160150850,A*,Q1,0.88996143,13,2.4709,closed,,published,OpenAlex
Hae Won (Henny) Jung,0000-0002-7268-7505,8445,Journal of Financial and Quantitative Analysis,Appointing Charity Directors in Response to ESG Incidents,2026,3,Marina Gertsberg; Hae Won Jung; Yuyang Zhang,10.1017/s0022109026103056,https://doi.org/10.1017/s0022109026103056,https://openalex.org/W4381850463,A*,Q1,0.00129411,2,0.0,hybrid,https://doi.org/10.1017/s0022109026103056,published,OpenAlex
Paul Kofman,0000-0003-0479-5026,6753,"AgEcon Search (University of Minnesota, USA)",Volatility Patterns and Spillovers in Bund Futures,1994,10,"Philip Hans Franses; R. Van Ieperen; Paul Kofman; Martin P.E. Martens; Albert J. Menkveld; Franses, Philip Hans; Ieperen, Reinoud Van; Kofman, Paul; Martens, Martin; Menkveld, Bert",10.22004/ag.econ.267633,https://doi.org/10.22004/ag.econ.267633,https://openalex.org/W1566429495,,,0.84203226,5,1.3903,green,http://ageconsearch.umn.edu/record/267633,published,OpenAlex
Paul Kofman,0000-0003-0479-5026,6753,"AgEcon Search (University of Minnesota, USA)",A Threshold Error Correction Model for Intraday Futures and Index Returns,1995,6,Martin P.E. Martens; Paul Kofman; Ton Vorst; Martin Martens; Paul Kofman; Ton Vorst,10.22004/ag.econ.267767,https://doi.org/10.22004/ag.econ.267767,https://openalex.org/W3124776800,,,0.85921515,5,1.3202,green,http://ageconsearch.umn.edu/record/267767,published,OpenAlex
Paul Kofman,0000-0003-0479-5026,6753,Australian Economic Papers,Regulatory Tools and Price Changes in Futures Markets,2001,2,Anthony D. Hall; Paul Kofman,10.1111/1467-8454.00140,https://doi.org/10.1111/1467-8454.00140,https://openalex.org/W2018064455,B,Q2,0.19251337,4,0.0,closed,,published,OpenAlex
Paul Kofman,0000-0003-0479-5026,6753,Monash University,Interaction Between the London and New York Stock Markets During Common Trading Hours,2017,2,Paul Kofman; Martin Martens,10.26180/5090059,https://doi.org/10.26180/5090059,https://openalex.org/W7128610125,,,0.56823128,0,0.0,green,https://doi.org/10.26180/5090059,published,OpenAlex
Asjeet Lamba,0000-0002-7541-967X,2727,"Journal of International Financial Markets, Institutions and Money",An empirical examination of linkages between Pacific-Basin stock markets,1998,2,Sundaram Janakiramanan; Asjeet S. Lamba,10.1016/s1042-4431(98)00029-8,https://doi.org/10.1016/s1042-4431(98)00029-8,https://openalex.org/W2018010620,A,Q1,0.96114611,242,6.6701,closed,,published,OpenAlex
Asjeet Lamba,0000-0002-7541-967X,2727,Finance Research Letters,Does the corporate bond market overvalue bonds of sin companies?,2018,5,Frank J. Fabozzi; Asjeet S. Lamba; Takeshi Nishikawa; Ramesh P. Rao; K.C. Ma,10.1016/j.frl.2018.04.018,https://doi.org/10.1016/j.frl.2018.04.018,https://openalex.org/W2801163943,A,Q1,0.87844547,15,2.2066,bronze,https://www.sciencedirect.com/science/article/am/pii/S1544612318302666?via%3Dihub,published,OpenAlex
Asjeet Lamba,0000-0002-7541-967X,2727,Journal of Financial Research,EXCHANGE LISTINGS AND DELISTINGS: THE ROLE OF INSIDER INFORMATION AND INSIDER TRADING,1999,2,Asjeet S. Lamba; Walayet A. Khan,10.1111/j.1475-6803.1999.tb00719.x,https://doi.org/10.1111/j.1475-6803.1999.tb00719.x,https://openalex.org/W2008086311,A,Q2,0.84693316,42,1.2985,green,https://papers.ssrn.com/sol3/papers.cfm?abstract_id=142563,published,OpenAlex
Asjeet Lamba,0000-0002-7541-967X,2727,Multinational Finance Journal,An Analysis of the Dynamic Relationships Between the South African Equity Market and Major World Equity Markets,2001,2,Asjeet S. Lamba; Isaac Otchere,10.17578/5-3-3,https://doi.org/10.17578/5-3-3,https://openalex.org/W3121423309,B,Q4,0.8749059,19,1.3315,bronze,http://www.mfsociety.org/../../../../../modules/modDashboard/uploadFiles/journals/MJ~685~p16tagr7fe577s1pkm2l664fm1.pdf,published,OpenAlex
Asjeet Lamba,0000-0002-7541-967X,2727,Applied Financial Economics,Short selling restrictions and market completeness: the Malaysian experience,2006,2,Asjeet S. Lamba; Mohamed Ariff,10.1080/09603100500396619,https://doi.org/10.1080/09603100500396619,https://openalex.org/W2008305826,B,,0.85869427,16,1.5559,closed,,published,OpenAlex
Asjeet Lamba,0000-0002-7541-967X,2727,Pacific-Basin Finance Journal,The information content of firms switching from section 2 to section 1 of the Tokyo stock exchange,1997,2,Asjeet S. Lamba; Mohamed Ariff,10.1016/s0927-538x(97)00012-7,https://doi.org/10.1016/s0927-538x(97)00012-7,https://openalex.org/W2054709377,A,Q1,0.21972387,7,0.0,closed,,published,OpenAlex
Asjeet Lamba,0000-0002-7541-967X,2727,International Review of Finance,The Valuation Effects of Prime Rate Revisions: Is There an Advantage of Being First?*,2006,2,Mohamed Ariff; Asjeet S. Lamba,10.1111/j.1468-2443.2007.00064.x,https://doi.org/10.1111/j.1468-2443.2007.00064.x,https://openalex.org/W1839104631,A,Q2,,,,,,published,OpenAlex
Asjeet Lamba,0000-0002-7541-967X,2727,Review of Pacific Basin Financial Markets and Policies,The Role of Institutional Traders around Section Switches on the Tokyo Stock Exchange,1998,2,Asjeet S. Lamba; Mohamed Ariff,10.1142/s021909159800017x,https://doi.org/10.1142/s021909159800017x,https://openalex.org/W2084723105,B,Q4,0.24607947,0,0.0,closed,,published,OpenAlex
Gabriele Lattanzio,0000-0003-1592-433X,182846,Journal of Corporate Finance,Strategic cash portfolio management in the face of policy uncertainty: Evidence from U.S. firms,2026,3,Julian Atanassov; Gabriele Lattanzio; Bektemir Ysmailov,10.1016/j.jcorpfin.2026.103012,https://doi.org/10.1016/j.jcorpfin.2026.103012,https://openalex.org/W4403480298,A*,Q1,0.00244519,0,0.0,hybrid,https://doi.org/10.1016/j.jcorpfin.2026.103012,published,OpenAlex
Gabriele Lattanzio,0000-0003-1592-433X,182846,Journal of Applied Corporate Finance,Capitalizing entrepreneurship: The rise of growth equity,2025,4,Gabriele Lattanzio; Lubomir P. Litov; William L. Megginson; Alina Munteanu,10.1111/jacf.12647,https://doi.org/10.1111/jacf.12647,https://openalex.org/W4408952590,A,,,,,,,published,OpenAlex
Andrea Lu,0000-0002-8635-2167,54873,Review of Asset Pricing Studies,A Market-Based Funding Liquidity Measure,2018,2,Zhuo Chen; Andrea Y. Lu,10.1093/rapstu/ray007,https://doi.org/10.1093/rapstu/ray007,https://openalex.org/W3123827828,A*,Q1,0.91825625,35,3.0338,closed,,published,OpenAlex
Andrea Lu,0000-0002-8635-2167,54873,Review of Finance,Seeing the Unobservable from the Invisible: The Role of CO2 in Measuring Consumption Risk,2017,2,Zhuo Chen; Andrea Y. Lu,10.1093/rof/rfx027,https://doi.org/10.1093/rof/rfx027,https://openalex.org/W3125053964,A*,Q1,0.88924479,26,2.1624,closed,,published,OpenAlex
Andrea Lu,0000-0002-8635-2167,54873,Journal of Empirical Finance,Carbon dioxide and asset pricing: Evidence from international stock markets,2023,4,Zhuo Chen; Jinyu Liu; Andrea Y. Lu; Libin Tao,10.1016/j.jempfin.2023.101461,https://doi.org/10.1016/j.jempfin.2023.101461,https://openalex.org/W4390452940,A,Q1,0.89340668,7,1.784,closed,,published,OpenAlex
Andrea Lu,0000-0002-8635-2167,54873,Energy Economics,The role of storage in a competitive electricity market and the effects of climate change,2012,3,Lewis Evans; Graeme Guthrie; Andrea Y. Lu,10.1016/j.eneco.2012.09.016,https://doi.org/10.1016/j.eneco.2012.09.016,https://openalex.org/W3125779682,A*,Q1,0.78268059,16,0.8523,closed,,published,OpenAlex
Carsten Murawski,0000-0002-1237-9535,5544,PLoS Biology,Individuals with problem gambling and obsessive-compulsive disorder learn through distinct reinforcement mechanisms,2023,11,Shinsuke Suzuki; Xiaoliu Zhang; Amir Dezfouli; Leah Braganza; Ben Fulcher; Linden Parkes; Leonardo Franklin Fontenelle; Ben J. Harrison; Carsten Murawski; Murat Yücel; Chao Suo,10.1371/journal.pbio.3002031,https://doi.org/10.1371/journal.pbio.3002031,https://openalex.org/W4324130146,,Q1,0.95567391,20,4.9522,gold,https://journals.plos.org/plosbiology/article/file?id=10.1371/journal.pbio.3002031&type=printable,published,OpenAlex
Carsten Murawski,0000-0002-1237-9535,5544,Journal of Research in Personality,The network structure of impulsive personality and temporal discounting,2021,4,Kristof Keidel; Ulrich Ettinger; Carsten Murawski; Bertalan Polner,10.1016/j.jrp.2021.104166,https://doi.org/10.1016/j.jrp.2021.104166,https://openalex.org/W3214537716,B,Q1,0.76701972,12,1.0277,closed,,published,OpenAlex
Carsten Murawski,0000-0002-1237-9535,5544,"Journal of Experimental Psychology: learning, memory, and cognition",Attentional mechanisms of the date/delay effect in intertemporal choice: An eye-tracking study.,2024,3,Kristof Keidel; Carsten Murawski; Ulrich Ettinger,10.1037/xlm0001363,https://doi.org/10.1037/xlm0001363,https://openalex.org/W4399872034,A,Q1,0.89110679,8,2.4858,closed,,published,OpenAlex
Carsten Murawski,0000-0002-1237-9535,5544,Cognitive Science,Harnessing Computational Complexity Theory to Model Human Decision‐making and Cognition,2023,2,Juan Pablo Franco; Carsten Murawski,10.1111/cogs.13304,https://doi.org/10.1111/cogs.13304,https://openalex.org/W4380870403,,Q1,0.74749781,6,0.8153,bronze,https://onlinelibrary.wiley.com/doi/pdfdirect/10.1111/cogs.13304,published,OpenAlex
Carsten Murawski,0000-0002-1237-9535,5544,Frontiers in Human Neuroscience,Single-trial P300 amplitudes index feedback information in reinforcement learning,2013,3,Daniel Bennett; Carsten Murawski; Bode Stefan,10.3389/conf.fnhum.2013.212.00075,https://doi.org/10.3389/conf.fnhum.2013.212.00075,https://openalex.org/W2322147030,,Q1,0.18141559,1,0.0,gold,https://doi.org/10.3389/conf.fnhum.2013.212.00075,published,OpenAlex
Carsten Murawski,0000-0002-1237-9535,5544,Frontiers in Behavioral Neuroscience,Financial decision-making tasks and simple perceptual tasks – a comparison,1970,5,Philip E. Harris; Carsten Murawski; Juan Luis Domínguez; Jennifer Leech; Gary F. Egan,10.3389/conf.neuro.08.2009.01.011,https://doi.org/10.3389/conf.neuro.08.2009.01.011,https://openalex.org/W2013606453,,Q1,0.186291,0,0.0,closed,,published,OpenAlex
Carsten Murawski,0000-0002-1237-9535,5544,Frontiers in Human Neuroscience,Belief updating is indexed by single-trial P3 amplitude: a neurocognitive modelling approach to EEG,2015,3,Daniel Bennett; Bode Stefan; Carsten Murawski,10.3389/conf.fnhum.2015.217.00025,https://doi.org/10.3389/conf.fnhum.2015.217.00025,https://openalex.org/W2320720871,,Q1,0.13476202,0,0.0,gold,https://doi.org/10.3389/conf.fnhum.2015.217.00025,published,OpenAlex
Carsten Murawski,0000-0002-1237-9535,5544,Frontiers in Human Neuroscience,The effects of context priming on intertemporal decision-making,2013,3,Thio Joanna; Carsten Murawski; Bode Stefan,10.3389/conf.fnhum.2013.212.00077,https://doi.org/10.3389/conf.fnhum.2013.212.00077,https://openalex.org/W2328509965,,Q1,0.1439342,0,0.0,gold,https://doi.org/10.3389/conf.fnhum.2013.212.00077,published,OpenAlex
Carsten Murawski,0000-0002-1237-9535,5544,Obesity Research & Clinical Practice,Anti-obesity health warnings promote healthier dietary decision making,2019,5,Daniel H. Rosenblatt; Stefan Bode; Helen Dixon; Carsten Murawski; Melanie A Wakefield,10.1016/j.orcp.2016.10.270,https://doi.org/10.1016/j.orcp.2016.10.270,https://openalex.org/W2913242799,,Q2,0.00926921,0,0.0,closed,,published,OpenAlex
Carsten Murawski,0000-0002-1237-9535,5544,Feminist Economics,No Interest: The Marginalization of Women in Academic Finance,2025,3,Cordelia Fine; Nitin Yadav; Carsten Murawski,10.1080/13545701.2025.2483823,https://doi.org/10.1080/13545701.2025.2483823,https://openalex.org/W4411218924,A,Q1,0.11961253,0,0.0,hybrid,https://www.tandfonline.com/doi/pdf/10.1080/13545701.2025.2483823?needAccess=true,published,OpenAlex
Anthony Ng,0000-0002-5098-5616,,Review of Financial Economics,Does the market value corporate impact investing and socially responsible investing?,2024,2,Anthony C. Ng; Zabihollah Rezaee,10.1002/rfe.1209,https://doi.org/10.1002/rfe.1209,https://openalex.org/W4402896567,B,Q3,0.81835643,2,0.7651,bronze,https://onlinelibrary.wiley.com/doi/pdfdirect/10.1002/rfe.1209,published,OpenAlex
Hoonsuk Park,0000-0003-1271-4804,158952,The American Economic Review,Asymmetric Consumption Smoothing,2020,4,Brian Baugh; Itzhak Ben‐David; Hoonsuk Park; Jonathan A. Parker,10.1257/aer.20181735,https://doi.org/10.1257/aer.20181735,https://openalex.org/W3096736335,A*,Q1,0.99424934,134,17.9994,closed,,published,OpenAlex
Hoonsuk Park,0000-0003-1271-4804,158952,The Journal of Finance,Can Taxes Shape an Industry? Evidence from the Implementation of the “Amazon Tax”,2018,3,Brian Baugh; Itzhak Ben‐David; Hoonsuk Park,10.1111/jofi.12687,https://doi.org/10.1111/jofi.12687,https://openalex.org/W3121411378,A*,Q1,0.97264884,69,8.1569,closed,,published,OpenAlex
Sean Pinder,0000-0003-3083-6047,321,International Review of Finance,A Refutation of the Existence of the Other January Effect*,2007,2,Stephen Andrew Easton; Sean Pinder,10.1111/j.1468-2443.2007.00069.x,https://doi.org/10.1111/j.1468-2443.2007.00069.x,https://openalex.org/W1573003103,A,Q2,0.84947606,17,1.6066,bronze,https://onlinelibrary.wiley.com/doi/pdfdirect/10.1111/j.1468-2443.2007.00069.x,published,OpenAlex
Sean Pinder,0000-0003-3083-6047,321,ASCILITE Publications,Supporting Peer Feedback at Scale,2024,3,Sean Pinder; Miriam Edwards; Assaf Dekel,10.14742/apubs.2024.1140,https://doi.org/10.14742/apubs.2024.1140,https://openalex.org/W4404217139,,,0.20178704,0,0.0,diamond,https://doi.org/10.14742/apubs.2024.1140,published,OpenAlex
Sean Pinder,0000-0003-3083-6047,321,Monash University,Market Structure and its Effects on the Pricing of Derivative Securities in Australia,2017,2,Howard W. H. Chan; Sean Pinder,10.26180/5090326,https://doi.org/10.26180/5090326,https://openalex.org/W7128609656,,,0.69831837,0,0.0,green,https://doi.org/10.26180/5090326,published,OpenAlex
Chander Shekhar,0000-0003-4689-5172,105,Journal of Banking & Finance,The information role of advisors in mergers and acquisitions: Evidence from acquirers hiring targets’ ex-advisors,2016,4,Xin Chang; Chander Shekhar; Lewis Tam; Jiaquan Yao,10.1016/j.jbankfin.2016.05.006,https://doi.org/10.1016/j.jbankfin.2016.05.006,https://openalex.org/W2388228159,A*,Q1,0.97106865,46,7.874,green,https://figshare.com/articles/journal_contribution/The_information_role_of_advisors_in_mergers_and_acquisitions_Evidence_from_acquirers_hiring_targets_ex-advisors/20822917,published,OpenAlex
Chander Shekhar,0000-0003-4689-5172,105,Polar Science,Quantifying mass balance of East-Karakoram glaciers using geodetic technique,2018,5,Anant Kumar; Harendra Singh Negi; Kamal Kumar; Chander Shekhar; Neha Kanda,10.1016/j.polar.2018.11.005,https://doi.org/10.1016/j.polar.2018.11.005,https://openalex.org/W2901287684,,Q2,0.6894103,29,0.7855,bronze,https://doi.org/10.1016/j.polar.2018.11.005,published,OpenAlex
Chander Shekhar,0000-0003-4689-5172,105,Arabian Journal of Geosciences,Snow and glacial feature identification using Hyperion dataset and machine learning algorithms,2021,6,Mohd Anul Haq; Mohammed Alshehri; Gazi Rahaman; Abhijit Ghosh; Prashant Baral; Chander Shekhar,10.1007/s12517-021-07434-3,https://doi.org/10.1007/s12517-021-07434-3,https://openalex.org/W3184844744,,,0.81404098,28,1.5662,closed,,published,OpenAlex
Chander Shekhar,0000-0003-4689-5172,105,Remote Sensing Letters,Accuracy validation and bias assessment for various multi-sensor open-source DEMs in part of the Karakoram region,2020,4,Anant Kumar; Harendra Singh Negi; Kamal Kumar; Chander Shekhar,10.1080/2150704x.2020.1792001,https://doi.org/10.1080/2150704x.2020.1792001,https://openalex.org/W3044836212,,Q2,0.70956682,15,0.9469,closed,,published,OpenAlex
Chander Shekhar,0000-0003-4689-5172,105,Quarterly Review of Economics and Finance,Payout initiation by IPO firms: The choice between dividends and share repurchases,2009,3,Bharat A. Jain; Chander Shekhar; Violet Torbey,10.1016/j.qref.2009.09.003,https://doi.org/10.1016/j.qref.2009.09.003,https://openalex.org/W2021897627,B,Q2,0.94575697,35,4.2715,green,https://papers.ssrn.com/sol3/papers.cfm?abstract_id=1522967,published,OpenAlex
Chander Shekhar,0000-0003-4689-5172,105,Applied Financial Economics,Shell companies as IPO alternatives: an analysis of trading activity around reverse mergers,2007,3,Murat Aydoğdu; Chander Shekhar; Violet Torbey,10.1080/09603100600993752,https://doi.org/10.1080/09603100600993752,https://openalex.org/W1978714525,B,,0.83281015,27,0.5784,closed,,published,OpenAlex
Chander Shekhar,0000-0003-4689-5172,105,Journal of Banking & Finance,How much is too much? Large termination fees and target distress,2017,2,Jordan B. Neyland; Chander Shekhar,10.1016/j.jbankfin.2017.11.001,https://doi.org/10.1016/j.jbankfin.2017.11.001,https://openalex.org/W3123499954,A*,Q1,0.93157302,16,3.4445,closed,,published,OpenAlex
Chander Shekhar,0000-0003-4689-5172,105,Australian Journal of Management,Underpricing of Privatised IPOs: The Australian Experience,2001,2,Ning Gong; Chander Shekhar,10.1177/031289620102600201,https://doi.org/10.1177/031289620102600201,https://openalex.org/W2112799039,A,Q1,0.86414012,13,0.7273,closed,,published,OpenAlex
Chander Shekhar,0000-0003-4689-5172,105,Journal of Corporate Finance,The world cup in football and the US IPO market,2023,3,Sturla Lyngnes Fjesme; Jin Roc Lv; Chander Shekhar,10.1016/j.jcorpfin.2023.102410,https://doi.org/10.1016/j.jcorpfin.2023.102410,https://openalex.org/W4361293561,A*,Q1,0.78466321,5,1.1861,closed,,published,OpenAlex
Chander Shekhar,0000-0003-4689-5172,105,"Accounting, Organizations and Society",The profit versus loss heuristic and firm financing decisions,2013,2,Matt Pinnuck; Chander Shekhar,10.1016/j.aos.2013.09.003,https://doi.org/10.1016/j.aos.2013.09.003,https://openalex.org/W2002995634,A*,Q1,0.90549205,15,2.3297,closed,,published,OpenAlex
Chander Shekhar,0000-0003-4689-5172,105,International Review of Finance,The Causes and Consequences of Accelerated Stock Repurchases,2014,3,Ali C. Akyol; Jin S. Kim; Chander Shekhar,10.1111/irfi.12035,https://doi.org/10.1111/irfi.12035,https://openalex.org/W2578469083,A,Q2,0.94478729,12,3.9491,closed,,published,OpenAlex
Chander Shekhar,0000-0003-4689-5172,105,Australasian Accounting Business and Finance Journal,Super Behaviour: A Note on Young Australian Adults’ Engagement With Their Superannuation Accounts,2016,4,"Anderson, Malcolm; Martin Clark; Ian Ramsay; Chander Shekhar",10.14453/aabfj.v10i4.5,https://doi.org/10.14453/aabfj.v10i4.5,https://openalex.org/W2587302250,B,Q2,0.93654217,6,3.0714,diamond,https://ro.uow.edu.au/cgi/viewcontent.cgi?article=1743&context=aabfj,published,OpenAlex
Chander Shekhar,0000-0003-4689-5172,105,Economics Letters,The impact of social trust on loan grants and default risk: Evidence from China’s regional commercial banks during branching policy changes,2023,4,Mohan Fonseka; Grant Richardson; Chander Shekhar; Xing Yang,10.1016/j.econlet.2023.111218,https://doi.org/10.1016/j.econlet.2023.111218,https://openalex.org/W4380887693,A,Q2,0.79088083,5,1.1861,closed,,published,OpenAlex
Chander Shekhar,0000-0003-4689-5172,105,International Journal of Industrial Organization,Compulsory or voluntary pre-merger notification? Theory and some evidence,2009,2,Chongwoo Choe; Chander Shekhar,10.1016/j.ijindorg.2009.05.001,https://doi.org/10.1016/j.ijindorg.2009.05.001,https://openalex.org/W1579182594,A*,Q1,0.87731751,5,1.2205,green,https://papers.ssrn.com/sol3/papers.cfm?abstract_id=1541703,published,OpenAlex
Zhen Shi,,,Journal of Financial and Quantitative Analysis,Why Do Hedge Funds Avoid Disclosure? Evidence from Confidential 13F Filings,2013,3,George O. Aragon; Michael G. Hertzel; Zhen Shi,10.1017/s0022109013000483,https://doi.org/10.1017/s0022109013000483,https://openalex.org/W3121180581,A*,Q1,0.97915994,153,9.2257,closed,,published,OpenAlex
Zhen Shi,,,Journal of Financial Economics,The impact of portfolio disclosure on hedge fund performance,2017,1,Zhen Shi,10.1016/j.jfineco.2017.06.001,https://doi.org/10.1016/j.jfineco.2017.06.001,https://openalex.org/W3124680838,A*,Q1,0.94435547,55,4.3248,closed,,published,OpenAlex
Zhen Shi,,,Journal of Financial Economics,Who benefits in a crisis? Evidence from hedge fund stock and option holdings,2018,3,George O. Aragon; J. Spencer Martin; Zhen Shi,10.1016/j.jfineco.2017.09.008,https://doi.org/10.1016/j.jfineco.2017.09.008,https://openalex.org/W2584506842,A*,Q1,0.96065657,51,5.8121,closed,,published,OpenAlex
Zhen Shi,,,Journal of Banking & Finance,Short-horizon regulation for long-term investors,2012,2,Zhen Shi; Bas J. M. Werker,10.1016/j.jbankfin.2012.04.009,https://doi.org/10.1016/j.jbankfin.2012.04.009,https://openalex.org/W2038446623,A*,Q1,0.96178172,34,5.8621,closed,,published,OpenAlex
Zhen Shi,,,Journal of Financial and Quantitative Analysis,Liquidity Transformation and Financial Fragility: Evidence from Funds of Hedge Funds,2018,3,Vikas Agarwal; George O. Aragon; Zhen Shi,10.1017/s0022109018001369,https://doi.org/10.1017/s0022109018001369,https://openalex.org/W3122176734,A*,Q1,0.94204638,34,4.137,closed,,published,OpenAlex
Zhen Shi,,,Journal of Corporate Finance,Does improved disclosure lead to higher executive compensation? Evidence from the conversion to IFRS and the dual-class share system in China,2017,2,Lu Jun; Zhen Shi,10.1016/j.jcorpfin.2017.11.004,https://doi.org/10.1016/j.jcorpfin.2017.11.004,https://openalex.org/W3125304611,A*,Q1,0.93178963,25,3.4445,closed,,published,OpenAlex
Zhen Shi,,,Journal of Risk and Insurance,M ANAGING F INANCIALLY D ISTRESSED P ENSION P LANS IN THE I NTEREST OF B ENEFICIARIES,2017,3,Joachim Inkmann; David P. Blake; Zhen Shi,10.1111/jori.12090,https://doi.org/10.1111/jori.12090,https://openalex.org/W2114402757,A,Q1,0.94789824,11,4.3499,closed,,published,OpenAlex
Zhen Shi,,,Journal of Pension Economics and Finance,Life-cycle patterns in the design and adoption of default funds in DC pension plans*,2016,2,Joachim Inkmann; Zhen Shi,10.1017/s1474747214000511,https://doi.org/10.1017/s1474747214000511,https://openalex.org/W3122474402,B,Q2,0.86300357,6,0.8549,bronze,https://www.cambridge.org/core/services/aop-cambridge-core/content/view/B8942995635D8E323A2CDE5D752E0235/S1474747214000511a.pdf/div-class-title-life-cycle-patterns-in-the-design-and-adoption-of-default-funds-in-dc-pension-plans-a-href-fns01-ref-type-fn-a-div.pdf,published,OpenAlex
Zhen Shi,,,International Review of Finance,Parametric Portfolio Policies in the Surplus Consumption Ratio,2015,2,Joachim Inkmann; Zhen Shi,10.1111/irfi.12049,https://doi.org/10.1111/irfi.12049,https://openalex.org/W1508616567,A,Q2,0.03843533,3,0.0,closed,,published,OpenAlex
Zhen Shi,,,The Journal of Portfolio Management,"Style Investing, Mutual Fund Flows, and Return Comovement",2024,1,Zhen Shi,10.3905/jpm.2024.1.661,https://doi.org/10.3905/jpm.2024.1.661,https://openalex.org/W4405835258,A,Q2,0.68336682,1,0.3889,closed,,published,OpenAlex
Ekaterina Volkova,0000-0002-6589-0433,133551,The Journal of Finance,Regulatory Fragmentation,2025,3,Joseph Kalmenovitz; Michelle B. Lowry; Ekaterina Volkova,10.1111/jofi.13423,https://doi.org/10.1111/jofi.13423,https://openalex.org/W4406976454,A*,Q1,0.99877361,52,43.3666,bronze,https://onlinelibrary.wiley.com/doi/pdfdirect/10.1111/jofi.13423,published,OpenAlex
Xiaoting Wei,0000-0001-6490-9967,,International Review of Finance,Equity analysts' recommendation revisions and corporate bond price reactions,2021,2,Xiaoting Wei; Viet Do,10.1111/irfi.12364,https://doi.org/10.1111/irfi.12364,https://openalex.org/W3193612443,A,Q2,0.16059642,0,0.0,closed,,published,OpenAlex
Nitin Yadav,0000-0003-0132-1028,127160,Feminist Economics,No Interest: The Marginalization of Women in Academic Finance,2025,3,Cordelia Fine; Nitin Yadav; Carsten Murawski,10.1080/13545701.2025.2483823,https://doi.org/10.1080/13545701.2025.2483823,https://openalex.org/W4411218924,A,Q1,0.11961253,0,0.0,hybrid,https://www.tandfonline.com/doi/pdf/10.1080/13545701.2025.2483823?needAccess=true,published,OpenAlex
Jun Yu,0000-0003-2360-5873,,Econometric Reviews,Empirical Characteristic Function Estimation and Its Applications,2004,1,Jun Yu,10.1081/etc-120039605,https://doi.org/10.1081/etc-120039605,https://openalex.org/W3124075218,A,Q2,0.95007789,182,4.5131,closed,,published,OpenAlex
Jun Yu,0000-0003-2360-5873,,Review of Finance,Leasing as a Mitigation of Financial Accelerator Effects,2023,2,Kai Li; Jun Yu,10.1093/rof/rfad004,https://doi.org/10.1093/rof/rfad004,https://openalex.org/W4321471188,A*,Q1,0.95021105,18,5.0547,bronze,https://academic.oup.com/rof/advance-article-pdf/doi/10.1093/rof/rfad004/49278298/rfad004.pdf,published,OpenAlex
Jun Yu,0000-0003-2360-5873,,Econometrics Journal,A Gaussian approach for continuous time models of the short-term interest rate,2001,2,Jun Yu; Peter C.B. Phillips,10.1111/1368-423x.00063,https://doi.org/10.1111/1368-423x.00063,https://openalex.org/W1980574498,A*,Q1,0.83222243,66,1.1181,green,https://ink.library.smu.edu.sg/cgi/viewcontent.cgi?article=1500&amp;amp;context=soe_research,published,OpenAlex
Jun Yu,0000-0003-2360-5873,,Journal of Time Series Analysis,Fractional stochastic volatility model,2024,3,Shuping Shi; Xiaobin Liu; Jun Yu,10.1111/jtsa.12749,https://doi.org/10.1111/jtsa.12749,https://openalex.org/W4397008985,A,Q1,0.93748049,13,3.8992,hybrid,https://doi.org/10.1111/jtsa.12749,published,OpenAlex
Jun Yu,0000-0003-2360-5873,,Economic Modelling,Catastrophe options with double compound Poisson processes,2015,1,Jun Yu,10.1016/j.econmod.2015.07.006,https://doi.org/10.1016/j.econmod.2015.07.006,https://openalex.org/W1423823647,A,Q1,0.95362462,13,5.4402,closed,,published,OpenAlex
Jun Yu,0000-0003-2360-5873,,Journal of Econometrics,On the spectral density of fractional Ornstein–Uhlenbeck processes,2024,3,Shuping Shi; Jun Yu; Chen Zhang,10.1016/j.jeconom.2024.105872,https://doi.org/10.1016/j.jeconom.2024.105872,https://openalex.org/W4403672779,A*,Q1,0.89278857,6,2.3334,hybrid,https://doi.org/10.1016/j.jeconom.2024.105872,published,OpenAlex
Jun Yu,0000-0003-2360-5873,,Econometric Reviews,Latent local-to-unity models,2023,2,Xiaohu Wang; Jun Yu,10.1080/07474938.2023.2215034,https://doi.org/10.1080/07474938.2023.2215034,https://openalex.org/W3164002361,A,Q2,0.69101647,5,0.7119,green,https://ink.library.smu.edu.sg/cgi/viewcontent.cgi?article=1003&amp;amp;context=soe_working_paper,published,OpenAlex
Jun Yu,0000-0003-2360-5873,,Journal of Time Series Analysis,Fractional Gaussian Noise: Spectral Density and Estimation Methods,2024,3,Shuping Shi; Jun Yu; Chen Zhang,10.1111/jtsa.12750,https://doi.org/10.1111/jtsa.12750,https://openalex.org/W4398174535,A,Q1,0.85858451,5,1.9445,hybrid,https://doi.org/10.1111/jtsa.12750,published,OpenAlex
Jun Yu,0000-0003-2360-5873,,Tourism Management,Terrorism clusters and inbound tourism flows: Unravelling the complex relationship using panel data and explainable machine learning,2025,6,Kun Zhang; Chaowu Xie; Hai Tao Zhu; Jiangchi Zhang; Jun Yu; Songshan Sam Huang,10.1016/j.tourman.2025.105355,https://doi.org/10.1016/j.tourman.2025.105355,https://openalex.org/W4416537446,A*,Q1,0.93971054,2,3.8196,closed,,published,OpenAlex
Jun Yu,0000-0003-2360-5873,,New Zealand Economic Papers,Testing the expectations theory of the term structure for New Zealand,1999,3,Graeme Guthrie; Julian Wright; Jun Yu,10.1080/00779959909544299,https://doi.org/10.1080/00779959909544299,https://openalex.org/W2068829753,B,Q3,0.87871957,12,1.6507,green,https://ink.library.smu.edu.sg/soe_research/124,published,OpenAlex
Jun Yu,0000-0003-2360-5873,,Asia-Pacific Financial Markets,Optimal Asset-Liability Management for an Insurer Under Markov Regime Switching Jump-Diffusion Market,2014,1,Jun Yu,10.1007/s10690-014-9187-6,https://doi.org/10.1007/s10690-014-9187-6,https://openalex.org/W2086346897,C,Q2,0.79789429,12,0.8288,closed,,published,OpenAlex
Jun Yu,0000-0003-2360-5873,,Journal of Computational Finance,On stiffness in affine asset pricing models,2007,2,Shirley Huang; Jun Yu,10.21314/jcf.2007.173,https://doi.org/10.21314/jcf.2007.173,https://openalex.org/W3123913109,C,Q3,0.86601942,11,1.5428,closed,,published,OpenAlex
Jun Yu,0000-0003-2360-5873,,International Economic Review,A PANEL CLUSTERING APPROACH TO ANALYZING BUBBLE BEHAVIOR,2023,3,Yanbo Liu; Peter C.B. Phillips; Jun Yu,10.1111/iere.12647,https://doi.org/10.1111/iere.12647,https://openalex.org/W4378378858,A*,Q1,0.82908201,3,0.892,bronze,https://onlinelibrary.wiley.com/doi/pdfdirect/10.1111/iere.12647,published,OpenAlex
Jun Yu,0000-0003-2360-5873,,The Electronic Journal of Statistics,Asymptotic theory for explosive fractional Ornstein-Uhlenbeck processes,2024,5,Hui Jiang; Yajuan Pan; Weilin Xiao; Qingshan Yang; Jun Yu,10.1214/24-ejs2293,https://doi.org/10.1214/24-ejs2293,https://openalex.org/W4403548720,A,Q1,0.61315842,2,0.5414,gold,https://projecteuclid.org/journals/electronic-journal-of-statistics/volume-18/issue-2/Asymptotic-theory-for-explosive-fractional-Ornstein-Uhlenbeck-processes/10.1214/24-EJS2293.pdf,published,OpenAlex
Jun Yu,0000-0003-2360-5873,,Journal of Econometrics,Maximum likelihood estimation of partially observed diffusion models,2014,3,Tore Selland Kleppe; Jun Yu; Hans Julius Skaug,10.1016/j.jeconom.2014.02.002,https://doi.org/10.1016/j.jeconom.2014.02.002,https://openalex.org/W1998322595,A*,Q1,0.69616037,6,0.6029,green,https://ink.library.smu.edu.sg/cgi/viewcontent.cgi?article=2796&context=soe_research,published,OpenAlex
Jun Yu,0000-0003-2360-5873,,The Journal of Fixed Income,Two-Factor Convertible Bond Pricing with Pull-to-Par,2024,2,Michael J. Tomas; Jun Yu,10.3905/jfi.2024.1.184,https://doi.org/10.3905/jfi.2024.1.184,https://openalex.org/W4395465794,A,Q2,0.06296544,0,0.0,closed,,published,OpenAlex
Jun Yu,0000-0003-2360-5873,,Economics Letters,A note on the asymptotic unbiasedness of Akaike information criterion,2026,4,Yong Li; Zhou Wu; Jun Yu; Tao Zeng,10.1016/j.econlet.2026.113191,https://doi.org/10.1016/j.econlet.2026.113191,https://openalex.org/W7125678119,A,Q2,0.06723509,0,0.0,green,https://doi.org/10.2139/ssrn.6135339,published,OpenAlex
Qi Zeng,0000-0003-1228-0794,11502,Journal of Financial Economics,Stock returns and the Miller Modigliani valuation formula: Revisiting the Fama French analysis,2013,3,Gil Aharoni; Bruce D. Grundy; Qi Zeng,10.1016/j.jfineco.2013.08.003,https://doi.org/10.1016/j.jfineco.2013.08.003,https://openalex.org/W3121430340,A*,Q1,0.97669081,180,8.4561,closed,,published,OpenAlex
Qi Zeng,0000-0003-1228-0794,11502,The Journal of Portfolio Management,Beyond the Central Tendency: Quantile Regression as a Tool in Quantitative Investing,2009,3,Chris Gowlland; Zhijie Xiao; Qi Zeng,10.3905/jpm.2009.35.3.106,https://doi.org/10.3905/jpm.2009.35.3.106,https://openalex.org/W2102457310,A,Q2,0.97312872,28,8.8919,closed,,published,OpenAlex
Qi Zeng,0000-0003-1228-0794,11502,Review of Income and Wealth,"Consumption, Income, and Wealth: Evidence from Age, Cohort, and Period Elasticities",2015,2,GUAY C. LIM; Qi Zeng,10.1111/roiw.12182,https://doi.org/10.1111/roiw.12182,https://openalex.org/W2072684801,A,Q1,0.87286162,12,1.0933,closed,,published,OpenAlex
Qi Zeng,0000-0003-1228-0794,11502,Emerging Markets Finance and Trade,The Unintended Consequences of Regulations in Emerging Financial Markets: Evidence from the Chinese IPO Market,2020,4,Yan Zhang; François Derrien; Xiaohui Wu; Qi Zeng,10.1080/1540496x.2019.1689118,https://doi.org/10.1080/1540496x.2019.1689118,https://openalex.org/W2582615119,B,Q1,0.70718302,6,0.6101,closed,,published,OpenAlex
Qi Zeng,0000-0003-1228-0794,11502,Accounting and Finance,Testing the growth option theory: the profitability of enhanced momentum strategies in Australia,2011,3,Gil Aharoni; Tuan Quoc Ho; Qi Zeng,10.1111/j.1467-629x.2011.00401.x,https://doi.org/10.1111/j.1467-629x.2011.00401.x,https://openalex.org/W2014540987,A,Q1,0.87797985,8,1.3259,closed,,published,OpenAlex
Qi Zeng,0000-0003-1228-0794,11502,Pacific-Basin Finance Journal,Venture capitalists' value-enhancing activities under weak protection of law,2017,4,Hui Li; Xiaohui Wu; Ying Ye; Qi Zeng,10.1016/j.pacfin.2017.12.006,https://doi.org/10.1016/j.pacfin.2017.12.006,https://openalex.org/W3125477534,A,Q1,0.80845211,4,0.5741,closed,,published,OpenAlex
Qi Zeng,0000-0003-1228-0794,11502,The Economic Record,Retail Investor Trading Intentions: New Evidence from Australia*,2023,3,Sarantis Tsiaplias; Qi Zeng; GUAY C. LIM,10.1111/1475-4932.12752,https://doi.org/10.1111/1475-4932.12752,https://openalex.org/W4382723500,A,Q2,0.55243523,1,0.2372,hybrid,https://onlinelibrary.wiley.com/doi/pdfdirect/10.1111/1475-4932.12752,published,OpenAlex
Qi Zeng,0000-0003-1228-0794,11502,The Economic Record,Asset Pricing Theory,2011,1,Qi Zeng,10.1111/j.1475-4932.2011.00756.x,https://doi.org/10.1111/j.1475-4932.2011.00756.x,https://openalex.org/W2317748196,A,Q2,0.24030029,0,0.0,closed,,published,OpenAlex
Zhuo Zhong,0000-0001-6251-2552,54898,The Review of Financial Studies,Innovation and Informed Trading: Evidence from Industry ETFs,2020,3,Shiyang Huang; Maureen O’Hara; Zhuo Zhong,10.1093/rfs/hhaa077,https://doi.org/10.1093/rfs/hhaa077,https://openalex.org/W2789844520,A*,Q1,0.99144934,141,13.9252,closed,,published,OpenAlex
Zhuo Zhong,0000-0001-6251-2552,54898,Journal of Financial Economics,"Inverted fee structures, tick size, and market quality",2019,3,Carole Comerton‐Forde; Vincent Grégoire; Zhuo Zhong,10.1016/j.jfineco.2019.03.005,https://doi.org/10.1016/j.jfineco.2019.03.005,https://openalex.org/W2899431133,A*,Q1,0.98939084,82,12.2654,closed,,published,OpenAlex
Zhuo Zhong,0000-0001-6251-2552,54898,Review of Asset Pricing Studies,Relative Tick Size and the Trading Environment,2018,3,Maureen O’Hara; Gideon Saar; Zhuo Zhong,10.1093/rapstu/ray009,https://doi.org/10.1093/rapstu/ray009,https://openalex.org/W3124383243,A*,Q1,0.98426851,84,9.9287,closed,,published,OpenAlex
Zhuo Zhong,0000-0001-6251-2552,54898,Pacific-Basin Finance Journal,Pre-trade transparency in over-the-counter bond markets,2016,2,Fan Chen; Zhuo Zhong,10.1016/j.pacfin.2016.08.001,https://doi.org/10.1016/j.pacfin.2016.08.001,https://openalex.org/W3123982978,A,Q1,0.75955593,6,0.4134,closed,,published,OpenAlex
Zhuo Zhong,0000-0001-6251-2552,54898,Australian Journal of Management,Liquidity shocks and pension fund performance: Evidence from early access,2022,3,James Brugler; Minsoo Kim; Zhuo Zhong,10.1177/03128962221127804,https://doi.org/10.1177/03128962221127804,https://openalex.org/W4307871435,A,Q1,0.76259824,3,0.8299,closed,,published,OpenAlex
Zhuo Zhong,0000-0001-6251-2552,54898,Higher education of social science,To Strengthen Campus Cultural Construction in Institutions of Science and Engineering to Promote Ideological and Political Education of College Students,2015,1,Zhuo Zhong,10.3968/6256,https://doi.org/10.3968/6256,https://openalex.org/W1584038376,,,0.91478577,6,2.8955,green,http://www.cscanada.net/index.php/hess/article/download/6256/pdf_174,published,OpenAlex
Zhuo Zhong,0000-0001-6251-2552,54898,Journal of Financial Markets,Reducing opacity in over-the-counter markets,2015,1,Zhuo Zhong,10.1016/j.finmar.2015.06.004,https://doi.org/10.1016/j.finmar.2015.06.004,https://openalex.org/W3122644458,A*,Q1,0.7728949,5,0.4448,closed,,published,OpenAlex
Zhuo Zhong,0000-0001-6251-2552,54898,Higher education of social science,Research on the Education and Training of College Student Party Members,2015,1,Zhuo Zhong,10.3968/6275,https://doi.org/10.3968/6275,https://openalex.org/W1862805789,,,0.09194013,1,0.0,green,http://www.cscanada.net/index.php/hess/article/download/6275/pdf_164,published,OpenAlex
Zhuo Zhong,0000-0001-6251-2552,54898,Higher education of social science,A Research on Methods of Cultivating Non-intelligence Factors in Ideological and Political Education of Higher Education Institutions,2014,2,Liang Cui; Zhuo Zhong,10.3968/5303,https://doi.org/10.3968/5303,https://openalex.org/W1893222170,,,0.1880642,1,0.0,green,http://www.cscanada.net/index.php/hess/article/download/5303/pdf_101,published,OpenAlex
Zhuo Zhong,0000-0001-6251-2552,54898,Journal of Electronic Materials,MoS2 Loaded on SbVO4@Co to Improve Its (Photo)electrocatalytic Performance,2023,6,Xiaojia Chen; Long Cheng; Zhuo Zhong; Jie Li; Haihua Yang; Li Zhang,10.1007/s11664-023-10706-1,https://doi.org/10.1007/s11664-023-10706-1,https://openalex.org/W4386863778,,Q2,0.23349879,1,0.0471,closed,,published,OpenAlex
Asjeet Lamba,0000-0002-7541-967X,2727,Australian Journal of Corporate Law,Comparing share buybacks in highly regulated and less regulated market environments,2005,2,"LAMBA, A; RAMSAY, IM",,https://hdl.handle.net/11343/29546,https://hdl.handle.net/11343/29546,A,,,,,,,published,UniMelb Minerva
Asjeet Lamba,0000-0002-7541-967X,2727,Journal of Business and Policy Research,International joint ventures and political risk,2005,3,"JANAKIRAMANAN, SJ; LAMBA, A; BAILEY, JB",,https://hdl.handle.net/11343/29531,https://hdl.handle.net/11343/29531,,,,,,,,published,UniMelb Minerva
Carole Comerton-Forde,0000-0002-1618-0371,25276,JASSA: The Finsia Journal of Applied Finance,Is Australia HFT-friendly?,2012,1,"Comerton-Forde, C",,https://www.finsia.com/docs/default-source/jassa-new/jassa-2012/jassa-2012-issue-3/is-australia-hft-friendly.pdf?sfvrsn=5,https://www.finsia.com/docs/default-source/jassa-new/jassa-2012/jassa-2012-issue-3/is-australia-hft-friendly.pdf?sfvrsn=5,B,,,,,,,published,UniMelb Minerva
Eu-Jin Teo,0000-0002-7196-5462,942,Australian Tax Forum,"Clash of the Deeming Provisions: Pre-Capital Gains Tax Concessions, Tax Consolidation and Policy in the Federal Court",2016,3,"TEO, E; Barros, C; Hinchliffe, SA",,https://hdl.handle.net/11343/128043,https://hdl.handle.net/11343/128043,A*,,,,,,,published,UniMelb Minerva
Naomi Soderstrom,0000-0001-7602-9182,5569,Chinese Management Accounting Review,The Management Accounting (R)Evolution in Sustainability Reporting,2020,3,"Soderstrom, N; Khan, A; Solano, RA",,https://hdl.handle.net/11343/258504,https://hdl.handle.net/11343/258504,,,,,,,,published,UniMelb Minerva
Margaret Abernethy,0000-0002-1244-7593,4757,Dialnet (Universidad de la Rioja),"BUDGET USE, TASK UNCERTAINTY, SYSTEM GOAL ORIENTATION AND SUBUNIT PERFORMANCE: A TEST OF THE...",1991,2,Margaret A. Abernethy; Johannes U Stoelwinder,,https://openalex.org/W1594915923,https://openalex.org/W1594915923,,,,,,,,published,OpenAlex
Margaret Abernethy,0000-0002-1244-7593,4757,Strategic finance,Growth Mind-Set vs. Fixed Mind-Set Managers,2021,4,Margaret A. Abernethy; Shannon W. Anderson; Sujay Nair; Yile Anson Jiang,,https://openalex.org/W3213570181,https://openalex.org/W3213570181,,,,,,,,published,OpenAlex
Margaret Abernethy,0000-0002-1244-7593,4757,PubMed,Models for costing patient care services. Part 1: Costing diagnostic laboratory services.,1987,3,P Gray; Margaret A. Abernethy; Johannes U Stoelwinder,,https://openalex.org/W86149929,https://openalex.org/W86149929,,,,,,,,published,OpenAlex
Margaret Abernethy,0000-0002-1244-7593,4757,PubMed,Clinical costing at the Queen Victoria Medical Centre.,1986,5,J U Stoelwinder; Stephenson Lg; Wallace Pg; Margaret A. Abernethy; Putt Cm,,https://openalex.org/W2413707460,https://openalex.org/W2413707460,,,,,,,,published,OpenAlex
Margaret Abernethy,0000-0002-1244-7593,4757,PubMed,Management information systems in public hospitals. Introduction.,1986,2,Margaret A. Abernethy; J U Stoelwinder,,https://openalex.org/W2461508974,https://openalex.org/W2461508974,,,,,,,,published,OpenAlex
Margaret Abernethy,0000-0002-1244-7593,4757,PubMed,Physicians and effective resource management.,1991,1,Margaret A. Abernethy,,https://openalex.org/W2463352587,https://openalex.org/W2463352587,,,,,,,,published,OpenAlex
Margaret Abernethy,0000-0002-1244-7593,4757,PubMed,Models for costing patient care services. Part 2: Costing organ imaging services.,1988,3,PA Gray; Margaret A. Abernethy; J U Stoelwinder,,https://openalex.org/W2437945420,https://openalex.org/W2437945420,,,,,,,,published,OpenAlex
Margaret Abernethy,0000-0002-1244-7593,4757,PubMed,"Models for costing patient care services, Part 3. Costing operating theatre procedures.",1988,3,A Magnus; Margaret A. Abernethy; Johannes U Stoelwinder,,https://openalex.org/W2412953773,https://openalex.org/W2412953773,,,,,,,,published,OpenAlex
Margaret Abernethy,0000-0002-1244-7593,4757,DigitalGeorgetown (Georgetown University Library),Costing Nursing Services,1991,3,"Margaret A. Abernethy; Magnus, Anne; and Stoelwinder, Johannes U.",,https://openalex.org/W2997244981,https://openalex.org/W2997244981,,,,,,,,published,OpenAlex
Gary Biddle,0000-0003-3405-0738,120646,The Accounting Review,Designing for Growth: A Design Thinking Tool Kit for Managers,2016,1,Gary C. Biddle,,https://openalex.org/W3016721700,https://openalex.org/W3016721700,A*,Q1,,,,,,published,OpenAlex
Gary Biddle,0000-0003-3405-0738,120646,The HKU Scholars Hub (University of Hong Kong),Paying FIFO taxes: your favorite charity?,1981,1,Gary C. Biddle,,https://openalex.org/W2291510528,https://openalex.org/W2291510528,,,,,,,,published,OpenAlex
Gary Biddle,0000-0003-3405-0738,120646,The Accounting Review,Designing for Growth: Field Book,2016,1,Gary C. Biddle,,https://openalex.org/W3009306291,https://openalex.org/W3009306291,A*,Q1,,,,,,published,OpenAlex
Gary Biddle,0000-0003-3405-0738,120646,The HKU Scholars Hub (University of Hong Kong),Taking stock of inventory accounting choices,1982,1,Gary C. Biddle,,https://openalex.org/W2273500984,https://openalex.org/W2273500984,,,,,,,,published,OpenAlex
Gary Biddle,0000-0003-3405-0738,120646,The HKU Scholars Hub (University of Hong Kong),Get ready for a stock market collapse,2007,1,Gary C. Biddle,,https://openalex.org/W2277791810,https://openalex.org/W2277791810,,,,,,,,published,OpenAlex
Gary Biddle,0000-0003-3405-0738,120646,The HKU Scholars Hub (University of Hong Kong),Making Hong Kong the smartest city in China,2004,1,Gary C. Biddle,,https://openalex.org/W2281670268,https://openalex.org/W2281670268,,,,,,,,published,OpenAlex
Gary Biddle,0000-0003-3405-0738,120646,The HKU Scholars Hub (University of Hong Kong),"Spend more, not less, on universities",2003,1,Gary C. Biddle,,https://openalex.org/W2281982717,https://openalex.org/W2281982717,,,,,,,,published,OpenAlex
Gary Biddle,0000-0003-3405-0738,120646,PubMed,China: a personal report.,1983,1,Gary C. Biddle,,https://openalex.org/W2404416786,https://openalex.org/W2404416786,,,,,,,,published,OpenAlex
Gary Biddle,0000-0003-3405-0738,120646,Dialnet (Universidad de la Rioja),Designing for Growth: A Design Thinking Tool Kit for Managers/Designing for Growth: Field Book.,2016,1,Gary C. Biddle,,https://openalex.org/W2564674139,https://openalex.org/W2564674139,,,,,,,,published,OpenAlex
Gary Biddle,0000-0003-3405-0738,120646,Dialnet (Universidad de la Rioja),"Institutional Investor Activism: Hedge Funds and Private Equity, Economics and Regulation.",2016,1,Gary C. Biddle,,https://openalex.org/W2564990287,https://openalex.org/W2564990287,,,,,,,,published,OpenAlex
Gary Biddle,0000-0003-3405-0738,120646,The Accounting Review,"Corporate Financial Disclosure, 1900-1933 - Hawkins,DF",1988,1,Gary C. Biddle,,https://openalex.org/W3034263322,https://openalex.org/W3034263322,A*,Q1,,,,,,published,OpenAlex
Gary Biddle,0000-0003-3405-0738,120646,The HKU Scholars Hub (University of Hong Kong),Beware wealth's flight to safety in turbulent 2012,2012,1,Gary C. Biddle,,https://openalex.org/W99825243,https://openalex.org/W99825243,,,,,,,,published,OpenAlex
Stuart Black,0000-0002-5391-256X,164026,Journal of the Association for Information Systems,Opportunity or threat: Board perspectives on the secondary use of data,2020,4,Stuart Black; Michael J. Davern; Sean B. Maynard; Humza Naseer,,https://openalex.org/W3032939329,https://openalex.org/W3032939329,A*,Q1,,,,,,published,OpenAlex
Jonathan Black,0000-0001-9805-5672,182928,Public finance,Taxation and High Risk Ventures: Some Results Using an Expected Utility Approach,1982,1,Jonathan Black,,https://openalex.org/W1812854723,https://openalex.org/W1812854723,,,,,,,,published,OpenAlex
Jonathan Black,0000-0001-9805-5672,182928,ScholarSpace (University of Hawaii at Manoa),When are Fair Value Estimates Comparable? Evidence from the SFAS No. 157 Fair Value Hierarchy,2017,3,Jonathan Black; Jeff Chen; Marc Cussatt,,https://openalex.org/W2781910904,https://openalex.org/W2781910904,,,,,,,,published,OpenAlex
Albie Brooks,,,Company and Securities Law Journal,Auditor Independence Reforms: Audit Committee Members' Views,2005,4,Albie Brooks; Keryn Chalmers; Judy Oliver; Angelo Veljanovski,,https://openalex.org/W1586913968,https://openalex.org/W1586913968,A,,,,,,,published,OpenAlex
Albie Brooks,,,Australian Journal of Corporate Law,Independent Directors and Australia's Corporate Governance Model: A Survey of Independent Directors' Views,2009,3,Angelo Veljanovski; Albie Brooks; Judy Oliver,,https://openalex.org/W2122103838,https://openalex.org/W2122103838,A,,,,,,,published,OpenAlex
Albie Brooks,,,Company and Securities Law Journal,Auditor independence: view of audit committee members,2005,4,Albie Brooks; Keryn Chalmers; Judy Oliver; Angelo Veljanovski,,https://openalex.org/W2337310224,https://openalex.org/W2337310224,A,,,,,,,published,OpenAlex
Geoffrey Burrows,,11110,International Review of Business Research Papers,The inflation accounting cycle: A British-Australian Comparative Perspective 1973-85,2010,2,Geoff H. Burrows; Tom Rowles,,https://openalex.org/W55844239,https://openalex.org/W55844239,,,,,,,,published,OpenAlex
Geoffrey Burrows,,11110,Australian Accounting Research Foundation eBooks,A review of the Australlian Accounting Standards on inventories,1993,1,Geoff H. Burrows,,https://openalex.org/W645703770,https://openalex.org/W645703770,,,,,,,,published,OpenAlex
Phill Cobbin,0000-0002-1117-7341,,Accounting History,A chronological listing of articles on Australian Accounting Education Literature published between 1960 and 1994,1994,1,Phillip E. Cobbin,,https://openalex.org/W3007007943,https://openalex.org/W3007007943,A,Q1,,,,,,published,OpenAlex
Michael Davern,0000-0002-9572-812X,4743,Journal of the Association for Information Systems,When Good Fit is Bad: The Dynamics of Perceived Fit.,1996,1,Michael J. Davern,,https://openalex.org/W1539914922,https://openalex.org/W1539914922,A*,Q1,,,,,,published,OpenAlex
Michael Davern,0000-0002-9572-812X,4743,Journal of the Association for Information Systems,Transaction-Driven Personalization: The Moderating Effects of Personality Traits,2007,3,Shuk Ying Ho; Kar Yan Tam; Michael J. Davern,,https://openalex.org/W1543958356,https://openalex.org/W1543958356,A*,Q1,,,,,,published,OpenAlex
Michael Davern,0000-0002-9572-812X,4743,Journal of the Association for Information Systems,Science and the IS Researcher: Building an Empire Without Walls,1997,2,Michael J. Davern; Christopher L. Carr,,https://openalex.org/W1174813795,https://openalex.org/W1174813795,A*,Q1,,,,,,published,OpenAlex
Michael Davern,0000-0002-9572-812X,4743,Journal of the Association for Information Systems,Innovation with Information Systems: An Appropriation Perspective,2004,2,Michael J. Davern; Carla L. Wilkin,,https://openalex.org/W128764546,https://openalex.org/W128764546,A*,Q1,,,,,,published,OpenAlex
Michael Davern,0000-0002-9572-812X,4743,Journal of the Association for Information Systems,Opportunity or threat: Board perspectives on the secondary use of data,2020,4,Stuart Black; Michael J. Davern; Sean B. Maynard; Humza Naseer,,https://openalex.org/W3032939329,https://openalex.org/W3032939329,A*,Q1,,,,,,published,OpenAlex
Michael Davern,0000-0002-9572-812X,4743,Journal of the Association for Information Systems,Enhancing Fairness In Algorithmic Decision-Making Through Perspective Taking,2020,3,Sadaf Afrashteh; Michael J. Davern; Ida Someh,,https://openalex.org/W3026886070,https://openalex.org/W3026886070,A*,Q1,,,,,,published,OpenAlex
Michael Davern,0000-0002-9572-812X,4743,Journal of the Association for Information Systems,User Behavior and Decision Making: The role of decisional Guidance in Decision Support,2008,2,Alison Parkes; Michael J. Davern,,https://openalex.org/W1559159290,https://openalex.org/W1559159290,A*,Q1,,,,,,published,OpenAlex
Patrick Ferguson,0000-0003-2376-5463,59488,eScholarship (California Digital Library),INVARIANT LINE STRAIN AND NEEDLE-PRECIPITATE GROWTH DIRECTIONS,1983,3,Uli Dahmen; Patrick J. Ferguson; Kenneth H. Westmacott,,https://openalex.org/W2782572953,https://openalex.org/W2782572953,,,,,,,,published,OpenAlex
Patrick Ferguson,0000-0003-2376-5463,59488,Cardinal Scholar (Ball State University),Abundance of pharmaceuticals and personal care products in near-shore habitats of Lake Michigan,2012,1,Patrick J. Ferguson,,https://openalex.org/W897830082,https://openalex.org/W897830082,,,,,,,,published,OpenAlex
Jennifer Grafton,0000-0003-3545-3870,8626,Youth studies Australia,"Political correctness, surface tension and passive racism: a preliminary analysis of students' lived experiences of cultural diversity at the University of Melbourne.",2000,2,Joanne Lye; Jennifer Grafton,,https://openalex.org/W2992162615,https://openalex.org/W2992162615,,,,,,,,published,OpenAlex
Flora Kuang,0000-0001-5095-4118,,Management control & accounting,The impact of independent directors' compensation on the quality of supervision,2008,2,T.L.C.M. Groot; Yu Flora Kuang,,https://openalex.org/W1546487250,https://openalex.org/W1546487250,,,,,,,,published,OpenAlex
Flora Kuang,0000-0001-5095-4118,,Management control & accounting,Managerial manipulation and the impact of regulatory intervention at stock option grants: The UK evidence,2009,2,Yu Flora Kuang; de K. Kater,,https://openalex.org/W2111907729,https://openalex.org/W2111907729,,,,,,,,published,OpenAlex
Flora Kuang,0000-0001-5095-4118,,Management control & accounting,The influence of managerial power on the choice of performance targets in incentive contracts,2012,2,Yu Flora Kuang; Bo Qin,,https://openalex.org/W2536854772,https://openalex.org/W2536854772,,,,,,,,published,OpenAlex
Flora Kuang,0000-0001-5095-4118,,Management control & accounting,CEO overconfidence and cost stickiness,2015,3,Bo Qin; Asna Warsha Mohan; Yu Flora Kuang,,https://openalex.org/W3123935579,https://openalex.org/W3123935579,,,,,,,,published,OpenAlex
Flora Kuang,0000-0001-5095-4118,,Management control & accounting,Does stock option compensation encourage managerial risk taking,2008,2,Yu Flora Kuang; Henri C. Dekker,,https://openalex.org/W1692024738,https://openalex.org/W1692024738,,,,,,,,published,OpenAlex
Flora Kuang,0000-0001-5095-4118,,Management control & accounting,The development of accounting standards on stock option compensation,2010,2,Yu Flora Kuang; S. Gomethvrakurn,,https://openalex.org/W1907247854,https://openalex.org/W1907247854,,,,,,,,published,OpenAlex
Flora Kuang,0000-0001-5095-4118,,Management control & accounting,The 2007 credit crisis and CEO risk-taking incentives in US financial sector,2011,2,Yu Flora Kuang; B. Qin,,https://openalex.org/W2120422864,https://openalex.org/W2120422864,,,,,,,,published,OpenAlex
Flora Kuang,0000-0001-5095-4118,,Management control & accounting,Credit ratings and managerial incentives,2009,2,Yu Flora Kuang; Bo Qin,,https://openalex.org/W2779621796,https://openalex.org/W2779621796,,,,,,,,published,OpenAlex
Derick Lyle,,,OSTI OAI (U.S. Department of Energy Office of Scientific and Technical Information),Setting a new course,1999,1,Derick Lyle,,https://openalex.org/W113119580,https://openalex.org/W113119580,,,,,,,,published,OpenAlex
Sujay Nair,0000-0002-1506-6921,1904,Strategic finance,Growth Mind-Set vs. Fixed Mind-Set Managers,2021,4,Margaret A. Abernethy; Shannon W. Anderson; Sujay Nair; Yile Anson Jiang,,https://openalex.org/W3213570181,https://openalex.org/W3213570181,,,,,,,,published,OpenAlex
Bo Qin,0000-0001-5817-1169,115157,Management control & accounting,The influence of managerial power on the choice of performance targets in incentive contracts,2012,2,Yu Flora Kuang; Bo Qin,,https://openalex.org/W2536854772,https://openalex.org/W2536854772,,,,,,,,published,OpenAlex
Bo Qin,0000-0001-5817-1169,115157,Management control & accounting,CEO overconfidence and cost stickiness,2015,3,Bo Qin; Asna Warsha Mohan; Yu Flora Kuang,,https://openalex.org/W3123935579,https://openalex.org/W3123935579,,,,,,,,published,OpenAlex
Bo Qin,0000-0001-5817-1169,115157,University of Groningen research database (University of Groningen / Centre for Information Technology),Underrepresentation of female directors in the boardroom,2011,2,Lukai Yang; Bo Qin,,https://openalex.org/W2507381862,https://openalex.org/W2507381862,,,,,,,,published,OpenAlex
Bo Qin,0000-0001-5817-1169,115157,Management control & accounting,Credit ratings and managerial incentives,2009,2,Yu Flora Kuang; Bo Qin,,https://openalex.org/W2779621796,https://openalex.org/W2779621796,,,,,,,,published,OpenAlex
Naomi Soderstrom,0000-0001-7602-9182,5569,PubMed,"Managing care, incentives, and information: an exploratory look inside the ""black box"" of hospital efficiency.",1996,10,Douglas A. Conrad; Thomas M. Wickizer; Charles C. Maynard; Ted Klastorin; Daniel S. Lessler; Andrew Ross; Naomi S. Soderstrom; Sean D. Sullivan; Jeffery A. Alexander; K Travis,,https://openalex.org/W1430078793,https://openalex.org/W1430078793,,,,,,,,published,OpenAlex
Naomi Soderstrom,0000-0001-7602-9182,5569,BFuP - Betriebswirtschaftliche Forschung und Praxis,Investigating accounting issues and incentives in a DRG-setting,2006,3,Naomi S. Soderstrom; Leslie G. Eldenburg; Christian Ernst,,https://openalex.org/W2598358620,https://openalex.org/W2598358620,C,,,,,,,published,OpenAlex
Naomi Soderstrom,0000-0001-7602-9182,5569,Journal of Accountancy,Meltdown - or Not? for Utilities,2000,4,John S. Jacob; Carol Panchula; Naomi S. Soderstrom; Julia M. D'Souza,,https://openalex.org/W235336731,https://openalex.org/W235336731,C,,,,,,,published,OpenAlex
Martin Weisner,0000-0003-1702-6277,127594,Journal of International Crisis and Risk Communication Research,Three Studies Examining the Effects of Psychological Distance on Judgment and Decision Making in Accounting,2015,1,Martin Weisner,,https://openalex.org/W2597525020,https://openalex.org/W2597525020,,,,,,,,published,OpenAlex
Martin Weisner,0000-0003-1702-6277,127594,International Hospitality Review,Net Bet Debt,2000,2,Larry D. Strate; Martin Weisner,,https://openalex.org/W263636018,https://openalex.org/W263636018,C,,,,,,,published,OpenAlex
Martin Weisner,0000-0003-1702-6277,127594,Traffic Technology International,STEP INTO THE FUTURE: THE FUTURE OF COLLABORATIVE DECISION MAKING.,2005,2,D. Dippe; Martin Weisner,,https://openalex.org/W633159431,https://openalex.org/W633159431,,,,,,,,published,OpenAlex
Jon Gauntlett,,,RBA Bulletin (Print copy discontinued),Real-time Gross Settlement in Australia,2010,3,Peter Gallagher; Jon Gauntlett; David Sunner,,https://openalex.org/W2108178762,https://openalex.org/W2108178762,,,,,,,,published,OpenAlex
André Gygax,0000-0001-7265-9400,223,Frontiers of entrepreneurship research,SUCCESSION FINANCING IN FAMILY FIRMS (SUMMARY),2010,3,Christian Koropp; Dietmar Grichnik; André F. Gygax,,https://openalex.org/W1570525105,https://openalex.org/W1570525105,,,,,,,,published,OpenAlex
Eduard Inozemtsev,0009-0005-3542-0392,184695,Higher School of Economics Economic Journal,Backstage Games of Management Companies,2017,1,Иноземцев Эдуард Васильевич,,https://openalex.org/W2788198592,https://openalex.org/W2788198592,,Q3,,,,,,published,OpenAlex
Eduard Inozemtsev,0009-0005-3542-0392,184695,Higher School of Economics Economic Journal,Closing of Mutual Funds in Russia,2016,3,Иноземцев Эдуард Васильевич; Andrei Simonov; Alexei Goriaev,,https://openalex.org/W2474405870,https://openalex.org/W2474405870,,Q3,,,,,,published,OpenAlex
Asjeet Lamba,0000-0002-7541-967X,2727,The African finance journal,An analysis of the linkages among African and world equity markets,2001,2,Asjeet S. Lamba; Isaac Otchere,,https://openalex.org/W2993644696,https://openalex.org/W2993644696,,Q4,,,,,,published,OpenAlex
Asjeet Lamba,0000-0002-7541-967X,2727,Company and Securities Law Journal,"Disclosure, transparency and regulation of open market repurchases in Australia",2020,3,Christine Brown; John C. Handley; Asjeet S. Lamba,,https://openalex.org/W3041225445,https://openalex.org/W3041225445,A,,,,,,,published,OpenAlex
Asjeet Lamba,0000-0002-7541-967X,2727,DOAJ (DOAJ: Directory of Open Access Journals),A Comparison of the Shareholder Wealth Effects of Firms Announcing Domestic and International Joint Ventures,2005,3,Sundaram Janakiramanan; Asjeet S. Lamba; Cianta M. Seneviratne,,https://openalex.org/W2663090283,https://openalex.org/W2663090283,,,,,,,,published,OpenAlex
Carsten Murawski,0000-0002-1237-9535,5544,JASSA: The Finsia Journal of Applied Finance,Measuring retirement savings adequacy in Australia,2013,5,John Burnett; Kevin Davis; Carsten Murawski; Roger Wilkins; Nicholas Wilkinson,,https://openalex.org/W2181866084,https://openalex.org/W2181866084,B,,,,,,,published,OpenAlex
Carsten Murawski,0000-0002-1237-9535,5544,Advances in Consumer Research,Unconscious Brand Reactions Influence Financial Decision-Making,2010,2,Philip L. Harris; Carsten Murawski,,https://openalex.org/W2437634278,https://openalex.org/W2437634278,B,Q4,,,,,,published,OpenAlex
Carsten Murawski,0000-0002-1237-9535,5544,Advances in Consumer Research,Brands and Desire: Implicit Brand Processing Biases Incidental Decision-Making,2011,2,Philip L. Harris; Carsten Murawski,,https://openalex.org/W2946130647,https://openalex.org/W2946130647,B,Q4,,,,,,published,OpenAlex
Carsten Murawski,0000-0002-1237-9535,5544,Cognitive Science,Computational cognitive requirements of random decision problems.,2020,5,Juan Pablo Franco; Karlo Doroc; Nitin Yadav; Peter L. Bossaerts; Carsten Murawski,,https://openalex.org/W3133928169,https://openalex.org/W3133928169,,Q1,,,,,,published,OpenAlex
Sean Pinder,0000-0003-3083-6047,321,Agenda: a journal of policy analysis and reform,Break Fee Restrictions: Where's the Harm?,2007,2,Jessica Curtis; Sean Pinder,,https://openalex.org/W2246200933,https://openalex.org/W2246200933,B,,,,,,,published,OpenAlex
Jun Yu,0000-0003-2360-5873,,Annals of Economics and Finance,Do Stock Returns Follow a Finite Variance Distribution,2001,3,Qi-Man Shao; Yu Hao; Jun Yu,,https://openalex.org/W2118089023,https://openalex.org/W2118089023,C,Q4,,,,,,published,OpenAlex
Jun Yu,0000-0003-2360-5873,,Annals of Economics and Finance,Realized Daily Variance of S&P 500 Cash Index: A Revaluation of Stylized Facts *,2007,3,Shirley J. Huang; Qianqiu Liu; Jun Yu,,https://openalex.org/W2166234170,https://openalex.org/W2166234170,C,Q4,,,,,,published,OpenAlex
Jun Yu,0000-0003-2360-5873,,Annals of Economics and Finance,An improved Bayesian unit root test in stochastic volatility models,2019,2,Yong Li; Jun Yu,,https://openalex.org/W2991067894,https://openalex.org/W2991067894,C,Q4,,,,,,published,OpenAlex
Jun Yu,0000-0003-2360-5873,,International Economic Review,Supplement to two papers on multiple bubbles [Online supplementary materials],2015,3,Peter C.B. Phillips; Shuping Shi; Jun Yu,,https://openalex.org/W2993106224,https://openalex.org/W2993106224,A*,Q1,,,,,,published,OpenAlex
