researcher_id,researcher_name,openalex_author_id,openalex_work_id,title,publication_year,publication_date,doi,article_url,journal_name,issn,eissn,all_issns,authors,author_count,publication_type,cited_by_count,fwci,citation_percentile,is_retracted,is_open_access,open_access_status,open_access_url,topics,updated_date,source_updated_date,record_origin,identity_match_method,identity_match_confidence,repository_verified,requires_review,review_reason,openalex_retrieved_at
unimelb-finance-002,Dr Attila Balogh,A5035979998,W4403299308,Does Stakeholder Outrage Determine Executive Pay?,2024,2024-10-08,10.1093/rcfs/cfae022,https://doi.org/10.1093/rcfs/cfae022,The Review of Corporate Finance Studies,2046-9128,2046-9136,2046-9128; 2046-9136,[object Object]; [object Object]; [object Object],3,article,3,1.964,0.90420733,false,true,hybrid,https://doi.org/10.1093/rcfs/cfae022,COVID-19 Pandemic Impacts; Corporate Finance and Governance; Corporate Social Responsibility Reporting,2026-08-28T12:50:07.497085,2026-08-28T12:50:07.497085,openalex_orcid_only,official_orcid_to_openalex_author,high,false,false,,2026-08-29T03:05:51.808Z
unimelb-finance-002,Dr Attila Balogh,A5035979998,W4402646748,Superapps: At the crossroads of enhanced customer experience and innovation management theories,2024,2024-09-11,10.55214/25768484.v8i4.1465,https://doi.org/10.55214/25768484.v8i4.1465,Edelweiss Applied Science and Technology,2576-8484,,2576-8484,[object Object]; [object Object],2,article,2,0.7875,0.7996827,false,true,diamond,https://learning-gate.com/index.php/2576-8484/article/download/1465/413,Big Data and Business Intelligence; Technology Adoption and User Behaviour; Service and Product Innovation,2026-08-26T07:47:46.906454,2026-08-26T07:47:46.906454,openalex_orcid_only,official_orcid_to_openalex_author,high,false,false,,2026-08-29T03:05:51.808Z
unimelb-finance-002,Dr Attila Balogh,A5035979998,W2498209586,"Professional Expertise on Boards, Corporate Lifecycle, and Firm Performance",2016,2016-01-01,10.2139/ssrn.2802417,https://doi.org/10.2139/ssrn.2802417,SSRN Electronic Journal,1556-5068,,1556-5068,[object Object],1,preprint,7,,,false,true,green,https://doi.org/10.2139/ssrn.2802417,Corporate Finance and Governance; Private Equity and Venture Capital; Working Capital and Financial Performance,2026-08-21T09:56:20.448147,2026-08-21T09:56:20.448147,openalex_orcid_only,official_orcid_to_openalex_author,high,false,false,,2026-08-29T03:05:51.808Z
unimelb-finance-002,Dr Attila Balogh,A5035979998,W4225980188,Does Stakeholder Outrage Determine Executive Pay?,2022,2022-01-01,10.2139/ssrn.4053057,https://doi.org/10.2139/ssrn.4053057,SSRN Electronic Journal,1556-5068,,1556-5068,[object Object]; [object Object]; [object Object],3,preprint,5,,,false,true,green,https://doi.org/10.2139/ssrn.4053057,"Corporate Finance and Governance; Corporate Social Responsibility Reporting; Auditing, Earnings Management, Governance",2026-08-21T09:56:20.448147,2026-08-21T09:56:20.448147,openalex_orcid_only,official_orcid_to_openalex_author,high,false,false,,2026-08-29T03:05:51.808Z
unimelb-finance-002,Dr Attila Balogh,A5035979998,W4206482447,Finding the right fit: Value creation in activism through human capital,2021,2021-01-01,10.2139/ssrn.3983251,https://doi.org/10.2139/ssrn.3983251,SSRN Electronic Journal,1556-5068,,1556-5068,[object Object],1,preprint,3,,,false,true,green,https://doi.org/10.2139/ssrn.3983251,"Corporate Finance and Governance; Auditing, Earnings Management, Governance; Nonprofit Sector and Volunteering",2026-08-21T09:56:20.448147,2026-08-21T09:56:20.448147,openalex_orcid_only,official_orcid_to_openalex_author,high,false,false,,2026-08-29T03:05:51.808Z
unimelb-finance-002,Dr Attila Balogh,A5035979998,W4410528628,"Flora, Fauna, and Finance: Assessing Biodiversity Risk in Investment Portfolios",2025,2025-01-01,10.2139/ssrn.5260811,https://doi.org/10.2139/ssrn.5260811,SSRN Electronic Journal,1556-5068,,1556-5068,[object Object]; [object Object]; [object Object]; [object Object]; [object Object]; [object Object]; [object Object]; [object Object],8,preprint,3,,,false,true,green,https://doi.org/10.2139/ssrn.5260811,"Economic and Environmental Valuation; Conservation, Biodiversity, and Resource Management; Forest Management and Policy",2026-08-06T08:24:18.245995,2026-08-06T08:24:18.245995,openalex_orcid_only,official_orcid_to_openalex_author,high,false,false,,2026-08-29T03:05:51.808Z
unimelb-finance-002,Dr Attila Balogh,A5035979998,W4411247906,Making money talk nicely: Biodiversity impact assessment for investors,2025,2025-01-01,10.2139/ssrn.5283115,https://doi.org/10.2139/ssrn.5283115,SSRN Electronic Journal,1556-5068,,1556-5068,[object Object]; [object Object]; [object Object]; [object Object]; [object Object]; [object Object]; [object Object]; [object Object],8,preprint,3,,,false,true,green,https://doi.org/10.2139/ssrn.5283115,"Environmental Conservation and Management; Community Development and Social Impact; Conservation, Biodiversity, and Resource Management",2026-08-04T08:18:43.703281,2026-08-04T08:18:43.703281,openalex_orcid_only,official_orcid_to_openalex_author,high,false,false,,2026-08-29T03:05:51.808Z
unimelb-finance-002,Dr Attila Balogh,A5035979998,W4399016810,Layline insider trading dataset,2026,2026-05-21,10.7910/dvn/vh6gvh,https://doi.org/10.7910/dvn/vh6gvh,Harvard Dataverse,,,,[object Object],1,dataset,2,,,false,true,green,https://doi.org/10.7910/dvn/vh6gvh,Financial Markets and Investment Strategies,2026-08-21T09:56:20.448147,2026-08-21T09:56:20.448147,openalex_orcid_only,official_orcid_to_openalex_author,high,false,false,,2026-08-29T03:05:51.808Z
unimelb-finance-002,Dr Attila Balogh,A5035979998,W3129858244,Firms that age well: life cycles and default risk,2021,2021-01-01,10.2139/ssrn.3777702,https://doi.org/10.2139/ssrn.3777702,SSRN Electronic Journal,1556-5068,,1556-5068,[object Object]; [object Object]; [object Object],3,preprint,1,,,false,true,green,https://doi.org/10.2139/ssrn.3777702,Credit Risk and Financial Regulations; Corporate Finance and Governance; Firm Innovation and Growth,2026-08-04T08:18:43.703281,2026-08-04T08:18:43.703281,openalex_orcid_only,official_orcid_to_openalex_author,high,false,false,,2026-08-29T03:05:51.808Z
unimelb-finance-002,Dr Attila Balogh,A5035979998,W3133414627,Data Matching for Corporate Governance Research,2017,2017-01-01,10.2139/ssrn.3053405,https://doi.org/10.2139/ssrn.3053405,SSRN Electronic Journal,1556-5068,,1556-5068,[object Object],1,preprint,1,,,false,true,green,https://doi.org/10.2139/ssrn.3053405,SAS software applications and methods,2026-08-04T08:18:43.703281,2026-08-04T08:18:43.703281,openalex_orcid_only,official_orcid_to_openalex_author,high,false,false,,2026-08-29T03:05:51.808Z
unimelb-finance-002,Dr Attila Balogh,A5035979998,W4323767412,Mapping the Ownership of Public Firms,2023,2023-01-01,10.2139/ssrn.4378976,https://doi.org/10.2139/ssrn.4378976,SSRN Electronic Journal,1556-5068,,1556-5068,[object Object],1,preprint,1,,,false,true,green,https://doi.org/10.2139/ssrn.4378976,Corporate Governance and Law,2026-08-21T09:56:20.448147,2026-08-21T09:56:20.448147,openalex_orcid_only,official_orcid_to_openalex_author,high,false,false,,2026-08-29T03:05:51.808Z
unimelb-finance-002,Dr Attila Balogh,A5035979998,W4391163115,Themeda: Predicting land cover change using deep learning,2024,2024-01-01,10.2139/ssrn.4681094,https://doi.org/10.2139/ssrn.4681094,SSRN Electronic Journal,1556-5068,,1556-5068,[object Object]; [object Object]; [object Object]; [object Object]; [object Object]; [object Object],6,preprint,1,,,false,true,green,https://doi.org/10.2139/ssrn.4681094,Remote Sensing in Agriculture; Land Use and Ecosystem Services,2026-08-21T09:56:20.448147,2026-08-21T09:56:20.448147,openalex_orcid_only,official_orcid_to_openalex_author,high,false,false,,2026-08-29T03:05:51.808Z
unimelb-finance-002,Dr Attila Balogh,A5035979998,W4398878107,Layline corporate filings dataset,2026,2026-06-18,10.7910/dvn/wacgv5,https://doi.org/10.7910/dvn/wacgv5,Harvard Dataverse,,,,[object Object],1,dataset,1,,,false,true,green,https://doi.org/10.7910/dvn/wacgv5,"FinTech, Crowdfunding, Digital Finance; Financial Distress and Bankruptcy Prediction",2026-08-21T09:56:20.448147,2026-08-21T09:56:20.448147,openalex_orcid_only,official_orcid_to_openalex_author,high,false,false,,2026-08-29T03:05:51.808Z
unimelb-finance-002,Dr Attila Balogh,A5035979998,W4398886777,Layline institutional holding reports,2026,2026-05-21,10.7910/dvn/tzm1qt,https://doi.org/10.7910/dvn/tzm1qt,Harvard Dataverse,,,,[object Object],1,dataset,1,,,false,true,green,https://doi.org/10.7910/dvn/tzm1qt,Corporate Governance and Law,2026-08-21T09:56:20.448147,2026-08-21T09:56:20.448147,openalex_orcid_only,official_orcid_to_openalex_author,high,false,false,,2026-08-29T03:05:51.808Z
unimelb-finance-002,Dr Attila Balogh,A5035979998,W4398996131,Layline Shareholder activism dataset,2026,2026-07-29,10.34740/kaggle/dsv/18426014,https://doi.org/10.34740/kaggle/dsv/18426014,Open MIND,,,,[object Object],1,dataset,1,,,false,true,green,https://doi.org/10.34740/kaggle/dsv/18426014,"FinTech, Crowdfunding, Digital Finance",2026-08-26T07:47:46.906454,2026-08-26T07:47:46.906454,openalex_orcid_only,official_orcid_to_openalex_author,high,false,false,,2026-08-29T03:05:51.808Z
unimelb-finance-002,Dr Attila Balogh,A5035979998,W4410030886,AI in Finance and Information Overload,2025,2025-01-01,10.2139/ssrn.5163754,https://doi.org/10.2139/ssrn.5163754,SSRN Electronic Journal,1556-5068,,1556-5068,[object Object]; [object Object]; [object Object]; [object Object],4,preprint,1,,,false,true,green,https://doi.org/10.2139/ssrn.5163754,Stock Market Forecasting Methods,2026-08-04T08:18:43.703281,2026-08-04T08:18:43.703281,openalex_orcid_only,official_orcid_to_openalex_author,high,false,false,,2026-08-29T03:05:51.808Z
unimelb-finance-002,Dr Attila Balogh,A5035979998,W2531513568,Does Life-Cycle Influence Board Composition?,2016,2016-01-01,10.2139/ssrn.2851327,https://doi.org/10.2139/ssrn.2851327,SSRN Electronic Journal,1556-5068,,1556-5068,[object Object],1,preprint,0,,,false,true,green,https://doi.org/10.2139/ssrn.2851327,"Corporate Finance and Governance; Gender Diversity and Inequality; Auditing, Earnings Management, Governance",2026-08-04T08:18:43.703281,2026-08-04T08:18:43.703281,openalex_orcid_only,official_orcid_to_openalex_author,high,false,false,,2026-08-29T03:05:51.808Z
unimelb-finance-002,Dr Attila Balogh,A5035979998,W2541889345,The Development and Application of the Directorss Duty of Care and Diligence Rule in Australia,2012,2012-01-01,10.2139/ssrn.2852066,https://doi.org/10.2139/ssrn.2852066,SSRN Electronic Journal,1556-5068,,1556-5068,[object Object],1,preprint,0,,,false,true,green,https://doi.org/10.2139/ssrn.2852066,Corporate Insolvency and Governance; Legal principles and applications; Legal Education and Practice Innovations,2026-08-04T08:18:43.703281,2026-08-04T08:18:43.703281,openalex_orcid_only,official_orcid_to_openalex_author,high,false,false,,2026-08-29T03:05:51.808Z
unimelb-finance-002,Dr Attila Balogh,A5035979998,W2766624933,Financial Ratios in Empirical Corporate Finance Research,2017,2017-01-01,10.2139/ssrn.3053402,https://doi.org/10.2139/ssrn.3053402,SSRN Electronic Journal,1556-5068,,1556-5068,[object Object],1,preprint,0,,,false,true,green,https://doi.org/10.2139/ssrn.3053402,"Auditing, Earnings Management, Governance; Financial Reporting and Valuation Research; Accounting Theory and Financial Reporting",2026-08-21T09:56:20.448147,2026-08-21T09:56:20.448147,openalex_orcid_only,official_orcid_to_openalex_author,high,false,false,,2026-08-29T03:05:51.808Z
unimelb-finance-002,Dr Attila Balogh,A5035979998,W3128903032,"IPO Firms: Lighter on Regulation, Heavier on Acquisitions?",2020,2020-01-01,10.2139/ssrn.3523630,https://doi.org/10.2139/ssrn.3523630,SSRN Electronic Journal,1556-5068,,1556-5068,[object Object]; [object Object]; [object Object],3,preprint,0,,,false,true,green,https://doi.org/10.2139/ssrn.3523630,"Corporate Finance and Governance; Corporate Taxation and Avoidance; Auditing, Earnings Management, Governance",2026-07-14T23:27:15.235271,2026-07-14T23:27:15.235271,openalex_orcid_only,official_orcid_to_openalex_author,high,false,false,,2026-08-29T03:05:51.808Z
unimelb-finance-002,Dr Attila Balogh,A5035979998,W4401509065,The Role of Top Management in Corporate Innovation Projects,2024,2024-05-23,10.1109/saci60582.2024.10619732,https://doi.org/10.1109/saci60582.2024.10619732,,,,,[object Object],1,conference-paper,0,0,0.22665268,false,false,closed,,Knowledge Management and Sharing,2026-07-29T14:22:42.915294,2026-07-29T14:22:42.915294,openalex_orcid_only,official_orcid_to_openalex_author,high,false,false,,2026-08-29T03:05:51.808Z
unimelb-finance-002,Dr Attila Balogh,A5035979998,W7134237493,The Strategic Fragmentation of Environmental Impact,2026,2026-01-01,10.2139/ssrn.6245578,https://doi.org/10.2139/ssrn.6245578,SSRN Electronic Journal,1556-5068,,1556-5068,[object Object],1,preprint,0,,,false,true,green,https://doi.org/10.2139/ssrn.6245578,Corporate Social Responsibility Reporting; Corporate Finance and Governance; Financial Markets and Investment Strategies,2026-08-04T08:18:43.703281,2026-08-04T08:18:43.703281,openalex_orcid_only,official_orcid_to_openalex_author,high,false,false,,2026-08-29T03:05:51.808Z
unimelb-finance-002,Dr Attila Balogh,A5035979998,W7134848910,"Flora, Fauna, and Fairness: Reframing Financial Risk as Ecological Responsibility",2026,2026-01-01,10.2139/ssrn.6355060,https://doi.org/10.2139/ssrn.6355060,SSRN Electronic Journal,1556-5068,,1556-5068,[object Object]; [object Object]; [object Object]; [object Object]; [object Object]; [object Object]; [object Object]; [object Object],8,preprint,0,,,false,true,green,https://doi.org/10.2139/ssrn.6355060,"Innovation, Sustainability, Human-Machine Systems; Environmental Conservation and Management; Sustainability and Climate Change Governance",2026-08-21T09:56:20.448147,2026-08-21T09:56:20.448147,openalex_orcid_only,official_orcid_to_openalex_author,high,false,false,,2026-08-29T03:05:51.808Z
unimelb-finance-002,Dr Attila Balogh,A5035979998,W7134966205,Making money talk nicely: Biodiversity impact assessment for investors,2026,2026-03-10,10.5194/wbf2026-235,https://doi.org/10.5194/wbf2026-235,,,,,[object Object]; [object Object]; [object Object]; [object Object]; [object Object]; [object Object]; [object Object]; [object Object],8,conference-abstract,0,,,false,true,gold,https://doi.org/10.5194/wbf2026-235,"Environmental Conservation and Management; Corporate Social Responsibility Reporting; Innovation, Sustainability, Human-Machine Systems",2026-08-21T09:56:20.448147,2026-08-21T09:56:20.448147,openalex_orcid_only,official_orcid_to_openalex_author,high,false,false,,2026-08-29T03:05:51.808Z
unimelb-finance-002,Dr Attila Balogh,A5035979998,W7204168353,Consumer Perceptions of Corporate Innovation and Willingness to Pay: A Study of Generation Z,2026,2026-07-01,10.1109/ines69513.2026.11661172,https://doi.org/10.1109/ines69513.2026.11661172,,,,,[object Object],1,conference-paper,0,,,false,false,closed,,,2026-08-27T14:10:00.468798,2026-08-27T14:10:00.468798,openalex_orcid_only,official_orcid_to_openalex_author,high,false,false,,2026-08-29T03:05:51.808Z
unimelb-finance-004,Associate Professor James Brugler,A5015880652,W2289640949,Testing preference stability between couples and singles,2016,2016-03-02,10.1016/j.econlet.2016.02.026,https://doi.org/10.1016/j.econlet.2016.02.026,Economics Letters,0165-1765,1873-7374,0165-1765; 1873-7374,[object Object],1,article,15,1.8106,0.86321895,false,false,closed,,"Gender, Labor, and Family Dynamics; Economics of Agriculture and Food Markets; Family Dynamics and Relationships",2026-08-21T09:56:20.448147,2026-08-21T09:56:20.448147,openalex_orcid_only,official_orcid_to_openalex_author,high,false,false,,2026-08-29T03:05:51.808Z
unimelb-finance-004,Associate Professor James Brugler,A5015880652,W3179675844,Secondary Market Transparency and Corporate Bond Issuing Costs,2021,2021-07-08,10.1093/rof/rfab017,https://doi.org/10.1093/rof/rfab017,European Finance Review,1382-6662,1573-692X,1382-6662; 1573-692X,[object Object]; [object Object]; [object Object],3,article,31,3.0726,0.9202298,false,false,closed,,"Financial Markets and Investment Strategies; Credit Risk and Financial Regulations; Banking stability, regulation, efficiency",2026-08-28T12:50:07.497085,2026-08-28T12:50:07.497085,openalex_orcid_only,official_orcid_to_openalex_author,high,false,false,,2026-08-29T03:05:51.808Z
unimelb-finance-004,Associate Professor James Brugler,A5015880652,W4307871435,Liquidity shocks and pension fund performance: Evidence from early access,2022,2022-11-02,10.1177/03128962221127804,https://doi.org/10.1177/03128962221127804,Australian Journal of Management,0312-8962,1327-2020,0312-8962; 1327-2020,[object Object]; [object Object]; [object Object],3,article,3,0.8304,0.76269307,false,false,closed,,"Financial Literacy, Pension, Retirement Analysis; Housing Market and Economics; Housing, Finance, and Neoliberalism",2026-08-28T12:50:07.497085,2026-08-28T12:50:07.497085,openalex_orcid_only,official_orcid_to_openalex_author,high,false,false,,2026-08-29T03:05:51.808Z
unimelb-finance-004,Associate Professor James Brugler,A5015880652,W3175238608,THE IMPACT OF COVID-19 ON AUSTRALIA’S HOUSING MARKET,2020,2020-01-01,,https://findanexpert.unimelb.edu.au/scholarlywork/1458773-the-impact-of-covid-19-on-australia%E2%80%99s-housing-market,,,,,[object Object]; [object Object],2,article,1,0.3105,0.80923231,false,false,closed,,Housing Market and Economics,2026-06-11T09:08:48.828518,2026-06-11T09:08:48.828518,openalex_orcid_only,official_orcid_to_openalex_author,high,false,false,,2026-08-29T03:05:51.808Z
unimelb-finance-004,Associate Professor James Brugler,A5015880652,W3121492159,Into the Light: Dark Pool Trading and Intraday Market Quality on the Primary Exchange,2015,2015-01-01,10.2139/ssrn.2660119,https://doi.org/10.2139/ssrn.2660119,SSRN Electronic Journal,1556-5068,,1556-5068,[object Object],1,preprint,15,,,false,true,green,https://doi.org/10.2139/ssrn.2660119,Financial Markets and Investment Strategies; Complex Systems and Time Series Analysis; Stock Market Forecasting Methods,2026-08-21T09:56:20.448147,2026-08-21T09:56:20.448147,openalex_orcid_only,official_orcid_to_openalex_author,high,false,false,,2026-08-29T03:05:51.808Z
unimelb-finance-004,Associate Professor James Brugler,A5015880652,W2151018056,Single stock circuit breakers on the London Stock Exchange: do they improve subsequent market quality?,2014,2014-02-20,10.1920/wp.cem.2014.0714,https://doi.org/10.1920/wp.cem.2014.0714,,,,,[object Object]; [object Object],2,report,11,,,false,false,closed,,Financial Markets and Investment Strategies; Complex Systems and Time Series Analysis; Financial Risk and Volatility Modeling,2026-08-18T07:49:30.821534,2026-08-18T07:49:30.821534,openalex_orcid_only,official_orcid_to_openalex_author,high,false,false,,2026-08-29T03:05:51.808Z
unimelb-finance-004,Associate Professor James Brugler,A5015880652,W3121647771,The Cross-Sectional Spillovers of Single Stock Circuit Breakers,2018,2018-01-01,10.2139/ssrn.3297499,https://doi.org/10.2139/ssrn.3297499,SSRN Electronic Journal,1556-5068,,1556-5068,[object Object]; [object Object]; [object Object]; [object Object],4,preprint,11,,,false,true,green,https://doi.org/10.2139/ssrn.3297499,Financial Markets and Investment Strategies; Corporate Finance and Governance; Housing Market and Economics,2026-08-21T09:56:20.448147,2026-08-21T09:56:20.448147,openalex_orcid_only,official_orcid_to_openalex_author,high,false,false,,2026-08-29T03:05:51.808Z
unimelb-finance-004,Associate Professor James Brugler,A5015880652,W3120735577,Competition and Exchange Data Fees,2020,2020-01-01,10.2139/ssrn.3703431,https://doi.org/10.2139/ssrn.3703431,SSRN Electronic Journal,1556-5068,,1556-5068,[object Object]; [object Object],2,preprint,9,,,false,true,green,https://doi.org/10.2139/ssrn.3703431,"Financial Markets and Investment Strategies; Auditing, Earnings Management, Governance; Corporate Finance and Governance",2026-07-14T23:27:15.235271,2026-07-14T23:27:15.235271,openalex_orcid_only,official_orcid_to_openalex_author,high,false,false,,2026-08-29T03:05:51.808Z
unimelb-finance-004,Associate Professor James Brugler,A5015880652,W211994578,Interactions Among High-Frequency Traders,2015,2015-01-01,10.2139/ssrn.2570140,https://doi.org/10.2139/ssrn.2570140,SSRN Electronic Journal,1556-5068,,1556-5068,[object Object]; [object Object]; [object Object]; [object Object],4,preprint,8,,,false,true,green,https://doi.org/10.2139/ssrn.2570140,Financial Markets and Investment Strategies; Complex Systems and Time Series Analysis; Corporate Finance and Governance,2026-08-04T08:18:43.703281,2026-08-04T08:18:43.703281,openalex_orcid_only,official_orcid_to_openalex_author,high,false,false,,2026-08-29T03:05:51.808Z
unimelb-finance-004,Associate Professor James Brugler,A5015880652,W2187235224,Circuit Breakers on the London Stock Exchange: Do they improve subsequent market quality?,2014,2014-02-03,10.17863/cam.5673,https://doi.org/10.17863/cam.5673,RePEc: Research Papers in Economics,,,,[object Object]; [object Object],2,preprint,5,,,false,true,green,https://www.repository.cam.ac.uk/bitstreams/016063c6-65da-4e5e-9f07-72b76d426140/download,Financial Markets and Investment Strategies; Complex Systems and Time Series Analysis; Financial Risk and Volatility Modeling,2026-08-21T09:56:20.448147,2026-08-21T09:56:20.448147,openalex_orcid_only,official_orcid_to_openalex_author,high,false,false,,2026-08-29T03:05:51.808Z
unimelb-finance-004,Associate Professor James Brugler,A5015880652,W2260503886,The Cross-Sectional Spillovers of Single Stock Circuit Breakers,2014,2014-01-01,10.2139/ssrn.2379029,https://doi.org/10.2139/ssrn.2379029,SSRN Electronic Journal,1556-5068,,1556-5068,[object Object]; [object Object],2,preprint,5,,,false,true,green,https://doi.org/10.2139/ssrn.2379029,Financial Markets and Investment Strategies; Market Dynamics and Volatility; Monetary Policy and Economic Impact,2026-08-21T09:56:20.448147,2026-08-21T09:56:20.448147,openalex_orcid_only,official_orcid_to_openalex_author,high,false,false,,2026-08-29T03:05:51.808Z
unimelb-finance-004,Associate Professor James Brugler,A5015880652,W2772993416,Does Financial Market Structure Impact the Cost of Raising Capital?,2017,2017-01-01,10.2139/ssrn.3074097,https://doi.org/10.2139/ssrn.3074097,SSRN Electronic Journal,1556-5068,,1556-5068,[object Object]; [object Object]; [object Object],3,preprint,5,,,false,true,green,https://doi.org/10.2139/ssrn.3074097,Financial Markets and Investment Strategies; Corporate Finance and Governance; Housing Market and Economics,2026-08-21T09:56:20.448147,2026-08-21T09:56:20.448147,openalex_orcid_only,official_orcid_to_openalex_author,high,false,false,,2026-08-29T03:05:51.808Z
unimelb-finance-004,Associate Professor James Brugler,A5015880652,W2206032550,Dark Trading and Intraday Market Quality,2014,2014-01-01,10.2139/ssrn.2554621,https://doi.org/10.2139/ssrn.2554621,SSRN Electronic Journal,1556-5068,,1556-5068,[object Object],1,preprint,3,,,false,true,green,https://doi.org/10.2139/ssrn.2554621,Financial Markets and Investment Strategies; Complex Systems and Time Series Analysis; Stock Market Forecasting Methods,2026-08-04T08:18:43.703281,2026-08-04T08:18:43.703281,openalex_orcid_only,official_orcid_to_openalex_author,high,false,false,,2026-08-29T03:05:51.808Z
unimelb-finance-004,Associate Professor James Brugler,A5015880652,W2560327798,Secondary Market Transparency and Corporate Bond Issuing Costs,2016,2016-01-01,10.2139/ssrn.2875165,https://doi.org/10.2139/ssrn.2875165,SSRN Electronic Journal,1556-5068,,1556-5068,[object Object]; [object Object]; [object Object],3,preprint,3,,,false,true,green,https://doi.org/10.2139/ssrn.2875165,"Financial Markets and Investment Strategies; Credit Risk and Financial Regulations; Banking stability, regulation, efficiency",2026-08-21T09:56:20.448147,2026-08-21T09:56:20.448147,openalex_orcid_only,official_orcid_to_openalex_author,high,false,false,,2026-08-29T03:05:51.808Z
unimelb-finance-004,Associate Professor James Brugler,A5015880652,W3124917812,Liquidity Shocks and Pension Fund Performance: Evidence From Early Access,2021,2021-01-01,10.2139/ssrn.3745990,https://doi.org/10.2139/ssrn.3745990,SSRN Electronic Journal,1556-5068,,1556-5068,[object Object]; [object Object]; [object Object],3,preprint,2,,,false,true,green,https://doi.org/10.2139/ssrn.3745990,"Financial Markets and Investment Strategies; Corporate Finance and Governance; Financial Literacy, Pension, Retirement Analysis",2026-08-21T09:56:20.448147,2026-08-21T09:56:20.448147,openalex_orcid_only,official_orcid_to_openalex_author,high,false,false,,2026-08-29T03:05:51.808Z
unimelb-finance-004,Associate Professor James Brugler,A5015880652,W4252648311,Differential Access to Dark Markets and Execution Outcomes,2021,2021-01-01,10.2139/ssrn.3910952,https://doi.org/10.2139/ssrn.3910952,SSRN Electronic Journal,1556-5068,,1556-5068,[object Object]; [object Object],2,preprint,2,,,false,true,green,https://doi.org/10.2139/ssrn.3910952,Financial Markets and Investment Strategies; Complex Systems and Time Series Analysis; Stock Market Forecasting Methods,2026-08-21T09:56:20.448147,2026-08-21T09:56:20.448147,openalex_orcid_only,official_orcid_to_openalex_author,high,false,false,,2026-08-29T03:05:51.808Z
unimelb-finance-004,Associate Professor James Brugler,A5015880652,W4390788189,Measuring public and private information using quote and trade races,2024,2024-01-01,10.2139/ssrn.4674014,https://doi.org/10.2139/ssrn.4674014,SSRN Electronic Journal,1556-5068,,1556-5068,[object Object]; [object Object],2,preprint,2,,,false,true,green,https://doi.org/10.2139/ssrn.4674014,Media Influence and Politics; Financial Markets and Investment Strategies; Auction Theory and Applications,2026-08-21T09:56:20.448147,2026-08-21T09:56:20.448147,openalex_orcid_only,official_orcid_to_openalex_author,high,false,false,,2026-08-29T03:05:51.808Z
unimelb-finance-004,Associate Professor James Brugler,A5015880652,W3033281086,Forecasting the Australian Yield Curve,2019,2019-01-01,,https://findanexpert.unimelb.edu.au/scholarlywork/1429123-forecasting-the-australian-yield-curve,,,,,[object Object]; [object Object]; [object Object]; [object Object],4,article,0,0,0.42131603,false,false,closed,,"Monetary Policy and Economic Impact; Financial Markets and Investment Strategies; Economic, financial, and policy analysis",2026-07-13T07:31:44.756512,2026-07-13T07:31:44.756512,openalex_orcid_only,official_orcid_to_openalex_author,high,false,false,,2026-08-29T03:05:51.808Z
unimelb-finance-004,Associate Professor James Brugler,A5015880652,W3125231031,Interactions among High-Frequency Traders,2017,2017-07-25,10.1017/s0022109017000485,https://doi.org/10.1017/s0022109017000485,Journal of Financial and Quantitative Analysis,0022-1090,1756-6916,0022-1090; 1756-6916,[object Object]; [object Object]; [object Object]; [object Object],4,article,0,0,0.36388259,false,true,green,https://nottingham-repository.worktribe.com/preview/4330019/interactions%20among%20high%20frequency%20traders.pdf,Financial Markets and Investment Strategies; Corporate Finance and Governance; Monetary Policy and Economic Impact,2026-08-27T14:10:00.468798,2026-08-27T14:10:00.468798,openalex_orcid_only,official_orcid_to_openalex_author,high,false,false,,2026-08-29T03:05:51.808Z
unimelb-finance-004,Associate Professor James Brugler,A5015880652,W4403318440,Market liquidity and bond prices in a small open economy,2024,2024-01-01,10.2139/ssrn.4954013,https://doi.org/10.2139/ssrn.4954013,SSRN Electronic Journal,1556-5068,,1556-5068,[object Object],1,preprint,0,,,false,true,green,https://doi.org/10.2139/ssrn.4954013,"Banking stability, regulation, efficiency; Financial Markets and Investment Strategies; Credit Risk and Financial Regulations",2026-08-21T09:56:20.448147,2026-08-21T09:56:20.448147,openalex_orcid_only,official_orcid_to_openalex_author,high,false,false,,2026-08-29T03:05:51.808Z
unimelb-finance-004,Associate Professor James Brugler,A5015880652,W4413700432,Dark pools don’t deserve shady reputation,2014,2014-12-21,10.64628/aa.6x9p744ap,https://doi.org/10.64628/aa.6x9p744ap,,,,,[object Object],1,other,0,,,false,false,closed,,Misinformation and Its Impacts; Evolutionary Game Theory and Cooperation,2026-07-14T23:27:15.235271,2026-07-14T23:27:15.235271,openalex_orcid_only,official_orcid_to_openalex_author,high,false,false,,2026-08-29T03:05:51.808Z
unimelb-finance-004,Associate Professor James Brugler,A5015880652,W7165616649,Designing an Efficient Reference Rate: Lessons from SOFIA,2026,2026-06-24,10.47688/rdp2026-03,https://doi.org/10.47688/rdp2026-03,,,,,[object Object]; [object Object]; [object Object]; [object Object]; [object Object],5,report,0,,,false,false,closed,,,2026-06-24T06:22:24.138952,2026-06-24T06:22:24.138952,openalex_orcid_only,official_orcid_to_openalex_author,high,false,false,,2026-08-29T03:05:51.808Z
unimelb-finance-006,Professor Carole Comerton-Forde,A5053844899,W3121910097,Measuring closing price manipulation,2010,2010-03-15,10.1016/j.jfi.2010.03.003,https://doi.org/10.1016/j.jfi.2010.03.003,Journal of Financial Intermediation,1042-9573,1096-0473,1042-9573; 1096-0473,[object Object]; [object Object],2,article,172,10.367,0.9811172,false,false,closed,,"Financial Markets and Investment Strategies; Auditing, Earnings Management, Governance; Corporate Finance and Governance",2026-08-27T14:10:00.468798,2026-08-27T14:10:00.468798,openalex_orcid_only,official_orcid_to_openalex_author,high,false,false,,2026-08-29T03:05:51.808Z
unimelb-finance-006,Professor Carole Comerton-Forde,A5053844899,W2027349009,How should liquidity be measured?,2003,2003-01-01,10.1016/s0927-538x(02)00093-8,https://doi.org/10.1016/s0927-538x(02)00093-8,Pacific-Basin Finance Journal,0927-538X,1879-0585,0927-538X; 1879-0585,[object Object]; [object Object],2,article,169,3.3622,0.92589583,false,false,closed,,"Financial Markets and Investment Strategies; Corporate Finance and Governance; Banking stability, regulation, efficiency",2026-08-21T09:56:20.448147,2026-08-21T09:56:20.448147,openalex_orcid_only,official_orcid_to_openalex_author,high,false,false,,2026-08-29T03:05:51.808Z
unimelb-finance-006,Professor Carole Comerton-Forde,A5053844899,W2094460937,Time Variation in Liquidity: The Role of Market‐Maker Inventories and Revenues,2010,2010-01-13,10.1111/j.1540-6261.2009.01530.x,https://doi.org/10.1111/j.1540-6261.2009.01530.x,The Journal of Finance,0022-1082,1540-6261,0022-1082; 1540-6261,[object Object]; [object Object]; [object Object]; [object Object]; [object Object],5,article,147,16.2923,0.99025227,false,false,closed,,Financial Markets and Investment Strategies; Corporate Finance and Governance; Monetary Policy and Economic Impact,2026-08-26T07:47:46.906454,2026-08-26T07:47:46.906454,openalex_orcid_only,official_orcid_to_openalex_author,high,false,false,,2026-08-29T03:05:51.808Z
unimelb-finance-006,Professor Carole Comerton-Forde,A5053844899,W2899431133,"Inverted fee structures, tick size, and market quality",2019,2019-03-08,10.1016/j.jfineco.2019.03.005,https://doi.org/10.1016/j.jfineco.2019.03.005,Journal of Financial Economics,0304-405X,1879-2774,0304-405X; 1879-2774,[object Object]; [object Object]; [object Object],3,article,80,12.7449,0.98975932,false,false,closed,,"Financial Markets and Investment Strategies; Corporate Finance and Governance; Banking stability, regulation, efficiency",2026-08-28T12:50:07.497085,2026-08-28T12:50:07.497085,openalex_orcid_only,official_orcid_to_openalex_author,high,false,false,,2026-08-29T03:05:51.808Z
unimelb-finance-006,Professor Carole Comerton-Forde,A5053844899,W1970381174,Opening and closing behavior following the introduction of call auctions in Singapore,2006,2006-07-11,10.1016/j.pacfin.2006.04.002,https://doi.org/10.1016/j.pacfin.2006.04.002,Pacific-Basin Finance Journal,0927-538X,1879-0585,0927-538X; 1879-0585,[object Object]; [object Object]; [object Object],3,article,74,5.3873,0.95288897,false,false,closed,,"Corporate Finance and Governance; Financial Markets and Investment Strategies; Auditing, Earnings Management, Governance",2026-08-22T07:34:49.880490,2026-08-22T07:34:49.880490,openalex_orcid_only,official_orcid_to_openalex_author,high,false,false,,2026-08-29T03:05:51.808Z
unimelb-finance-006,Professor Carole Comerton-Forde,A5053844899,W2020133972,The influence of call auction algorithm rules on market efficiency,2006,2006-04-24,10.1016/j.finmar.2006.02.001,https://doi.org/10.1016/j.finmar.2006.02.001,Journal of Financial Markets,1386-4181,1878-576X,1386-4181; 1878-576X,[object Object]; [object Object],2,article,72,4.5302,0.93810649,false,false,closed,,Auction Theory and Applications; Financial Markets and Investment Strategies; Housing Market and Economics,2026-08-21T09:56:20.448147,2026-08-21T09:56:20.448147,openalex_orcid_only,official_orcid_to_openalex_author,high,false,false,,2026-08-29T03:05:51.808Z
unimelb-finance-006,Professor Carole Comerton-Forde,A5053844899,W2046146688,The current state of Asia-Pacific stock exchanges: A critical review of market design,2005,2005-08-10,10.1016/j.pacfin.2005.05.002,https://doi.org/10.1016/j.pacfin.2005.05.002,Pacific-Basin Finance Journal,0927-538X,1879-0585,0927-538X; 1879-0585,[object Object]; [object Object],2,article,72,3.4789,0.92721726,false,false,closed,,Financial Markets and Investment Strategies; Market Dynamics and Volatility; Financial Risk and Volatility Modeling,2026-08-21T09:56:20.448147,2026-08-21T09:56:20.448147,openalex_orcid_only,official_orcid_to_openalex_author,high,false,false,,2026-08-29T03:05:51.808Z
unimelb-finance-006,Professor Carole Comerton-Forde,A5053844899,W3125334144,Regulating dark trading: Order flow segmentation and market quality,2018,2018-07-04,10.1016/j.jfineco.2018.07.002,https://doi.org/10.1016/j.jfineco.2018.07.002,Journal of Financial Economics,0304-405X,1879-2774,0304-405X; 1879-2774,[object Object]; [object Object]; [object Object],3,article,65,6.9235,0.97229622,false,false,closed,,"Financial Markets and Investment Strategies; Banking stability, regulation, efficiency; Corporate Finance and Governance",2026-08-21T09:56:20.448147,2026-08-21T09:56:20.448147,openalex_orcid_only,official_orcid_to_openalex_author,high,false,false,,2026-08-29T03:05:51.808Z
unimelb-finance-006,Professor Carole Comerton-Forde,A5053844899,W2051340220,Price Clustering on the Tokyo Stock Exchange,2007,2007-05-01,10.1111/j.1540-6288.2007.00172.x,https://doi.org/10.1111/j.1540-6288.2007.00172.x,Financial Review,0732-8516,1540-6288,0732-8516; 1540-6288,[object Object]; [object Object]; [object Object],3,article,63,5.4135,0.95471433,false,false,closed,,Complex Systems and Time Series Analysis; Financial Markets and Investment Strategies; Experimental Behavioral Economics Studies,2026-08-26T07:47:46.906454,2026-08-26T07:47:46.906454,openalex_orcid_only,official_orcid_to_openalex_author,high,false,false,,2026-08-29T03:05:51.808Z
unimelb-finance-006,Professor Carole Comerton-Forde,A5053844899,W3125184635,"The impact of limit order anonymity on liquidity: Evidence from Paris, Tokyo and Korea",2005,2005-10-18,10.1016/j.jeconbus.2005.05.001,https://doi.org/10.1016/j.jeconbus.2005.05.001,Journal of Economics and Business,0148-6195,1879-1735,0148-6195; 1879-1735,[object Object]; [object Object]; [object Object],3,article,60,7.1846,0.9691278,false,false,closed,,"Corporate Finance and Governance; Auditing, Earnings Management, Governance; Financial Markets and Investment Strategies",2026-07-22T07:51:19.307946,2026-07-22T07:51:19.307946,openalex_orcid_only,official_orcid_to_openalex_author,high,false,false,,2026-08-29T03:05:51.808Z
unimelb-finance-006,Professor Carole Comerton-Forde,A5053844899,W1997608064,"Anonymity, liquidity and fragmentation",2008,2008-12-07,10.1016/j.finmar.2008.12.001,https://doi.org/10.1016/j.finmar.2008.12.001,Journal of Financial Markets,1386-4181,1878-576X,1386-4181; 1878-576X,[object Object]; [object Object],2,article,58,5.7965,0.96067918,false,false,closed,,"Financial Markets and Investment Strategies; Auditing, Earnings Management, Governance; Corporate Finance and Governance",2026-08-21T09:56:20.448147,2026-08-21T09:56:20.448147,openalex_orcid_only,official_orcid_to_openalex_author,high,false,false,,2026-08-29T03:05:51.808Z
unimelb-finance-006,Professor Carole Comerton-Forde,A5053844899,W2076263621,Call auction algorithm design and market manipulation,2005,2005-11-07,10.1016/j.mulfin.2005.06.002,https://doi.org/10.1016/j.mulfin.2005.06.002,Journal of Multinational Financial Management,1042-444X,1873-1309,1042-444X; 1873-1309,[object Object]; [object Object],2,article,53,0.8042,0.77917075,false,false,closed,,Auction Theory and Applications; Financial Markets and Investment Strategies; Consumer Market Behavior and Pricing,2026-08-21T09:56:20.448147,2026-08-21T09:56:20.448147,openalex_orcid_only,official_orcid_to_openalex_author,high,false,false,,2026-08-29T03:05:51.808Z
unimelb-finance-006,Professor Carole Comerton-Forde,A5053844899,W2152682140,Factors affecting educational innovation with in class electronic response systems,2007,2007-05-31,10.14742/ajet.1262,https://doi.org/10.14742/ajet.1262,Australasian Journal of Educational Technology,1449-3098,1449-5554,1449-3098; 1449-5554,[object Object]; [object Object]; [object Object]; [object Object]; [object Object],5,article,39,13.9807,0.98495785,false,true,diamond,https://ajet.org.au/index.php/AJET/article/download/1262/635,Online and Blended Learning; Innovative Teaching Methods; Innovative Teaching and Learning Methods,2026-08-21T09:56:20.448147,2026-08-21T09:56:20.448147,openalex_orcid_only,official_orcid_to_openalex_author,high,false,false,,2026-08-29T03:05:51.808Z
unimelb-finance-006,Professor Carole Comerton-Forde,A5053844899,W2048881627,Market Integrity and Surveillance Effort,2006,2006-03-06,10.1007/s10693-006-5923-z,https://doi.org/10.1007/s10693-006-5923-z,Journal of Financial Services Research,0920-8550,1573-0735,0920-8550; 1573-0735,[object Object]; [object Object],2,article,38,1.4846,0.85666421,false,false,closed,,Financial Markets and Investment Strategies; Market Dynamics and Volatility; Financial Risk and Volatility Modeling,2026-08-21T09:56:20.448147,2026-08-21T09:56:20.448147,openalex_orcid_only,official_orcid_to_openalex_author,high,false,false,,2026-08-29T03:05:51.808Z
unimelb-finance-006,Professor Carole Comerton-Forde,A5053844899,W3179675844,Secondary Market Transparency and Corporate Bond Issuing Costs,2021,2021-07-08,10.1093/rof/rfab017,https://doi.org/10.1093/rof/rfab017,European Finance Review,1382-6662,1573-692X,1382-6662; 1573-692X,[object Object]; [object Object]; [object Object],3,article,31,3.0726,0.9202298,false,false,closed,,"Financial Markets and Investment Strategies; Credit Risk and Financial Regulations; Banking stability, regulation, efficiency",2026-08-28T12:50:07.497085,2026-08-28T12:50:07.497085,openalex_orcid_only,official_orcid_to_openalex_author,high,false,false,,2026-08-29T03:05:51.808Z
unimelb-finance-006,Professor Carole Comerton-Forde,A5053844899,W3124093956,Closing call auctions and liquidity,2005,2005-10-17,10.1111/j.1467-629x.2005.00155.x,https://doi.org/10.1111/j.1467-629x.2005.00155.x,Accounting and Finance,0810-5391,1467-629X,0810-5391; 1467-629X,[object Object]; [object Object]; [object Object],3,article,50,1.6153,0.87443541,false,false,closed,,Financial Markets and Investment Strategies; Corporate Finance and Governance; Auction Theory and Applications,2026-08-27T14:10:00.468798,2026-08-27T14:10:00.468798,openalex_orcid_only,official_orcid_to_openalex_author,high,false,false,,2026-08-29T03:05:51.808Z
unimelb-finance-006,Professor Carole Comerton-Forde,A5053844899,W2071926811,Stealth trading: The case of the Tokyo Stock Exchange,2010,2010-10-14,10.1016/j.pacfin.2010.10.001,https://doi.org/10.1016/j.pacfin.2010.10.001,Pacific-Basin Finance Journal,0927-538X,1879-0585,0927-538X; 1879-0585,[object Object]; [object Object]; [object Object],3,article,35,2.8096,0.91100399,false,false,closed,,Financial Markets and Investment Strategies; Complex Systems and Time Series Analysis; Stock Market Forecasting Methods,2026-08-21T09:56:20.448147,2026-08-21T09:56:20.448147,openalex_orcid_only,official_orcid_to_openalex_author,high,false,false,,2026-08-29T03:05:51.808Z
unimelb-finance-006,Professor Carole Comerton-Forde,A5053844899,W2138774975,Investment manager skill in small-cap equities,2010,2010-04-01,10.1177/0312896209354216,https://doi.org/10.1177/0312896209354216,Australian Journal of Management,0312-8962,1327-2020,0312-8962; 1327-2020,[object Object]; [object Object]; [object Object]; [object Object],4,article,24,3.6205,0.93090843,false,true,green,https://figshare.com/articles/journal_contribution/Investment_manager_skill_in_small-cap_equities/27726222,"Financial Markets and Investment Strategies; Corporate Finance and Governance; Auditing, Earnings Management, Governance",2026-08-26T07:47:46.906454,2026-08-26T07:47:46.906454,openalex_orcid_only,official_orcid_to_openalex_author,high,false,false,,2026-08-29T03:05:51.808Z
unimelb-finance-006,Professor Carole Comerton-Forde,A5053844899,W2053417569,An examination of minimum tick sizes on the Tokyo Stock Exchange,2009,2009-06-19,10.1016/j.japwor.2009.06.006,https://doi.org/10.1016/j.japwor.2009.06.006,Japan and the World Economy,0922-1425,1879-2006,0922-1425; 1879-2006,[object Object]; [object Object]; [object Object],3,article,20,1.0011,0.8209506,false,false,closed,,"Financial Markets and Investment Strategies; Corporate Finance and Governance; Auditing, Earnings Management, Governance",2026-08-21T09:56:20.448147,2026-08-21T09:56:20.448147,openalex_orcid_only,official_orcid_to_openalex_author,high,false,false,,2026-08-29T03:05:51.808Z
unimelb-finance-006,Professor Carole Comerton-Forde,A5053844899,W1980650308,Not all call auctions are created equal: evidence from Hong Kong,2007,2007-10-22,10.1007/s11156-007-0036-9,https://doi.org/10.1007/s11156-007-0036-9,Review of Quantitative Finance and Accounting,0924-865X,1573-7179,0924-865X; 1573-7179,[object Object]; [object Object]; [object Object],3,article,16,0,0.14453955,false,false,closed,,Financial Markets and Investment Strategies; Corporate Finance and Governance; Housing Market and Economics,2026-08-21T09:56:20.448147,2026-08-21T09:56:20.448147,openalex_orcid_only,official_orcid_to_openalex_author,high,false,false,,2026-08-29T03:05:51.808Z
unimelb-finance-006,Professor Carole Comerton-Forde,A5053844899,W1517834545,Market microstructure: A review from down under,2010,2010-11-15,10.1111/j.1467-629x.2010.00377.x,https://doi.org/10.1111/j.1467-629x.2010.00377.x,Accounting and Finance,0810-5391,1467-629X,0810-5391; 1467-629X,[object Object]; [object Object],2,article,13,0.7241,0.76907803,false,false,closed,,Financial Markets and Investment Strategies; Corporate Finance and Governance; Financial Reporting and Valuation Research,2026-08-26T07:47:46.906454,2026-08-26T07:47:46.906454,openalex_orcid_only,official_orcid_to_openalex_author,high,false,false,,2026-08-29T03:05:51.808Z
unimelb-finance-006,Professor Carole Comerton-Forde,A5053844899,W2017685521,Do trading rules impact on market efficiency? A comparison of opening procedures on the Australian and Jakarta Stock Exchanges,1999,1999-12-01,10.1016/s0927-538x(99)00020-7,https://doi.org/10.1016/s0927-538x(99)00020-7,Pacific-Basin Finance Journal,0927-538X,1879-0585,0927-538X; 1879-0585,[object Object],1,article,34,1.2973,0.84246495,false,false,closed,,"Financial Markets and Investment Strategies; Corporate Finance and Governance; Auditing, Earnings Management, Governance",2026-08-21T09:56:20.448147,2026-08-21T09:56:20.448147,openalex_orcid_only,official_orcid_to_openalex_author,high,false,false,,2026-08-29T03:05:51.808Z
unimelb-finance-006,Professor Carole Comerton-Forde,A5053844899,W1988087514,"Pricing accuracy, liquidity and trader behavior with closing price manipulation",2010,2010-10-26,10.1007/s10683-010-9259-z,https://doi.org/10.1007/s10683-010-9259-z,Experimental Economics,1386-4157,1573-6938,1386-4157; 1573-6938,[object Object]; [object Object],2,article,22,2.2958,0.88653709,false,true,green,https://www.research.ed.ac.uk/en/publications/00244f9e-9fdc-42ee-ac98-9b12aa603544,"Experimental Behavioral Economics Studies; Financial Markets and Investment Strategies; Auditing, Earnings Management, Governance",2026-08-26T07:47:46.906454,2026-08-26T07:47:46.906454,openalex_orcid_only,official_orcid_to_openalex_author,high,false,false,,2026-08-29T03:05:51.808Z
unimelb-finance-006,Professor Carole Comerton-Forde,A5053844899,W3124045486,How broker ability affects institutional trading costs,2005,2005-11-01,10.1111/j.1467-629x.2005.00139.x,https://doi.org/10.1111/j.1467-629x.2005.00139.x,Accounting and Finance,0810-5391,1467-629X,0810-5391; 1467-629X,[object Object]; [object Object]; [object Object]; [object Object],4,article,21,0.7731,0.80758335,false,false,closed,,"Financial Markets and Investment Strategies; Corporate Finance and Governance; Auditing, Earnings Management, Governance",2026-08-21T09:56:20.448147,2026-08-21T09:56:20.448147,openalex_orcid_only,official_orcid_to_openalex_author,high,false,false,,2026-08-29T03:05:51.808Z
unimelb-finance-006,Professor Carole Comerton-Forde,A5053844899,W3123952613,Transaction costs and institutional trading in small-cap equity funds,2010,2010-12-01,10.1177/0312896210385284,https://doi.org/10.1177/0312896210385284,Australian Journal of Management,0312-8962,1327-2020,0312-8962; 1327-2020,[object Object]; [object Object]; [object Object]; [object Object],4,article,10,1.4048,0.85959952,false,false,closed,,Financial Markets and Investment Strategies; Corporate Finance and Governance; Firm Innovation and Growth,2026-08-21T09:56:20.448147,2026-08-21T09:56:20.448147,openalex_orcid_only,official_orcid_to_openalex_author,high,false,false,,2026-08-29T03:05:51.808Z
unimelb-finance-006,Professor Carole Comerton-Forde,A5053844899,W3121384516,An Empirical Analysis of Strategic Behaviour Models,2007,2007-12-01,10.1177/031289620703200202,https://doi.org/10.1177/031289620703200202,Australian Journal of Management,0312-8962,1327-2020,0312-8962; 1327-2020,[object Object]; [object Object]; [object Object],3,article,6,1.2054,0.8470672,false,true,bronze,https://journals.sagepub.com/doi/pdf/10.1177/031289620703200202?download=true,Financial Markets and Investment Strategies; Complex Systems and Time Series Analysis; Corporate Finance and Governance,2026-08-25T07:29:55.448023,2026-08-25T07:29:55.448023,openalex_orcid_only,official_orcid_to_openalex_author,high,false,false,,2026-08-29T03:05:51.808Z
unimelb-finance-006,Professor Carole Comerton-Forde,A5053844899,W2127847490,"Anonymity, Frontrunning and Market Integrity",2007,2007-09-30,10.3905/jot.2007.694833,https://doi.org/10.3905/jot.2007.694833,The Journal of Trading,1559-3967,2168-8427,1559-3967; 2168-8427,[object Object]; [object Object],2,article,5,1.5656,0.86128817,false,false,closed,,Financial Markets and Investment Strategies; Art History and Market Analysis; Media Influence and Politics,2026-08-21T09:56:20.448147,2026-08-21T09:56:20.448147,openalex_orcid_only,official_orcid_to_openalex_author,high,false,false,,2026-08-29T03:05:51.808Z
unimelb-finance-006,Professor Carole Comerton-Forde,A5053844899,W3122172754,Broker recommendations and Australian small‐cap equity fund management,2010,2010-10-29,10.1111/j.1467-629x.2010.00374.x,https://doi.org/10.1111/j.1467-629x.2010.00374.x,Accounting and Finance,0810-5391,1467-629X,0810-5391; 1467-629X,[object Object]; [object Object]; [object Object]; [object Object],4,article,4,0.3512,0.74816909,false,false,closed,,Financial Markets and Investment Strategies; Corporate Finance and Governance; Financial Reporting and Valuation Research,2026-08-21T09:56:20.448147,2026-08-21T09:56:20.448147,openalex_orcid_only,official_orcid_to_openalex_author,high,false,false,,2026-08-29T03:05:51.808Z
unimelb-finance-006,Professor Carole Comerton-Forde,A5053844899,W3123998972,The Influence of Call Auction Algorithm Rules on Market Efficiency,2005,2005-05-14,,http://citeseerx.ist.psu.edu/viewdoc/summary?doi=10.1.1.196.7163,SSRN Electronic Journal,1556-5068,,1556-5068,[object Object]; [object Object],2,article,3,0.3989,0.74295226,false,true,green,https://papers.ssrn.com/sol3/papers.cfm?abstract_id=603242,Auction Theory and Applications; Consumer Market Behavior and Pricing; Housing Market and Economics,2026-08-26T07:47:46.906454,2026-08-26T07:47:46.906454,openalex_orcid_only,official_orcid_to_openalex_author,high,false,false,,2026-08-29T03:05:51.808Z
unimelb-finance-006,Professor Carole Comerton-Forde,A5053844899,W2066883143,An Empirical Analysis of Strategic Behavior Models,2004,2004-01-01,,https://efmaefm.org/0EFMAMEETINGS/EFMA%20ANNUAL%20MEETINGS/2005-Milan/papers/55-comerton-forde_paper.pdf,,,,,[object Object]; [object Object]; [object Object],3,article,2,0,0.20117213,false,false,closed,,Financial Markets and Investment Strategies; Complex Systems and Time Series Analysis; Stock Market Forecasting Methods,2026-06-11T09:08:48.828518,2026-06-11T09:08:48.828518,openalex_orcid_only,official_orcid_to_openalex_author,high,false,false,,2026-08-29T03:05:51.808Z
unimelb-finance-006,Professor Carole Comerton-Forde,A5053844899,W2113198904,Why Do Traders Choose to Trade Anonymously?,2011,2011-04-19,10.1017/s0022109011000214,https://doi.org/10.1017/s0022109011000214,Journal of Financial and Quantitative Analysis,0022-1090,1756-6916,0022-1090; 1756-6916,[object Object]; [object Object]; [object Object],3,article,2,0.7574,0.76519384,false,true,green,https://papers.ssrn.com/sol3/Delivery.cfm/SSRN_ID1769785_code855598.pdf?abstractid=1769785,Auction Theory and Applications; Corporate Finance and Governance; Media Influence and Politics,2026-08-26T07:47:46.906454,2026-08-26T07:47:46.906454,openalex_orcid_only,official_orcid_to_openalex_author,high,false,false,,2026-08-29T03:05:51.808Z
unimelb-finance-006,Professor Carole Comerton-Forde,A5053844899,W2063024929,Do reductions in tick sizes influence liquidity?,2005,2005-06-19,10.1111/j.1467-629x.2004.00128.x,https://doi.org/10.1111/j.1467-629x.2004.00128.x,Accounting and Finance,0810-5391,1467-629X,0810-5391; 1467-629X,[object Object]; [object Object],2,article,1,0,0.18862993,false,true,bronze,https://onlinelibrary.wiley.com/doi/pdfdirect/10.1111/j.1467-629x.2004.00128.x,Financial Markets and Investment Strategies; Corporate Finance and Governance; Financial Reporting and Valuation Research,2026-08-22T07:34:49.880490,2026-08-22T07:34:49.880490,openalex_orcid_only,official_orcid_to_openalex_author,high,false,false,,2026-08-29T03:05:51.808Z
unimelb-finance-006,Professor Carole Comerton-Forde,A5053844899,W1606153790,"Returns, Volatility, and Liquidity on the ASX",2008,2008-01-01,,https://admin.research-repository.uwa.edu.au/en/publications/34caba7f-971c-4fd8-96d7-8b1d412bd9f0,UWA Profiles and Research Repository (University of Western Australia),,,,[object Object]; [object Object]; [object Object]; [object Object],4,book-chapter,1,0,0.08241758,false,false,closed,,Monetary Policy and Economic Impact; Market Dynamics and Volatility; Financial Markets and Investment Strategies,2026-08-27T14:10:00.468798,2026-08-27T14:10:00.468798,openalex_orcid_only,official_orcid_to_openalex_author,high,false,false,,2026-08-29T03:05:51.808Z
unimelb-finance-006,Professor Carole Comerton-Forde,A5053844899,W2314539010,Regulating Dark Trading: Order Flow Segmentation and Market Quality,2016,2016-01-01,10.2139/ssrn.2755392,https://doi.org/10.2139/ssrn.2755392,SSRN Electronic Journal,1556-5068,,1556-5068,[object Object]; [object Object]; [object Object],3,preprint,35,,,false,true,green,https://doi.org/10.2139/ssrn.2755392,Financial Markets and Investment Strategies; Complex Systems and Time Series Analysis; Financial Risk and Volatility Modeling,2026-08-21T09:56:20.448147,2026-08-21T09:56:20.448147,openalex_orcid_only,official_orcid_to_openalex_author,high,false,false,,2026-08-29T03:05:51.808Z
unimelb-finance-006,Professor Carole Comerton-Forde,A5053844899,W2129932914,Dark Trading and Price Discovery,2012,2012-01-01,10.2139/ssrn.2183392,https://doi.org/10.2139/ssrn.2183392,SSRN Electronic Journal,1556-5068,,1556-5068,[object Object]; [object Object],2,preprint,33,,,false,true,green,https://doi.org/10.2139/ssrn.2183392,Financial Markets and Investment Strategies; Complex Systems and Time Series Analysis; Market Dynamics and Volatility,2026-08-21T09:56:20.448147,2026-08-21T09:56:20.448147,openalex_orcid_only,official_orcid_to_openalex_author,high,false,false,,2026-08-29T03:05:51.808Z
unimelb-finance-006,Professor Carole Comerton-Forde,A5053844899,W2159003795,Measuring Closing Price Manipulation,2009,2009-01-01,10.2139/ssrn.1009001,https://doi.org/10.2139/ssrn.1009001,SSRN Electronic Journal,1556-5068,,1556-5068,[object Object]; [object Object],2,preprint,27,,,false,true,green,https://doi.org/10.2139/ssrn.1009001,"Financial Markets and Investment Strategies; Auditing, Earnings Management, Governance; Corporate Finance and Governance",2026-08-26T07:47:46.906454,2026-08-26T07:47:46.906454,openalex_orcid_only,official_orcid_to_openalex_author,high,false,false,,2026-08-29T03:05:51.808Z
unimelb-finance-006,Professor Carole Comerton-Forde,A5053844899,W1931563878,A Review of Stock Market Microstructure,2005,2005-01-01,10.2139/ssrn.710801,https://doi.org/10.2139/ssrn.710801,SSRN Electronic Journal,1556-5068,,1556-5068,[object Object]; [object Object],2,preprint,16,,,false,true,green,https://doi.org/10.2139/ssrn.710801,Financial Markets and Investment Strategies; Complex Systems and Time Series Analysis; Corporate Finance and Governance,2026-08-21T09:56:20.448147,2026-08-21T09:56:20.448147,openalex_orcid_only,official_orcid_to_openalex_author,high,false,false,,2026-08-29T03:05:51.808Z
unimelb-finance-006,Professor Carole Comerton-Forde,A5053844899,W2040014045,"The Impact of Limit Order Anonymity on Liquidity: Evidence from Paris, Tokyo and Korea",2005,2005-01-01,10.2139/ssrn.695602,https://doi.org/10.2139/ssrn.695602,SSRN Electronic Journal,1556-5068,,1556-5068,[object Object]; [object Object]; [object Object],3,preprint,14,,,false,true,green,https://doi.org/10.2139/ssrn.695602,"Auditing, Earnings Management, Governance; Corporate Finance and Governance; Financial Markets and Investment Strategies",2026-08-21T09:56:20.448147,2026-08-21T09:56:20.448147,openalex_orcid_only,official_orcid_to_openalex_author,high,false,false,,2026-08-29T03:05:51.808Z
unimelb-finance-006,Professor Carole Comerton-Forde,A5053844899,W1573168576,"Director Holdings, Shareholder Concentration and Illiquidity",2005,2005-01-01,10.2139/ssrn.713181,https://doi.org/10.2139/ssrn.713181,SSRN Electronic Journal,1556-5068,,1556-5068,[object Object]; [object Object],2,preprint,11,,,false,true,green,https://doi.org/10.2139/ssrn.713181,Corporate Finance and Governance; Financial Markets and Investment Strategies; Private Equity and Venture Capital,2026-08-26T07:47:46.906454,2026-08-26T07:47:46.906454,openalex_orcid_only,official_orcid_to_openalex_author,high,false,false,,2026-08-29T03:05:51.808Z
unimelb-finance-006,Professor Carole Comerton-Forde,A5053844899,W1696888659,Closing Call Auctions and Liquidity,2003,2003-01-01,10.2139/ssrn.391564,https://doi.org/10.2139/ssrn.391564,SSRN Electronic Journal,1556-5068,,1556-5068,[object Object]; [object Object]; [object Object],3,preprint,11,,,false,true,green,https://doi.org/10.2139/ssrn.391564,Auction Theory and Applications; Financial Markets and Investment Strategies; Corporate Finance and Governance,2026-08-21T09:56:20.448147,2026-08-21T09:56:20.448147,openalex_orcid_only,official_orcid_to_openalex_author,high,false,false,,2026-08-29T03:05:51.808Z
unimelb-finance-006,Professor Carole Comerton-Forde,A5053844899,W2117933258,Stock Price Manipulation: Prevalence and Determinants,2008,2008-01-01,10.2139/ssrn.1243042,https://doi.org/10.2139/ssrn.1243042,SSRN Electronic Journal,1556-5068,,1556-5068,[object Object]; [object Object],2,preprint,11,,,false,true,green,https://doi.org/10.2139/ssrn.1243042,"Financial Markets and Investment Strategies; Corporate Finance and Governance; Auditing, Earnings Management, Governance",2026-08-21T09:56:20.448147,2026-08-21T09:56:20.448147,openalex_orcid_only,official_orcid_to_openalex_author,high,false,false,,2026-08-29T03:05:51.808Z
unimelb-finance-006,Professor Carole Comerton-Forde,A5053844899,W3100419885,Measuring Financial Wellbeing with Self-Reported and Bank-Record Data,2020,2020-01-01,10.2139/ssrn.3737273,https://doi.org/10.2139/ssrn.3737273,SSRN Electronic Journal,1556-5068,,1556-5068,[object Object]; [object Object]; [object Object]; [object Object]; [object Object]; [object Object],6,preprint,11,,,false,true,green,https://doi.org/10.2139/ssrn.3737273,"Financial Literacy, Pension, Retirement Analysis",2026-07-22T07:51:19.307946,2026-07-22T07:51:19.307946,openalex_orcid_only,official_orcid_to_openalex_author,high,false,false,,2026-08-29T03:05:51.808Z
unimelb-finance-006,Professor Carole Comerton-Forde,A5053844899,W3124039339,Market Integrity and Surveillance Effort,2006,2006-08-29,,https://papers.ssrn.com/sol3/papers.cfm?abstract_id=927132,SSRN Electronic Journal,1556-5068,,1556-5068,[object Object]; [object Object],2,preprint,11,,,false,true,green,https://papers.ssrn.com/sol3/papers.cfm?abstract_id=927132,Market Dynamics and Volatility; Insurance and Financial Risk Management; Financial Markets and Investment Strategies,2026-07-14T23:32:53.992493,2026-07-14T23:32:53.992493,openalex_orcid_only,official_orcid_to_openalex_author,high,false,false,,2026-08-29T03:05:51.808Z
unimelb-finance-006,Professor Carole Comerton-Forde,A5053844899,W3121636460,Investment Manager Skill in Small-Cap Equities,2005,2005-01-01,10.2139/ssrn.785564,https://doi.org/10.2139/ssrn.785564,SSRN Electronic Journal,1556-5068,,1556-5068,[object Object]; [object Object]; [object Object]; [object Object],4,preprint,10,,,false,true,green,https://doi.org/10.2139/ssrn.785564,"Financial Markets and Investment Strategies; Corporate Finance and Governance; Auditing, Earnings Management, Governance",2026-08-21T09:56:20.448147,2026-08-21T09:56:20.448147,openalex_orcid_only,official_orcid_to_openalex_author,high,false,false,,2026-08-29T03:05:51.808Z
unimelb-finance-006,Professor Carole Comerton-Forde,A5053844899,W3216641316,Non-Standard Errors,2021,2021-01-01,10.2139/ssrn.3961574,https://doi.org/10.2139/ssrn.3961574,SSRN Electronic Journal,1556-5068,,1556-5068,[object Object]; [object Object]; [object Object]; [object Object]; [object Object]; [object Object]; [object Object]; [object Object]; [object Object]; [object Object]; [object Object]; [object Object]; [object Object]; [object Object]; [object Object]; [object Object]; [object Object]; [object Object]; [object Object]; [object Object]; [object Object]; [object Object]; [object Object]; [object Object]; [object Object]; [object Object]; [object Object]; [object Object]; [object Object]; [object Object]; [object Object]; [object Object]; [object Object]; [object Object]; [object Object]; [object Object]; [object Object]; [object Object]; [object Object]; [object Object]; [object Object]; [object Object]; [object Object]; [object Object]; [object Object]; [object Object]; [object Object]; [object Object]; [object Object]; [object Object]; [object Object]; [object Object]; [object Object]; [object Object]; [object Object]; [object Object]; [object Object]; [object Object]; [object Object]; [object Object]; [object Object]; [object Object]; [object Object]; [object Object]; [object Object]; [object Object]; [object Object]; [object Object]; [object Object]; [object Object]; [object Object]; [object Object]; [object Object]; [object Object]; [object Object]; [object Object]; [object Object]; [object Object]; [object Object]; [object Object]; [object Object]; [object Object]; [object Object]; [object Object]; [object Object]; [object Object]; [object Object]; [object Object]; [object Object]; [object Object]; [object Object]; [object Object]; [object Object]; [object Object]; [object Object]; [object Object]; [object Object]; [object Object]; [object Object]; [object Object],100,preprint,10,,,false,true,green,https://papers.ssrn.com/sol3/Delivery.cfm?abstractid=3961574,Forecasting Techniques and Applications; Sports Analytics and Performance; Decision-Making and Behavioral Economics,2026-08-28T12:50:07.497085,2026-08-28T12:50:07.497085,openalex_orcid_only,official_orcid_to_openalex_author,high,false,false,,2026-08-29T03:05:51.808Z
unimelb-finance-006,Professor Carole Comerton-Forde,A5053844899,W2170228493,Shorting at Close Range: A Tale of Two Types,2012,2012-01-01,10.2139/ssrn.1787677,https://doi.org/10.2139/ssrn.1787677,SSRN Electronic Journal,1556-5068,,1556-5068,[object Object]; [object Object]; [object Object],3,preprint,9,,,false,true,green,https://doi.org/10.2139/ssrn.1787677,Financial Markets and Investment Strategies; Monetary Policy and Economic Impact; Corporate Finance and Governance,2026-07-28T07:46:37.118299,2026-07-28T07:46:37.118299,openalex_orcid_only,official_orcid_to_openalex_author,high,false,false,,2026-08-29T03:05:51.808Z
unimelb-finance-006,Professor Carole Comerton-Forde,A5053844899,W4386204992,Identifying High Frequency Trading Activity without Proprietary Data,2023,2023-01-01,10.2139/ssrn.4551238,https://doi.org/10.2139/ssrn.4551238,SSRN Electronic Journal,1556-5068,,1556-5068,[object Object]; [object Object]; [object Object],3,preprint,8,,,false,true,green,https://doi.org/10.2139/ssrn.4551238,Financial Markets and Investment Strategies; Stock Market Forecasting Methods; Complex Systems and Time Series Analysis,2026-08-21T09:56:20.448147,2026-08-21T09:56:20.448147,openalex_orcid_only,official_orcid_to_openalex_author,high,false,false,,2026-08-29T03:05:51.808Z
unimelb-finance-006,Professor Carole Comerton-Forde,A5053844899,W2107028770,Transaction Costs and Institutional Trading in Small-Cap Equity Funds,2006,2006-01-01,10.2139/ssrn.939665,https://doi.org/10.2139/ssrn.939665,SSRN Electronic Journal,1556-5068,,1556-5068,[object Object]; [object Object]; [object Object]; [object Object],4,preprint,7,,,false,true,green,https://doi.org/10.2139/ssrn.939665,Corporate Finance and Governance; Financial Markets and Investment Strategies; Private Equity and Venture Capital,2026-08-26T07:47:46.906454,2026-08-26T07:47:46.906454,openalex_orcid_only,official_orcid_to_openalex_author,high,false,false,,2026-08-29T03:05:51.808Z
unimelb-finance-006,Professor Carole Comerton-Forde,A5053844899,W4214826303,Dark Trading and Price Discovery,2012,2012-01-01,10.2139/ssrn.2136727,https://doi.org/10.2139/ssrn.2136727,SSRN Electronic Journal,1556-5068,,1556-5068,[object Object]; [object Object],2,preprint,7,,,false,true,green,https://doi.org/10.2139/ssrn.2136727,Financial Markets and Investment Strategies; Market Dynamics and Volatility; Complex Systems and Time Series Analysis,2026-08-13T07:04:57.449891,2026-08-13T07:04:57.449891,openalex_orcid_only,official_orcid_to_openalex_author,high,false,false,,2026-08-29T03:05:51.808Z
unimelb-finance-006,Professor Carole Comerton-Forde,A5053844899,W4205311146,ETF Effects: The Role of Primary Versus Secondary Market Activities,2021,2021-01-01,10.2139/ssrn.3980678,https://doi.org/10.2139/ssrn.3980678,SSRN Electronic Journal,1556-5068,,1556-5068,[object Object]; [object Object],2,preprint,6,,,false,true,green,https://doi.org/10.2139/ssrn.3980678,Financial Markets and Investment Strategies; Monetary Policy and Economic Impact; Corporate Finance and Governance,2026-07-14T23:27:15.235271,2026-07-14T23:27:15.235271,openalex_orcid_only,official_orcid_to_openalex_author,high,false,false,,2026-08-29T03:05:51.808Z
unimelb-finance-006,Professor Carole Comerton-Forde,A5053844899,W2772993416,Does Financial Market Structure Impact the Cost of Raising Capital?,2017,2017-01-01,10.2139/ssrn.3074097,https://doi.org/10.2139/ssrn.3074097,SSRN Electronic Journal,1556-5068,,1556-5068,[object Object]; [object Object]; [object Object],3,preprint,5,,,false,true,green,https://doi.org/10.2139/ssrn.3074097,Financial Markets and Investment Strategies; Corporate Finance and Governance; Housing Market and Economics,2026-08-21T09:56:20.448147,2026-08-21T09:56:20.448147,openalex_orcid_only,official_orcid_to_openalex_author,high,false,false,,2026-08-29T03:05:51.808Z
unimelb-finance-006,Professor Carole Comerton-Forde,A5053844899,W3123628639,Call Auction Algorithm Design and Market Manipulation,2005,2005-05-16,,https://autopapers.ssrn.com/sol3/papers.cfm?abstract_id=721342,SSRN Electronic Journal,1556-5068,,1556-5068,[object Object]; [object Object],2,preprint,5,,,false,true,green,https://autopapers.ssrn.com/sol3/papers.cfm?abstract_id=721342,Auction Theory and Applications; Consumer Market Behavior and Pricing; Financial Markets and Investment Strategies,2026-08-13T07:04:57.449891,2026-08-13T07:04:57.449891,openalex_orcid_only,official_orcid_to_openalex_author,high,false,false,,2026-08-29T03:05:51.808Z
unimelb-finance-006,Professor Carole Comerton-Forde,A5053844899,W1598390906,How Broker Ability Affects Institutional Trading Costs,2003,2003-01-01,10.2139/ssrn.421080,https://doi.org/10.2139/ssrn.421080,SSRN Electronic Journal,1556-5068,,1556-5068,[object Object]; [object Object]; [object Object]; [object Object],4,preprint,4,,,false,true,green,https://doi.org/10.2139/ssrn.421080,Financial Markets and Investment Strategies; Monetary Policy and Economic Impact; Corporate Finance and Governance,2026-08-21T09:56:20.448147,2026-08-21T09:56:20.448147,openalex_orcid_only,official_orcid_to_openalex_author,high,false,false,,2026-08-29T03:05:51.808Z
unimelb-finance-006,Professor Carole Comerton-Forde,A5053844899,W2606817207,Inverted Fee Venues and Market Quality,2018,2018-01-01,10.2139/ssrn.2939012,https://doi.org/10.2139/ssrn.2939012,SSRN Electronic Journal,1556-5068,,1556-5068,[object Object]; [object Object]; [object Object],3,preprint,4,,,false,true,green,https://doi.org/10.2139/ssrn.2939012,Financial Markets and Investment Strategies; Housing Market and Economics,2026-07-14T23:27:15.235271,2026-07-14T23:27:15.235271,openalex_orcid_only,official_orcid_to_openalex_author,high,false,false,,2026-08-29T03:05:51.808Z
unimelb-finance-006,Professor Carole Comerton-Forde,A5053844899,W1488588698,Current Issues in Market Design,2013,2013-08-16,10.1002/9781118681145.ch10,https://doi.org/10.1002/9781118681145.ch10,,,,,[object Object],1,other,3,,,false,false,closed,,"Financial Markets and Investment Strategies; Corporate Finance and Governance; Banking stability, regulation, efficiency",2026-07-22T07:51:19.307946,2026-07-22T07:51:19.307946,openalex_orcid_only,official_orcid_to_openalex_author,high,false,false,,2026-08-29T03:05:51.808Z
unimelb-finance-006,Professor Carole Comerton-Forde,A5053844899,W2560327798,Secondary Market Transparency and Corporate Bond Issuing Costs,2016,2016-01-01,10.2139/ssrn.2875165,https://doi.org/10.2139/ssrn.2875165,SSRN Electronic Journal,1556-5068,,1556-5068,[object Object]; [object Object]; [object Object],3,preprint,3,,,false,true,green,https://doi.org/10.2139/ssrn.2875165,"Financial Markets and Investment Strategies; Credit Risk and Financial Regulations; Banking stability, regulation, efficiency",2026-08-21T09:56:20.448147,2026-08-21T09:56:20.448147,openalex_orcid_only,official_orcid_to_openalex_author,high,false,false,,2026-08-29T03:05:51.808Z
unimelb-finance-006,Professor Carole Comerton-Forde,A5053844899,W3124074588,The Current State of Asia-Pacific Stock Exchanges: A Critical Review of Market Design,2005,2005-05-20,,https://papers.ssrn.com/sol3/papers.cfm?abstract_id=721343,SSRN Electronic Journal,1556-5068,,1556-5068,[object Object]; [object Object],2,preprint,3,,,false,true,green,https://papers.ssrn.com/sol3/papers.cfm?abstract_id=721343,Financial Markets and Investment Strategies,2026-07-14T23:32:53.992493,2026-07-14T23:32:53.992493,openalex_orcid_only,official_orcid_to_openalex_author,high,false,false,,2026-08-29T03:05:51.808Z
unimelb-finance-006,Professor Carole Comerton-Forde,A5053844899,W4252648311,Differential Access to Dark Markets and Execution Outcomes,2021,2021-01-01,10.2139/ssrn.3910952,https://doi.org/10.2139/ssrn.3910952,SSRN Electronic Journal,1556-5068,,1556-5068,[object Object]; [object Object],2,preprint,2,,,false,true,green,https://doi.org/10.2139/ssrn.3910952,Financial Markets and Investment Strategies; Complex Systems and Time Series Analysis; Stock Market Forecasting Methods,2026-08-21T09:56:20.448147,2026-08-21T09:56:20.448147,openalex_orcid_only,official_orcid_to_openalex_author,high,false,false,,2026-08-29T03:05:51.808Z
unimelb-finance-006,Professor Carole Comerton-Forde,A5053844899,W4399171172,Liquidity provision in the Exchange Traded Fund market,2024,2024-01-01,10.2139/ssrn.4847526,https://doi.org/10.2139/ssrn.4847526,SSRN Electronic Journal,1556-5068,,1556-5068,[object Object]; [object Object]; [object Object],3,preprint,2,,,false,true,green,https://doi.org/10.2139/ssrn.4847526,State Capitalism and Financial Governance; Financial Markets and Investment Strategies; Global Financial Crisis and Policies,2026-08-21T09:56:20.448147,2026-08-21T09:56:20.448147,openalex_orcid_only,official_orcid_to_openalex_author,high,false,false,,2026-08-29T03:05:51.808Z
unimelb-finance-006,Professor Carole Comerton-Forde,A5053844899,W2125923481,An Empirical Analysis of Strategic Behaviour Models,2005,2005-01-01,10.2139/ssrn.659681,https://doi.org/10.2139/ssrn.659681,SSRN Electronic Journal,1556-5068,,1556-5068,[object Object]; [object Object]; [object Object],3,preprint,1,,,false,true,green,https://doi.org/10.2139/ssrn.659681,Financial Markets and Investment Strategies; Complex Systems and Time Series Analysis; Stock Market Forecasting Methods,2026-08-26T07:47:46.906454,2026-08-26T07:47:46.906454,openalex_orcid_only,official_orcid_to_openalex_author,high,false,false,,2026-08-29T03:05:51.808Z
unimelb-finance-006,Professor Carole Comerton-Forde,A5053844899,W2167618632,Market Maker Revenues and Stock Market Liquidity,2007,2007-01-01,10.2139/ssrn.1013053,https://doi.org/10.2139/ssrn.1013053,SSRN Electronic Journal,1556-5068,,1556-5068,[object Object]; [object Object]; [object Object],3,preprint,1,,,false,true,green,https://doi.org/10.2139/ssrn.1013053,"Financial Markets and Investment Strategies; Corporate Finance and Governance; Auditing, Earnings Management, Governance",2026-08-21T09:56:20.448147,2026-08-21T09:56:20.448147,openalex_orcid_only,official_orcid_to_openalex_author,high,false,false,,2026-08-29T03:05:51.808Z
unimelb-finance-006,Professor Carole Comerton-Forde,A5053844899,W3121746482,"Pricing Accuracy, Liquidity and Trader Behavior with Closing Price Manipulation",2008,2008-01-01,10.2139/ssrn.1296857,https://doi.org/10.2139/ssrn.1296857,SSRN Electronic Journal,1556-5068,,1556-5068,[object Object]; [object Object],2,preprint,1,,,false,true,green,https://doi.org/10.2139/ssrn.1296857,"Experimental Behavioral Economics Studies; Financial Markets and Investment Strategies; Auditing, Earnings Management, Governance",2026-08-21T09:56:20.448147,2026-08-21T09:56:20.448147,openalex_orcid_only,official_orcid_to_openalex_author,high,false,false,,2026-08-29T03:05:51.808Z
unimelb-finance-006,Professor Carole Comerton-Forde,A5053844899,W4411403451,Investors as a Liquidity Backstop in Corporate Bond Markets,2025,2025-01-01,10.2139/ssrn.5303726,https://doi.org/10.2139/ssrn.5303726,SSRN Electronic Journal,1556-5068,,1556-5068,[object Object]; [object Object]; [object Object]; [object Object],4,preprint,1,,,false,true,green,https://doi.org/10.2139/ssrn.5303726,"Financial Markets and Investment Strategies; Global Financial Crisis and Policies; Banking stability, regulation, efficiency",2026-08-21T09:56:20.448147,2026-08-21T09:56:20.448147,openalex_orcid_only,official_orcid_to_openalex_author,high,false,false,,2026-08-29T03:05:51.808Z
unimelb-finance-006,Professor Carole Comerton-Forde,A5053844899,W1990902378,Foreword by the Guest Editor,2009,2009-06-24,10.1016/j.pacfin.2009.06.002,https://doi.org/10.1016/j.pacfin.2009.06.002,Pacific-Basin Finance Journal,0927-538X,1879-0585,0927-538X; 1879-0585,[object Object],1,article,0,0,0.12344064,false,false,closed,,Stock Market Forecasting Methods; Financial Markets and Investment Strategies; Islamic Finance and Banking Studies,2026-08-21T09:56:20.448147,2026-08-21T09:56:20.448147,openalex_orcid_only,official_orcid_to_openalex_author,high,false,false,,2026-08-29T03:05:51.808Z
unimelb-finance-006,Professor Carole Comerton-Forde,A5053844899,W2171275753,Broker Recommendations and Australian Small-Cap Equity Fund Management,2010,2010-01-01,10.2139/ssrn.1540440,https://doi.org/10.2139/ssrn.1540440,SSRN Electronic Journal,1556-5068,,1556-5068,[object Object]; [object Object]; [object Object]; [object Object],4,preprint,0,,,false,true,green,https://doi.org/10.2139/ssrn.1540440,Financial Markets and Investment Strategies; Corporate Finance and Governance; Private Equity and Venture Capital,2026-08-26T07:47:46.906454,2026-08-26T07:47:46.906454,openalex_orcid_only,official_orcid_to_openalex_author,high,false,false,,2026-08-29T03:05:51.808Z
unimelb-finance-006,Professor Carole Comerton-Forde,A5053844899,W2218337557,Investor Responses to Earnings Announcements - a Comparison of Chinese A and B Stock Markets,2007,2007-01-01,10.2139/ssrn.1009442,https://doi.org/10.2139/ssrn.1009442,SSRN Electronic Journal,1556-5068,,1556-5068,[object Object]; [object Object],2,preprint,0,,,false,true,green,https://doi.org/10.2139/ssrn.1009442,"Auditing, Earnings Management, Governance; Financial Markets and Investment Strategies; Corporate Finance and Governance",2026-08-21T09:56:20.448147,2026-08-21T09:56:20.448147,openalex_orcid_only,official_orcid_to_openalex_author,high,false,false,,2026-08-29T03:05:51.808Z
unimelb-finance-006,Professor Carole Comerton-Forde,A5053844899,W299575725,Microstructure of the Jakarta stock exchange,2000,2000-01-01,,http://uilis.unsyiah.ac.id/opentheses/items/show/10468,UPT. Syiah Kuala University Library (Syiah Kuala University),,,,[object Object],1,dissertation,0,,,false,true,green,http://uilis.unsyiah.ac.id/opentheses/items/show/10468,Financial Markets and Investment Strategies; Complex Systems and Time Series Analysis; Stock Market Forecasting Methods,2026-08-18T07:49:30.821534,2026-08-18T07:49:30.821534,openalex_orcid_only,official_orcid_to_openalex_author,high,false,false,,2026-08-29T03:05:51.808Z
unimelb-finance-006,Professor Carole Comerton-Forde,A5053844899,W4210508145,The Determinants of Frontrunning: Evidence from the Toronto Stock Exchange,2007,2007-01-01,10.2139/ssrn.967257,https://doi.org/10.2139/ssrn.967257,SSRN Electronic Journal,1556-5068,,1556-5068,[object Object]; [object Object],2,preprint,0,,,false,true,green,https://doi.org/10.2139/ssrn.967257,Corporate Finance and Governance,2026-08-21T09:56:20.448147,2026-08-21T09:56:20.448147,openalex_orcid_only,official_orcid_to_openalex_author,high,false,false,,2026-08-29T03:05:51.808Z
unimelb-finance-006,Professor Carole Comerton-Forde,A5053844899,W4234157776,Trading @ The Close,2021,2021-01-01,10.2139/ssrn.3903757,https://doi.org/10.2139/ssrn.3903757,SSRN Electronic Journal,1556-5068,,1556-5068,[object Object]; [object Object],2,preprint,0,,,false,true,green,https://doi.org/10.2139/ssrn.3903757,"Financial Markets and Investment Strategies; Corporate Finance and Governance; Auditing, Earnings Management, Governance",2026-08-21T09:56:20.448147,2026-08-21T09:56:20.448147,openalex_orcid_only,official_orcid_to_openalex_author,high,false,false,,2026-08-29T03:05:51.808Z
unimelb-finance-006,Professor Carole Comerton-Forde,A5053844899,W4235857431,The Informational Content of Broker Identifiers,2007,2007-01-01,10.2139/ssrn.1010827,https://doi.org/10.2139/ssrn.1010827,SSRN Electronic Journal,1556-5068,,1556-5068,[object Object]; [object Object],2,preprint,0,,,false,true,green,https://doi.org/10.2139/ssrn.1010827,Natural Language Processing Techniques,2026-08-21T09:56:20.448147,2026-08-21T09:56:20.448147,openalex_orcid_only,official_orcid_to_openalex_author,high,false,false,,2026-08-29T03:05:51.808Z
unimelb-finance-006,Professor Carole Comerton-Forde,A5053844899,W4410156527,Investors as a Liquidity Backstop in Corporate Bond Markets,2025,2025-01-01,10.2139/ssrn.5229934,https://doi.org/10.2139/ssrn.5229934,SSRN Electronic Journal,1556-5068,,1556-5068,[object Object]; [object Object]; [object Object]; [object Object],4,preprint,0,,,false,true,green,https://doi.org/10.2139/ssrn.5229934,"Banking stability, regulation, efficiency; Financial Markets and Investment Strategies; Credit Risk and Financial Regulations",2026-08-26T07:47:46.906454,2026-08-26T07:47:46.906454,openalex_orcid_only,official_orcid_to_openalex_author,high,false,false,,2026-08-29T03:05:51.808Z
unimelb-finance-006,Professor Carole Comerton-Forde,A5053844899,W4413560160,"Blue-chip, volatile, high-risk: retail investors are buying while professionals are selling",2020,2020-07-28,10.64628/aa.srqa33ufk,https://doi.org/10.64628/aa.srqa33ufk,,,,,[object Object]; [object Object],2,other,0,,,false,false,closed,,Securities Regulation and Market Practices,2026-07-14T23:27:15.235271,2026-07-14T23:27:15.235271,openalex_orcid_only,official_orcid_to_openalex_author,high,false,false,,2026-08-29T03:05:51.808Z
unimelb-finance-006,Professor Carole Comerton-Forde,A5053844899,W4413641717,"Transparency, dark pools and the Australian market",2011,2011-03-24,10.64628/aa.56ejfe4fn,https://doi.org/10.64628/aa.56ejfe4fn,,,,,[object Object],1,other,0,,,false,false,closed,,"Economic, financial, and policy analysis",2026-07-14T23:27:15.235271,2026-07-14T23:27:15.235271,openalex_orcid_only,official_orcid_to_openalex_author,high,false,false,,2026-08-29T03:05:51.808Z
unimelb-finance-006,Professor Carole Comerton-Forde,A5053844899,W4413642191,Chi-X launch - what does it mean for the Australian market?,2011,2011-10-30,10.64628/aa.mydfvrqtd,https://doi.org/10.64628/aa.mydfvrqtd,,,,,[object Object],1,other,0,,,false,false,closed,,Private Equity and Venture Capital,2026-07-14T23:27:15.235271,2026-07-14T23:27:15.235271,openalex_orcid_only,official_orcid_to_openalex_author,high,false,false,,2026-08-29T03:05:51.808Z
unimelb-finance-006,Professor Carole Comerton-Forde,A5053844899,W4413688846,Making sense of ASIC’s new rules on dark liquidity and high-frequency trading,2012,2012-12-03,10.64628/aa.paxtkdqah,https://doi.org/10.64628/aa.paxtkdqah,,,,,[object Object],1,other,0,,,false,false,closed,,Financial Markets and Investment Strategies; Economic theories and models; Complex Systems and Time Series Analysis,2026-07-14T23:27:15.235271,2026-07-14T23:27:15.235271,openalex_orcid_only,official_orcid_to_openalex_author,high,false,false,,2026-08-29T03:05:51.808Z
unimelb-finance-006,Professor Carole Comerton-Forde,A5053844899,W4413689469,Explainer: what is short selling?,2012,2012-10-25,10.64628/aa.a7whxnexd,https://doi.org/10.64628/aa.a7whxnexd,,,,,[object Object],1,other,0,,,false,false,closed,,Risk Management in Financial Firms,2026-07-14T23:27:15.235271,2026-07-14T23:27:15.235271,openalex_orcid_only,official_orcid_to_openalex_author,high,false,false,,2026-08-29T03:05:51.808Z
unimelb-finance-006,Professor Carole Comerton-Forde,A5053844899,W7154975980,Would Reg NMS be beneficial for Europe? Ensuring the resilience of European equities trading,2026,2026-01-01,10.2139/ssrn.6572038,https://doi.org/10.2139/ssrn.6572038,SSRN Electronic Journal,1556-5068,,1556-5068,[object Object],1,preprint,0,,,false,true,green,https://doi.org/10.2139/ssrn.6572038,"Global Financial Regulation and Crises; Corporate Governance and Law; Banking stability, regulation, efficiency",2026-08-21T09:56:20.448147,2026-08-21T09:56:20.448147,openalex_orcid_only,official_orcid_to_openalex_author,high,false,false,,2026-08-29T03:05:51.808Z
unimelb-finance-006,Professor Carole Comerton-Forde,A5053844899,W7160760648,How does venue design shape retail trading outcomes?,2026,2026-01-01,10.2139/ssrn.6745681,https://doi.org/10.2139/ssrn.6745681,SSRN Electronic Journal,1556-5068,,1556-5068,[object Object]; [object Object],2,preprint,0,,,false,true,green,https://doi.org/10.2139/ssrn.6745681,Consumer Market Behavior and Pricing; Financial Markets and Investment Strategies; Sports Analytics and Performance,2026-08-21T09:56:20.448147,2026-08-21T09:56:20.448147,openalex_orcid_only,official_orcid_to_openalex_author,high,false,false,,2026-08-29T03:05:51.808Z
unimelb-finance-006,Professor Carole Comerton-Forde,A5053844899,W7160779844,Countdown to the close: Order dynamics in the pre-auction phase at the close on the LSE,2026,2026-01-01,10.2139/ssrn.6745718,https://doi.org/10.2139/ssrn.6745718,SSRN Electronic Journal,1556-5068,,1556-5068,[object Object]; [object Object],2,preprint,0,,,false,true,green,https://doi.org/10.2139/ssrn.6745718,Financial Markets and Investment Strategies; Auction Theory and Applications; Sports Analytics and Performance,2026-08-21T09:56:20.448147,2026-08-21T09:56:20.448147,openalex_orcid_only,official_orcid_to_openalex_author,high,false,false,,2026-08-29T03:05:51.808Z
unimelb-finance-007,Associate Professor Jonathan Dark,A5077500336,W2106112895,Randomized controlled trial of probiotics after colonoscopy,2015,2015-07-17,10.1111/ans.13225,https://doi.org/10.1111/ans.13225,ANZ Journal of Surgery,1445-1433,1445-2197,1445-1433; 1445-2197,[object Object]; [object Object]; [object Object]; [object Object]; [object Object]; [object Object]; [object Object]; [object Object],8,article,31,0.5229,0.66935259,false,false,closed,,Colorectal Cancer Screening and Detection; Microscopic Colitis; Gastrointestinal motility and disorders,2026-08-25T07:29:55.448023,2026-08-25T07:29:55.448023,openalex_orcid_only,official_orcid_to_openalex_author,high,false,false,,2026-08-29T03:05:51.808Z
unimelb-finance-007,Associate Professor Jonathan Dark,A5077500336,W1997671731,Estimation of Time Varying Skewness and Kurtosis with an Application to Value at Risk,2010,2010-01-03,10.2202/1558-3708.1720,https://doi.org/10.2202/1558-3708.1720,Studies in Nonlinear Dynamics and Econometrics,1081-1826,1558-3708,1081-1826; 1558-3708,[object Object],1,article,25,4.2144,0.93774914,false,false,closed,,Financial Risk and Volatility Modeling; Market Dynamics and Volatility; Monetary Policy and Economic Impact,2026-08-21T09:56:20.448147,2026-08-21T09:56:20.448147,openalex_orcid_only,official_orcid_to_openalex_author,high,false,false,,2026-08-29T03:05:51.808Z
unimelb-finance-007,Associate Professor Jonathan Dark,A5077500336,W1965871046,Lymph node status as a prognostic indicator after preoperative neoadjuvant chemoradiotherapy of rectal cancer,2014,2014-06-10,10.1111/codi.12682,https://doi.org/10.1111/codi.12682,Colorectal Disease,1462-8910,1463-1318,1462-8910; 1463-1318,[object Object]; [object Object]; [object Object]; [object Object]; [object Object]; [object Object]; [object Object],7,article,25,0.8277,0.71497214,false,false,closed,,Colorectal Cancer Surgical Treatments; Colorectal and Anal Carcinomas; Inflammatory Biomarkers in Disease Prognosis,2026-08-25T07:29:55.448023,2026-08-25T07:29:55.448023,openalex_orcid_only,official_orcid_to_openalex_author,high,false,false,,2026-08-29T03:05:51.808Z
unimelb-finance-007,Associate Professor Jonathan Dark,A5077500336,W3121262957,"Exchange traded contracts for difference: Design, pricing, and effects",2010,2010-07-13,10.1002/fut.20475,https://doi.org/10.1002/fut.20475,Journal of Futures Markets,0270-7314,1096-9934,0270-7314; 1096-9934,[object Object]; [object Object]; [object Object],3,article,23,1.4048,0.85844072,false,false,closed,,Financial Markets and Investment Strategies; Corporate Finance and Governance; Capital Investment and Risk Analysis,2026-08-21T09:56:20.448147,2026-08-21T09:56:20.448147,openalex_orcid_only,official_orcid_to_openalex_author,high,false,false,,2026-08-29T03:05:51.808Z
unimelb-finance-007,Associate Professor Jonathan Dark,A5077500336,W1196427486,Futures hedging with Markov switching vector error correction FIEGARCH and FIAPARCH,2015,2015-08-14,10.1016/j.jbankfin.2015.08.017,https://doi.org/10.1016/j.jbankfin.2015.08.017,Journal of Banking & Finance,0378-4266,1872-6372,0378-4266; 1872-6372,[object Object],1,article,20,1.8024,0.86011158,false,false,closed,,Financial Risk and Volatility Modeling; Market Dynamics and Volatility; Complex Systems and Time Series Analysis,2026-08-21T09:56:20.448147,2026-08-21T09:56:20.448147,openalex_orcid_only,official_orcid_to_openalex_author,high,false,false,,2026-08-29T03:05:51.808Z
unimelb-finance-007,Associate Professor Jonathan Dark,A5077500336,W1581664775,How Do Patients Aged 85 and Older Fare with Abdominal Surgery?,2010,2010-01-01,10.1111/j.1532-5415.2009.02612.x,https://doi.org/10.1111/j.1532-5415.2009.02612.x,Journal of the American Geriatrics Society,0002-8614,1532-5415,0002-8614; 1532-5415,[object Object]; [object Object]; [object Object],3,article,16,0.6329,0.70706238,false,true,green,https://figshare.com/articles/journal_contribution/How_do_patients_aged_85_and_older_fare_with_abdominal_surgery_/20842213,"Frailty in Older Adults; Cardiac, Anesthesia and Surgical Outcomes; Enhanced Recovery After Surgery",2026-08-26T07:47:46.906454,2026-08-26T07:47:46.906454,openalex_orcid_only,official_orcid_to_openalex_author,high,false,false,,2026-08-29T03:05:51.808Z
unimelb-finance-007,Associate Professor Jonathan Dark,A5077500336,W2811193773,Multivariate models with long memory dependence in conditional correlation and volatility,2018,2018-07-03,10.1016/j.jempfin.2018.06.011,https://doi.org/10.1016/j.jempfin.2018.06.011,Journal of Empirical Finance,0927-5398,1879-1727,0927-5398; 1879-1727,[object Object],1,article,15,2.4925,0.89349139,false,false,closed,,Financial Risk and Volatility Modeling; Market Dynamics and Volatility; Complex Systems and Time Series Analysis,2026-08-21T09:56:20.448147,2026-08-21T09:56:20.448147,openalex_orcid_only,official_orcid_to_openalex_author,high,false,false,,2026-08-29T03:05:51.808Z
unimelb-finance-007,Associate Professor Jonathan Dark,A5077500336,W2148458864,A comparison of developed and emerging equity market return volatility at different time scales,2011,2011-08-30,10.1108/03074351111161592,https://doi.org/10.1108/03074351111161592,Managerial Finance,0307-4358,1758-7743,0307-4358; 1758-7743,[object Object]; [object Object]; [object Object],3,article,14,6.4725,0.96477259,false,false,closed,,Complex Systems and Time Series Analysis; Financial Risk and Volatility Modeling; Market Dynamics and Volatility,2026-06-11T09:08:48.828518,2026-06-11T09:08:48.828518,openalex_orcid_only,official_orcid_to_openalex_author,high,false,false,,2026-08-29T03:05:51.808Z
unimelb-finance-007,Associate Professor Jonathan Dark,A5077500336,W1530029909,Impact of capital control measures on the Malaysian stock market,2010,2010-04-03,10.1108/17439131011032040,https://doi.org/10.1108/17439131011032040,International Journal of Managerial Finance,1743-9132,1758-6569,1743-9132; 1758-6569,[object Object]; [object Object]; [object Object],3,article,13,2.1072,0.88092148,false,false,closed,,Financial Risk and Volatility Modeling; Market Dynamics and Volatility; Monetary Policy and Economic Impact,2026-08-21T09:56:20.448147,2026-08-21T09:56:20.448147,openalex_orcid_only,official_orcid_to_openalex_author,high,false,false,,2026-08-29T03:05:51.808Z
unimelb-finance-007,Associate Professor Jonathan Dark,A5077500336,W2145737537,Influence diagnostics for multivariate GARCH processes,2010,2010-05-13,10.1111/j.1467-9892.2010.00662.x,https://doi.org/10.1111/j.1467-9892.2010.00662.x,Journal of Time Series Analysis,0143-9782,1467-9892,0143-9782; 1467-9892,[object Object]; [object Object]; [object Object],3,article,10,0.3512,0.72026513,false,false,closed,,Financial Risk and Volatility Modeling; Market Dynamics and Volatility; Monetary Policy and Economic Impact,2026-08-21T09:56:20.448147,2026-08-21T09:56:20.448147,openalex_orcid_only,official_orcid_to_openalex_author,high,false,false,,2026-08-29T03:05:51.808Z
unimelb-finance-007,Associate Professor Jonathan Dark,A5077500336,W1525699810,Currency Overlay for Global Equity Portfolios: Cross‐Hedging and Base Currency,2014,2014-02-20,10.1002/fut.21662,https://doi.org/10.1002/fut.21662,Journal of Futures Markets,0270-7314,1096-9934,0270-7314; 1096-9934,[object Object]; [object Object],2,article,7,0.953,0.84693865,false,false,closed,,Market Dynamics and Volatility; Financial Risk and Volatility Modeling; Risk Management in Financial Firms,2026-08-26T07:47:46.906454,2026-08-26T07:47:46.906454,openalex_orcid_only,official_orcid_to_openalex_author,high,false,false,,2026-08-29T03:05:51.808Z
unimelb-finance-007,Associate Professor Jonathan Dark,A5077500336,W1985666867,Basis Convergence and Long Memory in Volatility When Dynamic Hedging with Futures,2007,2007-12-01,10.1017/s0022109000003483,https://doi.org/10.1017/s0022109000003483,Journal of Financial and Quantitative Analysis,0022-1090,1756-6916,0022-1090; 1756-6916,[object Object],1,article,26,2.7398,0.90347842,false,false,closed,,Financial Risk and Volatility Modeling; Complex Systems and Time Series Analysis; Market Dynamics and Volatility,2026-08-21T09:56:20.448147,2026-08-21T09:56:20.448147,openalex_orcid_only,official_orcid_to_openalex_author,high,false,false,,2026-08-29T03:05:51.808Z
unimelb-finance-007,Associate Professor Jonathan Dark,A5077500336,W2913388760,Return and volatility spillovers between the foreign exchange market and the Australian All Ordinaries Index,2006,2006-01-01,,https://openalex.org/W2913388760,,,,,[object Object]; [object Object]; [object Object],3,article,17,2.8358,0.92999274,false,false,closed,,Market Dynamics and Volatility; Financial Risk and Volatility Modeling; Monetary Policy and Economic Impact,2026-08-11T07:18:39.950985,2026-08-11T07:18:39.950985,openalex_orcid_only,official_orcid_to_openalex_author,high,false,false,,2026-08-29T03:05:51.808Z
unimelb-finance-007,Associate Professor Jonathan Dark,A5077500336,W1543717023,Wavelet estimation of asymmetric hedge ratios: Does econometric sophistication boost hedging effectiveness?,2008,2008-01-01,,https://ijbe.fcu.edu.tw/assets/ijbe/past_issue/No.07-3/abstract/03.html,RePEc: Research Papers in Economics,,,,[object Object]; [object Object]; [object Object]; [object Object],4,article,8,0.978,0.85542949,false,true,green,https://figshare.com/articles/journal_contribution/Wavelet_estimation_of_asymmetric_hedge_ratios_Does_econometric_sophistication_boost_hedging_effectiveness_/27438174,Market Dynamics and Volatility; Financial Risk and Volatility Modeling; Monetary Policy and Economic Impact,2026-08-26T07:47:46.906454,2026-08-26T07:47:46.906454,openalex_orcid_only,official_orcid_to_openalex_author,high,false,false,,2026-08-29T03:05:51.808Z
unimelb-finance-007,Associate Professor Jonathan Dark,A5077500336,W3123577684,Will tighter futures price limits decrease hedge effectiveness?,2011,2011-08-16,10.1016/j.jbankfin.2011.07.020,https://doi.org/10.1016/j.jbankfin.2011.07.020,Journal of Banking & Finance,0378-4266,1872-6372,0378-4266; 1872-6372,[object Object],1,article,6,1.7577,0.91403126,false,false,closed,,Market Dynamics and Volatility; Financial Risk and Volatility Modeling; Agricultural risk and resilience,2026-08-21T09:56:20.448147,2026-08-21T09:56:20.448147,openalex_orcid_only,official_orcid_to_openalex_author,high,false,false,,2026-08-29T03:05:51.808Z
unimelb-finance-007,Associate Professor Jonathan Dark,A5077500336,W2169045437,A Critique of Minimum Variance Hedging,2005,2005-07-01,10.1108/10309610580000674,https://doi.org/10.1108/10309610580000674,Accounting Research Journal,1030-9616,1839-5465,1030-9616; 1839-5465,[object Object],1,article,4,0,0.24219772,false,false,closed,,Financial Risk and Volatility Modeling; Insurance and Financial Risk Management; Stochastic processes and financial applications,2026-05-21T06:26:12.895304,2026-05-21T06:26:12.895304,openalex_orcid_only,official_orcid_to_openalex_author,high,false,false,,2026-08-29T03:05:51.808Z
unimelb-finance-007,Associate Professor Jonathan Dark,A5077500336,W3175238608,THE IMPACT OF COVID-19 ON AUSTRALIA’S HOUSING MARKET,2020,2020-01-01,,https://findanexpert.unimelb.edu.au/scholarlywork/1458773-the-impact-of-covid-19-on-australia%E2%80%99s-housing-market,,,,,[object Object]; [object Object],2,article,1,0.3105,0.80923231,false,false,closed,,Housing Market and Economics,2026-06-11T09:08:48.828518,2026-06-11T09:08:48.828518,openalex_orcid_only,official_orcid_to_openalex_author,high,false,false,,2026-08-29T03:05:51.808Z
unimelb-finance-007,Associate Professor Jonathan Dark,A5077500336,W2141699819,"Exchange Traded Contracts for Difference: Design, Pricing and Effects",2009,2009-01-01,10.2139/ssrn.1420704,https://doi.org/10.2139/ssrn.1420704,SSRN Electronic Journal,1556-5068,,1556-5068,[object Object]; [object Object]; [object Object],3,preprint,10,,,false,true,green,https://doi.org/10.2139/ssrn.1420704,"Corporate Finance and Governance; Financial Markets and Investment Strategies; Banking stability, regulation, efficiency",2026-08-26T07:47:46.906454,2026-08-26T07:47:46.906454,openalex_orcid_only,official_orcid_to_openalex_author,high,false,false,,2026-08-29T03:05:51.808Z
unimelb-finance-007,Associate Professor Jonathan Dark,A5077500336,W1492074465,Bivariate Error Correction FIGARCH and FIAPARCH Models on the Australian All Ordinaries Index and Its SPI Futures.,2017,2017-01-01,10.4225/03/5934f2d3e67c7,https://doi.org/10.4225/03/5934f2d3e67c7,RePEc: Research Papers in Economics,,,,[object Object],1,preprint,8,,,false,true,green,https://figshare.com/articles/journal_contribution/Bivariate_Error_Correction_FIGARCH_and_FIAPARCH_Models_on_the_Australian_All_Ordinaries_Index_and_Its_SPI_Futures_/5073460,Monetary Policy and Economic Impact; Market Dynamics and Volatility; Financial Markets and Investment Strategies,2026-08-26T07:47:46.906454,2026-08-26T07:47:46.906454,openalex_orcid_only,official_orcid_to_openalex_author,high,false,false,,2026-08-29T03:05:51.808Z
unimelb-finance-007,Associate Professor Jonathan Dark,A5077500336,W2220998859,Economic Significance of Non-Hedger Investment in Commodity Markets,2012,2012-01-01,10.2139/ssrn.2021919,https://doi.org/10.2139/ssrn.2021919,SSRN Electronic Journal,1556-5068,,1556-5068,[object Object]; [object Object],2,preprint,5,,,false,true,green,https://doi.org/10.2139/ssrn.2021919,Market Dynamics and Volatility; Risk Management in Financial Firms; Financial Markets and Investment Strategies,2026-08-14T07:06:38.338062,2026-08-14T07:06:38.338062,openalex_orcid_only,official_orcid_to_openalex_author,high,false,false,,2026-08-29T03:05:51.808Z
unimelb-finance-007,Associate Professor Jonathan Dark,A5077500336,W1518269685,Long Term Hedging of the Australian All Ordinaries Index Using a Bivariate Error Correction FIGARCH Model,2017,2017-01-01,10.4225/03/5934f86b65780,https://doi.org/10.4225/03/5934f86b65780,RePEc: Research Papers in Economics,,,,[object Object],1,preprint,2,,,false,true,green,https://figshare.com/articles/journal_contribution/Long_Term_Hedging_of_the_Australian_All_Ordinaries_Index_Using_a_Bivariate_Error_Correction_FIGARCH_Model/5073736,Financial Risk and Volatility Modeling; Market Dynamics and Volatility; Monetary Policy and Economic Impact,2026-08-26T07:47:46.906454,2026-08-26T07:47:46.906454,openalex_orcid_only,official_orcid_to_openalex_author,high,false,false,,2026-08-29T03:05:51.808Z
unimelb-finance-007,Associate Professor Jonathan Dark,A5077500336,W2022203626,Will Tighter Futures Price Limits Decrease Hedge Effectiveness?,2010,2010-01-01,10.2139/ssrn.1663775,https://doi.org/10.2139/ssrn.1663775,SSRN Electronic Journal,1556-5068,,1556-5068,[object Object],1,preprint,2,,,false,true,green,https://doi.org/10.2139/ssrn.1663775,Market Dynamics and Volatility; Financial Risk and Volatility Modeling; Economics of Agriculture and Food Markets,2026-08-21T09:56:20.448147,2026-08-21T09:56:20.448147,openalex_orcid_only,official_orcid_to_openalex_author,high,false,false,,2026-08-29T03:05:51.808Z
unimelb-finance-007,Associate Professor Jonathan Dark,A5077500336,W1511483756,Long Memory in the Volatility of the Australian All Ordinaries Index and the Share Price Index Futures,2017,2017-01-01,10.4225/03/5938b50577df0,https://doi.org/10.4225/03/5938b50577df0,RePEc: Research Papers in Economics,,,,[object Object],1,preprint,1,,,false,true,green,https://figshare.com/articles/journal_contribution/Long_Memory_in_the_Volatility_of_the_Australian_All_Ordinaries_Index_and_the_Share_Price_Index_Futures/5090455,Complex Systems and Time Series Analysis; Market Dynamics and Volatility; Financial Risk and Volatility Modeling,2026-08-27T14:10:00.468798,2026-08-27T14:10:00.468798,openalex_orcid_only,official_orcid_to_openalex_author,high,false,false,,2026-08-29T03:05:51.808Z
unimelb-finance-007,Associate Professor Jonathan Dark,A5077500336,W2273228698,A Selectivity Corrected Time Varying Beta Estimator,2006,2006-01-01,10.2139/ssrn.885800,https://doi.org/10.2139/ssrn.885800,SSRN Electronic Journal,1556-5068,,1556-5068,[object Object]; [object Object]; [object Object]; [object Object],4,preprint,1,,,false,true,green,https://doi.org/10.2139/ssrn.885800,Financial Risk and Volatility Modeling; Market Dynamics and Volatility; Monetary Policy and Economic Impact,2026-08-21T09:56:20.448147,2026-08-21T09:56:20.448147,openalex_orcid_only,official_orcid_to_openalex_author,high,false,false,,2026-08-29T03:05:51.808Z
unimelb-finance-007,Associate Professor Jonathan Dark,A5077500336,W3122444532,Basis Convergence and Long Memory in Volatility when Dynamic Hedging With Spi Futures,2017,2017-01-01,10.26180/5084680,https://doi.org/10.26180/5084680,RePEc: Research Papers in Economics,,,,[object Object],1,preprint,1,,,false,true,green,https://figshare.com/articles/journal_contribution/Basis_Convergence_and_Long_Memory_in_Volatility_when_Dynamic_Hedging_With_Spi_Futures/5084680,Market Dynamics and Volatility; Monetary Policy and Economic Impact,2026-08-27T14:10:00.468798,2026-08-27T14:10:00.468798,openalex_orcid_only,official_orcid_to_openalex_author,high,false,false,,2026-08-29T03:05:51.808Z
unimelb-finance-007,Associate Professor Jonathan Dark,A5077500336,W1536341198,Allowing for basis convergence and long memory in volatility when dynamic hedging the Australian All Ordinaries Index,2004,2004-01-01,,https://EconPapers.repec.org/RePEc:ecm:ausm04:227,RePEc: Research Papers in Economics,,,,[object Object],1,preprint,0,,,false,false,closed,,Market Dynamics and Volatility; Monetary Policy and Economic Impact; Financial Markets and Investment Strategies,2026-08-26T07:47:46.906454,2026-08-26T07:47:46.906454,openalex_orcid_only,official_orcid_to_openalex_author,high,false,false,,2026-08-29T03:05:51.808Z
unimelb-finance-007,Associate Professor Jonathan Dark,A5077500336,W1597220193,Modeling the Joint Dynamics of Spot and Futures Markets with a Regime Switching Long Memory Volatility Process,2011,2011-01-01,10.2139/ssrn.1914223,https://doi.org/10.2139/ssrn.1914223,SSRN Electronic Journal,1556-5068,,1556-5068,[object Object],1,preprint,0,,,false,true,green,https://doi.org/10.2139/ssrn.1914223,Complex Systems and Time Series Analysis; Financial Risk and Volatility Modeling; Market Dynamics and Volatility,2026-08-04T08:18:43.703281,2026-08-04T08:18:43.703281,openalex_orcid_only,official_orcid_to_openalex_author,high,false,false,,2026-08-29T03:05:51.808Z
unimelb-finance-007,Associate Professor Jonathan Dark,A5077500336,W1872216352,Estimating the Value-at-Risk: A Comparative Study of the Extreme Value Theory and Transformed Kernel Density Approach,2012,2012-01-01,10.2139/ssrn.2009130,https://doi.org/10.2139/ssrn.2009130,SSRN Electronic Journal,1556-5068,,1556-5068,[object Object]; [object Object],2,preprint,0,,,false,true,green,https://doi.org/10.2139/ssrn.2009130,Credit Risk and Financial Regulations; Financial Risk and Volatility Modeling; Market Dynamics and Volatility,2026-08-21T09:56:20.448147,2026-08-21T09:56:20.448147,openalex_orcid_only,official_orcid_to_openalex_author,high,false,false,,2026-08-29T03:05:51.808Z
unimelb-finance-007,Associate Professor Jonathan Dark,A5077500336,W2189313208,A multivariate dynamic correlation model with long memory dependence and asymmetries,2015,2015-01-01,,http://nzfc.ac.nz/papers/updated/20.pdf,,,,,[object Object],1,article,0,0,0.12233787,false,false,closed,,Financial Risk and Volatility Modeling; Complex Systems and Time Series Analysis; Market Dynamics and Volatility,2025-11-06T04:12:42.849631,2025-11-06T04:12:42.849631,openalex_orcid_only,official_orcid_to_openalex_author,high,false,false,,2026-08-29T03:05:51.808Z
unimelb-finance-007,Associate Professor Jonathan Dark,A5077500336,W2911912570,Time varying skewness and kurtosis and a new model,2006,2006-01-01,,https://openalex.org/W2911912570,,,,,[object Object],1,article,0,0,0.43654381,false,false,closed,,Financial Risk and Volatility Modeling; Stochastic processes and financial applications; Hydrology and Drought Analysis,2025-11-06T04:12:42.849631,2025-11-06T04:12:42.849631,openalex_orcid_only,official_orcid_to_openalex_author,high,false,false,,2026-08-29T03:05:51.808Z
unimelb-finance-007,Associate Professor Jonathan Dark,A5077500336,W4414262599,Projecting Economic Loss with Climate Change,2025,2025-09-12,10.22541/essoar.175767080.08121627/v1,https://doi.org/10.22541/essoar.175767080.08121627/v1,,,,,[object Object]; [object Object]; [object Object]; [object Object],4,preprint,0,,,false,false,closed,,Sustainable Development and Environmental Policy; Agricultural risk and resilience; Global Energy and Sustainability Research,2026-08-18T07:49:30.821534,2026-08-18T07:49:30.821534,openalex_orcid_only,official_orcid_to_openalex_author,high,false,false,,2026-08-29T03:05:51.808Z
unimelb-finance-012,Dr André Gygax,A5055938599,W4392567265,Energy Consumption Modeling and Optimization of UAV-Assisted MEC Networks Using Deep Reinforcement Learning,2024,2024-03-07,10.1109/jsen.2024.3370924,https://doi.org/10.1109/jsen.2024.3370924,IEEE Sensors Journal,1530-437X,1558-1748,1530-437X; 1558-1748; 2379-9153,[object Object]; [object Object]; [object Object]; [object Object]; [object Object]; [object Object],6,article,60,52.0874,0.99884041,false,false,closed,,UAV Applications and Optimization; Distributed Control Multi-Agent Systems; Advanced Neural Network Applications,2026-08-28T12:50:07.497085,2026-08-28T12:50:07.497085,openalex_orcid_only,official_orcid_to_openalex_author,high,false,false,,2026-08-29T03:05:51.808Z
unimelb-finance-012,Dr André Gygax,A5055938599,W2973935944,PECS: Towards personalized edge caching for future service-centric networks,2019,2019-08-01,10.23919/jcc.2019.08.009,https://doi.org/10.23919/jcc.2019.08.009,China Communications,1673-5447,,1673-5447,[object Object]; [object Object]; [object Object]; [object Object]; [object Object]; [object Object],6,article,57,7.6241,0.97614736,false,false,closed,,Caching and Content Delivery; Opportunistic and Delay-Tolerant Networks; Peer-to-Peer Network Technologies,2026-06-11T09:08:48.828518,2026-06-11T09:08:48.828518,openalex_orcid_only,official_orcid_to_openalex_author,high,false,false,,2026-08-29T03:05:51.808Z
unimelb-finance-012,Dr André Gygax,A5055938599,W4402027242,Efficient Generation of Optimal UAV Trajectories With Uncertain Obstacle Avoidance in MEC Networks,2024,2024-08-20,10.1109/jiot.2024.3446664,https://doi.org/10.1109/jiot.2024.3446664,IEEE Internet of Things Journal,2327-4662,2372-2541,2327-4662; 2372-2541,[object Object]; [object Object]; [object Object]; [object Object]; [object Object]; [object Object],6,article,55,8.4115,0.98732133,false,false,closed,,Robotic Path Planning Algorithms; Distributed Control Multi-Agent Systems; UAV Applications and Optimization,2026-08-28T12:50:07.497085,2026-08-28T12:50:07.497085,openalex_orcid_only,official_orcid_to_openalex_author,high,false,false,,2026-08-29T03:05:51.808Z
unimelb-finance-012,Dr André Gygax,A5055938599,W4400020509,Energy-Efficient Content Fetching Strategies in Cache-Enabled D2D Networks via an Actor-Critic Reinforcement Learning Structure,2024,2024-06-25,10.1109/tvt.2024.3419012,https://doi.org/10.1109/tvt.2024.3419012,IEEE Transactions on Vehicular Technology,0018-9545,1939-9359,0018-9545; 1939-9359,[object Object]; [object Object]; [object Object]; [object Object]; [object Object]; [object Object],6,article,30,6.0745,0.96824779,false,false,closed,,Caching and Content Delivery; Peer-to-Peer Network Technologies; Opportunistic and Delay-Tolerant Networks,2026-08-28T12:50:07.497085,2026-08-28T12:50:07.497085,openalex_orcid_only,official_orcid_to_openalex_author,high,false,false,,2026-08-29T03:05:51.808Z
unimelb-finance-012,Dr André Gygax,A5055938599,W4414321961,Semantic Communication-Enabled Multi-Access Edge Computing Network Resource Optimization in the 6G Era,2025,2025-09-18,10.1109/mwc.2025.3600791,https://doi.org/10.1109/mwc.2025.3600791,IEEE Wireless Communications,1536-1284,1558-0687,1536-1284; 1558-0687,[object Object]; [object Object]; [object Object]; [object Object]; [object Object]; [object Object],6,article,21,70.9808,0.99937018,false,false,closed,,Advanced Computing and Algorithms; Cognitive Computing and Networks; Brain Tumor Detection and Classification,2026-08-21T09:56:20.448147,2026-08-21T09:56:20.448147,openalex_orcid_only,official_orcid_to_openalex_author,high,false,false,,2026-08-29T03:05:51.808Z
unimelb-finance-012,Dr André Gygax,A5055938599,W2965896114,Assessing the Energy Consumption of Proactive Mobile Edge Caching in Wireless Networks,2019,2019-01-01,10.1109/access.2019.2931449,https://doi.org/10.1109/access.2019.2931449,IEEE Access,2169-3536,,2169-3536,[object Object]; [object Object]; [object Object]; [object Object]; [object Object]; [object Object],6,article,55,6.2392,0.96502475,false,true,gold,https://ieeexplore.ieee.org/ielx7/6287639/8600701/08777166.pdf,Caching and Content Delivery; IoT and Edge/Fog Computing; Opportunistic and Delay-Tolerant Networks,2026-08-28T12:50:07.497085,2026-08-28T12:50:07.497085,openalex_orcid_only,official_orcid_to_openalex_author,high,false,false,,2026-08-29T03:05:51.808Z
unimelb-finance-012,Dr André Gygax,A5055938599,W2312553709,Methodologies for Assessing the Use-Phase Power Consumption and Greenhouse Gas Emissions of Telecommunications Network Services,2012,2012-12-04,10.1021/es303384y,https://doi.org/10.1021/es303384y,Environmental Science & Technology,0013-936X,1520-5851,0013-936X; 1520-5851,[object Object]; [object Object]; [object Object]; [object Object]; [object Object]; [object Object],6,article,42,3.4178,0.92722262,false,false,closed,,Green IT and Sustainability; Network Traffic and Congestion Control; Complex Network Analysis Techniques,2026-08-21T09:56:20.448147,2026-08-21T09:56:20.448147,openalex_orcid_only,official_orcid_to_openalex_author,high,false,false,,2026-08-29T03:05:51.808Z
unimelb-finance-012,Dr André Gygax,A5055938599,W4283643040,Time to forge ahead: The Internet of Things for healthcare,2022,2022-06-28,10.1016/j.dcan.2022.06.007,https://doi.org/10.1016/j.dcan.2022.06.007,Digital Communications and Networks,2352-8648,2468-5925,2352-8648; 2468-5925,[object Object]; [object Object]; [object Object]; [object Object],4,article,19,1.8669,0.85169759,false,true,gold,https://www.sciencedirect.com/science/article/pii/S2352864822001298/pdf,IoT and Edge/Fog Computing; Blockchain Technology Applications and Security; Context-Aware Activity Recognition Systems,2026-08-21T09:56:20.448147,2026-08-21T09:56:20.448147,openalex_orcid_only,official_orcid_to_openalex_author,high,false,false,,2026-08-29T03:05:51.808Z
unimelb-finance-012,Dr André Gygax,A5055938599,W2959156174,Big Data Driven Predictive Caching at the Wireless Edge,2019,2019-05-01,10.1109/iccw.2019.8756663,https://doi.org/10.1109/iccw.2019.8756663,,,,,[object Object]; [object Object]; [object Object]; [object Object]; [object Object]; [object Object]; [object Object]; [object Object],8,conference-paper,11,2.1632,0.87717437,false,false,closed,,Caching and Content Delivery; Opportunistic and Delay-Tolerant Networks; Advanced Data Storage Technologies,2026-07-29T14:22:42.915294,2026-07-29T14:22:42.915294,openalex_orcid_only,official_orcid_to_openalex_author,high,false,false,,2026-08-29T03:05:51.808Z
unimelb-finance-012,Dr André Gygax,A5055938599,W2338570247,Pedestrian behaviour analysis using the microsoft kinect,2016,2016-03-01,10.1109/percomw.2016.7457094,https://doi.org/10.1109/percomw.2016.7457094,,,,,[object Object]; [object Object]; [object Object]; [object Object],4,conference-paper,2,0,0.0144053,false,false,closed,,Video Surveillance and Tracking Methods; Hand Gesture Recognition Systems; Gaze Tracking and Assistive Technology,2026-08-26T07:47:46.906454,2026-08-26T07:47:46.906454,openalex_orcid_only,official_orcid_to_openalex_author,high,false,false,,2026-08-29T03:05:51.808Z
unimelb-finance-012,Dr André Gygax,A5055938599,W2958002247,Assessing the Energy Consumption of 5G Wireless Edge Caching,2019,2019-05-01,10.1109/iccw.2019.8756642,https://doi.org/10.1109/iccw.2019.8756642,,,,,[object Object]; [object Object]; [object Object]; [object Object]; [object Object]; [object Object]; [object Object],7,conference-paper,9,1.4427,0.7991944,false,false,closed,,Caching and Content Delivery; IoT and Edge/Fog Computing; Cooperative Communication and Network Coding,2026-08-12T21:12:35.861297,2026-08-12T21:12:35.861297,openalex_orcid_only,official_orcid_to_openalex_author,high,false,false,,2026-08-29T03:05:51.808Z
unimelb-finance-012,Dr André Gygax,A5055938599,W7160120544,Intelligent and Efficient UAV Delivery for Low-Altitude Economy Networking: Path Planning and Energy Consumption Optimization,2026,2026-05-01,10.1109/mcom.001.2500729,https://doi.org/10.1109/mcom.001.2500729,IEEE Communications Magazine,0163-6804,1558-1896,0163-6804; 1558-1896,[object Object]; [object Object]; [object Object]; [object Object]; [object Object]; [object Object],6,article,1,10.2487,0.977205,false,false,closed,,UAV Applications and Optimization; Robotic Path Planning Algorithms; Air Traffic Management and Optimization,2026-08-21T09:56:20.448147,2026-08-21T09:56:20.448147,openalex_orcid_only,official_orcid_to_openalex_author,high,false,false,,2026-08-29T03:05:51.808Z
unimelb-finance-012,Dr André Gygax,A5055938599,W1999261486,Energy efficiency of on-demand video caching systems and user behavior,2011,2011-11-18,10.1364/oe.19.00b260,https://doi.org/10.1364/oe.19.00b260,Optics Express,1094-4087,,1094-4087,[object Object]; [object Object]; [object Object]; [object Object]; [object Object],5,article,9,1.6271,0.85850576,false,true,gold,https://doi.org/10.1364/oe.19.00b260,Caching and Content Delivery; Peer-to-Peer Network Technologies; Image and Video Quality Assessment,2026-08-21T09:56:20.448147,2026-08-21T09:56:20.448147,openalex_orcid_only,official_orcid_to_openalex_author,high,false,false,,2026-08-29T03:05:51.808Z
unimelb-finance-012,Dr André Gygax,A5055938599,W2000266669,Do venture capitalists imitate portfolio size?,2007,2007-01-29,10.1007/s11408-006-0040-4,https://doi.org/10.1007/s11408-006-0040-4,Financial markets and portfolio management,1555-4961,1555-497X,1555-4961; 1555-497X; 1934-4554; 2373-8529,[object Object]; [object Object],2,article,5,1.826,0.90225206,false,false,closed,,Private Equity and Venture Capital; Corporate Finance and Governance; Entrepreneurship Studies and Influences,2026-08-21T09:56:20.448147,2026-08-21T09:56:20.448147,openalex_orcid_only,official_orcid_to_openalex_author,high,false,false,,2026-08-29T03:05:51.808Z
unimelb-finance-012,Dr André Gygax,A5055938599,W1558994037,What Do Investment Banks Truly Bring to the Table?,2011,2011-06-01,10.1111/j.1467-6281.2011.00336.x,https://doi.org/10.1111/j.1467-6281.2011.00336.x,Abacus,0001-3072,1467-6281,0001-3072; 1467-6281,[object Object]; [object Object],2,article,4,0,0.1633916,false,false,closed,,"Corporate Finance and Governance; Private Equity and Venture Capital; Banking stability, regulation, efficiency",2026-08-26T07:47:46.906454,2026-08-26T07:47:46.906454,openalex_orcid_only,official_orcid_to_openalex_author,high,false,false,,2026-08-29T03:05:51.808Z
unimelb-finance-012,Dr André Gygax,A5055938599,W2334855146,Towards an energy rating system for telecommunications,2012,2012-11-08,10.7790/tja.v62i5.377,https://doi.org/10.7790/tja.v62i5.377,Telecommunications Journal of Australia,0040-2486,1835-4270,0040-2486; 1835-4270,[object Object]; [object Object]; [object Object]; [object Object]; [object Object]; [object Object],6,article,4,0.4261,0.71132788,false,false,closed,,Green IT and Sustainability; ICT Impact and Policies; Multimedia Communication and Technology,2026-08-11T07:18:39.950985,2026-08-11T07:18:39.950985,openalex_orcid_only,official_orcid_to_openalex_author,high,false,false,,2026-08-29T03:05:51.808Z
unimelb-finance-012,Dr André Gygax,A5055938599,W3115585880,Wireless Charging of Smartwear for Health and Safety Monitoring System,2020,2020-11-15,10.1109/wow47795.2020.9291285,https://doi.org/10.1109/wow47795.2020.9291285,,,,,[object Object]; [object Object]; [object Object]; [object Object],4,conference-paper,4,0.7157,0.66178563,false,false,closed,,Energy Harvesting in Wireless Networks; Wireless Power Transfer Systems; Advanced Sensor and Energy Harvesting Materials,2026-07-29T14:22:42.915294,2026-07-29T14:22:42.915294,openalex_orcid_only,official_orcid_to_openalex_author,high,false,false,,2026-08-29T03:05:51.808Z
unimelb-finance-012,Dr André Gygax,A5055938599,W2181917896,Capital Structure Inertia and Product Market Competition,2013,2013-01-01,,http://citeseerx.ist.psu.edu/viewdoc/summary?doi=10.1.1.638.1456,,,,,[object Object]; [object Object]; [object Object],3,article,3,0,0.24701123,false,false,closed,,"Corporate Finance and Governance; Capital Investment and Risk Analysis; Banking stability, regulation, efficiency",2026-08-26T07:47:46.906454,2026-08-26T07:47:46.906454,openalex_orcid_only,official_orcid_to_openalex_author,high,false,false,,2026-08-29T03:05:51.808Z
unimelb-finance-012,Dr André Gygax,A5055938599,W2904883550,An option-theoretic model of a reputation network,2018,2018-12-12,10.1080/0022250x.2018.1545769,https://doi.org/10.1080/0022250x.2018.1545769,Journal of Mathematical Sociology,0022-250X,1545-5874,0022-250X; 1545-5874,[object Object]; [object Object],2,article,1,0.1903,0.60946905,false,false,closed,,Game Theory and Applications; Opinion Dynamics and Social Influence; Complex Network Analysis Techniques,2026-08-15T07:11:24.734988,2026-08-15T07:11:24.734988,openalex_orcid_only,official_orcid_to_openalex_author,high,false,false,,2026-08-29T03:05:51.808Z
unimelb-finance-012,Dr André Gygax,A5055938599,W2137046592,Board Interlocking Network and the Design of Executive Compensation Packages,2007,2007-01-01,10.2139/ssrn.965991,https://doi.org/10.2139/ssrn.965991,SSRN Electronic Journal,1556-5068,,1556-5068,[object Object]; [object Object]; [object Object],3,preprint,21,,,false,true,green,https://doi.org/10.2139/ssrn.965991,Corporate Insolvency and Governance; Assembly Line Balancing Optimization,2026-08-21T09:56:20.448147,2026-08-21T09:56:20.448147,openalex_orcid_only,official_orcid_to_openalex_author,high,false,false,,2026-08-29T03:05:51.808Z
unimelb-finance-012,Dr André Gygax,A5055938599,W1912547523,How Eventful are Event Studies?,2001,2001-01-01,10.2139/ssrn.260697,https://doi.org/10.2139/ssrn.260697,SSRN Electronic Journal,1556-5068,,1556-5068,[object Object]; [object Object],2,preprint,8,,,false,true,green,https://doi.org/10.2139/ssrn.260697,Financial Markets and Investment Strategies; Corporate Finance and Governance; Complex Systems and Time Series Analysis,2026-08-21T09:56:20.448147,2026-08-21T09:56:20.448147,openalex_orcid_only,official_orcid_to_openalex_author,high,false,false,,2026-08-29T03:05:51.808Z
unimelb-finance-012,Dr André Gygax,A5055938599,W1542342864,"Audit Quality, Auditor Compensation and IPO Underpricing",2007,2007-01-01,10.2139/ssrn.1003707,https://doi.org/10.2139/ssrn.1003707,SSRN Electronic Journal,1556-5068,,1556-5068,[object Object]; [object Object]; [object Object]; [object Object],4,preprint,5,,,false,true,green,https://doi.org/10.2139/ssrn.1003707,"Corporate Finance and Governance; Auditing, Earnings Management, Governance; Financial Reporting and Valuation Research",2026-08-21T09:56:20.448147,2026-08-21T09:56:20.448147,openalex_orcid_only,official_orcid_to_openalex_author,high,false,false,,2026-08-29T03:05:51.808Z
unimelb-finance-012,Dr André Gygax,A5055938599,W2588813041,Are Fat Cats Copycats? Evidence from Director and Consultant Network Dynamics,2016,2016-01-01,10.2139/ssrn.2832531,https://doi.org/10.2139/ssrn.2832531,SSRN Electronic Journal,1556-5068,,1556-5068,[object Object]; [object Object]; [object Object],3,preprint,4,,,false,true,green,https://doi.org/10.2139/ssrn.2832531,Corporate Finance and Governance; Experimental Behavioral Economics Studies,2026-07-26T07:53:14.480251,2026-07-26T07:53:14.480251,openalex_orcid_only,official_orcid_to_openalex_author,high,false,false,,2026-08-29T03:05:51.808Z
unimelb-finance-012,Dr André Gygax,A5055938599,W3125537763,Index Composition Changes and the Cost of Incumbency,2010,2010-04-12,,http://www.sciencedirect.com/science/article/pii/S0378-4266(10)00133-0,RePEc: Research Papers in Economics,,,,[object Object]; [object Object],2,paratext,4,,,false,false,closed,,Financial Markets and Investment Strategies; Corporate Finance and Governance; Monetary Policy and Economic Impact,2026-07-14T23:32:53.992493,2026-07-14T23:32:53.992493,openalex_orcid_only,official_orcid_to_openalex_author,high,false,false,,2026-08-29T03:05:51.808Z
unimelb-finance-012,Dr André Gygax,A5055938599,W2559541147,Are Directors Really Irrelevant to Capital Structure Choice?,2016,2016-01-01,10.2139/ssrn.2876221,https://doi.org/10.2139/ssrn.2876221,SSRN Electronic Journal,1556-5068,,1556-5068,[object Object]; [object Object]; [object Object],3,preprint,3,,,false,true,green,https://doi.org/10.2139/ssrn.2876221,Corporate Finance and Governance; Financial Reporting and Valuation Research; Financial Markets and Investment Strategies,2026-08-21T09:56:20.448147,2026-08-21T09:56:20.448147,openalex_orcid_only,official_orcid_to_openalex_author,high,false,false,,2026-08-29T03:05:51.808Z
unimelb-finance-012,Dr André Gygax,A5055938599,W1530207472,Do Index Effects Reflect Idiosyncratic or Industry Effects? A Re-Examination of the Winners and Losers of S&P 500 Index Addition,2007,2007-01-01,10.2139/ssrn.1009290,https://doi.org/10.2139/ssrn.1009290,SSRN Electronic Journal,1556-5068,,1556-5068,[object Object]; [object Object],2,preprint,2,,,false,true,green,https://doi.org/10.2139/ssrn.1009290,Corporate Finance and Governance; Financial Markets and Investment Strategies; Firm Innovation and Growth,2026-08-21T09:56:20.448147,2026-08-21T09:56:20.448147,openalex_orcid_only,official_orcid_to_openalex_author,high,false,false,,2026-08-29T03:05:51.808Z
unimelb-finance-012,Dr André Gygax,A5055938599,W1534886543,Learning and Predictability Across Events,2002,2002-01-01,10.2139/ssrn.314362,https://doi.org/10.2139/ssrn.314362,SSRN Electronic Journal,1556-5068,,1556-5068,[object Object]; [object Object],2,preprint,1,,,false,true,green,https://doi.org/10.2139/ssrn.314362,Financial Markets and Investment Strategies; Corporate Finance and Governance; Complex Systems and Time Series Analysis,2026-08-21T09:56:20.448147,2026-08-21T09:56:20.448147,openalex_orcid_only,official_orcid_to_openalex_author,high,false,false,,2026-08-29T03:05:51.808Z
unimelb-finance-012,Dr André Gygax,A5055938599,W1549176475,Migration of Trading and the Introduction of Single Stock Futures on the Underlying U.S. Stocks,2008,2008-01-01,10.2139/ssrn.1253622,https://doi.org/10.2139/ssrn.1253622,SSRN Electronic Journal,1556-5068,,1556-5068,[object Object]; [object Object]; [object Object]; [object Object],4,preprint,1,,,false,true,green,https://doi.org/10.2139/ssrn.1253622,Financial Markets and Investment Strategies; Market Dynamics and Volatility; Complex Systems and Time Series Analysis,2026-08-21T09:56:20.448147,2026-08-21T09:56:20.448147,openalex_orcid_only,official_orcid_to_openalex_author,high,false,false,,2026-08-29T03:05:51.808Z
unimelb-finance-012,Dr André Gygax,A5055938599,W2109532105,Testing the Arbitrage Pricing Condition of Apt,2006,2006-01-01,10.2139/ssrn.913696,https://doi.org/10.2139/ssrn.913696,SSRN Electronic Journal,1556-5068,,1556-5068,[object Object]; [object Object],2,preprint,1,,,false,true,green,https://doi.org/10.2139/ssrn.913696,Financial Markets and Investment Strategies; Housing Market and Economics; Monetary Policy and Economic Impact,2026-08-21T09:56:20.448147,2026-08-21T09:56:20.448147,openalex_orcid_only,official_orcid_to_openalex_author,high,false,false,,2026-08-29T03:05:51.808Z
unimelb-finance-012,Dr André Gygax,A5055938599,W3159243671,Reputation As an Option,2018,2018-01-01,10.2139/ssrn.3165409,https://doi.org/10.2139/ssrn.3165409,SSRN Electronic Journal,1556-5068,,1556-5068,[object Object]; [object Object],2,preprint,1,,,false,true,green,https://doi.org/10.2139/ssrn.3165409,Corporate Identity and Reputation,2026-08-21T09:56:20.448147,2026-08-21T09:56:20.448147,openalex_orcid_only,official_orcid_to_openalex_author,high,false,false,,2026-08-29T03:05:51.808Z
unimelb-finance-012,Dr André Gygax,A5055938599,W1570525105,SUCCESSION FINANCING IN FAMILY FIRMS (SUMMARY),2010,2010-01-01,,https://digitalknowledge.babson.edu/cgi/viewcontent.cgi?article=2037&context=fer,Frontiers of entrepreneurship research,0740-7416,,0740-7416,[object Object]; [object Object]; [object Object],3,article,0,0,0.11163777,false,false,closed,,Family Business Performance and Succession,2026-06-11T09:08:48.828518,2026-06-11T09:08:48.828518,openalex_orcid_only,official_orcid_to_openalex_author,high,false,false,,2026-08-29T03:05:51.808Z
unimelb-finance-012,Dr André Gygax,A5055938599,W1964320896,Energy Audit Models for Telecommunications Networks and Services,2013,2013-01-01,10.1364/acpc.2013.af3g.2,https://doi.org/10.1364/acpc.2013.af3g.2,Asia Communications and Photonics Conference 2013,,,,[object Object]; [object Object]; [object Object]; [object Object]; [object Object]; [object Object],6,conference-paper,0,0,0.02848709,false,false,closed,,Advanced Optical Network Technologies; Network Traffic and Congestion Control; Green IT and Sustainability,2026-08-21T09:56:20.448147,2026-08-21T09:56:20.448147,openalex_orcid_only,official_orcid_to_openalex_author,high,false,false,,2026-08-29T03:05:51.808Z
unimelb-finance-012,Dr André Gygax,A5055938599,W2019844136,"Energy Rating for Future Telecom Services: Motivation, Methodologies and Challenges",2012,2012-01-01,10.1364/acpc.2012.ath1d.2,https://doi.org/10.1364/acpc.2012.ath1d.2,Asia Communications and Photonics Conference,,,,[object Object]; [object Object]; [object Object]; [object Object]; [object Object]; [object Object],6,conference-paper,0,0,0.12141749,false,false,closed,,Green IT and Sustainability; Smart Grid Energy Management; ICT Impact and Policies,2026-08-21T09:56:20.448147,2026-08-21T09:56:20.448147,openalex_orcid_only,official_orcid_to_openalex_author,high,false,false,,2026-08-29T03:05:51.808Z
unimelb-finance-012,Dr André Gygax,A5055938599,W2551016427,Managing the Use-phase and Embodied Energy Consumption to Achieve Sustainable Network Growth,2016,2016-01-01,10.1364/acpc.2016.as3d.1,https://doi.org/10.1364/acpc.2016.as3d.1,,,,,[object Object]; [object Object]; [object Object]; [object Object]; [object Object],5,conference-paper,0,0,0.15603921,false,false,closed,,Green IT and Sustainability; Complex Network Analysis Techniques; ICT Impact and Policies,2026-07-29T14:22:42.915294,2026-07-29T14:22:42.915294,openalex_orcid_only,official_orcid_to_openalex_author,high,false,false,,2026-08-29T03:05:51.808Z
unimelb-finance-012,Dr André Gygax,A5055938599,W2598873086,Succession Financing in the Family Firm: The Intention to Use Debt,2009,2009-10-29,,http://www.alexandria.unisg.ch/70392/,Alexandria (UniSG) (University of St.Gallen),,,,[object Object]; [object Object]; [object Object],3,conference-paper,0,0,0.52653928,false,false,closed,,Family Business Performance and Succession; Corporate Finance and Governance; Entrepreneurship Studies and Influences,2026-08-08T01:25:22.217667,2026-08-08T01:25:22.217667,openalex_orcid_only,official_orcid_to_openalex_author,high,false,false,,2026-08-29T03:05:51.808Z
unimelb-finance-012,Dr André Gygax,A5055938599,W2612576147,An Option Theory of Social Networks,2017,2017-01-01,10.2139/ssrn.2938241,https://doi.org/10.2139/ssrn.2938241,SSRN Electronic Journal,1556-5068,,1556-5068,[object Object]; [object Object],2,preprint,0,,,false,true,green,https://doi.org/10.2139/ssrn.2938241,Game Theory and Applications; Digital Platforms and Economics; Auction Theory and Applications,2026-08-21T09:56:20.448147,2026-08-21T09:56:20.448147,openalex_orcid_only,official_orcid_to_openalex_author,high,false,false,,2026-08-29T03:05:51.808Z
unimelb-finance-012,Dr André Gygax,A5055938599,W4230069700,"Energy Star Rating for Future Telecom Services: Motivation, Methodologies and Challenges",2012,2012-01-01,10.1364/acp.2012.ath1d.2,https://doi.org/10.1364/acp.2012.ath1d.2,Asia Communications and Photonics Conference,,,,[object Object]; [object Object]; [object Object]; [object Object]; [object Object]; [object Object],6,conference-paper,0,0,0.38536255,false,false,closed,,Smart Grid Energy Management; ICT Impact and Policies; Innovation Diffusion and Forecasting,2026-07-29T14:22:42.915294,2026-07-29T14:22:42.915294,openalex_orcid_only,official_orcid_to_openalex_author,high,false,false,,2026-08-29T03:05:51.808Z
unimelb-finance-012,Dr André Gygax,A5055938599,W4247628565,Energy Audit Models for Telecommunications Networks and Services,2013,2013-01-01,10.1364/acp.2013.af3g.2,https://doi.org/10.1364/acp.2013.af3g.2,Asia Communications and Photonics Conference 2013,,,,[object Object]; [object Object]; [object Object]; [object Object]; [object Object]; [object Object],6,conference-paper,0,0,0.36337581,false,false,closed,,Power Systems and Technologies; Smart Grid and Power Systems; Electric Power System Optimization,2026-07-29T14:22:42.915294,2026-07-29T14:22:42.915294,openalex_orcid_only,official_orcid_to_openalex_author,high,false,false,,2026-08-29T03:05:51.808Z
unimelb-finance-012,Dr André Gygax,A5055938599,W4250222035,Consortium Deals and the Market for LBOs,2010,2010-01-01,10.2139/ssrn.1663443,https://doi.org/10.2139/ssrn.1663443,SSRN Electronic Journal,1556-5068,,1556-5068,[object Object]; [object Object]; [object Object],3,preprint,0,,,false,true,green,https://doi.org/10.2139/ssrn.1663443,EU Law and Policy Analysis,2026-08-21T09:56:20.448147,2026-08-21T09:56:20.448147,openalex_orcid_only,official_orcid_to_openalex_author,high,false,false,,2026-08-29T03:05:51.808Z
unimelb-finance-012,Dr André Gygax,A5055938599,W7139044525,Deep Graph Reinforcement Learning-Enabled Computation Offloading for UAV-Assisted Vehicular Edge Computing Networks,2025,2025-12-08,10.1109/globecom59602.2025.11432146,https://doi.org/10.1109/globecom59602.2025.11432146,,,,,[object Object]; [object Object]; [object Object]; [object Object]; [object Object]; [object Object],6,conference-paper,0,0,0.71632865,false,false,closed,,IoT and Edge/Fog Computing; UAV Applications and Optimization; Advanced Neural Network Applications,2026-07-29T14:22:42.915294,2026-07-29T14:22:42.915294,openalex_orcid_only,official_orcid_to_openalex_author,high,false,false,,2026-08-29T03:05:51.808Z
unimelb-finance-015,Associate Professor Joachim Inkmann,A5048924269,W3125765670,Can the Life Insurance Market Provide Evidence for a Bequest Motive?,2012,2012-03-12,10.1111/j.1539-6975.2011.01455.x,https://doi.org/10.1111/j.1539-6975.2011.01455.x,Journal of Risk & Insurance,0022-4367,1539-6975,0022-4367; 1539-6975,[object Object]; [object Object],2,article,64,10.2046,0.97930394,false,false,closed,,"Financial Literacy, Pension, Retirement Analysis; Insurance and Financial Risk Management; Insurance, Mortality, Demography, Risk Management",2026-08-21T09:56:20.448147,2026-08-21T09:56:20.448147,openalex_orcid_only,official_orcid_to_openalex_author,high,false,false,,2026-08-29T03:05:51.808Z
unimelb-finance-015,Associate Professor Joachim Inkmann,A5048924269,W851319918,Where to Patent? : Theory and evidence on international patenting,2000,2000-01-01,,http://citeseerx.ist.psu.edu/viewdoc/summary?doi=10.1.1.31.192,,,,,[object Object]; [object Object]; [object Object],3,article,9,1.0026,0.81225681,false,false,closed,,Global trade and economics; Firm Innovation and Growth; Economic Growth and Productivity,2026-08-27T14:10:00.468798,2026-08-27T14:10:00.468798,openalex_orcid_only,official_orcid_to_openalex_author,high,false,false,,2026-08-29T03:05:51.808Z
unimelb-finance-015,Associate Professor Joachim Inkmann,A5048924269,W1518455252,Misspecified heteroskedasticity in the panel probit model: A small sample comparison of GMM and SML estimators,2000,2000-08-01,10.1016/s0304-4076(99)00070-6,https://doi.org/10.1016/s0304-4076(99)00070-6,Journal of Econometrics,0304-4076,1872-6895,0304-4076; 1872-6895,[object Object],1,article,36,8.5538,0.96977084,false,false,closed,,Spatial and Panel Data Analysis; Monetary Policy and Economic Impact; Economic Growth and Productivity,2026-08-21T09:56:20.448147,2026-08-21T09:56:20.448147,openalex_orcid_only,official_orcid_to_openalex_author,high,false,false,,2026-08-29T03:05:51.808Z
unimelb-finance-015,Associate Professor Joachim Inkmann,A5048924269,W2114402757,M ANAGING F INANCIALLY D ISTRESSED P ENSION P LANS IN THE I NTEREST OF B ENEFICIARIES,2015,2015-07-16,10.1111/jori.12090,https://doi.org/10.1111/jori.12090,Journal of Risk & Insurance,0022-4367,1539-6975,0022-4367; 1539-6975,[object Object]; [object Object]; [object Object],3,article,11,4.3546,0.94783747,false,false,closed,,"Insurance and Financial Risk Management; Insurance, Mortality, Demography, Risk Management; Financial Literacy, Pension, Retirement Analysis",2026-08-21T09:56:20.448147,2026-08-21T09:56:20.448147,openalex_orcid_only,official_orcid_to_openalex_author,high,false,false,,2026-08-29T03:05:51.808Z
unimelb-finance-015,Associate Professor Joachim Inkmann,A5048924269,W3124338992,Optimal hedging of the currency exchange risk exposure of dynamically balanced strategic asset allocations,2003,2003-09-01,10.1057/palgrave.jam.2240102,https://doi.org/10.1057/palgrave.jam.2240102,Journal of Asset Management,1470-8272,1479-179X,1470-8272; 1479-179X,[object Object]; [object Object],2,article,7,0.3736,0.75501747,false,false,closed,,Financial Risk and Volatility Modeling; Market Dynamics and Volatility; Risk Management in Financial Firms,2026-08-21T09:56:20.448147,2026-08-21T09:56:20.448147,openalex_orcid_only,official_orcid_to_openalex_author,high,false,false,,2026-08-29T03:05:51.808Z
unimelb-finance-015,Associate Professor Joachim Inkmann,A5048924269,W647867615,Permanente Narben oder temporäre Blessuren? : Eine Studie über die langfristigen Folgen eines missglückten Einstiegs in das Berufsleben auf der Grundlage von Pseudo-Panel-Daten,1998,1998-01-01,,https://openalex.org/W647867615,,,,,[object Object]; [object Object]; [object Object],3,article,7,4.0373,0.93199453,false,false,closed,,Sociology and Education Studies; Health and Medical Studies,2026-06-11T09:08:48.828518,2026-06-11T09:08:48.828518,openalex_orcid_only,official_orcid_to_openalex_author,high,false,false,,2026-08-29T03:05:51.808Z
unimelb-finance-015,Associate Professor Joachim Inkmann,A5048924269,W3122474402,Life-cycle patterns in the design and adoption of default funds in DC pension plans,2015,2015-01-26,10.1017/s1474747214000511,https://doi.org/10.1017/s1474747214000511,Journal of Pensions Economics and Finance,1474-7472,1475-3022,1474-7472; 1475-3022,[object Object]; [object Object],2,article,6,0.8762,0.86338857,false,true,bronze,https://www.cambridge.org/core/services/aop-cambridge-core/content/view/B8942995635D8E323A2CDE5D752E0235/S1474747214000511a.pdf/div-class-title-life-cycle-patterns-in-the-design-and-adoption-of-default-funds-in-dc-pension-plans-a-href-fns01-ref-type-fn-a-div.pdf,"Financial Literacy, Pension, Retirement Analysis; Global Health Care Issues; demographic modeling and climate adaptation",2026-08-21T09:56:20.448147,2026-08-21T09:56:20.448147,openalex_orcid_only,official_orcid_to_openalex_author,high,false,false,,2026-08-29T03:05:51.808Z
unimelb-finance-015,Associate Professor Joachim Inkmann,A5048924269,W181335964,Monte Carlo Investigation,2001,2001-01-01,10.1007/978-3-642-56571-7_9,https://doi.org/10.1007/978-3-642-56571-7_9,Lecture notes in economics and mathematical systems,0075-8442,2196-9957,0075-8442; 2196-9957,[object Object],1,book-chapter,5,0,0.09052632,false,false,closed,,Advanced Statistical Methods and Models; Statistical Methods and Bayesian Inference; Statistical Methods and Inference,2026-08-04T08:18:43.703281,2026-08-04T08:18:43.703281,openalex_orcid_only,official_orcid_to_openalex_author,high,false,false,,2026-08-29T03:05:51.808Z
unimelb-finance-015,Associate Professor Joachim Inkmann,A5048924269,W1984234510,Estimating Firm Size Elasticities of Product and Process R&D,2008,2008-12-11,10.1111/j.1468-0335.2008.00768.x,https://doi.org/10.1111/j.1468-0335.2008.00768.x,Economica,0013-0427,1468-0335,0013-0427; 1468-0335,[object Object],1,article,3,0,0.13263174,false,false,closed,,Firm Innovation and Growth; Innovation Policy and R&D; Global trade and economics,2026-08-21T09:56:20.448147,2026-08-21T09:56:20.448147,openalex_orcid_only,official_orcid_to_openalex_author,high,false,false,,2026-08-29T03:05:51.808Z
unimelb-finance-015,Associate Professor Joachim Inkmann,A5048924269,W1508616567,Parametric Portfolio Policies in the Surplus Consumption Ratio,2015,2015-04-07,10.1111/irfi.12049,https://doi.org/10.1111/irfi.12049,International Review of Finance,1369-412X,1468-2443,1369-412X; 1468-2443,[object Object]; [object Object],2,article,3,0,0.03622734,false,false,closed,,Financial Markets and Investment Strategies; Monetary Policy and Economic Impact; Stochastic processes and financial applications,2026-08-21T09:56:20.448147,2026-08-21T09:56:20.448147,openalex_orcid_only,official_orcid_to_openalex_author,high,false,false,,2026-08-29T03:05:51.808Z
unimelb-finance-015,Associate Professor Joachim Inkmann,A5048924269,W1548878472,Langfristige Folgen eines mißglückten Übergangs von der Lehre in den Beruf,2000,2000-01-01,10.1007/978-3-663-11927-2_4,https://doi.org/10.1007/978-3-663-11927-2_4,VS Verlag für Sozialwissenschaften eBooks,,,,[object Object]; [object Object]; [object Object],3,book-chapter,4,2.5688,0.94579288,false,false,closed,,German Economic Analysis & Policies; Labor market dynamics and wage inequality; Social Policy and Reform Studies,2026-06-11T09:08:48.828518,2026-06-11T09:08:48.828518,openalex_orcid_only,official_orcid_to_openalex_author,high,false,false,,2026-08-29T03:05:51.808Z
unimelb-finance-015,Associate Professor Joachim Inkmann,A5048924269,W2497246288,Conditional Moment Estimation of Nonlinear Equation Systems,2001,2001-01-01,10.1007/978-3-642-56571-7,https://doi.org/10.1007/978-3-642-56571-7,Lecture notes in economics and mathematical systems,0075-8442,2196-9957,0075-8442; 2196-9957,[object Object],1,book,5,0.2046,0.69248292,false,false,closed,,Advanced Control Systems Optimization; Control Systems and Identification; Model Reduction and Neural Networks,2026-08-27T14:10:00.468798,2026-08-27T14:10:00.468798,openalex_orcid_only,official_orcid_to_openalex_author,high,false,false,,2026-08-29T03:05:51.808Z
unimelb-finance-015,Associate Professor Joachim Inkmann,A5048924269,W2162147715,How Deep is the Annuity Market Participation Puzzle?,2010,2010-01-01,10.2139/ssrn.1708027,https://doi.org/10.2139/ssrn.1708027,SSRN Electronic Journal,1556-5068,,1556-5068,[object Object]; [object Object]; [object Object],3,preprint,101,,,false,true,green,https://doi.org/10.2139/ssrn.1708027,"Financial Literacy, Pension, Retirement Analysis; Global Health Care Issues; Insurance, Mortality, Demography, Risk Management",2026-08-21T09:56:20.448147,2026-08-21T09:56:20.448147,openalex_orcid_only,official_orcid_to_openalex_author,high,false,false,,2026-08-29T03:05:51.808Z
unimelb-finance-015,Associate Professor Joachim Inkmann,A5048924269,W1987993641,Young and Out in Germany: On the Youths' Chances of Labor Market Entrance in Germany,1997,1997-10-01,10.3386/w6212,https://doi.org/10.3386/w6212,National Bureau of Economic Research,,,,[object Object]; [object Object]; [object Object]; [object Object],4,report,56,,,false,true,green,http://www.nber.org/chapters/c6812.pdf,German Economic Analysis & Policies; Labor market dynamics and wage inequality; Social and Demographic Issues in Germany,2026-08-27T14:10:00.468798,2026-08-27T14:10:00.468798,openalex_orcid_only,official_orcid_to_openalex_author,high,false,false,,2026-08-29T03:05:51.808Z
unimelb-finance-015,Associate Professor Joachim Inkmann,A5048924269,W2262311775,Can the Life Insurance Market Provide Evidence for a Bequest Motive?,2010,2010-01-01,10.2139/ssrn.1653333,https://doi.org/10.2139/ssrn.1653333,SSRN Electronic Journal,1556-5068,,1556-5068,[object Object]; [object Object],2,preprint,20,,,false,true,green,https://doi.org/10.2139/ssrn.1653333,"Financial Literacy, Pension, Retirement Analysis; Insurance and Financial Risk Management; Insurance, Mortality, Demography, Risk Management",2026-08-21T09:56:20.448147,2026-08-21T09:56:20.448147,openalex_orcid_only,official_orcid_to_openalex_author,high,false,false,,2026-08-29T03:05:51.808Z
unimelb-finance-015,Associate Professor Joachim Inkmann,A5048924269,W1563179944,Horizontal and Vertical R&D Cooperation,2000,2000-01-01,,https://www.econstor.eu/bitstream/10419/85237/1/dp00-02.pdf,RePEc: Research Papers in Economics,,,,[object Object],1,preprint,16,,,false,true,green,http://nbn-resolving.de/urn:nbn:de:bsz:352-opus-4174,Merger and Competition Analysis; Global trade and economics; Firm Innovation and Growth,2026-08-25T07:29:55.448023,2026-08-25T07:29:55.448023,openalex_orcid_only,official_orcid_to_openalex_author,high,false,false,,2026-08-29T03:05:51.808Z
unimelb-finance-015,Associate Professor Joachim Inkmann,A5048924269,W1490194979,"Finite Sample Properties of One-Step, Two-Step and Bootstrap Empirical Likelihood Approaches to Efficient GMM Estimation",2000,2000-01-01,,http://fmwww.bc.edu/RePEc/es2000/0332.pdf,RePEc: Research Papers in Economics,,,,[object Object],1,preprint,9,,,false,true,green,http://hdl.handle.net/10419/85168,Spatial and Panel Data Analysis; Monetary Policy and Economic Impact; Climate Change Policy and Economics,2026-08-26T07:47:46.906454,2026-08-26T07:47:46.906454,openalex_orcid_only,official_orcid_to_openalex_author,high,false,false,,2026-08-29T03:05:51.808Z
unimelb-finance-015,Associate Professor Joachim Inkmann,A5048924269,W1572970366,UBS Paper 044) How Deep is the Annuity Market Participation Puzzle,2007,2007-07-01,,http://www.lse.ac.uk/fmg/workingPapers/discussionPapers/fmgdps/dp593UBS044.pdf,RePEc: Research Papers in Economics,,,,[object Object]; [object Object]; [object Object],3,preprint,6,,,false,false,closed,,"Financial Literacy, Pension, Retirement Analysis; Insurance, Mortality, Demography, Risk Management; Global Health Care Issues",2026-08-11T07:18:39.950985,2026-08-11T07:18:39.950985,openalex_orcid_only,official_orcid_to_openalex_author,high,false,false,,2026-08-29T03:05:51.808Z
unimelb-finance-015,Associate Professor Joachim Inkmann,A5048924269,W3121524161,Can the Life Insurance Market Provide Evidence for a Bequest Motive,2011,2011-01-01,,https://red-files-public.s3.amazonaws.com/meetpapers/2011/paper_108.pdf,RePEc: Research Papers in Economics,,,,[object Object]; [object Object],2,preprint,6,,,false,false,closed,,"Insurance and Financial Risk Management; Insurance, Mortality, Demography, Risk Management; Financial Literacy, Pension, Retirement Analysis",2026-08-11T07:18:39.950985,2026-08-11T07:18:39.950985,openalex_orcid_only,official_orcid_to_openalex_author,high,false,false,,2026-08-29T03:05:51.808Z
unimelb-finance-015,Associate Professor Joachim Inkmann,A5048924269,W4210930108,How Deep is the Annuity Market Participation Puzzle?,2008,2008-01-01,10.2139/ssrn.1099911,https://doi.org/10.2139/ssrn.1099911,SSRN Electronic Journal,1556-5068,,1556-5068,[object Object]; [object Object]; [object Object],3,preprint,6,,,false,true,green,https://doi.org/10.2139/ssrn.1099911,"Private Equity and Venture Capital; Financial Literacy, Pension, Retirement Analysis; State Capitalism and Financial Governance",2026-08-21T09:56:20.448147,2026-08-21T09:56:20.448147,openalex_orcid_only,official_orcid_to_openalex_author,high,false,false,,2026-08-29T03:05:51.808Z
unimelb-finance-015,Associate Professor Joachim Inkmann,A5048924269,W612847828,Conditional Moment Estimation of Nonlinear Equation Systems: With an Application to an Oligopoly Model of Cooperative R&D,2000,2000-11-06,,https://mefesuvo.files.wordpress.com/2014/06/an-introduction-to-classical-econometric-theory.pdf,,,,,[object Object],1,book,5,0.6113,0.80874317,false,false,closed,,Scientific Measurement and Uncertainty Evaluation,2026-07-22T07:51:19.307946,2026-07-22T07:51:19.307946,openalex_orcid_only,official_orcid_to_openalex_author,high,false,false,,2026-08-29T03:05:51.808Z
unimelb-finance-015,Associate Professor Joachim Inkmann,A5048924269,W1572324826,Growing into Work - Pseudo Panel Data Evidence on Labor Market Entrance in Germany,1998,1998-01-01,,https://www.econstor.eu/bitstream/10419/29376/1/253317037.pdf,RePEc: Research Papers in Economics,,,,[object Object]; [object Object]; [object Object],3,preprint,4,,,false,true,green,http://hdl.handle.net/10419/29376,Labor market dynamics and wage inequality; German Economic Analysis & Policies; Economic Policies and Impacts,2026-08-27T14:10:00.468798,2026-08-27T14:10:00.468798,openalex_orcid_only,official_orcid_to_openalex_author,high,false,false,,2026-08-29T03:05:51.808Z
unimelb-finance-015,Associate Professor Joachim Inkmann,A5048924269,W1576234843,Accounting for Nonresponse Heterogeneity in Panel Data,2001,2001-01-01,,http://cofe.uni-konstanz.de/Papers/dp01_03.pdf,RePEc: Research Papers in Economics,,,,[object Object],1,preprint,4,,,false,false,closed,,Spatial and Panel Data Analysis; Efficiency Analysis Using DEA; Global trade and economics,2026-08-25T07:29:55.448023,2026-08-25T07:29:55.448023,openalex_orcid_only,official_orcid_to_openalex_author,high,false,false,,2026-08-29T03:05:51.808Z
unimelb-finance-015,Associate Professor Joachim Inkmann,A5048924269,W1497680083,The Term Structure of Funding Spreads,2008,2008-01-01,10.2139/ssrn.1340360,https://doi.org/10.2139/ssrn.1340360,SSRN Electronic Journal,1556-5068,,1556-5068,[object Object]; [object Object],2,preprint,3,,,false,true,green,https://doi.org/10.2139/ssrn.1340360,"Financial Literacy, Pension, Retirement Analysis; Insurance, Mortality, Demography, Risk Management; Housing Market and Economics",2026-07-14T23:27:15.235271,2026-07-14T23:27:15.235271,openalex_orcid_only,official_orcid_to_openalex_author,high,false,false,,2026-08-29T03:05:51.808Z
unimelb-finance-015,Associate Professor Joachim Inkmann,A5048924269,W2079473325,Optimal Hedging of the Currency Exchange Risk Exposure of Dynamically Balanced Strategic Asset Allocations,2002,2002-01-01,10.2139/ssrn.302152,https://doi.org/10.2139/ssrn.302152,SSRN Electronic Journal,1556-5068,,1556-5068,[object Object]; [object Object],2,preprint,3,,,false,true,green,https://doi.org/10.2139/ssrn.302152,Risk Management in Financial Firms,2026-08-21T09:56:20.448147,2026-08-21T09:56:20.448147,openalex_orcid_only,official_orcid_to_openalex_author,high,false,false,,2026-08-29T03:05:51.808Z
unimelb-finance-015,Associate Professor Joachim Inkmann,A5048924269,W2160445573,Life-Cycle Patterns in the Design and Adoption of Default Funds in DC Pension Plans,2014,2014-01-01,10.2139/ssrn.2710557,https://doi.org/10.2139/ssrn.2710557,SSRN Electronic Journal,1556-5068,,1556-5068,[object Object]; [object Object],2,preprint,3,,,false,true,green,https://doi.org/10.2139/ssrn.2710557,"Financial Literacy, Pension, Retirement Analysis; Housing Market and Economics; Insurance, Mortality, Demography, Risk Management",2026-08-04T08:18:43.703281,2026-08-04T08:18:43.703281,openalex_orcid_only,official_orcid_to_openalex_author,high,false,false,,2026-08-29T03:05:51.808Z
unimelb-finance-015,Associate Professor Joachim Inkmann,A5048924269,W3138377751,Aggregate Portfolio Choice,2020,2020-01-01,10.2139/ssrn.3665862,https://doi.org/10.2139/ssrn.3665862,SSRN Electronic Journal,1556-5068,,1556-5068,[object Object],1,preprint,3,,,false,true,green,https://doi.org/10.2139/ssrn.3665862,"Financial Markets and Investment Strategies; Monetary Policy and Economic Impact; Financial Literacy, Pension, Retirement Analysis",2026-08-21T09:56:20.448147,2026-08-21T09:56:20.448147,openalex_orcid_only,official_orcid_to_openalex_author,high,false,false,,2026-08-29T03:05:51.808Z
unimelb-finance-015,Associate Professor Joachim Inkmann,A5048924269,W1835405370,Inverse Probability Weighted Generalised Empirical Likelihood Estimators: Firm Size and R&D Revisited,2006,2006-01-01,10.2139/ssrn.875613,https://doi.org/10.2139/ssrn.875613,SSRN Electronic Journal,1556-5068,,1556-5068,[object Object],1,preprint,2,,,false,true,green,https://doi.org/10.2139/ssrn.875613,Firm Innovation and Growth; Global trade and economics; Innovation Policy and R&D,2026-08-26T07:47:46.906454,2026-08-26T07:47:46.906454,openalex_orcid_only,official_orcid_to_openalex_author,high,false,false,,2026-08-29T03:05:51.808Z
unimelb-finance-015,Associate Professor Joachim Inkmann,A5048924269,W200252222,Pension Liability Valuation and Asset Allocation in the Presence of Funding Risk,2011,2011-06-20,,http://citeseerx.ist.psu.edu/viewdoc/summary?doi=10.1.1.192.6924,,,,,[object Object]; [object Object]; [object Object],3,article,2,0,0.05288377,false,false,closed,,"Hermeneutics and Narrative Identity; Aging, Elder Care, and Social Issues; Health, Medicine and Society",2026-08-26T07:47:46.906454,2026-08-26T07:47:46.906454,openalex_orcid_only,official_orcid_to_openalex_author,high,false,false,,2026-08-29T03:05:51.808Z
unimelb-finance-015,Associate Professor Joachim Inkmann,A5048924269,W2205224796,Circumventing multiple integration: A comparison of GMM and SML estimators for the panel probit model,1997,1997-01-01,,https://www.econstor.eu/bitstream/10419/101663/1/733234461.pdf,RePEc: Research Papers in Economics,,,,[object Object],1,preprint,2,,,false,true,green,http://hdl.handle.net/10419/101663,Global trade and economics; Economic Growth and Productivity; Spatial and Panel Data Analysis,2026-08-27T14:10:00.468798,2026-08-27T14:10:00.468798,openalex_orcid_only,official_orcid_to_openalex_author,high,false,false,,2026-08-29T03:05:51.808Z
unimelb-finance-015,Associate Professor Joachim Inkmann,A5048924269,W2485965506,Assessing the Demand for Annuities in an Undeveloped Market: Evidence from Hong Kong,2016,2016-01-01,10.2139/ssrn.2811610,https://doi.org/10.2139/ssrn.2811610,SSRN Electronic Journal,1556-5068,,1556-5068,[object Object]; [object Object]; [object Object]; [object Object],4,preprint,2,,,false,true,green,https://doi.org/10.2139/ssrn.2811610,"Financial Literacy, Pension, Retirement Analysis; demographic modeling and climate adaptation; Housing Market and Economics",2026-08-28T12:50:07.497085,2026-08-28T12:50:07.497085,openalex_orcid_only,official_orcid_to_openalex_author,high,false,false,,2026-08-29T03:05:51.808Z
unimelb-finance-015,Associate Professor Joachim Inkmann,A5048924269,W2122456551,Liability Valuation and Optimal Asset Allocation,2004,2004-01-01,,https://researchonline.lse.ac.uk/id/eprint/24754/1/434_dp507.pdf,London School of Economics and Political Science Research Online (London School of Economics and Political Science),,,,[object Object]; [object Object],2,report,1,,,false,true,green,http://eprints.lse.ac.uk/24754/1/434_dp507.pdf,"Insurance and Financial Risk Management; Insurance, Mortality, Demography, Risk Management; Credit Risk and Financial Regulations",2026-08-26T07:47:46.906454,2026-08-26T07:47:46.906454,openalex_orcid_only,official_orcid_to_openalex_author,high,false,false,,2026-08-29T03:05:51.808Z
unimelb-finance-015,Associate Professor Joachim Inkmann,A5048924269,W3121263427,Young and Out in Germany (On Youths? Chances of Labor Market Entrance in Germany),1997,1997-01-01,,http://www.nber.org/papers/w6212.pdf,RePEc: Research Papers in Economics,,,,[object Object]; [object Object]; [object Object]; [object Object],4,preprint,1,,,false,false,closed,,German Economic Analysis & Policies; Social and Demographic Issues in Germany; Labor market dynamics and wage inequality,2026-08-27T14:10:00.468798,2026-08-27T14:10:00.468798,openalex_orcid_only,official_orcid_to_openalex_author,high,false,false,,2026-08-29T03:05:51.808Z
unimelb-finance-015,Associate Professor Joachim Inkmann,A5048924269,W3160904578,Estimating background risk hedging demands from cross-sectional data,2019,2019-01-01,10.2139/ssrn.3428088,https://doi.org/10.2139/ssrn.3428088,SSRN Electronic Journal,1556-5068,,1556-5068,[object Object]; [object Object]; [object Object],3,preprint,1,,,false,true,green,https://doi.org/10.2139/ssrn.3428088,"Monetary Policy and Economic Impact; Financial Literacy, Pension, Retirement Analysis; Financial Markets and Investment Strategies",2026-08-21T09:56:20.448147,2026-08-21T09:56:20.448147,openalex_orcid_only,official_orcid_to_openalex_author,high,false,false,,2026-08-29T03:05:51.808Z
unimelb-finance-015,Associate Professor Joachim Inkmann,A5048924269,W4236170998,Intra-Household Risk Sharing in Collective Portfolio Choice Models,2021,2021-01-01,10.2139/ssrn.3965481,https://doi.org/10.2139/ssrn.3965481,SSRN Electronic Journal,1556-5068,,1556-5068,[object Object]; [object Object]; [object Object],3,preprint,1,,,false,true,green,https://doi.org/10.2139/ssrn.3965481,"Financial Literacy, Pension, Retirement Analysis; Gender, Labor, and Family Dynamics; Insurance, Mortality, Demography, Risk Management",2026-08-21T09:56:20.448147,2026-08-21T09:56:20.448147,openalex_orcid_only,official_orcid_to_openalex_author,high,false,false,,2026-08-29T03:05:51.808Z
unimelb-finance-015,Associate Professor Joachim Inkmann,A5048924269,W14870810,Theory of Cooperative R&D,2001,2001-01-01,10.1007/978-3-642-56571-7_10,https://doi.org/10.1007/978-3-642-56571-7_10,Lecture notes in economics and mathematical systems,0075-8442,2196-9957,0075-8442; 2196-9957,[object Object],1,book-chapter,0,0,0.00180785,false,false,closed,,Innovation Policy and R&D; Technology Assessment and Management,2026-08-21T09:56:20.448147,2026-08-21T09:56:20.448147,openalex_orcid_only,official_orcid_to_openalex_author,high,false,false,,2026-08-29T03:05:51.808Z
unimelb-finance-015,Associate Professor Joachim Inkmann,A5048924269,W157914272,Computation of GMM Estimators,2001,2001-01-01,10.1007/978-3-642-56571-7_4,https://doi.org/10.1007/978-3-642-56571-7_4,Lecture notes in economics and mathematical systems,0075-8442,2196-9957,0075-8442; 2196-9957,[object Object],1,book-chapter,0,0,0.10841424,false,false,closed,,Probabilistic and Robust Engineering Design,2026-08-04T08:18:43.703281,2026-08-04T08:18:43.703281,openalex_orcid_only,official_orcid_to_openalex_author,high,false,false,,2026-08-29T03:05:51.808Z
unimelb-finance-015,Associate Professor Joachim Inkmann,A5048924269,W200815468,Empirical Evidence on Cooperative R&D,2001,2001-01-01,10.1007/978-3-642-56571-7_11,https://doi.org/10.1007/978-3-642-56571-7_11,Lecture notes in economics and mathematical systems,0075-8442,2196-9957,0075-8442; 2196-9957,[object Object],1,book-chapter,0,0,0.04894112,false,false,closed,,Innovation Policy and R&D; Firm Innovation and Growth; Innovation and Knowledge Management,2026-08-21T09:56:20.448147,2026-08-21T09:56:20.448147,openalex_orcid_only,official_orcid_to_openalex_author,high,false,false,,2026-08-29T03:05:51.808Z
unimelb-finance-015,Associate Professor Joachim Inkmann,A5048924269,W21674724,GMM Estimation with Optimal Weights,2001,2001-01-01,10.1007/978-3-642-56571-7_7,https://doi.org/10.1007/978-3-642-56571-7_7,Lecture notes in economics and mathematical systems,0075-8442,2196-9957,0075-8442; 2196-9957,[object Object],1,book-chapter,0,0,0.01618123,false,false,closed,,Scientific Measurement and Uncertainty Evaluation; Probabilistic and Robust Engineering Design; Advanced Statistical Methods and Models,2026-08-04T08:18:43.703281,2026-08-04T08:18:43.703281,openalex_orcid_only,official_orcid_to_openalex_author,high,false,false,,2026-08-29T03:05:51.808Z
unimelb-finance-015,Associate Professor Joachim Inkmann,A5048924269,W2254688983,How Deep Is the Annuity Market Participation Puzzle?,2010,2010-09-28,10.1093/rfs/hhq080,https://doi.org/10.1093/rfs/hhq080,Review of Financial Studies,0893-9454,1465-7368,0893-9454; 1465-7368,[object Object]; [object Object]; [object Object],3,article,0,0,0.31128902,false,true,bronze,https://academic.oup.com/rfs/article-pdf/24/1/279/24441033/hhq080.pdf,"Financial Literacy, Pension, Retirement Analysis; Global Health Care Issues; Insurance, Mortality, Demography, Risk Management",2026-08-26T07:47:46.906454,2026-08-26T07:47:46.906454,openalex_orcid_only,official_orcid_to_openalex_author,high,false,false,,2026-08-29T03:05:51.808Z
unimelb-finance-015,Associate Professor Joachim Inkmann,A5048924269,W2580525761,Microstructure of financial markets in Europe (MICFINMA),2002,2002-09-01,,https://www.narcis.nl/research/RecordID/OND1315297,,,,,[object Object]; [object Object],2,article,0,0,0.37867506,false,false,closed,,"Global Financial Crisis and Policies; Finance, Markets, and Regulation; Banking stability, regulation, efficiency",2026-06-11T09:08:48.828518,2026-06-11T09:08:48.828518,openalex_orcid_only,official_orcid_to_openalex_author,high,false,false,,2026-08-29T03:05:51.808Z
unimelb-finance-015,Associate Professor Joachim Inkmann,A5048924269,W3123490453,Misspecified heteroskedasticity in the panel probit model: A small sample comparison of GMM and SML estimators,1999,1999-04-14,,http://cofe.uni-konstanz.de/Papers/dp99_04.pdf,RePEc: Research Papers in Economics,,,,[object Object],1,preprint,0,,,false,true,green,https://www.econstor.eu/bitstream/10419/85235/1/dp99-04.pdf,Economic Growth and Productivity; Global trade and economics; Firm Innovation and Growth,2026-08-26T07:47:46.906454,2026-08-26T07:47:46.906454,openalex_orcid_only,official_orcid_to_openalex_author,high,false,false,,2026-08-29T03:05:51.808Z
unimelb-finance-015,Associate Professor Joachim Inkmann,A5048924269,W3123750759,Inverse Probability Weighted Generalised Empirical Likelihood Estimators : Firm Size and R&D Revisited,2005,2005-01-01,,https://repository.tilburguniversity.edu/bitstreams/9135bebf-dff7-4a2f-8864-e45ef7988aa2/download,RePEc: Research Papers in Economics,,,,[object Object],1,preprint,0,,,false,false,closed,,Firm Innovation and Growth; Global trade and economics; Innovation Policy and R&D,2026-08-11T07:18:39.950985,2026-08-11T07:18:39.950985,openalex_orcid_only,official_orcid_to_openalex_author,high,false,false,,2026-08-29T03:05:51.808Z
unimelb-finance-015,Associate Professor Joachim Inkmann,A5048924269,W3152103933,Compensating wage differentials for defined benefit and defined contribution occupational pension scheme benefits,2006,2006-01-01,,https://researchonline.lse.ac.uk/id/eprint/24516/1/dp564.pdf,London School of Economics and Political Science Research Online (London School of Economics and Political Science),,,,[object Object],1,report,0,,,false,true,green,http://eprints.lse.ac.uk/24516/1/dp564.pdf,"Retirement, Disability, and Employment; Global Health Care Issues; Financial Literacy, Pension, Retirement Analysis",2026-08-27T14:10:00.468798,2026-08-27T14:10:00.468798,openalex_orcid_only,official_orcid_to_openalex_author,high,false,false,,2026-08-29T03:05:51.808Z
unimelb-finance-015,Associate Professor Joachim Inkmann,A5048924269,W4206091185,Conclusion,2001,2001-01-01,10.1007/978-3-642-56571-7_12,https://doi.org/10.1007/978-3-642-56571-7_12,Lecture notes in economics and mathematical systems,0075-8442,2196-9957,0075-8442; 2196-9957,[object Object],1,book-chapter,0,0,0.40806754,false,false,closed,,Advanced Statistical Methods and Models; Monetary Policy and Economic Impact; Statistical Methods and Inference,2025-11-06T03:46:38.306776,2025-11-06T03:46:38.306776,openalex_orcid_only,official_orcid_to_openalex_author,high,false,false,,2026-08-29T03:05:51.808Z
unimelb-finance-015,Associate Professor Joachim Inkmann,A5048924269,W4237644545,Introduction,2001,2001-01-01,10.1007/978-3-642-56571-7_1,https://doi.org/10.1007/978-3-642-56571-7_1,Lecture notes in economics and mathematical systems,0075-8442,2196-9957,0075-8442; 2196-9957,[object Object],1,book-chapter,0,0,0.51368421,false,false,closed,,Statistical Distribution Estimation and Applications; Statistical Methods and Bayesian Inference,2026-08-04T08:18:43.703281,2026-08-04T08:18:43.703281,openalex_orcid_only,official_orcid_to_openalex_author,high,false,false,,2026-08-29T03:05:51.808Z
unimelb-finance-015,Associate Professor Joachim Inkmann,A5048924269,W4252297185,Parametric Portfolio Policies in the Surplus Consumption Ratio,2009,2009-01-01,10.2139/ssrn.1342385,https://doi.org/10.2139/ssrn.1342385,SSRN Electronic Journal,1556-5068,,1556-5068,[object Object],1,preprint,0,,,false,true,green,https://doi.org/10.2139/ssrn.1342385,Financial Markets and Investment Strategies; Housing Market and Economics; Stochastic processes and financial applications,2026-08-21T09:56:20.448147,2026-08-21T09:56:20.448147,openalex_orcid_only,official_orcid_to_openalex_author,high,false,false,,2026-08-29T03:05:51.808Z
unimelb-finance-015,Associate Professor Joachim Inkmann,A5048924269,W4254760830,Overidentifying Restrictions,2001,2001-01-01,10.1007/978-3-642-56571-7_6,https://doi.org/10.1007/978-3-642-56571-7_6,Lecture notes in economics and mathematical systems,0075-8442,2196-9957,0075-8442; 2196-9957,[object Object],1,book-chapter,0,0,0.68421053,false,false,closed,,Statistical Methods and Bayesian Inference; Advanced Statistical Methods and Models; Statistical Methods and Inference,2026-08-04T08:18:43.703281,2026-08-04T08:18:43.703281,openalex_orcid_only,official_orcid_to_openalex_author,high,false,false,,2026-08-29T03:05:51.808Z
unimelb-finance-015,Associate Professor Joachim Inkmann,A5048924269,W50208060,The Conditional Moment Approach to GMM Estimation,2001,2001-01-01,10.1007/978-3-642-56571-7_2,https://doi.org/10.1007/978-3-642-56571-7_2,Lecture notes in economics and mathematical systems,0075-8442,2196-9957,0075-8442; 2196-9957,[object Object],1,book-chapter,0,0,0.02526316,false,false,closed,,Fuzzy Systems and Optimization; Crystallization and Solubility Studies,2026-08-04T08:18:43.703281,2026-08-04T08:18:43.703281,openalex_orcid_only,official_orcid_to_openalex_author,high,false,false,,2026-08-29T03:05:51.808Z
unimelb-finance-015,Associate Professor Joachim Inkmann,A5048924269,W66406761,GMM Estimation with Optimal Instruments,2001,2001-01-01,10.1007/978-3-642-56571-7_8,https://doi.org/10.1007/978-3-642-56571-7_8,Lecture notes in economics and mathematical systems,0075-8442,2196-9957,0075-8442; 2196-9957,[object Object],1,book-chapter,0,0,0.05501618,false,false,closed,,Scientific Measurement and Uncertainty Evaluation; Probabilistic and Robust Engineering Design; Optimal Experimental Design Methods,2026-08-04T08:18:43.703281,2026-08-04T08:18:43.703281,openalex_orcid_only,official_orcid_to_openalex_author,high,false,false,,2026-08-29T03:05:51.808Z
unimelb-finance-015,Associate Professor Joachim Inkmann,A5048924269,W7148327953,Replication Package for: Intra-Household Risk Sharing in Collective Portfolio Choice Models,2026,2026-04-01,10.7910/dvn/rzisvd,https://doi.org/10.7910/dvn/rzisvd,Harvard Dataverse,,,,[object Object]; [object Object]; [object Object],3,dataset,0,,,false,true,green,https://doi.org/10.7910/dvn/rzisvd,,2026-07-01T06:00:48.157686,2026-07-01T06:00:48.157686,openalex_orcid_only,official_orcid_to_openalex_author,high,false,false,,2026-08-29T03:05:51.808Z
unimelb-finance-015,Associate Professor Joachim Inkmann,A5048924269,W7156277407,Intra-Household Risk Sharing in Collective Portfolio Choice Models,2026,2026-04-27,10.1017/s0022109026102920,https://doi.org/10.1017/s0022109026102920,Journal of Financial and Quantitative Analysis,0022-1090,1756-6916,0022-1090; 1756-6916,[object Object]; [object Object]; [object Object],3,article,0,0,0.38119089,false,true,hybrid,https://doi.org/10.1017/s0022109026102920,"Financial Literacy, Pension, Retirement Analysis; Agricultural risk and resilience; Risk and Portfolio Optimization",2026-08-21T09:56:20.448147,2026-08-21T09:56:20.448147,openalex_orcid_only,official_orcid_to_openalex_author,high,false,false,,2026-08-29T03:05:51.808Z
unimelb-finance-015,Associate Professor Joachim Inkmann,A5048924269,W73690716,Asymptotic Efficiency Bounds,2001,2001-01-01,10.1007/978-3-642-56571-7_5,https://doi.org/10.1007/978-3-642-56571-7_5,Lecture notes in economics and mathematical systems,0075-8442,2196-9957,0075-8442; 2196-9957,[object Object],1,book-chapter,0,0,0.04210526,false,false,closed,,Advanced Statistical Methods and Models,2026-08-04T08:18:43.703281,2026-08-04T08:18:43.703281,openalex_orcid_only,official_orcid_to_openalex_author,high,false,false,,2026-08-29T03:05:51.808Z
unimelb-finance-015,Associate Professor Joachim Inkmann,A5048924269,W93610239,Asymptotic Properties of GMM Estimators,2001,2001-01-01,10.1007/978-3-642-56571-7_3,https://doi.org/10.1007/978-3-642-56571-7_3,Lecture notes in economics and mathematical systems,0075-8442,2196-9957,0075-8442; 2196-9957,[object Object],1,book-chapter,0,0,0.06796117,false,false,closed,,Probabilistic and Robust Engineering Design; Control Systems and Identification,2026-08-04T08:18:43.703281,2026-08-04T08:18:43.703281,openalex_orcid_only,official_orcid_to_openalex_author,high,false,false,,2026-08-29T03:05:51.808Z
unimelb-finance-016,Dr Eduard Inozemtsev,A5023470717,W2895702843,Actively managed Russian mutualfunds: Good or bad for investors?,2018,2018-03-28,10.32609/0042-8736-2018-3-64-79,https://doi.org/10.32609/0042-8736-2018-3-64-79,Voprosy Ekonomiki,0042-8736,,0042-8736,[object Object]; [object Object],2,article,4,0.566,0.72156027,false,false,closed,,"Financial Markets and Investment Strategies; Banking stability, regulation, efficiency; Economic and Technological Developments in Russia",2026-08-26T07:47:46.906454,2026-08-26T07:47:46.906454,openalex_orcid_only,official_orcid_to_openalex_author,high,false,false,,2026-08-29T03:05:51.808Z
unimelb-finance-016,Dr Eduard Inozemtsev,A5023470717,W2788198592,Backstage Games of Management Companies,2017,2017-01-01,,https://econpapers.repec.org/RePEc:hig:ecohse:2017:2:4,Higher School of Economics Economic Journal,1813-8691,1813-8705,1813-8691; 1813-8705,[object Object],1,article,2,0.8375,0.81888758,false,false,closed,,Economic and Technological Developments in Russia,2026-07-23T06:02:39.697066,2026-07-23T06:02:39.697066,openalex_orcid_only,official_orcid_to_openalex_author,high,false,false,,2026-08-29T03:05:51.808Z
unimelb-finance-016,Dr Eduard Inozemtsev,A5023470717,W4285123510,Evolution of Debt Financing Toward Less Regulated Financial Intermediaries,2022,2022-01-01,10.2139/ssrn.4151880,https://doi.org/10.2139/ssrn.4151880,SSRN Electronic Journal,1556-5068,,1556-5068,[object Object]; [object Object],2,preprint,13,,,false,true,green,https://doi.org/10.2139/ssrn.4151880,"Banking stability, regulation, efficiency; Housing Market and Economics; Credit Risk and Financial Regulations",2026-08-04T08:18:43.703281,2026-08-04T08:18:43.703281,openalex_orcid_only,official_orcid_to_openalex_author,high,false,false,,2026-08-29T03:05:51.808Z
unimelb-finance-016,Dr Eduard Inozemtsev,A5023470717,W4391581550,Evolution of Debt Financing toward Less-Regulated Financial Intermediaries in the United States,2024,2024-01-01,10.2139/ssrn.4716678,https://doi.org/10.2139/ssrn.4716678,SSRN Electronic Journal,1556-5068,,1556-5068,[object Object]; [object Object],2,preprint,6,,,false,true,green,https://doi.org/10.2139/ssrn.4716678,"Banking stability, regulation, efficiency; Housing Market and Economics",2026-08-21T09:56:20.448147,2026-08-21T09:56:20.448147,openalex_orcid_only,official_orcid_to_openalex_author,high,false,false,,2026-08-29T03:05:51.808Z
unimelb-finance-016,Dr Eduard Inozemtsev,A5023470717,W2969746606,Комплексный анализ развития мирового рынка Финансовых технологий (финтех) (Comprehensive Analysis of the Development of the Global Financial Technology Market (Fintech)),2019,2019-01-01,10.2139/ssrn.3360922,https://doi.org/10.2139/ssrn.3360922,SSRN Electronic Journal,1556-5068,,1556-5068,[object Object]; [object Object]; [object Object]; [object Object]; [object Object],5,preprint,1,,,false,true,green,https://doi.org/10.2139/ssrn.3360922,"Economic, Social, and Public Health Issues in Russia and Globally; Digitalization and Economic Development in Agriculture; FinTech, Crowdfunding, Digital Finance",2026-08-21T09:56:20.448147,2026-08-21T09:56:20.448147,openalex_orcid_only,official_orcid_to_openalex_author,high,false,false,,2026-08-29T03:05:51.808Z
unimelb-finance-016,Dr Eduard Inozemtsev,A5023470717,W2474405870,Closing of Mutual Funds in Russia,2016,2016-01-01,,https://ej.hse.ru/en/2016-20-1/179159509.html,Higher School of Economics Economic Journal,1813-8691,1813-8705,1813-8691; 1813-8705,[object Object]; [object Object]; [object Object],3,article,0,0,0.10393432,false,false,closed,,Russia and Soviet political economy,2026-07-23T06:02:39.697066,2026-07-23T06:02:39.697066,openalex_orcid_only,official_orcid_to_openalex_author,high,false,false,,2026-08-29T03:05:51.808Z
unimelb-finance-016,Dr Eduard Inozemtsev,A5023470717,W2951110126,Comprehensive analysis of the development of the global financial technology market (fintech) [Комплексный Анализ Развития Мирового Рынка Финансовых Технологий (Финтех)],2019,2019-01-01,,https://ideas.repec.org/p/rnp/wpaper/031941.html,RePEc: Research Papers in Economics,,,,[object Object]; [object Object]; [object Object]; [object Object]; [object Object],5,preprint,0,,,false,false,closed,,"FinTech, Crowdfunding, Digital Finance",2026-06-11T09:08:48.828518,2026-06-11T09:08:48.828518,openalex_orcid_only,official_orcid_to_openalex_author,high,false,false,,2026-08-29T03:05:51.808Z
unimelb-finance-016,Dr Eduard Inozemtsev,A5023470717,W3136244722,Strategic Behavior Surrounding Sales of Mutual-Fund Management Companies,2018,2018-01-01,10.2139/ssrn.3221896,https://doi.org/10.2139/ssrn.3221896,SSRN Electronic Journal,1556-5068,,1556-5068,[object Object]; [object Object]; [object Object],3,preprint,0,,,false,true,green,https://doi.org/10.2139/ssrn.3221896,"Corporate Finance and Governance; Financial Markets and Investment Strategies; Auditing, Earnings Management, Governance",2026-08-21T09:56:20.448147,2026-08-21T09:56:20.448147,openalex_orcid_only,official_orcid_to_openalex_author,high,false,false,,2026-08-29T03:05:51.808Z
unimelb-finance-016,Dr Eduard Inozemtsev,A5023470717,W4391854772,Evolution of Debt Financing toward Less-Regulated Financial Intermediaries in the United States,2024,2024-02-01,10.3386/w32114,https://doi.org/10.3386/w32114,National Bureau of Economic Research,,,,[object Object]; [object Object],2,report,0,,,false,true,green,http://dx.doi.org/10.3386/w32114,"Banking stability, regulation, efficiency; Housing Market and Economics; Fiscal Policies and Political Economy",2026-08-21T09:56:20.448147,2026-08-21T09:56:20.448147,openalex_orcid_only,official_orcid_to_openalex_author,high,false,false,,2026-08-29T03:05:51.808Z
unimelb-finance-016,Dr Eduard Inozemtsev,A5023470717,W4396945116,Two questions on Kneser colorings,2024,2024-05-14,10.48550/arxiv.2405.08797,https://doi.org/10.48550/arxiv.2405.08797,arXiv (Cornell University),2331-8422,,2331-8422,[object Object]; [object Object],2,preprint,0,,,false,true,green,https://arxiv.org/pdf/2405.08797,"Rings, Modules, and Algebras; Advanced Graph Theory Research; Advanced Algebra and Logic",2026-08-26T07:47:46.906454,2026-08-26T07:47:46.906454,openalex_orcid_only,official_orcid_to_openalex_author,high,false,false,,2026-08-29T03:05:51.808Z
unimelb-finance-016,Dr Eduard Inozemtsev,A5023470717,W4415200853,Two questions on Kneser colorings,2025,2025-10-15,10.1016/j.disc.2025.114842,https://doi.org/10.1016/j.disc.2025.114842,Discrete Mathematics,0012-365X,1872-681X,0012-365X; 1872-681X,[object Object]; [object Object],2,article,0,0,0.37654321,false,false,closed,,Limits and Structures in Graph Theory; Topological and Geometric Data Analysis; Advanced Graph Theory Research,2026-08-21T09:56:20.448147,2026-08-21T09:56:20.448147,openalex_orcid_only,official_orcid_to_openalex_author,high,false,false,,2026-08-29T03:05:51.808Z
unimelb-finance-016,Dr Eduard Inozemtsev,A5023470717,W7128807151,Frankl's diversity theorem for permutations,2026,2026-02-12,10.48550/arxiv.2602.11796,https://doi.org/10.48550/arxiv.2602.11796,arXiv (Cornell University),2331-8422,,2331-8422,[object Object]; [object Object],2,preprint,0,,,false,true,green,https://doi.org/10.48550/arxiv.2602.11796,Limits and Structures in Graph Theory; Advanced Combinatorial Mathematics; Bayesian Methods and Mixture Models,2026-08-16T07:02:28.622633,2026-08-16T07:02:28.622633,openalex_orcid_only,official_orcid_to_openalex_author,high,false,false,,2026-08-29T03:05:51.808Z
unimelb-finance-016,Dr Eduard Inozemtsev,A5023470717,W7128864751,Frankl's diversity theorem for permutations,2026,2026-02-12,,http://arxiv.org/abs/2602.11796,arXiv (Cornell University),2331-8422,,2331-8422,[object Object]; [object Object],2,preprint,0,,,false,true,green,https://arxiv.org/pdf/2602.11796,Limits and Structures in Graph Theory; Advanced Combinatorial Mathematics; Bayesian Methods and Mixture Models,2026-08-26T07:47:46.906454,2026-08-26T07:47:46.906454,openalex_orcid_only,official_orcid_to_openalex_author,high,false,false,,2026-08-29T03:05:51.808Z
unimelb-finance-016,Dr Eduard Inozemtsev,A5023470717,W7160503562,Matchings in permutations,2026,2026-05-06,10.48550/arxiv.2605.04987,https://doi.org/10.48550/arxiv.2605.04987,arXiv (Cornell University),2331-8422,,2331-8422,[object Object]; [object Object]; [object Object],3,preprint,0,,,false,true,green,https://doi.org/10.48550/arxiv.2605.04987,Advanced Combinatorial Mathematics; Genome Rearrangement Algorithms; Limits and Structures in Graph Theory,2026-07-28T07:46:37.118299,2026-07-28T07:46:37.118299,openalex_orcid_only,official_orcid_to_openalex_author,high,false,false,,2026-08-29T03:05:51.808Z
unimelb-finance-016,Dr Eduard Inozemtsev,A5023470717,W7160670381,Matchings in permutations,2026,2026-05-06,,https://arxiv.org/abs/2605.04987,arXiv (Cornell University),2331-8422,,2331-8422,[object Object]; [object Object]; [object Object],3,preprint,0,,,false,true,green,https://arxiv.org/pdf/2605.04987,Advanced Combinatorial Mathematics; Genome Rearrangement Algorithms; Limits and Structures in Graph Theory,2026-08-26T07:47:46.906454,2026-08-26T07:47:46.906454,openalex_orcid_only,official_orcid_to_openalex_author,high,false,false,,2026-08-29T03:05:51.808Z
unimelb-finance-020,Professor Paul Kofman,A5090504411,W2086160471,Increased Correlation in Bear Markets,2002,2002-01-01,10.2469/faj.v58.n1.2512,https://doi.org/10.2469/faj.v58.n1.2512,Financial Analysts Journal,0015-198X,1938-3312,0015-198X; 1938-3312,[object Object]; [object Object]; [object Object],3,article,289,9.1851,0.97677538,false,false,closed,,Financial Risk and Volatility Modeling; Market Dynamics and Volatility; Complex Systems and Time Series Analysis,2026-08-27T14:10:00.468798,2026-08-27T14:10:00.468798,openalex_orcid_only,official_orcid_to_openalex_author,high,false,false,,2026-08-29T03:05:51.808Z
unimelb-finance-020,Professor Paul Kofman,A5090504411,W2041724066,A threshold error-correction model for intraday futures and index returns,1998,1998-05-01,10.1002/(sici)1099-1255(199805/06)13:3<245::aid-jae480>3.0.co;2-e,https://doi.org/10.1002/(sici)1099-1255(199805/06)13:3<245::aid-jae480>3.0.co;2-e,Journal of Applied Econometrics,0883-7252,1099-1255,0883-7252; 1099-1255,[object Object]; [object Object]; [object Object],3,article,166,7.5904,0.97375566,false,false,closed,,Financial Markets and Investment Strategies; Corporate Finance and Governance; Stochastic processes and financial applications,2026-08-21T09:56:20.448147,2026-08-21T09:56:20.448147,openalex_orcid_only,official_orcid_to_openalex_author,high,false,false,,2026-08-29T03:05:51.808Z
unimelb-finance-020,Professor Paul Kofman,A5090504411,W3086966750,Digital Financial Inclusion of Women: An Ethical Appraisal,2021,2021-01-01,10.1007/978-3-030-29371-0_34,https://doi.org/10.1007/978-3-030-29371-0_34,International handbooks in business ethics,2213-106X,2213-1078,2213-106X; 2213-1078,[object Object]; [object Object],2,book-chapter,35,49.2663,0.99771786,false,true,hybrid,https://doi.org/10.1007/978-3-030-29371-0_34,"Microfinance and Financial Inclusion; FinTech, Crowdfunding, Digital Finance; Financial Literacy, Pension, Retirement Analysis",2026-08-04T08:18:43.703281,2026-08-04T08:18:43.703281,openalex_orcid_only,official_orcid_to_openalex_author,high,false,false,,2026-08-29T03:05:51.808Z
unimelb-finance-020,Professor Paul Kofman,A5090504411,W2105894786,Limits to linear price behavior: futures prices regulated by limits,2001,2001-03-12,10.1002/fut.5,https://doi.org/10.1002/fut.5,Journal of Futures Markets,0270-7314,1096-9934,0270-7314; 1096-9934,[object Object]; [object Object],2,article,33,5.9685,0.95803469,false,false,closed,,Market Dynamics and Volatility; Complex Systems and Time Series Analysis; Economic theories and models,2026-08-21T09:56:20.448147,2026-08-21T09:56:20.448147,openalex_orcid_only,official_orcid_to_openalex_author,high,false,false,,2026-08-29T03:05:51.808Z
unimelb-finance-020,Professor Paul Kofman,A5090504411,W3123369309,Increased Correlation in Bear Markets,2002,2002-03-22,,https://openalex.org/W3123369309,,,,,[object Object]; [object Object]; [object Object],3,article,26,1.0821,0.84332706,false,false,closed,,Financial Risk and Volatility Modeling; Market Dynamics and Volatility; Financial Markets and Investment Strategies,2026-08-13T07:04:57.449891,2026-08-13T07:04:57.449891,openalex_orcid_only,official_orcid_to_openalex_author,high,false,false,,2026-08-29T03:05:51.808Z
unimelb-finance-020,Professor Paul Kofman,A5090504411,W2164939527,Is default risk priced in Australian equity? Exploring the role of the business cycle,2011,2011-08-01,10.1177/0312896211407528,https://doi.org/10.1177/0312896211407528,Australian Journal of Management,0312-8962,1327-2020,0312-8962; 1327-2020,[object Object]; [object Object]; [object Object],3,article,17,3.5933,0.93492452,false,false,closed,,Credit Risk and Financial Regulations; Financial Markets and Investment Strategies; Housing Market and Economics,2026-08-21T09:56:20.448147,2026-08-21T09:56:20.448147,openalex_orcid_only,official_orcid_to_openalex_author,high,false,false,,2026-08-29T03:05:51.808Z
unimelb-finance-020,Professor Paul Kofman,A5090504411,W3122481755,A threshold error‐correction model for intraday futures and index returns,1998,1998-05-01,10.1002/(sici)1099-1255(199805/06)13:3<245::aid-jae480>3.3.co;2-5,https://doi.org/10.1002/(sici)1099-1255(199805/06)13:3<245::aid-jae480>3.3.co;2-5,Journal of Applied Econometrics,0883-7252,1099-1255,0883-7252; 1099-1255,[object Object]; [object Object]; [object Object],3,article,22,0.9871,0.84411874,false,false,closed,,Financial Markets and Investment Strategies; Corporate Finance and Governance; Financial Reporting and Valuation Research,2026-08-25T07:29:55.448023,2026-08-25T07:29:55.448023,openalex_orcid_only,official_orcid_to_openalex_author,high,false,false,,2026-08-29T03:05:51.808Z
unimelb-finance-020,Professor Paul Kofman,A5090504411,W2136143468,VOLATILITY TRANSMISSION AND PATTERNS IN BUND FUTURES,1997,1997-12-01,10.1111/j.1475-6803.1997.tb00260.x,https://doi.org/10.1111/j.1475-6803.1997.tb00260.x,The Journal of Financial Research,0270-2592,1475-6803,0270-2592; 1475-6803,[object Object]; [object Object]; [object Object]; [object Object]; [object Object],5,article,19,2.1189,0.90180674,false,false,closed,,Market Dynamics and Volatility; Financial Markets and Investment Strategies; Complex Systems and Time Series Analysis,2026-08-21T09:56:20.448147,2026-08-21T09:56:20.448147,openalex_orcid_only,official_orcid_to_openalex_author,high,false,false,,2026-08-29T03:05:51.808Z
unimelb-finance-020,Professor Paul Kofman,A5090504411,W2017093140,Structurally sound dynamic index futures hedging,2005,2005-10-19,10.1002/fut.20185,https://doi.org/10.1002/fut.20185,Journal of Futures Markets,0270-7314,1096-9934,0270-7314; 1096-9934,[object Object]; [object Object],2,article,18,0,0.16801406,false,false,closed,,Financial Risk and Volatility Modeling; Monetary Policy and Economic Impact; Market Dynamics and Volatility,2026-08-26T07:47:46.906454,2026-08-26T07:47:46.906454,openalex_orcid_only,official_orcid_to_openalex_author,high,false,false,,2026-08-29T03:05:51.808Z
unimelb-finance-020,Professor Paul Kofman,A5090504411,W1987455705,Are foreign issuers complying with Regulation Fair Disclosure?,2006,2006-01-07,10.1016/j.intfin.2005.11.004,https://doi.org/10.1016/j.intfin.2005.11.004,Journal of International Financial Markets Institutions and Money,1042-4431,1873-0612,1042-4431; 1873-0612,[object Object]; [object Object]; [object Object],3,article,11,1.3475,0.88533258,false,false,closed,,"Auditing, Earnings Management, Governance; Financial Markets and Investment Strategies; Corporate Finance and Governance",2026-08-21T09:56:20.448147,2026-08-21T09:56:20.448147,openalex_orcid_only,official_orcid_to_openalex_author,high,false,false,,2026-08-29T03:05:51.808Z
unimelb-finance-020,Professor Paul Kofman,A5090504411,W4253316568,Digital Financial Inclusion of Women: An Ethical Appraisal,2020,2020-01-01,10.1007/978-3-030-00001-1_34-1,https://doi.org/10.1007/978-3-030-00001-1_34-1,International handbooks in business ethics,2213-106X,2213-1078,2213-106X; 2213-1078,[object Object]; [object Object],2,book-chapter,7,12.5118,0.98782074,false,true,hybrid,https://doi.org/10.1007/978-3-030-00001-1_34-1,"Microfinance and Financial Inclusion; FinTech, Crowdfunding, Digital Finance; Financial Literacy, Pension, Retirement Analysis",2026-08-28T12:50:07.497085,2026-08-28T12:50:07.497085,openalex_orcid_only,official_orcid_to_openalex_author,high,false,false,,2026-08-29T03:05:51.808Z
unimelb-finance-020,Professor Paul Kofman,A5090504411,W3009883913,Asymmetric Learning in Insurance Markets,2006,2006-06-16,10.7551/mitpress/1986.003.0018,https://doi.org/10.7551/mitpress/1986.003.0018,The MIT Press eBooks,,,,[object Object]; [object Object],2,book-chapter,4,0,0.33613892,false,false,closed,,Insurance and Financial Risk Management,2026-08-15T07:11:24.734988,2026-08-15T07:11:24.734988,openalex_orcid_only,official_orcid_to_openalex_author,high,false,false,,2026-08-29T03:05:51.808Z
unimelb-finance-020,Professor Paul Kofman,A5090504411,W2026561126,Interaction between stock markets: an analysis of the common trading hours at the London and New York stock exchange,1997,1997-06-01,10.1016/s0261-5606(97)00004-1,https://doi.org/10.1016/s0261-5606(97)00004-1,Journal of International Money and Finance,0261-5606,1873-0639,0261-5606; 1873-0639,[object Object]; [object Object],2,article,38,5.2973,0.95104251,false,false,closed,,Market Dynamics and Volatility; Financial Markets and Investment Strategies; Monetary Policy and Economic Impact,2026-08-21T09:56:20.448147,2026-08-21T09:56:20.448147,openalex_orcid_only,official_orcid_to_openalex_author,high,false,false,,2026-08-29T03:05:51.808Z
unimelb-finance-020,Professor Paul Kofman,A5090504411,W2084498145,The inefficiency of Reuters foreign exchange quotes,1998,1998-03-01,10.1016/s0378-4266(98)00004-1,https://doi.org/10.1016/s0378-4266(98)00004-1,Journal of Banking & Finance,0378-4266,1872-6372,0378-4266; 1872-6372,[object Object]; [object Object],2,article,31,4.098,0.94157461,false,false,closed,,Market Dynamics and Volatility; Financial Markets and Investment Strategies; Monetary Policy and Economic Impact,2026-08-21T09:56:20.448147,2026-08-21T09:56:20.448147,openalex_orcid_only,official_orcid_to_openalex_author,high,false,false,,2026-08-29T03:05:51.808Z
unimelb-finance-020,Professor Paul Kofman,A5090504411,W1977036598,Migration of price discovery in semiregulated derivatives markets,2006,2006-01-09,10.1002/fut.20188,https://doi.org/10.1002/fut.20188,Journal of Futures Markets,0270-7314,1096-9934,0270-7314; 1096-9934,[object Object]; [object Object]; [object Object],3,article,18,0.7687,0.78433532,false,false,closed,,Stochastic processes and financial applications; Market Dynamics and Volatility; Financial Risk and Volatility Modeling,2026-08-26T07:47:46.906454,2026-08-26T07:47:46.906454,openalex_orcid_only,official_orcid_to_openalex_author,high,false,false,,2026-08-29T03:05:51.808Z
unimelb-finance-020,Professor Paul Kofman,A5090504411,W2909000719,Garch effects on a test of cointegration,1994,1994-03-01,10.1007/bf01082662,https://doi.org/10.1007/bf01082662,Review of Quantitative Finance and Accounting,0924-865X,1573-7179,0924-865X; 1573-7179,[object Object]; [object Object]; [object Object],3,article,12,1.46,0.85794393,false,true,green,https://pure.eur.nl/en/publications/b35b78fb-5e8a-4a12-a47d-b4a51b471643,Monetary Policy and Economic Impact; Market Dynamics and Volatility; Financial Risk and Volatility Modeling,2026-08-28T12:50:07.497085,2026-08-28T12:50:07.497085,openalex_orcid_only,official_orcid_to_openalex_author,high,false,false,,2026-08-29T03:05:51.808Z
unimelb-finance-020,Professor Paul Kofman,A5090504411,W1935236803,Do Insurance Companies Possess an Informational Monopoly? Empirical Evidence From Auto Insurance,2012,2012-09-11,10.1111/j.1539-6975.2012.01487.x,https://doi.org/10.1111/j.1539-6975.2012.01487.x,Journal of Risk & Insurance,0022-4367,1539-6975,0022-4367; 1539-6975,[object Object]; [object Object],2,article,10,2.6267,0.91725641,false,false,closed,,"Insurance and Financial Risk Management; Banking stability, regulation, efficiency; Healthcare Policy and Management",2026-08-21T09:56:20.448147,2026-08-21T09:56:20.448147,openalex_orcid_only,official_orcid_to_openalex_author,high,false,false,,2026-08-29T03:05:51.808Z
unimelb-finance-020,Professor Paul Kofman,A5090504411,W2044678752,Mixtures of tails in clustered automobile collision claims,1996,1996-07-01,10.1016/0167-6687(95)00029-1,https://doi.org/10.1016/0167-6687(95)00029-1,Insurance Mathematics and Economics,0167-6687,1873-5959,0167-6687; 1873-5959,[object Object]; [object Object]; [object Object],3,article,7,0,0.2133428,false,true,bronze,https://www.sciencedirect.com/science/article/pii/0167668795000291,Financial Risk and Volatility Modeling; Probability and Risk Models; Statistical Distribution Estimation and Applications,2026-08-28T12:50:07.497085,2026-08-28T12:50:07.497085,openalex_orcid_only,official_orcid_to_openalex_author,high,false,false,,2026-08-29T03:05:51.808Z
unimelb-finance-020,Professor Paul Kofman,A5090504411,W3122138118,"Reversing the lead, or a series of unfortunate events? NYMEX, ICE, and Amaranth",2009,2009-07-27,10.1002/fut.20419,https://doi.org/10.1002/fut.20419,Journal of Futures Markets,0270-7314,1096-9934,0270-7314; 1096-9934,[object Object]; [object Object]; [object Object],3,article,6,1.7149,0.9121393,false,false,closed,,Market Dynamics and Volatility; Financial Markets and Investment Strategies; Complex Systems and Time Series Analysis,2026-08-26T07:47:46.906454,2026-08-26T07:47:46.906454,openalex_orcid_only,official_orcid_to_openalex_author,high,false,false,,2026-08-29T03:05:51.808Z
unimelb-finance-020,Professor Paul Kofman,A5090504411,W2161822461,"Spreads, information flows and transparency across trading systems",1997,1997-06-01,10.1080/096031097333646,https://doi.org/10.1080/096031097333646,Applied Financial Economics,0960-3107,1466-4305,0960-3107; 1466-4305,[object Object]; [object Object],2,article,56,7.6407,0.97335307,false,false,closed,,"Financial Markets and Investment Strategies; Complex Systems and Time Series Analysis; Banking stability, regulation, efficiency",2026-07-29T09:40:50.615796,2026-07-29T09:40:50.615796,openalex_orcid_only,official_orcid_to_openalex_author,high,false,false,,2026-08-29T03:05:51.808Z
unimelb-finance-020,Professor Paul Kofman,A5090504411,W1984869281,An empirical test for parities between metal prices at the LME,1991,1991-12-01,10.1002/fut.3990110607,https://doi.org/10.1002/fut.3990110607,Journal of Futures Markets,0270-7314,1096-9934,0270-7314; 1096-9934,[object Object]; [object Object],2,article,21,1.2497,0.82908128,false,true,green,http://hdl.handle.net/1765/2108,Market Dynamics and Volatility; Monetary Policy and Economic Impact; Financial Risk and Volatility Modeling,2026-08-28T12:50:07.497085,2026-08-28T12:50:07.497085,openalex_orcid_only,official_orcid_to_openalex_author,high,false,false,,2026-08-29T03:05:51.808Z
unimelb-finance-020,Professor Paul Kofman,A5090504411,W1985942886,Tracking Error and Active Portfolio Management,2003,2003-09-01,10.1177/031289620302800204,https://doi.org/10.1177/031289620302800204,Australian Journal of Management,0312-8962,1327-2020,0312-8962; 1327-2020,[object Object]; [object Object],2,article,10,0,0.15730885,false,false,closed,,Financial Markets and Investment Strategies; Monetary Policy and Economic Impact; Economic Policies and Impacts,2026-08-21T09:56:20.448147,2026-08-21T09:56:20.448147,openalex_orcid_only,official_orcid_to_openalex_author,high,false,false,,2026-08-29T03:05:51.808Z
unimelb-finance-020,Professor Paul Kofman,A5090504411,W3123051946,Stock Margins and the Conditional Probability of Price Reversals,1994,1994-01-01,10.22004/ag.econ.267625,https://doi.org/10.22004/ag.econ.267625,"AgEcon Search (University of Minnesota, USA)",,,,[object Object]; [object Object]; [object Object]; [object Object],4,article,8,0,0.43497914,false,true,green,https://doi.org/10.22004/ag.econ.267625,Financial Markets and Investment Strategies; Complex Systems and Time Series Analysis; Financial Risk and Volatility Modeling,2026-08-26T07:47:46.906454,2026-08-26T07:47:46.906454,openalex_orcid_only,official_orcid_to_openalex_author,high,false,false,,2026-08-29T03:05:51.808Z
unimelb-finance-020,Professor Paul Kofman,A5090504411,W1566429495,Volatility Patterns and Spillovers in Bund Futures,1994,1994-01-01,10.22004/ag.econ.267633,https://doi.org/10.22004/ag.econ.267633,"AgEcon Search (University of Minnesota, USA)",,,,[object Object]; [object Object]; [object Object]; [object Object]; [object Object]; [object Object]; [object Object]; [object Object]; [object Object]; [object Object],10,article,5,1.2011,0.81716881,false,true,green,http://ageconsearch.umn.edu/record/267633,Market Dynamics and Volatility; Monetary Policy and Economic Impact,2026-08-26T07:47:46.906454,2026-08-26T07:47:46.906454,openalex_orcid_only,official_orcid_to_openalex_author,high,false,false,,2026-08-29T03:05:51.808Z
unimelb-finance-020,Professor Paul Kofman,A5090504411,W1938098771,Increased Correlation in Bear Markets: A Downside Risk Perspective,2002,2002-01-01,,https://openalex.org/W1938098771,,,,,[object Object]; [object Object]; [object Object],3,article,5,0.7958,0.7882091,false,false,closed,,Financial Risk and Volatility Modeling; Market Dynamics and Volatility; Insurance and Financial Risk Management,2026-06-11T09:08:48.828518,2026-06-11T09:08:48.828518,openalex_orcid_only,official_orcid_to_openalex_author,high,false,false,,2026-08-29T03:05:51.808Z
unimelb-finance-020,Professor Paul Kofman,A5090504411,W3124776800,A Threshold Error Correction Model for Intraday Futures and Index Returns,1995,1995-01-01,10.22004/ag.econ.267767,https://doi.org/10.22004/ag.econ.267767,"AgEcon Search (University of Minnesota, USA)",,,,[object Object]; [object Object]; [object Object]; [object Object]; [object Object]; [object Object],6,article,5,1.3217,0.85762767,false,true,green,http://ageconsearch.umn.edu/record/267767,Financial Markets and Investment Strategies; Stochastic processes and financial applications; Housing Market and Economics,2026-08-26T07:47:46.906454,2026-08-26T07:47:46.906454,openalex_orcid_only,official_orcid_to_openalex_author,high,false,false,,2026-08-29T03:05:51.808Z
unimelb-finance-020,Professor Paul Kofman,A5090504411,W1865635226,Does Australia Need a New Banking Model?,2015,2015-05-27,10.1111/1467-8462.12107,https://doi.org/10.1111/1467-8462.12107,Australian Economic Review,0004-9018,1467-8462,0004-9018; 1467-8462,[object Object]; [object Object],2,article,3,1.7233,0.87587203,false,false,closed,,Islamic Finance and Banking Studies,2026-08-26T07:47:46.906454,2026-08-26T07:47:46.906454,openalex_orcid_only,official_orcid_to_openalex_author,high,false,false,,2026-08-29T03:05:51.808Z
unimelb-finance-020,Professor Paul Kofman,A5090504411,W4385504154,A Matter of Trust,2017,2017-12-12,10.2307/jj.5371942,https://doi.org/10.2307/jj.5371942,MUP eBooks,,,,[object Object]; [object Object],2,book,3,0.3209,0.74947111,false,false,closed,,"Access Control and Trust; Intelligence, Security, War Strategy; Organizational Learning and Leadership",2026-08-21T09:56:20.448147,2026-08-21T09:56:20.448147,openalex_orcid_only,official_orcid_to_openalex_author,high,false,false,,2026-08-29T03:05:51.808Z
unimelb-finance-020,Professor Paul Kofman,A5090504411,W2155541845,Fixing soft margins,1993,1993-05-01,10.1016/0022-1996(93)90055-3,https://doi.org/10.1016/0022-1996(93)90055-3,Journal of International Economics,0022-1996,1873-0353,0022-1996; 1873-0353,[object Object]; [object Object]; [object Object],3,article,2,0.7331,0.79139871,false,true,bronze,https://www.sciencedirect.com/science/article/pii/0022199693900553,Monetary Policy and Economic Impact; Global Financial Crisis and Policies; Global trade and economics,2026-08-28T12:50:07.497085,2026-08-28T12:50:07.497085,openalex_orcid_only,official_orcid_to_openalex_author,high,false,false,,2026-08-29T03:05:51.808Z
unimelb-finance-020,Professor Paul Kofman,A5090504411,W3007669142,A Matter of Trust: The Practice of Ethics in Finance,2018,2018-01-29,,https://findanexpert.unimelb.edu.au/scholarlywork/1282221-a-matter-of-trust--the-practice-of-ethics-in-finance,,,,,[object Object]; [object Object],2,book,2,0.5109,0.75630252,false,false,closed,,"Islamic Finance and Banking Studies; Economic, financial, and policy analysis",2026-06-11T09:08:48.828518,2026-06-11T09:08:48.828518,openalex_orcid_only,official_orcid_to_openalex_author,high,false,false,,2026-08-29T03:05:51.808Z
unimelb-finance-020,Professor Paul Kofman,A5090504411,W2130087436,"DIVERSIFICATION, PRICING POLICY AND CREDIT UNION RISK",2004,2004-01-01,,http://www.apra.gov.au/AboutAPRA/Documents/Diversification-Pricing-Policy-and-Credit-Union-Risk-Jan-04.pdf,,,,,[object Object]; [object Object]; [object Object]; [object Object],4,article,1,0,0.28424801,false,false,closed,,"Corporate Finance and Governance; Banking stability, regulation, efficiency; Housing Market and Economics",2026-06-11T09:08:48.828518,2026-06-11T09:08:48.828518,openalex_orcid_only,official_orcid_to_openalex_author,high,false,false,,2026-08-29T03:05:51.808Z
unimelb-finance-020,Professor Paul Kofman,A5090504411,W2018064455,Regulatory Tools and Price Changes in Futures Markets,2001,2001-12-01,10.1111/1467-8454.00140,https://doi.org/10.1111/1467-8454.00140,Australian Economic Papers,0004-900X,1467-8454,0004-900X; 1467-8454,[object Object]; [object Object],2,article,4,0,0.18424644,false,false,closed,,Financial Markets and Investment Strategies; Stochastic processes and financial applications; Economic theories and models,2026-08-26T07:47:46.906454,2026-08-26T07:47:46.906454,openalex_orcid_only,official_orcid_to_openalex_author,high,false,false,,2026-08-29T03:05:51.808Z
unimelb-finance-020,Professor Paul Kofman,A5090504411,W2243844279,"Default Risk, Size and the Business Cycle: Three Decades of Australian Asset Pricing Evidence",2008,2008-01-01,10.2139/ssrn.1097444,https://doi.org/10.2139/ssrn.1097444,SSRN Electronic Journal,1556-5068,,1556-5068,[object Object]; [object Object]; [object Object],3,preprint,12,,,false,true,green,https://doi.org/10.2139/ssrn.1097444,Credit Risk and Financial Regulations; Financial Markets and Investment Strategies; Housing Market and Economics,2026-08-21T09:56:20.448147,2026-08-21T09:56:20.448147,openalex_orcid_only,official_orcid_to_openalex_author,high,false,false,,2026-08-29T03:05:51.808Z
unimelb-finance-020,Professor Paul Kofman,A5090504411,W639416,Covariance and Correlation in International Equity Returns: A Value-at-Risk Approach,2000,2000-05-01,,https://openalex.org/W639416,,,,,[object Object]; [object Object]; [object Object],3,article,10,1.123,0.82312264,false,false,closed,,Financial Risk and Volatility Modeling; Market Dynamics and Volatility; Complex Systems and Time Series Analysis,2026-08-08T07:41:36.138363,2026-08-08T07:41:36.138363,openalex_orcid_only,official_orcid_to_openalex_author,high,false,false,,2026-08-29T03:05:51.808Z
unimelb-finance-020,Professor Paul Kofman,A5090504411,W2168491334,Diversification Meltdown or the Impact of Fat Tails on Conditional Correlation?,2017,2017-01-01,10.4225/03/593768f32b133,https://doi.org/10.4225/03/593768f32b133,RePEc: Research Papers in Economics,,,,[object Object]; [object Object]; [object Object]; [object Object],4,preprint,7,,,false,true,green,https://figshare.com/articles/journal_contribution/Diversification_Meltdown_or_the_Impact_of_Fat_Tails_on_Conditional_Correlation_/5084764,Financial Risk and Volatility Modeling; Financial Markets and Investment Strategies; Market Dynamics and Volatility,2026-08-26T07:47:46.906454,2026-08-26T07:47:46.906454,openalex_orcid_only,official_orcid_to_openalex_author,high,false,false,,2026-08-29T03:05:51.808Z
unimelb-finance-020,Professor Paul Kofman,A5090504411,W2489442115,Primary commodity prices and exchange-rate volatility,2012,2012-03-05,10.1017/cbo9780511599262.010,https://doi.org/10.1017/cbo9780511599262.010,Cambridge University Press eBooks,,,,[object Object]; [object Object]; [object Object]; [object Object]; [object Object],5,book-chapter,5,0,0.18404513,false,false,closed,,Market Dynamics and Volatility,2026-07-30T17:31:21.811387,2026-07-30T17:31:21.811387,openalex_orcid_only,official_orcid_to_openalex_author,high,false,false,,2026-08-29T03:05:51.808Z
unimelb-finance-020,Professor Paul Kofman,A5090504411,W3122439143,"Spreads, information flows and transparency across trading systems",,,,https://openalex.org/W3122439143,RePEc: Research Papers in Economics,,,,[object Object]; [object Object],2,preprint,5,,,false,false,closed,,Economic theories and models,2026-08-26T07:47:46.906454,2026-08-26T07:47:46.906454,openalex_orcid_only,official_orcid_to_openalex_author,high,false,false,,2026-08-29T03:05:51.808Z
unimelb-finance-020,Professor Paul Kofman,A5090504411,W1571464250,Limits to Linear Price Behaviour: Target Zones for Futures Prices Regulated By Limits,1998,1998-01-01,,http://www.qfrc.uts.edu.au/research/research_papers/rp3.pdf,RePEc: Research Papers in Economics,,,,[object Object]; [object Object]; [object Object],3,preprint,4,,,false,false,closed,,Complex Systems and Time Series Analysis; Market Dynamics and Volatility; Financial Risk and Volatility Modeling,2026-08-26T07:47:46.906454,2026-08-26T07:47:46.906454,openalex_orcid_only,official_orcid_to_openalex_author,high,false,false,,2026-08-29T03:05:51.808Z
unimelb-finance-020,Professor Paul Kofman,A5090504411,W1486873519,Imputation Methods for Incomplete Dependent Variables in Finance,2000,2000-03-01,,http://fmwww.bc.edu/RePEc/es2000/0409.pdf,RePEc: Research Papers in Economics,,,,[object Object]; [object Object],2,preprint,2,,,false,false,closed,,"Housing Market and Economics; Probability and Risk Models; Banking stability, regulation, efficiency",2026-08-26T07:47:46.906454,2026-08-26T07:47:46.906454,openalex_orcid_only,official_orcid_to_openalex_author,high,false,false,,2026-08-29T03:05:51.808Z
unimelb-finance-020,Professor Paul Kofman,A5090504411,W1562913156,Bayesian Target Zones,2000,2000-01-01,,http://fmwww.bc.edu/RePEc/es2000/0575.pdf,RePEc: Research Papers in Economics,,,,[object Object]; [object Object],2,preprint,2,,,false,false,closed,,Italy: Economic History and Contemporary Issues; Economic Policies and Impacts; Global Financial Crisis and Policies,2026-08-26T07:47:46.906454,2026-08-26T07:47:46.906454,openalex_orcid_only,official_orcid_to_openalex_author,high,false,false,,2026-08-29T03:05:51.808Z
unimelb-finance-020,Professor Paul Kofman,A5090504411,W2051294406,"Reversing the Lead, or a Series of Unfortunate Events? NYMEX, ICI and Amaranth",2009,2009-01-01,10.2139/ssrn.1342186,https://doi.org/10.2139/ssrn.1342186,SSRN Electronic Journal,1556-5068,,1556-5068,[object Object]; [object Object]; [object Object],3,preprint,2,,,false,true,green,https://doi.org/10.2139/ssrn.1342186,Financial Risk and Volatility Modeling; Complex Systems and Time Series Analysis; Hydrology and Drought Analysis,2026-08-21T09:56:20.448147,2026-08-21T09:56:20.448147,openalex_orcid_only,official_orcid_to_openalex_author,high,false,false,,2026-08-29T03:05:51.808Z
unimelb-finance-020,Professor Paul Kofman,A5090504411,W2096853527,Diversification Meltdown or Just Fat Tails?,2006,2006-01-01,10.2139/ssrn.908881,https://doi.org/10.2139/ssrn.908881,SSRN Electronic Journal,1556-5068,,1556-5068,[object Object]; [object Object]; [object Object]; [object Object],4,preprint,2,,,false,true,green,https://doi.org/10.2139/ssrn.908881,Financial Risk and Volatility Modeling; Financial Markets and Investment Strategies; Market Dynamics and Volatility,2026-08-21T09:56:20.448147,2026-08-21T09:56:20.448147,openalex_orcid_only,official_orcid_to_openalex_author,high,false,false,,2026-08-29T03:05:51.808Z
unimelb-finance-020,Professor Paul Kofman,A5090504411,W3122897888,Using Multiple Imputation in the Analysis of Incomplete Observations in Finance,2008,2008-02-29,,https://papers.ssrn.com/sol3/papers.cfm?abstract_id=821704,SSRN Electronic Journal,1556-5068,,1556-5068,[object Object]; [object Object],2,preprint,2,,,false,true,green,https://papers.ssrn.com/sol3/papers.cfm?abstract_id=821704,Statistical Methods and Bayesian Inference; Housing Market and Economics,2026-07-14T23:32:53.992493,2026-07-14T23:32:53.992493,openalex_orcid_only,official_orcid_to_openalex_author,high,false,false,,2026-08-29T03:05:51.808Z
unimelb-finance-020,Professor Paul Kofman,A5090504411,W1480755981,Stock Margins and the Conditional Probability of Price Reversals,2006,2006-06-21,,https://papers.ssrn.com/sol3/papers.cfm?abstract_id=910279,SSRN Electronic Journal,1556-5068,,1556-5068,[object Object]; [object Object],2,preprint,1,,,false,true,green,https://papers.ssrn.com/sol3/papers.cfm?abstract_id=910279,Financial Markets and Investment Strategies; Market Dynamics and Volatility; Corporate Finance and Governance,2026-07-14T23:32:53.992493,2026-07-14T23:32:53.992493,openalex_orcid_only,official_orcid_to_openalex_author,high,false,false,,2026-08-29T03:05:51.808Z
unimelb-finance-020,Professor Paul Kofman,A5090504411,W1489704870,Market Structure and Stock Splits,2001,2001-01-01,,http://www.qfrc.uts.edu.au/research/research_papers/rp62.pdf,RePEc: Research Papers in Economics,,,,[object Object]; [object Object],2,preprint,1,,,false,false,closed,,"Corporate Finance and Governance; Banking stability, regulation, efficiency; Financial Markets and Investment Strategies",2026-08-11T07:18:39.950985,2026-08-11T07:18:39.950985,openalex_orcid_only,official_orcid_to_openalex_author,high,false,false,,2026-08-29T03:05:51.808Z
unimelb-finance-020,Professor Paul Kofman,A5090504411,W1566107276,Migration of Price Discovery With Constrained Futures Markets,2001,2001-01-01,,http://www.qfrc.uts.edu.au/research/research_papers/rp70.pdff,RePEc: Research Papers in Economics,,,,[object Object]; [object Object]; [object Object],3,preprint,1,,,false,false,closed,,Market Dynamics and Volatility,2026-08-26T07:47:46.906454,2026-08-26T07:47:46.906454,openalex_orcid_only,official_orcid_to_openalex_author,high,false,false,,2026-08-29T03:05:51.808Z
unimelb-finance-020,Professor Paul Kofman,A5090504411,W1571389207,Interaction Between the London and New York Stock Markets During Common Trading Hours,2017,2017-01-01,10.4225/03/59389c34d7a9d,https://doi.org/10.4225/03/59389c34d7a9d,Figshare,,,,[object Object]; [object Object],2,article,1,0,0.00136197,false,true,green,https://figshare.com/articles/journal_contribution/Interaction_Between_the_London_and_New_York_Stock_Markets_During_Common_Trading_Hours/5090059,Market Dynamics and Volatility; Financial Markets and Investment Strategies; Monetary Policy and Economic Impact,2026-08-26T07:47:46.906454,2026-08-26T07:47:46.906454,openalex_orcid_only,official_orcid_to_openalex_author,high,false,false,,2026-08-29T03:05:51.808Z
unimelb-finance-020,Professor Paul Kofman,A5090504411,W1587640555,Is there Lif(f)e after DTB?: competitive aspects of cross listed futures contracts on synchronous markets,1993,1993-01-01,,https://econpapers.repec.org/RePEc:fip:fedhfi:93-11,RePEc: Research Papers in Economics,,,,[object Object]; [object Object]; [object Object],3,preprint,1,,,false,false,closed,,"Finance, Markets, and Regulation",2026-06-11T09:08:48.828518,2026-06-11T09:08:48.828518,openalex_orcid_only,official_orcid_to_openalex_author,high,false,false,,2026-08-29T03:05:51.808Z
unimelb-finance-020,Professor Paul Kofman,A5090504411,W1607035755,Bayesian Soft Target Zones,2017,2017-01-01,10.4225/03/5934bd20983f9,https://doi.org/10.4225/03/5934bd20983f9,RePEc: Research Papers in Economics,,,,[object Object]; [object Object],2,preprint,1,,,false,true,green,https://figshare.com/articles/journal_contribution/Bayesian_Soft_Target_Zones/5072641,Monetary Policy and Economic Impact; Italy: Economic History and Contemporary Issues; Economic Policies and Impacts,2026-08-27T14:10:00.468798,2026-08-27T14:10:00.468798,openalex_orcid_only,official_orcid_to_openalex_author,high,false,false,,2026-08-29T03:05:51.808Z
unimelb-finance-020,Professor Paul Kofman,A5090504411,W1850631077,Exchange Rates and Storables Prices,1991,1991-01-01,10.1007/978-94-011-3354-8_5,https://doi.org/10.1007/978-94-011-3354-8_5,Advanced studies in theoretical and applied econometrics,1570-5811,2214-7977,1570-5811; 2214-7977,[object Object]; [object Object],2,book-chapter,1,0,0.1487779,false,false,closed,,Global Financial Crisis and Policies; Market Dynamics and Volatility; Economic Theory and Policy,2026-08-26T07:47:46.906454,2026-08-26T07:47:46.906454,openalex_orcid_only,official_orcid_to_openalex_author,high,false,false,,2026-08-29T03:05:51.808Z
unimelb-finance-020,Professor Paul Kofman,A5090504411,W2255864046,"Spreads, Information Flows and Transparency Across Trading Systems Federal Reserve Bank of Chicago, Issues in Financial Regulation",1999,1999-09-15,,https://papers.ssrn.com/sol3/Delivery.cfm?abstractid=5975,SSRN Electronic Journal,1556-5068,,1556-5068,[object Object]; [object Object],2,preprint,1,,,false,true,green,https://papers.ssrn.com/sol3/Delivery.cfm?abstractid=5975,Complex Systems and Time Series Analysis; Economic theories and models; Financial Markets and Investment Strategies,2026-07-14T23:32:53.992493,2026-07-14T23:32:53.992493,openalex_orcid_only,official_orcid_to_openalex_author,high,false,false,,2026-08-29T03:05:51.808Z
unimelb-finance-020,Professor Paul Kofman,A5090504411,W3121798917,Increased Correlation in Bear markets: A Downside Risk Perspective,2002,2002-01-01,,https://EconPapers.repec.org/RePEc:cpr:ceprdp:3172,RePEc: Research Papers in Economics,,,,[object Object]; [object Object]; [object Object],3,preprint,1,,,false,false,closed,,Financial Risk and Volatility Modeling; Market Dynamics and Volatility; Insurance and Financial Risk Management,2026-08-27T14:10:00.468798,2026-08-27T14:10:00.468798,openalex_orcid_only,official_orcid_to_openalex_author,high,false,false,,2026-08-29T03:05:51.808Z
unimelb-finance-020,Professor Paul Kofman,A5090504411,W1501200720,Empirical Evidence on Relationships in Insurance Markets,2010,2010-01-01,10.2139/ssrn.1616300,https://doi.org/10.2139/ssrn.1616300,SSRN Electronic Journal,1556-5068,,1556-5068,[object Object]; [object Object],2,preprint,0,,,false,true,green,https://doi.org/10.2139/ssrn.1616300,"Insurance and Financial Risk Management; Banking stability, regulation, efficiency; Housing Market and Economics",2026-08-21T09:56:20.448147,2026-08-21T09:56:20.448147,openalex_orcid_only,official_orcid_to_openalex_author,high,false,false,,2026-08-29T03:05:51.808Z
unimelb-finance-020,Professor Paul Kofman,A5090504411,W1505096033,Fat Tails in Finance,2015,2015-01-21,10.1002/9781118785317.weom040038,https://doi.org/10.1002/9781118785317.weom040038,Wiley Encyclopedia of Management,,,,[object Object],1,reference-entry,0,,,false,false,closed,,Financial Risk and Volatility Modeling; Complex Systems and Time Series Analysis; Market Dynamics and Volatility,2026-07-14T23:27:15.235271,2026-07-14T23:27:15.235271,openalex_orcid_only,official_orcid_to_openalex_author,high,false,false,,2026-08-29T03:05:51.808Z
unimelb-finance-020,Professor Paul Kofman,A5090504411,W1520331204,Mixtures of Tails in Clustered Automobile Claims,1995,1995-01-01,,https://EconPapers.repec.org/RePEc:msh:ebswps:1995-11,RePEc: Research Papers in Economics,,,,[object Object]; [object Object]; [object Object],3,preprint,0,,,false,false,closed,,"Energy, Environment, and Transportation Policies; Urban and Freight Transport Logistics",2026-08-26T07:47:46.906454,2026-08-26T07:47:46.906454,openalex_orcid_only,official_orcid_to_openalex_author,high,false,false,,2026-08-29T03:05:51.808Z
unimelb-finance-020,Professor Paul Kofman,A5090504411,W1537958101,Estimating Daily Volatility from Intraday Data,2017,2017-01-01,10.4225/03/5938ab6264f25,https://doi.org/10.4225/03/5938ab6264f25,RePEc: Research Papers in Economics,,,,[object Object]; [object Object],2,preprint,0,,,false,true,green,https://figshare.com/articles/journal_contribution/Estimating_Daily_Volatility_from_Intraday_Data/5090248,Market Dynamics and Volatility; Monetary Policy and Economic Impact; Financial Markets and Investment Strategies,2026-08-26T07:47:46.906454,2026-08-26T07:47:46.906454,openalex_orcid_only,official_orcid_to_openalex_author,high,false,false,,2026-08-29T03:05:51.808Z
unimelb-finance-020,Professor Paul Kofman,A5090504411,W1587476164,A Two-Country Rational Expectations Model of Joint Exchange Rate and Commodity Price Determination,1992,1992-01-01,,https://EconPapers.repec.org/RePEc:fth:erroec:9210-g,RePEc: Research Papers in Economics,,,,[object Object]; [object Object],2,preprint,0,,,false,false,closed,,Market Dynamics and Volatility,2026-08-26T07:47:46.906454,2026-08-26T07:47:46.906454,openalex_orcid_only,official_orcid_to_openalex_author,high,false,false,,2026-08-29T03:05:51.808Z
unimelb-finance-020,Professor Paul Kofman,A5090504411,W1588271164,Trading Rules for Sunflower Processing: the Impact of EC-Policy,1992,1992-01-01,,https://EconPapers.repec.org/RePEc:fth:erroec:9114-g,RePEc: Research Papers in Economics,,,,[object Object],1,preprint,0,,,false,false,closed,,European Monetary and Fiscal Policies; Economic Systems and Logistics Management,2026-08-26T07:47:46.906454,2026-08-26T07:47:46.906454,openalex_orcid_only,official_orcid_to_openalex_author,high,false,false,,2026-08-29T03:05:51.808Z
unimelb-finance-020,Professor Paul Kofman,A5090504411,W2019684802,The demise of commodity price agreements: the role of exchange rates and special interests,2000,2000-11-01,10.1016/s0176-2680(00)00009-4,https://doi.org/10.1016/s0176-2680(00)00009-4,European Journal of Political Economy,0176-2680,1873-5703,0176-2680; 1873-5703,[object Object]; [object Object],2,article,0,0,0.14378795,false,false,closed,,Market Dynamics and Volatility; Monetary Policy and Economic Impact; Economic theories and models,2026-08-21T09:56:20.448147,2026-08-21T09:56:20.448147,openalex_orcid_only,official_orcid_to_openalex_author,high,false,false,,2026-08-29T03:05:51.808Z
unimelb-finance-020,Professor Paul Kofman,A5090504411,W2228793768,A Bayesian soft target zone analysis,1999,1999-01-01,,https://openalex.org/W2228793768,,,,,[object Object]; [object Object],2,article,0,0,0.7114569,false,false,closed,,Infrared Target Detection Methodologies; Advanced SAR Imaging Techniques,2026-06-11T09:08:48.828518,2026-06-11T09:08:48.828518,openalex_orcid_only,official_orcid_to_openalex_author,high,false,false,,2026-08-29T03:05:51.808Z
unimelb-finance-020,Professor Paul Kofman,A5090504411,W2249874752,Structurally Sound Dynamic Index Futures Hedging,2004,2004-01-01,,http://repec.org/esAUSM04/up.16373.1076656779.pdf,RePEc: Research Papers in Economics,,,,[object Object]; [object Object],2,preprint,0,,,false,false,closed,,Financial Markets and Investment Strategies; Financial Risk and Volatility Modeling; Forecasting Techniques and Applications,2026-08-19T15:00:24.278416,2026-08-19T15:00:24.278416,openalex_orcid_only,official_orcid_to_openalex_author,high,false,false,,2026-08-29T03:05:51.808Z
unimelb-finance-020,Professor Paul Kofman,A5090504411,W2562502650,Volatility transmission and patterns in Bund futures,1997,1997-12-01,,https://pure.eur.nl/en/publications/1b8fdd57-8b74-4793-8c57-0da817d4fbfc,EUR Research Repository (Erasmus University Rotterdam),,,,[object Object]; [object Object]; [object Object]; [object Object]; [object Object],5,article,0,0,0.37455487,false,true,green,http://hdl.handle.net/1765/2111,Organizational Management and Leadership; Economic theories and models; Complex Systems and Time Series Analysis,2026-08-28T12:50:07.497085,2026-08-28T12:50:07.497085,openalex_orcid_only,official_orcid_to_openalex_author,high,false,false,,2026-08-29T03:05:51.808Z
unimelb-finance-020,Professor Paul Kofman,A5090504411,W2585151179,An empirical test for parities between metal prices at the LME,1991,1991-01-01,,http://hdl.handle.net/,RePEc: Research Papers in Economics,,,,[object Object]; [object Object],2,article,0,0,0.38411262,false,false,closed,,Organizational Management and Leadership; Monetary Policy and Economic Impact; Market Dynamics and Volatility,2026-08-26T07:47:46.906454,2026-08-26T07:47:46.906454,openalex_orcid_only,official_orcid_to_openalex_author,high,false,false,,2026-08-29T03:05:51.808Z
unimelb-finance-020,Professor Paul Kofman,A5090504411,W2902845626,A non-credible taraget zone model for exchange rate data,1999,1999-01-01,,https://openalex.org/W2902845626,,,,,[object Object]; [object Object],2,article,0,0,0.47157097,false,false,closed,,Global trade and economics,2026-06-11T09:08:48.828518,2026-06-11T09:08:48.828518,openalex_orcid_only,official_orcid_to_openalex_author,high,false,false,,2026-08-29T03:05:51.808Z
unimelb-finance-020,Professor Paul Kofman,A5090504411,W2915879066,Limits to linear price behaviour,1997,1997-01-01,,https://openalex.org/W2915879066,,,,,[object Object]; [object Object]; [object Object],3,article,0,0,0.30977547,false,false,closed,,Economic theories and models,2026-06-11T09:08:48.828518,2026-06-11T09:08:48.828518,openalex_orcid_only,official_orcid_to_openalex_author,high,false,false,,2026-08-29T03:05:51.808Z
unimelb-finance-020,Professor Paul Kofman,A5090504411,W2999430868,Interaction between the London and New York stock markets,1997,1997-01-01,,https://openalex.org/W2999430868,,,,,[object Object]; [object Object],2,article,0,0,0.49084135,false,false,closed,,Monetary Policy and Economic Impact,2026-06-11T09:08:48.828518,2026-06-11T09:08:48.828518,openalex_orcid_only,official_orcid_to_openalex_author,high,false,false,,2026-08-29T03:05:51.808Z
unimelb-finance-020,Professor Paul Kofman,A5090504411,W3005566479,The integrity of futures markets: The impact of price limits on futures prices,2013,2013-05-13,10.4324/9780203714591-13,https://doi.org/10.4324/9780203714591-13,,,,,[object Object]; [object Object]; [object Object],3,article,0,0,0.44376861,false,false,closed,,Financial Markets and Investment Strategies; Market Dynamics and Volatility,2026-06-11T09:08:48.828518,2026-06-11T09:08:48.828518,openalex_orcid_only,official_orcid_to_openalex_author,high,false,false,,2026-08-29T03:05:51.808Z
unimelb-finance-020,Professor Paul Kofman,A5090504411,W3021187537,GARCH effects on a test of cointegration,1994,1994-03-01,,https://www.narcis.nl/publication/RecordID/oai%3Arepub.eur.nl%3A2109,ERIM Article Series (EAS),,,,[object Object]; [object Object]; [object Object],3,article,0,0,0.53271192,false,false,closed,,Monetary Policy and Economic Impact; Italy: Economic History and Contemporary Issues; Auction Theory and Applications,2026-06-11T09:08:48.828518,2026-06-11T09:08:48.828518,openalex_orcid_only,official_orcid_to_openalex_author,high,false,false,,2026-08-29T03:05:51.808Z
unimelb-finance-020,Professor Paul Kofman,A5090504411,W3047501894,Ethics in the time of COVID-19,2020,2020-01-01,,https://findanexpert.unimelb.edu.au/scholarlywork/1459367-ethics-in-the-time-of-covid-19,,,,,[object Object]; [object Object],2,article,0,0,0.11132996,false,false,closed,,COVID-19 Pandemic Impacts,2026-06-11T09:08:48.828518,2026-06-11T09:08:48.828518,openalex_orcid_only,official_orcid_to_openalex_author,high,false,false,,2026-08-29T03:05:51.808Z
unimelb-finance-020,Professor Paul Kofman,A5090504411,W3121754774,The Ethics of Digital Financial Inclusion of Women,2020,2020-01-01,,https://findanexpert.unimelb.edu.au/scholarlywork/1459366-the-ethics-of-digital-financial-inclusion-of-women,,,,,[object Object]; [object Object],2,article,0,0,0.22266465,false,false,closed,,"Microfinance and Financial Inclusion; FinTech, Crowdfunding, Digital Finance",2026-06-11T09:08:48.828518,2026-06-11T09:08:48.828518,openalex_orcid_only,official_orcid_to_openalex_author,high,false,false,,2026-08-29T03:05:51.808Z
unimelb-finance-020,Professor Paul Kofman,A5090504411,W3122097743,An Empirical Test For Parities Between Metal Prices At The Ime,1991,1991-01-01,,https://EconPapers.repec.org/RePEc:fth:erroec:9102,RePEc: Research Papers in Economics,,,,[object Object]; [object Object],2,preprint,0,,,false,false,closed,,Italy: Economic History and Contemporary Issues; Extraction and Separation Processes; Market Dynamics and Volatility,2026-08-26T07:47:46.906454,2026-08-26T07:47:46.906454,openalex_orcid_only,official_orcid_to_openalex_author,high,false,false,,2026-08-29T03:05:51.808Z
unimelb-finance-020,Professor Paul Kofman,A5090504411,W3124177675,Is default risk priced in Australian equity? Exploring the role of the business cycle,2011,2011-08-01,,https://openalex.org/W3124177675,Queensland's institutional digital repository (The University of Queensland),,,,[object Object]; [object Object]; [object Object],3,article,0,0,0.4452806,false,false,closed,,"Credit Risk and Financial Regulations; Banking stability, regulation, efficiency; State Capitalism and Financial Governance",2026-08-26T07:47:46.906454,2026-08-26T07:47:46.906454,openalex_orcid_only,official_orcid_to_openalex_author,high,false,false,,2026-08-29T03:05:51.808Z
unimelb-finance-020,Professor Paul Kofman,A5090504411,W3125253642,Stock margins and the conditional probability of price reversals,1993,1993-01-01,,https://ideas.repec.org/p/fip/fedhfi/93-5.html,RePEc: Research Papers in Economics,,,,[object Object]; [object Object],2,preprint,0,,,false,false,closed,,Financial Markets and Investment Strategies,2026-08-26T07:47:46.906454,2026-08-26T07:47:46.906454,openalex_orcid_only,official_orcid_to_openalex_author,high,false,false,,2026-08-29T03:05:51.808Z
unimelb-finance-020,Professor Paul Kofman,A5090504411,W3137523147,How Directors can ensure trust in digital services,2020,2020-01-01,,https://findanexpert.unimelb.edu.au/scholarlywork/1459368-how-directors-can-ensure-trust-in-digital-services,,,,,[object Object]; [object Object],2,article,0,0,0.3404468,false,false,closed,,Blockchain Technology Applications and Security,2026-06-11T09:08:48.828518,2026-06-11T09:08:48.828518,openalex_orcid_only,official_orcid_to_openalex_author,high,false,false,,2026-08-29T03:05:51.808Z
unimelb-finance-020,Professor Paul Kofman,A5090504411,W4413611234,What if we expected financial services to be more like health services?,2018,2018-08-15,10.64628/aa.sxd4rgjrv,https://doi.org/10.64628/aa.sxd4rgjrv,,,,,[object Object]; [object Object],2,other,0,,,false,false,closed,,Healthcare Policy and Management,2026-07-14T23:27:15.235271,2026-07-14T23:27:15.235271,openalex_orcid_only,official_orcid_to_openalex_author,high,false,false,,2026-08-29T03:05:51.808Z
unimelb-finance-020,Professor Paul Kofman,A5090504411,W4413642094,Mood swings and the market: how to understand irrational investor behaviour,2012,2012-02-29,10.64628/aa.3xj539srm,https://doi.org/10.64628/aa.3xj539srm,,,,,[object Object],1,other,0,,,false,false,closed,,Financial Markets and Investment Strategies,2026-07-14T23:27:15.235271,2026-07-14T23:27:15.235271,openalex_orcid_only,official_orcid_to_openalex_author,high,false,false,,2026-08-29T03:05:51.808Z
unimelb-finance-020,Professor Paul Kofman,A5090504411,W7128610125,Interaction Between the London and New York Stock Markets During Common Trading Hours,2017,2017-01-01,10.26180/5090059,https://doi.org/10.26180/5090059,Monash University,,,,[object Object]; [object Object],2,article,0,0,0.5842476,false,true,green,https://doi.org/10.26180/5090059,Financial Markets and Investment Strategies; Financial Risk and Volatility Modeling; Market Dynamics and Volatility,2026-08-21T09:56:20.448147,2026-08-21T09:56:20.448147,openalex_orcid_only,official_orcid_to_openalex_author,high,false,false,,2026-08-29T03:05:51.808Z
unimelb-finance-020,Professor Paul Kofman,A5090504411,W7128622036,Interaction Between the London and New York Stock Markets During Common Trading Hours,2017,2017-01-01,10.26180/5090059.v1,https://doi.org/10.26180/5090059.v1,Monash University,,,,[object Object]; [object Object],2,article,0,0,0.58569904,false,true,green,https://doi.org/10.26180/5090059.v1,Financial Markets and Investment Strategies; Financial Risk and Volatility Modeling; Market Dynamics and Volatility,2026-08-21T09:56:20.448147,2026-08-21T09:56:20.448147,openalex_orcid_only,official_orcid_to_openalex_author,high,false,false,,2026-08-29T03:05:51.808Z
unimelb-finance-021,Associate Professor Asjeet Lamba,A5027037754,W2018010620,An empirical examination of linkages between Pacific-Basin stock markets,1998,1998-06-01,10.1016/s1042-4431(98)00029-8,https://doi.org/10.1016/s1042-4431(98)00029-8,Journal of International Financial Markets Institutions and Money,1042-4431,1873-0612,1042-4431; 1873-0612,[object Object]; [object Object],2,article,246,6.147,0.9580237,false,false,closed,,Market Dynamics and Volatility; Monetary Policy and Economic Impact; Financial Markets and Investment Strategies,2026-08-21T09:56:20.448147,2026-08-21T09:56:20.448147,openalex_orcid_only,official_orcid_to_openalex_author,high,false,false,,2026-08-29T03:05:51.808Z
unimelb-finance-021,Associate Professor Asjeet Lamba,A5027037754,W2801163943,Does the corporate bond market overvalue bonds of sin companies?,2018,2018-04-30,10.1016/j.frl.2018.04.018,https://doi.org/10.1016/j.frl.2018.04.018,Finance research letters,1544-6123,1544-6131,1544-6123; 1544-6131,[object Object]; [object Object]; [object Object]; [object Object]; [object Object],5,article,15,2.2155,0.87884035,false,true,bronze,https://www.sciencedirect.com/science/article/am/pii/S1544612318302666?via%3Dihub,Credit Risk and Financial Regulations; Financial Markets and Investment Strategies; Corporate Finance and Governance,2026-08-21T09:56:20.448147,2026-08-21T09:56:20.448147,openalex_orcid_only,official_orcid_to_openalex_author,high,false,false,,2026-08-29T03:05:51.808Z
unimelb-finance-021,Associate Professor Asjeet Lamba,A5027037754,W2008086311,EXCHANGE LISTINGS AND DELISTINGS: THE ROLE OF INSIDER INFORMATION AND INSIDER TRADING,1999,1999-06-01,10.1111/j.1475-6803.1999.tb00719.x,https://doi.org/10.1111/j.1475-6803.1999.tb00719.x,The Journal of Financial Research,0270-2592,1475-6803,0270-2592; 1475-6803,[object Object]; [object Object],2,article,42,1.2973,0.84105102,false,false,closed,,"Financial Markets and Investment Strategies; Corporate Finance and Governance; Auditing, Earnings Management, Governance",2026-08-21T09:56:20.448147,2026-08-21T09:56:20.448147,openalex_orcid_only,official_orcid_to_openalex_author,high,false,false,,2026-08-29T03:05:51.808Z
unimelb-finance-021,Associate Professor Asjeet Lamba,A5027037754,W2993644696,An analysis of the linkages among African and world equity markets,2001,2001-01-01,,https://findanexpert.unimelb.edu.au/scholarlywork/246924-an-analysis-of-the-linkages-among-african-and-world-equity-markets,The African finance journal,1605-9786,,1605-9786,[object Object]; [object Object],2,article,13,1.4746,0.90584198,false,false,closed,,Private Equity and Venture Capital; Corporate Finance and Governance,2026-06-11T09:08:48.828518,2026-06-11T09:08:48.828518,openalex_orcid_only,official_orcid_to_openalex_author,high,false,false,,2026-08-29T03:05:51.808Z
unimelb-finance-021,Associate Professor Asjeet Lamba,A5027037754,W3121423309,An Analysis of the Dynamic Relationships Between the South African Equity Market and Major World Equity Markets,2001,2001-09-01,10.17578/5-3-3,https://doi.org/10.17578/5-3-3,Multinational Finance Journal,1096-1879,,1096-1879,[object Object]; [object Object],2,article,19,1.3726,0.87504821,false,true,bronze,http://www.mfsociety.org/../../../../../modules/modDashboard/uploadFiles/journals/MJ~685~p16tagr7fe577s1pkm2l664fm1.pdf,Monetary Policy and Economic Impact; Market Dynamics and Volatility; Financial Risk and Volatility Modeling,2026-08-21T09:56:20.448147,2026-08-21T09:56:20.448147,openalex_orcid_only,official_orcid_to_openalex_author,high,false,false,,2026-08-29T03:05:51.808Z
unimelb-finance-021,Associate Professor Asjeet Lamba,A5027037754,W2008305826,Short selling restrictions and market completeness: the Malaysian experience,2006,2006-02-14,10.1080/09603100500396619,https://doi.org/10.1080/09603100500396619,Applied Financial Economics,0960-3107,1466-4305,0960-3107; 1466-4305,[object Object]; [object Object],2,article,16,1.467,0.85005751,false,false,closed,,"Financial Markets and Investment Strategies; Corporate Finance and Governance; Auditing, Earnings Management, Governance",2026-07-29T09:40:50.615796,2026-07-29T09:40:50.615796,openalex_orcid_only,official_orcid_to_openalex_author,high,false,false,,2026-08-29T03:05:51.808Z
unimelb-finance-021,Associate Professor Asjeet Lamba,A5027037754,W2583967452,Do corporate bond rating revisions convey information about earnings and dividend changes?,2012,2012-01-01,10.22495/cocv9i3c3art4,https://doi.org/10.22495/cocv9i3c3art4,Corporate Ownership and Control,1727-9232,1810-0368,1727-9232; 1810-0368; 1810-3057,[object Object]; [object Object]; [object Object]; [object Object],4,article,2,0,0.37651954,false,false,closed,,"Credit Risk and Financial Regulations; Auditing, Earnings Management, Governance; Corporate Finance and Governance",2026-08-18T07:49:30.821534,2026-08-18T07:49:30.821534,openalex_orcid_only,official_orcid_to_openalex_author,high,false,false,,2026-08-29T03:05:51.808Z
unimelb-finance-021,Associate Professor Asjeet Lamba,A5027037754,W2054709377,The information content of firms switching from section 2 to section 1 of the Tokyo stock exchange,1997,1997-09-01,10.1016/s0927-538x(97)00012-7,https://doi.org/10.1016/s0927-538x(97)00012-7,Pacific-Basin Finance Journal,0927-538X,1879-0585,0927-538X; 1879-0585,[object Object]; [object Object],2,article,7,0,0.21984626,false,false,closed,,"Financial Markets and Investment Strategies; Corporate Finance and Governance; Auditing, Earnings Management, Governance",2026-08-26T07:47:46.906454,2026-08-26T07:47:46.906454,openalex_orcid_only,official_orcid_to_openalex_author,high,false,false,,2026-08-29T03:05:51.808Z
unimelb-finance-021,Associate Professor Asjeet Lamba,A5027037754,W3041225445,"Disclosure, transparency and regulation of open market repurchases in Australia",2020,2020-01-01,,https://findanexpert.unimelb.edu.au/scholarlywork/1444170-disclosure--transparency-and-regulation-of-open-market-repurchases-in-australia,Company and securities law journal,0729-2775,,0729-2775,[object Object]; [object Object]; [object Object],3,article,2,0,0.10852275,false,false,closed,,Corporate Finance and Governance,2026-06-11T09:08:48.828518,2026-06-11T09:08:48.828518,openalex_orcid_only,official_orcid_to_openalex_author,high,false,false,,2026-08-29T03:05:51.808Z
unimelb-finance-021,Associate Professor Asjeet Lamba,A5027037754,W2049153103,An Analysis of the Dynamic Relationships between the South African Equity Market and Major World Equity Markets,2015,2015-07-07,,http://citeseerx.ist.psu.edu/viewdoc/summary?doi=10.1.1.201.912,SSRN Electronic Journal,1556-5068,,1556-5068,[object Object]; [object Object],2,article,3,1.0771,0.8669845,false,true,green,https://papers.ssrn.com/sol3/papers.cfm?abstract_id=2627622,Market Dynamics and Volatility; Financial Markets and Investment Strategies; Financial Risk and Volatility Modeling,2026-08-26T07:47:46.906454,2026-08-26T07:47:46.906454,openalex_orcid_only,official_orcid_to_openalex_author,high,false,false,,2026-08-29T03:05:51.808Z
unimelb-finance-021,Associate Professor Asjeet Lamba,A5027037754,W3123840206,What motivates block share ownership?,2014,2014-01-01,10.22495/cocv11i2c4p1,https://doi.org/10.22495/cocv11i2c4p1,Corporate Ownership and Control,1727-9232,1810-0368,1727-9232; 1810-0368; 1810-3057,[object Object]; [object Object],2,article,1,0,0.60362516,false,false,closed,,Corporate Finance and Governance; Private Equity and Venture Capital; Corporate Taxation and Avoidance,2026-06-11T09:08:48.828518,2026-06-11T09:08:48.828518,openalex_orcid_only,official_orcid_to_openalex_author,high,false,false,,2026-08-29T03:05:51.808Z
unimelb-finance-021,Associate Professor Asjeet Lamba,A5027037754,W1559058293,The Determinants of Corporate Ownership Structure: Australian Evidence,2001,2001-01-01,10.2139/ssrn.279015,https://doi.org/10.2139/ssrn.279015,SSRN Electronic Journal,1556-5068,,1556-5068,[object Object]; [object Object],2,preprint,39,,,false,true,green,https://doi.org/10.2139/ssrn.279015,Corporate Finance and Governance; Private Equity and Venture Capital; Family Business Performance and Succession,2026-08-21T09:56:20.448147,2026-08-21T09:56:20.448147,openalex_orcid_only,official_orcid_to_openalex_author,high,false,false,,2026-08-29T03:05:51.808Z
unimelb-finance-021,Associate Professor Asjeet Lamba,A5027037754,W136466879,An Analysis of the Short- and Long-Run Relationships between South Asian and Developed Equity Markets,2005,2005-09-22,,https://papers.ssrn.com/sol3/Delivery.cfm/SSRN_ID830069_code363111.pdf?abstractid=830069&mirid=1,SSRN Electronic Journal,1556-5068,,1556-5068,[object Object],1,preprint,22,,,false,true,green,https://papers.ssrn.com/sol3/Delivery.cfm/SSRN_ID830069_code363111.pdf?abstractid=830069&mirid=1,Monetary Policy and Economic Impact; Market Dynamics and Volatility; Global Financial Crisis and Policies,2026-07-15T18:14:33.161393,2026-07-15T18:14:33.161393,openalex_orcid_only,official_orcid_to_openalex_author,high,false,false,,2026-08-29T03:05:51.808Z
unimelb-finance-021,Associate Professor Asjeet Lamba,A5027037754,W51389236,Share Buy-Backs: An Empirical Investigation,2000,2000-01-01,10.2139/ssrn.227930,https://doi.org/10.2139/ssrn.227930,SSRN Electronic Journal,1556-5068,,1556-5068,[object Object]; [object Object],2,preprint,18,,,false,true,green,https://doi.org/10.2139/ssrn.227930,Corporate Finance and Governance; Firm Innovation and Growth,2026-08-21T09:56:20.448147,2026-08-21T09:56:20.448147,openalex_orcid_only,official_orcid_to_openalex_author,high,false,false,,2026-08-29T03:05:51.808Z
unimelb-finance-021,Associate Professor Asjeet Lamba,A5027037754,W3123811211,Exchange Listings and Delistings: The Role of Insider Information and Insider Trading,1998,1998-12-26,,https://papers.ssrn.com/sol3/papers.cfm?abstract_id=142563,SSRN Electronic Journal,1556-5068,,1556-5068,[object Object]; [object Object],2,preprint,3,,,false,true,green,https://papers.ssrn.com/sol3/papers.cfm?abstract_id=142563,"Financial Markets and Investment Strategies; Corporate Finance and Governance; Auditing, Earnings Management, Governance",2026-08-26T07:47:46.906454,2026-08-26T07:47:46.906454,openalex_orcid_only,official_orcid_to_openalex_author,high,false,false,,2026-08-29T03:05:51.808Z
unimelb-finance-021,Associate Professor Asjeet Lamba,A5027037754,W1839104631,The Valuation Effects of Prime Rate Revisions: Is There an Advantage of Being First?*,2006,2006-09-01,10.1111/j.1468-2443.2007.00064.x,https://doi.org/10.1111/j.1468-2443.2007.00064.x,International Review of Finance,1369-412X,1468-2443,1369-412X; 1468-2443,[object Object]; [object Object],2,article,2,0.3711,0.69885412,false,false,closed,,"Banking stability, regulation, efficiency; Corporate Finance and Governance; Financial Markets and Investment Strategies",2026-08-21T09:56:20.448147,2026-08-21T09:56:20.448147,openalex_orcid_only,official_orcid_to_openalex_author,high,false,false,,2026-08-29T03:05:51.808Z
unimelb-finance-021,Associate Professor Asjeet Lamba,A5027037754,W2663090283,A Comparison of the Shareholder Wealth Effects of Firms Announcing Domestic and International Joint Ventures,2005,2005-12-01,,https://doaj.org/article/b9f2ee27c6914431abc36f99d8d88f38,DOAJ (DOAJ: Directory of Open Access Journals),,,,[object Object]; [object Object]; [object Object],3,article,2,0,0.54292511,false,true,green,https://doaj.org/article/b9f2ee27c6914431abc36f99d8d88f38,Corporate Finance and Governance; Private Equity and Venture Capital; Firm Innovation and Growth,2026-08-08T01:25:22.217667,2026-08-08T01:25:22.217667,openalex_orcid_only,official_orcid_to_openalex_author,high,false,false,,2026-08-29T03:05:51.808Z
unimelb-finance-021,Associate Professor Asjeet Lamba,A5027037754,W1502240521,What Motivates Block Share Ownership?,2011,2011-01-01,10.2139/ssrn.1917951,https://doi.org/10.2139/ssrn.1917951,SSRN Electronic Journal,1556-5068,,1556-5068,[object Object]; [object Object],2,preprint,0,,,false,true,green,https://doi.org/10.2139/ssrn.1917951,Corporate Finance and Governance; Private Equity and Venture Capital; Corporate Taxation and Avoidance,2026-08-21T09:56:20.448147,2026-08-21T09:56:20.448147,openalex_orcid_only,official_orcid_to_openalex_author,high,false,false,,2026-08-29T03:05:51.808Z
unimelb-finance-021,Associate Professor Asjeet Lamba,A5027037754,W2084723105,The Role of Institutional Traders around Section Switches on the Tokyo Stock Exchange,1998,1998-06-01,10.1142/s021909159800017x,https://doi.org/10.1142/s021909159800017x,Review of Pacific Basin Financial Markets and Policies,0219-0915,1793-6705,0219-0915; 1793-6705,[object Object]; [object Object],2,article,0,0,0.23959037,false,false,closed,,Financial Markets and Investment Strategies; Complex Systems and Time Series Analysis; Corporate Finance and Governance,2026-06-11T09:08:48.828518,2026-06-11T09:08:48.828518,openalex_orcid_only,official_orcid_to_openalex_author,high,false,false,,2026-08-29T03:05:51.808Z
unimelb-finance-021,Associate Professor Asjeet Lamba,A5027037754,W2254345231,Commercial Litigation in Australia: An Empirical Study,2015,2015-01-01,,https://papers.ssrn.com/sol3/Delivery.cfm/SSRN_ID2645509_code178811.pdf?abstractid=2645509&mirid=1,SSRN Electronic Journal,1556-5068,,1556-5068,[object Object]; [object Object],2,preprint,0,,,false,true,green,https://papers.ssrn.com/sol3/Delivery.cfm/SSRN_ID2645509_code178811.pdf?abstractid=2645509&mirid=1,"Law, Economics, and Judicial Systems; Law, logistics, and international trade; Medical Malpractice and Liability Issues",2026-07-15T18:14:33.161393,2026-07-15T18:14:33.161393,openalex_orcid_only,official_orcid_to_openalex_author,high,false,false,,2026-08-29T03:05:51.808Z
unimelb-finance-021,Associate Professor Asjeet Lamba,A5027037754,W2255189759,The Effects of Political Uncertainty on Stock Prices,2012,2012-01-01,10.2139/ssrn.2021536,https://doi.org/10.2139/ssrn.2021536,SSRN Electronic Journal,1556-5068,,1556-5068,[object Object]; [object Object]; [object Object],3,preprint,0,,,false,true,green,https://doi.org/10.2139/ssrn.2021536,Fiscal Policies and Political Economy; Financial Markets and Investment Strategies; Monetary Policy and Economic Impact,2026-08-21T09:56:20.448147,2026-08-21T09:56:20.448147,openalex_orcid_only,official_orcid_to_openalex_author,high,false,false,,2026-08-29T03:05:51.808Z
unimelb-finance-021,Associate Professor Asjeet Lamba,A5027037754,W2270069118,The Costs of Corporate Litigation in Australia,2009,2009-01-01,10.2139/ssrn.1423744,https://doi.org/10.2139/ssrn.1423744,SSRN Electronic Journal,1556-5068,,1556-5068,[object Object]; [object Object],2,preprint,0,,,false,true,green,https://doi.org/10.2139/ssrn.1423744,"Law, Economics, and Judicial Systems; Corporate Law and Human Rights; Regulation and Compliance Studies",2026-08-21T09:56:20.448147,2026-08-21T09:56:20.448147,openalex_orcid_only,official_orcid_to_openalex_author,high,false,false,,2026-08-29T03:05:51.808Z
unimelb-finance-021,Associate Professor Asjeet Lamba,A5027037754,W2282436510,Do Corporate Bond Rating Revisions Convey Information About Earnings?,2011,2011-01-01,10.2139/ssrn.1878254,https://doi.org/10.2139/ssrn.1878254,SSRN Electronic Journal,1556-5068,,1556-5068,[object Object]; [object Object]; [object Object]; [object Object],4,preprint,0,,,false,true,green,https://doi.org/10.2139/ssrn.1878254,"Credit Risk and Financial Regulations; Auditing, Earnings Management, Governance; Corporate Finance and Governance",2026-08-21T09:56:20.448147,2026-08-21T09:56:20.448147,openalex_orcid_only,official_orcid_to_openalex_author,high,false,false,,2026-08-29T03:05:51.808Z
unimelb-finance-021,Associate Professor Asjeet Lamba,A5027037754,W3009498471,Reading 48: Overview of Equity Securities,2016,2016-01-01,,https://findanexpert.unimelb.edu.au/scholarlywork/1120372-reading-48--overview-of-equity-securities,,,,,[object Object]; [object Object],2,article,0,0,0.51969199,false,false,closed,,"Private Equity and Venture Capital; Banking stability, regulation, efficiency; Insurance and Financial Risk Management",2026-06-11T09:08:48.828518,2026-06-11T09:08:48.828518,openalex_orcid_only,official_orcid_to_openalex_author,high,false,false,,2026-08-29T03:05:51.808Z
unimelb-finance-021,Associate Professor Asjeet Lamba,A5027037754,W3029421627,Earnings and dividend information contained in bond rating changes,2007,2007-01-01,,https://findanexpert.unimelb.edu.au/scholarlywork/325452-earnings-and-dividend-information-contained-in-bond-rating-changes,,,,,[object Object]; [object Object]; [object Object]; [object Object],4,article,0,0,0.4594225,false,false,closed,,"Credit Risk and Financial Regulations; Financial Reporting and Valuation Research; Auditing, Earnings Management, Governance",2026-06-11T09:08:48.828518,2026-06-11T09:08:48.828518,openalex_orcid_only,official_orcid_to_openalex_author,high,false,false,,2026-08-29T03:05:51.808Z
unimelb-finance-021,Associate Professor Asjeet Lamba,A5027037754,W3125419049,The costs of corporate litigation in Australia,2009,2009-01-01,,https://findanexpert.unimelb.edu.au/scholarlywork/315556-the-costs-of-corporate-litigation-in-australia,Company and securities law journal,0729-2775,,0729-2775,[object Object]; [object Object],2,article,0,0,0.41580547,false,false,closed,,"Law, Economics, and Judicial Systems; Corporate Law and Human Rights; Regulation and Compliance Studies",2026-06-11T09:08:48.828518,2026-06-11T09:08:48.828518,openalex_orcid_only,official_orcid_to_openalex_author,high,false,false,,2026-08-29T03:05:51.808Z
unimelb-finance-021,Associate Professor Asjeet Lamba,A5027037754,W3165171279,Overview of Equity Securities,2020,2020-01-01,,https://findanexpert.unimelb.edu.au/scholarlywork/1460005-overview-of-equity-securities,,,,,[object Object]; [object Object],2,article,0,0,0.36243356,false,false,closed,,"Auditing, Earnings Management, Governance; Financial Markets and Investment Strategies; Corporate Finance and Governance",2026-06-11T09:08:48.828518,2026-06-11T09:08:48.828518,openalex_orcid_only,official_orcid_to_openalex_author,high,false,false,,2026-08-29T03:05:51.808Z
unimelb-finance-022,Dr Gabriele Lattanzio,A5065193794,W4381940584,Cybersecurity risk and corporate innovation,2023,2023-06-24,10.1016/j.jcorpfin.2023.102445,https://doi.org/10.1016/j.jcorpfin.2023.102445,Journal of Corporate Finance,0929-1199,1872-6313,0929-1199; 1872-6313,[object Object]; [object Object],2,article,85,40.1905,0.99865083,false,false,closed,,Corruption and Economic Development; Economic Growth and Development; Corporate Finance and Governance,2026-08-28T12:50:07.497085,2026-08-28T12:50:07.497085,openalex_orcid_only,official_orcid_to_openalex_author,high,false,false,,2026-08-29T03:05:51.808Z
unimelb-finance-022,Dr Gabriele Lattanzio,A5065193794,W4384283558,Looking at socially responsible investment strategies through the lenses of the global ETF industry,2023,2023-07-14,10.1016/j.jimonfin.2023.102917,https://doi.org/10.1016/j.jimonfin.2023.102917,Journal of International Money and Finance,0261-5606,1873-0639,0261-5606; 1873-0639,[object Object]; [object Object]; [object Object]; [object Object],4,article,20,4.4958,0.94089078,false,false,closed,,Corporate Social Responsibility Reporting; Sustainable Finance and Green Bonds; Financial Markets and Investment Strategies,2026-08-28T12:50:07.497085,2026-08-28T12:50:07.497085,openalex_orcid_only,official_orcid_to_openalex_author,high,false,false,,2026-08-29T03:05:51.808Z
unimelb-finance-022,Dr Gabriele Lattanzio,A5065193794,W3212807430,Where does corporate social capital matter the most? Evidence From the COVID-19 crisis,2021,2021-11-10,10.1016/j.frl.2021.102538,https://doi.org/10.1016/j.frl.2021.102538,Finance research letters,1544-6123,1544-6131,1544-6123; 1544-6131,[object Object]; [object Object]; [object Object],3,article,19,2.2964,0.89708155,false,true,green,https://nur.nu.edu.kz/bitstreams/5740f48f-3ec9-43b7-922a-caac8b261ff1/download,Corporate Social Responsibility Reporting; COVID-19 Pandemic Impacts; Corporate Finance and Governance,2026-08-28T12:50:07.497085,2026-08-28T12:50:07.497085,openalex_orcid_only,official_orcid_to_openalex_author,high,false,false,,2026-08-29T03:05:51.808Z
unimelb-finance-022,Dr Gabriele Lattanzio,A5065193794,W4381378956,Capitalizing entrepreneurship: The rise of growth equity,2023,2023-03-01,10.1111/jacf.12561,https://doi.org/10.1111/jacf.12561,Journal of applied corporate finance,1078-1196,1745-6622,1078-1196; 1745-6622; 1936-8216,[object Object]; [object Object]; [object Object]; [object Object],4,article,11,4.397,0.94166251,false,true,bronze,https://onlinelibrary.wiley.com/doi/pdfdirect/10.1111/jacf.12561,Private Equity and Venture Capital; Entrepreneurship Studies and Influences; Business and Economic Development,2026-08-28T12:50:07.497085,2026-08-28T12:50:07.497085,openalex_orcid_only,official_orcid_to_openalex_author,high,false,false,,2026-08-29T03:05:51.808Z
unimelb-finance-022,Dr Gabriele Lattanzio,A5065193794,W4281558104,Beyond religion and culture: The economic consequences of the institutionalization of sharia law,2022,2022-05-26,10.1016/j.ememar.2022.100918,https://doi.org/10.1016/j.ememar.2022.100918,Emerging Markets Review,1566-0141,1873-6173,1566-0141; 1873-6173,[object Object],1,article,10,2.2143,0.88197647,false,false,closed,,"Islamic Finance and Banking Studies; Culture, Economy, and Development Studies; Taxation and Compliance Studies",2026-08-28T12:50:07.497085,2026-08-28T12:50:07.497085,openalex_orcid_only,official_orcid_to_openalex_author,high,false,false,,2026-08-29T03:05:51.808Z
unimelb-finance-022,Dr Gabriele Lattanzio,A5065193794,W4308934478,Industrial accidents: The mediating effect of corporate social responsibility and environmental policy measures,2022,2022-11-11,10.1002/csr.2413,https://doi.org/10.1002/csr.2413,Corporate Social Responsibility and Environmental Management,1535-3958,1535-3966,1535-3958; 1535-3966,[object Object]; [object Object]; [object Object],3,article,5,0.8533,0.80120253,false,false,closed,,Corporate Social Responsibility Reporting; Risk Management in Financial Firms; Environmental Sustainability in Business,2026-08-28T12:50:07.497085,2026-08-28T12:50:07.497085,openalex_orcid_only,official_orcid_to_openalex_author,high,false,false,,2026-08-29T03:05:51.808Z
unimelb-finance-022,Dr Gabriele Lattanzio,A5065193794,W3100566720,International Relations and Sovereign Wealth Funds' Political Value: Evidence from a Quasi-Natural Experiment,2017,2017-01-01,,https://openalex.org/W3100566720,,,,,[object Object]; [object Object],2,article,6,1.3699,0.88833375,false,false,closed,,State Capitalism and Financial Governance; Natural Resources and Economic Development,2026-06-11T09:08:48.828518,2026-06-11T09:08:48.828518,openalex_orcid_only,official_orcid_to_openalex_author,high,false,false,,2026-08-29T03:05:51.808Z
unimelb-finance-022,Dr Gabriele Lattanzio,A5065193794,W3096079568,Corporate Purpose and Value: Evidence from a Novel Measure of Environmental Awareness,2020,2020-10-01,,https://openalex.org/W3096079568,,,,,[object Object]; [object Object],2,article,3,0.6731,0.81086842,false,false,closed,,Corporate Social Responsibility Reporting; Environmental Sustainability in Business; Sustainable Supply Chain Management,2026-06-11T09:08:48.828518,2026-06-11T09:08:48.828518,openalex_orcid_only,official_orcid_to_openalex_author,high,false,false,,2026-08-29T03:05:51.808Z
unimelb-finance-022,Dr Gabriele Lattanzio,A5065193794,W3121190530,Can Restructuring Gains Be Sustained Without Ownership Changes? Evidence from Withdrawn Privatizations,2020,2020-05-12,10.1017/s0022109020000253,https://doi.org/10.1017/s0022109020000253,Journal of Financial and Quantitative Analysis,0022-1090,1756-6916,0022-1090; 1756-6916,[object Object]; [object Object],2,article,5,1.2368,0.83197826,false,false,closed,,Corporate Finance and Governance; State Capitalism and Financial Governance; Private Equity and Venture Capital,2026-08-28T12:50:07.497085,2026-08-28T12:50:07.497085,openalex_orcid_only,official_orcid_to_openalex_author,high,false,false,,2026-08-29T03:05:51.808Z
unimelb-finance-022,Dr Gabriele Lattanzio,A5065193794,W4293174073,"Dissecting the Listing Gap: Mergers, Private Equity, or Regulation?",2022,2022-01-01,10.2139/ssrn.4198755,https://doi.org/10.2139/ssrn.4198755,SSRN Electronic Journal,1556-5068,,1556-5068,[object Object]; [object Object]; [object Object],3,preprint,16,,,false,true,green,https://doi.org/10.2139/ssrn.4198755,Corporate Finance and Governance; Private Equity and Venture Capital; Corporate Taxation and Avoidance,2026-08-21T09:56:20.448147,2026-08-21T09:56:20.448147,openalex_orcid_only,official_orcid_to_openalex_author,high,false,false,,2026-08-29T03:05:51.808Z
unimelb-finance-022,Dr Gabriele Lattanzio,A5065193794,W2959065026,The Persistence and Valuation Effects of Classification Shifting,2019,2019-01-01,10.2139/ssrn.3384962,https://doi.org/10.2139/ssrn.3384962,SSRN Electronic Journal,1556-5068,,1556-5068,[object Object]; [object Object],2,preprint,13,,,false,true,green,https://doi.org/10.2139/ssrn.3384962,"Impact of AI and Big Data on Business and Society; Insurance, Mortality, Demography, Risk Management",2026-08-21T09:56:20.448147,2026-08-21T09:56:20.448147,openalex_orcid_only,official_orcid_to_openalex_author,high,false,false,,2026-08-29T03:05:51.808Z
unimelb-finance-022,Dr Gabriele Lattanzio,A5065193794,W3092502027,Corporate Innovation in the Cyber Age,2020,2020-01-01,10.2139/ssrn.3559386,https://doi.org/10.2139/ssrn.3559386,SSRN Electronic Journal,1556-5068,,1556-5068,[object Object]; [object Object],2,preprint,9,,,false,true,green,https://doi.org/10.2139/ssrn.3559386,Innovation and Knowledge Management; Intellectual Property and Patents,2026-08-27T14:10:00.468798,2026-08-27T14:10:00.468798,openalex_orcid_only,official_orcid_to_openalex_author,high,false,false,,2026-08-29T03:05:51.808Z
unimelb-finance-022,Dr Gabriele Lattanzio,A5065193794,W3127737212,An ESG Ratings Free Assessment of Socially Responsible Investment Strategies,2020,2020-01-01,10.2139/ssrn.3743802,https://doi.org/10.2139/ssrn.3743802,SSRN Electronic Journal,1556-5068,,1556-5068,[object Object]; [object Object]; [object Object]; [object Object],4,preprint,6,,,false,true,green,https://doi.org/10.2139/ssrn.3743802,Corporate Social Responsibility Reporting; Sustainable Finance and Green Bonds; Market Dynamics and Volatility,2026-07-14T23:27:15.235271,2026-07-14T23:27:15.235271,openalex_orcid_only,official_orcid_to_openalex_author,high,false,false,,2026-08-29T03:05:51.808Z
unimelb-finance-022,Dr Gabriele Lattanzio,A5065193794,W2947527977,"Dissecting the Listing Gap: Mergers, Private Equity, or Regulation?",2019,2019-01-01,10.2139/ssrn.3329555,https://doi.org/10.2139/ssrn.3329555,SSRN Electronic Journal,1556-5068,,1556-5068,[object Object]; [object Object]; [object Object],3,preprint,5,,,false,true,green,https://doi.org/10.2139/ssrn.3329555,Corporate Finance and Governance; Private Equity and Venture Capital; Financial Markets and Investment Strategies,2026-08-21T09:56:20.448147,2026-08-21T09:56:20.448147,openalex_orcid_only,official_orcid_to_openalex_author,high,false,false,,2026-08-29T03:05:51.808Z
unimelb-finance-022,Dr Gabriele Lattanzio,A5065193794,W4289546610,M&A and Cybersecurity Risk: Empirical Evidence,2022,2022-01-01,10.2139/ssrn.4170093,https://doi.org/10.2139/ssrn.4170093,SSRN Electronic Journal,1556-5068,,1556-5068,[object Object]; [object Object],2,preprint,3,,,false,true,green,https://doi.org/10.2139/ssrn.4170093,Information and Cyber Security; Cybercrime and Law Enforcement Studies; Risk Management in Financial Firms,2026-08-21T09:56:20.448147,2026-08-21T09:56:20.448147,openalex_orcid_only,official_orcid_to_openalex_author,high,false,false,,2026-08-29T03:05:51.808Z
unimelb-finance-022,Dr Gabriele Lattanzio,A5065193794,W3097169824,Does Competing Through Corporate Social Responsibility Engagements Lead to Superior Financial Performance?,2019,2019-01-01,10.2139/ssrn.3449259,https://doi.org/10.2139/ssrn.3449259,SSRN Electronic Journal,1556-5068,,1556-5068,[object Object]; [object Object],2,preprint,2,,,false,true,green,https://doi.org/10.2139/ssrn.3449259,"Corporate Social Responsibility Reporting; Environmental Sustainability in Business; Auditing, Earnings Management, Governance",2026-08-28T12:50:07.497085,2026-08-28T12:50:07.497085,openalex_orcid_only,official_orcid_to_openalex_author,high,false,false,,2026-08-29T03:05:51.808Z
unimelb-finance-022,Dr Gabriele Lattanzio,A5065193794,W4285108551,"Punish One, Teach a Hundred: The Global Consequences of Milieudefensie Et Al. V. Royal Dutch Shell Plc",2022,2022-01-01,10.2139/ssrn.4104361,https://doi.org/10.2139/ssrn.4104361,SSRN Electronic Journal,1556-5068,,1556-5068,[object Object]; [object Object]; [object Object],3,preprint,2,,,false,true,green,https://doi.org/10.2139/ssrn.4104361,Corporate Law and Human Rights; Regulation and Compliance Studies; International Law and Human Rights,2026-08-04T08:18:43.703281,2026-08-04T08:18:43.703281,openalex_orcid_only,official_orcid_to_openalex_author,high,false,false,,2026-08-29T03:05:51.808Z
unimelb-finance-022,Dr Gabriele Lattanzio,A5065193794,W4312639094,Capitalizing Entrepreneurship: The Rise of Growth Equity,2022,2022-01-01,10.2139/ssrn.4286890,https://doi.org/10.2139/ssrn.4286890,SSRN Electronic Journal,1556-5068,,1556-5068,[object Object]; [object Object]; [object Object]; [object Object],4,preprint,2,,,false,true,green,https://doi.org/10.2139/ssrn.4286890,Economic Growth and Development; Economic Growth and Productivity,2026-08-21T09:56:20.448147,2026-08-21T09:56:20.448147,openalex_orcid_only,official_orcid_to_openalex_author,high,false,false,,2026-08-29T03:05:51.808Z
unimelb-finance-022,Dr Gabriele Lattanzio,A5065193794,W2607548790,Shari'a Law and Economic Growth,2017,2017-01-01,10.2139/ssrn.2947185,https://doi.org/10.2139/ssrn.2947185,SSRN Electronic Journal,1556-5068,,1556-5068,[object Object],1,preprint,1,,,false,true,green,https://doi.org/10.2139/ssrn.2947185,"Islamic Finance and Banking Studies; Culture, Economy, and Development Studies; Taxation and Compliance Studies",2026-08-04T08:18:43.703281,2026-08-04T08:18:43.703281,openalex_orcid_only,official_orcid_to_openalex_author,high,false,false,,2026-08-29T03:05:51.808Z
unimelb-finance-022,Dr Gabriele Lattanzio,A5065193794,W3202658777,New Stories From Old Data?Evidence From a Novel KLD Measure of Relative Environmental Responsibility,2026,2026-01-01,10.2139/ssrn.6920333,https://doi.org/10.2139/ssrn.6920333,SSRN Electronic Journal,1556-5068,,1556-5068,[object Object]; [object Object],2,preprint,1,,,false,true,green,https://doi.org/10.2139/ssrn.6920333,"Climate Change Policy and Economics; Sustainable Development and Environmental Policy; Energy, Environment, Economic Growth",2026-07-14T23:27:15.235271,2026-07-14T23:27:15.235271,openalex_orcid_only,official_orcid_to_openalex_author,high,false,false,,2026-08-29T03:05:51.808Z
unimelb-finance-022,Dr Gabriele Lattanzio,A5065193794,W3207149604,Why Doesn’t Common Ownership Cause Anti-Competitive Effects?,2020,2020-01-01,10.2139/ssrn.3562811,https://doi.org/10.2139/ssrn.3562811,SSRN Electronic Journal,1556-5068,,1556-5068,[object Object],1,preprint,1,,,false,true,green,https://doi.org/10.2139/ssrn.3562811,Corporate Finance and Governance,2026-08-04T08:18:43.703281,2026-08-04T08:18:43.703281,openalex_orcid_only,official_orcid_to_openalex_author,high,false,false,,2026-08-29T03:05:51.808Z
unimelb-finance-022,Dr Gabriele Lattanzio,A5065193794,W4317698308,"Dissecting the Listing Gap: Mergers, Private Equity, or Regulation?",2023,2023-01-01,10.2139/ssrn.4333941,https://doi.org/10.2139/ssrn.4333941,SSRN Electronic Journal,1556-5068,,1556-5068,[object Object]; [object Object]; [object Object],3,preprint,1,,,false,true,green,https://doi.org/10.2139/ssrn.4333941,State Capitalism and Financial Governance; Private Equity and Venture Capital; Corporate Finance and Governance,2026-08-05T07:39:15.569665,2026-08-05T07:39:15.569665,openalex_orcid_only,official_orcid_to_openalex_author,high,false,false,,2026-08-29T03:05:51.808Z
unimelb-finance-022,Dr Gabriele Lattanzio,A5065193794,W4409336201,How Binding Is Supervisory Guidance?: Evidence from the European Calendar Provisioning,2022,2022-05-01,10.1596/1813-9450-10050,https://doi.org/10.1596/1813-9450-10050,"World Bank, Washington, DC eBooks",,,,[object Object]; [object Object]; [object Object],3,report,1,,,false,true,green,http://documents.worldbank.org/curated/en/099712205172222193/IDU04756c4680f87d046860b6af0e7a34c058952,Corporate Finance and Governance,2026-08-18T07:49:30.821534,2026-08-18T07:49:30.821534,openalex_orcid_only,official_orcid_to_openalex_author,high,false,false,,2026-08-29T03:05:51.808Z
unimelb-finance-022,Dr Gabriele Lattanzio,A5065193794,W2473167962,Options and futures in the fishpool market : a brief analysis,2015,2015-01-01,,http://hdl.handle.net/11250/302145,BIBSYS Brage (BIBSYS (Norway)),,,,[object Object],1,dissertation,0,,,false,true,green,http://hdl.handle.net/11250/302145,Cruise Tourism Development and Management; Maritime Ports and Logistics; Coastal and Marine Management,2026-08-21T09:56:20.448147,2026-08-21T09:56:20.448147,openalex_orcid_only,official_orcid_to_openalex_author,high,false,false,,2026-08-29T03:05:51.808Z
unimelb-finance-022,Dr Gabriele Lattanzio,A5065193794,W2948514181,Can Restructuring Gains Be Sustained Without Ownership Changes? Evidence From Withdrawn Privatizations,2018,2018-01-01,10.2139/ssrn.3214756,https://doi.org/10.2139/ssrn.3214756,SSRN Electronic Journal,1556-5068,,1556-5068,[object Object]; [object Object],2,preprint,0,,,false,true,green,https://doi.org/10.2139/ssrn.3214756,Corporate Finance and Governance,2026-07-14T23:27:15.235271,2026-07-14T23:27:15.235271,openalex_orcid_only,official_orcid_to_openalex_author,high,false,false,,2026-08-29T03:05:51.808Z
unimelb-finance-022,Dr Gabriele Lattanzio,A5065193794,W2971795670,The Worst of Both Worlds: Megamergers are Anticompetitive and Inefficient,2019,2019-01-01,10.2139/ssrn.3419538,https://doi.org/10.2139/ssrn.3419538,SSRN Electronic Journal,1556-5068,,1556-5068,[object Object]; [object Object]; [object Object],3,preprint,0,,,false,true,green,https://doi.org/10.2139/ssrn.3419538,Corporate Finance and Governance; Firm Innovation and Growth; Merger and Competition Analysis,2026-08-26T07:47:46.906454,2026-08-26T07:47:46.906454,openalex_orcid_only,official_orcid_to_openalex_author,high,false,false,,2026-08-29T03:05:51.808Z
unimelb-finance-022,Dr Gabriele Lattanzio,A5065193794,W2990833332,Does it Pay Off to Compete on Social Purpose,2019,2019-01-01,10.2139/ssrn.3449259,https://doi.org/10.2139/ssrn.3449259,SMU Scholar (Southern Methodist University),,,,[object Object]; [object Object],2,preprint,0,,,false,true,green,https://scholar.smu.edu/business_finance_research/217/,Corporate Social Responsibility Reporting; Environmental Sustainability in Business; Sustainable Finance and Green Bonds,2026-08-26T07:47:46.906454,2026-08-26T07:47:46.906454,openalex_orcid_only,official_orcid_to_openalex_author,high,false,false,,2026-08-29T03:05:51.808Z
unimelb-finance-022,Dr Gabriele Lattanzio,A5065193794,W3127680039,Online Appendix of 'Does it Pay Off to Compete on Social Purpose?',2020,2020-01-01,10.2139/ssrn.3531448,https://doi.org/10.2139/ssrn.3531448,SSRN Electronic Journal,1556-5068,,1556-5068,[object Object]; [object Object],2,preprint,0,,,false,true,green,https://doi.org/10.2139/ssrn.3531448,Corporate Social Responsibility Reporting; Environmental Justice and Health Disparities; Regulation and Compliance Studies,2026-07-28T07:46:37.118299,2026-07-28T07:46:37.118299,openalex_orcid_only,official_orcid_to_openalex_author,high,false,false,,2026-08-29T03:05:51.808Z
unimelb-finance-022,Dr Gabriele Lattanzio,A5065193794,W3159215109,"Online Appendix for: 'Dissecting the Listing Gap: Mergers, Private Equity, or Regulation?'",2020,2020-01-01,10.2139/ssrn.3548683,https://doi.org/10.2139/ssrn.3548683,SSRN Electronic Journal,1556-5068,,1556-5068,[object Object]; [object Object]; [object Object],3,preprint,0,,,false,true,green,https://doi.org/10.2139/ssrn.3548683,"Banking stability, regulation, efficiency; Private Equity and Venture Capital; Italy: Economic History and Contemporary Issues",2026-08-21T09:56:20.448147,2026-08-21T09:56:20.448147,openalex_orcid_only,official_orcid_to_openalex_author,high,false,false,,2026-08-29T03:05:51.808Z
unimelb-finance-022,Dr Gabriele Lattanzio,A5065193794,W3209399876,Is there market support for corporate vaccination mandates,2021,2021-01-01,,https://gsb.nu.edu.kz/storage/files/5/NUGSB%20Digest/Business%20Digest%20NU%20Lattanzio.pdf,RePEc: Research Papers in Economics,,,,[object Object],1,preprint,0,,,false,false,closed,,Vaccine Coverage and Hesitancy,2026-08-11T07:18:39.950985,2026-08-11T07:18:39.950985,openalex_orcid_only,official_orcid_to_openalex_author,high,false,false,,2026-08-29T03:05:51.808Z
unimelb-finance-022,Dr Gabriele Lattanzio,A5065193794,W4235826978,Online Appendix for: 'Cybersecurity Risk and Corporate Innovation',2020,2020-01-01,10.2139/ssrn.3693218,https://doi.org/10.2139/ssrn.3693218,SSRN Electronic Journal,1556-5068,,1556-5068,[object Object]; [object Object],2,preprint,0,,,false,true,green,https://doi.org/10.2139/ssrn.3693218,Innovation and Knowledge Management; Innovation and Socioeconomic Development; Intellectual Property and Patents,2026-08-21T09:56:20.448147,2026-08-21T09:56:20.448147,openalex_orcid_only,official_orcid_to_openalex_author,high,false,false,,2026-08-29T03:05:51.808Z
unimelb-finance-022,Dr Gabriele Lattanzio,A5065193794,W4290928361,Online Appendix for: 'M&A and Cybersecurity Risk: Empirical Evidence',2022,2022-01-01,10.2139/ssrn.4170096,https://doi.org/10.2139/ssrn.4170096,SSRN Electronic Journal,1556-5068,,1556-5068,[object Object]; [object Object],2,preprint,0,,,false,true,green,https://doi.org/10.2139/ssrn.4170096,Information and Cyber Security,2026-08-21T09:56:20.448147,2026-08-21T09:56:20.448147,openalex_orcid_only,official_orcid_to_openalex_author,high,false,false,,2026-08-29T03:05:51.808Z
unimelb-finance-022,Dr Gabriele Lattanzio,A5065193794,W4318829840,The Market Price of Work from Home Arrangements,2022,2022-01-01,10.2139/ssrn.4293700,https://doi.org/10.2139/ssrn.4293700,SSRN Electronic Journal,1556-5068,,1556-5068,[object Object],1,preprint,0,,,false,true,green,https://doi.org/10.2139/ssrn.4293700,"Labor market dynamics and wage inequality; Gender, Labor, and Family Dynamics",2026-08-21T09:56:20.448147,2026-08-21T09:56:20.448147,openalex_orcid_only,official_orcid_to_openalex_author,high,false,false,,2026-08-29T03:05:51.808Z
unimelb-finance-022,Dr Gabriele Lattanzio,A5065193794,W4360780952,The Market Price of Work from Home Arrangements,2023,2023-01-01,10.2139/ssrn.4397788,https://doi.org/10.2139/ssrn.4397788,SSRN Electronic Journal,1556-5068,,1556-5068,[object Object],1,preprint,0,,,false,true,green,https://doi.org/10.2139/ssrn.4397788,"Labor market dynamics and wage inequality; Gender, Labor, and Family Dynamics",2026-08-21T09:56:20.448147,2026-08-21T09:56:20.448147,openalex_orcid_only,official_orcid_to_openalex_author,high,false,false,,2026-08-29T03:05:51.808Z
unimelb-finance-022,Dr Gabriele Lattanzio,A5065193794,W4386611356,Competing Owners,2023,2023-01-01,10.2139/ssrn.4567880,https://doi.org/10.2139/ssrn.4567880,SSRN Electronic Journal,1556-5068,,1556-5068,[object Object],1,preprint,0,,,false,true,green,https://doi.org/10.2139/ssrn.4567880,Corporate Finance and Governance; Financial Markets and Investment Strategies,2026-08-21T09:56:20.448147,2026-08-21T09:56:20.448147,openalex_orcid_only,official_orcid_to_openalex_author,high,false,false,,2026-08-29T03:05:51.808Z
unimelb-finance-022,Dr Gabriele Lattanzio,A5065193794,W4402509300,Competing Owners,2024,2024-01-01,10.2139/ssrn.4955018,https://doi.org/10.2139/ssrn.4955018,SSRN Electronic Journal,1556-5068,,1556-5068,[object Object],1,preprint,0,,,false,true,green,http://dx.doi.org/10.2139/ssrn.4955018,Corporate Finance and Governance; Financial Markets and Investment Strategies,2026-08-04T08:18:43.703281,2026-08-04T08:18:43.703281,openalex_orcid_only,official_orcid_to_openalex_author,high,false,false,,2026-08-29T03:05:51.808Z
unimelb-finance-022,Dr Gabriele Lattanzio,A5065193794,W4403480298,Strategic cash portfolio management in the face of policy uncertainty: Evidence from U.S. firms,2026,2026-05-12,10.1016/j.jcorpfin.2026.103012,https://doi.org/10.1016/j.jcorpfin.2026.103012,Journal of Corporate Finance,0929-1199,1872-6313,0929-1199; 1872-6313,[object Object]; [object Object]; [object Object],3,article,0,0,0.00299059,false,true,green,https://doi.org/10.2139/ssrn.4954194,"Corporate Finance and Governance; Economic Growth and Productivity; Banking stability, regulation, efficiency",2026-08-21T09:56:20.448147,2026-08-21T09:56:20.448147,openalex_orcid_only,official_orcid_to_openalex_author,high,false,false,,2026-08-29T03:05:51.808Z
unimelb-finance-022,Dr Gabriele Lattanzio,A5065193794,W4408952590,Capitalizing entrepreneurship: The rise of growth equity,2025,2025-01-01,10.1111/jacf.12647,https://doi.org/10.1111/jacf.12647,Journal of applied corporate finance,1078-1196,1745-6622,1078-1196; 1745-6622; 1936-8216,[object Object]; [object Object]; [object Object]; [object Object],4,article,0,0,0.06816116,false,false,closed,,Entrepreneurship Studies and Influences; Private Equity and Venture Capital,2026-08-21T09:56:20.448147,2026-08-21T09:56:20.448147,openalex_orcid_only,official_orcid_to_openalex_author,high,false,false,,2026-08-29T03:05:51.808Z
unimelb-finance-022,Dr Gabriele Lattanzio,A5065193794,W7135677278,How Binding Is Supervisory Guidance? : Evidence from the European Calendar Provisioning,2022,2022-05-01,,https://gsb.nu.edu.kz/storage/files/5/GSB%20Working%20papers/NUGSB_workingpaper_05_2022.pdf,RePEc: Research Papers in Economics,,,,[object Object]; [object Object]; [object Object],3,preprint,0,,,false,true,gold,http://documents.worldbank.org/curated/en/099712205172222193/IDU04756c4680f87d046860b6af0e7a34c058952,"Global Financial Regulation and Crises; Banking stability, regulation, efficiency; Corporate Insolvency and Governance",2026-08-23T07:36:19.812096,2026-08-23T07:36:19.812096,openalex_orcid_only,official_orcid_to_openalex_author,high,false,false,,2026-08-29T03:05:51.808Z
unimelb-finance-026,Associate Professor Bryan Lim,A5015919329,W3082633457,"COVID-19 in adult patients with pre-existing chronic cardiac, respiratory and metabolic disease: a critical literature review with clinical recommendations",2020,2020-08-28,10.1186/s40794-020-00118-y,https://doi.org/10.1186/s40794-020-00118-y,Tropical Diseases Travel Medicine and Vaccines,2055-0936,,2055-0936,[object Object]; [object Object]; [object Object]; [object Object]; [object Object]; [object Object]; [object Object],7,article,129,2.4027,0.93695827,false,true,gold,https://tdtmvjournal.biomedcentral.com/counter/pdf/10.1186/s40794-020-00118-y,COVID-19 Clinical Research Studies; Long-Term Effects of COVID-19; COVID-19 and healthcare impacts,2026-08-28T12:50:07.497085,2026-08-28T12:50:07.497085,openalex_orcid_only,official_orcid_to_openalex_author,high,false,false,,2026-08-29T03:05:51.808Z
unimelb-finance-026,Associate Professor Bryan Lim,A5015919329,W2944129234,Travel vaccination recommendations and infection risk in HIV-positive travellers,2019,2019-01-01,10.1093/jtm/taz034,https://doi.org/10.1093/jtm/taz034,Journal of Travel Medicine,1195-1982,1708-8305,1195-1982; 1708-8305,[object Object]; [object Object]; [object Object]; [object Object],4,article,31,2.1258,0.86472861,false,false,closed,,Travel-related health issues; Hepatitis Viruses Studies and Epidemiology; Mosquito-borne diseases and control,2026-08-21T09:56:20.448147,2026-08-21T09:56:20.448147,openalex_orcid_only,official_orcid_to_openalex_author,high,false,false,,2026-08-29T03:05:51.808Z
unimelb-finance-026,Associate Professor Bryan Lim,A5015919329,W3106204374,Covidiots and the Clamour of the Virus-as-Question,2020,2020-06-01,10.3167/aia.2020.270212,https://doi.org/10.3167/aia.2020.270212,Anthropology in Action,0967-201X,1752-2285,0967-201X; 1752-2285,[object Object],1,article,8,0.6267,0.80622938,false,true,diamond,https://www.berghahnjournals.com/downloadpdf/journals/aia/27/2/aia270212.pdf,"Body Image and Dysmorphia Studies; Feminism, Gender, and Sexuality Studies; Historical Psychiatry and Medical Practices",2026-06-09T15:46:55.921056,2026-06-09T15:46:55.921056,openalex_orcid_only,official_orcid_to_openalex_author,high,false,false,,2026-08-29T03:05:51.808Z
unimelb-finance-026,Associate Professor Bryan Lim,A5015919329,W4226319038,Expert advice in the presence of conflicts of interest: the case of star-crossed acquisitions,2022,2022-04-18,10.1007/s11142-022-09679-z,https://doi.org/10.1007/s11142-022-09679-z,Review of Accounting Studies,1380-6653,1573-7136,1380-6653; 1573-7136,[object Object]; [object Object]; [object Object]; [object Object],4,article,8,1.9375,0.86642981,false,false,closed,,"Auditing, Earnings Management, Governance; Corporate Finance and Governance; Financial Markets and Investment Strategies",2026-08-28T12:50:07.497085,2026-08-28T12:50:07.497085,openalex_orcid_only,official_orcid_to_openalex_author,high,false,false,,2026-08-29T03:05:51.808Z
unimelb-finance-026,Associate Professor Bryan Lim,A5015919329,W2892443282,Leaving Light Footprints – the Importance of Promoting Responsible International Travel,2018,2018-09-25,10.15171/ijtmgh.2018.18,https://doi.org/10.15171/ijtmgh.2018.18,International Journal of Travel Medicine and Global Health,2322-1100,2476-5759,2322-1100; 2476-5759,[object Object]; [object Object],2,article,6,1.3906,0.83015656,false,true,diamond,http://www.ijtmgh.com/article_69631_a8779455e45a0f99fb36861744cc4a9b.pdf,"Travel-related health issues; Tourism, Volunteerism, and Development; Global Healthcare and Medical Tourism",2026-06-11T09:08:48.828518,2026-06-11T09:08:48.828518,openalex_orcid_only,official_orcid_to_openalex_author,high,false,false,,2026-08-29T03:05:51.808Z
unimelb-finance-026,Associate Professor Bryan Lim,A5015919329,W2977751652,"National Emergency Laparotomy Audit (NELA) in a District General Hospital, Northern Ireland",2019,2019-06-04,,https://hal.science/hal-05345482,HAL (Le Centre pour la Communication Scientifique Directe),,,,[object Object]; [object Object]; [object Object]; [object Object]; [object Object]; [object Object]; [object Object],7,article,1,0.1503,0.5518465,false,false,closed,,"Cardiac, Anesthesia and Surgical Outcomes; Pelvic and Acetabular Injuries; Abdominal Surgery and Complications",2026-08-26T07:47:46.906454,2026-08-26T07:47:46.906454,openalex_orcid_only,official_orcid_to_openalex_author,high,false,false,,2026-08-29T03:05:51.808Z
unimelb-finance-026,Associate Professor Bryan Lim,A5015919329,W2768534092,Star-Crossed: The Dark Side of Star Analysts in Acquisitions,2017,2017-01-01,10.2139/ssrn.3066968,https://doi.org/10.2139/ssrn.3066968,SSRN Electronic Journal,1556-5068,,1556-5068,[object Object]; [object Object]; [object Object]; [object Object],4,preprint,0,,,false,true,green,https://doi.org/10.2139/ssrn.3066968,"Financial Markets and Investment Strategies; Corporate Finance and Governance; Auditing, Earnings Management, Governance",2026-07-28T07:46:37.118299,2026-07-28T07:46:37.118299,openalex_orcid_only,official_orcid_to_openalex_author,high,false,false,,2026-08-29T03:05:51.808Z
unimelb-finance-026,Associate Professor Bryan Lim,A5015919329,W2994259943,To pee or not to pee: severe discomfort in a young air traveller,2019,2019-12-03,10.1093/jtm/taz096,https://doi.org/10.1093/jtm/taz096,Journal of Travel Medicine,1195-1982,1708-8305,1195-1982; 1708-8305,[object Object]; [object Object]; [object Object],3,article,0,0,0.2228302,false,false,closed,,Travel-related health issues; Food Allergy and Anaphylaxis Research; Allergic Rhinitis and Sensitization,2026-08-21T09:56:20.448147,2026-08-21T09:56:20.448147,openalex_orcid_only,official_orcid_to_openalex_author,high,false,false,,2026-08-29T03:05:51.808Z
unimelb-finance-026,Associate Professor Bryan Lim,A5015919329,W4400004144,Why Are All-Star Analysts Influential?,2024,2024-01-01,10.2139/ssrn.4866361,https://doi.org/10.2139/ssrn.4866361,SSRN Electronic Journal,1556-5068,,1556-5068,[object Object]; [object Object]; [object Object]; [object Object]; [object Object],5,preprint,0,,,false,true,green,http://dx.doi.org/10.2139/ssrn.4866361,Financial Markets and Investment Strategies; Decision-Making and Behavioral Economics; Blood Pressure and Hypertension Studies,2026-08-21T09:56:20.448147,2026-08-21T09:56:20.448147,openalex_orcid_only,official_orcid_to_openalex_author,high,false,false,,2026-08-29T03:05:51.808Z
unimelb-finance-026,Associate Professor Bryan Lim,A5015919329,W4412739959,Conflicting Incentives: How the Inevitable Disclosure Doctrine Disparately Influences Disclosure,2025,2025-01-01,10.2139/ssrn.5368945,https://doi.org/10.2139/ssrn.5368945,SSRN Electronic Journal,1556-5068,,1556-5068,[object Object]; [object Object]; [object Object]; [object Object],4,preprint,0,,,false,true,green,https://doi.org/10.2139/ssrn.5368945,"Auditing, Earnings Management, Governance; Legal and Constitutional Studies; Securities Regulation and Market Practices",2026-08-04T08:18:43.703281,2026-08-04T08:18:43.703281,openalex_orcid_only,official_orcid_to_openalex_author,high,false,false,,2026-08-29T03:05:51.808Z
unimelb-finance-026,Associate Professor Bryan Lim,A5015919329,W7127268156,Are Sell-Side Analysts Up to the Challenge of Climate Change?,2026,2026-01-01,10.2139/ssrn.6136969,https://doi.org/10.2139/ssrn.6136969,SSRN Electronic Journal,1556-5068,,1556-5068,[object Object]; [object Object]; [object Object]; [object Object],4,preprint,0,,,false,true,green,https://doi.org/10.2139/ssrn.6136969,"Auditing, Earnings Management, Governance; Corporate Social Responsibility Reporting; Corporate Finance and Governance",2026-08-21T09:56:20.448147,2026-08-21T09:56:20.448147,openalex_orcid_only,official_orcid_to_openalex_author,high,false,false,,2026-08-29T03:05:51.808Z
unimelb-finance-027,Associate Professor Andrea Lu,A5026846923,W3123827828,A Market-Based Funding Liquidity Measure,2018,2018-09-08,10.1093/rapstu/ray007,https://doi.org/10.1093/rapstu/ray007,The Review of Asset Pricing Studies,2045-9920,2045-9939,2045-9920; 2045-9939,[object Object]; [object Object],2,article,35,3.1132,0.91981214,false,false,closed,,"Financial Markets and Investment Strategies; Financial Literacy, Pension, Retirement Analysis; Housing Market and Economics",2026-08-26T07:47:46.906454,2026-08-26T07:47:46.906454,openalex_orcid_only,official_orcid_to_openalex_author,high,false,false,,2026-08-29T03:05:51.808Z
unimelb-finance-027,Associate Professor Andrea Lu,A5026846923,W3125053964,Seeing the Unobservable from the Invisible: The Role of CO2 in Measuring Consumption Risk,2017,2017-04-25,10.1093/rof/rfx027,https://doi.org/10.1093/rof/rfx027,European Finance Review,1382-6662,1573-692X,1382-6662; 1573-692X,[object Object]; [object Object],2,article,26,2.1693,0.89041622,false,false,closed,,"Financial Markets and Investment Strategies; Financial Literacy, Pension, Retirement Analysis; Housing Market and Economics",2026-08-21T09:56:20.448147,2026-08-21T09:56:20.448147,openalex_orcid_only,official_orcid_to_openalex_author,high,false,false,,2026-08-29T03:05:51.808Z
unimelb-finance-027,Associate Professor Andrea Lu,A5026846923,W3125779682,The role of storage in a competitive electricity market and the effects of climate change,2012,2012-10-09,10.1016/j.eneco.2012.09.016,https://doi.org/10.1016/j.eneco.2012.09.016,Energy Economics,0140-9883,1873-6181,0140-9883; 1873-6181,[object Object]; [object Object]; [object Object],3,article,16,0.8545,0.78418243,false,false,closed,,Electric Power System Optimization; Smart Grid Energy Management; Water resources management and optimization,2026-08-21T09:56:20.448147,2026-08-21T09:56:20.448147,openalex_orcid_only,official_orcid_to_openalex_author,high,false,false,,2026-08-29T03:05:51.808Z
unimelb-finance-027,Associate Professor Andrea Lu,A5026846923,W4396891197,Investor Sentiment and the Pricing of Macro Risks for Hedge Funds,2024,2024-05-14,10.1287/mnsc.2022.02792,https://doi.org/10.1287/mnsc.2022.02792,Management Science,0025-1909,1526-5501,0025-1909; 1526-5501,[object Object]; [object Object]; [object Object],3,article,8,3.0014,0.91282824,false,false,closed,,Financial Markets and Investment Strategies; Market Dynamics and Volatility; Financial Risk and Volatility Modeling,2026-08-26T07:47:46.906454,2026-08-26T07:47:46.906454,openalex_orcid_only,official_orcid_to_openalex_author,high,false,false,,2026-08-29T03:05:51.808Z
unimelb-finance-027,Associate Professor Andrea Lu,A5026846923,W4390452940,Carbon dioxide and asset pricing: Evidence from international stock markets,2023,2023-12-30,10.1016/j.jempfin.2023.101461,https://doi.org/10.1016/j.jempfin.2023.101461,Journal of Empirical Finance,0927-5398,1879-1727,0927-5398; 1879-1727,[object Object]; [object Object]; [object Object]; [object Object],4,article,7,1.8635,0.89721412,false,false,closed,,Market Dynamics and Volatility; Climate Change Policy and Economics; Financial Markets and Investment Strategies,2026-08-28T12:50:07.497085,2026-08-28T12:50:07.497085,openalex_orcid_only,official_orcid_to_openalex_author,high,false,false,,2026-08-29T03:05:51.808Z
unimelb-finance-027,Associate Professor Andrea Lu,A5026846923,W1496730788,Do New Materials Make the Athlete?,2008,2008-07-31,10.1126/science.321.5889.626a,https://doi.org/10.1126/science.321.5889.626a,Science,0036-8075,0193-4511,0036-8075; 0193-4511; 1095-9203,[object Object],1,article,10,0.4523,0.64829868,false,false,closed,,Sports Performance and Training,2026-08-21T09:56:20.448147,2026-08-21T09:56:20.448147,openalex_orcid_only,official_orcid_to_openalex_author,high,false,false,,2026-08-29T03:05:51.808Z
unimelb-finance-027,Associate Professor Andrea Lu,A5026846923,W1553546300,A New Zealand Electricity Market Model: Assessment of the Effect of Climate Change on Electricity Production and Consumption.,2010,2010-09-01,10.29310/wp.2010.09,https://doi.org/10.29310/wp.2010.09,Motu working paper,1176-2667,1177-9047,1176-2667; 1177-9047,[object Object]; [object Object]; [object Object],3,report,44,,,false,false,closed,,Electric Power System Optimization; Climate Change Policy and Economics; Fiscal Policy and Economic Growth,2026-06-11T09:08:48.828518,2026-06-11T09:08:48.828518,openalex_orcid_only,official_orcid_to_openalex_author,high,false,false,,2026-08-29T03:05:51.808Z
unimelb-finance-027,Associate Professor Andrea Lu,A5026846923,W595190670,A Market-Based Funding Liquidity Measure,2014,2014-01-01,10.2139/ssrn.2383457,https://doi.org/10.2139/ssrn.2383457,SSRN Electronic Journal,1556-5068,,1556-5068,[object Object]; [object Object],2,preprint,15,,,false,true,green,https://doi.org/10.2139/ssrn.2383457,"Financial Markets and Investment Strategies; Corporate Finance and Governance; Banking stability, regulation, efficiency",2026-08-04T08:18:43.703281,2026-08-04T08:18:43.703281,openalex_orcid_only,official_orcid_to_openalex_author,high,false,false,,2026-08-29T03:05:51.808Z
unimelb-finance-027,Associate Professor Andrea Lu,A5026846923,W1761980301,Slow Diffusion of Information and Price Momentum in Stocks: Evidence from Options Markets,2016,2016-01-01,10.2139/ssrn.2339711,https://doi.org/10.2139/ssrn.2339711,SSRN Electronic Journal,1556-5068,,1556-5068,[object Object]; [object Object],2,preprint,11,,,false,true,green,https://doi.org/10.2139/ssrn.2339711,Financial Markets and Investment Strategies; Stochastic processes and financial applications; Complex Systems and Time Series Analysis,2026-08-04T08:18:43.703281,2026-08-04T08:18:43.703281,openalex_orcid_only,official_orcid_to_openalex_author,high,false,false,,2026-08-29T03:05:51.808Z
unimelb-finance-027,Associate Professor Andrea Lu,A5026846923,W1550739072,Forest and Forest Land Valuation: How to Value Forests and Forest Land to Include Carbon Costs and Benefits,2009,2009-01-01,10.22004/ag.econ.48163,https://doi.org/10.22004/ag.econ.48163,RePEc: Research Papers in Economics,,,,[object Object]; [object Object]; [object Object]; [object Object]; [object Object]; [object Object]; [object Object]; [object Object]; [object Object]; [object Object],10,preprint,7,,,false,true,green,https://doi.org/10.22004/ag.econ.48163,Forest Management and Policy; New Zealand Economic and Social Studies; Economic and Environmental Valuation,2026-08-26T07:47:46.906454,2026-08-26T07:47:46.906454,openalex_orcid_only,official_orcid_to_openalex_author,high,false,false,,2026-08-29T03:05:51.808Z
unimelb-finance-027,Associate Professor Andrea Lu,A5026846923,W3123212864,A New Zealand Electricity Market Model: Assessment of the Effect of Climate Change on Electricity Production and Consumption,2010,2010-01-01,10.22004/ag.econ.292606,https://doi.org/10.22004/ag.econ.292606,RePEc: Research Papers in Economics,,,,[object Object]; [object Object]; [object Object]; [object Object]; [object Object]; [object Object],6,preprint,7,,,false,true,green,http://ageconsearch.umn.edu/record/292606,"Fiscal Policy and Economic Growth; Climate Change Policy and Economics; Energy, Environment, and Transportation Policies",2026-08-26T07:47:46.906454,2026-08-26T07:47:46.906454,openalex_orcid_only,official_orcid_to_openalex_author,high,false,false,,2026-08-29T03:05:51.808Z
unimelb-finance-027,Associate Professor Andrea Lu,A5026846923,W2144771577,The Role of Storage in a Competitive Electricity Market and the Effects of Climate Change,2011,2011-01-01,10.2139/ssrn.1968028,https://doi.org/10.2139/ssrn.1968028,SSRN Electronic Journal,1556-5068,,1556-5068,[object Object]; [object Object]; [object Object],3,preprint,5,,,false,true,green,https://doi.org/10.2139/ssrn.1968028,Electric Power System Optimization; Smart Grid Energy Management; Auction Theory and Applications,2026-08-21T09:56:20.448147,2026-08-21T09:56:20.448147,openalex_orcid_only,official_orcid_to_openalex_author,high,false,false,,2026-08-29T03:05:51.808Z
unimelb-finance-027,Associate Professor Andrea Lu,A5026846923,W2601319577,Carbon Dioxide Emissions and Asset Pricing,2012,2012-01-01,10.2139/ssrn.2130825,https://doi.org/10.2139/ssrn.2130825,SSRN Electronic Journal,1556-5068,,1556-5068,[object Object]; [object Object],2,preprint,5,,,false,true,green,https://doi.org/10.2139/ssrn.2130825,"Climate Change Policy and Economics; Energy, Environment, and Transportation Policies; Energy, Environment, Economic Growth",2026-08-04T08:18:43.703281,2026-08-04T08:18:43.703281,openalex_orcid_only,official_orcid_to_openalex_author,high,false,false,,2026-08-29T03:05:51.808Z
unimelb-finance-027,Associate Professor Andrea Lu,A5026846923,W3132921105,Carbon Dioxide and Asset Pricing: Evidence from International Stock Markets,2019,2019-01-01,10.2139/ssrn.3507147,https://doi.org/10.2139/ssrn.3507147,SSRN Electronic Journal,1556-5068,,1556-5068,[object Object]; [object Object]; [object Object]; [object Object],4,preprint,4,,,false,true,green,https://doi.org/10.2139/ssrn.3507147,Financial Markets and Investment Strategies; Market Dynamics and Volatility; Insurance and Financial Risk Management,2026-08-04T08:18:43.703281,2026-08-04T08:18:43.703281,openalex_orcid_only,official_orcid_to_openalex_author,high,false,false,,2026-08-29T03:05:51.808Z
unimelb-finance-027,Associate Professor Andrea Lu,A5026846923,W2915993340,Investor Sentiment and the Pricing of Macro Risks for Hedge Funds,2019,2019-01-01,10.2139/ssrn.3330968,https://doi.org/10.2139/ssrn.3330968,SSRN Electronic Journal,1556-5068,,1556-5068,[object Object]; [object Object]; [object Object],3,preprint,3,,,false,true,green,https://doi.org/10.2139/ssrn.3330968,Financial Markets and Investment Strategies; Market Dynamics and Volatility; Corporate Finance and Governance,2026-08-21T09:56:20.448147,2026-08-21T09:56:20.448147,openalex_orcid_only,official_orcid_to_openalex_author,high,false,false,,2026-08-29T03:05:51.808Z
unimelb-finance-027,Associate Professor Andrea Lu,A5026846923,W3151642077,Local Political-Turnover-Induced Uncertainty and Bond Market Pricing,2020,2020-01-01,10.2139/ssrn.3741300,https://doi.org/10.2139/ssrn.3741300,SSRN Electronic Journal,1556-5068,,1556-5068,[object Object]; [object Object]; [object Object]; [object Object],4,preprint,3,,,false,true,green,https://doi.org/10.2139/ssrn.3741300,Credit Risk and Financial Regulations; Fiscal Policies and Political Economy; Housing Market and Economics,2026-08-21T09:56:20.448147,2026-08-21T09:56:20.448147,openalex_orcid_only,official_orcid_to_openalex_author,high,false,false,,2026-08-29T03:05:51.808Z
unimelb-finance-027,Associate Professor Andrea Lu,A5026846923,W2183808270,International Instability and Asset Pricing,2012,2012-01-01,10.2139/ssrn.2128870,https://doi.org/10.2139/ssrn.2128870,SSRN Electronic Journal,1556-5068,,1556-5068,[object Object]; [object Object]; [object Object],3,preprint,2,,,false,true,green,https://doi.org/10.2139/ssrn.2128870,"Market Dynamics and Volatility; Defense, Military, and Policy Studies; Global Financial Crisis and Policies",2026-08-21T09:56:20.448147,2026-08-21T09:56:20.448147,openalex_orcid_only,official_orcid_to_openalex_author,high,false,false,,2026-08-29T03:05:51.808Z
unimelb-finance-027,Associate Professor Andrea Lu,A5026846923,W2227653524,Carbon Dioxide Emissions and Asset Pricing,2012,2012-01-01,10.2139/ssrn.2130823,https://doi.org/10.2139/ssrn.2130823,SSRN Electronic Journal,1556-5068,,1556-5068,[object Object]; [object Object],2,preprint,2,,,false,true,green,https://doi.org/10.2139/ssrn.2130823,Financial Markets and Investment Strategies; Housing Market and Economics; Market Dynamics and Volatility,2026-08-04T08:18:43.703281,2026-08-04T08:18:43.703281,openalex_orcid_only,official_orcid_to_openalex_author,high,false,false,,2026-08-29T03:05:51.808Z
unimelb-finance-027,Associate Professor Andrea Lu,A5026846923,W4232232215,Slow Di ffusion of Information and Price Momentum in Stocks: Evidence from Options Markets,2013,2013-01-01,10.2139/ssrn.2311756,https://doi.org/10.2139/ssrn.2311756,SSRN Electronic Journal,1556-5068,,1556-5068,[object Object]; [object Object],2,preprint,2,,,false,true,green,https://papers.ssrn.com/sol3/Delivery.cfm?abstractid=2311756,Financial Markets and Investment Strategies; Complex Systems and Time Series Analysis; Stochastic processes and financial applications,2026-08-04T08:18:43.703281,2026-08-04T08:18:43.703281,openalex_orcid_only,official_orcid_to_openalex_author,high,false,false,,2026-08-29T03:05:51.808Z
unimelb-finance-027,Associate Professor Andrea Lu,A5026846923,W1486193585,International Political Instability and Asset Pricing,2012,2012-01-01,10.2139/ssrn.2050005,https://doi.org/10.2139/ssrn.2050005,SSRN Electronic Journal,1556-5068,,1556-5068,[object Object]; [object Object]; [object Object],3,preprint,1,,,false,true,green,https://doi.org/10.2139/ssrn.2050005,Fiscal Policies and Political Economy; Global Financial Crisis and Policies; Credit Risk and Financial Regulations,2026-07-14T23:27:15.235271,2026-07-14T23:27:15.235271,openalex_orcid_only,official_orcid_to_openalex_author,high,false,false,,2026-08-29T03:05:51.808Z
unimelb-finance-027,Associate Professor Andrea Lu,A5026846923,W4300889792,International Instability and Asset Pricing,2013,2013-01-01,10.2139/ssrn.2246381,https://doi.org/10.2139/ssrn.2246381,SSRN Electronic Journal,1556-5068,,1556-5068,[object Object]; [object Object]; [object Object],3,preprint,1,,,false,true,green,https://doi.org/10.2139/ssrn.2246381,"Defense, Military, and Policy Studies; Market Dynamics and Volatility; Global Financial Crisis and Policies",2026-08-04T08:18:43.703281,2026-08-04T08:18:43.703281,openalex_orcid_only,official_orcid_to_openalex_author,high,false,false,,2026-08-29T03:05:51.808Z
unimelb-finance-027,Associate Professor Andrea Lu,A5026846923,W1487847400,Market Structure and Equilibrium in a Hydro Dominated Electricity Market,2010,2010-01-01,10.26686/wgtn.16984675.v1,https://doi.org/10.26686/wgtn.16984675.v1,Open Access Victoria University of Wellington | Te Herenga Waka (Figshare),,,,[object Object],1,dissertation,0,,,false,true,green,https://figshare.com/articles/thesis/Market_Structure_and_Equilibrium_in_a_Hydro_Dominated_Electricity_Market/16984675,Electric Power System Optimization; Smart Grid Energy Management; Water resources management and optimization,2026-08-27T14:10:00.468798,2026-08-27T14:10:00.468798,openalex_orcid_only,official_orcid_to_openalex_author,high,false,false,,2026-08-29T03:05:51.808Z
unimelb-finance-027,Associate Professor Andrea Lu,A5026846923,W3122292845,Forest and Forest Land Valuation: How to Value Forests and Forest Land to Include Carbon Costs and Benefits,2009,2009-01-01,,https://ageconsearch.umn.edu/record/48163/files/ISCR%20Forestry%20Valuation%20Report%200808%20Final%20AARES.pdf,RePEc: Research Papers in Economics,,,,[object Object]; [object Object]; [object Object]; [object Object]; [object Object],5,preprint,0,,,false,true,green,http://hdl.handle.net/10092/2982,Forest Management and Policy,2026-08-18T07:49:30.821534,2026-08-18T07:49:30.821534,openalex_orcid_only,official_orcid_to_openalex_author,high,false,false,,2026-08-29T03:05:51.808Z
unimelb-finance-027,Associate Professor Andrea Lu,A5026846923,W4230004268,Market Structure and Equilibrium in a Hydro Dominated Electricity Market,2010,2010-01-01,10.26686/wgtn.16984675,https://doi.org/10.26686/wgtn.16984675,,,,,[object Object],1,dissertation,0,,,false,true,gold,https://openaccess.wgtn.ac.nz/articles/thesis/Market_Structure_and_Equilibrium_in_a_Hydro_Dominated_Electricity_Market/16984675/1/files/31409494.pdf,Electric Power System Optimization; Smart Grid Energy Management; Water resources management and optimization,2026-08-23T07:36:19.812096,2026-08-23T07:36:19.812096,openalex_orcid_only,official_orcid_to_openalex_author,high,false,false,,2026-08-29T03:05:51.808Z
unimelb-finance-027,Associate Professor Andrea Lu,A5026846923,W4249336560,Adjustable Service Flow of Durable Goods: Theory and Empirics,2013,2013-01-01,10.2139/ssrn.2311760,https://doi.org/10.2139/ssrn.2311760,SSRN Electronic Journal,1556-5068,,1556-5068,[object Object]; [object Object],2,preprint,0,,,false,true,green,https://doi.org/10.2139/ssrn.2311760,"Financial Literacy, Pension, Retirement Analysis; Housing Market and Economics; Energy, Environment, and Transportation Policies",2026-08-04T08:18:43.703281,2026-08-04T08:18:43.703281,openalex_orcid_only,official_orcid_to_openalex_author,high,false,false,,2026-08-29T03:05:51.808Z
unimelb-finance-027,Associate Professor Andrea Lu,A5026846923,W4250215266,Limited Market Access and Funding Liquidity,2013,2013-01-01,10.2139/ssrn.2311761,https://doi.org/10.2139/ssrn.2311761,SSRN Electronic Journal,1556-5068,,1556-5068,[object Object]; [object Object],2,preprint,0,,,false,true,green,https://doi.org/10.2139/ssrn.2311761,"Banking stability, regulation, efficiency",2026-08-04T08:18:43.703281,2026-08-04T08:18:43.703281,openalex_orcid_only,official_orcid_to_openalex_author,high,false,false,,2026-08-29T03:05:51.808Z
unimelb-finance-027,Associate Professor Andrea Lu,A5026846923,W4319312678,Weather Induced Employment Growth Surprises and the Cross-Section of Local Stock Returns,2023,2023-01-01,10.2139/ssrn.4345422,https://doi.org/10.2139/ssrn.4345422,SSRN Electronic Journal,1556-5068,,1556-5068,[object Object]; [object Object]; [object Object],3,preprint,0,,,false,true,green,https://doi.org/10.2139/ssrn.4345422,"Financial Markets and Investment Strategies; Financial Literacy, Pension, Retirement Analysis; Insurance and Financial Risk Management",2026-08-21T09:56:20.448147,2026-08-21T09:56:20.448147,openalex_orcid_only,official_orcid_to_openalex_author,high,false,false,,2026-08-29T03:05:51.808Z
unimelb-finance-029,Dr Maurice McCourt,A5083198146,W3211858388,Global leveraged buyout deal performance: A cross-border cross-cultural perspective,2021,2021-11-17,10.1016/j.pacfin.2021.101677,https://doi.org/10.1016/j.pacfin.2021.101677,Pacific-Basin Finance Journal,0927-538X,1879-0585,0927-538X; 1879-0585,[object Object]; [object Object],2,article,1,0,0.26585158,false,false,closed,,Private Equity and Venture Capital; Corporate Finance and Governance; Family Business Performance and Succession,2026-08-28T12:50:07.497085,2026-08-28T12:50:07.497085,openalex_orcid_only,official_orcid_to_openalex_author,high,false,false,,2026-08-29T03:05:51.808Z
unimelb-finance-029,Dr Maurice McCourt,A5083198146,W2608822663,Do Publicly Listed Private Equity Firm Make Good Deals?,2017,2017-01-01,10.2139/ssrn.2941380,https://doi.org/10.2139/ssrn.2941380,SSRN Electronic Journal,1556-5068,,1556-5068,[object Object],1,preprint,7,,,false,true,green,https://doi.org/10.2139/ssrn.2941380,"Private Equity and Venture Capital; FinTech, Crowdfunding, Digital Finance; Auction Theory and Applications",2026-08-21T09:56:20.448147,2026-08-21T09:56:20.448147,openalex_orcid_only,official_orcid_to_openalex_author,high,false,false,,2026-08-29T03:05:51.808Z
unimelb-finance-029,Dr Maurice McCourt,A5083198146,W2604884827,Estimating Skill in Private Equity Performance Using Market Data,2018,2018-01-01,10.2139/ssrn.2781787,https://doi.org/10.2139/ssrn.2781787,SSRN Electronic Journal,1556-5068,,1556-5068,[object Object],1,preprint,6,,,false,true,green,https://doi.org/10.2139/ssrn.2781787,Private Equity and Venture Capital; Financial Markets and Investment Strategies; Corporate Finance and Governance,2026-08-04T08:18:43.703281,2026-08-04T08:18:43.703281,openalex_orcid_only,official_orcid_to_openalex_author,high,false,false,,2026-08-29T03:05:51.808Z
unimelb-finance-029,Dr Maurice McCourt,A5083198146,W1522724198,Advanced electronic commerce security in a workflow environment,1996,1996-01-01,10.1007/3-540-60738-2_14,https://doi.org/10.1007/3-540-60738-2_14,Lecture notes in computer science,0302-9743,1611-3349,0302-9743; 1611-3349,[object Object]; [object Object]; [object Object],3,conference-paper,2,0.4627,0.65077821,false,false,closed,,Digital Rights Management and Security; Access Control and Trust; Security and Verification in Computing,2026-07-29T14:22:42.915294,2026-07-29T14:22:42.915294,openalex_orcid_only,official_orcid_to_openalex_author,high,false,false,,2026-08-29T03:05:51.808Z
unimelb-finance-029,Dr Maurice McCourt,A5083198146,W3004324491,Essays on private equity and mutual funds,2018,2018-06-19,,http://www.theses.fr/2018ESEC0003/document,theses.fr (ABES),,,,[object Object],1,dissertation,0,,,false,true,green,http://www.theses.fr/2018ESEC0003/document,Private Equity and Venture Capital; Financial Markets and Investment Strategies; Corporate Finance and Governance,2026-08-26T07:47:46.906454,2026-08-26T07:47:46.906454,openalex_orcid_only,official_orcid_to_openalex_author,high,false,false,,2026-08-29T03:05:51.808Z
unimelb-finance-029,Dr Maurice McCourt,A5083198146,W3124189920,Time-varying Optimal Fund Size and Investor Learning,2020,2020-01-01,10.2139/ssrn.3750458,https://doi.org/10.2139/ssrn.3750458,SSRN Electronic Journal,1556-5068,,1556-5068,[object Object]; [object Object],2,preprint,0,,,false,true,green,https://doi.org/10.2139/ssrn.3750458,Financial Markets and Investment Strategies; Stochastic processes and financial applications; Market Dynamics and Volatility,2026-08-04T08:18:43.703281,2026-08-04T08:18:43.703281,openalex_orcid_only,official_orcid_to_openalex_author,high,false,false,,2026-08-29T03:05:51.808Z
unimelb-finance-029,Dr Maurice McCourt,A5083198146,W4206275656,Which Returns to Scale Matter in the Active Mutual Fund Industry?,2021,2021-01-01,10.2139/ssrn.3976755,https://doi.org/10.2139/ssrn.3976755,SSRN Electronic Journal,1556-5068,,1556-5068,[object Object]; [object Object],2,preprint,0,,,false,true,green,https://doi.org/10.2139/ssrn.3976755,Financial Markets and Investment Strategies; Corporate Finance and Governance; Economic theories and models,2026-08-21T09:56:20.448147,2026-08-21T09:56:20.448147,openalex_orcid_only,official_orcid_to_openalex_author,high,false,false,,2026-08-29T03:05:51.808Z
unimelb-finance-029,Dr Maurice McCourt,A5083198146,W4312887557,Mutual Fund Ratings and Efficient Capital Allocation,2022,2022-01-01,10.2139/ssrn.4287228,https://doi.org/10.2139/ssrn.4287228,SSRN Electronic Journal,1556-5068,,1556-5068,[object Object]; [object Object]; [object Object],3,preprint,0,,,false,true,green,https://doi.org/10.2139/ssrn.4287228,Financial Markets and Investment Strategies; Market Dynamics and Volatility; Stochastic processes and financial applications,2026-08-21T09:56:20.448147,2026-08-21T09:56:20.448147,openalex_orcid_only,official_orcid_to_openalex_author,high,false,false,,2026-08-29T03:05:51.808Z
unimelb-finance-029,Dr Maurice McCourt,A5083198146,W4386160166,Publicly Listed Private Equity Firms,2023,2023-01-01,10.1007/978-3-030-38738-9_65-1,https://doi.org/10.1007/978-3-030-38738-9_65-1,,,,,[object Object],1,reference-entry,0,,,false,false,closed,,Private Equity and Venture Capital; Corporate Finance and Governance; State Capitalism and Financial Governance,2026-08-04T08:18:43.703281,2026-08-04T08:18:43.703281,openalex_orcid_only,official_orcid_to_openalex_author,high,false,false,,2026-08-29T03:05:51.808Z
unimelb-finance-029,Dr Maurice McCourt,A5083198146,W4394863230,How Going Public Affects Firm Productivity and Cost of Debt: Evidence from Buyout Firms,2024,2024-01-01,10.2139/ssrn.4793126,https://doi.org/10.2139/ssrn.4793126,SSRN Electronic Journal,1556-5068,,1556-5068,[object Object]; [object Object],2,preprint,0,,,false,true,green,https://doi.org/10.2139/ssrn.4793126,Corporate Finance and Governance; Private Equity and Venture Capital; Corporate Taxation and Avoidance,2026-08-21T09:56:20.448147,2026-08-21T09:56:20.448147,openalex_orcid_only,official_orcid_to_openalex_author,high,false,false,,2026-08-29T03:05:51.808Z
unimelb-finance-029,Dr Maurice McCourt,A5083198146,W4409807302,Publicly Listed Private Equity Firms,2025,2025-01-01,10.1007/978-3-031-81653-6_65,https://doi.org/10.1007/978-3-031-81653-6_65,,,,,[object Object],1,reference-entry,0,,,false,false,closed,,Private Equity and Venture Capital; Corporate Finance and Governance; State Capitalism and Financial Governance,2026-07-14T23:27:15.235271,2026-07-14T23:27:15.235271,openalex_orcid_only,official_orcid_to_openalex_author,high,false,false,,2026-08-29T03:05:51.808Z
unimelb-finance-029,Dr Maurice McCourt,A5083198146,W7148965238,Essays on private equity and mutual funds,2018,2018-06-19,10.70675/ff6a619ez5522z44e7za01bz37a209dcd737,https://doi.org/10.70675/ff6a619ez5522z44e7za01bz37a209dcd737,,,,,[object Object],1,dissertation,0,,,false,false,closed,,Private Equity and Venture Capital; Financial Reporting and Valuation Research; Capital Investment and Risk Analysis,2026-07-31T08:31:51.225901,2026-07-31T08:31:51.225901,openalex_orcid_only,official_orcid_to_openalex_author,high,false,false,,2026-08-29T03:05:51.808Z
unimelb-finance-029,Dr Maurice McCourt,A5083198146,W7155514747,Guessing the Odds: Subjective Probabilities and Investment Decisions Under PRIIPs,2026,2026-04-17,10.1257/rct.18402-1.0,https://doi.org/10.1257/rct.18402-1.0,AEA Randomized Controlled Trials,,,,[object Object]; [object Object]; [object Object]; [object Object]; [object Object],5,dataset,0,,,false,false,closed,,,2026-06-11T09:08:48.828518,2026-06-11T09:08:48.828518,openalex_orcid_only,official_orcid_to_openalex_author,high,false,false,,2026-08-29T03:05:51.808Z
unimelb-finance-029,Dr Maurice McCourt,A5083198146,W7155519186,Guessing the Odds: Subjective Probabilities and Investment Decisions Under PRIIPs,2026,2026-04-17,10.1257/rct.18402,https://doi.org/10.1257/rct.18402,AEA Randomized Controlled Trials,,,,[object Object]; [object Object]; [object Object]; [object Object]; [object Object],5,dataset,0,,,false,false,closed,,,2026-06-11T09:08:48.828518,2026-06-11T09:08:48.828518,openalex_orcid_only,official_orcid_to_openalex_author,high,false,false,,2026-08-29T03:05:51.808Z
unimelb-finance-031,Professor Carsten Murawski,A5077035407,W2613518907,"Social connectedness, mental health and the adolescent brain",2017,2017-05-12,10.1016/j.neubiorev.2017.05.010,https://doi.org/10.1016/j.neubiorev.2017.05.010,Neuroscience & Biobehavioral Reviews,0149-7634,1873-7528,0149-7634; 1873-7528,[object Object]; [object Object]; [object Object]; [object Object],4,article,338,22.8268,0.99679446,false,true,green,https://figshare.com/articles/journal_contribution/Social_connectedness_mental_health_and_the_adolescent_brain/30758597,Child and Adolescent Psychosocial and Emotional Development; Neuroendocrine regulation and behavior; Autism Spectrum Disorder Research,2026-08-22T07:34:49.880490,2026-08-22T07:34:49.880490,openalex_orcid_only,official_orcid_to_openalex_author,high,false,false,,2026-08-29T03:05:51.808Z
unimelb-finance-031,Professor Carsten Murawski,A5077035407,W2770532450,Computational Complexity and Human Decision-Making,2017,2017-11-14,10.1016/j.tics.2017.09.005,https://doi.org/10.1016/j.tics.2017.09.005,Trends in Cognitive Sciences,1364-6613,1879-307X,1364-6613; 1879-307X,[object Object]; [object Object],2,article,162,4.8489,0.96016892,false,false,closed,,Neural dynamics and brain function; Neural and Behavioral Psychology Studies; Cognitive Science and Mapping,2026-08-21T09:56:20.448147,2026-08-21T09:56:20.448147,openalex_orcid_only,official_orcid_to_openalex_author,high,false,false,,2026-08-29T03:05:51.808Z
unimelb-finance-031,Professor Carsten Murawski,A5077035407,W2077135037,Demystifying “free will”: The role of contextual information and evidence accumulation for predictive brain activity,2014,2014-10-30,10.1016/j.neubiorev.2014.10.017,https://doi.org/10.1016/j.neubiorev.2014.10.017,Neuroscience & Biobehavioral Reviews,0149-7634,1873-7528,0149-7634; 1873-7528,[object Object]; [object Object]; [object Object]; [object Object]; [object Object]; [object Object],6,article,69,3.2479,0.92384825,false,false,closed,,Free Will and Agency; Neural and Behavioral Psychology Studies; Psychosomatic Disorders and Their Treatments,2026-08-21T09:56:20.448147,2026-08-21T09:56:20.448147,openalex_orcid_only,official_orcid_to_openalex_author,high,false,false,,2026-08-29T03:05:51.808Z
unimelb-finance-031,Professor Carsten Murawski,A5077035407,W4380605808,Not so smart? “Smart” drugs increase the level but decrease the quality of cognitive effort,2023,2023-06-14,10.1126/sciadv.add4165,https://doi.org/10.1126/sciadv.add4165,Science Advances,2375-2548,,2375-2548,[object Object]; [object Object]; [object Object]; [object Object],4,article,43,5.6559,0.97087108,false,true,gold,https://www.science.org/doi/pdf/10.1126/sciadv.add4165?download=true,"Neuroethics, Human Enhancement, Biomedical Innovations; Attention Deficit Hyperactivity Disorder; Neural and Behavioral Psychology Studies",2026-08-27T14:10:00.468798,2026-08-27T14:10:00.468798,openalex_orcid_only,official_orcid_to_openalex_author,high,false,false,,2026-08-29T03:05:51.808Z
unimelb-finance-031,Professor Carsten Murawski,A5077035407,W1030237925,From behavioural economics to neuroeconomics to decision neuroscience: the ascent of biology in research on human decision making,2015,2015-07-22,10.1016/j.cobeha.2015.07.001,https://doi.org/10.1016/j.cobeha.2015.07.001,Current Opinion in Behavioral Sciences,2352-1546,2352-1554,2352-1546; 2352-1554,[object Object]; [object Object],2,article,64,2.5278,0.88560654,false,true,hybrid,https://doi.org/10.1016/j.cobeha.2015.07.001,Decision-Making and Behavioral Economics; Neural and Behavioral Psychology Studies; Experimental Behavioral Economics Studies,2026-08-28T12:50:07.497085,2026-08-28T12:50:07.497085,openalex_orcid_only,official_orcid_to_openalex_author,high,false,false,,2026-08-29T03:05:51.808Z
unimelb-finance-031,Professor Carsten Murawski,A5077035407,W3149040855,Systematic Overestimation of Reflection Impulsivity in the Information Sampling Task,2016,2016-07-02,10.1016/j.biopsych.2016.05.027,https://doi.org/10.1016/j.biopsych.2016.05.027,Biological Psychiatry,0006-3223,1873-2402,0006-3223; 1873-2402,[object Object]; [object Object]; [object Object]; [object Object]; [object Object]; [object Object],6,article,24,4.2703,0.93704883,false,false,closed,,"Mental Health Research Topics; Schizophrenia research and treatment; Anxiety, Depression, Psychometrics, Treatment, Cognitive Processes",2026-08-21T09:56:20.448147,2026-08-21T09:56:20.448147,openalex_orcid_only,official_orcid_to_openalex_author,high,false,false,,2026-08-29T03:05:51.808Z
unimelb-finance-031,Professor Carsten Murawski,A5077035407,W3196960964,Generic properties of a computational task predict human effort and performance,2021,2021-09-01,10.1016/j.jmp.2021.102592,https://doi.org/10.1016/j.jmp.2021.102592,Journal of Mathematical Psychology,0022-2496,1096-0880,0022-2496; 1096-0880,[object Object]; [object Object]; [object Object]; [object Object],4,article,23,2.0839,0.86901984,false,false,closed,,Multi-Criteria Decision Making; Decision-Making and Behavioral Economics; Bayesian Modeling and Causal Inference,2026-08-28T12:50:07.497085,2026-08-28T12:50:07.497085,openalex_orcid_only,official_orcid_to_openalex_author,high,false,false,,2026-08-29T03:05:51.808Z
unimelb-finance-031,Professor Carsten Murawski,A5077035407,W4324130146,Individuals with problem gambling and obsessive-compulsive disorder learn through distinct reinforcement mechanisms,2023,2023-03-14,10.1371/journal.pbio.3002031,https://doi.org/10.1371/journal.pbio.3002031,PLoS Biology,1544-9173,1545-7885,1544-9173; 1545-7885,[object Object]; [object Object]; [object Object]; [object Object]; [object Object]; [object Object]; [object Object]; [object Object]; [object Object]; [object Object]; [object Object],11,article,19,4.8334,0.9539365,false,true,gold,https://journals.plos.org/plosbiology/article/file?id=10.1371/journal.pbio.3002031&type=printable,Obsessive-Compulsive Spectrum Disorders; Gambling Behavior and Treatments; Neurotransmitter Receptor Influence on Behavior,2026-08-24T07:32:12.397491,2026-08-24T07:32:12.397491,openalex_orcid_only,official_orcid_to_openalex_author,high,false,false,,2026-08-29T03:05:51.808Z
unimelb-finance-031,Professor Carsten Murawski,A5077035407,W3121922023,Margining in derivatives markets and the stability of the banking sector,2012,2012-10-30,10.1016/j.jbankfin.2012.10.005,https://doi.org/10.1016/j.jbankfin.2012.10.005,Journal of Banking & Finance,0378-4266,1872-6372,0378-4266; 1872-6372,[object Object]; [object Object],2,article,17,1.0709,0.83857005,false,false,closed,,"Banking stability, regulation, efficiency; Economic theories and models; Credit Risk and Financial Regulations",2026-08-21T09:56:20.448147,2026-08-21T09:56:20.448147,openalex_orcid_only,official_orcid_to_openalex_author,high,false,false,,2026-08-29T03:05:51.808Z
unimelb-finance-031,Professor Carsten Murawski,A5077035407,W3214537716,The network structure of impulsive personality and temporal discounting,2021,2021-11-13,10.1016/j.jrp.2021.104166,https://doi.org/10.1016/j.jrp.2021.104166,Journal of Research in Personality,0092-6566,1095-7251,0092-6566; 1095-7251,[object Object]; [object Object]; [object Object]; [object Object],4,article,12,1.0271,0.76981119,false,false,closed,,Mental Health Research Topics; Functional Brain Connectivity Studies; Complex Network Analysis Techniques,2026-08-28T12:50:07.497085,2026-08-28T12:50:07.497085,openalex_orcid_only,official_orcid_to_openalex_author,high,false,false,,2026-08-29T03:05:51.808Z
unimelb-finance-031,Professor Carsten Murawski,A5077035407,W4399872034,Attentional mechanisms of the date/delay effect in intertemporal choice: An eye-tracking study.,2024,2024-06-20,10.1037/xlm0001363,https://doi.org/10.1037/xlm0001363,Journal of Experimental Psychology Learning Memory and Cognition,0278-7393,1939-1285,0278-7393; 1939-1285,[object Object]; [object Object]; [object Object],3,article,8,2.8663,0.90560626,false,false,closed,,Innovation Diffusion and Forecasting; Technology Adoption and User Behaviour; Decision-Making and Behavioral Economics,2026-08-27T14:10:00.468798,2026-08-27T14:10:00.468798,openalex_orcid_only,official_orcid_to_openalex_author,high,false,false,,2026-08-29T03:05:51.808Z
unimelb-finance-031,Professor Carsten Murawski,A5077035407,W4380870403,Harnessing Computational Complexity Theory to Model Human Decision‐making and Cognition,2023,2023-06-01,10.1111/cogs.13304,https://doi.org/10.1111/cogs.13304,Cognitive Science,0364-0213,1551-6709,0364-0213; 1551-6709,[object Object]; [object Object],2,article,5,0.6992,0.72473146,false,true,bronze,https://onlinelibrary.wiley.com/doi/pdfdirect/10.1111/cogs.13304,"Computability, Logic, AI Algorithms; Bayesian Modeling and Causal Inference; Cognitive Science and Mapping",2026-08-28T12:50:07.497085,2026-08-28T12:50:07.497085,openalex_orcid_only,official_orcid_to_openalex_author,high,false,false,,2026-08-29T03:05:51.808Z
unimelb-finance-031,Professor Carsten Murawski,A5077035407,W2588908208,Neuroscience in gambling policy and treatment: an interdisciplinary perspective,2017,2017-02-15,10.1016/s2215-0366(16)30369-8,https://doi.org/10.1016/s2215-0366(16)30369-8,The Lancet Psychiatry,2215-0366,2215-0374,2215-0366; 2215-0374,[object Object]; [object Object]; [object Object]; [object Object]; [object Object]; [object Object]; [object Object]; [object Object]; [object Object]; [object Object]; [object Object]; [object Object]; [object Object]; [object Object]; [object Object]; [object Object]; [object Object]; [object Object]; [object Object]; [object Object]; [object Object]; [object Object]; [object Object]; [object Object]; [object Object],25,article,19,2.6461,0.88985645,false,true,green,https://figshare.com/articles/journal_contribution/Neuroscience_in_gambling_policy_and_treatment_an_interdisciplinary_perspective/20859406,Gambling Behavior and Treatments; Schizophrenia research and treatment; Pharmacology and Obesity Treatment,2026-08-27T14:10:00.468798,2026-08-27T14:10:00.468798,openalex_orcid_only,official_orcid_to_openalex_author,high,false,false,,2026-08-29T03:05:51.808Z
unimelb-finance-031,Professor Carsten Murawski,A5077035407,W3116025084,Reward motivation and cognitive flexibility in tau null-mutation mice,2020,2020-12-23,10.1016/j.neurobiolaging.2020.12.017,https://doi.org/10.1016/j.neurobiolaging.2020.12.017,Neurobiology of Aging,0197-4580,1558-1497,0197-4580; 1558-1497,[object Object]; [object Object]; [object Object]; [object Object]; [object Object]; [object Object]; [object Object]; [object Object]; [object Object],9,article,6,0.1139,0.47967331,false,false,closed,,Alzheimer's disease research and treatments; Memory and Neural Mechanisms; Cholinesterase and Neurodegenerative Diseases,2026-08-28T12:50:07.497085,2026-08-28T12:50:07.497085,openalex_orcid_only,official_orcid_to_openalex_author,high,false,false,,2026-08-29T03:05:51.808Z
unimelb-finance-031,Professor Carsten Murawski,A5077035407,W2181866084,Measuring retirement savings adequacy in Australia,2013,2013-01-01,,http://melbourneinstitute.com/downloads/hilda/bibliography/conference_papers/measuring retirement savings adequacy-mmfconf-2july2013.pdf,JASSA.,0313-5934,,0313-5934,[object Object]; [object Object]; [object Object]; [object Object]; [object Object],5,article,9,2.5508,0.91892013,false,false,closed,,"Financial Literacy, Pension, Retirement Analysis; demographic modeling and climate adaptation; Retirement, Disability, and Employment",2026-06-11T09:08:48.828518,2026-06-11T09:08:48.828518,openalex_orcid_only,official_orcid_to_openalex_author,high,false,false,,2026-08-29T03:05:51.808Z
unimelb-finance-031,Professor Carsten Murawski,A5077035407,W2473981739,Decision Neuroscience: Why We Become More Cautious with Age,2016,2016-06-01,10.1016/j.cub.2016.04.061,https://doi.org/10.1016/j.cub.2016.04.061,Current Biology,0960-9822,1879-0445,0960-9822; 1879-0445,[object Object]; [object Object],2,article,7,0,0.04909017,false,true,bronze,http://www.cell.com/article/S0960982216304158/pdf,Neural and Behavioral Psychology Studies; Decision-Making and Behavioral Economics,2026-08-21T09:56:20.448147,2026-08-21T09:56:20.448147,openalex_orcid_only,official_orcid_to_openalex_author,high,false,false,,2026-08-29T03:05:51.808Z
unimelb-finance-031,Professor Carsten Murawski,A5077035407,W3090595737,Is Hardness Inherent in Computational Problems? Performance of Human and Electronic Computers on Random Instances of the 0-1 Knapsack Problem,2020,2020-01-01,10.3233/faia200131,https://doi.org/10.3233/faia200131,Frontiers in artificial intelligence and applications,0922-6389,1879-8314,0922-6389; 1879-8314,[object Object]; [object Object]; [object Object]; [object Object],4,book-chapter,6,1.7388,0.85434174,false,true,hybrid,https://doi.org/10.3233/faia200131,"Optimization and Search Problems; Optimization and Packing Problems; Computability, Logic, AI Algorithms",2026-07-02T09:51:11.867554,2026-07-02T09:51:11.867554,openalex_orcid_only,official_orcid_to_openalex_author,high,false,false,,2026-08-29T03:05:51.808Z
unimelb-finance-031,Professor Carsten Murawski,A5077035407,W2019990018,Neuroeconomics: Investigating the Neurobiology of Choice,2011,2011-06-01,10.1111/j.1467-8462.2011.00638.x,https://doi.org/10.1111/j.1467-8462.2011.00638.x,Australian Economic Review,0004-9018,1467-8462,0004-9018; 1467-8462,[object Object],1,article,8,0.3839,0.59197304,false,false,closed,,Neural and Behavioral Psychology Studies; Decision-Making and Behavioral Economics,2026-08-26T07:47:46.906454,2026-08-26T07:47:46.906454,openalex_orcid_only,official_orcid_to_openalex_author,high,false,false,,2026-08-29T03:05:51.808Z
unimelb-finance-031,Professor Carsten Murawski,A5077035407,W1865635226,Does Australia Need a New Banking Model?,2015,2015-05-27,10.1111/1467-8462.12107,https://doi.org/10.1111/1467-8462.12107,Australian Economic Review,0004-9018,1467-8462,0004-9018; 1467-8462,[object Object]; [object Object],2,article,3,1.7233,0.87587203,false,false,closed,,Islamic Finance and Banking Studies,2026-08-26T07:47:46.906454,2026-08-26T07:47:46.906454,openalex_orcid_only,official_orcid_to_openalex_author,high,false,false,,2026-08-29T03:05:51.808Z
unimelb-finance-031,Professor Carsten Murawski,A5077035407,W2437634278,Unconscious Brand Reactions Influence Financial Decision-Making,2010,2010-01-01,,https://www.acrwebsite.org/volumes/v37/acr_v37_15435.pdf,ACR North American Advances,0098-9258,,0098-9258,[object Object]; [object Object],2,article,2,0,0.40478178,false,false,closed,,Consumer Behavior in Brand Consumption and Identification; Digital Marketing and Social Media; Consumer Market Behavior and Pricing,2026-07-28T07:46:37.118299,2026-07-28T07:46:37.118299,openalex_orcid_only,official_orcid_to_openalex_author,high,false,false,,2026-08-29T03:05:51.808Z
unimelb-finance-031,Professor Carsten Murawski,A5077035407,W2322147030,Single-trial P300 amplitudes index feedback information in reinforcement learning,2013,2013-01-01,10.3389/conf.fnhum.2013.212.00075,https://doi.org/10.3389/conf.fnhum.2013.212.00075,Frontiers in Human Neuroscience,1662-5161,,1662-5161,[object Object]; [object Object]; [object Object],3,article,1,0,0.17883926,false,true,gold,https://doi.org/10.3389/conf.fnhum.2013.212.00075,Neural dynamics and brain function; Neural and Behavioral Psychology Studies; EEG and Brain-Computer Interfaces,2026-08-21T09:56:20.448147,2026-08-21T09:56:20.448147,openalex_orcid_only,official_orcid_to_openalex_author,high,false,false,,2026-08-29T03:05:51.808Z
unimelb-finance-031,Professor Carsten Murawski,A5077035407,W2946130647,Brands and Desire: Implicit Brand Processing Biases Incidental Decision-Making,2011,2011-01-01,,https://acrwebsite.org/volumes/16370/volumes/v38/NA-38,ACR North American Advances,0098-9258,,0098-9258,[object Object]; [object Object],2,article,1,0.5794,0.8262325,false,false,closed,,Consumer Behavior in Brand Consumption and Identification,2026-07-28T07:46:37.118299,2026-07-28T07:46:37.118299,openalex_orcid_only,official_orcid_to_openalex_author,high,false,false,,2026-08-29T03:05:51.808Z
unimelb-finance-031,Professor Carsten Murawski,A5077035407,W3109641927,Computational Complexity and Asset Pricing,2019,2019-01-01,,https://findanexpert.unimelb.edu.au/scholarlywork/1460417-computational-complexity-and-asset-pricing,,,,,[object Object]; [object Object]; [object Object]; [object Object]; [object Object]; [object Object]; [object Object]; [object Object],8,article,1,0,0.28334028,false,false,closed,,Complex Systems and Time Series Analysis; Economic Theory and Institutions; Economic theories and models,2026-06-11T09:08:48.828518,2026-06-11T09:08:48.828518,openalex_orcid_only,official_orcid_to_openalex_author,high,false,false,,2026-08-29T03:05:51.808Z
unimelb-finance-031,Professor Carsten Murawski,A5077035407,W2747669989,The neural encoding of information prediction errors during non-instrumental information seeking,2017,2017-08-22,10.1101/179507,https://doi.org/10.1101/179507,bioRxiv (Cold Spring Harbor Laboratory),,,,[object Object]; [object Object]; [object Object]; [object Object],4,preprint,11,,,false,true,green,https://www.biorxiv.org/content/biorxiv/early/2017/08/22/179507.full.pdf,Neural and Behavioral Psychology Studies; Neural dynamics and brain function; EEG and Brain-Computer Interfaces,2026-08-26T07:47:46.906454,2026-08-26T07:47:46.906454,openalex_orcid_only,official_orcid_to_openalex_author,high,false,false,,2026-08-29T03:05:51.808Z
unimelb-finance-031,Professor Carsten Murawski,A5077035407,W4239381001,"The Socio-Moral Image Database (SMID): A Novel Stimulus Set for the Study of Social, Moral and Affective Processes",2017,2017-03-31,10.31234/osf.io/sja3m,https://doi.org/10.31234/osf.io/sja3m,,,,,[object Object]; [object Object]; [object Object]; [object Object],4,preprint,8,,,false,true,gold,https://doi.org/10.31234/osf.io/sja3m,Psychology of Moral and Emotional Judgment; Ethics in Business and Education; Emotions and Moral Behavior,2026-07-14T23:27:15.235271,2026-07-14T23:27:15.235271,openalex_orcid_only,official_orcid_to_openalex_author,high,false,false,,2026-08-29T03:05:51.808Z
unimelb-finance-031,Professor Carsten Murawski,A5077035407,W3159171600,Task-independent metrics of computational hardness predict human cognitive performance,2021,2021-04-26,10.1101/2021.04.25.441300,https://doi.org/10.1101/2021.04.25.441300,bioRxiv (Cold Spring Harbor Laboratory),,,,[object Object]; [object Object]; [object Object]; [object Object]; [object Object],5,preprint,5,,,false,true,green,https://www.biorxiv.org/content/biorxiv/early/2022/01/05/2021.04.25.441300.full.pdf,"Computability, Logic, AI Algorithms; Constraint Satisfaction and Optimization; AI-based Problem Solving and Planning",2026-08-27T14:10:00.468798,2026-08-27T14:10:00.468798,openalex_orcid_only,official_orcid_to_openalex_author,high,false,false,,2026-08-29T03:05:51.808Z
unimelb-finance-031,Professor Carsten Murawski,A5077035407,W1584965703,Measuring Adequacy of Retirement Savings,2014,2014-01-01,10.2139/ssrn.2418729,https://doi.org/10.2139/ssrn.2418729,SSRN Electronic Journal,1556-5068,,1556-5068,[object Object]; [object Object]; [object Object]; [object Object]; [object Object],5,preprint,4,,,false,true,green,https://doi.org/10.2139/ssrn.2418729,"Financial Literacy, Pension, Retirement Analysis; Retirement, Disability, and Employment; Gender, Labor, and Family Dynamics",2026-08-21T09:56:20.448147,2026-08-21T09:56:20.448147,openalex_orcid_only,official_orcid_to_openalex_author,high,false,false,,2026-08-29T03:05:51.808Z
unimelb-finance-031,Professor Carsten Murawski,A5077035407,W1980940204,Margining in Derivatives Markets and the Stability of the Banking Sector,2011,2011-01-01,10.2139/ssrn.1765353,https://doi.org/10.2139/ssrn.1765353,SSRN Electronic Journal,1556-5068,,1556-5068,[object Object]; [object Object],2,preprint,4,,,false,true,green,https://doi.org/10.2139/ssrn.1765353,"Banking stability, regulation, efficiency; Credit Risk and Financial Regulations; Global Financial Crisis and Policies",2026-08-21T09:56:20.448147,2026-08-21T09:56:20.448147,openalex_orcid_only,official_orcid_to_openalex_author,high,false,false,,2026-08-29T03:05:51.808Z
unimelb-finance-031,Professor Carsten Murawski,A5077035407,W3136674647,Surveying the Use of Pharmaceutical Cognitive Enhancers in the Australian Financial Services Industry,2020,2020-01-01,10.2139/ssrn.3661966,https://doi.org/10.2139/ssrn.3661966,SSRN Electronic Journal,1556-5068,,1556-5068,[object Object]; [object Object]; [object Object]; [object Object],4,preprint,4,,,false,true,green,https://doi.org/10.2139/ssrn.3661966,Biotechnology and Related Fields,2026-08-27T14:10:00.468798,2026-08-27T14:10:00.468798,openalex_orcid_only,official_orcid_to_openalex_author,high,false,false,,2026-08-29T03:05:51.808Z
unimelb-finance-031,Professor Carsten Murawski,A5077035407,W140885889,"The Price of Protection: Derivatives, Default Risk, and Margining",2008,2008-01-01,10.2139/ssrn.1009527,https://doi.org/10.2139/ssrn.1009527,SSRN Electronic Journal,1556-5068,,1556-5068,[object Object]; [object Object],2,preprint,3,,,false,true,green,https://doi.org/10.2139/ssrn.1009527,"Banking stability, regulation, efficiency; Credit Risk and Financial Regulations; Global Financial Crisis and Policies",2026-07-28T07:46:37.118299,2026-07-28T07:46:37.118299,openalex_orcid_only,official_orcid_to_openalex_author,high,false,false,,2026-08-29T03:05:51.808Z
unimelb-finance-031,Professor Carsten Murawski,A5077035407,W1589223143,Default Risk Mitigation in Derivatives Markets and its Effectiveness,2006,2006-04-01,,https://openalex.org/W1589223143,,,,,[object Object]; [object Object],2,article,3,0.3674,0.69425802,false,false,closed,,"Credit Risk and Financial Regulations; Banking stability, regulation, efficiency; Risk Management in Financial Firms",2026-07-22T07:51:19.307946,2026-07-22T07:51:19.307946,openalex_orcid_only,official_orcid_to_openalex_author,high,false,false,,2026-08-29T03:05:51.808Z
unimelb-finance-031,Professor Carsten Murawski,A5077035407,W2164631577,On the Forward-Futures Spread and Default Risk,2003,2003-01-01,10.2139/ssrn.389281,https://doi.org/10.2139/ssrn.389281,SSRN Electronic Journal,1556-5068,,1556-5068,[object Object],1,preprint,3,,,false,true,green,https://doi.org/10.2139/ssrn.389281,Stochastic processes and financial applications; Credit Risk and Financial Regulations; Insurance and Financial Risk Management,2026-08-21T09:56:20.448147,2026-08-21T09:56:20.448147,openalex_orcid_only,official_orcid_to_openalex_author,high,false,false,,2026-08-29T03:05:51.808Z
unimelb-finance-031,Professor Carsten Murawski,A5077035407,W2765100850,Reply to: The Choice of Prior in Bayesian Modeling of the Information Sampling Task,2017,2017-06-03,10.1016/j.biopsych.2017.05.023,https://doi.org/10.1016/j.biopsych.2017.05.023,Biological Psychiatry,0006-3223,1873-2402,0006-3223; 1873-2402,[object Object]; [object Object]; [object Object],3,letter,3,,,false,false,closed,,Neural and Behavioral Psychology Studies; Mental Health Research Topics; Decision-Making and Behavioral Economics,2026-08-21T09:56:20.448147,2026-08-21T09:56:20.448147,openalex_orcid_only,official_orcid_to_openalex_author,high,false,false,,2026-08-29T03:05:51.808Z
unimelb-finance-031,Professor Carsten Murawski,A5077035407,W2810932741,Phase transition in the knapsack problem,2018,2018-06-26,10.48550/arxiv.1806.10244,https://doi.org/10.48550/arxiv.1806.10244,arXiv (Cornell University),2331-8422,,2331-8422,[object Object]; [object Object]; [object Object]; [object Object],4,preprint,3,,,false,true,green,https://arxiv.org/pdf/1806.10244,Optimization and Search Problems; Optimization and Packing Problems; Auction Theory and Applications,2026-08-26T07:47:46.906454,2026-08-26T07:47:46.906454,openalex_orcid_only,official_orcid_to_openalex_author,high,false,false,,2026-08-29T03:05:51.808Z
unimelb-finance-031,Professor Carsten Murawski,A5077035407,W2889012293,Where the really hard choices are: A general framework to quantify decision difficulty,2018,2018-08-31,,https://openalex.org/W2889012293,,,,,[object Object]; [object Object]; [object Object]; [object Object],4,preprint,3,,,false,false,closed,,Decision-Making and Behavioral Economics; Multi-Criteria Decision Making; Neural and Behavioral Psychology Studies,2026-06-26T08:34:08.712188,2026-06-26T08:34:08.712188,openalex_orcid_only,official_orcid_to_openalex_author,high,false,false,,2026-08-29T03:05:51.808Z
unimelb-finance-031,Professor Carsten Murawski,A5077035407,W3105069525,Structural properties of individual instances predict human effort and performance on an NP-Hard problem,2018,2018-08-31,10.1101/405449,https://doi.org/10.1101/405449,bioRxiv (Cold Spring Harbor Laboratory),,,,[object Object]; [object Object]; [object Object]; [object Object],4,preprint,3,,,false,true,green,https://www.biorxiv.org/content/biorxiv/early/2020/07/21/405449.full.pdf,Constraint Satisfaction and Optimization; AI-based Problem Solving and Planning; Software Engineering Research,2026-08-06T08:24:18.245995,2026-08-06T08:24:18.245995,openalex_orcid_only,official_orcid_to_openalex_author,high,false,false,,2026-08-29T03:05:51.808Z
unimelb-finance-031,Professor Carsten Murawski,A5077035407,W3153655317,Socio-Moral Image Database,2018,2018-01-01,10.1037/t75900-000,https://doi.org/10.1037/t75900-000,PsycTESTS Dataset,,,,[object Object]; [object Object]; [object Object]; [object Object],4,dataset,3,,,false,false,closed,,"Cultural, Linguistic, Economic Studies",2026-06-11T09:08:48.828518,2026-06-11T09:08:48.828518,openalex_orcid_only,official_orcid_to_openalex_author,high,false,false,,2026-08-29T03:05:51.808Z
unimelb-finance-031,Professor Carsten Murawski,A5077035407,W2114274627,The Impact of Clearing on the Credit Risk of a Derivatives Portfolio,2002,2002-01-01,10.2139/ssrn.339660,https://doi.org/10.2139/ssrn.339660,SSRN Electronic Journal,1556-5068,,1556-5068,[object Object],1,preprint,2,,,false,true,green,https://doi.org/10.2139/ssrn.339660,"Banking stability, regulation, efficiency; Credit Risk and Financial Regulations; Insurance and Financial Risk Management",2026-08-21T09:56:20.448147,2026-08-21T09:56:20.448147,openalex_orcid_only,official_orcid_to_openalex_author,high,false,false,,2026-08-29T03:05:51.808Z
unimelb-finance-031,Professor Carsten Murawski,A5077035407,W3204667844,Asset Pricing under Computational Complexity,2019,2019-01-01,10.2139/ssrn.3475433,https://doi.org/10.2139/ssrn.3475433,SSRN Electronic Journal,1556-5068,,1556-5068,[object Object]; [object Object]; [object Object]; [object Object]; [object Object]; [object Object]; [object Object]; [object Object],8,preprint,2,,,false,true,green,https://doi.org/10.2139/ssrn.3475433,Complex Systems and Time Series Analysis; Financial Markets and Investment Strategies; Economic theories and models,2026-07-28T07:46:37.118299,2026-07-28T07:46:37.118299,openalex_orcid_only,official_orcid_to_openalex_author,high,false,false,,2026-08-29T03:05:51.808Z
unimelb-finance-031,Professor Carsten Murawski,A5077035407,W4206591953,The neural dynamics associated with computational complexity,2022,2022-01-05,10.1101/2022.01.05.475102,https://doi.org/10.1101/2022.01.05.475102,bioRxiv (Cold Spring Harbor Laboratory),,,,[object Object]; [object Object]; [object Object],3,preprint,2,,,false,true,green,https://www.biorxiv.org/content/biorxiv/early/2022/01/05/2022.01.05.475102.full.pdf,Functional Brain Connectivity Studies; Neural and Behavioral Psychology Studies; Neural dynamics and brain function,2026-08-21T09:56:20.448147,2026-08-21T09:56:20.448147,openalex_orcid_only,official_orcid_to_openalex_author,high,false,false,,2026-08-29T03:05:51.808Z
unimelb-finance-031,Professor Carsten Murawski,A5077035407,W4388240527,"Resource Allocation, Computational Complexity, and Market Design",2023,2023-01-01,10.2139/ssrn.4620799,https://doi.org/10.2139/ssrn.4620799,SSRN Electronic Journal,1556-5068,,1556-5068,[object Object]; [object Object]; [object Object]; [object Object]; [object Object]; [object Object]; [object Object]; [object Object]; [object Object],9,preprint,2,,,false,true,green,https://doi.org/10.2139/ssrn.4620799,Complex Systems and Time Series Analysis; Consumer Market Behavior and Pricing; Auction Theory and Applications,2026-08-26T07:47:46.906454,2026-08-26T07:47:46.906454,openalex_orcid_only,official_orcid_to_openalex_author,high,false,false,,2026-08-29T03:05:51.808Z
unimelb-finance-031,Professor Carsten Murawski,A5077035407,W2592967594,The Efficient Markets Hypothesis Does Not Hold When Securities Valuation Is Computationally Hard,2017,2017-01-01,10.2139/ssrn.2925071,https://doi.org/10.2139/ssrn.2925071,SSRN Electronic Journal,1556-5068,,1556-5068,[object Object]; [object Object]; [object Object]; [object Object]; [object Object],5,preprint,1,,,false,true,green,https://doi.org/10.2139/ssrn.2925071,Financial Markets and Investment Strategies; Economic theories and models; Stochastic processes and financial applications,2026-07-25T09:21:30.201066,2026-07-25T09:21:30.201066,openalex_orcid_only,official_orcid_to_openalex_author,high,false,false,,2026-08-29T03:05:51.808Z
unimelb-finance-031,Professor Carsten Murawski,A5077035407,W2797630230,Hard decisions shape the neural coding of preferences,2018,2018-04-10,10.1101/298406,https://doi.org/10.1101/298406,bioRxiv (Cold Spring Harbor Laboratory),,,,[object Object]; [object Object]; [object Object]; [object Object],4,preprint,1,,,false,true,green,https://www.biorxiv.org/content/biorxiv/early/2018/06/01/298406.full.pdf,Neural and Behavioral Psychology Studies; Decision-Making and Behavioral Economics; Memory and Neural Mechanisms,2026-08-26T07:47:46.906454,2026-08-26T07:47:46.906454,openalex_orcid_only,official_orcid_to_openalex_author,high,false,false,,2026-08-29T03:05:51.808Z
unimelb-finance-031,Professor Carsten Murawski,A5077035407,W3124401753,"The Price of Protection: Derivatives, Default Risk, and Margining",2008,2008-01-01,,http://citeseerx.ist.psu.edu/viewdoc/summary?doi=10.1.1.531.7391,,,,,[object Object]; [object Object],2,article,1,0.3735,0.76737735,false,false,closed,,"Banking stability, regulation, efficiency; Global Financial Crisis and Policies; Credit Risk and Financial Regulations",2026-08-26T07:47:46.906454,2026-08-26T07:47:46.906454,openalex_orcid_only,official_orcid_to_openalex_author,high,false,false,,2026-08-29T03:05:51.808Z
unimelb-finance-031,Professor Carsten Murawski,A5077035407,W4362700429,Estimating self-performance when making complex decisions,2023,2023-04-06,10.31234/osf.io/7xatc,https://doi.org/10.31234/osf.io/7xatc,,,,,[object Object]; [object Object]; [object Object]; [object Object],4,preprint,1,,,false,true,gold,https://osf.io/7xatc/download,Decision-Making and Behavioral Economics,2026-08-24T07:32:12.397491,2026-08-24T07:32:12.397491,openalex_orcid_only,official_orcid_to_openalex_author,high,false,false,,2026-08-29T03:05:51.808Z
unimelb-finance-031,Professor Carsten Murawski,A5077035407,W4412649696,When word order matters: human brains represent sentence meaning differently from large language models,2025,2025-07-23,10.1101/2025.07.19.665701,https://doi.org/10.1101/2025.07.19.665701,eLife,2050-084X,,2050-084X,[object Object]; [object Object]; [object Object],3,preprint,1,,,false,true,gold,https://doi.org/10.7554/elife.108442.2,Neurobiology of Language and Bilingualism; Topic Modeling; Text Readability and Simplification,2026-08-22T07:34:49.880490,2026-08-22T07:34:49.880490,openalex_orcid_only,official_orcid_to_openalex_author,high,false,false,,2026-08-29T03:05:51.808Z
unimelb-finance-031,Professor Carsten Murawski,A5077035407,W1577404031,Margining and the Stability of the Banking Sector,2008,2008-01-01,10.2139/ssrn.1313116,https://doi.org/10.2139/ssrn.1313116,SSRN Electronic Journal,1556-5068,,1556-5068,[object Object]; [object Object],2,preprint,0,,,false,true,green,https://doi.org/10.2139/ssrn.1313116,"Banking stability, regulation, efficiency; Credit Risk and Financial Regulations; Global Financial Crisis and Policies",2026-08-21T09:56:20.448147,2026-08-21T09:56:20.448147,openalex_orcid_only,official_orcid_to_openalex_author,high,false,false,,2026-08-29T03:05:51.808Z
unimelb-finance-031,Professor Carsten Murawski,A5077035407,W2013606453,Financial decision-making tasks and simple perceptual tasks – a comparison,1970,1970-01-01,10.3389/conf.neuro.08.2009.01.011,https://doi.org/10.3389/conf.neuro.08.2009.01.011,Frontiers in Behavioral Neuroscience,1662-5153,,1662-5153,[object Object]; [object Object]; [object Object]; [object Object]; [object Object],5,article,0,0,0.18560606,false,false,closed,,Stock Market Forecasting Methods; Complex Systems and Time Series Analysis,2026-08-21T09:56:20.448147,2026-08-21T09:56:20.448147,openalex_orcid_only,official_orcid_to_openalex_author,high,false,false,,2026-08-29T03:05:51.808Z
unimelb-finance-031,Professor Carsten Murawski,A5077035407,W2115145046,SY38-3 * SIMILARITIES AND DIFFERENCES IN REWARD AND AVOIDANCE LEARNING IN OCD AND PROBLEM GAMBLERS,2014,2014-09-01,10.1093/alcalc/agu052.159,https://doi.org/10.1093/alcalc/agu052.159,Alcohol and Alcoholism,0735-0414,1464-3502,0735-0414; 1464-3502,[object Object]; [object Object]; [object Object]; [object Object]; [object Object]; [object Object]; [object Object]; [object Object]; [object Object]; [object Object],10,conference-abstract,0,,,false,true,bronze,https://academic.oup.com/alcalc/article-pdf/49/suppl_1/i32/244156/agu052.159.pdf,Gambling Behavior and Treatments; Obsessive-Compulsive Spectrum Disorders,2026-08-27T14:10:00.468798,2026-08-27T14:10:00.468798,openalex_orcid_only,official_orcid_to_openalex_author,high,false,false,,2026-08-29T03:05:51.808Z
unimelb-finance-031,Professor Carsten Murawski,A5077035407,W2182280996,Dynamic Hedging and Order Flow Dynamics 1,2006,2006-01-01,,https://www.econbiz.de/archiv1/2008/49438_dynamic-hedging_order-flow_dynamics.pdf,,,,,[object Object],1,article,0,0,0.17439697,false,false,closed,,Complex Systems and Time Series Analysis; Economic theories and models; Financial Markets and Investment Strategies,2025-11-06T04:12:42.849631,2025-11-06T04:12:42.849631,openalex_orcid_only,official_orcid_to_openalex_author,high,false,false,,2026-08-29T03:05:51.808Z
unimelb-finance-031,Professor Carsten Murawski,A5077035407,W2187769065,Default Risk Mitigation in Derivatives Markets And Its Efiectiveness DRAFT (WORK IN PROGRESS),2006,2006-01-01,,https://www.ecb.europa.eu/events/pdf/conferences/ccp/MurawskiGibson.pdf,,,,,[object Object]; [object Object],2,article,0,0,0.2508247,false,false,closed,,"Credit Risk and Financial Regulations; Banking stability, regulation, efficiency; Global Financial Crisis and Policies",2026-06-11T09:08:48.828518,2026-06-11T09:08:48.828518,openalex_orcid_only,official_orcid_to_openalex_author,high,false,false,,2026-08-29T03:05:51.808Z
unimelb-finance-031,Professor Carsten Murawski,A5077035407,W2187986929,Valuing Contingent Claims with Dieren t Types of Market Incompleteness 1,2005,2005-01-01,,https://www.econbiz.de/archiv1/2008/47512_valuing_contingent_claims.pdf,,,,,[object Object],1,article,0,0,0.25118395,false,false,closed,,Stochastic processes and financial applications; Financial Markets and Investment Strategies; Capital Investment and Risk Analysis,2025-11-06T04:12:42.849631,2025-11-06T04:12:42.849631,openalex_orcid_only,official_orcid_to_openalex_author,high,false,false,,2026-08-29T03:05:51.808Z
unimelb-finance-031,Professor Carsten Murawski,A5077035407,W2209754686,Default Risk Mitigation Mechanisms in Derivatives Markets,2008,2008-01-01,10.2139/ssrn.1279459,https://doi.org/10.2139/ssrn.1279459,SSRN Electronic Journal,1556-5068,,1556-5068,[object Object]; [object Object],2,preprint,0,,,false,true,green,https://doi.org/10.2139/ssrn.1279459,"Credit Risk and Financial Regulations; Insurance and Financial Risk Management; Banking stability, regulation, efficiency",2026-08-21T09:56:20.448147,2026-08-21T09:56:20.448147,openalex_orcid_only,official_orcid_to_openalex_author,high,false,false,,2026-08-29T03:05:51.808Z
unimelb-finance-031,Professor Carsten Murawski,A5077035407,W2255189759,The Effects of Political Uncertainty on Stock Prices,2012,2012-01-01,10.2139/ssrn.2021536,https://doi.org/10.2139/ssrn.2021536,SSRN Electronic Journal,1556-5068,,1556-5068,[object Object]; [object Object]; [object Object],3,preprint,0,,,false,true,green,https://doi.org/10.2139/ssrn.2021536,Fiscal Policies and Political Economy; Financial Markets and Investment Strategies; Monetary Policy and Economic Impact,2026-08-21T09:56:20.448147,2026-08-21T09:56:20.448147,openalex_orcid_only,official_orcid_to_openalex_author,high,false,false,,2026-08-29T03:05:51.808Z
unimelb-finance-031,Professor Carsten Murawski,A5077035407,W2255469851,What Do Earnings Announcements Tell Us about Investor Learning in Financial Markets?,2012,2012-01-01,10.2139/ssrn.2193044,https://doi.org/10.2139/ssrn.2193044,SSRN Electronic Journal,1556-5068,,1556-5068,[object Object]; [object Object],2,preprint,0,,,false,true,green,https://doi.org/10.2139/ssrn.2193044,"Financial Markets and Investment Strategies; Auditing, Earnings Management, Governance; Corporate Finance and Governance",2026-08-21T09:56:20.448147,2026-08-21T09:56:20.448147,openalex_orcid_only,official_orcid_to_openalex_author,high,false,false,,2026-08-29T03:05:51.808Z
unimelb-finance-031,Professor Carsten Murawski,A5077035407,W2320720871,Belief updating is indexed by single-trial P3 amplitude: a neurocognitive modelling approach to EEG,2015,2015-01-01,10.3389/conf.fnhum.2015.217.00025,https://doi.org/10.3389/conf.fnhum.2015.217.00025,Frontiers in Human Neuroscience,1662-5161,,1662-5161,[object Object]; [object Object]; [object Object],3,article,0,0,0.13333333,false,true,gold,https://doi.org/10.3389/conf.fnhum.2015.217.00025,Neural dynamics and brain function; Neural and Behavioral Psychology Studies; EEG and Brain-Computer Interfaces,2026-08-21T09:56:20.448147,2026-08-21T09:56:20.448147,openalex_orcid_only,official_orcid_to_openalex_author,high,false,false,,2026-08-29T03:05:51.808Z
unimelb-finance-031,Professor Carsten Murawski,A5077035407,W2323361396,Predicting implicit abstract stimulus attributes from patterns of event-related potentials,2013,2013-01-01,10.3389/conf.fnhum.2013.212.00079,https://doi.org/10.3389/conf.fnhum.2013.212.00079,Frontiers in Human Neuroscience,1662-5161,,1662-5161,[object Object]; [object Object]; [object Object]; [object Object],4,article,0,0,0.18000864,false,true,gold,https://doi.org/10.3389/conf.fnhum.2013.212.00079,Neural and Behavioral Psychology Studies; EEG and Brain-Computer Interfaces; Functional Brain Connectivity Studies,2026-08-21T09:56:20.448147,2026-08-21T09:56:20.448147,openalex_orcid_only,official_orcid_to_openalex_author,high,false,false,,2026-08-29T03:05:51.808Z
unimelb-finance-031,Professor Carsten Murawski,A5077035407,W2328509965,The effects of context priming on intertemporal decision-making,2013,2013-01-01,10.3389/conf.fnhum.2013.212.00077,https://doi.org/10.3389/conf.fnhum.2013.212.00077,Frontiers in Human Neuroscience,1662-5161,,1662-5161,[object Object]; [object Object]; [object Object],3,article,0,0,0.1437414,false,true,gold,https://doi.org/10.3389/conf.fnhum.2013.212.00077,Decision-Making and Behavioral Economics; Neural and Behavioral Psychology Studies; Psychological and Temporal Perspectives Research,2026-08-21T09:56:20.448147,2026-08-21T09:56:20.448147,openalex_orcid_only,official_orcid_to_openalex_author,high,false,false,,2026-08-29T03:05:51.808Z
unimelb-finance-031,Professor Carsten Murawski,A5077035407,W2571398893,Influence of incidental priming with visual and gustatory cues on intertemporal choice in obesity,2015,2015-09-01,,http://hdl.handle.net/11858/00-001M-0000-002B-7E33-0,Max Planck Digital Library,,,,[object Object]; [object Object]; [object Object]; [object Object],4,other,0,,,false,false,closed,,Behavioral Health and Interventions; Color perception and design; Creativity in Education and Neuroscience,2026-08-26T07:47:46.906454,2026-08-26T07:47:46.906454,openalex_orcid_only,official_orcid_to_openalex_author,high,false,false,,2026-08-29T03:05:51.808Z
unimelb-finance-031,Professor Carsten Murawski,A5077035407,W2619177636,Brand reactions bias incidental decision-making.,2009,2009-01-01,,http://hdl.handle.net/11343/28971,Minerva Access (University of Melbourne),,,,[object Object]; [object Object],2,conference-paper,0,0,0.43504996,false,false,closed,,Consumer Behavior in Brand Consumption and Identification; Behavioral Health and Interventions; Psychology of Social Influence,2026-08-26T07:47:46.906454,2026-08-26T07:47:46.906454,openalex_orcid_only,official_orcid_to_openalex_author,high,false,false,,2026-08-29T03:05:51.808Z
unimelb-finance-031,Professor Carsten Murawski,A5077035407,W2623167058,The neural origins of evidence accumulation for perceptual decisions: Evidence from two identical Erp and fmri studies: Or0515,2016,2016-07-01,,https://findanexpert.unimelb.edu.au/scholarlywork/1275622-the-neural-origins-of-evidence-accumulation-for-perceptual-decisions--evidence-from-two-identical-erp-and-fmri-studies,,,,,[object Object]; [object Object]; [object Object]; [object Object]; [object Object]; [object Object]; [object Object]; [object Object]; [object Object],9,article,0,0,0.19317373,false,false,closed,,Neural and Behavioral Psychology Studies,2026-06-11T09:08:48.828518,2026-06-11T09:08:48.828518,openalex_orcid_only,official_orcid_to_openalex_author,high,false,false,,2026-08-29T03:05:51.808Z
unimelb-finance-031,Professor Carsten Murawski,A5077035407,W2738650229,Valuing contingent claims with different types of market incompleteness,2004,2004-01-01,,http://www.nccr-finrisk.uzh.ch/media/pdf/wp/WP186_2.pdf,,,,,[object Object],1,article,0,0,0.3975061,false,false,closed,,Stochastic processes and financial applications; Economic theories and models; Financial Markets and Investment Strategies,2025-11-06T04:12:42.849631,2025-11-06T04:12:42.849631,openalex_orcid_only,official_orcid_to_openalex_author,high,false,false,,2026-08-29T03:05:51.808Z
unimelb-finance-031,Professor Carsten Murawski,A5077035407,W2799480491,SIMILARITIES AND DIFFERENCES IN REWARD AND AVOIDANCE LEARNING IN OCD AND PROBLEM GAMBLERS,2014,2014-01-01,,http://dro.deakin.edu.au/view/DU:30073019,,,,,[object Object]; [object Object]; [object Object]; [object Object]; [object Object]; [object Object]; [object Object]; [object Object]; [object Object],9,article,0,0,0.41091836,false,false,closed,,Gambling Behavior and Treatments; Obsessive-Compulsive Spectrum Disorders,2026-06-11T09:08:48.828518,2026-06-11T09:08:48.828518,openalex_orcid_only,official_orcid_to_openalex_author,high,false,false,,2026-08-29T03:05:51.808Z
unimelb-finance-031,Professor Carsten Murawski,A5077035407,W2913242799,Anti-obesity health warnings promote healthier dietary decision making,2019,2019-01-01,10.1016/j.orcp.2016.10.270,https://doi.org/10.1016/j.orcp.2016.10.270,Obesity Research & Clinical Practice,1871-403X,1878-0318,1871-403X; 1878-0318,[object Object]; [object Object]; [object Object]; [object Object]; [object Object],5,article,0,0,0.00914405,false,false,closed,,"Nutrition, Genetics, and Disease; Consumer Attitudes and Food Labeling; Nutritional Studies and Diet",2026-08-28T12:50:07.497085,2026-08-28T12:50:07.497085,openalex_orcid_only,official_orcid_to_openalex_author,high,false,false,,2026-08-29T03:05:51.808Z
unimelb-finance-031,Professor Carsten Murawski,A5077035407,W3102155735,Monetary feedback modulates performance and electrophysiological indices of belief updating in reward learning,2017,2017-09-01,10.1101/183665,https://doi.org/10.1101/183665,bioRxiv (Cold Spring Harbor Laboratory),,,,[object Object]; [object Object]; [object Object]; [object Object]; [object Object],5,preprint,0,,,false,true,green,https://www.biorxiv.org/content/biorxiv/early/2019/05/24/183665.full.pdf,Neural dynamics and brain function; Neural and Behavioral Psychology Studies; EEG and Brain-Computer Interfaces,2026-08-06T08:24:18.245995,2026-08-06T08:24:18.245995,openalex_orcid_only,official_orcid_to_openalex_author,high,false,false,,2026-08-29T03:05:51.808Z
unimelb-finance-031,Professor Carsten Murawski,A5077035407,W3133928169,Computational cognitive requirements of random decision problems.,2020,2020-01-01,,https://escholarship.org/uc/item/93h185q4,eScholarship (California Digital Library),,,,[object Object]; [object Object]; [object Object]; [object Object]; [object Object],5,article,0,0,0.21240334,false,false,closed,,AI-based Problem Solving and Planning; Multi-Criteria Decision Making; Rough Sets and Fuzzy Logic,2026-06-11T09:08:48.828518,2026-06-11T09:08:48.828518,openalex_orcid_only,official_orcid_to_openalex_author,high,false,false,,2026-08-29T03:05:51.808Z
unimelb-finance-031,Professor Carsten Murawski,A5077035407,W3153573923,Human Decision-making and Computational Complexity: The Knapsack Problem,2018,2018-01-01,10.17605/osf.io/t2jv7,https://doi.org/10.17605/osf.io/t2jv7,OSF Preprints (OSF Preprints),,,,[object Object]; [object Object]; [object Object]; [object Object],4,preprint,0,,,false,true,green,https://doi.org/10.17605/OSF.IO/T2JV7,"Computability, Logic, AI Algorithms; Benford’s Law and Fraud Detection",2026-08-21T09:56:20.448147,2026-08-21T09:56:20.448147,openalex_orcid_only,official_orcid_to_openalex_author,high,false,false,,2026-08-29T03:05:51.808Z
unimelb-finance-031,Professor Carsten Murawski,A5077035407,W3174247311,Knapsack decision problem,2021,2021-03-24,,https://osf.io/cbpkr,OSF Preprints (OSF Preprints),,,,[object Object]; [object Object]; [object Object]; [object Object]; [object Object],5,preprint,0,,,false,true,green,https://osf.io/cbpkr,Optimization and Search Problems; Optimization and Packing Problems; Supply Chain and Inventory Management,2026-08-26T07:47:46.906454,2026-08-26T07:47:46.906454,openalex_orcid_only,official_orcid_to_openalex_author,high,false,false,,2026-08-29T03:05:51.808Z
unimelb-finance-031,Professor Carsten Murawski,A5077035407,W4281250638,Corrigendum to “The network structure of impulsive personality and temporal discounting” [J. Res. Pers. 96 (2022) 104166],2022,2022-05-21,10.1016/j.jrp.2022.104241,https://doi.org/10.1016/j.jrp.2022.104241,Journal of Research in Personality,0092-6566,1095-7251,0092-6566; 1095-7251,[object Object]; [object Object]; [object Object]; [object Object],4,erratum,0,,,false,false,closed,,Mental Health Research Topics; Behavioral Health and Interventions; Decision-Making and Behavioral Economics,2026-08-28T12:50:07.497085,2026-08-28T12:50:07.497085,openalex_orcid_only,official_orcid_to_openalex_author,high,false,false,,2026-08-29T03:05:51.808Z
unimelb-finance-031,Professor Carsten Murawski,A5077035407,W4285150391,The Complexity of Personal Insolvency Decisions: Legal and Behavioural Economics Insights,2022,2022-01-01,10.2139/ssrn.4115137,https://doi.org/10.2139/ssrn.4115137,SSRN Electronic Journal,1556-5068,,1556-5068,[object Object]; [object Object]; [object Object]; [object Object]; [object Object],5,preprint,0,,,false,true,green,https://doi.org/10.2139/ssrn.4115137,"Law, Economics, and Judicial Systems; Insurance and Financial Risk Management; Financial Literacy, Pension, Retirement Analysis",2026-08-21T09:56:20.448147,2026-08-21T09:56:20.448147,openalex_orcid_only,official_orcid_to_openalex_author,high,false,false,,2026-08-29T03:05:51.808Z
unimelb-finance-031,Professor Carsten Murawski,A5077035407,W4389226809,"Temporal Cognition, Impulsivity and Intertemporal Choice",2023,2023-01-01,10.5771/9783495994078-151,https://doi.org/10.5771/9783495994078-151,Verlag Karl Alber eBooks,,,,[object Object]; [object Object]; [object Object],3,book-chapter,0,0,0.65587045,false,true,hybrid,https://www.inlibra.com/document/download/pdf/uuid/837c73ea-6ada-3ba6-af5c-1c29ea68717a,Decision-Making and Behavioral Economics,2026-08-24T07:32:12.397491,2026-08-24T07:32:12.397491,openalex_orcid_only,official_orcid_to_openalex_author,high,false,false,,2026-08-29T03:05:51.808Z
unimelb-finance-031,Professor Carsten Murawski,A5077035407,W4394428106,Supplementary Material for: Financial advisers’ and key informants’ perspectives on the Australian industry-led Moratorium on Genetic Tests in Life Insurance,2023,2023-01-01,10.6084/m9.figshare.23940009,https://doi.org/10.6084/m9.figshare.23940009,Figshare,,,,[object Object]; [object Object]; [object Object]; [object Object]; [object Object]; [object Object]; [object Object]; [object Object]; [object Object],9,supplementary-materials,0,,,false,true,green,https://doi.org/10.6084/m9.figshare.23940009,Biomedical Ethics and Regulation,2026-07-14T23:27:15.235271,2026-07-14T23:27:15.235271,openalex_orcid_only,official_orcid_to_openalex_author,high,false,false,,2026-08-29T03:05:51.808Z
unimelb-finance-031,Professor Carsten Murawski,A5077035407,W4394476168,Supplementary Material for: Financial advisers’ and key informants’ perspectives on the Australian industry-led Moratorium on Genetic Tests in Life Insurance,2023,2023-01-01,10.6084/m9.figshare.23931627,https://doi.org/10.6084/m9.figshare.23931627,Figshare,,,,[object Object]; [object Object]; [object Object]; [object Object]; [object Object]; [object Object]; [object Object]; [object Object]; [object Object],9,supplementary-materials,0,,,false,true,green,https://doi.org/10.6084/m9.figshare.23931627,Biomedical Ethics and Regulation,2026-07-14T23:27:15.235271,2026-07-14T23:27:15.235271,openalex_orcid_only,official_orcid_to_openalex_author,high,false,false,,2026-08-29T03:05:51.808Z
unimelb-finance-031,Professor Carsten Murawski,A5077035407,W4408241002,Complex decision-making under stress: shallower search and impaired decision quality at different levels of computational hardness,2025,2025-03-06,10.31234/osf.io/m7r4b_v2,https://doi.org/10.31234/osf.io/m7r4b_v2,,,,,[object Object]; [object Object]; [object Object],3,preprint,0,,,false,true,gold,https://doi.org/10.31234/osf.io/m7r4b_v2,Forecasting Techniques and Applications,2026-08-18T07:49:30.821534,2026-08-18T07:49:30.821534,openalex_orcid_only,official_orcid_to_openalex_author,high,false,false,,2026-08-29T03:05:51.808Z
unimelb-finance-031,Professor Carsten Murawski,A5077035407,W4408241036,Complex decision-making under stress: shallower search and impaired decision quality at different levels of computational hardness,2025,2025-03-06,10.31234/osf.io/m7r4b_v1,https://doi.org/10.31234/osf.io/m7r4b_v1,,,,,[object Object]; [object Object]; [object Object],3,preprint,0,,,false,true,gold,https://doi.org/10.31234/osf.io/m7r4b_v1,Forecasting Techniques and Applications,2026-08-18T07:49:30.821534,2026-08-18T07:49:30.821534,openalex_orcid_only,official_orcid_to_openalex_author,high,false,false,,2026-08-29T03:05:51.808Z
unimelb-finance-031,Professor Carsten Murawski,A5077035407,W4410564890,Whom Do We Prefer to Learn From in Observational Reinforcement Learning?,2025,2025-05-21,10.1101/2025.05.19.654209,https://doi.org/10.1101/2025.05.19.654209,bioRxiv (Cold Spring Harbor Laboratory),,,,[object Object]; [object Object]; [object Object]; [object Object],4,preprint,0,,,false,true,green,https://www.biorxiv.org/content/biorxiv/early/2025/05/21/2025.05.19.654209.full.pdf,Evolutionary Algorithms and Applications,2026-08-21T09:56:20.448147,2026-08-21T09:56:20.448147,openalex_orcid_only,official_orcid_to_openalex_author,high,false,false,,2026-08-29T03:05:51.808Z
unimelb-finance-031,Professor Carsten Murawski,A5077035407,W4411218924,No Interest: The Marginalization of Women in Academic Finance,2025,2025-04-03,10.1080/13545701.2025.2483823,https://doi.org/10.1080/13545701.2025.2483823,Feminist Economics,1354-5701,1466-4372,1354-5701; 1466-4372,[object Object]; [object Object]; [object Object],3,article,0,0,0.12048157,false,true,bronze,https://www.tandfonline.com/doi/pdf/10.1080/13545701.2025.2483823?needAccess=true,Gender Diversity and Inequality; Innovations in Educational Methods,2026-08-21T09:56:20.448147,2026-08-21T09:56:20.448147,openalex_orcid_only,official_orcid_to_openalex_author,high,false,false,,2026-08-29T03:05:51.808Z
unimelb-finance-031,Professor Carsten Murawski,A5077035407,W4413581737,"Cognitive decline, not age, explains reduced decision-making capacity in healthy older adults",2025,2025-08-25,10.31234/osf.io/qe6uw_v1,https://doi.org/10.31234/osf.io/qe6uw_v1,,,,,[object Object]; [object Object]; [object Object]; [object Object]; [object Object],5,preprint,0,,,false,true,gold,https://osf.io/qe6uw_v1/download,Aging and Gerontology Research,2026-08-23T07:36:19.812096,2026-08-23T07:36:19.812096,openalex_orcid_only,official_orcid_to_openalex_author,high,false,false,,2026-08-29T03:05:51.808Z
unimelb-finance-031,Professor Carsten Murawski,A5077035407,W4413611234,What if we expected financial services to be more like health services?,2018,2018-08-15,10.64628/aa.sxd4rgjrv,https://doi.org/10.64628/aa.sxd4rgjrv,,,,,[object Object]; [object Object],2,other,0,,,false,false,closed,,Healthcare Policy and Management,2026-07-14T23:27:15.235271,2026-07-14T23:27:15.235271,openalex_orcid_only,official_orcid_to_openalex_author,high,false,false,,2026-08-29T03:05:51.808Z
unimelb-finance-031,Professor Carsten Murawski,A5077035407,W4413642142,The marketplace of ideas? What competition will mean for universities,2012,2012-03-20,10.64628/aa.jn6pwvama,https://doi.org/10.64628/aa.jn6pwvama,,,,,[object Object]; [object Object],2,other,0,,,false,false,closed,,Higher Education Governance and Development,2026-07-14T23:27:15.235271,2026-07-14T23:27:15.235271,openalex_orcid_only,official_orcid_to_openalex_author,high,false,false,,2026-08-29T03:05:51.808Z
unimelb-finance-031,Professor Carsten Murawski,A5077035407,W4413688037,Research for the future of Australia,2012,2012-06-18,10.64628/aa.ckt4e65ve,https://doi.org/10.64628/aa.ckt4e65ve,,,,,[object Object]; [object Object],2,other,0,,,false,false,closed,,demographic modeling and climate adaptation,2026-07-14T23:27:15.235271,2026-07-14T23:27:15.235271,openalex_orcid_only,official_orcid_to_openalex_author,high,false,false,,2026-08-29T03:05:51.808Z
unimelb-finance-031,Professor Carsten Murawski,A5077035407,W4413694426,The majority of Australians are not saving enough for retirement,2014,2014-03-30,10.64628/aa.xyfty4w6x,https://doi.org/10.64628/aa.xyfty4w6x,,,,,[object Object]; [object Object],2,other,0,,,false,false,closed,,"Retirement, Disability, and Employment",2026-07-14T23:27:15.235271,2026-07-14T23:27:15.235271,openalex_orcid_only,official_orcid_to_openalex_author,high,false,false,,2026-08-29T03:05:51.808Z
unimelb-finance-031,Professor Carsten Murawski,A5077035407,W4413696751,Time to bring some science to financial regulation,2014,2014-07-30,10.64628/aa.x3v774mp9,https://doi.org/10.64628/aa.x3v774mp9,,,,,[object Object]; [object Object],2,other,0,,,false,false,closed,,Global Financial Regulation and Crises,2026-07-14T23:27:15.235271,2026-07-14T23:27:15.235271,openalex_orcid_only,official_orcid_to_openalex_author,high,false,false,,2026-08-29T03:05:51.808Z
unimelb-finance-031,Professor Carsten Murawski,A5077035407,W4413698069,Putting a real cost on delaying the super guarantee rise,2014,2014-09-14,10.64628/aa.f6taaef9q,https://doi.org/10.64628/aa.f6taaef9q,,,,,[object Object]; [object Object],2,other,0,,,false,false,closed,,Wind and Air Flow Studies,2026-07-14T23:27:15.235271,2026-07-14T23:27:15.235271,openalex_orcid_only,official_orcid_to_openalex_author,high,false,false,,2026-08-29T03:05:51.808Z
unimelb-finance-031,Professor Carsten Murawski,A5077035407,W4414986519,When word order matters: human brains represent sentence meaning differently from large language models,2025,2025-10-09,10.7554/elife.108442.1,https://doi.org/10.7554/elife.108442.1,eLife,2050-084X,,2050-084X,[object Object]; [object Object]; [object Object],3,preprint,0,,,false,true,gold,https://doi.org/10.7554/elife.108442.1,Neurobiology of Language and Bilingualism; Topic Modeling; Language Development and Disorders,2026-07-14T23:27:15.235271,2026-07-14T23:27:15.235271,openalex_orcid_only,official_orcid_to_openalex_author,high,false,false,,2026-08-29T03:05:51.808Z
unimelb-finance-031,Professor Carsten Murawski,A5077035407,W4414986575,Author response: When word order matters: human brains represent sentence meaning differently from large language models,2025,2025-10-09,10.7554/elife.108442.1.sa4,https://doi.org/10.7554/elife.108442.1.sa4,,,,,[object Object]; [object Object]; [object Object],3,peer-review,0,,,false,true,gold,https://doi.org/10.7554/elife.108442.1.sa4,Neurobiology of Language and Bilingualism; Topic Modeling,2026-07-16T13:24:37.021932,2026-07-16T13:24:37.021932,openalex_orcid_only,official_orcid_to_openalex_author,high,false,false,,2026-08-29T03:05:51.808Z
unimelb-finance-031,Professor Carsten Murawski,A5077035407,W4414986593,When word order matters: human brains represent sentence meaning differently from large language models,2025,2025-10-09,10.7554/elife.108442,https://doi.org/10.7554/elife.108442,eLife,2050-084X,,2050-084X,[object Object]; [object Object]; [object Object],3,preprint,0,,,false,true,gold,https://elifesciences.org/reviewed-preprints/108442.pdf,Neurobiology of Language and Bilingualism; Topic Modeling; Language and cultural evolution,2026-08-21T09:56:20.448147,2026-08-21T09:56:20.448147,openalex_orcid_only,official_orcid_to_openalex_author,high,false,false,,2026-08-29T03:05:51.808Z
unimelb-finance-031,Professor Carsten Murawski,A5077035407,W4415756740,Mechanisms and Correlates of the Date/Delay Effect in Intertemporal Choice,2025,2025-01-01,10.1007/978-3-032-00880-0_11,https://doi.org/10.1007/978-3-032-00880-0_11,"Studies in neuroscience, psychology and behavioral economics",2196-6605,2196-6613,2196-6605; 2196-6613,[object Object]; [object Object]; [object Object],3,book-chapter,0,0,0.61186697,false,false,closed,,Neural and Behavioral Psychology Studies; Decision-Making and Behavioral Economics; Cognitive Functions and Memory,2026-08-04T08:18:43.703281,2026-08-04T08:18:43.703281,openalex_orcid_only,official_orcid_to_openalex_author,high,false,false,,2026-08-29T03:05:51.808Z
unimelb-finance-031,Professor Carsten Murawski,A5077035407,W4416830492,Acute stress impairs decision-making at varying levels of decision complexity,2025,2025-11-30,10.31234/osf.io/m7r4b_v3,https://doi.org/10.31234/osf.io/m7r4b_v3,,,,,[object Object]; [object Object]; [object Object],3,preprint,0,,,false,true,gold,https://doi.org/10.31234/osf.io/m7r4b_v3,Stress Responses and Cortisol; Neural and Behavioral Psychology Studies; Decision-Making and Behavioral Economics,2026-07-14T23:27:15.235271,2026-07-14T23:27:15.235271,openalex_orcid_only,official_orcid_to_openalex_author,high,false,false,,2026-08-29T03:05:51.808Z
unimelb-finance-031,Professor Carsten Murawski,A5077035407,W7126227618,How Complex Are Financial Decisions? Evidence from Credit Card Choice,2026,2026-01-01,10.2139/ssrn.6092406,https://doi.org/10.2139/ssrn.6092406,SSRN Electronic Journal,1556-5068,,1556-5068,[object Object]; [object Object]; [object Object],3,preprint,0,,,false,true,green,https://doi.org/10.2139/ssrn.6092406,"Financial Literacy, Pension, Retirement Analysis; Decision-Making and Behavioral Economics; Auditing, Earnings Management, Governance",2026-08-04T08:18:43.703281,2026-08-04T08:18:43.703281,openalex_orcid_only,official_orcid_to_openalex_author,high,false,false,,2026-08-29T03:05:51.808Z
unimelb-finance-031,Professor Carsten Murawski,A5077035407,W7130692983,Perceived chronic stress and complex decision-making,2024,2024-01-01,10.17605/osf.io/hjumz,https://doi.org/10.17605/osf.io/hjumz,Open MIND,,,,[object Object]; [object Object]; [object Object],3,preprint,0,,,false,true,green,https://osf.io/hjumz,Stress Responses and Cortisol; Neural and Behavioral Psychology Studies; Emotion and Mood Recognition,2026-08-13T07:04:57.449891,2026-08-13T07:04:57.449891,openalex_orcid_only,official_orcid_to_openalex_author,high,false,false,,2026-08-29T03:05:51.808Z
unimelb-finance-031,Professor Carsten Murawski,A5077035407,W7130748681,Does perceived chronic stress really impair decision-making capacity? Evidence when deciding under varying computational demands,2026,2026-02-20,10.31234/osf.io/up5wx_v1,https://doi.org/10.31234/osf.io/up5wx_v1,,,,,[object Object]; [object Object]; [object Object]; [object Object],4,preprint,0,,,false,true,gold,https://doi.org/10.31234/osf.io/up5wx_v1,Stress Responses and Cortisol; Neural and Behavioral Psychology Studies; Decision-Making and Behavioral Economics,2026-07-14T23:27:15.235271,2026-07-14T23:27:15.235271,openalex_orcid_only,official_orcid_to_openalex_author,high,false,false,,2026-08-29T03:05:51.808Z
unimelb-finance-031,Professor Carsten Murawski,A5077035407,W7149346794,Representations of Sentence Meaning in the Human Brain (RSMB) Dataset,2026,2026-01-01,10.18112/openneuro.ds007393.v1.0.0,https://doi.org/10.18112/openneuro.ds007393.v1.0.0,OpenNeuro,,,,[object Object]; [object Object]; [object Object],3,dataset,0,,,false,true,green,https://doi.org/10.18112/openneuro.ds007393.v1.0.0,,2026-07-01T06:00:48.157686,2026-07-01T06:00:48.157686,openalex_orcid_only,official_orcid_to_openalex_author,high,false,false,,2026-08-29T03:05:51.808Z
unimelb-finance-031,Professor Carsten Murawski,A5077035407,W7151064668,Representations of Sentence Meaning in the Human Brain (RSMB) Dataset,2026,2026-01-01,10.18112/openneuro.ds007393.v1.0.1,https://doi.org/10.18112/openneuro.ds007393.v1.0.1,OpenNeuro,,,,[object Object]; [object Object]; [object Object],3,dataset,0,,,false,true,green,https://doi.org/10.18112/openneuro.ds007393.v1.0.1,,2026-07-01T06:00:48.157686,2026-07-01T06:00:48.157686,openalex_orcid_only,official_orcid_to_openalex_author,high,false,false,,2026-08-29T03:05:51.808Z
unimelb-finance-031,Professor Carsten Murawski,A5077035407,W7160467147,Knapsack Optimisation Task,2018,2018-08-30,,https://osf.io/7y3d4,OSF Preprints (OSF Preprints),,,,[object Object]; [object Object]; [object Object]; [object Object],4,preprint,0,,,false,true,green,https://osf.io/7y3d4,Optimization and Search Problems; Advanced Bandit Algorithms Research; Constraint Satisfaction and Optimization,2026-08-11T07:18:39.950985,2026-08-11T07:18:39.950985,openalex_orcid_only,official_orcid_to_openalex_author,high,false,false,,2026-08-29T03:05:51.808Z
unimelb-finance-031,Professor Carsten Murawski,A5077035407,W7160735187,Traveling salesperson problem,2021,2021-03-25,,https://osf.io/fs8jd,OSF Preprints (OSF Preprints),,,,[object Object]; [object Object]; [object Object]; [object Object]; [object Object],5,preprint,0,,,false,true,green,https://osf.io/fs8jd,Vehicle Routing Optimization Methods; Optimization and Search Problems; Genome Rearrangement Algorithms,2026-07-14T23:32:53.992493,2026-07-14T23:32:53.992493,openalex_orcid_only,official_orcid_to_openalex_author,high,false,false,,2026-08-29T03:05:51.808Z
unimelb-finance-031,Professor Carsten Murawski,A5077035407,W7160740909,Boolean satisfaibility problem (3SAT),2021,2021-03-25,,https://osf.io/ndm8c,OSF Preprints (OSF Preprints),,,,[object Object]; [object Object]; [object Object]; [object Object]; [object Object],5,preprint,0,,,false,true,green,https://osf.io/ndm8c,Complexity and Algorithms in Graphs; Constraint Satisfaction and Optimization; Advanced Graph Theory Research,2026-08-11T07:18:39.950985,2026-08-11T07:18:39.950985,openalex_orcid_only,official_orcid_to_openalex_author,high,false,false,,2026-08-29T03:05:51.808Z
unimelb-finance-031,Professor Carsten Murawski,A5077035407,W7160742648,The Network Structure of Impulsive Personality and Temporal Discounting,2025,2025-01-15,,https://osf.io/u6vps,OSF Preprints (OSF Preprints),,,,[object Object]; [object Object]; [object Object]; [object Object],4,preprint,0,,,false,true,green,https://osf.io/u6vps,Mental Health Research Topics; Cognitive and psychological constructs research; Personality Traits and Psychology,2026-08-12T21:12:35.861297,2026-08-12T21:12:35.861297,openalex_orcid_only,official_orcid_to_openalex_author,high,false,false,,2026-08-29T03:05:51.808Z
unimelb-finance-031,Professor Carsten Murawski,A5077035407,W7163760169,Does perceived chronic stress really impair decision-making capacity? Evidence from decisions made under varying computational demands,2026,2026-06-05,10.31234/osf.io/up5wx_v2,https://doi.org/10.31234/osf.io/up5wx_v2,,,,,[object Object]; [object Object]; [object Object]; [object Object],4,preprint,0,,,false,true,gold,https://doi.org/10.31234/osf.io/up5wx_v2,Stress Responses and Cortisol; Decision-Making and Behavioral Economics; Neural and Behavioral Psychology Studies,2026-07-14T23:27:15.235271,2026-07-14T23:27:15.235271,openalex_orcid_only,official_orcid_to_openalex_author,high,false,false,,2026-08-29T03:05:51.808Z
unimelb-finance-031,Professor Carsten Murawski,A5077035407,W7171974342,Aversion to Complex Problem-Solving,2026,2026-01-29,10.17605/osf.io/kanfu,https://doi.org/10.17605/osf.io/kanfu,Open MIND,,,,[object Object]; [object Object]; [object Object]; [object Object],4,preprint,0,,,false,true,green,https://doi.org/10.17605/osf.io/kanfu,Neural and Behavioral Psychology Studies; Cognitive and developmental aspects of mathematical skills; Cognitive and psychological constructs research,2026-08-13T07:04:57.449891,2026-08-13T07:04:57.449891,openalex_orcid_only,official_orcid_to_openalex_author,high,false,false,,2026-08-29T03:05:51.808Z
unimelb-finance-036,Dr Hoonsuk Park,A5055036967,W3096736335,Asymmetric Consumption Smoothing,2020,2020-12-28,10.1257/aer.20181735,https://doi.org/10.1257/aer.20181735,American Economic Review,0002-8282,1944-7981,0002-8282; 1944-7981,[object Object]; [object Object]; [object Object]; [object Object],4,article,134,18.3032,0.99443289,false,false,closed,,"Financial Literacy, Pension, Retirement Analysis; Housing Market and Economics; Gender, Labor, and Family Dynamics",2026-08-21T09:56:20.448147,2026-08-21T09:56:20.448147,openalex_orcid_only,official_orcid_to_openalex_author,high,false,false,,2026-08-29T03:05:51.808Z
unimelb-finance-036,Dr Hoonsuk Park,A5055036967,W3121411378,Can Taxes Shape an Industry? Evidence from the Implementation of the “Amazon Tax”,2018,2018-04-20,10.1111/jofi.12687,https://doi.org/10.1111/jofi.12687,The Journal of Finance,0022-1082,1540-6261,0022-1082; 1540-6261,[object Object]; [object Object]; [object Object],3,article,69,7.834,0.97169195,false,false,closed,,Fiscal Policy and Economic Growth; Taxation and Compliance Studies; Corporate Taxation and Avoidance,2026-08-21T09:56:20.448147,2026-08-21T09:56:20.448147,openalex_orcid_only,official_orcid_to_openalex_author,high,false,false,,2026-08-29T03:05:51.808Z
unimelb-finance-036,Dr Hoonsuk Park,A5055036967,W2803217794,Can Taxes Shape an Industry? Evidence from the Implementation of the “Amazon Tax”,2014,2014-04-01,10.3386/w20052,https://doi.org/10.3386/w20052,National Bureau of Economic Research,,,,[object Object]; [object Object]; [object Object],3,report,31,,,false,true,green,https://doi.org/10.3386/w20052,Taxation and Compliance Studies; Corporate Taxation and Avoidance; Fiscal Policy and Economic Growth,2026-08-28T12:50:07.497085,2026-08-28T12:50:07.497085,openalex_orcid_only,official_orcid_to_openalex_author,high,false,false,,2026-08-29T03:05:51.808Z
unimelb-finance-036,Dr Hoonsuk Park,A5055036967,W1601384614,"Disentangling Financial Constraints, Precautionary Savings, and Myopia: Household Behavior Surrounding Federal Tax Returns",2014,2014-01-01,10.3386/w19783,https://doi.org/10.3386/w19783,National Bureau of Economic Research,,,,[object Object]; [object Object]; [object Object],3,report,22,,,false,true,green,https://doi.org/10.3386/w19783,"Financial Literacy, Pension, Retirement Analysis; Housing Market and Economics; Fiscal Policy and Economic Growth",2026-08-04T08:18:43.703281,2026-08-04T08:18:43.703281,openalex_orcid_only,official_orcid_to_openalex_author,high,false,false,,2026-08-29T03:05:51.808Z
unimelb-finance-036,Dr Hoonsuk Park,A5055036967,W3116316970,Firm Uncertainty and Household Spending,2020,2020-01-01,10.2139/ssrn.3669359,https://doi.org/10.2139/ssrn.3669359,SSRN Electronic Journal,1556-5068,,1556-5068,[object Object]; [object Object],2,preprint,9,,,false,true,green,https://doi.org/10.2139/ssrn.3669359,"Financial Literacy, Pension, Retirement Analysis; Monetary Policy and Economic Impact; Housing Market and Economics",2026-08-04T08:18:43.703281,2026-08-04T08:18:43.703281,openalex_orcid_only,official_orcid_to_openalex_author,high,false,false,,2026-08-29T03:05:51.808Z
unimelb-finance-036,Dr Hoonsuk Park,A5055036967,W3003387420,Asymmetric Consumption Smoothing,2018,2018-09-01,10.3386/w25086,https://doi.org/10.3386/w25086,National Bureau of Economic Research,,,,[object Object]; [object Object]; [object Object]; [object Object],4,report,8,,,false,true,green,https://hdl.handle.net/1721.1/134039,"Financial Literacy, Pension, Retirement Analysis; Gender, Labor, and Family Dynamics; Taxation and Compliance Studies",2026-08-13T07:04:57.449891,2026-08-13T07:04:57.449891,openalex_orcid_only,official_orcid_to_openalex_author,high,false,false,,2026-08-29T03:05:51.808Z
unimelb-finance-036,Dr Hoonsuk Park,A5055036967,W2897657326,Three Essays in Household Finance,2017,2017-08-02,,http://rave.ohiolink.edu/etdc/view?acc_num=osu1492511169579377,OhioLink ETD Center (Ohio Library and Information Network),,,,[object Object],1,article,0,0,0.3115718,false,true,green,http://rave.ohiolink.edu/etdc/view?acc_num=osu1492511169579377,"Housing, Finance, and Neoliberalism; Financial Literacy, Pension, Retirement Analysis; Housing Market and Economics",2026-08-18T07:49:30.821534,2026-08-18T07:49:30.821534,openalex_orcid_only,official_orcid_to_openalex_author,high,false,false,,2026-08-29T03:05:51.808Z
unimelb-finance-036,Dr Hoonsuk Park,A5055036967,W3121217964,Asymmetric Consumption Smoothing,2013,2013-01-01,10.2139/ssrn.2370507,https://doi.org/10.2139/ssrn.2370507,SSRN Electronic Journal,1556-5068,,1556-5068,[object Object]; [object Object]; [object Object]; [object Object],4,preprint,0,,,false,true,green,https://doi.org/10.2139/ssrn.2370507,"Financial Literacy, Pension, Retirement Analysis; Fiscal Policy and Economic Growth; Housing Market and Economics",2026-08-21T09:56:20.448147,2026-08-21T09:56:20.448147,openalex_orcid_only,official_orcid_to_openalex_author,high,false,false,,2026-08-29T03:05:51.808Z
unimelb-finance-036,Dr Hoonsuk Park,A5055036967,W3125309440,Can Taxes Shape an Industry? Evidence from the Implementation of the “Amazon Tax”,2014,2014-04-01,,http://www.nber.org/papers/w20052.pdf,RePEc: Research Papers in Economics,,,,[object Object]; [object Object]; [object Object],3,preprint,0,,,false,false,closed,,Corporate Taxation and Avoidance; Taxation and Compliance Studies; Fiscal Policy and Economic Growth,2026-08-11T07:18:39.950985,2026-08-11T07:18:39.950985,openalex_orcid_only,official_orcid_to_openalex_author,high,false,false,,2026-08-29T03:05:51.808Z
unimelb-finance-036,Dr Hoonsuk Park,A5055036967,W4402677616,"Tax Uncertainty, Risk Sharing, and Asset Prices",2024,2024-01-01,10.2139/ssrn.4933467,https://doi.org/10.2139/ssrn.4933467,SSRN Electronic Journal,1556-5068,,1556-5068,[object Object]; [object Object],2,preprint,0,,,false,true,green,https://doi.org/10.2139/ssrn.4933467,"Fiscal Policy and Economic Growth; Financial Literacy, Pension, Retirement Analysis; Corporate Taxation and Avoidance",2026-08-04T08:18:43.703281,2026-08-04T08:18:43.703281,openalex_orcid_only,official_orcid_to_openalex_author,high,false,false,,2026-08-29T03:05:51.808Z
unimelb-finance-036,Dr Hoonsuk Park,A5055036967,W4409762530,"Firm Uncertainty and Households: Spending, Savings, and Risks",2025,2025-01-01,10.2139/ssrn.5223261,https://doi.org/10.2139/ssrn.5223261,SSRN Electronic Journal,1556-5068,,1556-5068,[object Object]; [object Object],2,preprint,0,,,false,true,green,https://doi.org/10.2139/ssrn.5223261,Housing Market and Economics; Insurance and Financial Risk Management,2026-08-04T08:18:43.703281,2026-08-04T08:18:43.703281,openalex_orcid_only,official_orcid_to_openalex_author,high,false,false,,2026-08-29T03:05:51.808Z
unimelb-finance-038,Associate Professor Sean Pinder,A5069636289,W1974976796,Whatwerethey thinking? Reports from interviews with senior finance executives in the lead-up to the GFC,2009,2009-12-05,10.1080/09603100903262533,https://doi.org/10.1080/09603100903262533,Applied Financial Economics,0960-3107,1466-4305,0960-3107; 1466-4305,[object Object]; [object Object],2,article,39,5.8339,0.95640815,false,false,closed,,Risk Management in Financial Firms; Financial Markets and Investment Strategies; Insurance and Financial Risk Management,2026-08-21T09:56:20.448147,2026-08-21T09:56:20.448147,openalex_orcid_only,official_orcid_to_openalex_author,high,false,false,,2026-08-29T03:05:51.808Z
unimelb-finance-038,Associate Professor Sean Pinder,A5069636289,W2050379181,An empirical examination of the impact of market microstructure changes on the determinants of option bid–ask spreads,2003,2003-01-01,10.1016/s1057-5219(03)00063-2,https://doi.org/10.1016/s1057-5219(03)00063-2,International Review of Financial Analysis,1057-5219,1873-8079,1057-5219; 1873-8079,[object Object],1,article,21,1.1207,0.82611522,false,false,closed,,Financial Markets and Investment Strategies; Corporate Finance and Governance; Financial Reporting and Valuation Research,2026-08-21T09:56:20.448147,2026-08-21T09:56:20.448147,openalex_orcid_only,official_orcid_to_openalex_author,high,false,false,,2026-08-29T03:05:51.808Z
unimelb-finance-038,Associate Professor Sean Pinder,A5069636289,W1573003103,A Refutation of the Existence of the Other January Effect*,2007,2007-09-01,10.1111/j.1468-2443.2007.00069.x,https://doi.org/10.1111/j.1468-2443.2007.00069.x,International Review of Finance,1369-412X,1468-2443,1369-412X; 1468-2443,[object Object]; [object Object],2,article,18,1.6072,0.8517573,false,true,bronze,https://onlinelibrary.wiley.com/doi/pdfdirect/10.1111/j.1468-2443.2007.00069.x,Financial Markets and Investment Strategies; Fiscal Policy and Economic Growth; Monetary Policy and Economic Impact,2026-08-25T07:29:55.448023,2026-08-25T07:29:55.448023,openalex_orcid_only,official_orcid_to_openalex_author,high,false,false,,2026-08-29T03:05:51.808Z
unimelb-finance-038,Associate Professor Sean Pinder,A5069636289,W2027073747,The value of liquidity: Evidence from the derivatives market,2000,2000-07-01,10.1016/s0927-538x(00)00018-4,https://doi.org/10.1016/s0927-538x(00)00018-4,Pacific-Basin Finance Journal,0927-538X,1879-0585,0927-538X; 1879-0585,[object Object]; [object Object],2,article,34,4.2769,0.94295466,false,false,closed,,Housing Market and Economics; Financial Markets and Investment Strategies; Credit Risk and Financial Regulations,2026-08-21T09:56:20.448147,2026-08-21T09:56:20.448147,openalex_orcid_only,official_orcid_to_openalex_author,high,false,false,,2026-08-29T03:05:51.808Z
unimelb-finance-038,Associate Professor Sean Pinder,A5069636289,W2065893647,A case study of short-sale constraints and limits to arbitrage,2013,2013-07-12,10.1016/j.jbankfin.2013.07.012,https://doi.org/10.1016/j.jbankfin.2013.07.012,Journal of Banking & Finance,0378-4266,1872-6372,0378-4266; 1872-6372,[object Object]; [object Object]; [object Object],3,article,7,2.3553,0.89592412,false,false,closed,,"Financial Markets and Investment Strategies; Corporate Finance and Governance; Banking stability, regulation, efficiency",2026-08-21T09:56:20.448147,2026-08-21T09:56:20.448147,openalex_orcid_only,official_orcid_to_openalex_author,high,false,false,,2026-08-29T03:05:51.808Z
unimelb-finance-038,Associate Professor Sean Pinder,A5069636289,W3132693298,Measuring the price of Australian water,2021,2021-02-23,10.1177/0312896221992454,https://doi.org/10.1177/0312896221992454,Australian Journal of Management,0312-8962,1327-2020,0312-8962; 1327-2020,[object Object]; [object Object],2,article,4,0.2822,0.51966325,false,false,closed,,Water resources management and optimization; Housing Market and Economics; Electric Power System Optimization,2026-08-28T12:50:07.497085,2026-08-28T12:50:07.497085,openalex_orcid_only,official_orcid_to_openalex_author,high,false,false,,2026-08-29T03:05:51.808Z
unimelb-finance-038,Associate Professor Sean Pinder,A5069636289,W1584944902,The Relation Between Market Liquidity and Anonymity in the Presence of Tick Size Constraints,2012,2012-08-03,10.1002/fut.21580,https://doi.org/10.1002/fut.21580,Journal of Futures Markets,0270-7314,1096-9934,0270-7314; 1096-9934,[object Object]; [object Object]; [object Object],3,article,3,0.714,0.76314524,false,false,closed,,Financial Markets and Investment Strategies; Market Dynamics and Volatility; Monetary Policy and Economic Impact,2026-08-21T09:56:20.448147,2026-08-21T09:56:20.448147,openalex_orcid_only,official_orcid_to_openalex_author,high,false,false,,2026-08-29T03:05:51.808Z
unimelb-finance-038,Associate Professor Sean Pinder,A5069636289,W2010640571,Evidence of managerial opportunism in Australia,2012,2012-07-13,10.1108/10309611211244492,https://doi.org/10.1108/10309611211244492,Accounting Research Journal,1030-9616,1839-5465,1030-9616; 1839-5465,[object Object]; [object Object],2,article,2,1.5582,0.8777489,false,false,closed,,Corporate Finance and Governance; Capital Investment and Risk Analysis; Private Equity and Venture Capital,2026-06-26T08:34:08.712188,2026-06-26T08:34:08.712188,openalex_orcid_only,official_orcid_to_openalex_author,high,false,false,,2026-08-29T03:05:51.808Z
unimelb-finance-038,Associate Professor Sean Pinder,A5069636289,W2246200933,Break Fee Restrictions: Where's the Harm?,2007,2007-01-01,,http://press-files.anu.edu.au/downloads/press/p86911/pdf/14-2-A-3.pdf,RePEc: Research Papers in Economics,,,,[object Object]; [object Object],2,article,4,0,0.29895995,false,false,closed,,Corporate Finance and Governance; Corporate Insolvency and Governance; Private Equity and Venture Capital,2026-08-11T07:18:39.950985,2026-08-11T07:18:39.950985,openalex_orcid_only,official_orcid_to_openalex_author,high,false,false,,2026-08-29T03:05:51.808Z
unimelb-finance-038,Associate Professor Sean Pinder,A5069636289,W2905683278,The impact of net buying pressure on implied volatilities observed from SPI futures options,2005,2005-01-01,,https://research.monash.edu/en/publications/the-impact-of-net-buying-pressure-on-implied-volatilities-observe,,,,,[object Object]; [object Object],2,article,4,0.4276,0.7572894,false,false,closed,,Financial Markets and Investment Strategies; Stochastic processes and financial applications; Capital Investment and Risk Analysis,2026-06-26T08:34:08.712188,2026-06-26T08:34:08.712188,openalex_orcid_only,official_orcid_to_openalex_author,high,false,false,,2026-08-29T03:05:51.808Z
unimelb-finance-038,Associate Professor Sean Pinder,A5069636289,W1985610319,The Pricing of Low Exercise Price Options,1998,1998-12-01,10.1177/031289629802300205,https://doi.org/10.1177/031289629802300205,Australian Journal of Management,0312-8962,1327-2020,0312-8962; 1327-2020,[object Object]; [object Object],2,article,3,0,0.17393447,false,false,closed,,Capital Investment and Risk Analysis; Financial Markets and Investment Strategies; Financial Reporting and Valuation Research,2026-08-26T07:47:46.906454,2026-08-26T07:47:46.906454,openalex_orcid_only,official_orcid_to_openalex_author,high,false,false,,2026-08-29T03:05:51.808Z
unimelb-finance-038,Associate Professor Sean Pinder,A5069636289,W3121974912,"Capital gains tax, supply‐driven trading and ownership structure: direct evidence of the lock‐in effect",2012,2012-01-25,10.1111/j.1467-629x.2012.00471.x,https://doi.org/10.1111/j.1467-629x.2012.00471.x,Accounting and Finance,0810-5391,1467-629X,0810-5391; 1467-629X,[object Object]; [object Object],2,article,3,0,0.59492031,false,false,closed,,"Corporate Taxation and Avoidance; Financial Markets and Investment Strategies; Auditing, Earnings Management, Governance",2026-08-21T09:56:20.448147,2026-08-21T09:56:20.448147,openalex_orcid_only,official_orcid_to_openalex_author,high,false,false,,2026-08-29T03:05:51.808Z
unimelb-finance-038,Associate Professor Sean Pinder,A5069636289,W3014819002,The impact of Australia's income tax system on company ownership structure,2019,2019-01-01,,https://findanexpert.unimelb.edu.au/scholarlywork/1422670-the-impact-of-australia%E2%80%99s-income-tax-system-on-company-ownership-structure,,,,,[object Object]; [object Object],2,article,2,0.4507,0.74673521,false,false,closed,,Corporate Taxation and Avoidance; Corporate Finance and Governance; Private Equity and Venture Capital,2026-06-11T09:08:48.828518,2026-06-11T09:08:48.828518,openalex_orcid_only,official_orcid_to_openalex_author,high,false,false,,2026-08-29T03:05:51.808Z
unimelb-finance-038,Associate Professor Sean Pinder,A5069636289,W3108619494,Flights-to-control: Time variation in the value of a vote,2020,2020-11-24,10.1016/j.jcorpfin.2020.101790,https://doi.org/10.1016/j.jcorpfin.2020.101790,Journal of Corporate Finance,0929-1199,1872-6313,0929-1199; 1872-6313,[object Object]; [object Object]; [object Object],3,article,2,0.3092,0.66157638,false,false,closed,,"Corporate Finance and Governance; Financial Markets and Investment Strategies; Auditing, Earnings Management, Governance",2026-08-28T12:50:07.497085,2026-08-28T12:50:07.497085,openalex_orcid_only,official_orcid_to_openalex_author,high,false,false,,2026-08-29T03:05:51.808Z
unimelb-finance-038,Associate Professor Sean Pinder,A5069636289,W2072314752,"Capital Gains Tax, Supply-Driven Trading and Ownership Structure: Direct Evidence of the Lock-In Effect",2008,2008-01-01,10.2139/ssrn.1246422,https://doi.org/10.2139/ssrn.1246422,SSRN Electronic Journal,1556-5068,,1556-5068,[object Object]; [object Object],2,preprint,3,,,false,true,green,https://doi.org/10.2139/ssrn.1246422,Corporate Taxation and Avoidance; Fiscal Policy and Economic Growth; Corporate Finance and Governance,2026-08-21T09:56:20.448147,2026-08-21T09:56:20.448147,openalex_orcid_only,official_orcid_to_openalex_author,high,false,false,,2026-08-29T03:05:51.808Z
unimelb-finance-038,Associate Professor Sean Pinder,A5069636289,W2117254723,Australian government sector initial public offerings,1996,1996-09-01,10.1080/135048596356050,https://doi.org/10.1080/135048596356050,Applied Economics Letters,1350-4851,1466-4291,1350-4851; 1466-4291,[object Object]; [object Object],2,article,2,0,0.18906473,false,false,closed,,Fiscal Policy and Economic Growth; Corporate Finance and Governance; State Capitalism and Financial Governance,2026-08-15T07:11:24.734988,2026-08-15T07:11:24.734988,openalex_orcid_only,official_orcid_to_openalex_author,high,false,false,,2026-08-29T03:05:51.808Z
unimelb-finance-038,Associate Professor Sean Pinder,A5069636289,W4242532109,A Refutation of the Existence of the Other January Effect,2007,2007-01-01,10.2139/ssrn.1008999,https://doi.org/10.2139/ssrn.1008999,SSRN Electronic Journal,1556-5068,,1556-5068,[object Object]; [object Object],2,preprint,2,,,false,true,green,https://doi.org/10.2139/ssrn.1008999,Paranormal Experiences and Beliefs; Religious Studies and Spiritual Practices; Historical Astronomy and Related Studies,2026-08-26T07:47:46.906454,2026-08-26T07:47:46.906454,openalex_orcid_only,official_orcid_to_openalex_author,high,false,false,,2026-08-29T03:05:51.808Z
unimelb-finance-038,Associate Professor Sean Pinder,A5069636289,W1983217140,The Demutualisation of AMP Society: An Example of the Valuation of Collars Comprising Asian Options,2000,2000-12-01,10.1177/031289620002500303,https://doi.org/10.1177/031289620002500303,Australian Journal of Management,0312-8962,1327-2020,0312-8962; 1327-2020,[object Object]; [object Object],2,article,1,0.8321,0.83612004,false,false,closed,,Financial Reporting and Valuation Research; Corporate Finance and Governance; Capital Investment and Risk Analysis,2026-08-21T09:56:20.448147,2026-08-21T09:56:20.448147,openalex_orcid_only,official_orcid_to_openalex_author,high,false,false,,2026-08-29T03:05:51.808Z
unimelb-finance-038,Associate Professor Sean Pinder,A5069636289,W2035356974,Predicting Reserve Bank of Australia Interest Rate Announcements: Beware of the Target Rate Tracker,2007,2007-03-01,10.1111/j.1467-8462.2007.00448.x,https://doi.org/10.1111/j.1467-8462.2007.00448.x,Australian Economic Review,0004-9018,1467-8462,0004-9018; 1467-8462,[object Object]; [object Object],2,article,1,0.4406,0.76843963,false,false,closed,,Monetary Policy and Economic Impact; Credit Risk and Financial Regulations; Global Financial Crisis and Policies,2026-08-26T07:47:46.906454,2026-08-26T07:47:46.906454,openalex_orcid_only,official_orcid_to_openalex_author,high,false,false,,2026-08-29T03:05:51.808Z
unimelb-finance-038,Associate Professor Sean Pinder,A5069636289,W3112388494,The Value of Liquidity: Evidence from the Derivatives Market,1999,1999-01-01,,http://www.sciencedirect.com/science/article/pii/S0927-538X(00)00018-4,RePEc: Research Papers in Economics,,,,[object Object]; [object Object],2,article,1,1.0377,0.87886758,false,false,closed,,Insurance and Financial Risk Management; Housing Market and Economics; Credit Risk and Financial Regulations,2026-07-01T08:55:40.977307,2026-07-01T08:55:40.977307,openalex_orcid_only,official_orcid_to_openalex_author,high,false,false,,2026-08-29T03:05:51.808Z
unimelb-finance-038,Associate Professor Sean Pinder,A5069636289,W1780915904,Evidence of Managerial Opportunism in an IFRS Environment,2010,2010-01-01,10.2139/ssrn.1672510,https://doi.org/10.2139/ssrn.1672510,SSRN Electronic Journal,1556-5068,,1556-5068,[object Object]; [object Object],2,preprint,0,,,false,true,green,https://doi.org/10.2139/ssrn.1672510,"Auditing, Earnings Management, Governance; Corporate Finance and Governance; Financial Markets and Investment Strategies",2026-08-21T09:56:20.448147,2026-08-21T09:56:20.448147,openalex_orcid_only,official_orcid_to_openalex_author,high,false,false,,2026-08-29T03:05:51.808Z
unimelb-finance-038,Associate Professor Sean Pinder,A5069636289,W2308178784,An Examination of the Australian Wheat Futures Contract,2003,2003-01-01,,https://findanexpert.unimelb.edu.au/scholarlywork/256802-an-examination-of-the-australian-wheat-futures-contract,,,,,[object Object]; [object Object]; [object Object],3,article,0,0,0.21194358,false,false,closed,,Insurance and Financial Risk Management,2026-06-11T09:08:48.828518,2026-06-11T09:08:48.828518,openalex_orcid_only,official_orcid_to_openalex_author,high,false,false,,2026-08-29T03:05:51.808Z
unimelb-finance-038,Associate Professor Sean Pinder,A5069636289,W3001361291,Dealing with dividend dilemmas,2006,2006-01-01,,https://findanexpert.unimelb.edu.au/scholarlywork/285978-dealing-with-dividend-dilemmas,,,,,[object Object]; [object Object],2,article,0,0,0.37227383,false,false,closed,,Healthcare Policy and Management,2026-06-11T09:08:48.828518,2026-06-11T09:08:48.828518,openalex_orcid_only,official_orcid_to_openalex_author,high,false,false,,2026-08-29T03:05:51.808Z
unimelb-finance-038,Associate Professor Sean Pinder,A5069636289,W3033195115,Capturing value with real options,2005,2005-01-01,,https://findanexpert.unimelb.edu.au/scholarlywork/271069-capturing-value-with-real-options,,,,,[object Object]; [object Object],2,article,0,0,0.45219285,false,false,closed,,Capital Investment and Risk Analysis,2026-06-11T09:08:48.828518,2026-06-11T09:08:48.828518,openalex_orcid_only,official_orcid_to_openalex_author,high,false,false,,2026-08-29T03:05:51.808Z
unimelb-finance-038,Associate Professor Sean Pinder,A5069636289,W3046681634,Limits to Arbitrage: Empirical Evidence,2011,2011-01-01,10.2139/ssrn.1911143,https://doi.org/10.2139/ssrn.1911143,SSRN Electronic Journal,1556-5068,,1556-5068,[object Object]; [object Object]; [object Object],3,preprint,0,,,false,true,green,https://doi.org/10.2139/ssrn.1911143,Corporate Finance and Governance; Financial Markets and Investment Strategies,2026-07-14T23:27:15.235271,2026-07-14T23:27:15.235271,openalex_orcid_only,official_orcid_to_openalex_author,high,false,false,,2026-08-29T03:05:51.808Z
unimelb-finance-038,Associate Professor Sean Pinder,A5069636289,W3155747598,Market Structure and its Effects on the Pricing of Derivative Securities in Australia,2017,2017-01-01,10.4225/03/5938ad006a31f,https://doi.org/10.4225/03/5938ad006a31f,Figshare,,,,[object Object]; [object Object],2,article,0,0,0.21643256,false,true,green,https://figshare.com/articles/journal_contribution/Market_Structure_and_its_Effects_on_the_Pricing_of_Derivative_Securities_in_Australia/5090326,Insurance and Financial Risk Management,2026-08-26T07:47:46.906454,2026-08-26T07:47:46.906454,openalex_orcid_only,official_orcid_to_openalex_author,high,false,false,,2026-08-29T03:05:51.808Z
unimelb-finance-038,Associate Professor Sean Pinder,A5069636289,W4236775153,The Relation between Market Liquidity and Anonymity in the Presence of Tick Size Constraints,2010,2010-01-01,10.2139/ssrn.1660816,https://doi.org/10.2139/ssrn.1660816,SSRN Electronic Journal,1556-5068,,1556-5068,[object Object]; [object Object]; [object Object],3,preprint,0,,,false,true,green,https://doi.org/10.2139/ssrn.1660816,"Corporate Finance and Governance; Financial Markets and Investment Strategies; Auditing, Earnings Management, Governance",2026-07-14T23:27:15.235271,2026-07-14T23:27:15.235271,openalex_orcid_only,official_orcid_to_openalex_author,high,false,false,,2026-08-29T03:05:51.808Z
unimelb-finance-038,Associate Professor Sean Pinder,A5069636289,W4241215555,The Relation between Market Liquidity and Anonymity in the Presence of Tick Size Constraints,2010,2010-01-01,10.2139/ssrn.1640926,https://doi.org/10.2139/ssrn.1640926,SSRN Electronic Journal,1556-5068,,1556-5068,[object Object]; [object Object]; [object Object],3,preprint,0,,,false,true,green,https://doi.org/10.2139/ssrn.1640926,Financial Markets and Investment Strategies; Monetary Policy and Economic Impact; Market Dynamics and Volatility,2026-08-21T09:56:20.448147,2026-08-21T09:56:20.448147,openalex_orcid_only,official_orcid_to_openalex_author,high,false,false,,2026-08-29T03:05:51.808Z
unimelb-finance-038,Associate Professor Sean Pinder,A5069636289,W4396711630,Daily Entry and Exit Triggers for Open Market Repurchases,2024,2024-01-01,10.2139/ssrn.4819128,https://doi.org/10.2139/ssrn.4819128,SSRN Electronic Journal,1556-5068,,1556-5068,[object Object]; [object Object],2,preprint,0,,,false,true,green,https://doi.org/10.2139/ssrn.4819128,"Corporate Finance and Governance; Financial Markets and Investment Strategies; Auditing, Earnings Management, Governance",2026-08-21T09:56:20.448147,2026-08-21T09:56:20.448147,openalex_orcid_only,official_orcid_to_openalex_author,high,false,false,,2026-08-29T03:05:51.808Z
unimelb-finance-038,Associate Professor Sean Pinder,A5069636289,W4404217139,Supporting Peer Feedback at Scale,2024,2024-11-10,10.14742/apubs.2024.1140,https://doi.org/10.14742/apubs.2024.1140,ASCILITE Publications,2653-665X,,2653-665X,[object Object]; [object Object]; [object Object],3,article,0,0,0.20350985,false,true,diamond,https://doi.org/10.14742/apubs.2024.1140,Innovative Teaching and Learning Methods; Educational and Psychological Assessments; Student Assessment and Feedback,2026-08-21T09:56:20.448147,2026-08-21T09:56:20.448147,openalex_orcid_only,official_orcid_to_openalex_author,high,false,false,,2026-08-29T03:05:51.808Z
unimelb-finance-038,Associate Professor Sean Pinder,A5069636289,W4413535824,"Woolworths chief Brad Banducci couldn’t give senators his company’s ‘return on equity’. What exactly is this figure, and what can it tell us about a company’s profit?",2024,2024-04-16,10.64628/aa.97evrqwvp,https://doi.org/10.64628/aa.97evrqwvp,,,,,[object Object],1,other,0,,,false,false,closed,,Artificial Intelligence Applications; Political and Economic history of UK and US,2026-07-14T23:27:15.235271,2026-07-14T23:27:15.235271,openalex_orcid_only,official_orcid_to_openalex_author,high,false,false,,2026-08-29T03:05:51.808Z
unimelb-finance-038,Associate Professor Sean Pinder,A5069636289,W4413535838,What’s an initial public offering?,2024,2024-06-06,10.64628/aa.uktfegp6v,https://doi.org/10.64628/aa.uktfegp6v,,,,,[object Object],1,other,0,,,false,false,closed,,Nonprofit Sector and Volunteering,2026-07-14T23:27:15.235271,2026-07-14T23:27:15.235271,openalex_orcid_only,official_orcid_to_openalex_author,high,false,false,,2026-08-29T03:05:51.808Z
unimelb-finance-038,Associate Professor Sean Pinder,A5069636289,W4413542643,"Yes, you can borrow money to invest in shares. But it comes with big risks",2024,2024-08-28,10.64628/aa.k6nsjv9eu,https://doi.org/10.64628/aa.k6nsjv9eu,,,,,[object Object],1,other,0,,,false,false,closed,,"Biotechnology and Related Fields; Science, Research, and Medicine; State Capitalism and Financial Governance",2026-07-14T23:27:15.235271,2026-07-14T23:27:15.235271,openalex_orcid_only,official_orcid_to_openalex_author,high,false,false,,2026-08-29T03:05:51.808Z
unimelb-finance-038,Associate Professor Sean Pinder,A5069636289,W7128609656,Market Structure and its Effects on the Pricing of Derivative Securities in Australia,2017,2017-01-01,10.26180/5090326,https://doi.org/10.26180/5090326,Monash University,,,,[object Object]; [object Object],2,article,0,0,0.71674223,false,true,green,https://doi.org/10.26180/5090326,Corporate Finance and Governance; Financial Markets and Investment Strategies; Risk Management in Financial Firms,2026-07-01T06:00:48.157686,2026-07-01T06:00:48.157686,openalex_orcid_only,official_orcid_to_openalex_author,high,false,false,,2026-08-29T03:05:51.808Z
unimelb-finance-038,Associate Professor Sean Pinder,A5069636289,W7128624298,Market Structure and its Effects on the Pricing of Derivative Securities in Australia,2017,2017-01-01,10.26180/5090326.v1,https://doi.org/10.26180/5090326.v1,Monash University,,,,[object Object]; [object Object],2,article,0,0,0.71715068,false,true,green,https://doi.org/10.26180/5090326.v1,Corporate Finance and Governance; Financial Markets and Investment Strategies; Risk Management in Financial Firms,2026-07-01T06:00:48.157686,2026-07-01T06:00:48.157686,openalex_orcid_only,official_orcid_to_openalex_author,high,false,false,,2026-08-29T03:05:51.808Z
unimelb-finance-038,Associate Professor Sean Pinder,A5069636289,W7162810726,Shaping the Future of Finance Education: Evidence from a National Survey of Australian Finance Academics,2026,2026-01-01,10.2139/ssrn.6791738,https://doi.org/10.2139/ssrn.6791738,SSRN Electronic Journal,1556-5068,,1556-5068,[object Object]; [object Object]; [object Object]; [object Object]; [object Object]; [object Object]; [object Object]; [object Object],8,preprint,0,,,false,true,green,https://doi.org/10.2139/ssrn.6791738,Accounting Education and Careers; Artificial Intelligence Applications; Innovations in Educational Methods,2026-08-21T09:56:20.448147,2026-08-21T09:56:20.448147,openalex_orcid_only,official_orcid_to_openalex_author,high,false,false,,2026-08-29T03:05:51.808Z
unimelb-finance-042,Associate Professor Ekaterina Volkova,A5030194266,W3122447729,Initial Public Offerings: A Synthesis of the Literature and Directions for Future Research,2017,2017-11-28,10.1561/0500000050,https://doi.org/10.1561/0500000050,Foundations and Trends® in Finance,1567-2395,1567-2409,1567-2395; 1567-2409,[object Object]; [object Object]; [object Object],3,article,224,35.1063,0.99775647,false,true,diamond,https://doi.org/10.1561/0500000050,Corporate Finance and Governance; Private Equity and Venture Capital,2026-08-21T09:56:20.448147,2026-08-21T09:56:20.448147,openalex_orcid_only,official_orcid_to_openalex_author,high,false,false,,2026-08-29T03:05:51.808Z
unimelb-finance-042,Associate Professor Ekaterina Volkova,A5030194266,W3122128677,Information Revealed through the Regulatory Process: Interactions between the SEC and Companies ahead of Their IPO,2020,2020-01-16,10.1093/rfs/hhaa007,https://doi.org/10.1093/rfs/hhaa007,Review of Financial Studies,0893-9454,1465-7368,0893-9454; 1465-7368,[object Object]; [object Object]; [object Object],3,article,121,14.2703,0.99107162,false,false,closed,,"Auditing, Earnings Management, Governance; Corporate Finance and Governance; Financial Markets and Investment Strategies",2026-08-21T09:56:20.448147,2026-08-21T09:56:20.448147,openalex_orcid_only,official_orcid_to_openalex_author,high,false,false,,2026-08-29T03:05:51.808Z
unimelb-finance-042,Associate Professor Ekaterina Volkova,A5030194266,W4406976454,Regulatory Fragmentation,2025,2025-01-30,10.1111/jofi.13423,https://doi.org/10.1111/jofi.13423,The Journal of Finance,0022-1082,1540-6261,0022-1082; 1540-6261,[object Object]; [object Object]; [object Object],3,article,51,47.6123,0.99892393,false,true,bronze,https://onlinelibrary.wiley.com/doi/pdfdirect/10.1111/jofi.13423,Political Influence and Corporate Strategies,2026-08-28T12:50:07.497085,2026-08-28T12:50:07.497085,openalex_orcid_only,official_orcid_to_openalex_author,high,false,false,,2026-08-29T03:05:51.808Z
unimelb-finance-042,Associate Professor Ekaterina Volkova,A5030194266,W4396731747,Is Blockholder Diversity Detrimental?,2024,2024-05-08,10.1287/mnsc.2023.00528,https://doi.org/10.1287/mnsc.2023.00528,Management Science,0025-1909,1526-5501,0025-1909; 1526-5501,[object Object]; [object Object],2,article,30,19.9455,0.9944514,false,false,closed,,Corporate Finance and Governance; Gender Diversity and Inequality; Corporate Social Responsibility Reporting,2026-08-26T07:47:46.906454,2026-08-26T07:47:46.906454,openalex_orcid_only,official_orcid_to_openalex_author,high,false,false,,2026-08-29T03:05:51.808Z
unimelb-finance-042,Associate Professor Ekaterina Volkova,A5030194266,W4411826878,Methods for Managing Stand Development under Clear-Cutting Operations,2025,2025-01-01,10.15393/j2.art.2025.8563,https://doi.org/10.15393/j2.art.2025.8563,Resources and Technology,2307-0048,,2307-0048,[object Object]; [object Object]; [object Object]; [object Object]; [object Object],5,article,1,0.4082,0.51608902,false,true,diamond,https://doi.org/10.15393/j2.art.2025.8563,Forest Biomass Utilization and Management; Bioenergy crop production and management; Forest ecology and management,2026-08-22T07:34:49.880490,2026-08-22T07:34:49.880490,openalex_orcid_only,official_orcid_to_openalex_author,high,false,false,,2026-08-29T03:05:51.808Z
unimelb-finance-042,Associate Professor Ekaterina Volkova,A5030194266,W3122675261,Is Blockholder Diversity Detrimental?,2020,2020-01-01,10.2139/ssrn.3621939,https://doi.org/10.2139/ssrn.3621939,SSRN Electronic Journal,1556-5068,,1556-5068,[object Object]; [object Object],2,preprint,17,,,false,true,green,https://doi.org/10.2139/ssrn.3621939,"Corporate Finance and Governance; Auditing, Earnings Management, Governance; Gender Diversity and Inequality",2026-08-04T08:18:43.703281,2026-08-04T08:18:43.703281,openalex_orcid_only,official_orcid_to_openalex_author,high,false,false,,2026-08-29T03:05:51.808Z
unimelb-finance-042,Associate Professor Ekaterina Volkova,A5030194266,W2586901152,Initial Public Offerings: A Synthesis of the Literature and Directions for Future Research,2017,2017-01-01,10.2139/ssrn.2912354,https://doi.org/10.2139/ssrn.2912354,SSRN Electronic Journal,1556-5068,,1556-5068,[object Object]; [object Object]; [object Object],3,preprint,16,,,false,true,green,https://doi.org/10.2139/ssrn.2912354,"Corporate Finance and Governance; Private Equity and Venture Capital; Auditing, Earnings Management, Governance",2026-08-21T09:56:20.448147,2026-08-21T09:56:20.448147,openalex_orcid_only,official_orcid_to_openalex_author,high,false,false,,2026-08-29T03:05:51.808Z
unimelb-finance-042,Associate Professor Ekaterina Volkova,A5030194266,W2766035071,Blockholders Diversity: Effect of Polyphony on the Power of Monitoring,2017,2017-01-01,10.2139/ssrn.3047469,https://doi.org/10.2139/ssrn.3047469,SSRN Electronic Journal,1556-5068,,1556-5068,[object Object],1,preprint,12,,,false,true,green,https://doi.org/10.2139/ssrn.3047469,"Corporate Finance and Governance; Auditing, Earnings Management, Governance; Financial Markets and Investment Strategies",2026-08-21T09:56:20.448147,2026-08-21T09:56:20.448147,openalex_orcid_only,official_orcid_to_openalex_author,high,false,false,,2026-08-29T03:05:51.808Z
unimelb-finance-042,Associate Professor Ekaterina Volkova,A5030194266,W2500504190,Information Revelation Through Regulatory Process: Interactions Between the SEC and Companies Ahead of the IPO,2016,2016-01-01,10.2139/ssrn.2802599,https://doi.org/10.2139/ssrn.2802599,SSRN Electronic Journal,1556-5068,,1556-5068,[object Object]; [object Object]; [object Object],3,preprint,10,,,false,true,green,https://doi.org/10.2139/ssrn.2802599,"Corporate Finance and Governance; Auditing, Earnings Management, Governance; Financial Markets and Investment Strategies",2026-08-21T09:56:20.448147,2026-08-21T09:56:20.448147,openalex_orcid_only,official_orcid_to_openalex_author,high,false,false,,2026-08-29T03:05:51.808Z
unimelb-finance-042,Associate Professor Ekaterina Volkova,A5030194266,W3146782923,Regulatory Fragmentation,2021,2021-01-01,10.2139/ssrn.3802888,https://doi.org/10.2139/ssrn.3802888,SSRN Electronic Journal,1556-5068,,1556-5068,[object Object]; [object Object]; [object Object],3,preprint,6,,,false,true,green,https://doi.org/10.2139/ssrn.3802888,"Corporate Finance and Governance; Political Influence and Corporate Strategies; Banking stability, regulation, efficiency",2026-08-21T09:56:20.448147,2026-08-21T09:56:20.448147,openalex_orcid_only,official_orcid_to_openalex_author,high,false,false,,2026-08-29T03:05:51.808Z
unimelb-finance-042,Associate Professor Ekaterina Volkova,A5030194266,W4386214242,Antitrust Enforcement Increases Economic Activity,2023,2023-08-01,10.3386/w31597,https://doi.org/10.3386/w31597,National Bureau of Economic Research,,,,[object Object]; [object Object]; [object Object]; [object Object]; [object Object],5,report,6,,,false,true,green,https://doi.org/10.3386/w31597,Merger and Competition Analysis,2026-08-18T07:49:30.821534,2026-08-18T07:49:30.821534,openalex_orcid_only,official_orcid_to_openalex_author,high,false,false,,2026-08-29T03:05:51.808Z
unimelb-finance-042,Associate Professor Ekaterina Volkova,A5030194266,W4386089729,Antitrust Enforcement Increases Economic Activity,2023,2023-01-01,10.2139/ssrn.4539741,https://doi.org/10.2139/ssrn.4539741,SSRN Electronic Journal,1556-5068,,1556-5068,[object Object]; [object Object]; [object Object]; [object Object]; [object Object],5,preprint,4,,,false,true,green,https://doi.org/10.2139/ssrn.4539741,Merger and Competition Analysis,2026-08-26T07:47:46.906454,2026-08-26T07:47:46.906454,openalex_orcid_only,official_orcid_to_openalex_author,high,false,false,,2026-08-29T03:05:51.808Z
unimelb-finance-042,Associate Professor Ekaterina Volkova,A5030194266,W3124983382,Information Revelation Through Regulatory Process: Interactions Between the SEC and Companies Ahead of the IPO,2019,2019-09-01,,https://EconPapers.repec.org/RePEc:chf:rpseri:rp1947,RePEc: Research Papers in Economics,,,,[object Object]; [object Object]; [object Object],3,preprint,3,,,false,false,closed,,"Auditing, Earnings Management, Governance",2026-06-11T09:08:48.828518,2026-06-11T09:08:48.828518,openalex_orcid_only,official_orcid_to_openalex_author,high,false,false,,2026-08-29T03:05:51.808Z
unimelb-finance-042,Associate Professor Ekaterina Volkova,A5030194266,W4386298717,Antitrust Enforcement Increases Economic Activity,2023,2023-01-01,10.2139/ssrn.4553602,https://doi.org/10.2139/ssrn.4553602,SSRN Electronic Journal,1556-5068,,1556-5068,[object Object]; [object Object]; [object Object]; [object Object]; [object Object],5,preprint,3,,,false,true,green,https://doi.org/10.2139/ssrn.4553602,Merger and Competition Analysis,2026-08-21T09:56:20.448147,2026-08-21T09:56:20.448147,openalex_orcid_only,official_orcid_to_openalex_author,high,false,false,,2026-08-29T03:05:51.808Z
unimelb-finance-042,Associate Professor Ekaterina Volkova,A5030194266,W2528639927,Can VPIN Forecast Geopolitical Events? Evidence from the 2014 Crimean Crisis,2016,2016-01-01,10.2139/ssrn.2828697,https://doi.org/10.2139/ssrn.2828697,SSRN Electronic Journal,1556-5068,,1556-5068,[object Object]; [object Object],2,preprint,1,,,false,true,green,https://doi.org/10.2139/ssrn.2828697,Market Dynamics and Volatility; Financial Markets and Investment Strategies; Financial Risk and Volatility Modeling,2026-08-04T08:18:43.703281,2026-08-04T08:18:43.703281,openalex_orcid_only,official_orcid_to_openalex_author,high,false,false,,2026-08-29T03:05:51.808Z
unimelb-finance-042,Associate Professor Ekaterina Volkova,A5030194266,W2761061048,Three Essay in Corporate Finance,2017,2017-01-01,10.7298/x4n29v2h,https://doi.org/10.7298/x4n29v2h,eCommons (Cornell University),,,,[object Object],1,dissertation,0,,,false,true,green,https://hdl.handle.net/1813/51603,Financial Reporting and Valuation Research,2026-08-08T01:25:22.217667,2026-08-08T01:25:22.217667,openalex_orcid_only,official_orcid_to_openalex_author,high,false,false,,2026-08-29T03:05:51.808Z
unimelb-finance-042,Associate Professor Ekaterina Volkova,A5030194266,W2950881930,Watch Your Basket - To Determine CEO Compensation,2017,2017-01-01,10.2139/ssrn.3014572,https://doi.org/10.2139/ssrn.3014572,SSRN Electronic Journal,1556-5068,,1556-5068,[object Object]; [object Object]; [object Object]; [object Object],4,preprint,0,,,false,true,green,https://doi.org/10.2139/ssrn.3014572,Corporate Finance and Governance; Corporate Insolvency and Governance; Corporate Governance and Law,2026-08-21T09:56:20.448147,2026-08-21T09:56:20.448147,openalex_orcid_only,official_orcid_to_openalex_author,high,false,false,,2026-08-29T03:05:51.808Z
unimelb-finance-042,Associate Professor Ekaterina Volkova,A5030194266,W4213247689,4.1. THE ROLE OF THE CORPORATE SECTOR OF THE ECONOMY IN ENSURING THE STABILITY OF THE FINANCIAL SYSTEM OF THE REGION: ON THE EXAMPLE OF THE NORTH-WESTERN FEDERAL DISTRICT,2021,2021-06-30,10.38097/afa.2021.74.95.036,https://doi.org/10.38097/afa.2021.74.95.036,Audit and Financial Analysis,2618-9828,2618-9836,2618-9828; 2618-9836,[object Object]; [object Object]; [object Object],3,article,0,0,0.4096004,false,true,diamond,https://doi.org/10.38097/afa.2021.74.95.036,Economic Systems and Logistics Management; Economic and Technological Developments in Russia; Regional Economic Development and Innovation,2026-06-11T09:08:48.828518,2026-06-11T09:08:48.828518,openalex_orcid_only,official_orcid_to_openalex_author,high,false,false,,2026-08-29T03:05:51.808Z
unimelb-finance-042,Associate Professor Ekaterina Volkova,A5030194266,W4405053217,Lobbying Congress versus Agencies,2024,2024-01-01,10.2139/ssrn.5006884,https://doi.org/10.2139/ssrn.5006884,SSRN Electronic Journal,1556-5068,,1556-5068,[object Object]; [object Object],2,preprint,0,,,false,true,green,https://doi.org/10.2139/ssrn.5006884,Political Influence and Corporate Strategies,2026-08-21T09:56:20.448147,2026-08-21T09:56:20.448147,openalex_orcid_only,official_orcid_to_openalex_author,high,false,false,,2026-08-29T03:05:51.808Z
unimelb-finance-042,Associate Professor Ekaterina Volkova,A5030194266,W7167498009,Him Too? Analyzing the Effects of Epstein Connections,2026,2026-01-01,10.2139/ssrn.6482832,https://doi.org/10.2139/ssrn.6482832,SSRN Electronic Journal,1556-5068,,1556-5068,[object Object]; [object Object]; [object Object],3,preprint,0,,,false,true,green,https://doi.org/10.2139/ssrn.6482832,"Corporate Finance and Governance; Auditing, Earnings Management, Governance; Corporate Social Responsibility Reporting",2026-08-21T09:56:20.448147,2026-08-21T09:56:20.448147,openalex_orcid_only,official_orcid_to_openalex_author,high,false,false,,2026-08-29T03:05:51.808Z
unimelb-finance-042,Associate Professor Ekaterina Volkova,A5030194266,W7162810726,Shaping the Future of Finance Education: Evidence from a National Survey of Australian Finance Academics,2026,2026-01-01,10.2139/ssrn.6791738,https://doi.org/10.2139/ssrn.6791738,SSRN Electronic Journal,1556-5068,,1556-5068,[object Object]; [object Object]; [object Object]; [object Object]; [object Object]; [object Object]; [object Object]; [object Object],8,preprint,0,,,false,true,green,https://doi.org/10.2139/ssrn.6791738,Accounting Education and Careers; Artificial Intelligence Applications; Innovations in Educational Methods,2026-08-21T09:56:20.448147,2026-08-21T09:56:20.448147,openalex_orcid_only,official_orcid_to_openalex_author,high,false,false,,2026-08-29T03:05:51.808Z
unimelb-finance-044,Dr Nitin Yadav,A5022695584,W4405803596,Current Applications of Machine Learning in Additive Manufacturing: A Review on Challenges and Future Trends,2024,2024-12-26,10.1007/s11831-024-10215-2,https://doi.org/10.1007/s11831-024-10215-2,Archives of Computational Methods in Engineering,1134-3060,1886-1784,1134-3060; 1886-1784,[object Object]; [object Object]; [object Object]; [object Object]; [object Object]; [object Object],6,article,27,3.0381,0.92319682,false,false,closed,,Additive Manufacturing and 3D Printing Technologies; Additive Manufacturing Materials and Processes; Manufacturing Process and Optimization,2026-08-28T12:50:07.497085,2026-08-28T12:50:07.497085,openalex_orcid_only,official_orcid_to_openalex_author,high,false,false,,2026-08-29T03:05:51.808Z
unimelb-finance-044,Dr Nitin Yadav,A5022695584,W4407086637,Shaping the future: latest developments in 3D printing stimuli-responsive soft polymers,2025,2025-02-01,10.1007/s00170-025-15095-9,https://doi.org/10.1007/s00170-025-15095-9,The International Journal of Advanced Manufacturing Technology,0268-3768,1433-3015,0268-3768; 1433-3015,[object Object]; [object Object]; [object Object]; [object Object]; [object Object]; [object Object]; [object Object],7,article,15,4.3624,0.9521099,false,false,closed,,Polymer composites and self-healing; Advanced Materials and Mechanics; Additive Manufacturing and 3D Printing Technologies,2026-08-28T12:50:07.497085,2026-08-28T12:50:07.497085,openalex_orcid_only,official_orcid_to_openalex_author,high,false,false,,2026-08-29T03:05:51.808Z
unimelb-finance-044,Dr Nitin Yadav,A5022695584,W1453681755,A framework for modelling tactical decision-making in autonomous systems,2015,2015-09-07,10.1016/j.jss.2015.08.046,https://doi.org/10.1016/j.jss.2015.08.046,Journal of Systems and Software,0164-1212,1873-1228,0164-1212; 1873-1228,[object Object]; [object Object]; [object Object]; [object Object],4,article,23,5.5632,0.95757607,false,true,green,https://figshare.com/articles/journal_contribution/A_framework_for_modelling_tactical_decision-making_in_autonomous_systems/27481272,AI-based Problem Solving and Planning; Multi-Agent Systems and Negotiation; Advanced Software Engineering Methodologies,2026-08-21T09:56:20.448147,2026-08-21T09:56:20.448147,openalex_orcid_only,official_orcid_to_openalex_author,high,false,false,,2026-08-29T03:05:51.808Z
unimelb-finance-044,Dr Nitin Yadav,A5022695584,W3196960964,Generic properties of a computational task predict human effort and performance,2021,2021-09-01,10.1016/j.jmp.2021.102592,https://doi.org/10.1016/j.jmp.2021.102592,Journal of Mathematical Psychology,0022-2496,1096-0880,0022-2496; 1096-0880,[object Object]; [object Object]; [object Object]; [object Object],4,article,23,2.0839,0.86901984,false,false,closed,,Multi-Criteria Decision Making; Decision-Making and Behavioral Economics; Bayesian Modeling and Causal Inference,2026-08-28T12:50:07.497085,2026-08-28T12:50:07.497085,openalex_orcid_only,official_orcid_to_openalex_author,high,false,false,,2026-08-29T03:05:51.808Z
unimelb-finance-044,Dr Nitin Yadav,A5022695584,W2330623446,Probiotic Efficacy and Potential of Streptococcus thermophilus modulating human health: A synoptic review,2014,2014-01-01,10.9790/3008-09325258,https://doi.org/10.9790/3008-09325258,IOSR Journal of Pharmacy and Biological Sciences,2278-3008,2319-7676,2278-3008; 2319-7676,[object Object]; [object Object]; [object Object]; [object Object]; [object Object]; [object Object]; [object Object]; [object Object],8,article,20,0.8738,0.80645484,false,true,bronze,https://doi.org/10.9790/3008-09325258,Probiotics and Fermented Foods; Gut microbiota and health; Digestive system and related health,2026-08-28T12:50:07.497085,2026-08-28T12:50:07.497085,openalex_orcid_only,official_orcid_to_openalex_author,high,false,false,,2026-08-29T03:05:51.808Z
unimelb-finance-044,Dr Nitin Yadav,A5022695584,W1608132195,Behavior Composition as Fully Observable Non-Deterministic Planning,2013,2013-06-02,10.1609/icaps.v23i1.13547,https://doi.org/10.1609/icaps.v23i1.13547,Proceedings of the International Conference on Automated Planning and Scheduling,2334-0835,2334-0843,2334-0835; 2334-0843,[object Object]; [object Object]; [object Object],3,conference-paper,15,3.0076,0.91377809,false,true,diamond,https://ojs.aaai.org/index.php/ICAPS/article/download/13547/13396,Formal Methods in Verification; Model-Driven Software Engineering Techniques; Software Testing and Debugging Techniques,2026-08-26T07:47:46.906454,2026-08-26T07:47:46.906454,openalex_orcid_only,official_orcid_to_openalex_author,high,false,false,,2026-08-29T03:05:51.808Z
unimelb-finance-044,Dr Nitin Yadav,A5022695584,W2604820666,18F-FDG PET/CT of Tuberculosis Meningitis and Carotid Pseudoaneurysm,2017,2017-04-08,10.1097/rlu.0000000000001651,https://doi.org/10.1097/rlu.0000000000001651,Clinical Nuclear Medicine,0363-9762,1536-0229,0363-9762; 1536-0229,[object Object]; [object Object]; [object Object]; [object Object]; [object Object],5,article,15,1.9035,0.85094493,false,false,closed,,Infectious Diseases and Tuberculosis; Infectious Aortic and Vascular Conditions; Infective Endocarditis Diagnosis and Management,2026-08-21T09:56:20.448147,2026-08-21T09:56:20.448147,openalex_orcid_only,official_orcid_to_openalex_author,high,false,false,,2026-08-29T03:05:51.808Z
unimelb-finance-044,Dr Nitin Yadav,A5022695584,W1736323000,Supremal realizability of behaviors with uncontrollable exogenous events,2013,2013-08-03,10.5555/2540128.2540297,https://doi.org/10.5555/2540128.2540297,RMIT Research Repository (RMIT University Library),,,,[object Object]; [object Object]; [object Object]; [object Object],4,article,13,2.8585,0.9022282,false,true,green,https://figshare.com/articles/conference_contribution/Supremal_realizability_of_behaviors_with_uncontrollable_exogenous_events/27385308,Formal Methods in Verification; Petri Nets in System Modeling; Model-Driven Software Engineering Techniques,2026-08-26T07:47:46.906454,2026-08-26T07:47:46.906454,openalex_orcid_only,official_orcid_to_openalex_author,high,false,false,,2026-08-29T03:05:51.808Z
unimelb-finance-044,Dr Nitin Yadav,A5022695584,W2117853997,Qualitative Approximate Behavior Composition,2012,2012-01-01,10.1007/978-3-642-33353-8_35,https://doi.org/10.1007/978-3-642-33353-8_35,Lecture notes in computer science,0302-9743,1611-3349,0302-9743; 1611-3349,[object Object]; [object Object],2,conference-paper,6,1.4344,0.79275124,false,false,closed,,Formal Methods in Verification; Petri Nets in System Modeling; Software Reliability and Analysis Research,2026-08-27T14:10:00.468798,2026-08-27T14:10:00.468798,openalex_orcid_only,official_orcid_to_openalex_author,high,false,false,,2026-08-29T03:05:51.808Z
unimelb-finance-044,Dr Nitin Yadav,A5022695584,W1485173463,Transient versus surgically managed small bowel intussusception in children: Role of ultrasound,2015,2015-04-01,10.4103/0189-6725.160368,https://doi.org/10.4103/0189-6725.160368,African Journal of Paediatric Surgery,0189-6725,0974-5998,0189-6725; 0974-5998,[object Object]; [object Object]; [object Object]; [object Object]; [object Object]; [object Object],6,article,17,1.1416,0.77135268,false,true,gold,https://doi.org/10.4103/0189-6725.160368,Gastrointestinal disorders and treatments; Gastrointestinal Tumor Research and Treatment; Intraperitoneal and Appendiceal Malignancies,2026-08-21T09:56:20.448147,2026-08-21T09:56:20.448147,openalex_orcid_only,official_orcid_to_openalex_author,high,false,false,,2026-08-29T03:05:51.808Z
unimelb-finance-044,Dr Nitin Yadav,A5022695584,W2736146816,A new Hierarchical Agent Protocol Notation,2017,2017-07-10,10.1007/s10458-017-9373-9,https://doi.org/10.1007/s10458-017-9373-9,Autonomous Agents and Multi-Agent Systems,1387-2532,1573-7454,1387-2532; 1573-7454,[object Object]; [object Object]; [object Object],3,article,15,6.395,0.96654156,false,true,green,https://figshare.com/articles/journal_contribution/A_new_Hierarchical_Agent_Protocol_Notation/27368925,Service-Oriented Architecture and Web Services; Mobile Agent-Based Network Management; Petri Nets in System Modeling,2026-08-21T09:56:20.448147,2026-08-21T09:56:20.448147,openalex_orcid_only,official_orcid_to_openalex_author,high,false,false,,2026-08-29T03:05:51.808Z
unimelb-finance-044,Dr Nitin Yadav,A5022695584,W2963628336,Supervisory Control for Behavior Composition,2017,2017-01-01,10.1109/tac.2016.2570748,https://doi.org/10.1109/tac.2016.2570748,Archivio istituzionale della ricerca (Alma Mater Studiorum Università di Bologna),,,,[object Object]; [object Object]; [object Object],3,article,12,1.0627,0.80524198,false,true,green,https://ieeexplore.ieee.org/document/7473906,Petri Nets in System Modeling; Business Process Modeling and Analysis; Distributed systems and fault tolerance,2026-07-19T05:54:51.957546,2026-07-19T05:54:51.957546,openalex_orcid_only,official_orcid_to_openalex_author,high,false,false,,2026-08-29T03:05:51.808Z
unimelb-finance-044,Dr Nitin Yadav,A5022695584,W180354748,Decision theoretic behavior composition,2011,2011-05-02,10.5555/2031678.2031699,https://doi.org/10.5555/2031678.2031699,Figshare,,,,[object Object]; [object Object],2,article,7,1.8589,0.87689371,false,true,green,https://figshare.com/articles/conference_contribution/Decision_theoretic_behavior_composition/27375933,Advanced Software Engineering Methodologies; Formal Methods in Verification; Reinforcement Learning in Robotics,2026-08-26T07:47:46.906454,2026-08-26T07:47:46.906454,openalex_orcid_only,official_orcid_to_openalex_author,high,false,false,,2026-08-29T03:05:51.808Z
unimelb-finance-044,Dr Nitin Yadav,A5022695584,W2138664750,Agent Oriented Modelling of Tactical Decision Making,2015,2015-05-04,10.5555/2772879.2773285,https://doi.org/10.5555/2772879.2773285,RMIT Research Repository (RMIT University Library),,,,[object Object]; [object Object]; [object Object]; [object Object],4,conference-paper,7,1.0283,0.77992365,false,true,green,https://figshare.com/articles/conference_contribution/Agent_oriented_modelling_of_tactical_decision_making/27391671,"Multi-Agent Systems and Negotiation; Logic, Reasoning, and Knowledge; Artificial Intelligence in Games",2026-08-25T07:29:55.448023,2026-08-25T07:29:55.448023,openalex_orcid_only,official_orcid_to_openalex_author,high,false,false,,2026-08-29T03:05:51.808Z
unimelb-finance-044,Dr Nitin Yadav,A5022695584,W2103287717,Behavior composition optimization,2013,2013-08-03,,http://dblp.uni-trier.de/db/conf/ijcai/ijcai2013.html#Yadav13,International Joint Conference on Artificial Intelligence,,,,[object Object],1,conference-paper,3,0.817,0.68066492,false,false,closed,,Formal Methods in Verification; Advanced Software Engineering Methodologies; Software Reliability and Analysis Research,2026-07-29T14:22:42.915294,2026-07-29T14:22:42.915294,openalex_orcid_only,official_orcid_to_openalex_author,high,false,false,,2026-08-29T03:05:51.808Z
unimelb-finance-044,Dr Nitin Yadav,A5022695584,W4206695590,Home Automation Using Internet of Things: An Extensive Review,2022,2022-01-01,10.1007/978-981-16-6246-1_37,https://doi.org/10.1007/978-981-16-6246-1_37,Lecture notes in networks and systems,2367-3370,2367-3389,2367-3370; 2367-3389,[object Object]; [object Object]; [object Object]; [object Object]; [object Object]; [object Object],6,book-chapter,3,2.995,0.89739993,false,false,closed,,IoT-based Smart Home Systems; IoT and Edge/Fog Computing; Context-Aware Activity Recognition Systems,2026-08-04T08:18:43.703281,2026-08-04T08:18:43.703281,openalex_orcid_only,official_orcid_to_openalex_author,high,false,false,,2026-08-29T03:05:51.808Z
unimelb-finance-044,Dr Nitin Yadav,A5022695584,W4393336490,Redefining Intelligence: The Deep Learning Revolution in AI,2024,2024-03-30,10.48175/ijarsct-16804,https://doi.org/10.48175/ijarsct-16804,International Journal of Advanced Research in Science Communication and Technology,2581-9429,,2581-9429,[object Object]; [object Object],2,article,1,0.2255,0.59592368,false,true,diamond,https://doi.org/10.48175/ijarsct-16804,Neural Networks and Applications; Big Data and Digital Economy; Anomaly Detection Techniques and Applications,2026-08-18T07:49:30.821534,2026-08-18T07:49:30.821534,openalex_orcid_only,official_orcid_to_openalex_author,high,false,false,,2026-08-29T03:05:51.808Z
unimelb-finance-044,Dr Nitin Yadav,A5022695584,W4416807799,ETF indexing strategies and asset prices: Experimental evidence,2025,2025-11-29,10.1016/j.jebo.2025.107342,https://doi.org/10.1016/j.jebo.2025.107342,Journal of Economic Behavior & Organization,0167-2681,1879-1751,0167-2681; 1879-1751,[object Object]; [object Object]; [object Object]; [object Object]; [object Object],5,article,1,1.2202,0.82156616,false,true,hybrid,https://doi.org/10.1016/j.jebo.2025.107342,"Financial Markets and Investment Strategies; Auditing, Earnings Management, Governance; Auction Theory and Applications",2026-08-21T09:56:20.448147,2026-08-21T09:56:20.448147,openalex_orcid_only,official_orcid_to_openalex_author,high,false,false,,2026-08-29T03:05:51.808Z
unimelb-finance-044,Dr Nitin Yadav,A5022695584,W1587932713,Reasoning about Agent Programs Using ATL-Like Logics,2012,2012-01-01,10.1007/978-3-642-33353-8_34,https://doi.org/10.1007/978-3-642-33353-8_34,Lecture notes in computer science,0302-9743,1611-3349,0302-9743; 1611-3349,[object Object]; [object Object],2,conference-paper,7,1.0407,0.74058804,false,false,closed,,"Multi-Agent Systems and Negotiation; Logic, Reasoning, and Knowledge; Semantic Web and Ontologies",2026-07-29T14:22:42.915294,2026-07-29T14:22:42.915294,openalex_orcid_only,official_orcid_to_openalex_author,high,false,false,,2026-08-29T03:05:51.808Z
unimelb-finance-044,Dr Nitin Yadav,A5022695584,W2969528970,Intra-articular fracture distal end radius external fixation versus locking volar radius plate: A comparative study,2019,2019-01-01,10.4103/jotr.jotr_11_19,https://doi.org/10.4103/jotr.jotr_11_19,Journal of Orthopedics Traumatology and Rehabilitation,0975-7341,2347-3746,0975-7341; 2347-3746,[object Object]; [object Object]; [object Object]; [object Object]; [object Object]; [object Object],6,article,6,0.6256,0.69448594,false,true,diamond,https://doi.org/10.4103/jotr.jotr_11_19,Orthopedic Surgery and Rehabilitation; Elbow and Forearm Trauma Treatment; Bone fractures and treatments,2026-08-15T07:11:24.734988,2026-08-15T07:11:24.734988,openalex_orcid_only,official_orcid_to_openalex_author,high,false,false,,2026-08-29T03:05:51.808Z
unimelb-finance-044,Dr Nitin Yadav,A5022695584,W2398380785,Tactics development framework (demonstration),2014,2014-05-05,10.5555/2615731.2616102,https://doi.org/10.5555/2615731.2616102,Adaptive Agents and Multi-Agents Systems,1548-8403,,1548-8403,[object Object]; [object Object]; [object Object]; [object Object],4,article,3,1.4546,0.88549549,false,false,closed,,AI-based Problem Solving and Planning; Service-Oriented Architecture and Web Services; Multi-Agent Systems and Negotiation,2026-07-28T07:46:37.118299,2026-07-28T07:46:37.118299,openalex_orcid_only,official_orcid_to_openalex_author,high,false,false,,2026-08-29T03:05:51.808Z
unimelb-finance-044,Dr Nitin Yadav,A5022695584,W2169566608,A BDI agent system for the cow herding domain,2010,2010-05-31,10.1007/s10472-010-9182-1,https://doi.org/10.1007/s10472-010-9182-1,Annals of Mathematics and Artificial Intelligence,1012-2443,1573-7470,1012-2443; 1573-7470,[object Object]; [object Object]; [object Object]; [object Object],4,article,4,0.9948,0.84585626,false,true,green,https://figshare.com/articles/journal_contribution/A_BDI_agent_system_for_the_cow_herding_domain/27436125,Multi-Agent Systems and Negotiation; Auction Theory and Applications; Mobile Agent-Based Network Management,2026-08-26T07:47:46.906454,2026-08-26T07:47:46.906454,openalex_orcid_only,official_orcid_to_openalex_author,high,false,false,,2026-08-29T03:05:51.808Z
unimelb-finance-044,Dr Nitin Yadav,A5022695584,W1596305717,Emerging issues in human resource management,2014,2014-01-01,,https://www.indianjournals.com/ijor.aspx?target=ijor:ijmie&volume=4&issue=10&article=007&type=pdf,"International Journal of Management, IT, and Engineering",2249-0558,,2249-0558,[object Object]; [object Object],2,article,3,0.6792,0.77326121,false,false,closed,,Collaboration in agile enterprises; Organizational and Employee Performance,2026-07-23T08:03:31.855105,2026-07-23T08:03:31.855105,openalex_orcid_only,official_orcid_to_openalex_author,high,false,false,,2026-08-29T03:05:51.808Z
unimelb-finance-044,Dr Nitin Yadav,A5022695584,W2169636857,A Tool for Defining Agent Protocols in HAPN: (Demonstration),2015,2015-05-04,10.5555/2772879.2773512,https://doi.org/10.5555/2772879.2773512,RMIT Research Repository (RMIT University Library),,,,[object Object]; [object Object]; [object Object],3,article,2,0.6696,0.74108474,false,true,green,https://figshare.com/articles/conference_contribution/A_tool_for_defining_agent_protocols_in_HAPN_Demonstration/27396456,Formal Methods in Verification; Mobile Agent-Based Network Management; Multi-Agent Systems and Negotiation,2026-08-25T07:29:55.448023,2026-08-25T07:29:55.448023,openalex_orcid_only,official_orcid_to_openalex_author,high,false,false,,2026-08-29T03:05:51.808Z
unimelb-finance-044,Dr Nitin Yadav,A5022695584,W2960927666,Enhancing Resilience of The North Indian Power System Against Pollution and Foggy Weather-An Experience,2017,2017-01-01,,http://www.indianjournals.com/ijor.aspx?target=ijor:jiaegtd&volume=30&issue=1&article=006&type=pdf,,,,,[object Object]; [object Object]; [object Object]; [object Object]; [object Object]; [object Object]; [object Object],7,article,2,0,0.22123309,false,false,closed,,Energy and Environment Impacts; Optimal Power Flow Distribution,2026-06-11T09:08:48.828518,2026-06-11T09:08:48.828518,openalex_orcid_only,official_orcid_to_openalex_author,high,false,false,,2026-08-29T03:05:51.808Z
unimelb-finance-044,Dr Nitin Yadav,A5022695584,W2997067929,Tactics Development Framework,2014,2014-01-01,,https://findanexpert.unimelb.edu.au/scholarlywork/1323035-tactics-development-framework,Adaptive Agents and Multi-Agents Systems,1548-8403,,1548-8403,[object Object]; [object Object]; [object Object]; [object Object],4,article,2,0.7228,0.85764076,false,false,closed,,Supply Chain Resilience and Risk Management; Human Resource Development and Performance Evaluation,2026-07-28T07:46:37.118299,2026-07-28T07:46:37.118299,openalex_orcid_only,official_orcid_to_openalex_author,high,false,false,,2026-08-29T03:05:51.808Z
unimelb-finance-044,Dr Nitin Yadav,A5022695584,W3175330858,Comparative analysis of first-order optimization algorithms,2021,2021-06-24,10.1201/9781003150664-32,https://doi.org/10.1201/9781003150664-32,,,,,[object Object]; [object Object]; [object Object],3,book-chapter,2,0.7181,0.69773765,false,false,closed,,Neural Networks and Applications,2026-06-11T09:08:48.828518,2026-06-11T09:08:48.828518,openalex_orcid_only,official_orcid_to_openalex_author,high,false,false,,2026-08-29T03:05:51.808Z
unimelb-finance-044,Dr Nitin Yadav,A5022695584,W2110265055,An Efficient behavioural analysis of Graph Clustering Algorithms via Random Graphs,2012,2012-06-30,10.5120/7170-9785,https://doi.org/10.5120/7170-9785,International Journal of Computer Applications,0975-8887,,0975-8887,[object Object]; [object Object]; [object Object]; [object Object],4,article,1,0.2254,0.54979835,false,true,bronze,https://doi.org/10.5120/7170-9785,Complex Network Analysis Techniques; Data Management and Algorithms; Advanced Clustering Algorithms Research,2026-08-12T21:12:35.861297,2026-08-12T21:12:35.861297,openalex_orcid_only,official_orcid_to_openalex_author,high,false,false,,2026-08-29T03:05:51.808Z
unimelb-finance-044,Dr Nitin Yadav,A5022695584,W2382703968,Product Recommendations System Survey,2015,2015-12-17,10.5120/ijca2015907394,https://doi.org/10.5120/ijca2015907394,International Journal of Computer Applications,0975-8887,,0975-8887,[object Object]; [object Object]; [object Object]; [object Object]; [object Object],5,article,1,0,0.29173097,false,true,bronze,https://doi.org/10.5120/ijca2015907394,Recommender Systems and Techniques; Image Retrieval and Classification Techniques; Data Management and Algorithms,2026-08-12T21:12:35.861297,2026-08-12T21:12:35.861297,openalex_orcid_only,official_orcid_to_openalex_author,high,false,false,,2026-08-29T03:05:51.808Z
unimelb-finance-044,Dr Nitin Yadav,A5022695584,W2536633114,Community-affinity: measuring strength of memberships of nodes in network communities,2016,2016-08-03,10.26053/0h-haae-6pg0,https://doi.org/10.26053/0h-haae-6pg0,J. Willard Marriott Library,,,,[object Object],1,article,1,2.4681,0.91503441,false,true,green,https://doi.org/10.26053/0h-haae-6pg0,"Hermeneutics and Narrative Identity; Aging, Elder Care, and Social Issues; Health, Medicine and Society",2026-08-13T07:04:57.449891,2026-08-13T07:04:57.449891,openalex_orcid_only,official_orcid_to_openalex_author,high,false,false,,2026-08-29T03:05:51.808Z
unimelb-finance-044,Dr Nitin Yadav,A5022695584,W2740930192,Agent Design Consistency Checking via Planning,2017,2017-07-28,10.24963/ijcai.2017/65,https://doi.org/10.24963/ijcai.2017/65,,,,,[object Object]; [object Object]; [object Object],3,conference-paper,1,0.1388,0.4115653,false,true,gold,https://www.ijcai.org/proceedings/2017/0065.pdf,"Multi-Agent Systems and Negotiation; Logic, Reasoning, and Knowledge; Semantic Web and Ontologies",2026-08-25T07:29:55.448023,2026-08-25T07:29:55.448023,openalex_orcid_only,official_orcid_to_openalex_author,high,false,false,,2026-08-29T03:05:51.808Z
unimelb-finance-044,Dr Nitin Yadav,A5022695584,W3109641927,Computational Complexity and Asset Pricing,2019,2019-01-01,,https://findanexpert.unimelb.edu.au/scholarlywork/1460417-computational-complexity-and-asset-pricing,,,,,[object Object]; [object Object]; [object Object]; [object Object]; [object Object]; [object Object]; [object Object]; [object Object],8,article,1,0,0.28334028,false,false,closed,,Complex Systems and Time Series Analysis; Economic Theory and Institutions; Economic theories and models,2026-06-11T09:08:48.828518,2026-06-11T09:08:48.828518,openalex_orcid_only,official_orcid_to_openalex_author,high,false,false,,2026-08-29T03:05:51.808Z
unimelb-finance-044,Dr Nitin Yadav,A5022695584,W3142459151,Humans in Charge of Trading Robots: The First Experiment,2020,2020-01-01,10.2139/ssrn.3569435,https://doi.org/10.2139/ssrn.3569435,SSRN Electronic Journal,1556-5068,,1556-5068,[object Object]; [object Object]; [object Object]; [object Object]; [object Object]; [object Object],6,preprint,14,,,false,true,green,https://doi.org/10.2139/ssrn.3569435,Auction Theory and Applications; Financial Markets and Investment Strategies; Economic theories and models,2026-08-26T07:47:46.906454,2026-08-26T07:47:46.906454,openalex_orcid_only,official_orcid_to_openalex_author,high,false,false,,2026-08-29T03:05:51.808Z
unimelb-finance-044,Dr Nitin Yadav,A5022695584,W2737099761,Land Trade and Development: A Market Design Approach,2017,2017-01-01,10.2139/ssrn.3014683,https://doi.org/10.2139/ssrn.3014683,SSRN Electronic Journal,1556-5068,,1556-5068,[object Object]; [object Object]; [object Object]; [object Object],4,preprint,9,,,false,true,green,https://doi.org/10.2139/ssrn.3014683,Land Rights and Reforms,2026-08-21T09:56:20.448147,2026-08-21T09:56:20.448147,openalex_orcid_only,official_orcid_to_openalex_author,high,false,false,,2026-08-29T03:05:51.808Z
unimelb-finance-044,Dr Nitin Yadav,A5022695584,W3159171600,Task-independent metrics of computational hardness predict human cognitive performance,2021,2021-04-26,10.1101/2021.04.25.441300,https://doi.org/10.1101/2021.04.25.441300,bioRxiv (Cold Spring Harbor Laboratory),,,,[object Object]; [object Object]; [object Object]; [object Object]; [object Object],5,preprint,5,,,false,true,green,https://www.biorxiv.org/content/biorxiv/early/2022/01/05/2021.04.25.441300.full.pdf,"Computability, Logic, AI Algorithms; Constraint Satisfaction and Optimization; AI-based Problem Solving and Planning",2026-08-27T14:10:00.468798,2026-08-27T14:10:00.468798,openalex_orcid_only,official_orcid_to_openalex_author,high,false,false,,2026-08-29T03:05:51.808Z
unimelb-finance-044,Dr Nitin Yadav,A5022695584,W2810932741,Phase transition in the knapsack problem,2018,2018-06-26,10.48550/arxiv.1806.10244,https://doi.org/10.48550/arxiv.1806.10244,arXiv (Cornell University),2331-8422,,2331-8422,[object Object]; [object Object]; [object Object]; [object Object],4,preprint,3,,,false,true,green,https://arxiv.org/pdf/1806.10244,Optimization and Search Problems; Optimization and Packing Problems; Auction Theory and Applications,2026-08-26T07:47:46.906454,2026-08-26T07:47:46.906454,openalex_orcid_only,official_orcid_to_openalex_author,high,false,false,,2026-08-29T03:05:51.808Z
unimelb-finance-044,Dr Nitin Yadav,A5022695584,W2889012293,Where the really hard choices are: A general framework to quantify decision difficulty,2018,2018-08-31,,https://openalex.org/W2889012293,,,,,[object Object]; [object Object]; [object Object]; [object Object],4,preprint,3,,,false,false,closed,,Decision-Making and Behavioral Economics; Multi-Criteria Decision Making; Neural and Behavioral Psychology Studies,2026-06-26T08:34:08.712188,2026-06-26T08:34:08.712188,openalex_orcid_only,official_orcid_to_openalex_author,high,false,false,,2026-08-29T03:05:51.808Z
unimelb-finance-044,Dr Nitin Yadav,A5022695584,W3105069525,Structural properties of individual instances predict human effort and performance on an NP-Hard problem,2018,2018-08-31,10.1101/405449,https://doi.org/10.1101/405449,bioRxiv (Cold Spring Harbor Laboratory),,,,[object Object]; [object Object]; [object Object]; [object Object],4,preprint,3,,,false,true,green,https://www.biorxiv.org/content/biorxiv/early/2020/07/21/405449.full.pdf,Constraint Satisfaction and Optimization; AI-based Problem Solving and Planning; Software Engineering Research,2026-08-06T08:24:18.245995,2026-08-06T08:24:18.245995,openalex_orcid_only,official_orcid_to_openalex_author,high,false,false,,2026-08-29T03:05:51.808Z
unimelb-finance-044,Dr Nitin Yadav,A5022695584,W4312776532,Price Formation in Field Prediction Markets: The Wisdom in the Crowd,2022,2022-01-01,10.2139/ssrn.4305660,https://doi.org/10.2139/ssrn.4305660,SSRN Electronic Journal,1556-5068,,1556-5068,[object Object]; [object Object]; [object Object]; [object Object]; [object Object]; [object Object]; [object Object]; [object Object]; [object Object],9,preprint,3,,,false,true,green,https://doi.org/10.2139/ssrn.4305660,Sports Analytics and Performance; Auction Theory and Applications,2026-08-21T09:56:20.448147,2026-08-21T09:56:20.448147,openalex_orcid_only,official_orcid_to_openalex_author,high,false,false,,2026-08-29T03:05:51.808Z
unimelb-finance-044,Dr Nitin Yadav,A5022695584,W3173893678,Transferring Cognitive Talent Across Domains: The Case of Finance,2021,2021-06-28,10.21203/rs.3.rs-598488/v1,https://doi.org/10.21203/rs.3.rs-598488/v1,Research Square,,,,[object Object]; [object Object]; [object Object]; [object Object],4,preprint,2,,,false,true,green,https://doi.org/10.21203/rs.3.rs-598488/v1,Decision-Making and Behavioral Economics; Experimental Behavioral Economics Studies; Financial Markets and Investment Strategies,2026-07-14T23:27:15.235271,2026-07-14T23:27:15.235271,openalex_orcid_only,official_orcid_to_openalex_author,high,false,false,,2026-08-29T03:05:51.808Z
unimelb-finance-044,Dr Nitin Yadav,A5022695584,W3204667844,Asset Pricing under Computational Complexity,2019,2019-01-01,10.2139/ssrn.3475433,https://doi.org/10.2139/ssrn.3475433,SSRN Electronic Journal,1556-5068,,1556-5068,[object Object]; [object Object]; [object Object]; [object Object]; [object Object]; [object Object]; [object Object]; [object Object],8,preprint,2,,,false,true,green,https://doi.org/10.2139/ssrn.3475433,Complex Systems and Time Series Analysis; Financial Markets and Investment Strategies; Economic theories and models,2026-07-28T07:46:37.118299,2026-07-28T07:46:37.118299,openalex_orcid_only,official_orcid_to_openalex_author,high,false,false,,2026-08-29T03:05:51.808Z
unimelb-finance-044,Dr Nitin Yadav,A5022695584,W4388240527,"Resource Allocation, Computational Complexity, and Market Design",2023,2023-01-01,10.2139/ssrn.4620799,https://doi.org/10.2139/ssrn.4620799,SSRN Electronic Journal,1556-5068,,1556-5068,[object Object]; [object Object]; [object Object]; [object Object]; [object Object]; [object Object]; [object Object]; [object Object]; [object Object],9,preprint,2,,,false,true,green,https://doi.org/10.2139/ssrn.4620799,Complex Systems and Time Series Analysis; Consumer Market Behavior and Pricing; Auction Theory and Applications,2026-08-26T07:47:46.906454,2026-08-26T07:47:46.906454,openalex_orcid_only,official_orcid_to_openalex_author,high,false,false,,2026-08-29T03:05:51.808Z
unimelb-finance-044,Dr Nitin Yadav,A5022695584,W4296567409,Price Formation in Field Prediction Markets: the Wisdom in the Crowd,2022,2022-09-19,10.48550/arxiv.2209.08778,https://doi.org/10.48550/arxiv.2209.08778,RePEc: Research Papers in Economics,,,,[object Object]; [object Object]; [object Object]; [object Object]; [object Object]; [object Object]; [object Object]; [object Object]; [object Object],9,preprint,1,,,false,true,green,https://arxiv.org/pdf/2209.08778,Sports Analytics and Performance; Complex Systems and Time Series Analysis; Experimental Behavioral Economics Studies,2026-08-26T07:47:46.906454,2026-08-26T07:47:46.906454,openalex_orcid_only,official_orcid_to_openalex_author,high,false,false,,2026-08-29T03:05:51.808Z
unimelb-finance-044,Dr Nitin Yadav,A5022695584,W2131894467,Thinking Head Framework: An open architecture for human centred robotics,2010,2010-12-01,10.1109/iciafs.2010.5715718,https://doi.org/10.1109/iciafs.2010.5715718,,,,,[object Object]; [object Object]; [object Object],3,conference-paper,0,0,0.34759173,false,false,closed,,Robotics and Automated Systems; Speech and dialogue systems; Context-Aware Activity Recognition Systems,2026-07-29T14:22:42.915294,2026-07-29T14:22:42.915294,openalex_orcid_only,official_orcid_to_openalex_author,high,false,false,,2026-08-29T03:05:51.808Z
unimelb-finance-044,Dr Nitin Yadav,A5022695584,W2186537472,Effect ofPeople Process Culture on the Overall Productivity and Harmony ofan Organization,2008,2008-01-01,,http://www2.uwstout.edu/content/lib/thesis/2008/2008yadavn.pdf,,,,,[object Object],1,dissertation,0,,,false,false,closed,,Leadership and Management in Organizations; Organizational Change and Leadership; Business Strategies and Innovation,2026-07-14T23:32:53.992493,2026-07-14T23:32:53.992493,openalex_orcid_only,official_orcid_to_openalex_author,high,false,false,,2026-08-29T03:05:51.808Z
unimelb-finance-044,Dr Nitin Yadav,A5022695584,W2206695959,Application of synchrophasors for over voltage tripping analysis-a case study in northern regional power system of India,2014,2014-01-01,,http://www.indianjournals.com/ijor.aspx?target=ijor:jiaegtd&volume=27&issue=2&article=002&type=pdf,,,,,[object Object]; [object Object]; [object Object]; [object Object],4,article,0,0,0.15695633,false,false,closed,,Power System Optimization and Stability; Smart Grid and Power Systems; Optimal Power Flow Distribution,2026-06-11T09:08:48.828518,2026-06-11T09:08:48.828518,openalex_orcid_only,official_orcid_to_openalex_author,high,false,false,,2026-08-29T03:05:51.808Z
unimelb-finance-044,Dr Nitin Yadav,A5022695584,W2283074675,Using strategic logics to reason about agent programs,2013,2013-08-03,,http://ijcai.org/papers13/Papers/IJCAI13-465.pdf,RMIT Research Repository (RMIT University Library),,,,[object Object]; [object Object],2,article,0,0,0.14648648,false,true,green,https://figshare.com/articles/conference_contribution/Using_strategic_logics_to_reason_about_agent_programs/27385182,"Logic, Reasoning, and Knowledge; Multi-Agent Systems and Negotiation; Semantic Web and Ontologies",2026-08-26T07:47:46.906454,2026-08-26T07:47:46.906454,openalex_orcid_only,official_orcid_to_openalex_author,high,false,false,,2026-08-29T03:05:51.808Z
unimelb-finance-044,Dr Nitin Yadav,A5022695584,W2342845419,Supervisory Control for Behavior Composition,2016,2016-05-20,10.1109/tac.2016.2570748,https://doi.org/10.1109/tac.2016.2570748,IEEE Transactions on Automatic Control,0018-9286,1558-2523,0018-9286; 1558-2523; 2334-3303,[object Object]; [object Object]; [object Object],3,article,0,0,0.04503217,false,true,green,https://arxiv.org/pdf/1604.08768,Petri Nets in System Modeling; Business Process Modeling and Analysis; Distributed systems and fault tolerance,2026-08-27T14:10:00.468798,2026-08-27T14:10:00.468798,openalex_orcid_only,official_orcid_to_openalex_author,high,false,false,,2026-08-29T03:05:51.808Z
unimelb-finance-044,Dr Nitin Yadav,A5022695584,W2395884543,"Load Balancing, Optimal Routing and Scheduling in Hyper-Local",2015,2015-12-17,10.5120/ijca2015907393,https://doi.org/10.5120/ijca2015907393,International Journal of Computer Applications,0975-8887,,0975-8887,[object Object]; [object Object]; [object Object]; [object Object]; [object Object],5,article,0,0,0.23853464,false,true,bronze,https://doi.org/10.5120/ijca2015907393,Distributed and Parallel Computing Systems; Advanced Wireless Network Optimization; Optimization and Search Problems,2026-08-12T21:12:35.861297,2026-08-12T21:12:35.861297,openalex_orcid_only,official_orcid_to_openalex_author,high,false,false,,2026-08-29T03:05:51.808Z
unimelb-finance-044,Dr Nitin Yadav,A5022695584,W2610998650,Qualitative Approximate Behavior Composition,2012,2012-07-17,10.48550/arxiv.1207.3863,https://doi.org/10.48550/arxiv.1207.3863,arXiv (Cornell University),2331-8422,,2331-8422,[object Object]; [object Object],2,preprint,0,,,false,true,green,https://arxiv.org/pdf/1207.3863,Formal Methods in Verification; Petri Nets in System Modeling; Smart Grid Security and Resilience,2026-08-26T07:47:46.906454,2026-08-26T07:47:46.906454,openalex_orcid_only,official_orcid_to_openalex_author,high,false,false,,2026-08-29T03:05:51.808Z
unimelb-finance-044,Dr Nitin Yadav,A5022695584,W2611286214,Reasoning about Agent Programs using ATL-like Logics,2012,2012-07-17,10.48550/arxiv.1207.3874,https://doi.org/10.48550/arxiv.1207.3874,arXiv (Cornell University),2331-8422,,2331-8422,[object Object]; [object Object],2,preprint,0,,,false,true,green,https://arxiv.org/pdf/1207.3874,"Logic, Reasoning, and Knowledge; Multi-Agent Systems and Negotiation; AI-based Problem Solving and Planning",2026-08-26T07:47:46.906454,2026-08-26T07:47:46.906454,openalex_orcid_only,official_orcid_to_openalex_author,high,false,false,,2026-08-29T03:05:51.808Z
unimelb-finance-044,Dr Nitin Yadav,A5022695584,W2807747087,"G-SMAC (Social, Mobile, Analytics and Cloud Computing) -A Paradigm Shift in E-Governance Agility",2018,2018-06-15,10.5120/ijca2018917337,https://doi.org/10.5120/ijca2018917337,International Journal of Computer Applications,0975-8887,,0975-8887,[object Object],1,article,0,0,0.06840668,false,true,diamond,https://doi.org/10.5120/ijca2018917337,Big Data and Business Intelligence,2026-08-12T21:12:35.861297,2026-08-12T21:12:35.861297,openalex_orcid_only,official_orcid_to_openalex_author,high,false,false,,2026-08-29T03:05:51.808Z
unimelb-finance-044,Dr Nitin Yadav,A5022695584,W2945941410,"E-Commerce in India: Growth, Key Challenges and Upcoming Trends",2014,2014-01-01,,http://www.irjmst.com/abstractview/2085,,,,,[object Object]; [object Object],2,article,0,0,0.34667621,false,false,closed,,Indian Economic and Social Development,2026-06-11T09:08:48.828518,2026-06-11T09:08:48.828518,openalex_orcid_only,official_orcid_to_openalex_author,high,false,false,,2026-08-29T03:05:51.808Z
unimelb-finance-044,Dr Nitin Yadav,A5022695584,W2976401103,hypothenar hammer syndrome due to penetrating trauma case report brief review,2017,2017-01-01,,https://gavinpublishers.com/articles/case-report/Journal-of-Orthopedic-Research-and-Therapy/hypothenar-hammer-syndrome-due-to-penetrating-trauma-case-report-brief-review,,,,,[object Object]; [object Object]; [object Object]; [object Object],4,article,0,0,0.35631439,false,false,closed,,Trauma Management and Diagnosis; Shoulder and Clavicle Injuries; Shoulder Injury and Treatment,2026-06-11T09:08:48.828518,2026-06-11T09:08:48.828518,openalex_orcid_only,official_orcid_to_openalex_author,high,false,false,,2026-08-29T03:05:51.808Z
unimelb-finance-044,Dr Nitin Yadav,A5022695584,W2990107595,Assessing Nipah Related Internet Activity Behaviour in India: An Insight from Analytical Search Volumes of Google Trends,2019,2019-01-01,10.5958/0973-9130.2019.00605.4,https://doi.org/10.5958/0973-9130.2019.00605.4,Indian Journal of Forensic Medicine & Toxicology,0973-9122,0973-9130,0973-9122; 0973-9130,[object Object]; [object Object]; [object Object]; [object Object]; [object Object]; [object Object],6,article,0,0,0.10870319,false,true,hybrid,https://doi.org/10.5958/0973-9130.2019.00605.4,COVID-19 epidemiological studies; COVID-19 Pandemic Impacts; Mosquito-borne diseases and control,2026-08-13T07:04:57.449891,2026-08-13T07:04:57.449891,openalex_orcid_only,official_orcid_to_openalex_author,high,false,false,,2026-08-29T03:05:51.808Z
unimelb-finance-044,Dr Nitin Yadav,A5022695584,W3032021191,A new hierarchical agent protocol notation: JAAMAS track,2018,2018-01-01,,https://findanexpert.unimelb.edu.au/scholarlywork/1352565-a-new-hierarchical-agent-protocol-notation--jaamas-track,Adaptive Agents and Multi-Agents Systems,1548-8403,,1548-8403,[object Object]; [object Object]; [object Object],3,article,0,0,0.28768027,false,false,closed,,Multi-Agent Systems and Negotiation; Formal Methods in Verification; Advanced Software Engineering Methodologies,2026-07-28T07:46:37.118299,2026-07-28T07:46:37.118299,openalex_orcid_only,official_orcid_to_openalex_author,high,false,false,,2026-08-29T03:05:51.808Z
unimelb-finance-044,Dr Nitin Yadav,A5022695584,W3048394985,Python Client and Server Software for Algorithmic Traders interfacing with Flex-E-Markets,2020,2020-01-01,,https://findanexpert.unimelb.edu.au/scholarlywork/1460420-python-client-and-server-software-for-algorithmic-traders-interfacing-with-flex-e-markets,,,,,[object Object]; [object Object]; [object Object],3,article,0,0,0.15067285,false,false,closed,,Financial Markets and Investment Strategies; Complex Systems and Time Series Analysis; Stock Market Forecasting Methods,2026-06-11T09:08:48.828518,2026-06-11T09:08:48.828518,openalex_orcid_only,official_orcid_to_openalex_author,high,false,false,,2026-08-29T03:05:51.808Z
unimelb-finance-044,Dr Nitin Yadav,A5022695584,W3122886167,Land Trade and Development: A Market Design Approach,2017,2017-07-01,,https://www.ifo.de/DocDL/cesifo1_wp6557.pdf,RePEc: Research Papers in Economics,,,,[object Object]; [object Object]; [object Object]; [object Object],4,preprint,0,,,false,false,closed,,Land Rights and Reforms,2026-08-11T07:18:39.950985,2026-08-11T07:18:39.950985,openalex_orcid_only,official_orcid_to_openalex_author,high,false,false,,2026-08-29T03:05:51.808Z
unimelb-finance-044,Dr Nitin Yadav,A5022695584,W3133928169,Computational cognitive requirements of random decision problems.,2020,2020-01-01,,https://escholarship.org/uc/item/93h185q4,eScholarship (California Digital Library),,,,[object Object]; [object Object]; [object Object]; [object Object]; [object Object],5,article,0,0,0.21240334,false,false,closed,,AI-based Problem Solving and Planning; Multi-Criteria Decision Making; Rough Sets and Fuzzy Logic,2026-06-11T09:08:48.828518,2026-06-11T09:08:48.828518,openalex_orcid_only,official_orcid_to_openalex_author,high,false,false,,2026-08-29T03:05:51.808Z
unimelb-finance-044,Dr Nitin Yadav,A5022695584,W3153573923,Human Decision-making and Computational Complexity: The Knapsack Problem,2018,2018-01-01,10.17605/osf.io/t2jv7,https://doi.org/10.17605/osf.io/t2jv7,OSF Preprints (OSF Preprints),,,,[object Object]; [object Object]; [object Object]; [object Object],4,preprint,0,,,false,true,green,https://doi.org/10.17605/OSF.IO/T2JV7,"Computability, Logic, AI Algorithms; Benford’s Law and Fraud Detection",2026-08-21T09:56:20.448147,2026-08-21T09:56:20.448147,openalex_orcid_only,official_orcid_to_openalex_author,high,false,false,,2026-08-29T03:05:51.808Z
unimelb-finance-044,Dr Nitin Yadav,A5022695584,W3154689677,A Tool for Defining Agent Protocols in HAPN: (Demonstration),2015,2015-05-04,10.65109/gstu8382,https://doi.org/10.65109/gstu8382,,,,,[object Object]; [object Object]; [object Object],3,conference-paper,0,0,0.35206332,false,false,closed,,"IPv6, Mobility, Handover, Networks, Security; Mobile Agent-Based Network Management; Access Control and Trust",2026-07-29T14:22:42.915294,2026-07-29T14:22:42.915294,openalex_orcid_only,official_orcid_to_openalex_author,high,false,false,,2026-08-29T03:05:51.808Z
unimelb-finance-044,Dr Nitin Yadav,A5022695584,W3174247311,Knapsack decision problem,2021,2021-03-24,,https://osf.io/cbpkr,OSF Preprints (OSF Preprints),,,,[object Object]; [object Object]; [object Object]; [object Object]; [object Object],5,preprint,0,,,false,true,green,https://osf.io/cbpkr,Optimization and Search Problems; Optimization and Packing Problems; Supply Chain and Inventory Management,2026-08-26T07:47:46.906454,2026-08-26T07:47:46.906454,openalex_orcid_only,official_orcid_to_openalex_author,high,false,false,,2026-08-29T03:05:51.808Z
unimelb-finance-044,Dr Nitin Yadav,A5022695584,W3191476882,"Knowledge and practice on road safety among Toto (e-rickshaw) drivers in North Bengal Medical College and Hospital campus, Siliguri: A cross-sectional study",2020,2020-10-13,,https://jumr.co.in/index.php/main/article/view/70,,,,,[object Object]; [object Object]; [object Object]; [object Object]; [object Object]; [object Object]; [object Object]; [object Object]; [object Object]; [object Object]; [object Object]; [object Object]; [object Object]; [object Object],14,article,0,0,0.29388873,false,false,closed,,Traffic and Road Safety; IoT and GPS-based Vehicle Safety Systems; Artificial Intelligence and Decision Support Systems,2026-06-26T08:34:08.712188,2026-06-26T08:34:08.712188,openalex_orcid_only,official_orcid_to_openalex_author,high,false,false,,2026-08-29T03:05:51.808Z
unimelb-finance-044,Dr Nitin Yadav,A5022695584,W4234674716,Transferring Cognitive Talent Across Domains: The Case of Finance,2021,2021-07-29,10.21203/rs.3.rs-598488/v2,https://doi.org/10.21203/rs.3.rs-598488/v2,Research Square,,,,[object Object]; [object Object]; [object Object]; [object Object],4,preprint,0,,,false,true,green,https://www.researchsquare.com/article/rs-598488/latest.pdf,"Experimental Behavioral Economics Studies; Culture, Economy, and Development Studies; Decision-Making and Behavioral Economics",2026-07-14T23:27:15.235271,2026-07-14T23:27:15.235271,openalex_orcid_only,official_orcid_to_openalex_author,high,false,false,,2026-08-29T03:05:51.808Z
unimelb-finance-044,Dr Nitin Yadav,A5022695584,W4293059904,Multiple damage detection in piezoelectric ceramic sensor using point contact excitation and detection method,2022,2022-07-07,10.48550/arxiv.2208.11105,https://doi.org/10.48550/arxiv.2208.11105,arXiv (Cornell University),2331-8422,,2331-8422,[object Object]; [object Object]; [object Object]; [object Object]; [object Object],5,preprint,0,,,false,true,green,https://arxiv.org/pdf/2208.11105,Ultrasonics and Acoustic Wave Propagation; Flow Measurement and Analysis; Spectroscopy and Chemometric Analyses,2026-08-26T07:47:46.906454,2026-08-26T07:47:46.906454,openalex_orcid_only,official_orcid_to_openalex_author,high,false,false,,2026-08-29T03:05:51.808Z
unimelb-finance-044,Dr Nitin Yadav,A5022695584,W4386991960,Productivity Assessment and Evaluation of Govt. R&D Organization,2023,2023-09-22,10.36948/ijfmr.2023.v05i05.6746,https://doi.org/10.36948/ijfmr.2023.v05i05.6746,International Journal For Multidisciplinary Research,2582-2160,,2582-2160,[object Object]; [object Object],2,article,0,0,0.13858721,false,true,hybrid,https://www.ijfmr.com/papers/2023/5/6746.pdf,Technology Assessment and Management,2026-08-21T09:56:20.448147,2026-08-21T09:56:20.448147,openalex_orcid_only,official_orcid_to_openalex_author,high,false,false,,2026-08-29T03:05:51.808Z
unimelb-finance-044,Dr Nitin Yadav,A5022695584,W4387185517,A Declarative Approach to Compact Controllers for FOND Planning via Answer Set Programming,2023,2023-09-28,10.3233/faia230593,https://doi.org/10.3233/faia230593,Frontiers in artificial intelligence and applications,0922-6389,1879-8314,0922-6389; 1879-8314,[object Object]; [object Object],2,book-chapter,0,0,0.35952557,false,true,hybrid,https://ebooks.iospress.nl/pdf/doi/10.3233/FAIA230593,"Logic, Reasoning, and Knowledge; Multi-Agent Systems and Negotiation; Formal Methods in Verification",2026-08-25T07:29:55.448023,2026-08-25T07:29:55.448023,openalex_orcid_only,official_orcid_to_openalex_author,high,false,false,,2026-08-29T03:05:51.808Z
unimelb-finance-044,Dr Nitin Yadav,A5022695584,W4394863947,ETF Indexing Strategies and Asset Prices: Experimental Evidence,2024,2024-01-01,10.2139/ssrn.4788035,https://doi.org/10.2139/ssrn.4788035,SSRN Electronic Journal,1556-5068,,1556-5068,[object Object]; [object Object]; [object Object]; [object Object]; [object Object],5,preprint,0,,,false,true,green,https://doi.org/10.2139/ssrn.4788035,"Financial Markets and Investment Strategies; Corporate Finance and Governance; Auditing, Earnings Management, Governance",2026-08-21T09:56:20.448147,2026-08-21T09:56:20.448147,openalex_orcid_only,official_orcid_to_openalex_author,high,false,false,,2026-08-29T03:05:51.808Z
unimelb-finance-044,Dr Nitin Yadav,A5022695584,W4398169713,"The Lumpy Skin Disease Emergence and Management: A Case Study from the North Indian District of Rewari, Haryana",2023,2023-02-27,10.62757/iva.2023.100.2.36-41,https://doi.org/10.62757/iva.2023.100.2.36-41,The Indian Veterinary Journal,0019-6479,0974-9365,0019-6479; 0974-9365,[object Object]; [object Object]; [object Object]; [object Object]; [object Object]; [object Object]; [object Object],7,article,0,0,0.19085556,false,true,bronze,https://epubs.icar.org.in/index.php/IVJ/article/download/149332/54066,Poxvirus research and outbreaks; Plant Virus Research Studies; Transgenic Plants and Applications,2026-08-19T15:00:24.278416,2026-08-19T15:00:24.278416,openalex_orcid_only,official_orcid_to_openalex_author,high,false,false,,2026-08-29T03:05:51.808Z
unimelb-finance-044,Dr Nitin Yadav,A5022695584,W4406858653,Identification of Corn Leaf Disease Using Deep Learning,2024,2024-12-22,10.1109/cicn63059.2024.10847360,https://doi.org/10.1109/cicn63059.2024.10847360,,,,,[object Object]; [object Object]; [object Object]; [object Object],4,conference-paper,0,0,0.3615486,false,false,closed,,Smart Agriculture and AI,2026-07-29T14:22:42.915294,2026-07-29T14:22:42.915294,openalex_orcid_only,official_orcid_to_openalex_author,high,false,false,,2026-08-29T03:05:51.808Z
unimelb-finance-044,Dr Nitin Yadav,A5022695584,W4408241036,Complex decision-making under stress: shallower search and impaired decision quality at different levels of computational hardness,2025,2025-03-06,10.31234/osf.io/m7r4b_v1,https://doi.org/10.31234/osf.io/m7r4b_v1,,,,,[object Object]; [object Object]; [object Object],3,preprint,0,,,false,true,gold,https://doi.org/10.31234/osf.io/m7r4b_v1,Forecasting Techniques and Applications,2026-08-18T07:49:30.821534,2026-08-18T07:49:30.821534,openalex_orcid_only,official_orcid_to_openalex_author,high,false,false,,2026-08-29T03:05:51.808Z
unimelb-finance-044,Dr Nitin Yadav,A5022695584,W4410208090,Effects of GenAI on Programming-Focused Online Knowledge Communities: A Network Science Approach,2025,2025-01-01,10.2139/ssrn.5170208,https://doi.org/10.2139/ssrn.5170208,SSRN Electronic Journal,1556-5068,,1556-5068,[object Object],1,preprint,0,,,false,true,green,https://doi.org/10.2139/ssrn.5170208,Online Learning and Analytics,2026-08-05T07:39:15.569665,2026-08-05T07:39:15.569665,openalex_orcid_only,official_orcid_to_openalex_author,high,false,false,,2026-08-29T03:05:51.808Z
unimelb-finance-044,Dr Nitin Yadav,A5022695584,W4410228422,Musical Beat Recognition using Machine Learning,2025,2025-03-06,10.1109/iatmsi64286.2025.10984604,https://doi.org/10.1109/iatmsi64286.2025.10984604,,,,,[object Object]; [object Object]; [object Object]; [object Object]; [object Object],5,conference-paper,0,0,0.09370747,false,false,closed,,Music and Audio Processing; Speech and Audio Processing; Music Technology and Sound Studies,2026-07-29T14:22:42.915294,2026-07-29T14:22:42.915294,openalex_orcid_only,official_orcid_to_openalex_author,high,false,false,,2026-08-29T03:05:51.808Z
unimelb-finance-044,Dr Nitin Yadav,A5022695584,W4411218924,No Interest: The Marginalization of Women in Academic Finance,2025,2025-04-03,10.1080/13545701.2025.2483823,https://doi.org/10.1080/13545701.2025.2483823,Feminist Economics,1354-5701,1466-4372,1354-5701; 1466-4372,[object Object]; [object Object]; [object Object],3,article,0,0,0.12048157,false,true,bronze,https://www.tandfonline.com/doi/pdf/10.1080/13545701.2025.2483823?needAccess=true,Gender Diversity and Inequality; Innovations in Educational Methods,2026-08-21T09:56:20.448147,2026-08-21T09:56:20.448147,openalex_orcid_only,official_orcid_to_openalex_author,high,false,false,,2026-08-29T03:05:51.808Z
unimelb-finance-044,Dr Nitin Yadav,A5022695584,W4412739900,"A Continuous Combinatorial Financial Exchange: Design, Simulations, and Live Testing",2025,2025-01-01,10.2139/ssrn.5366872,https://doi.org/10.2139/ssrn.5366872,SSRN Electronic Journal,1556-5068,,1556-5068,[object Object]; [object Object]; [object Object]; [object Object]; [object Object],5,preprint,0,,,false,true,green,https://doi.org/10.2139/ssrn.5366872,Economic theories and models; Stochastic processes and financial applications; Auction Theory and Applications,2026-08-04T08:18:43.703281,2026-08-04T08:18:43.703281,openalex_orcid_only,official_orcid_to_openalex_author,high,false,false,,2026-08-29T03:05:51.808Z
unimelb-finance-044,Dr Nitin Yadav,A5022695584,W4413581737,"Cognitive decline, not age, explains reduced decision-making capacity in healthy older adults",2025,2025-08-25,10.31234/osf.io/qe6uw_v1,https://doi.org/10.31234/osf.io/qe6uw_v1,,,,,[object Object]; [object Object]; [object Object]; [object Object]; [object Object],5,preprint,0,,,false,true,gold,https://osf.io/qe6uw_v1/download,Aging and Gerontology Research,2026-08-23T07:36:19.812096,2026-08-23T07:36:19.812096,openalex_orcid_only,official_orcid_to_openalex_author,high,false,false,,2026-08-29T03:05:51.808Z
unimelb-finance-046,Associate Professor Qi Zeng,A5073725567,W3121430340,Stock returns and the Miller Modigliani valuation formula: Revisiting the Fama French analysis,2013,2013-08-08,10.1016/j.jfineco.2013.08.003,https://doi.org/10.1016/j.jfineco.2013.08.003,Journal of Financial Economics,0304-405X,1879-2774,0304-405X; 1879-2774,[object Object]; [object Object]; [object Object],3,article,180,9.2958,0.97944155,false,false,closed,,Financial Markets and Investment Strategies; Corporate Finance and Governance; Financial Reporting and Valuation Research,2026-08-27T14:10:00.468798,2026-08-27T14:10:00.468798,openalex_orcid_only,official_orcid_to_openalex_author,high,false,false,,2026-08-29T03:05:51.808Z
unimelb-finance-046,Associate Professor Qi Zeng,A5073725567,W3175592618,Imputation of GPS Coordinate Time Series Using missForest,2021,2021-06-12,10.3390/rs13122312,https://doi.org/10.3390/rs13122312,Remote Sensing,2072-4292,,2072-4292,[object Object]; [object Object]; [object Object]; [object Object]; [object Object]; [object Object],6,article,46,4.2199,0.94991383,false,true,gold,https://www.mdpi.com/2072-4292/13/12/2312/pdf?version=1624522232,Time Series Analysis and Forecasting; Geochemistry and Geologic Mapping; Statistical and numerical algorithms,2026-08-28T12:50:07.497085,2026-08-28T12:50:07.497085,openalex_orcid_only,official_orcid_to_openalex_author,high,false,false,,2026-08-29T03:05:51.808Z
unimelb-finance-046,Associate Professor Qi Zeng,A5073725567,W2036983953,Bootstrap-Adjusted Calibration Confidence Intervals for Immunoassay,1997,1997-03-01,10.1080/01621459.1997.10473625,https://doi.org/10.1080/01621459.1997.10473625,Journal of the American Statistical Association,0162-1459,1537-274X,0162-1459; 1537-274X,[object Object]; [object Object],2,article,33,3.4849,0.9352381,false,false,closed,,Advanced Statistical Process Monitoring; Advanced Statistical Methods and Models; Pesticide Residue Analysis and Safety,2026-07-29T09:40:50.615796,2026-07-29T09:40:50.615796,openalex_orcid_only,official_orcid_to_openalex_author,high,false,false,,2026-08-29T03:05:51.808Z
unimelb-finance-046,Associate Professor Qi Zeng,A5073725567,W4408962240,"Generative AI-based spatiotemporal resilience, green and low-carbon transformation strategy of smart renewable energy systems",2025,2025-03-26,10.1007/s42524-025-4147-6,https://doi.org/10.1007/s42524-025-4147-6,Frontiers of Engineering Management,2095-7513,2096-0255,2095-7513; 2096-0255,[object Object]; [object Object]; [object Object],3,article,29,12.4056,0.99358372,false,false,closed,,Infrastructure Resilience and Vulnerability Analysis; Integrated Energy Systems Optimization; Smart Grid Security and Resilience,2026-08-27T14:10:00.468798,2026-08-27T14:10:00.468798,openalex_orcid_only,official_orcid_to_openalex_author,high,false,false,,2026-08-29T03:05:51.808Z
unimelb-finance-046,Associate Professor Qi Zeng,A5073725567,W2006297038,Efficacy of mechanical bowel preparation with polyethylene glycol in prevention of postoperative complications in elective colorectal surgery: a meta-analysis,2009,2009-11-18,10.1007/s00384-009-0834-8,https://doi.org/10.1007/s00384-009-0834-8,International Journal of Colorectal Disease,0179-1958,1432-1262,0179-1958; 1432-1262,[object Object]; [object Object]; [object Object]; [object Object]; [object Object]; [object Object],6,review,60,0.8512,0.65250965,false,false,closed,,Surgical site infection prevention; Colorectal Cancer Surgical Treatments; Infection Control in Healthcare,2026-08-21T09:56:20.448147,2026-08-21T09:56:20.448147,openalex_orcid_only,official_orcid_to_openalex_author,high,false,false,,2026-08-29T03:05:51.808Z
unimelb-finance-046,Associate Professor Qi Zeng,A5073725567,W922812205,The effect of radiofrequency ablation vs. liver resection on survival outcome of colorectal liver metastases (CRLM): a meta-analysis.,2015,2015-06-16,,https://pubmed.ncbi.nlm.nih.gov/25916066,PubMed,,,,[object Object]; [object Object]; [object Object]; [object Object]; [object Object],5,article,29,2.4983,0.89521277,false,false,closed,,Hepatocellular Carcinoma Treatment and Prognosis; Intraperitoneal and Appendiceal Malignancies; Cholangiocarcinoma and Gallbladder Cancer Studies,2026-08-21T09:56:20.448147,2026-08-21T09:56:20.448147,openalex_orcid_only,official_orcid_to_openalex_author,high,false,false,,2026-08-29T03:05:51.808Z
unimelb-finance-046,Associate Professor Qi Zeng,A5073725567,W4386788625,Recent advances in the metabolic engineering and physiological opportunities for microbial synthesis of L-aspartic acid family amino acids: A review,2023,2023-09-15,10.1016/j.ijbiomac.2023.126916,https://doi.org/10.1016/j.ijbiomac.2023.126916,International Journal of Biological Macromolecules,0141-8130,1879-0003,0141-8130; 1879-0003,[object Object]; [object Object]; [object Object]; [object Object]; [object Object]; [object Object]; [object Object]; [object Object]; [object Object],9,article,15,1.9479,0.84538048,false,false,closed,,Amino Acid Enzymes and Metabolism; Microbial Metabolic Engineering and Bioproduction; Enzyme Structure and Function,2026-08-28T12:50:07.497085,2026-08-28T12:50:07.497085,openalex_orcid_only,official_orcid_to_openalex_author,high,false,false,,2026-08-29T03:05:51.808Z
unimelb-finance-046,Associate Professor Qi Zeng,A5073725567,W4394789956,The impact of environmental protection tax on green total factor productivity: China’s exceptional approach,2024,2024-04-14,10.1007/s10668-024-04860-7,https://doi.org/10.1007/s10668-024-04860-7,Environment Development and Sustainability,1387-585X,1573-2975,1387-585X; 1573-2975,[object Object]; [object Object]; [object Object],3,article,10,6.5466,0.96019872,false,false,closed,,"Economic and Environmental Valuation; Energy, Environment, Economic Growth; Fiscal Policy and Economic Growth",2026-08-28T12:50:07.497085,2026-08-28T12:50:07.497085,openalex_orcid_only,official_orcid_to_openalex_author,high,false,false,,2026-08-29T03:05:51.808Z
unimelb-finance-046,Associate Professor Qi Zeng,A5073725567,W2056566424,"A multicenter, randomized, controlled trial to evaluate the safety profile, tolerability, and efficacy of rofecoxib in advanced elderly patients with osteoarthritis",2001,2001-04-01,10.1007/bf03351533,https://doi.org/10.1007/bf03351533,Aging Clinical and Experimental Research,1594-0667,1720-8319,1594-0667; 1720-8319,[object Object]; [object Object]; [object Object]; [object Object]; [object Object]; [object Object]; [object Object]; [object Object],8,article,79,7.3732,0.97426315,false,false,closed,,Inflammatory mediators and NSAID effects; Neuropeptides and Animal Physiology; Synthesis of β-Lactam Compounds,2026-08-21T09:56:20.448147,2026-08-21T09:56:20.448147,openalex_orcid_only,official_orcid_to_openalex_author,high,false,false,,2026-08-29T03:05:51.808Z
unimelb-finance-046,Associate Professor Qi Zeng,A5073725567,W2102457310,Beyond the Central Tendency: Quantile Regression as a Tool in Quantitative Investing,2009,2009-04-30,10.3905/jpm.2009.35.3.106,https://doi.org/10.3905/jpm.2009.35.3.106,The Journal of Portfolio Management,0095-4918,2168-8656,0095-4918; 2168-8656,[object Object]; [object Object]; [object Object],3,article,28,8.6172,0.97243576,false,false,closed,,Complex Systems and Time Series Analysis; Financial Markets and Investment Strategies; Stock Market Forecasting Methods,2026-08-21T09:56:20.448147,2026-08-21T09:56:20.448147,openalex_orcid_only,official_orcid_to_openalex_author,high,false,false,,2026-08-29T03:05:51.808Z
unimelb-finance-046,Associate Professor Qi Zeng,A5073725567,W4315643845,A weighted mean temperature model using principal component analysis for Greenland,2023,2023-01-01,10.1007/s10291-022-01392-3,https://doi.org/10.1007/s10291-022-01392-3,GPS Solutions,1080-5370,1521-1886,1080-5370; 1521-1886,[object Object]; [object Object]; [object Object]; [object Object]; [object Object]; [object Object]; [object Object],7,article,13,7.668,0.96226564,false,false,closed,,GNSS positioning and interference; Geophysics and Gravity Measurements; Ionosphere and magnetosphere dynamics,2026-08-28T12:50:07.497085,2026-08-28T12:50:07.497085,openalex_orcid_only,official_orcid_to_openalex_author,high,false,false,,2026-08-29T03:05:51.808Z
unimelb-finance-046,Associate Professor Qi Zeng,A5073725567,W4400697749,Effect of probiotics or synbiotics on skeletal muscle in older adults: a systematic review and meta-analysis of randomized controlled trials,2024,2024-03-01,10.26599/agr.2024.9340028,https://doi.org/10.26599/agr.2024.9340028,Aging Research,2957-8701,2957-9295,2957-8701; 2957-9295,[object Object]; [object Object]; [object Object],3,review,3,0.3638,0.50402145,false,true,hybrid,https://www.sciopen.com/local/article_pdf/10.26599/AGR.2024.9340028.pdf,Nutrition and Health in Aging; Diet and metabolism studies; Therapeutic Uses of Natural Elements,2026-08-25T07:29:55.448023,2026-08-25T07:29:55.448023,openalex_orcid_only,official_orcid_to_openalex_author,high,false,false,,2026-08-29T03:05:51.808Z
unimelb-finance-046,Associate Professor Qi Zeng,A5073725567,W4417050490,Investigation of Hot Spot Migration in an Annular Combustor Using the SAS Turbulence Model,2025,2025-12-02,10.3390/en18236330,https://doi.org/10.3390/en18236330,Energies,1996-1073,,1996-1073,[object Object]; [object Object]; [object Object]; [object Object]; [object Object]; [object Object]; [object Object],7,article,2,1.2464,0.79093388,false,true,gold,https://doi.org/10.3390/en18236330,Combustion and flame dynamics; Turbomachinery Performance and Optimization; Computational Fluid Dynamics and Aerodynamics,2026-08-21T09:56:20.448147,2026-08-21T09:56:20.448147,openalex_orcid_only,official_orcid_to_openalex_author,high,false,false,,2026-08-29T03:05:51.808Z
unimelb-finance-046,Associate Professor Qi Zeng,A5073725567,W75297534,"Effect of specific COX-2 inhibition in osteoarthritis of the knee: a 6 week double blind, placebo controlled pilot study of rofecoxib. Rofecoxib Osteoarthritis Pilot Study Group.",1999,1999-11-01,,https://pubmed.ncbi.nlm.nih.gov/10555907,PubMed,,,,[object Object]; [object Object]; [object Object]; [object Object]; [object Object]; [object Object]; [object Object]; [object Object]; [object Object]; [object Object]; [object Object],11,article,148,13.6805,0.99152322,false,false,closed,,Inflammatory mediators and NSAID effects; Osteoarthritis Treatment and Mechanisms; Anesthesia and Pain Management,2026-08-21T09:56:20.448147,2026-08-21T09:56:20.448147,openalex_orcid_only,official_orcid_to_openalex_author,high,false,false,,2026-08-29T03:05:51.808Z
unimelb-finance-046,Associate Professor Qi Zeng,A5073725567,W1998213501,"The safety profile, tolerability, and effective dose range of rofecoxib in the treatment of rheumatoid arthritis",1999,1999-10-01,10.1016/s0149-2918(99)80048-4,https://doi.org/10.1016/s0149-2918(99)80048-4,Clinical Therapeutics,0149-2918,1879-114X,0149-2918; 1879-114X,[object Object]; [object Object]; [object Object]; [object Object]; [object Object]; [object Object]; [object Object]; [object Object]; [object Object],9,article,137,14.1218,0.99186922,false,false,closed,,Inflammatory mediators and NSAID effects; Drug-Induced Adverse Reactions; Pharmacogenetics and Drug Metabolism,2026-08-21T09:56:20.448147,2026-08-21T09:56:20.448147,openalex_orcid_only,official_orcid_to_openalex_author,high,false,false,,2026-08-29T03:05:51.808Z
unimelb-finance-046,Associate Professor Qi Zeng,A5073725567,W2018840192,REVERSE AUCTION: THE LOWEST UNIQUE POSITIVE INTEGER GAME,2007,2007-12-01,10.1142/s0219477507004069,https://doi.org/10.1142/s0219477507004069,Fluctuation and Noise Letters,0219-4775,1793-6780,0219-4775; 1793-6780,[object Object]; [object Object]; [object Object],3,article,19,1.1151,0.80568137,false,false,closed,,Auction Theory and Applications; Consumer Market Behavior and Pricing; Experimental Behavioral Economics Studies,2026-08-14T07:06:38.338062,2026-08-14T07:06:38.338062,openalex_orcid_only,official_orcid_to_openalex_author,high,false,false,,2026-08-29T03:05:51.808Z
unimelb-finance-046,Associate Professor Qi Zeng,A5073725567,W2072684801,"Consumption, Income, and Wealth: Evidence from Age, Cohort, and Period Elasticities",2015,2015-03-10,10.1111/roiw.12182,https://doi.org/10.1111/roiw.12182,Review of Income and Wealth,0034-6586,1475-4991,0034-6586; 1475-4991,[object Object]; [object Object],2,article,11,1.0886,0.86865516,false,false,closed,,"Housing Market and Economics; Financial Literacy, Pension, Retirement Analysis; Global Health Care Issues",2026-08-21T09:56:20.448147,2026-08-21T09:56:20.448147,openalex_orcid_only,official_orcid_to_openalex_author,high,false,false,,2026-08-29T03:05:51.808Z
unimelb-finance-046,Associate Professor Qi Zeng,A5073725567,W3037267890,"The effects of industry dynamism, firm size, and ownership on HR strategic integration in China",2020,2020-06-25,10.1080/09585192.2020.1783344,https://doi.org/10.1080/09585192.2020.1783344,The International Journal of Human Resource Management,0958-5192,1466-4399,0958-5192; 1466-4399,[object Object]; [object Object]; [object Object]; [object Object]; [object Object]; [object Object],6,article,7,1.0368,0.8359516,false,false,closed,,Innovation and Knowledge Management; International Business and FDI; Corporate Finance and Governance,2026-08-15T07:11:24.734988,2026-08-15T07:11:24.734988,openalex_orcid_only,official_orcid_to_openalex_author,high,false,false,,2026-08-29T03:05:51.808Z
unimelb-finance-046,Associate Professor Qi Zeng,A5073725567,W2582615119,The Unintended Consequences of Regulations in Emerging Financial Markets: Evidence from the Chinese IPO Market,2020,2020-01-04,10.1080/1540496x.2019.1689118,https://doi.org/10.1080/1540496x.2019.1689118,Emerging Markets Finance and Trade,1061-2009,1540-496X,1061-2009; 1540-496X; 1558-0938,[object Object]; [object Object]; [object Object]; [object Object],4,article,5,0.6102,0.70513067,false,false,closed,,"Corporate Finance and Governance; Auditing, Earnings Management, Governance; Private Equity and Venture Capital",2026-08-15T07:11:24.734988,2026-08-15T07:11:24.734988,openalex_orcid_only,official_orcid_to_openalex_author,high,false,false,,2026-08-29T03:05:51.808Z
unimelb-finance-046,Associate Professor Qi Zeng,A5073725567,W3171355852,Prognostic value of plasma IL-27 on biological viability of hepatic cystic echinococcosis,2021,2021-06-06,10.1016/j.ijid.2021.06.003,https://doi.org/10.1016/j.ijid.2021.06.003,International Journal of Infectious Diseases,1201-9712,1878-3511,1201-9712; 1878-3511,[object Object]; [object Object]; [object Object]; [object Object]; [object Object]; [object Object]; [object Object]; [object Object]; [object Object]; [object Object]; [object Object],11,article,5,0.4296,0.58939666,false,true,gold,http://www.ijidonline.com/article/S1201971221004926/pdf,Parasitic infections in humans and animals; Tuberous Sclerosis Complex Research; Endometriosis Research and Treatment,2026-08-28T12:50:07.497085,2026-08-28T12:50:07.497085,openalex_orcid_only,official_orcid_to_openalex_author,high,false,false,,2026-08-29T03:05:51.808Z
unimelb-finance-046,Associate Professor Qi Zeng,A5073725567,W4321494431,"Ownership Structure, Incentives, and Asset Returns",2023,2023-02-22,10.1287/mnsc.2023.4696,https://doi.org/10.1287/mnsc.2023.4696,Management Science,0025-1909,1526-5501,0025-1909; 1526-5501,[object Object]; [object Object]; [object Object],3,article,1,0.4,0.60221018,false,false,closed,,"Corporate Finance and Governance; Financial Markets and Investment Strategies; Banking stability, regulation, efficiency",2026-08-26T07:47:46.906454,2026-08-26T07:47:46.906454,openalex_orcid_only,official_orcid_to_openalex_author,high,false,false,,2026-08-29T03:05:51.808Z
unimelb-finance-046,Associate Professor Qi Zeng,A5073725567,W2014540987,Testing the growth option theory: the profitability of enhanced momentum strategies in Australia,2011,2011-02-09,10.1111/j.1467-629x.2011.00401.x,https://doi.org/10.1111/j.1467-629x.2011.00401.x,Accounting and Finance,0810-5391,1467-629X,0810-5391; 1467-629X,[object Object]; [object Object]; [object Object],3,article,8,1.4153,0.87510089,false,false,closed,,Corporate Finance and Governance; Financial Markets and Investment Strategies; Financial Reporting and Valuation Research,2026-08-21T09:56:20.448147,2026-08-21T09:56:20.448147,openalex_orcid_only,official_orcid_to_openalex_author,high,false,false,,2026-08-29T03:05:51.808Z
unimelb-finance-046,Associate Professor Qi Zeng,A5073725567,W3157552870,Laparoscopic Versus Open Appendectomy for Appendicitis in Pregnancy: Systematic Review and Meta-Analysis,2021,2021-05-03,10.1097/sle.0000000000000943,https://doi.org/10.1097/sle.0000000000000943,Surgical Laparoscopy Endoscopy & Percutaneous Techniques,1530-4515,1534-4908,1530-4515; 1534-4908,[object Object]; [object Object]; [object Object]; [object Object]; [object Object]; [object Object]; [object Object]; [object Object]; [object Object]; [object Object],10,review,6,0.5464,0.55220418,false,false,closed,,Appendicitis Diagnosis and Management; Minimally Invasive Surgical Techniques; Ectopic Pregnancy Diagnosis and Management,2026-08-21T09:56:20.448147,2026-08-21T09:56:20.448147,openalex_orcid_only,official_orcid_to_openalex_author,high,false,false,,2026-08-29T03:05:51.808Z
unimelb-finance-046,Associate Professor Qi Zeng,A5073725567,W2509783281,Assessing the Reliability of a Multistate Logistics Network under the Transportation Cost Constraint,2016,2016-01-01,10.1155/2016/2628950,https://doi.org/10.1155/2016/2628950,Discrete Dynamics in Nature and Society,1026-0226,1607-887X,1026-0226; 1607-887X,[object Object]; [object Object],2,article,5,0.4056,0.69320568,false,true,gold,https://downloads.hindawi.com/journals/ddns/2016/2628950.pdf,Reliability and Maintenance Optimization; Risk and Safety Analysis; Software Reliability and Analysis Research,2026-08-21T09:56:20.448147,2026-08-21T09:56:20.448147,openalex_orcid_only,official_orcid_to_openalex_author,high,false,false,,2026-08-29T03:05:51.808Z
unimelb-finance-046,Associate Professor Qi Zeng,A5073725567,W3125477534,Venture capitalists' value-enhancing activities under weak protection of law,2017,2017-12-14,10.1016/j.pacfin.2017.12.006,https://doi.org/10.1016/j.pacfin.2017.12.006,Pacific-Basin Finance Journal,0927-538X,1879-0585,0927-538X; 1879-0585,[object Object]; [object Object]; [object Object]; [object Object],4,article,4,0.5755,0.80580239,false,false,closed,,Private Equity and Venture Capital; Corporate Finance and Governance; Auction Theory and Applications,2026-08-21T09:56:20.448147,2026-08-21T09:56:20.448147,openalex_orcid_only,official_orcid_to_openalex_author,high,false,false,,2026-08-29T03:05:51.808Z
unimelb-finance-046,Associate Professor Qi Zeng,A5073725567,W3040804849,A difference measurement points planning method for large-scale surface of aircraft,2020,2020-05-19,10.13700/j.bh.1001-5965.2019.0334,https://doi.org/10.13700/j.bh.1001-5965.2019.0334,Beijing Hangkong Hangtian Daxue xuebao,1001-5965,,1001-5965,[object Object]; [object Object]; [object Object]; [object Object]; [object Object],5,article,2,0.1235,0.42065232,false,false,closed,,Advanced Measurement and Metrology Techniques; Surface Roughness and Optical Measurements; Advanced Numerical Analysis Techniques,2026-06-11T09:08:48.828518,2026-06-11T09:08:48.828518,openalex_orcid_only,official_orcid_to_openalex_author,high,false,false,,2026-08-29T03:05:51.808Z
unimelb-finance-046,Associate Professor Qi Zeng,A5073725567,W2093227608,Testing homogeneity of intra-run variance parameters in immunoassay,1997,1997-08-15,10.1002/(sici)1097-0258(19970815)16:15<1765::aid-sim603>3.0.co;2-p,https://doi.org/10.1002/(sici)1097-0258(19970815)16:15<1765::aid-sim603>3.0.co;2-p,Statistics in Medicine,0277-6715,1097-0258,0277-6715; 1097-0258,[object Object]; [object Object],2,article,12,1.5067,0.81214363,false,false,closed,,Microfluidic and Bio-sensing Technologies,2026-08-21T09:56:20.448147,2026-08-21T09:56:20.448147,openalex_orcid_only,official_orcid_to_openalex_author,high,false,false,,2026-08-29T03:05:51.808Z
unimelb-finance-046,Associate Professor Qi Zeng,A5073725567,W2312960002,Calibration Inference Based on Multiple Runs of an Immunoassay,1997,1997-12-01,10.2307/2533499,https://doi.org/10.2307/2533499,Biometrics,0006-341X,1541-0420,0006-341X; 1541-0420,[object Object]; [object Object],2,article,11,0.2352,0.5311349,false,false,closed,,Advanced Biosensing Techniques and Applications; Spectroscopy and Chemometric Analyses; Gene expression and cancer classification,2026-08-21T09:56:20.448147,2026-08-21T09:56:20.448147,openalex_orcid_only,official_orcid_to_openalex_author,high,false,false,,2026-08-29T03:05:51.808Z
unimelb-finance-046,Associate Professor Qi Zeng,A5073725567,W2130712898,Dual-Objective Bayesian Optimal Designs for a Dose-Ranging Study,2000,2000-04-01,10.1177/009286150003400210,https://doi.org/10.1177/009286150003400210,Drug Information Journal,0092-8615,2164-9200,0092-8615; 2164-9200,[object Object]; [object Object]; [object Object],3,article,10,0.4612,0.71011001,false,false,closed,,Optimal Experimental Design Methods; Statistical Methods in Clinical Trials,2026-07-29T09:40:50.615796,2026-07-29T09:40:50.615796,openalex_orcid_only,official_orcid_to_openalex_author,high,false,false,,2026-08-29T03:05:51.808Z
unimelb-finance-046,Associate Professor Qi Zeng,A5073725567,W3107498172,Measurement of the transverse momentum and Øn∗ distributions of Drell–Yan lepton pairs in proton–proton collisions at √s = 8 TeV with the ATLAS detector,2016,2016-05-23,,http://eprints.whiterose.ac.uk/102956/1/MeasurmentOfTransverseMomentum.pdf,"White Rose Research Online (University of Leeds, The University of Sheffield, University of York)",,,,[object Object]; [object Object]; [object Object]; [object Object]; [object Object]; [object Object]; [object Object]; [object Object]; [object Object]; [object Object]; [object Object]; [object Object]; [object Object]; [object Object]; [object Object]; [object Object]; [object Object]; [object Object]; [object Object]; [object Object]; [object Object]; [object Object]; [object Object]; [object Object]; [object Object]; [object Object]; [object Object]; [object Object]; [object Object]; [object Object]; [object Object]; [object Object]; [object Object]; [object Object]; [object Object]; [object Object]; [object Object]; [object Object]; [object Object]; [object Object]; [object Object]; [object Object]; [object Object]; [object Object]; [object Object]; [object Object]; [object Object]; [object Object]; [object Object]; [object Object]; [object Object]; [object Object]; [object Object]; [object Object]; [object Object]; [object Object]; [object Object]; [object Object]; [object Object]; [object Object]; [object Object]; [object Object]; [object Object]; [object Object]; [object Object]; [object Object]; [object Object]; [object Object]; [object Object]; [object Object]; [object Object]; [object Object]; [object Object]; [object Object]; [object Object]; [object Object]; [object Object]; [object Object]; [object Object]; [object Object]; [object Object]; [object Object]; [object Object]; [object Object]; [object Object]; [object Object]; [object Object]; [object Object]; [object Object]; [object Object]; [object Object]; [object Object]; [object Object]; [object Object]; [object Object]; [object Object]; [object Object]; [object Object]; [object Object]; [object Object],100,article,5,1.1682,0.87794689,false,true,green,http://eprints.whiterose.ac.uk/102956/1/MeasurmentOfTransverseMomentum.pdf,Particle physics theoretical and experimental studies; High-Energy Particle Collisions Research; Quantum Chromodynamics and Particle Interactions,2026-08-21T09:56:20.448147,2026-08-21T09:56:20.448147,openalex_orcid_only,official_orcid_to_openalex_author,high,false,false,,2026-08-29T03:05:51.808Z
unimelb-finance-046,Associate Professor Qi Zeng,A5073725567,W4253845038,Bootstrap-Adjusted Calibration Confidence Intervals for Immunoassay,1997,1997-03-01,10.2307/2291472,https://doi.org/10.2307/2291472,Journal of the American Statistical Association,0162-1459,1537-274X,0162-1459; 1537-274X,[object Object]; [object Object],2,article,3,0.58,0.78555858,false,false,closed,,Advanced Statistical Process Monitoring; Pesticide Residue Analysis and Safety; Analytical Chemistry and Sensors,2026-07-30T17:31:21.811387,2026-07-30T17:31:21.811387,openalex_orcid_only,official_orcid_to_openalex_author,high,false,false,,2026-08-29T03:05:51.808Z
unimelb-finance-046,Associate Professor Qi Zeng,A5073725567,W1966048329,"Mössbauer studies on ancient pottery from a neolithic site in Tung Wan, Hong Kong",1994,1994-12-01,10.1007/bf02064582,https://doi.org/10.1007/bf02064582,Hyperfine Interactions,0304-3843,0304-3834,0304-3843; 0304-3834; 1572-9540,[object Object]; [object Object]; [object Object]; [object Object]; [object Object],5,article,2,0,0.25124316,false,false,closed,,Cultural Heritage Materials Analysis; X-ray Spectroscopy and Fluorescence Analysis; X-ray Diffraction in Crystallography,2026-08-21T09:56:20.448147,2026-08-21T09:56:20.448147,openalex_orcid_only,official_orcid_to_openalex_author,high,false,false,,2026-08-29T03:05:51.808Z
unimelb-finance-046,Associate Professor Qi Zeng,A5073725567,W4382723500,Retail Investor Trading Intentions: New Evidence from Australia*,2023,2023-06-29,10.1111/1475-4932.12752,https://doi.org/10.1111/1475-4932.12752,Economic Record,0013-0249,1475-4932,0013-0249; 1475-4932,[object Object]; [object Object]; [object Object],3,article,1,0.2464,0.5592749,false,true,hybrid,https://onlinelibrary.wiley.com/doi/pdfdirect/10.1111/1475-4932.12752,Financial Markets and Investment Strategies; Corporate Finance and Governance; Housing Market and Economics,2026-08-28T12:50:07.497085,2026-08-28T12:50:07.497085,openalex_orcid_only,official_orcid_to_openalex_author,high,false,false,,2026-08-29T03:05:51.808Z
unimelb-finance-046,Associate Professor Qi Zeng,A5073725567,W2086167954,Fe-57 Mössbauer effect studies of some ancient Chinese pottery from xudun,1988,1988-12-01,10.1007/bf02400512,https://doi.org/10.1007/bf02400512,Hyperfine Interactions,0304-3843,0304-3834,0304-3843; 0304-3834; 1572-9540,[object Object]; [object Object]; [object Object]; [object Object]; [object Object]; [object Object],6,article,6,5.566,0.94277998,false,false,closed,,Cultural Heritage Materials Analysis; X-ray Spectroscopy and Fluorescence Analysis; Geomagnetism and Paleomagnetism Studies,2026-08-21T09:56:20.448147,2026-08-21T09:56:20.448147,openalex_orcid_only,official_orcid_to_openalex_author,high,false,false,,2026-08-29T03:05:51.808Z
unimelb-finance-046,Associate Professor Qi Zeng,A5073725567,W1970892238,Stock Returns and the Miller-Modigliani Valuation Formula: Revisiting the Fama-French Analysis,2012,2012-01-01,10.2139/ssrn.1800603,https://doi.org/10.2139/ssrn.1800603,SSRN Electronic Journal,1556-5068,,1556-5068,[object Object]; [object Object]; [object Object],3,preprint,57,,,false,true,green,https://doi.org/10.2139/ssrn.1800603,Financial Reporting and Valuation Research; Financial Markets and Investment Strategies; Corporate Finance and Governance,2026-08-14T07:06:38.338062,2026-08-14T07:06:38.338062,openalex_orcid_only,official_orcid_to_openalex_author,high,false,false,,2026-08-29T03:05:51.808Z
unimelb-finance-046,Associate Professor Qi Zeng,A5073725567,W2156262421,Equilibrium Stock Return Dynamics Under Alternative Rules of Learning About Hidden States,2003,2003-01-01,10.2139/ssrn.437661,https://doi.org/10.2139/ssrn.437661,SSRN Electronic Journal,1556-5068,,1556-5068,[object Object]; [object Object]; [object Object],3,preprint,23,,,false,true,green,https://doi.org/10.2139/ssrn.437661,Financial Markets and Investment Strategies; Complex Systems and Time Series Analysis; Market Dynamics and Volatility,2026-08-21T09:56:20.448147,2026-08-21T09:56:20.448147,openalex_orcid_only,official_orcid_to_openalex_author,high,false,false,,2026-08-29T03:05:51.808Z
unimelb-finance-046,Associate Professor Qi Zeng,A5073725567,W2587990672,"Ownership Structure, Incentives, and Asset Prices",2016,2016-01-01,10.2139/ssrn.2880261,https://doi.org/10.2139/ssrn.2880261,SSRN Electronic Journal,1556-5068,,1556-5068,[object Object]; [object Object]; [object Object],3,preprint,3,,,false,true,green,https://doi.org/10.2139/ssrn.2880261,Corporate Finance and Governance; Financial Markets and Investment Strategies; Housing Market and Economics,2026-08-21T09:56:20.448147,2026-08-21T09:56:20.448147,openalex_orcid_only,official_orcid_to_openalex_author,high,false,false,,2026-08-29T03:05:51.808Z
unimelb-finance-046,Associate Professor Qi Zeng,A5073725567,W3125032502,Equilibrium Stock Return Dynamics Under Alternative Rules of Learning About Hidden States,2001,2001-04-01,,https://econpapers.repec.org/paper/scescecf1/41.htm,RePEc: Research Papers in Economics,,,,[object Object]; [object Object]; [object Object],3,preprint,3,,,false,false,closed,,Complex Systems and Time Series Analysis; Financial Markets and Investment Strategies; Stock Market Forecasting Methods,2026-06-11T09:08:48.828518,2026-06-11T09:08:48.828518,openalex_orcid_only,official_orcid_to_openalex_author,high,false,false,,2026-08-29T03:05:51.808Z
unimelb-finance-046,Associate Professor Qi Zeng,A5073725567,W3021008133,The Unintended Consequences of Government Regulations in Emerging Financial Markets: Evidence from the Chinese IPO Market,2016,2016-01-01,10.2139/ssrn.2885023,https://doi.org/10.2139/ssrn.2885023,SSRN Electronic Journal,1556-5068,,1556-5068,[object Object]; [object Object]; [object Object]; [object Object],4,preprint,2,,,false,true,green,https://doi.org/10.2139/ssrn.2885023,"Corporate Finance and Governance; Auditing, Earnings Management, Governance; Private Equity and Venture Capital",2026-07-27T08:26:11.824852,2026-07-27T08:26:11.824852,openalex_orcid_only,official_orcid_to_openalex_author,high,false,false,,2026-08-29T03:05:51.808Z
unimelb-finance-046,Associate Professor Qi Zeng,A5073725567,W3131418348,A Multi-Factor Model of Idiosyncratic Volatility,2019,2019-01-01,10.2139/ssrn.3221878,https://doi.org/10.2139/ssrn.3221878,SSRN Electronic Journal,1556-5068,,1556-5068,[object Object]; [object Object]; [object Object],3,preprint,2,,,false,true,green,https://doi.org/10.2139/ssrn.3221878,Financial Markets and Investment Strategies; Stochastic processes and financial applications; Financial Risk and Volatility Modeling,2026-08-04T08:18:43.703281,2026-08-04T08:18:43.703281,openalex_orcid_only,official_orcid_to_openalex_author,high,false,false,,2026-08-29T03:05:51.808Z
unimelb-finance-046,Associate Professor Qi Zeng,A5073725567,W3125559922,Two Paths to Financial Distress,2008,2008-01-01,10.2139/ssrn.1089318,https://doi.org/10.2139/ssrn.1089318,SSRN Electronic Journal,1556-5068,,1556-5068,[object Object]; [object Object]; [object Object],3,preprint,1,,,false,true,green,https://doi.org/10.2139/ssrn.1089318,Credit Risk and Financial Regulations; Corporate Finance and Governance; Financial Markets and Investment Strategies,2026-08-21T09:56:20.448147,2026-08-21T09:56:20.448147,openalex_orcid_only,official_orcid_to_openalex_author,high,false,false,,2026-08-29T03:05:51.808Z
unimelb-finance-046,Associate Professor Qi Zeng,A5073725567,W4293192594,"Past Exposure, Risk Perception, and Risk-Taking during a Local COVID-19 Shock",2022,2022-01-01,10.2139/ssrn.4028348,https://doi.org/10.2139/ssrn.4028348,SSRN Electronic Journal,1556-5068,,1556-5068,[object Object]; [object Object]; [object Object]; [object Object],4,preprint,1,,,false,true,green,https://doi.org/10.2139/ssrn.4028348,Disaster Management and Resilience; Risk Perception and Management; Public Relations and Crisis Communication,2026-08-04T08:18:43.703281,2026-08-04T08:18:43.703281,openalex_orcid_only,official_orcid_to_openalex_author,high,false,false,,2026-08-29T03:05:51.808Z
unimelb-finance-046,Associate Professor Qi Zeng,A5073725567,W1562945619,Background Risk and Trading in a Full-Information Rational Expectations Economy,2012,2012-01-09,,http://archive.nyu.edu/handle/2451/31419,Faculty Digital Archive (New York University Florence),,,,[object Object]; [object Object]; [object Object],3,report,0,,,false,true,green,http://archive.nyu.edu/handle/2451/31419,Financial Markets and Investment Strategies; Economic theories and models; Stochastic processes and financial applications,2026-08-21T09:56:20.448147,2026-08-21T09:56:20.448147,openalex_orcid_only,official_orcid_to_openalex_author,high,false,false,,2026-08-29T03:05:51.808Z
unimelb-finance-046,Associate Professor Qi Zeng,A5073725567,W1715453724,Quantitative Investing in Emerging Markets,2010,2010-01-01,10.2139/ssrn.1705588,https://doi.org/10.2139/ssrn.1705588,SSRN Electronic Journal,1556-5068,,1556-5068,[object Object],1,preprint,0,,,false,true,green,https://doi.org/10.2139/ssrn.1705588,Financial Markets and Investment Strategies; Market Dynamics and Volatility; Insurance and Financial Risk Management,2026-08-21T09:56:20.448147,2026-08-21T09:56:20.448147,openalex_orcid_only,official_orcid_to_openalex_author,high,false,false,,2026-08-29T03:05:51.808Z
unimelb-finance-046,Associate Professor Qi Zeng,A5073725567,W1870870493,Notice of Retraction: The analysis of network marketing in China's garment industry,2011,2011-05-01,10.1109/icebeg.2011.5881845,https://doi.org/10.1109/icebeg.2011.5881845,,,,,[object Object]; [object Object],2,conference-paper,0,0,0.14342895,true,false,closed,,Consumer Behavior in Brand Consumption and Identification; Customer Service Quality and Loyalty; Business Strategy and Innovation,2026-08-06T08:24:18.245995,2026-08-06T08:24:18.245995,openalex_orcid_only,official_orcid_to_openalex_author,high,false,true,OpenAlex marks this work as retracted,2026-08-29T03:05:51.808Z
unimelb-finance-046,Associate Professor Qi Zeng,A5073725567,W2255983842,Can We Incorporate Higher Moments in Factor Models?,2010,2010-01-01,10.2139/ssrn.1721794,https://doi.org/10.2139/ssrn.1721794,SSRN Electronic Journal,1556-5068,,1556-5068,[object Object]; [object Object],2,preprint,0,,,false,true,green,https://doi.org/10.2139/ssrn.1721794,Efficiency Analysis Using DEA; Diverse Scientific and Economic Studies; Risk Management in Financial Firms,2026-08-21T09:56:20.448147,2026-08-21T09:56:20.448147,openalex_orcid_only,official_orcid_to_openalex_author,high,false,false,,2026-08-29T03:05:51.808Z
unimelb-finance-046,Associate Professor Qi Zeng,A5073725567,W2260202590,Two Paths to Financial Distress,2008,2008-01-01,10.2139/ssrn.1102093,https://doi.org/10.2139/ssrn.1102093,SSRN Electronic Journal,1556-5068,,1556-5068,[object Object]; [object Object]; [object Object],3,preprint,0,,,false,true,green,https://doi.org/10.2139/ssrn.1102093,Corporate Finance and Governance; Credit Risk and Financial Regulations; Financial Markets and Investment Strategies,2026-08-26T07:47:46.906454,2026-08-26T07:47:46.906454,openalex_orcid_only,official_orcid_to_openalex_author,high,false,false,,2026-08-29T03:05:51.808Z
unimelb-finance-046,Associate Professor Qi Zeng,A5073725567,W2317748196,Asset Pricing Theory,2011,2011-08-19,10.1111/j.1475-4932.2011.00756.x,https://doi.org/10.1111/j.1475-4932.2011.00756.x,Economic Record,0013-0249,1475-4932,0013-0249; 1475-4932,[object Object],1,article,0,0,0.2460487,false,false,closed,,Economic theories and models; Housing Market and Economics; Economic Theory and Policy,2026-08-21T09:56:20.448147,2026-08-21T09:56:20.448147,openalex_orcid_only,official_orcid_to_openalex_author,high,false,false,,2026-08-29T03:05:51.808Z
unimelb-finance-046,Associate Professor Qi Zeng,A5073725567,W2332945898,The Characteristics and Sequence of Development of Neolithic Cultures in China,1988,1988-07-01,10.2753/csa0009-4625200473,https://doi.org/10.2753/csa0009-4625200473,Chinese Sociology & Anthropology,0009-4625,1558-1004,0009-4625; 1558-1004,[object Object],1,article,0,0,0.2037246,false,false,closed,,Archaeology and ancient environmental studies; Pacific and Southeast Asian Studies; Environmental and Cultural Studies in Latin America and Beyond,2026-07-29T09:40:50.615796,2026-07-29T09:40:50.615796,openalex_orcid_only,official_orcid_to_openalex_author,high,false,false,,2026-08-29T03:05:51.808Z
unimelb-finance-046,Associate Professor Qi Zeng,A5073725567,W2337296078,"Housing Wealth, Financial Wealth and Consumption: A Direct Test ⁄",2007,2007-01-01,,http://citeseerx.ist.psu.edu/viewdoc/summary?doi=10.1.1.519.7668,,,,,[object Object]; [object Object]; [object Object],3,article,0,0,0.23321266,false,false,closed,,"Housing Market and Economics; Financial Literacy, Pension, Retirement Analysis; Housing, Finance, and Neoliberalism",2026-08-26T07:47:46.906454,2026-08-26T07:47:46.906454,openalex_orcid_only,official_orcid_to_openalex_author,high,false,false,,2026-08-29T03:05:51.808Z
unimelb-finance-046,Associate Professor Qi Zeng,A5073725567,W2347489227,Prognostic factors of hospitalized primary lung cancer patients in Zhuhai,2014,2014-01-01,,https://mdanderson.elsevierpure.com/en/publications/prognostic-factors-of-hospitalized-primary-lung-cancer-patients-i,Zhonghua zhongliu fangzhi zazhi,1673-5269,,1673-5269,[object Object]; [object Object]; [object Object]; [object Object]; [object Object],5,article,0,0,0.27494962,false,false,closed,,Lung Cancer Treatments and Mutations; Lung Cancer Diagnosis and Treatment; Head and Neck Cancer Studies,2026-07-19T07:52:34.831488,2026-07-19T07:52:34.831488,openalex_orcid_only,official_orcid_to_openalex_author,high,false,false,,2026-08-29T03:05:51.808Z
unimelb-finance-046,Associate Professor Qi Zeng,A5073725567,W2348277362,"The liberalisation of capital, capital structure and agency costs: Empirical evidence from China’s new industrial ventures",2012,2012-01-01,,https://findanexpert.unimelb.edu.au/scholarlywork/575537-the-liberalisation-of-capital--capital-structure-and-agency-costs--empirical-evidence-from-china%E2%80%99s-new-industrial-ventures,Guanli kexue xuebao,1007-9807,,1007-9807,[object Object]; [object Object],2,article,0,0,0.37465014,false,false,closed,,Corporate Finance and Governance,2026-06-26T08:34:08.712188,2026-06-26T08:34:08.712188,openalex_orcid_only,official_orcid_to_openalex_author,high,false,false,,2026-08-29T03:05:51.808Z
unimelb-finance-046,Associate Professor Qi Zeng,A5073725567,W2407142314,Venture Capitalists' Value-Enhancing Activities Under Weak Protection of Law,2016,2016-01-01,10.2139/ssrn.2717977,https://doi.org/10.2139/ssrn.2717977,SSRN Electronic Journal,1556-5068,,1556-5068,[object Object]; [object Object]; [object Object]; [object Object],4,preprint,0,,,false,true,green,https://doi.org/10.2139/ssrn.2717977,Private Equity and Venture Capital; Corporate Finance and Governance; Entrepreneurship Studies and Influences,2026-07-28T07:46:37.118299,2026-07-28T07:46:37.118299,openalex_orcid_only,official_orcid_to_openalex_author,high,false,false,,2026-08-29T03:05:51.808Z
unimelb-finance-046,Associate Professor Qi Zeng,A5073725567,W2510882292,Under-Weighting of Private Information by Top Analysts,2015,2015-01-01,10.2139/ssrn.2645591,https://doi.org/10.2139/ssrn.2645591,SSRN Electronic Journal,1556-5068,,1556-5068,[object Object]; [object Object]; [object Object],3,preprint,0,,,false,true,green,https://doi.org/10.2139/ssrn.2645591,"Experimental Behavioral Economics Studies; Auditing, Earnings Management, Governance; Financial Markets and Investment Strategies",2026-08-21T09:56:20.448147,2026-08-21T09:56:20.448147,openalex_orcid_only,official_orcid_to_openalex_author,high,false,false,,2026-08-29T03:05:51.808Z
unimelb-finance-046,Associate Professor Qi Zeng,A5073725567,W2527813879,Can We Incorporate Higher Moments in Factor Models? A Preliminary Study,2010,2010-01-01,,http://papers.ssrn.com/sol3/Delivery.cfm/SSRN_ID1721794_code1571341.pdf?abstractid=1721794&mirid=3,SSRN Electronic Journal,1556-5068,,1556-5068,[object Object]; [object Object],2,preprint,0,,,false,true,green,http://papers.ssrn.com/sol3/Delivery.cfm/SSRN_ID1721794_code1571341.pdf?abstractid=1721794&mirid=3,Transportation Planning and Optimization; Risk and Portfolio Optimization; Housing Market and Economics,2026-07-14T23:32:53.992493,2026-07-14T23:32:53.992493,openalex_orcid_only,official_orcid_to_openalex_author,high,false,false,,2026-08-29T03:05:51.808Z
unimelb-finance-046,Associate Professor Qi Zeng,A5073725567,W2572176478,"Seasonality, size effect, and delisting bias",2007,2007-12-03,10.1117/12.785230,https://doi.org/10.1117/12.785230,"Proceedings of SPIE, the International Society for Optical Engineering/Proceedings of SPIE",0277-786X,1996-756X,0277-786X; 1996-756X,[object Object]; [object Object],2,conference-paper,0,0,0.38796992,false,false,closed,,"Corporate Finance and Governance; Financial Markets and Investment Strategies; Auditing, Earnings Management, Governance",2026-08-21T09:56:20.448147,2026-08-21T09:56:20.448147,openalex_orcid_only,official_orcid_to_openalex_author,high,false,false,,2026-08-29T03:05:51.808Z
unimelb-finance-046,Associate Professor Qi Zeng,A5073725567,W2604173041,Measurement of the Inelastic Proton-Proton Cross Section at with the ATLAS Detector at the LHC,2016,2016-10-28,,http://eprints.whiterose.ac.uk/108037/1/PhysRevLett.117.182002.pdf,"White Rose Research Online (University of Leeds, The University of Sheffield, University of York)",,,,[object Object]; [object Object]; [object Object]; [object Object]; [object Object]; [object Object]; [object Object]; [object Object]; [object Object]; [object Object]; [object Object]; [object Object]; [object Object]; [object Object]; [object Object]; [object Object]; [object Object]; [object Object]; [object Object]; [object Object]; [object Object]; [object Object]; [object Object]; [object Object]; [object Object]; [object Object]; [object Object]; [object Object]; [object Object]; [object Object]; [object Object]; [object Object]; [object Object]; [object Object]; [object Object]; [object Object]; [object Object]; [object Object]; [object Object]; [object Object]; [object Object]; [object Object]; [object Object]; [object Object]; [object Object]; [object Object]; [object Object]; [object Object]; [object Object]; [object Object]; [object Object]; [object Object]; [object Object]; [object Object]; [object Object]; [object Object]; [object Object]; [object Object]; [object Object]; [object Object]; [object Object]; [object Object]; [object Object]; [object Object]; [object Object]; [object Object]; [object Object]; [object Object]; [object Object]; [object Object]; [object Object]; [object Object]; [object Object]; [object Object]; [object Object]; [object Object]; [object Object]; [object Object]; [object Object]; [object Object]; [object Object]; [object Object]; [object Object]; [object Object]; [object Object]; [object Object]; [object Object]; [object Object]; [object Object]; [object Object]; [object Object]; [object Object]; [object Object]; [object Object]; [object Object]; [object Object]; [object Object]; [object Object]; [object Object]; [object Object],100,article,0,0,0.04241751,false,false,closed,,Particle physics theoretical and experimental studies; High-Energy Particle Collisions Research; Particle Detector Development and Performance,2026-08-21T09:56:20.448147,2026-08-21T09:56:20.448147,openalex_orcid_only,official_orcid_to_openalex_author,high,false,false,,2026-08-29T03:05:51.808Z
unimelb-finance-046,Associate Professor Qi Zeng,A5073725567,W2809379449,The ’Alawis’ Forgotten Past,2017,2017-01-01,,https://publicatt.unicatt.it/handle/10807/117592,OASIS,1657-7558,2346-2132,1657-7558; 2346-2132,[object Object]; [object Object]; [object Object]; [object Object]; [object Object]; [object Object]; [object Object]; [object Object]; [object Object]; [object Object]; [object Object]; [object Object]; [object Object]; [object Object]; [object Object]; [object Object]; [object Object]; [object Object]; [object Object]; [object Object]; [object Object]; [object Object]; [object Object]; [object Object]; [object Object]; [object Object]; [object Object]; [object Object]; [object Object]; [object Object]; [object Object]; [object Object]; [object Object]; [object Object]; [object Object]; [object Object]; [object Object]; [object Object]; [object Object]; [object Object]; [object Object]; [object Object]; [object Object]; [object Object]; [object Object]; [object Object]; [object Object]; [object Object]; [object Object]; [object Object]; [object Object]; [object Object]; [object Object]; [object Object]; [object Object]; [object Object]; [object Object]; [object Object]; [object Object]; [object Object]; [object Object]; [object Object]; [object Object]; [object Object]; [object Object]; [object Object]; [object Object]; [object Object]; [object Object]; [object Object]; [object Object]; [object Object]; [object Object]; [object Object]; [object Object]; [object Object]; [object Object]; [object Object]; [object Object]; [object Object]; [object Object]; [object Object]; [object Object]; [object Object]; [object Object]; [object Object]; [object Object]; [object Object]; [object Object]; [object Object]; [object Object]; [object Object]; [object Object]; [object Object]; [object Object]; [object Object]; [object Object]; [object Object]; [object Object]; [object Object],100,article,0,0,0.35726456,false,true,green,https://publicatt.unicatt.it/handle/10807/117592,Islamic Studies and History; Eurasian Exchange Networks; Islamic Thought and Society Studies,2026-07-21T08:15:58.654021,2026-07-21T08:15:58.654021,openalex_orcid_only,official_orcid_to_openalex_author,high,false,false,,2026-08-29T03:05:51.808Z
unimelb-finance-046,Associate Professor Qi Zeng,A5073725567,W2903490082,TABLE S1 C. gattii genome statistics.,2011,2011-01-01,,https://dissem.in/p/41452137/table-s1-c-gattii-genome-statistics,,,,,[object Object]; [object Object]; [object Object]; [object Object]; [object Object]; [object Object]; [object Object]; [object Object]; [object Object]; [object Object]; [object Object]; [object Object]; [object Object]; [object Object]; [object Object]; [object Object]; [object Object]; [object Object]; [object Object]; [object Object]; [object Object]; [object Object]; [object Object]; [object Object]; [object Object]; [object Object]; [object Object]; [object Object]; [object Object]; [object Object]; [object Object]; [object Object]; [object Object]; [object Object]; [object Object]; [object Object]; [object Object]; [object Object]; [object Object]; [object Object]; [object Object],41,article,0,0,0.30548849,false,false,closed,,Identification and Quantification in Food,2026-06-11T09:08:48.828518,2026-06-11T09:08:48.828518,openalex_orcid_only,official_orcid_to_openalex_author,high,false,false,,2026-08-29T03:05:51.808Z
unimelb-finance-046,Associate Professor Qi Zeng,A5073725567,W2998581351,Revisiting the Fama and French Valuation Formula,2011,2011-01-01,,https://findanexpert.unimelb.edu.au/scholarlywork/333155-revisiting-the-fama-and-french-valuation-formula,,,,,[object Object]; [object Object]; [object Object],3,article,0,0,0.45098246,false,false,closed,,Financial Markets and Investment Strategies; Financial Reporting and Valuation Research; Capital Investment and Risk Analysis,2026-06-11T09:08:48.828518,2026-06-11T09:08:48.828518,openalex_orcid_only,official_orcid_to_openalex_author,high,false,false,,2026-08-29T03:05:51.808Z
unimelb-finance-046,Associate Professor Qi Zeng,A5073725567,W3016523255,Leverage Dynamics under Segmented Equity and Debt Markets,2020,2020-01-01,10.2139/ssrn.3528729,https://doi.org/10.2139/ssrn.3528729,SSRN Electronic Journal,1556-5068,,1556-5068,[object Object]; [object Object]; [object Object],3,preprint,0,,,false,true,green,https://doi.org/10.2139/ssrn.3528729,"Credit Risk and Financial Regulations; Financial Markets and Investment Strategies; Banking stability, regulation, efficiency",2026-08-21T09:56:20.448147,2026-08-21T09:56:20.448147,openalex_orcid_only,official_orcid_to_openalex_author,high,false,false,,2026-08-29T03:05:51.808Z
unimelb-finance-046,Associate Professor Qi Zeng,A5073725567,W3123101203,"Optimal Contract, Ownership Structure and Asset Pricing",2014,2014-01-01,,https://red-files-public.s3.amazonaws.com/meetpapers/2014/paper_911.pdf,RePEc: Research Papers in Economics,,,,[object Object]; [object Object],2,preprint,0,,,false,true,green,https://red-files-public.s3.amazonaws.com/meetpapers/2014/paper_911.pdf,Financial Markets and Investment Strategies; Corporate Finance and Governance; Economic theories and models,2026-08-25T07:29:55.448023,2026-08-25T07:29:55.448023,openalex_orcid_only,official_orcid_to_openalex_author,high,false,false,,2026-08-29T03:05:51.808Z
unimelb-finance-046,Associate Professor Qi Zeng,A5073725567,W3125225453,The Unintended Consequences of Government Regulations in Emerging Financial Markets: Evidence from the Chinese IPO Market,2016,2016-12-14,,https://hec.hal.science/hal-01970752,HAL (Le Centre pour la Communication Scientifique Directe),,,,[object Object]; [object Object]; [object Object]; [object Object],4,preprint,0,,,false,false,closed,,Corporate Finance and Governance; Corporate Taxation and Avoidance; Family Business Performance and Succession,2026-08-26T07:47:46.906454,2026-08-26T07:47:46.906454,openalex_orcid_only,official_orcid_to_openalex_author,high,false,false,,2026-08-29T03:05:51.808Z
unimelb-finance-046,Associate Professor Qi Zeng,A5073725567,W3214317416,"Seasonality, size effect and delisting bias",2008,2008-01-01,,https://findanexpert.unimelb.edu.au/scholarlywork/927738-seasonality--size-effect-and-delisting-bias,"Proceedings of SPIE, the International Society for Optical Engineering/Proceedings of SPIE",0277-786X,1996-756X,0277-786X; 1996-756X,[object Object]; [object Object],2,article,0,0,0.50585368,false,false,closed,,Financial Markets and Investment Strategies; Financial Reporting and Valuation Research; Corporate Finance and Governance,2026-06-26T08:34:08.712188,2026-06-26T08:34:08.712188,openalex_orcid_only,official_orcid_to_openalex_author,high,false,false,,2026-08-29T03:05:51.808Z
unimelb-finance-046,Associate Professor Qi Zeng,A5073725567,W4206172009,Retail Investor Expectations and Trading Preferences,2021,2021-01-01,10.2139/ssrn.3983651,https://doi.org/10.2139/ssrn.3983651,SSRN Electronic Journal,1556-5068,,1556-5068,[object Object]; [object Object]; [object Object],3,preprint,0,,,false,true,green,https://doi.org/10.2139/ssrn.3983651,"Financial Markets and Investment Strategies; Housing Market and Economics; Financial Literacy, Pension, Retirement Analysis",2026-08-21T09:56:20.448147,2026-08-21T09:56:20.448147,openalex_orcid_only,official_orcid_to_openalex_author,high,false,false,,2026-08-29T03:05:51.808Z
unimelb-finance-046,Associate Professor Qi Zeng,A5073725567,W4206275656,Which Returns to Scale Matter in the Active Mutual Fund Industry?,2021,2021-01-01,10.2139/ssrn.3976755,https://doi.org/10.2139/ssrn.3976755,SSRN Electronic Journal,1556-5068,,1556-5068,[object Object]; [object Object],2,preprint,0,,,false,true,green,https://doi.org/10.2139/ssrn.3976755,Financial Markets and Investment Strategies; Corporate Finance and Governance; Economic theories and models,2026-08-21T09:56:20.448147,2026-08-21T09:56:20.448147,openalex_orcid_only,official_orcid_to_openalex_author,high,false,false,,2026-08-29T03:05:51.808Z
unimelb-finance-046,Associate Professor Qi Zeng,A5073725567,W4211125311,Outside the LCR Box: The Impact of Liquidity Regulation on Banks in China,2022,2022-01-01,10.2139/ssrn.4028678,https://doi.org/10.2139/ssrn.4028678,SSRN Electronic Journal,1556-5068,,1556-5068,[object Object]; [object Object]; [object Object]; [object Object],4,preprint,0,,,false,true,green,https://doi.org/10.2139/ssrn.4028678,"Banking stability, regulation, efficiency",2026-07-14T23:27:15.235271,2026-07-14T23:27:15.235271,openalex_orcid_only,official_orcid_to_openalex_author,high,false,false,,2026-08-29T03:05:51.808Z
unimelb-finance-046,Associate Professor Qi Zeng,A5073725567,W4238384533,"Legal Environment, Banking Regulation and Analysts' Forecasting Accuracy",2007,2007-01-01,10.2139/ssrn.970524,https://doi.org/10.2139/ssrn.970524,SSRN Electronic Journal,1556-5068,,1556-5068,[object Object]; [object Object],2,preprint,0,,,false,true,green,https://doi.org/10.2139/ssrn.970524,Insurance and Financial Risk Management,2026-08-21T09:56:20.448147,2026-08-21T09:56:20.448147,openalex_orcid_only,official_orcid_to_openalex_author,high,false,false,,2026-08-29T03:05:51.808Z
unimelb-finance-046,Associate Professor Qi Zeng,A5073725567,W4251978737,Momentum Effect in a Noisy Rational Expectation Model with Higher Order Beliefs,2012,2012-01-01,10.2139/ssrn.2024726,https://doi.org/10.2139/ssrn.2024726,SSRN Electronic Journal,1556-5068,,1556-5068,[object Object],1,preprint,0,,,false,true,green,https://doi.org/10.2139/ssrn.2024726,Economic theories and models; Complex Systems and Time Series Analysis; Decision-Making and Behavioral Economics,2026-08-04T08:18:43.703281,2026-08-04T08:18:43.703281,openalex_orcid_only,official_orcid_to_openalex_author,high,false,false,,2026-08-29T03:05:51.808Z
unimelb-finance-046,Associate Professor Qi Zeng,A5073725567,W4285110502,"Past Exposure, Risk Perception, and Risk-Taking During a Local Covid-19 Shock",2022,2022-01-01,10.2139/ssrn.4113772,https://doi.org/10.2139/ssrn.4113772,SSRN Electronic Journal,1556-5068,,1556-5068,[object Object]; [object Object]; [object Object]; [object Object],4,preprint,0,,,false,true,green,https://doi.org/10.2139/ssrn.4113772,Decision-Making and Behavioral Economics; Risk Perception and Management; COVID-19 Pandemic Impacts,2026-07-14T23:27:15.235271,2026-07-14T23:27:15.235271,openalex_orcid_only,official_orcid_to_openalex_author,high,false,false,,2026-08-29T03:05:51.808Z
unimelb-finance-046,Associate Professor Qi Zeng,A5073725567,W4312887557,Mutual Fund Ratings and Efficient Capital Allocation,2022,2022-01-01,10.2139/ssrn.4287228,https://doi.org/10.2139/ssrn.4287228,SSRN Electronic Journal,1556-5068,,1556-5068,[object Object]; [object Object]; [object Object],3,preprint,0,,,false,true,green,https://doi.org/10.2139/ssrn.4287228,Financial Markets and Investment Strategies; Market Dynamics and Volatility; Stochastic processes and financial applications,2026-08-21T09:56:20.448147,2026-08-21T09:56:20.448147,openalex_orcid_only,official_orcid_to_openalex_author,high,false,false,,2026-08-29T03:05:51.808Z
unimelb-finance-046,Associate Professor Qi Zeng,A5073725567,W4403535136,Research on Transportation Route Planning and Vehicle Scheduling Based on Optimization Algorithm in Cold Chain Logistics,2024,2024-05-29,10.1109/telepe64216.2024.00109,https://doi.org/10.1109/telepe64216.2024.00109,,,,,[object Object],1,conference-paper,0,0,0.28471996,false,false,closed,,Advanced Manufacturing and Logistics Optimization,2026-07-29T14:22:42.915294,2026-07-29T14:22:42.915294,openalex_orcid_only,official_orcid_to_openalex_author,high,false,false,,2026-08-29T03:05:51.808Z
unimelb-finance-046,Associate Professor Qi Zeng,A5073725567,W581762254,Essays on equilibrium asset pricing with heterogeneous agents,2003,2003-01-01,,https://repository.upenn.edu/dissertations/AAI3095965,Scholarly Commons (University of Pennsylvania),,,,[object Object],1,dissertation,0,,,false,false,closed,,"Economic theories and models; Stochastic processes and financial applications; Banking stability, regulation, efficiency",2026-08-01T09:00:35.917206,2026-08-01T09:00:35.917206,openalex_orcid_only,official_orcid_to_openalex_author,high,false,false,,2026-08-29T03:05:51.808Z
unimelb-finance-046,Associate Professor Qi Zeng,A5073725567,W592458012,"Optimal Contract, Ownership Structure and Asset Pricing",2014,2014-01-01,,https://www.aut.ac.nz/__data/assets/pdf_file/0003/512319/485785-ContractingDec2014.pdf,RePEc: Research Papers in Economics,,,,[object Object]; [object Object],2,preprint,0,,,false,false,closed,,Economic theories and models; Financial Markets and Investment Strategies; Corporate Finance and Governance,2026-06-26T08:34:08.712188,2026-06-26T08:34:08.712188,openalex_orcid_only,official_orcid_to_openalex_author,high,false,false,,2026-08-29T03:05:51.808Z
