researcher_id,researcher_name,openalex_author_id,openalex_work_id,title,publication_year,publication_date,doi,article_url,journal_name,issn,eissn,all_issns,authors,author_count,publication_type,cited_by_count,fwci,citation_percentile,is_retracted,is_open_access,open_access_status,open_access_url,topics,updated_date,source_updated_date,record_origin,identity_match_method,identity_match_confidence,repository_verified,requires_review,review_reason,openalex_retrieved_at
uwa-finance-001,Chloe Ho,A5023580730,W4206703053,Factors associated with mothers’ hesitancy to receive a COVID-19 vaccine,2022,2022-01-04,10.1007/s10865-021-00268-0,https://doi.org/10.1007/s10865-021-00268-0,Journal of Behavioral Medicine,0160-7715,1573-3521,0160-7715; 1573-3521,[object Object]; [object Object]; [object Object]; [object Object]; [object Object]; [object Object]; [object Object],7,article,13,2.101,0.85793395,false,true,bronze,https://link.springer.com/content/pdf/10.1007/s10865-021-00268-0.pdf,Vaccine Coverage and Hesitancy; COVID-19 Impact on Reproduction; COVID-19 and Mental Health,2026-08-28T12:50:07.497085,2026-08-28T12:50:07.497085,openalex_orcid_only,official_orcid_to_openalex_author,high,false,false,,2026-08-29T03:05:01.770Z
uwa-finance-001,Chloe Ho,A5023580730,W3122778873,Off‐Market Buybacks in A ustralia: Evidence of Abnormal Trading around Key Dates,2014,2014-07-16,10.1111/irfi.12037,https://doi.org/10.1111/irfi.12037,International Review of Finance,1369-412X,1468-2443,1369-412X; 1468-2443,[object Object]; [object Object]; [object Object],3,article,9,3.2621,0.93653561,false,true,bronze,https://eprints.qut.edu.au/90720/11/90720.pdf,Corporate Finance and Governance; Financial Reporting and Valuation Research; Corporate Taxation and Avoidance,2026-08-21T09:56:20.448147,2026-08-21T09:56:20.448147,openalex_orcid_only,official_orcid_to_openalex_author,high,false,false,,2026-08-29T03:05:01.770Z
uwa-finance-001,Chloe Ho,A5023580730,W1954377897,Off-Market Buybacks in Australia: Evidence of Abnormal Trading around Key Dates,2013,2013-01-01,10.2139/ssrn.2204283,https://doi.org/10.2139/ssrn.2204283,SSRN Electronic Journal,1556-5068,,1556-5068,[object Object]; [object Object]; [object Object],3,preprint,3,,,false,true,green,https://doi.org/10.2139/ssrn.2204283,Corporate Finance and Governance; Financial Reporting and Valuation Research; Financial Markets and Investment Strategies,2026-08-21T09:56:20.448147,2026-08-21T09:56:20.448147,openalex_orcid_only,official_orcid_to_openalex_author,high,false,false,,2026-08-29T03:05:01.770Z
uwa-finance-001,Chloe Ho,A5023580730,W2283559279,Wealth transfer in Australian equity issuances,2017,2017-01-01,10.4225/03/58aba70d01dfb,https://doi.org/10.4225/03/58aba70d01dfb,Figshare,,,,[object Object],1,dissertation,0,,,false,true,green,https://figshare.com/articles/thesis/Wealth_transfer_in_Australian_equity_issuances/4669492,Private Equity and Venture Capital,2026-08-27T14:10:00.468798,2026-08-27T14:10:00.468798,openalex_orcid_only,official_orcid_to_openalex_author,high,false,false,,2026-08-29T03:05:01.770Z
uwa-finance-001,Chloe Ho,A5023580730,W2507823783,Off-market buybacks in Australia: Evidence of abnormal trading around key dates,2014,2014-01-01,10.1111/irfi.12037,https://doi.org/10.1111/irfi.12037,QUT ePrints (Queensland University of Technology),,,,[object Object]; [object Object]; [object Object],3,article,0,0,0.39468886,false,false,closed,,Corporate Finance and Governance; Corporate Taxation and Avoidance; Financial Reporting and Valuation Research,2026-08-18T07:49:30.821534,2026-08-18T07:49:30.821534,openalex_orcid_only,official_orcid_to_openalex_author,high,false,false,,2026-08-29T03:05:01.770Z
uwa-finance-001,Chloe Ho,A5023580730,W3125618841,Wealth Transfer in Rights Offers: Evidence from Australia,2013,2013-01-01,10.2139/ssrn.2311504,https://doi.org/10.2139/ssrn.2311504,SSRN Electronic Journal,1556-5068,,1556-5068,[object Object]; [object Object]; [object Object]; [object Object],4,preprint,0,,,false,true,green,https://doi.org/10.2139/ssrn.2311504,Private Equity and Venture Capital; Corporate Insolvency and Governance; Corporate Finance and Governance,2026-08-21T09:56:20.448147,2026-08-21T09:56:20.448147,openalex_orcid_only,official_orcid_to_openalex_author,high,false,false,,2026-08-29T03:05:01.770Z
uwa-finance-001,Chloe Ho,A5023580730,W4413413325,Price-Fixing Agreements and Stock Price Crash Risk,2025,2025-08-20,10.35609/gcbssproceeding.2025.1(82,https://doi.org/10.35609/gcbssproceeding.2025.1(82,Global Conference on Business and Social Sciences Proceeding,9789-6713,,9789-6713,[object Object]; [object Object]; [object Object],3,conference-abstract,0,,,false,false,closed,,Corporate Finance and Governance; Risk Management in Financial Firms,2026-07-14T23:27:15.235271,2026-07-14T23:27:15.235271,openalex_orcid_only,official_orcid_to_openalex_author,high,false,false,,2026-08-29T03:05:01.770Z
uwa-finance-001,Chloe Ho,A5023580730,W7128701367,Wealth transfer in Australian equity issuances,2017,2017-01-01,10.26180/4669492,https://doi.org/10.26180/4669492,Monash University,,,,[object Object],1,dissertation,0,,,false,true,green,https://doi.org/10.26180/4669492,"Housing, Finance, and Neoliberalism; Private Equity and Venture Capital; demographic modeling and climate adaptation",2026-07-01T06:00:48.157686,2026-07-01T06:00:48.157686,openalex_orcid_only,official_orcid_to_openalex_author,high,false,false,,2026-08-29T03:05:01.770Z
uwa-finance-001,Chloe Ho,A5023580730,W7128717518,Wealth transfer in Australian equity issuances,2017,2017-01-01,10.26180/4669492.v1,https://doi.org/10.26180/4669492.v1,Monash University,,,,[object Object],1,dissertation,0,,,false,true,green,https://doi.org/10.26180/4669492.v1,"Housing, Finance, and Neoliberalism; Private Equity and Venture Capital; demographic modeling and climate adaptation",2026-07-01T06:00:48.157686,2026-07-01T06:00:48.157686,openalex_orcid_only,official_orcid_to_openalex_author,high,false,false,,2026-08-29T03:05:01.770Z
uwa-finance-001,Chloe Ho,A5023580730,W7203458609,Pricing ESG Risk—How National Sustainability Institutions and Firm CSR Shape Investor Responses,2026,2026-08-13,10.1111/acfi.70278,https://doi.org/10.1111/acfi.70278,Accounting and Finance,0810-5391,1467-629X,0810-5391; 1467-629X,[object Object]; [object Object]; [object Object],3,article,0,0,0.90984563,false,false,closed,,Corporate Social Responsibility Reporting; Corporate Finance and Governance; Sustainable Finance and Green Bonds,2026-08-21T09:56:20.448147,2026-08-21T09:56:20.448147,openalex_orcid_only,official_orcid_to_openalex_author,high,false,false,,2026-08-29T03:05:01.770Z
uwa-finance-002,Daniel Cahill,A5102797002,W1528540881,Constructing the Team: The Latham Report (1994),2003,2003-01-06,10.1002/9780470758526.ch11,https://doi.org/10.1002/9780470758526.ch11,,,,,[object Object]; [object Object],2,other,15,,,false,false,closed,,Regional Development and Policy,2026-06-25T06:16:34.145877,2026-06-25T06:16:34.145877,openalex_orcid_only,official_orcid_to_openalex_author,high,false,false,,2026-08-29T03:05:01.770Z
uwa-finance-002,Daniel Cahill,A5102797002,W4226176738,Is Investor Attention on R/Wallstreetbets Different?,2022,2022-01-01,10.2139/ssrn.4069356,https://doi.org/10.2139/ssrn.4069356,SSRN Electronic Journal,1556-5068,,1556-5068,[object Object]; [object Object]; [object Object],3,preprint,1,,,false,true,green,https://doi.org/10.2139/ssrn.4069356,Financial Markets and Investment Strategies,2026-08-21T09:56:20.448147,2026-08-21T09:56:20.448147,openalex_orcid_only,official_orcid_to_openalex_author,high,false,false,,2026-08-29T03:05:01.770Z
uwa-finance-002,Daniel Cahill,A5102797002,W2268837268,Media Sentiment and Trading Behaviour of Different Trader Types Around Earnings Announcements,2016,2016-01-01,10.2139/ssrn.2726032,https://doi.org/10.2139/ssrn.2726032,SSRN Electronic Journal,1556-5068,,1556-5068,[object Object]; [object Object]; [object Object],3,preprint,0,,,false,true,green,https://doi.org/10.2139/ssrn.2726032,"Financial Markets and Investment Strategies; Auditing, Earnings Management, Governance; Corporate Finance and Governance",2026-07-27T08:26:11.824852,2026-07-27T08:26:11.824852,openalex_orcid_only,official_orcid_to_openalex_author,high,false,false,,2026-08-29T03:05:01.770Z
uwa-finance-002,Daniel Cahill,A5102797002,W3007652781,Limitations in an Imitation Game: Lessons from another Bitcoin Copycat,2019,2019-01-01,10.2139/ssrn.3491600,https://doi.org/10.2139/ssrn.3491600,SSRN Electronic Journal,1556-5068,,1556-5068,[object Object]; [object Object],2,preprint,0,,,false,true,green,https://doi.org/10.2139/ssrn.3491600,Blockchain Technology Applications and Security; Auction Theory and Applications; Financial Markets and Investment Strategies,2026-07-14T23:27:15.235271,2026-07-14T23:27:15.235271,openalex_orcid_only,official_orcid_to_openalex_author,high,false,false,,2026-08-29T03:05:01.770Z
uwa-finance-002,Daniel Cahill,A5102797002,W3119447153,OCVID-19 Lockdown and Market Reaction to Earnings News,2020,2020-01-01,10.2139/ssrn.3729031,https://doi.org/10.2139/ssrn.3729031,SSRN Electronic Journal,1556-5068,,1556-5068,[object Object]; [object Object]; [object Object],3,preprint,0,,,false,true,green,https://doi.org/10.2139/ssrn.3729031,COVID-19 Pandemic Impacts; Financial Markets and Investment Strategies; Corporate Social Responsibility Reporting,2026-07-14T23:27:15.235271,2026-07-14T23:27:15.235271,openalex_orcid_only,official_orcid_to_openalex_author,high,false,false,,2026-08-29T03:05:01.770Z
uwa-finance-002,Daniel Cahill,A5102797002,W3122272834,I Am a Blockchain Too: How Does the Market Respond to Companies’ Interest in Blockchain?,2019,2019-01-01,10.2139/ssrn.3319237,https://doi.org/10.2139/ssrn.3319237,SSRN Electronic Journal,1556-5068,,1556-5068,[object Object]; [object Object]; [object Object]; [object Object],4,preprint,0,,,false,true,green,https://doi.org/10.2139/ssrn.3319237,Blockchain Technology Applications and Security,2026-08-21T09:56:20.448147,2026-08-21T09:56:20.448147,openalex_orcid_only,official_orcid_to_openalex_author,high,false,false,,2026-08-29T03:05:01.770Z
uwa-finance-002,Daniel Cahill,A5102797002,W4391799970,Technical Talk in Bitcoin and Equity,2024,2024-01-01,10.2139/ssrn.4703507,https://doi.org/10.2139/ssrn.4703507,SSRN Electronic Journal,1556-5068,,1556-5068,[object Object]; [object Object]; [object Object],3,preprint,0,,,false,true,green,http://dx.doi.org/10.2139/ssrn.4703507,Blockchain Technology Applications and Security; Market Dynamics and Volatility; Financial Markets and Investment Strategies,2026-08-21T09:56:20.448147,2026-08-21T09:56:20.448147,openalex_orcid_only,official_orcid_to_openalex_author,high,false,false,,2026-08-29T03:05:01.770Z
uwa-finance-004,Duc Vo,A5061059537,W2993202746,Financial Inclusion and Economic GROWTH: An International Evidence,2019,2019-12-06,10.1080/1540496x.2019.1697672,https://doi.org/10.1080/1540496x.2019.1697672,Emerging Markets Finance and Trade,1061-2009,1540-496X,1061-2009; 1540-496X; 1558-0938,[object Object]; [object Object]; [object Object]; [object Object],4,article,319,29.9447,0.99549125,false,false,closed,,"Microfinance and Financial Inclusion; Economic Growth and Development; Financial Literacy, Pension, Retirement Analysis",2026-08-24T07:32:12.397491,2026-08-24T07:32:12.397491,openalex_orcid_only,official_orcid_to_openalex_author,high,false,false,,2026-08-29T03:05:01.770Z
uwa-finance-004,Duc Vo,A5061059537,W2991534940,Foreign Direct Investment and Economic Growth in the Short Run and Long Run: Empirical Evidence from Developing Countries,2019,2019-11-25,10.3390/jrfm12040176,https://doi.org/10.3390/jrfm12040176,Journal of risk and financial management,1911-8066,1911-8074,1911-8066; 1911-8074,[object Object]; [object Object]; [object Object]; [object Object],4,article,284,33.4165,0.99788924,false,true,hybrid,https://www.mdpi.com/1911-8074/12/4/176/pdf?version=1574672216,"International Business and FDI; Energy, Environment, Economic Growth; Global trade and economics",2026-08-21T09:56:20.448147,2026-08-21T09:56:20.448147,openalex_orcid_only,official_orcid_to_openalex_author,high,false,false,,2026-08-29T03:05:01.770Z
uwa-finance-004,Duc Vo,A5061059537,W3038504037,Financial inclusion and stability in the Asian region using bank-level data,2020,2020-07-04,10.1016/j.bir.2020.06.003,https://doi.org/10.1016/j.bir.2020.06.003,Borsa Istanbul Review,2214-8450,2214-8469,2214-8450; 2214-8469,[object Object]; [object Object]; [object Object],3,article,190,22.3046,0.99287769,false,true,gold,https://doi.org/10.1016/j.bir.2020.06.003,"Microfinance and Financial Inclusion; Islamic Finance and Banking Studies; Banking stability, regulation, efficiency",2026-08-21T09:56:20.448147,2026-08-21T09:56:20.448147,openalex_orcid_only,official_orcid_to_openalex_author,high,false,false,,2026-08-29T03:05:01.770Z
uwa-finance-004,Duc Vo,A5061059537,W3046322628,"The role of renewable energy, alternative and nuclear energy in mitigating carbon emissions in the CPTPP countries",2020,2020-08-01,10.1016/j.renene.2020.07.093,https://doi.org/10.1016/j.renene.2020.07.093,Renewable Energy,0960-1481,1879-0682,0960-1481; 1879-0682,[object Object]; [object Object]; [object Object]; [object Object],4,article,170,29.4916,0.99513268,false,false,closed,,"Energy, Environment, Economic Growth; Energy, Environment, and Transportation Policies; Climate Change Policy and Economics",2026-08-21T09:56:20.448147,2026-08-21T09:56:20.448147,openalex_orcid_only,official_orcid_to_openalex_author,high,false,false,,2026-08-29T03:05:01.770Z
uwa-finance-004,Duc Vo,A5061059537,W3011552113,Human capital efficiency and firm performance across sectors in an emerging market,2020,2020-01-01,10.1080/23311975.2020.1738832,https://doi.org/10.1080/23311975.2020.1738832,Cogent Business & Management,2331-1975,,2331-1975,[object Object]; [object Object],2,article,154,16.8352,0.99139066,false,true,gold,https://www.tandfonline.com/doi/pdf/10.1080/23311975.2020.1738832?needAccess=true,Intellectual Capital and Performance Analysis; Economic Growth and Productivity; Magnetic and transport properties of perovskites and related materials,2026-08-21T09:56:20.448147,2026-08-21T09:56:20.448147,openalex_orcid_only,official_orcid_to_openalex_author,high,false,false,,2026-08-29T03:05:01.770Z
uwa-finance-004,Duc Vo,A5061059537,W2888741660,Should bankers be concerned with Intellectual capital? A study of the Thai banking sector,2018,2018-08-24,10.1108/jic-12-2017-0185,https://doi.org/10.1108/jic-12-2017-0185,Journal of Intellectual Capital,1469-1930,1758-7468,1469-1930; 1758-7468,[object Object]; [object Object],2,article,143,20.0235,0.99276134,false,false,closed,,Intellectual Capital and Performance Analysis; Corporate Finance and Governance; Magnetic and transport properties of perovskites and related materials,2026-08-21T09:56:20.448147,2026-08-21T09:56:20.448147,openalex_orcid_only,official_orcid_to_openalex_author,high,false,false,,2026-08-29T03:05:01.770Z
uwa-finance-004,Duc Vo,A5061059537,W2944274802,The Impact of Foreign Direct Investment on Environment Degradation: Evidence from Emerging Markets in Asia,2019,2019-05-10,10.3390/ijerph16091636,https://doi.org/10.3390/ijerph16091636,International Journal of Environmental Research and Public Health,1660-4601,1661-7827,1660-4601; 1661-7827,[object Object]; [object Object]; [object Object]; [object Object],4,article,130,31.2649,0.99570887,false,true,gold,https://www.mdpi.com/1660-4601/16/9/1636/pdf?version=1557483077,"Energy, Environment, Economic Growth; Climate Change Policy and Economics; Energy, Environment, and Transportation Policies",2026-08-21T09:56:20.448147,2026-08-21T09:56:20.448147,openalex_orcid_only,official_orcid_to_openalex_author,high,false,false,,2026-08-29T03:05:01.770Z
uwa-finance-004,Duc Vo,A5061059537,W2042797032,The Impact of Corporate Governance on Firm Performance: Empirical Study in Vietnam,2014,2014-05-25,10.5539/ijef.v6n6p1,https://doi.org/10.5539/ijef.v6n6p1,International Journal of Economics and Finance,1916-971X,1916-9728,1916-971X; 1916-9728,[object Object]; [object Object],2,article,127,13.0461,0.98389915,false,true,hybrid,http://www.ccsenet.org/journal/index.php/ijef/article/download/35454/20849,Corporate Finance and Governance; Working Capital and Financial Performance; Islamic Finance and Banking Studies,2026-06-25T08:15:23.626066,2026-06-25T08:15:23.626066,openalex_orcid_only,official_orcid_to_openalex_author,high,false,false,,2026-08-29T03:05:01.770Z
uwa-finance-004,Duc Vo,A5061059537,W2972537980,"CO2 Emissions, Energy Consumption, and Economic Growth: New Evidence in the ASEAN Countries",2019,2019-09-10,10.3390/jrfm12030145,https://doi.org/10.3390/jrfm12030145,Journal of risk and financial management,1911-8066,1911-8074,1911-8066; 1911-8074,[object Object]; [object Object]; [object Object],3,article,121,29.0632,0.9952645,false,true,hybrid,https://www.mdpi.com/1911-8074/12/3/145/pdf?version=1568624210,"Energy, Environment, Economic Growth; Energy, Environment, and Transportation Policies; Climate Change Policy and Economics",2026-08-21T09:56:20.448147,2026-08-21T09:56:20.448147,openalex_orcid_only,official_orcid_to_openalex_author,high,false,false,,2026-08-29T03:05:01.770Z
uwa-finance-004,Duc Vo,A5061059537,W3207986020,Does financial development matter for economic growth in the emerging markets?,2021,2021-11-03,10.1016/j.bir.2021.10.004,https://doi.org/10.1016/j.bir.2021.10.004,Borsa Istanbul Review,2214-8450,2214-8469,2214-8450; 2214-8469,[object Object]; [object Object]; [object Object]; [object Object]; [object Object],5,article,112,23.5754,0.99551435,false,true,gold,https://www.sciencedirect.com/science/article/pii/S2214845021000983/pdf,"Economic Growth and Development; Energy, Environment, Economic Growth; Fiscal Policy and Economic Growth",2026-08-23T07:36:19.812096,2026-08-23T07:36:19.812096,openalex_orcid_only,official_orcid_to_openalex_author,high,false,false,,2026-08-29T03:05:01.770Z
uwa-finance-004,Duc Vo,A5061059537,W2408555544,CORPORATE GOVERNANCE AND FIRM PERFORMANCE: EMPIRICAL EVIDENCE FROM VIETNAM,2013,2013-01-01,,https://www.murdoch.edu.au/School-of-Business-and-Governance/_document/Australian-Conference-of-Economists/Corporate-governance-and-firm-performance.pdf,,,,,[object Object]; [object Object],2,article,101,12.754,0.98404949,false,false,closed,,"Corporate Finance and Governance; Working Capital and Financial Performance; Auditing, Earnings Management, Governance",2026-06-11T09:08:48.828518,2026-06-11T09:08:48.828518,openalex_orcid_only,official_orcid_to_openalex_author,high,false,false,,2026-08-29T03:05:01.770Z
uwa-finance-004,Duc Vo,A5061059537,W2888859768,Financial distress and bankruptcy prediction: An appropriate model for listed firms in Vietnam,2018,2018-08-31,10.1016/j.ecosys.2018.05.002,https://doi.org/10.1016/j.ecosys.2018.05.002,Economic Systems,0939-3625,1878-5433,0939-3625; 1878-5433,[object Object]; [object Object]; [object Object],3,article,97,17.61,0.99189427,false,false,closed,,"Financial Distress and Bankruptcy Prediction; Credit Risk and Financial Regulations; Auditing, Earnings Management, Governance",2026-08-21T09:56:20.448147,2026-08-21T09:56:20.448147,openalex_orcid_only,official_orcid_to_openalex_author,high,false,false,,2026-08-29T03:05:01.770Z
uwa-finance-004,Duc Vo,A5061059537,W4294534750,Artificial intelligence and unemployment:An international evidence,2022,2022-09-02,10.1016/j.strueco.2022.09.003,https://doi.org/10.1016/j.strueco.2022.09.003,Structural Change and Economic Dynamics,0954-349X,1873-6017,0954-349X; 1873-6017,[object Object]; [object Object],2,article,65,10.9469,0.98214487,false,false,closed,,"Firm Innovation and Growth; Energy, Environment, Economic Growth; Entrepreneurship Studies and Influences",2026-08-21T09:56:20.448147,2026-08-21T09:56:20.448147,openalex_orcid_only,official_orcid_to_openalex_author,high,false,false,,2026-08-29T03:05:01.770Z
uwa-finance-004,Duc Vo,A5061059537,W4393041656,The role of renewable energy in the energy–growth–emission nexus in the ASEAN region,2024,2024-03-21,10.1186/s13705-024-00446-3,https://doi.org/10.1186/s13705-024-00446-3,Energy Sustainability and Society,2192-0567,,2192-0567,[object Object]; [object Object]; [object Object]; [object Object],4,article,29,2.2525,0.88400811,false,true,gold,https://energsustainsoc.biomedcentral.com/counter/pdf/10.1186/s13705-024-00446-3,"Energy, Environment, and Transportation Policies; Energy, Environment, Economic Growth; Energy and Environment Impacts",2026-08-21T09:56:20.448147,2026-08-21T09:56:20.448147,openalex_orcid_only,official_orcid_to_openalex_author,high,false,false,,2026-08-29T03:05:01.770Z
uwa-finance-004,Duc Vo,A5061059537,W4395109654,Urbanization and renewable energy consumption in the emerging ASEAN markets: A comparison between short and long-run effects,2024,2024-04-23,10.1016/j.heliyon.2024.e30243,https://doi.org/10.1016/j.heliyon.2024.e30243,Heliyon,2405-8440,,2405-8440,[object Object]; [object Object]; [object Object],3,article,29,19.7727,0.99056626,false,true,gold,https://doi.org/10.1016/j.heliyon.2024.e30243,"Energy, Environment, Economic Growth; Energy, Environment, and Transportation Policies; Fiscal Policy and Economic Growth",2026-08-21T09:56:20.448147,2026-08-21T09:56:20.448147,openalex_orcid_only,official_orcid_to_openalex_author,high,false,false,,2026-08-29T03:05:01.770Z
uwa-finance-004,Duc Vo,A5061059537,W4283362655,Government expenditure–shadow economy nexus: the role of fiscal deficit,2022,2022-06-23,10.1108/ijoem-12-2021-1934,https://doi.org/10.1108/ijoem-12-2021-1934,International Journal of Emerging Markets,1746-8809,1746-8817,1746-8809; 1746-8817,[object Object]; [object Object]; [object Object]; [object Object],4,article,21,2.9986,0.92332947,false,false,closed,,Taxation and Compliance Studies; Fiscal Policy and Economic Growth; Corporate Taxation and Avoidance,2026-08-05T07:39:15.569665,2026-08-05T07:39:15.569665,openalex_orcid_only,official_orcid_to_openalex_author,high,false,false,,2026-08-29T03:05:01.770Z
uwa-finance-004,Duc Vo,A5061059537,W4391468241,Does institutional quality matter for financial inclusion? International evidence,2024,2024-02-02,10.1371/journal.pone.0297431,https://doi.org/10.1371/journal.pone.0297431,PLoS ONE,1932-6203,,1932-6203,[object Object],1,article,19,12.9545,0.98187997,false,true,gold,https://journals.plos.org/plosone/article/file?id=10.1371/journal.pone.0297431&type=printable,"Microfinance and Financial Inclusion; Economic Growth and Development; Financial Literacy, Pension, Retirement Analysis",2026-08-21T09:56:20.448147,2026-08-21T09:56:20.448147,openalex_orcid_only,official_orcid_to_openalex_author,high,false,false,,2026-08-29T03:05:01.770Z
uwa-finance-004,Duc Vo,A5061059537,W4402224866,Volatility spillovers between energy and agriculture markets during the ongoing food & energy crisis: Does uncertainty from the Russo-Ukrainian conflict matter?,2024,2024-09-04,10.1016/j.techfore.2024.123723,https://doi.org/10.1016/j.techfore.2024.123723,Technological Forecasting and Social Change,0040-1625,1873-5509,0040-1625; 1873-5509,[object Object]; [object Object],2,article,18,12.2727,0.98136,false,false,closed,,Market Dynamics and Volatility; Economic Sanctions and International Relations; Global Energy Security and Policy,2026-08-21T09:56:20.448147,2026-08-21T09:56:20.448147,openalex_orcid_only,official_orcid_to_openalex_author,high,false,false,,2026-08-29T03:05:01.770Z
uwa-finance-004,Duc Vo,A5061059537,W4401652134,Does Digital Transformation Moderate the Effect of Intellectual Capital on Firm Performance?,2024,2024-08-16,10.1007/s13132-024-02270-8,https://doi.org/10.1007/s13132-024-02270-8,Journal of the Knowledge Economy,1868-7865,1868-7873,1868-7865; 1868-7873,[object Object]; [object Object],2,article,17,7.0549,0.96538645,false,false,closed,,Intellectual Capital and Performance Analysis,2026-08-25T07:29:55.448023,2026-08-25T07:29:55.448023,openalex_orcid_only,official_orcid_to_openalex_author,high,false,false,,2026-08-29T03:05:01.770Z
uwa-finance-004,Duc Vo,A5061059537,W4407558752,Market responses to geopolitical risk and economic policy uncertainty: Evidence from Vietnam,2025,2025-02-01,10.1016/j.heliyon.2025.e42703,https://doi.org/10.1016/j.heliyon.2025.e42703,Heliyon,2405-8440,,2405-8440,[object Object]; [object Object],2,article,11,16.3439,0.98787896,false,true,gold,https://doi.org/10.1016/j.heliyon.2025.e42703,Market Dynamics and Volatility; Economic Sanctions and International Relations; Risk Management in Financial Firms,2026-08-21T09:56:20.448147,2026-08-21T09:56:20.448147,openalex_orcid_only,official_orcid_to_openalex_author,high,false,false,,2026-08-29T03:05:01.770Z
uwa-finance-004,Duc Vo,A5061059537,W2921715354,What Factors Affect Income Inequality and Economic Growth in Middle-Income Countries?,2019,2019-03-08,10.3390/jrfm12010040,https://doi.org/10.3390/jrfm12010040,Journal of risk and financial management,1911-8066,1911-8074,1911-8066; 1911-8074,[object Object]; [object Object]; [object Object]; [object Object],4,article,74,18.9305,0.9917709,false,true,hybrid,https://www.mdpi.com/1911-8074/12/1/40/pdf?version=1552044527,"Income, Poverty, and Inequality; Fiscal Policy and Economic Growth; Sustainable Development and Environmental Policy",2026-08-21T09:56:20.448147,2026-08-21T09:56:20.448147,openalex_orcid_only,official_orcid_to_openalex_author,high,false,false,,2026-08-29T03:05:01.770Z
uwa-finance-004,Duc Vo,A5061059537,W2022281625,"Managerial Ownership, Leverage and Dividend Policies: Empirical Evidence from Vietnam’s Listed Firms",2014,2014-04-23,10.5539/ijef.v6n5p274,https://doi.org/10.5539/ijef.v6n5p274,International Journal of Economics and Finance,1916-971X,1916-9728,1916-971X; 1916-9728,[object Object]; [object Object],2,article,71,10.4344,0.97858614,false,true,hybrid,http://www.ccsenet.org/journal/index.php/ijef/article/download/35455/20443,Corporate Finance and Governance; Working Capital and Financial Performance; Financial Reporting and Valuation Research,2026-06-11T09:08:48.828518,2026-06-11T09:08:48.828518,openalex_orcid_only,official_orcid_to_openalex_author,high,false,false,,2026-08-29T03:05:01.770Z
uwa-finance-004,Duc Vo,A5061059537,W2910805719,Exchange Rate Volatility and Disaggregated Manufacturing Exports: Evidence from an Emerging Country,2019,2019-01-09,10.3390/jrfm12010012,https://doi.org/10.3390/jrfm12010012,Journal of risk and financial management,1911-8066,1911-8074,1911-8066; 1911-8074,[object Object]; [object Object]; [object Object],3,article,65,7.9275,0.97692895,false,true,hybrid,https://www.mdpi.com/1911-8074/12/1/12/pdf?version=1547024659,Global Financial Crisis and Policies; Market Dynamics and Volatility; Global trade and economics,2026-08-21T09:56:20.448147,2026-08-21T09:56:20.448147,openalex_orcid_only,official_orcid_to_openalex_author,high,false,false,,2026-08-29T03:05:01.770Z
uwa-finance-004,Duc Vo,A5061059537,W2914085053,The Importance of the Financial Derivatives Markets to Economic Development in the World’s Four Major Economies,2019,2019-02-14,10.3390/jrfm12010035,https://doi.org/10.3390/jrfm12010035,Journal of risk and financial management,1911-8066,1911-8074,1911-8066; 1911-8074,[object Object]; [object Object]; [object Object]; [object Object],4,article,62,9.2061,0.98267427,false,true,hybrid,https://www.mdpi.com/1911-8074/12/1/35/pdf?version=1550137946,"Banking stability, regulation, efficiency; Risk Management in Financial Firms; Insurance and Financial Risk Management",2026-08-21T09:56:20.448147,2026-08-21T09:56:20.448147,openalex_orcid_only,official_orcid_to_openalex_author,high,false,false,,2026-08-29T03:05:01.770Z
uwa-finance-004,Duc Vo,A5061059537,W2931838221,Modeling the Relationship between Crude Oil and Agricultural Commodity Prices,2019,2019-04-08,10.3390/en12071344,https://doi.org/10.3390/en12071344,Energies,1996-1073,,1996-1073,[object Object]; [object Object]; [object Object]; [object Object],4,article,53,13.6509,0.98534913,false,true,gold,https://www.mdpi.com/1996-1073/12/7/1344/pdf?version=1554982504,"Market Dynamics and Volatility; Energy, Environment, Economic Growth; Energy, Environment, and Transportation Policies",2026-08-21T09:56:20.448147,2026-08-21T09:56:20.448147,openalex_orcid_only,official_orcid_to_openalex_author,high,false,false,,2026-08-29T03:05:01.770Z
uwa-finance-004,Duc Vo,A5061059537,W2913990229,Macroeconomics Determinants of Exchange Rate Pass-Through: New Evidence from the Asia-Pacific Region,2019,2019-01-24,10.1080/1540496x.2018.1534682,https://doi.org/10.1080/1540496x.2018.1534682,Emerging Markets Finance and Trade,1061-2009,1540-496X,1061-2009; 1540-496X; 1558-0938,[object Object]; [object Object],2,article,52,10.851,0.98380324,false,true,green,https://mpra.ub.uni-muenchen.de/103293/7/MPRA_paper_103293.pdf,Monetary Policy and Economic Impact; Market Dynamics and Volatility; Global Financial Crisis and Policies,2026-08-22T07:34:49.880490,2026-08-22T07:34:49.880490,openalex_orcid_only,official_orcid_to_openalex_author,high,false,false,,2026-08-29T03:05:01.770Z
uwa-finance-004,Duc Vo,A5061059537,W2929783459,FINANCIAL INCLUSION AND MACROECONOMIC STABILITY IN EMERGING AND FRONTIER MARKETS,2019,2019-04-05,10.1142/s2010495219500088,https://doi.org/10.1142/s2010495219500088,Annals of Financial Economics,2010-4952,2010-4960,2010-4952; 2010-4960,[object Object]; [object Object]; [object Object]; [object Object],4,article,51,11.3679,0.98162826,false,true,green,https://eprints.ucm.es/54660/1/1901.pdf,"Microfinance and Financial Inclusion; Economic Growth and Development; Financial Literacy, Pension, Retirement Analysis",2026-08-11T07:18:39.950985,2026-08-11T07:18:39.950985,openalex_orcid_only,official_orcid_to_openalex_author,high,false,false,,2026-08-29T03:05:01.770Z
uwa-finance-004,Duc Vo,A5061059537,W2995963637,Aging Population and Economic Growth in Developing Countries: A Quantile Regression Approach,2019,2019-12-18,10.1080/1540496x.2019.1698418,https://doi.org/10.1080/1540496x.2019.1698418,Emerging Markets Finance and Trade,1061-2009,1540-496X,1061-2009; 1540-496X; 1558-0938,[object Object]; [object Object],2,article,51,5.6879,0.96051717,false,false,closed,,"Energy, Environment, Economic Growth; Fiscal Policy and Economic Growth; Global Health Care Issues",2026-08-15T07:11:24.734988,2026-08-15T07:11:24.734988,openalex_orcid_only,official_orcid_to_openalex_author,high,false,false,,2026-08-29T03:05:01.770Z
uwa-finance-004,Duc Vo,A5061059537,W3017261698,The nexus between corporate governance and intellectual capital in Vietnam,2020,2020-04-17,10.1108/jabs-01-2020-0007,https://doi.org/10.1108/jabs-01-2020-0007,Journal of Asia Business Studies,1558-7894,1559-2243,1558-7894; 1559-2243,[object Object]; [object Object]; [object Object],3,article,51,6.8278,0.96550859,false,false,closed,,Intellectual Capital and Performance Analysis; Corporate Finance and Governance; Financial Reporting and Valuation Research,2026-07-15T18:14:33.161393,2026-07-15T18:14:33.161393,openalex_orcid_only,official_orcid_to_openalex_author,high,false,false,,2026-08-29T03:05:01.770Z
uwa-finance-004,Duc Vo,A5061059537,W2990928200,Financial Development and Income Inequality in Emerging Markets: A New Approach,2019,2019-11-23,10.3390/jrfm12040173,https://doi.org/10.3390/jrfm12040173,Journal of risk and financial management,1911-8066,1911-8074,1911-8066; 1911-8074,[object Object]; [object Object]; [object Object]; [object Object],4,article,48,8.2517,0.9725795,false,true,hybrid,https://www.mdpi.com/1911-8074/12/4/173/pdf?version=1574499525,"Income, Poverty, and Inequality; Economic Growth and Development; Energy, Environment, Economic Growth",2026-08-21T09:56:20.448147,2026-08-21T09:56:20.448147,openalex_orcid_only,official_orcid_to_openalex_author,high,false,false,,2026-08-29T03:05:01.770Z
uwa-finance-004,Duc Vo,A5061059537,W2909322462,Derivatives market and economic growth nexus: Policy implications for emerging markets,2019,2019-01-11,10.1016/j.najef.2018.10.014,https://doi.org/10.1016/j.najef.2018.10.014,The North American Journal of Economics and Finance,1062-9408,1879-0860,1062-9408; 1879-0860,[object Object]; [object Object]; [object Object]; [object Object]; [object Object],5,article,46,12.1657,0.9846057,false,false,closed,,Risk Management in Financial Firms; Corporate Finance and Governance; Economic Growth and Development,2026-08-21T09:56:20.448147,2026-08-21T09:56:20.448147,openalex_orcid_only,official_orcid_to_openalex_author,high,false,false,,2026-08-29T03:05:01.770Z
uwa-finance-004,Duc Vo,A5061059537,W3139033605,Intellectual capital and bank performance in Vietnam,2021,2021-03-23,10.1108/mf-03-2020-0143,https://doi.org/10.1108/mf-03-2020-0143,Managerial Finance,0307-4358,1758-7743,0307-4358; 1758-7743,[object Object]; [object Object],2,article,46,6.5017,0.96294387,false,false,closed,,"Intellectual Capital and Performance Analysis; Magnetic and transport properties of perovskites and related materials; Perfectionism, Procrastination, Anxiety Studies",2026-08-21T09:56:20.448147,2026-08-21T09:56:20.448147,openalex_orcid_only,official_orcid_to_openalex_author,high,false,false,,2026-08-29T03:05:01.770Z
uwa-finance-004,Duc Vo,A5061059537,W3149366288,Does the Kuznets curve apply for financial development and environmental degradation in the Asia-Pacific region?,2021,2021-04-01,10.1016/j.heliyon.2021.e06708,https://doi.org/10.1016/j.heliyon.2021.e06708,Heliyon,2405-8440,,2405-8440,[object Object]; [object Object]; [object Object]; [object Object]; [object Object],5,article,40,7.9593,0.97137564,false,true,gold,http://www.cell.com/article/S2405844021008112/pdf,"Energy, Environment, Economic Growth; Fiscal Policy and Economic Growth; Economic Growth and Development",2026-08-21T09:56:20.448147,2026-08-21T09:56:20.448147,openalex_orcid_only,official_orcid_to_openalex_author,high,false,false,,2026-08-29T03:05:01.770Z
uwa-finance-004,Duc Vo,A5061059537,W2806573959,Exchange Rate Pass-Through in ASEAN Countries: An Application of the SVAR Model,2018,2018-05-30,10.1080/1540496x.2018.1474737,https://doi.org/10.1080/1540496x.2018.1474737,Emerging Markets Finance and Trade,1061-2009,1540-496X,1061-2009; 1540-496X; 1558-0938,[object Object]; [object Object]; [object Object]; [object Object]; [object Object],5,article,39,7.8557,0.97265607,false,false,closed,,Monetary Policy and Economic Impact; Market Dynamics and Volatility; Global Financial Crisis and Policies,2026-08-15T07:11:24.734988,2026-08-15T07:11:24.734988,openalex_orcid_only,official_orcid_to_openalex_author,high,false,false,,2026-08-29T03:05:01.770Z
uwa-finance-004,Duc Vo,A5061059537,W3123950743,"Financial inclusion, corporate social responsibility and customer loyalty in the banking sector in Vietnam",2020,2020-12-01,10.14254/2071-8330.2020/13-4/1,https://doi.org/10.14254/2071-8330.2020/13-4/1,JOURNAL OF INTERNATIONAL STUDIES,2071-8330,2306-3483,2071-8330; 2306-3483,[object Object]; [object Object]; [object Object]; [object Object],4,article,39,6.4052,0.96468902,false,true,diamond,https://www.jois.eu/files/1_974_Vo et al.pdf,Islamic Finance and Banking Studies,2026-08-01T09:00:35.917206,2026-08-01T09:00:35.917206,openalex_orcid_only,official_orcid_to_openalex_author,high,false,false,,2026-08-29T03:05:01.770Z
uwa-finance-004,Duc Vo,A5061059537,W2894861576,"Risk, return and portfolio optimization for various industries in the ASEAN region",2018,2018-10-03,10.1016/j.bir.2018.09.003,https://doi.org/10.1016/j.bir.2018.09.003,Borsa Istanbul Review,2214-8450,2214-8469,2214-8450; 2214-8469,[object Object]; [object Object]; [object Object]; [object Object]; [object Object],5,article,32,1.9007,0.86740801,false,true,gold,https://www.sciencedirect.com/science/article/pii/S2214845018301698/pdf,Risk and Portfolio Optimization; Market Dynamics and Volatility; Insurance and Financial Risk Management,2026-08-19T15:00:24.278416,2026-08-19T15:00:24.278416,openalex_orcid_only,official_orcid_to_openalex_author,high,false,false,,2026-08-29T03:05:01.770Z
uwa-finance-004,Duc Vo,A5061059537,W2951296664,The Determinants of Gender Income Inequality in Vietnam: A Longitudinal Data Analysis,2019,2019-06-12,10.1080/1540496x.2019.1609443,https://doi.org/10.1080/1540496x.2019.1609443,Emerging Markets Finance and Trade,1061-2009,1540-496X,1061-2009; 1540-496X; 1558-0938,[object Object]; [object Object]; [object Object]; [object Object]; [object Object],5,article,31,5.2504,0.95551249,false,false,closed,,"Fiscal Policy and Economic Growth; Labor market dynamics and wage inequality; Income, Poverty, and Inequality",2026-08-15T07:11:24.734988,2026-08-15T07:11:24.734988,openalex_orcid_only,official_orcid_to_openalex_author,high,false,false,,2026-08-29T03:05:01.770Z
uwa-finance-004,Duc Vo,A5061059537,W2958837119,THE NEXUS BETWEEN ECONOMIC INTEGRATION AND GROWTH: APPLICATION TO VIETNAM,2019,2019-07-10,10.1142/s2010495219500143,https://doi.org/10.1142/s2010495219500143,Annals of Financial Economics,2010-4952,2010-4960,2010-4952; 2010-4960,[object Object]; [object Object]; [object Object],3,article,31,12.4116,0.982694,false,false,closed,,Fiscal Policy and Economic Growth; Global trade and economics; Global Financial Crisis and Policies,2026-05-21T06:26:12.895304,2026-05-21T06:26:12.895304,openalex_orcid_only,official_orcid_to_openalex_author,high,false,false,,2026-08-29T03:05:01.770Z
uwa-finance-004,Duc Vo,A5061059537,W4283694908,"The interrelationship between intellectual capital, corporate governance and corporate social responsibility",2022,2022-06-29,10.1108/srj-06-2021-0238,https://doi.org/10.1108/srj-06-2021-0238,Social Responsibility Journal,1747-1117,1758-857X,1747-1117; 1758-857X,[object Object]; [object Object]; [object Object]; [object Object],4,article,31,4.7272,0.94638023,false,false,closed,,Intellectual Capital and Performance Analysis; Corporate Finance and Governance; Corporate Social Responsibility Reporting,2026-08-11T07:18:39.950985,2026-08-11T07:18:39.950985,openalex_orcid_only,official_orcid_to_openalex_author,high,false,false,,2026-08-29T03:05:01.770Z
uwa-finance-004,Duc Vo,A5061059537,W3093301361,Sustainable agriculture & energy in the U.S.: A link between ethanol production and the acreage for corn,2020,2020-09-01,10.14254/2071-789x.2020/13-3/16,https://doi.org/10.14254/2071-789x.2020/13-3/16,Economics & Sociology,2071-789X,2306-3459,2071-789X; 2306-3459,[object Object],1,article,30,3.6057,0.93238203,false,true,diamond,https://www.economics-sociology.eu/files/16I_990_Vo.pdf,Agriculture Sustainability and Environmental Impact,2026-08-21T09:56:20.448147,2026-08-21T09:56:20.448147,openalex_orcid_only,official_orcid_to_openalex_author,high,false,false,,2026-08-29T03:05:01.770Z
uwa-finance-004,Duc Vo,A5061059537,W2745673310,Corporate Governance and Firm’s Performance: Empirical Evidence from Vietnam,2013,2013-10-01,10.24311/jabes/2013.218.08,https://doi.org/10.24311/jabes/2013.218.08,Journal of Asian Business and Economic Studies,2615-9112,,2615-9112,[object Object]; [object Object],2,article,29,0.7769,0.84732214,false,true,bronze,http://jabes.ueh.edu.vn/Content/ArticleFiles/oldbv_en/2013/Thang 10/5vohongduc.pdf,Corporate Finance and Governance,2026-07-25T15:57:00.446498,2026-07-25T15:57:00.446498,openalex_orcid_only,official_orcid_to_openalex_author,high,false,false,,2026-08-29T03:05:01.770Z
uwa-finance-004,Duc Vo,A5061059537,W2973578469,Corporate Financial Distress of Industry Level Listings in Vietnam,2019,2019-09-22,10.3390/jrfm12040155,https://doi.org/10.3390/jrfm12040155,Journal of risk and financial management,1911-8066,1911-8074,1911-8066; 1911-8074,[object Object]; [object Object]; [object Object]; [object Object],4,article,29,5.4536,0.95463507,false,true,hybrid,https://www.mdpi.com/1911-8074/12/4/155/pdf?version=1569139765,Financial Distress and Bankruptcy Prediction; Credit Risk and Financial Regulations; Corporate Finance and Governance,2026-08-21T09:56:20.448147,2026-08-21T09:56:20.448147,openalex_orcid_only,official_orcid_to_openalex_author,high,false,false,,2026-08-29T03:05:01.770Z
uwa-finance-004,Duc Vo,A5061059537,W3130608971,Measuring national intellectual capital: a novel approach,2021,2021-02-14,10.1108/jic-06-2020-0183,https://doi.org/10.1108/jic-06-2020-0183,Journal of Intellectual Capital,1469-1930,1758-7468,1469-1930; 1758-7468,[object Object]; [object Object],2,article,29,4.2744,0.94001411,false,false,closed,,"Intellectual Capital and Performance Analysis; Magnetic and transport properties of perovskites and related materials; Perfectionism, Procrastination, Anxiety Studies",2026-07-14T08:27:34.040176,2026-07-14T08:27:34.040176,openalex_orcid_only,official_orcid_to_openalex_author,high,false,false,,2026-08-29T03:05:01.770Z
uwa-finance-004,Duc Vo,A5061059537,W4304182513,Intellectual Capital and Firm Performance in Vietnam: The Moderating Role of Corporate Social Responsibility,2022,2022-10-07,10.3390/su141912763,https://doi.org/10.3390/su141912763,Sustainability,2071-1050,,2071-1050,[object Object]; [object Object]; [object Object]; [object Object],4,article,29,4.1055,0.93793404,false,true,gold,https://www.mdpi.com/2071-1050/14/19/12763/pdf?version=1665136747,Intellectual Capital and Performance Analysis; Corporate Social Responsibility Reporting; Environmental Sustainability in Business,2026-08-21T09:56:20.448147,2026-08-21T09:56:20.448147,openalex_orcid_only,official_orcid_to_openalex_author,high,false,false,,2026-08-29T03:05:01.770Z
uwa-finance-004,Duc Vo,A5061059537,W4297042698,Stock market volatility from the Covid-19 pandemic: New evidence from the Asia-Pacific region,2022,2022-09-01,10.1016/j.heliyon.2022.e10763,https://doi.org/10.1016/j.heliyon.2022.e10763,Heliyon,2405-8440,,2405-8440,[object Object]; [object Object]; [object Object],3,article,28,5.7954,0.96080341,false,true,gold,http://www.cell.com/article/S2405844022020515/pdf,COVID-19 Pandemic Impacts; Market Dynamics and Volatility; Financial Risk and Volatility Modeling,2026-08-21T09:56:20.448147,2026-08-21T09:56:20.448147,openalex_orcid_only,official_orcid_to_openalex_author,high,false,false,,2026-08-29T03:05:01.770Z
uwa-finance-004,Duc Vo,A5061059537,W4323980131,"Renewable Energy, Urbanization, Financial Development and Environmental Degradation in the ASEAN Countries",2023,2023-03-01,10.1177/09754253221151102,https://doi.org/10.1177/09754253221151102,Environment and Urbanization Asia,0975-4253,0976-3546,0975-4253; 0976-3546,[object Object]; [object Object]; [object Object]; [object Object],4,article,26,8.1412,0.97107293,false,false,closed,,"Energy, Environment, Economic Growth; Energy, Environment, and Transportation Policies; Energy and Environment Impacts",2026-08-21T09:56:20.448147,2026-08-21T09:56:20.448147,openalex_orcid_only,official_orcid_to_openalex_author,high,false,false,,2026-08-29T03:05:01.770Z
uwa-finance-004,Duc Vo,A5061059537,W2923856429,Energy Consumption and Economic Growth: Evidence from Vietnam,2019,2019-07-02,10.6000/1929-7092.2019.08.30,https://doi.org/10.6000/1929-7092.2019.08.30,Journal of Reviews on Global Economics,1929-7092,,1929-7092,[object Object]; [object Object]; [object Object]; [object Object],4,article,24,6.5584,0.96437259,false,true,diamond,https://doi.org/10.6000/1929-7092.2019.08.30,"Energy, Environment, Economic Growth; Energy, Environment, and Transportation Policies; Energy and Environment Impacts",2026-08-11T07:18:39.950985,2026-08-11T07:18:39.950985,openalex_orcid_only,official_orcid_to_openalex_author,high,false,false,,2026-08-29T03:05:01.770Z
uwa-finance-004,Duc Vo,A5061059537,W2932983403,THE DETERMINANTS OF FINANCIAL INSTABILITY IN EMERGING COUNTRIES,2019,2019-04-05,10.1142/s2010495219500106,https://doi.org/10.1142/s2010495219500106,Annals of Financial Economics,2010-4952,2010-4960,2010-4952; 2010-4960,[object Object]; [object Object]; [object Object]; [object Object],4,article,23,3.1683,0.91708824,false,false,closed,,"Banking stability, regulation, efficiency; Global Financial Crisis and Policies; Economic Theory and Policy",2026-05-21T06:26:12.895304,2026-05-21T06:26:12.895304,openalex_orcid_only,official_orcid_to_openalex_author,high,false,false,,2026-08-29T03:05:01.770Z
uwa-finance-004,Duc Vo,A5061059537,W4298396310,Sectoral volatility spillovers and their determinants in Vietnam,2022,2022-10-01,10.1007/s10644-022-09446-9,https://doi.org/10.1007/s10644-022-09446-9,Economic Change and Restructuring,1573-9414,1574-0277,1573-9414; 1574-0277,[object Object]; [object Object]; [object Object],3,article,23,4.0783,0.94327998,false,true,bronze,https://link.springer.com/content/pdf/10.1007/s10644-022-09446-9.pdf,Market Dynamics and Volatility; COVID-19 Pandemic Impacts; Financial Risk and Volatility Modeling,2026-08-21T09:56:20.448147,2026-08-21T09:56:20.448147,openalex_orcid_only,official_orcid_to_openalex_author,high,false,false,,2026-08-29T03:05:01.770Z
uwa-finance-004,Duc Vo,A5061059537,W4312056221,The asymmetric effects of institutional quality on financial inclusion in the Asia-pacific region,2022,2022-11-30,10.1016/j.heliyon.2022.e12016,https://doi.org/10.1016/j.heliyon.2022.e12016,Heliyon,2405-8440,,2405-8440,[object Object]; [object Object]; [object Object]; [object Object],4,article,23,3.8636,0.94054172,false,true,gold,https://doi.org/10.1016/j.heliyon.2022.e12016,Microfinance and Financial Inclusion; Economic Growth and Development; Islamic Finance and Banking Studies,2026-08-21T09:56:20.448147,2026-08-21T09:56:20.448147,openalex_orcid_only,official_orcid_to_openalex_author,high,false,false,,2026-08-29T03:05:01.770Z
uwa-finance-004,Duc Vo,A5061059537,W3167906154,Does financial development improve human capital accumulation in the Southeast Asian countries?,2021,2021-01-01,10.1080/23311975.2021.1932245,https://doi.org/10.1080/23311975.2021.1932245,Cogent Business & Management,2331-1975,,2331-1975,[object Object]; [object Object]; [object Object],3,article,22,4.9478,0.95467412,false,true,gold,https://www.tandfonline.com/doi/pdf/10.1080/23311975.2021.1932245?needAccess=true,"Fiscal Policy and Economic Growth; Economic Growth and Productivity; Financial Literacy, Pension, Retirement Analysis",2026-07-07T14:30:12.667765,2026-07-07T14:30:12.667765,openalex_orcid_only,official_orcid_to_openalex_author,high,false,false,,2026-08-29T03:05:01.770Z
uwa-finance-004,Duc Vo,A5061059537,W4282980578,"Economic growth, renewable energy and financial development in the CPTPP countries",2022,2022-06-16,10.1371/journal.pone.0268631,https://doi.org/10.1371/journal.pone.0268631,PLoS ONE,1932-6203,,1932-6203,[object Object]; [object Object]; [object Object],3,article,21,4.2929,0.94529133,false,true,gold,https://journals.plos.org/plosone/article/file?id=10.1371/journal.pone.0268631&type=printable,"Energy, Environment, Economic Growth; Climate Change Policy and Economics; Energy, Environment, and Transportation Policies",2026-08-21T09:56:20.448147,2026-08-21T09:56:20.448147,openalex_orcid_only,official_orcid_to_openalex_author,high,false,false,,2026-08-29T03:05:01.770Z
uwa-finance-004,Duc Vo,A5061059537,W3134369326,Urbanization and the Consumption of Fossil Energy Sources in the Emerging Southeast Asian Countries,2021,2021-03-01,10.1177/0975425321990378,https://doi.org/10.1177/0975425321990378,Environment and Urbanization Asia,0975-4253,0976-3546,0975-4253; 0976-3546,[object Object]; [object Object]; [object Object]; [object Object],4,article,20,2.341,0.9104219,false,false,closed,,"Energy, Environment, Economic Growth; Energy, Environment, and Transportation Policies; Environmental Impact and Sustainability",2026-08-21T09:56:20.448147,2026-08-21T09:56:20.448147,openalex_orcid_only,official_orcid_to_openalex_author,high,false,false,,2026-08-29T03:05:01.770Z
uwa-finance-004,Duc Vo,A5061059537,W4221098614,Measuring national intellectual capital and its effect on country’s competitiveness,2022,2022-03-11,10.1108/cr-08-2021-0110,https://doi.org/10.1108/cr-08-2021-0110,Competitiveness Review An International Business Journal incorporating Journal of Global Competitiveness,1059-5422,2051-3143,1059-5422; 2051-3143,[object Object]; [object Object],2,article,20,2.8551,0.90887142,false,false,closed,,Intellectual Capital and Performance Analysis,2026-07-18T07:39:51.176621,2026-07-18T07:39:51.176621,openalex_orcid_only,official_orcid_to_openalex_author,high,false,false,,2026-08-29T03:05:01.770Z
uwa-finance-004,Duc Vo,A5061059537,W3198678482,Do corporate social responsibility and bank performance matter for financial inclusion in Vietnam?,2021,2021-08-11,10.1108/jabs-11-2020-0462,https://doi.org/10.1108/jabs-11-2020-0462,Journal of Asia Business Studies,1558-7894,1559-2243,1558-7894; 1559-2243,[object Object]; [object Object]; [object Object]; [object Object],4,article,18,3.4954,0.93745956,false,false,closed,,Microfinance and Financial Inclusion; Islamic Finance and Banking Studies; Economic Growth and Development,2026-08-15T07:11:24.734988,2026-08-15T07:11:24.734988,openalex_orcid_only,official_orcid_to_openalex_author,high,false,false,,2026-08-29T03:05:01.770Z
uwa-finance-004,Duc Vo,A5061059537,W4384820238,"Market risk, financial distress and firm performance in Vietnam",2023,2023-07-19,10.1371/journal.pone.0288621,https://doi.org/10.1371/journal.pone.0288621,PLoS ONE,1932-6203,,1932-6203,[object Object],1,article,18,7.3415,0.97036231,false,true,gold,https://journals.plos.org/plosone/article/file?id=10.1371/journal.pone.0288621&type=printable,"Financial Distress and Bankruptcy Prediction; Working Capital and Financial Performance; Banking stability, regulation, efficiency",2026-08-21T09:56:20.448147,2026-08-21T09:56:20.448147,openalex_orcid_only,official_orcid_to_openalex_author,high,false,false,,2026-08-29T03:05:01.770Z
uwa-finance-004,Duc Vo,A5061059537,W4390818319,Digital transformation and corporate restructuring: does corporate governance matter?,2024,2024-01-12,10.1108/jsma-04-2023-0084,https://doi.org/10.1108/jsma-04-2023-0084,Journal of strategy and management,1755-425X,1755-4268,1755-425X; 1755-4268,[object Object]; [object Object]; [object Object]; [object Object],4,article,17,14.3486,0.98341889,false,false,closed,,"Economic and Technological Innovation; Innovation Policy and R&D; Energy, Environment, Economic Growth",2026-07-11T05:44:25.926202,2026-07-11T05:44:25.926202,openalex_orcid_only,official_orcid_to_openalex_author,high,false,false,,2026-08-29T03:05:01.770Z
uwa-finance-004,Duc Vo,A5061059537,W2605805556,Economic cycles and downside commodities risk,2017,2017-04-13,10.1080/13504851.2017.1316818,https://doi.org/10.1080/13504851.2017.1316818,Applied Economics Letters,1350-4851,1466-4291,1350-4851; 1466-4291,[object Object]; [object Object]; [object Object],3,article,16,14.7305,0.98326302,false,false,closed,,Market Dynamics and Volatility; Global Energy and Sustainability Research,2026-08-15T07:11:24.734988,2026-08-15T07:11:24.734988,openalex_orcid_only,official_orcid_to_openalex_author,high,false,false,,2026-08-29T03:05:01.770Z
uwa-finance-004,Duc Vo,A5061059537,W4377861269,Examining financial distress of the Vietnamese listed firms using accounting-based models,2023,2023-05-23,10.1371/journal.pone.0284451,https://doi.org/10.1371/journal.pone.0284451,PLoS ONE,1932-6203,,1932-6203,[object Object]; [object Object]; [object Object]; [object Object]; [object Object],5,article,16,6.5114,0.96430259,false,true,gold,https://journals.plos.org/plosone/article/file?id=10.1371/journal.pone.0284451&type=printable,"Financial Distress and Bankruptcy Prediction; Working Capital and Financial Performance; Auditing, Earnings Management, Governance",2026-08-24T07:32:12.397491,2026-08-24T07:32:12.397491,openalex_orcid_only,official_orcid_to_openalex_author,high,false,false,,2026-08-29T03:05:01.770Z
uwa-finance-004,Duc Vo,A5061059537,W4399715275,Do Urbanization and Industrialization Deteriorate Environmental Quality? Empirical Evidence from Vietnam,2024,2024-04-01,10.1177/21582440241258285,https://doi.org/10.1177/21582440241258285,SAGE Open,2158-2440,,2158-2440,[object Object]; [object Object]; [object Object],3,article,16,10.9091,0.97784092,false,true,gold,https://doi.org/10.1177/21582440241258285,"Energy, Environment, Economic Growth; Fiscal Policy and Economic Growth; Sustainable Development and Environmental Policy",2026-08-21T09:56:20.448147,2026-08-21T09:56:20.448147,openalex_orcid_only,official_orcid_to_openalex_author,high,false,false,,2026-08-29T03:05:01.770Z
uwa-finance-004,Duc Vo,A5061059537,W4401166357,The short- and long-run effect of human capital on income inequality: Empirical evidence in the ASEAN region,2024,2024-07-31,10.1371/journal.pone.0304678,https://doi.org/10.1371/journal.pone.0304678,PLoS ONE,1932-6203,,1932-6203,[object Object]; [object Object]; [object Object],3,article,16,13.5224,0.987259,false,true,gold,https://doi.org/10.1371/journal.pone.0304678,"Income, Poverty, and Inequality; Fiscal Policy and Economic Growth; Energy, Environment, Economic Growth",2026-08-21T09:56:20.448147,2026-08-21T09:56:20.448147,openalex_orcid_only,official_orcid_to_openalex_author,high,false,false,,2026-08-29T03:05:01.770Z
uwa-finance-004,Duc Vo,A5061059537,W2999629422,Understanding the exchange rate pass-through to consumer prices in Vietnam: the SVAR approach,2019,2019-12-16,10.1108/ijoem-10-2018-0551,https://doi.org/10.1108/ijoem-10-2018-0551,International Journal of Emerging Markets,1746-8809,1746-8817,1746-8809; 1746-8817,[object Object]; [object Object]; [object Object],3,article,15,3.7416,0.93877139,false,false,closed,,Monetary Policy and Economic Impact; Market Dynamics and Volatility; Global Financial Crisis and Policies,2026-07-22T07:51:19.307946,2026-07-22T07:51:19.307946,openalex_orcid_only,official_orcid_to_openalex_author,high,false,false,,2026-08-29T03:05:01.770Z
uwa-finance-004,Duc Vo,A5061059537,W4390635918,Understanding the characteristics of the household energy transition in a developing country,2024,2024-01-01,10.1016/j.heliyon.2024.e23977,https://doi.org/10.1016/j.heliyon.2024.e23977,Heliyon,2405-8440,,2405-8440,[object Object]; [object Object]; [object Object],3,article,15,1.3912,0.77266801,false,true,gold,https://doi.org/10.1016/j.heliyon.2024.e23977,Energy and Environment Impacts; Hybrid Renewable Energy Systems; Electric Vehicles and Infrastructure,2026-08-23T07:36:19.812096,2026-08-23T07:36:19.812096,openalex_orcid_only,official_orcid_to_openalex_author,high,false,false,,2026-08-29T03:05:01.770Z
uwa-finance-004,Duc Vo,A5061059537,W4390812250,Does national intellectual capital matter for economic growth in the Asia–Pacific economies?,2024,2024-01-12,10.1108/jic-09-2022-0184,https://doi.org/10.1108/jic-09-2022-0184,Journal of Intellectual Capital,1469-1930,1758-7468,1469-1930; 1758-7468,[object Object]; [object Object],2,article,15,6.2113,0.95800157,false,false,closed,,Intellectual Capital and Performance Analysis; Economic Growth and Productivity; Fiscal Policy and Economic Growth,2026-08-11T07:18:39.950985,2026-08-11T07:18:39.950985,openalex_orcid_only,official_orcid_to_openalex_author,high,false,false,,2026-08-29T03:05:01.770Z
uwa-finance-004,Duc Vo,A5061059537,W4372332190,Asia-Pacific stock market return and volatility in the uncertain world: Evidence from the nonlinear autoregressive distributed lag approach,2023,2023-05-05,10.1371/journal.pone.0285279,https://doi.org/10.1371/journal.pone.0285279,PLoS ONE,1932-6203,,1932-6203,[object Object]; [object Object],2,article,14,4.3837,0.94343214,false,true,gold,https://journals.plos.org/plosone/article/file?id=10.1371/journal.pone.0285279&type=printable,"Market Dynamics and Volatility; Energy, Environment, Economic Growth; Monetary Policy and Economic Impact",2026-08-21T09:56:20.448147,2026-08-21T09:56:20.448147,openalex_orcid_only,official_orcid_to_openalex_author,high,false,false,,2026-08-29T03:05:01.770Z
uwa-finance-004,Duc Vo,A5061059537,W4379052281,Volatility spillovers across sectors and their magnitude: A sector-based analysis for Australia,2023,2023-06-01,10.1371/journal.pone.0286528,https://doi.org/10.1371/journal.pone.0286528,PLoS ONE,1932-6203,,1932-6203,[object Object],1,article,14,4.3837,0.94375516,false,true,gold,https://journals.plos.org/plosone/article/file?id=10.1371/journal.pone.0286528&type=printable,"Market Dynamics and Volatility; COVID-19 Pandemic Impacts; Energy, Environment, Economic Growth",2026-08-21T09:56:20.448147,2026-08-21T09:56:20.448147,openalex_orcid_only,official_orcid_to_openalex_author,high,false,false,,2026-08-29T03:05:01.770Z
uwa-finance-004,Duc Vo,A5061059537,W4389058731,Does income inequality moderate the effect of fintech development on renewable energy consumption?,2023,2023-11-27,10.1371/journal.pone.0293033,https://doi.org/10.1371/journal.pone.0293033,PLoS ONE,1932-6203,,1932-6203,[object Object]; [object Object]; [object Object]; [object Object],4,article,13,3.2962,0.92364803,false,true,gold,https://journals.plos.org/plosone/article/file?id=10.1371/journal.pone.0293033&type=printable,"FinTech, Crowdfunding, Digital Finance; Economic Growth and Development; Energy, Environment, Economic Growth",2026-08-25T07:29:55.448023,2026-08-25T07:29:55.448023,openalex_orcid_only,official_orcid_to_openalex_author,high,false,false,,2026-08-29T03:05:01.770Z
uwa-finance-004,Duc Vo,A5061059537,W4287377209,Public spending and informal economy in the Asian countries,2022,2022-07-25,10.1080/23322039.2022.2101220,https://doi.org/10.1080/23322039.2022.2101220,Cogent Economics & Finance,2332-2039,,2332-2039,[object Object]; [object Object]; [object Object]; [object Object],4,article,12,2.5045,0.91678864,false,true,gold,https://www.tandfonline.com/doi/pdf/10.1080/23322039.2022.2101220?needAccess=true,Taxation and Compliance Studies; Fiscal Policy and Economic Growth; Corporate Taxation and Avoidance,2026-06-26T08:34:08.712188,2026-06-26T08:34:08.712188,openalex_orcid_only,official_orcid_to_openalex_author,high,false,false,,2026-08-29T03:05:01.770Z
uwa-finance-004,Duc Vo,A5061059537,W4385218135,The Effects of Migration on Unemployment: New Evidence from the Asian Countries,2023,2023-07-21,10.3390/su151411385,https://doi.org/10.3390/su151411385,Sustainability,2071-1050,,2071-1050,[object Object]; [object Object],2,article,12,5.6956,0.95650959,false,true,gold,https://www.mdpi.com/2071-1050/15/14/11385/pdf?version=1690027199,Migration and Labor Dynamics; Labor market dynamics and wage inequality; Unemployment and Economic Growth,2026-08-21T09:56:20.448147,2026-08-21T09:56:20.448147,openalex_orcid_only,official_orcid_to_openalex_author,high,false,false,,2026-08-29T03:05:01.770Z
uwa-finance-004,Duc Vo,A5061059537,W4321054318,Does domestic migration adversely affect food security? Evidence from Vietnam,2023,2023-02-16,10.1016/j.heliyon.2023.e13789,https://doi.org/10.1016/j.heliyon.2023.e13789,Heliyon,2405-8440,,2405-8440,[object Object],1,article,11,5.221,0.94969434,false,true,gold,https://doi.org/10.1016/j.heliyon.2023.e13789,"Migration and Labor Dynamics; Climate Change, Adaptation, Migration; Child Nutrition and Water Access",2026-08-21T09:56:20.448147,2026-08-21T09:56:20.448147,openalex_orcid_only,official_orcid_to_openalex_author,high,false,false,,2026-08-29T03:05:01.770Z
uwa-finance-004,Duc Vo,A5061059537,W4388463289,Fintech development and environmental sustainability: Does income inequality matter?,2023,2023-11-07,10.1111/1467-8454.12328,https://doi.org/10.1111/1467-8454.12328,Australian Economic Papers,0004-900X,1467-8454,0004-900X; 1467-8454,[object Object]; [object Object]; [object Object]; [object Object],4,article,11,2.8319,0.91098977,false,true,bronze,https://onlinelibrary.wiley.com/doi/pdfdirect/10.1111/1467-8454.12328,"FinTech, Crowdfunding, Digital Finance; Economic Growth and Development; Energy, Environment, Economic Growth",2026-08-22T07:34:49.880490,2026-08-22T07:34:49.880490,openalex_orcid_only,official_orcid_to_openalex_author,high,false,false,,2026-08-29T03:05:01.770Z
uwa-finance-004,Duc Vo,A5061059537,W4398131372,Corporate restructuring and firm performance in Vietnam: The moderating role of digital transformation,2024,2024-05-20,10.1371/journal.pone.0303491,https://doi.org/10.1371/journal.pone.0303491,PLoS ONE,1932-6203,,1932-6203,[object Object]; [object Object]; [object Object]; [object Object],4,article,11,7.4732,0.96569815,false,true,gold,https://doi.org/10.1371/journal.pone.0303491,Firm Innovation and Growth; International Business and FDI; Economic Growth and Productivity,2026-08-23T07:36:19.812096,2026-08-23T07:36:19.812096,openalex_orcid_only,official_orcid_to_openalex_author,high,false,false,,2026-08-29T03:05:01.770Z
uwa-finance-004,Duc Vo,A5061059537,W4403423608,Examining the effects of national intellectual capital on economic growth: does digital services trade restrictiveness matter?,2024,2024-10-15,10.1108/jkm-12-2023-1288,https://doi.org/10.1108/jkm-12-2023-1288,Journal of Knowledge Management,1367-3270,1758-7484,1367-3270; 1758-7484,[object Object]; [object Object]; [object Object],3,article,11,5.1594,0.95112071,false,false,closed,,Intellectual Capital and Performance Analysis; Economic Growth and Development; Economic Growth and Productivity,2026-06-30T13:55:48.251075,2026-06-30T13:55:48.251075,openalex_orcid_only,official_orcid_to_openalex_author,high,false,false,,2026-08-29T03:05:01.770Z
uwa-finance-004,Duc Vo,A5061059537,W4389725872,Market return spillover from the US to the Asia-Pacific Countries: The Role of Geopolitical Risk and the Information & Communication Technologies,2023,2023-12-14,10.1371/journal.pone.0290680,https://doi.org/10.1371/journal.pone.0290680,PLoS ONE,1932-6203,,1932-6203,[object Object]; [object Object],2,article,10,3.1312,0.92805436,false,true,gold,https://journals.plos.org/plosone/article/file?id=10.1371/journal.pone.0290680&type=printable,"Market Dynamics and Volatility; Energy, Environment, Economic Growth; Financial Risk and Volatility Modeling",2026-08-21T09:56:20.448147,2026-08-21T09:56:20.448147,openalex_orcid_only,official_orcid_to_openalex_author,high,false,false,,2026-08-29T03:05:01.770Z
uwa-finance-004,Duc Vo,A5061059537,W4406380624,Long-term effects of institutional quality on financial inclusion in Asia–Pacific countries,2025,2025-01-13,10.1186/s40854-024-00727-y,https://doi.org/10.1186/s40854-024-00727-y,Financial Innovation,2199-4730,,2199-4730,[object Object],1,article,9,13.3723,0.98315045,false,true,diamond,https://jfin-swufe.springeropen.com/counter/pdf/10.1186/s40854-024-00727-y,"Microfinance and Financial Inclusion; Economic Growth and Development; Financial Literacy, Pension, Retirement Analysis",2026-08-21T09:56:20.448147,2026-08-21T09:56:20.448147,openalex_orcid_only,official_orcid_to_openalex_author,high,false,false,,2026-08-29T03:05:01.770Z
uwa-finance-004,Duc Vo,A5061059537,W4393359184,From foreign direct investment to environmental regulations: Does a feedback effect ever exist?,2024,2024-03-31,10.1016/j.heliyon.2024.e28657,https://doi.org/10.1016/j.heliyon.2024.e28657,Heliyon,2405-8440,,2405-8440,[object Object]; [object Object]; [object Object]; [object Object]; [object Object],5,article,8,5.4545,0.95218132,false,true,gold,https://doi.org/10.1016/j.heliyon.2024.e28657,"Energy, Environment, Economic Growth; Environmental Impact and Sustainability; Climate Change Policy and Economics",2026-08-21T09:56:20.448147,2026-08-21T09:56:20.448147,openalex_orcid_only,official_orcid_to_openalex_author,high,false,false,,2026-08-29T03:05:01.770Z
uwa-finance-004,Duc Vo,A5061059537,W4380930288,The growth effects of financial integration in the ASEAN countries,2023,2023-06-16,10.1108/ijoem-02-2022-0224,https://doi.org/10.1108/ijoem-02-2022-0224,International Journal of Emerging Markets,1746-8809,1746-8817,1746-8809; 1746-8817,[object Object]; [object Object],2,article,7,1.681,0.84207945,false,false,closed,,Global Financial Crisis and Policies; Monetary Policy and Economic Impact; Fiscal Policy and Economic Growth,2026-07-30T17:31:21.811387,2026-07-30T17:31:21.811387,openalex_orcid_only,official_orcid_to_openalex_author,high,false,false,,2026-08-29T03:05:01.770Z
uwa-finance-004,Duc Vo,A5061059537,W4386361835,The determinants of financial inclusion from the households’ perspectives in Vietnam,2023,2023-09-01,10.1371/journal.pone.0291020,https://doi.org/10.1371/journal.pone.0291020,PLoS ONE,1932-6203,,1932-6203,[object Object]; [object Object]; [object Object]; [object Object],4,article,7,2.1899,0.904276,false,true,gold,https://journals.plos.org/plosone/article/file?id=10.1371/journal.pone.0291020&type=printable,"Microfinance and Financial Inclusion; Financial Literacy, Pension, Retirement Analysis; Urban and Rural Development Challenges",2026-08-23T07:36:19.812096,2026-08-23T07:36:19.812096,openalex_orcid_only,official_orcid_to_openalex_author,high,false,false,,2026-08-29T03:05:01.770Z
uwa-finance-004,Duc Vo,A5061059537,W4387498986,"Government expenditure, budget deficit and shadow economy",2023,2023-10-02,10.1080/17487870.2023.2268250,https://doi.org/10.1080/17487870.2023.2268250,Journal of Economic Policy Reform,1748-7870,1748-7889,1748-7870; 1748-7889,[object Object]; [object Object]; [object Object]; [object Object]; [object Object],5,article,7,2.1748,0.9044804,false,false,closed,,Taxation and Compliance Studies; Fiscal Policy and Economic Growth; Corporate Taxation and Avoidance,2026-08-15T07:11:24.734988,2026-08-15T07:11:24.734988,openalex_orcid_only,official_orcid_to_openalex_author,high,false,false,,2026-08-29T03:05:01.770Z
uwa-finance-004,Duc Vo,A5061059537,W4414517104,Machine Learning application in predicting the properties of Ti-6Al-4V samples produced with Power Bed Fusion technology,2025,2025-09-25,10.1016/j.rineng.2025.107404,https://doi.org/10.1016/j.rineng.2025.107404,Results in Engineering,2590-1230,,2590-1230,[object Object]; [object Object]; [object Object]; [object Object]; [object Object]; [object Object]; [object Object],7,article,7,2.3635,0.8887057,false,true,gold,https://doi.org/10.1016/j.rineng.2025.107404,Additive Manufacturing Materials and Processes; Welding Techniques and Residual Stresses; High Entropy Alloys Studies,2026-08-21T09:56:20.448147,2026-08-21T09:56:20.448147,openalex_orcid_only,official_orcid_to_openalex_author,high,false,false,,2026-08-29T03:05:01.770Z
uwa-finance-004,Duc Vo,A5061059537,W4387798427,"Financial development, energy consumption, and economic growth in the ASEAN countries: evidence from the PVAR approach",2023,2023-10-20,10.1007/s11356-023-30303-3,https://doi.org/10.1007/s11356-023-30303-3,Environmental Science and Pollution Research,0944-1344,1614-7499,0944-1344; 1614-7499,[object Object]; [object Object]; [object Object]; [object Object],4,article,6,1.8787,0.89544146,false,false,closed,,"Energy, Environment, Economic Growth; Energy, Environment, and Transportation Policies; Energy and Environment Impacts",2026-08-21T09:56:20.448147,2026-08-21T09:56:20.448147,openalex_orcid_only,official_orcid_to_openalex_author,high,false,false,,2026-08-29T03:05:01.770Z
uwa-finance-004,Duc Vo,A5061059537,W4404879845,Does national intellectual capital matter for productivity? International evidence,2024,2024-11-30,10.1108/ijoem-12-2023-1952,https://doi.org/10.1108/ijoem-12-2023-1952,International Journal of Emerging Markets,1746-8809,1746-8817,1746-8809; 1746-8817,[object Object]; [object Object]; [object Object],3,article,5,3.4847,0.93593441,false,false,closed,,Economic Growth and Productivity; Intellectual Capital and Performance Analysis; Innovation Policy and R&D,2026-07-19T07:52:34.831488,2026-07-19T07:52:34.831488,openalex_orcid_only,official_orcid_to_openalex_author,high,false,false,,2026-08-29T03:05:01.770Z
uwa-finance-004,Duc Vo,A5061059537,W2972853790,Modeling the Impact of Agricultural Shocks on Oil Price in the US: A New Approach,2019,2019-09-10,10.3390/jrfm12030147,https://doi.org/10.3390/jrfm12030147,Journal of risk and financial management,1911-8066,1911-8074,1911-8066; 1911-8074,[object Object]; [object Object]; [object Object]; [object Object],4,article,27,6.1649,0.9631639,false,true,hybrid,https://doi.org/10.3390/jrfm12030147,"Market Dynamics and Volatility; Energy, Environment, and Transportation Policies; Energy, Environment, Economic Growth",2026-08-21T09:56:20.448147,2026-08-21T09:56:20.448147,openalex_orcid_only,official_orcid_to_openalex_author,high,false,false,,2026-08-29T03:05:01.770Z
uwa-finance-004,Duc Vo,A5061059537,W2116031762,Measuring the Shadow Economy in the ASEAN Nations: The MIMIC Approach,2014,2014-09-26,10.5539/ijef.v6n10p139,https://doi.org/10.5539/ijef.v6n10p139,International Journal of Economics and Finance,1916-971X,1916-9728,1916-971X; 1916-9728,[object Object]; [object Object],2,article,23,8.6067,0.97364849,false,true,hybrid,https://ccsenet.org/journal/index.php/ijef/article/download/39723/22462,Taxation and Compliance Studies; Corporate Taxation and Avoidance; Fiscal Policy and Economic Growth,2026-08-11T07:18:39.950985,2026-08-11T07:18:39.950985,openalex_orcid_only,official_orcid_to_openalex_author,high,false,false,,2026-08-29T03:05:01.770Z
uwa-finance-004,Duc Vo,A5061059537,W3015218856,The Determinants of Risk Transmission between Oil and Agricultural Prices: An IPVAR Approach,2020,2020-04-10,10.3390/agriculture10040120,https://doi.org/10.3390/agriculture10040120,Agriculture,2077-0472,,2077-0472,[object Object]; [object Object]; [object Object]; [object Object],4,article,22,3.4696,0.94354526,false,true,gold,https://www.mdpi.com/2077-0472/10/4/120/pdf?version=1586513123,"Market Dynamics and Volatility; Energy, Environment, Economic Growth; Energy, Environment, and Transportation Policies",2026-08-21T09:56:20.448147,2026-08-21T09:56:20.448147,openalex_orcid_only,official_orcid_to_openalex_author,high,false,false,,2026-08-29T03:05:01.770Z
uwa-finance-004,Duc Vo,A5061059537,W2972411151,An Empirical Test of Capital Structure Theories for the Vietnamese Listed Firms,2019,2019-09-10,10.3390/jrfm12030148,https://doi.org/10.3390/jrfm12030148,Journal of risk and financial management,1911-8066,1911-8074,1911-8066; 1911-8074,[object Object]; [object Object]; [object Object],3,article,19,4.1951,0.93838087,false,true,hybrid,https://www.mdpi.com/1911-8074/12/3/148/pdf?version=1568539355,Corporate Finance and Governance; Financial Markets and Investment Strategies; Housing Market and Economics,2026-08-21T09:56:20.448147,2026-08-21T09:56:20.448147,openalex_orcid_only,official_orcid_to_openalex_author,high,false,false,,2026-08-29T03:05:01.770Z
uwa-finance-004,Duc Vo,A5061059537,W2973013560,Fiscal Decentralisation and Economic Growth across Provinces: New Evidence from Vietnam Using a Novel Measurement and Approach,2019,2019-09-10,10.3390/jrfm12030143,https://doi.org/10.3390/jrfm12030143,Journal of risk and financial management,1911-8066,1911-8074,1911-8066; 1911-8074,[object Object]; [object Object]; [object Object]; [object Object],4,article,17,5.8411,0.96152493,false,true,hybrid,https://www.mdpi.com/1911-8074/12/3/143/pdf?version=1568113382,Local Government Finance and Decentralization; Fiscal Policy and Economic Growth; Corporate Taxation and Avoidance,2026-08-21T09:56:20.448147,2026-08-21T09:56:20.448147,openalex_orcid_only,official_orcid_to_openalex_author,high,false,false,,2026-08-29T03:05:01.770Z
uwa-finance-004,Duc Vo,A5061059537,W3048921178,Does Financial Integration Enhance Economic Growth in China?,2020,2020-08-13,10.3390/economies8030065,https://doi.org/10.3390/economies8030065,Economies,2227-7099,,2227-7099,[object Object]; [object Object]; [object Object],3,article,17,2.3886,0.89860739,false,true,gold,https://www.mdpi.com/2227-7099/8/3/65/pdf?version=1597304672,Global Financial Crisis and Policies; Fiscal Policy and Economic Growth; Fiscal Policies and Political Economy,2026-08-21T09:56:20.448147,2026-08-21T09:56:20.448147,openalex_orcid_only,official_orcid_to_openalex_author,high,false,false,,2026-08-29T03:05:01.770Z
uwa-finance-004,Duc Vo,A5061059537,W4311887508,Revisiting the energy-growth-environment nexus in the OECD countries: An application of the CS-ARDL approach,2022,2022-12-08,10.1186/s13705-022-00375-z,https://doi.org/10.1186/s13705-022-00375-z,Energy Sustainability and Society,2192-0567,,2192-0567,[object Object]; [object Object]; [object Object]; [object Object],4,article,17,3.181,0.92905229,false,true,gold,https://energsustainsoc.biomedcentral.com/counter/pdf/10.1186/s13705-022-00375-z,"Energy, Environment, Economic Growth; Environmental Impact and Sustainability; Energy, Environment, and Transportation Policies",2026-08-25T07:29:55.448023,2026-08-25T07:29:55.448023,openalex_orcid_only,official_orcid_to_openalex_author,high,false,false,,2026-08-29T03:05:01.770Z
uwa-finance-004,Duc Vo,A5061059537,W4281253119,Does corporate governance moderate the relationship between intellectual capital and firm's performance?,2022,2022-05-20,10.1002/kpm.1714,https://doi.org/10.1002/kpm.1714,Knowledge and Process Management,1092-4604,1099-1441,1092-4604; 1099-1441,[object Object]; [object Object]; [object Object]; [object Object],4,article,15,2.2238,0.88837588,false,false,closed,,"Intellectual Capital and Performance Analysis; Corporate Finance and Governance; Auditing, Earnings Management, Governance",2026-08-21T09:56:20.448147,2026-08-21T09:56:20.448147,openalex_orcid_only,official_orcid_to_openalex_author,high,false,false,,2026-08-29T03:05:01.770Z
uwa-finance-004,Duc Vo,A5061059537,W4294731200,Market performance and volatility during the Covid-19 pandemic in Vietnam: A sector-based analysis,2022,2022-09-04,10.1080/23311975.2022.2119681,https://doi.org/10.1080/23311975.2022.2119681,Cogent Business & Management,2331-1975,,2331-1975,[object Object]; [object Object]; [object Object]; [object Object]; [object Object],5,article,15,2.9945,0.9242043,false,true,gold,https://www.tandfonline.com/doi/epdf/10.1080/23311975.2022.2119681?needAccess=true&role=button,"COVID-19 Pandemic Impacts; COVID-19 impact on air quality; Banking, Crisis Management, COVID-19 Impact",2026-07-29T09:40:50.615796,2026-07-29T09:40:50.615796,openalex_orcid_only,official_orcid_to_openalex_author,high,false,false,,2026-08-29T03:05:01.770Z
uwa-finance-004,Duc Vo,A5061059537,W4385663409,The long-run effects of financial development on income inequality: Evidence from the Asia-Pacific countries,2023,2023-08-01,10.1016/j.heliyon.2023.e19000,https://doi.org/10.1016/j.heliyon.2023.e19000,Heliyon,2405-8440,,2405-8440,[object Object]; [object Object]; [object Object]; [object Object],4,article,14,6.1044,0.96324431,false,true,gold,http://www.cell.com/article/S2405844023062084/pdf,"Economic Growth and Development; Income, Poverty, and Inequality; Microfinance and Financial Inclusion",2026-08-21T09:56:20.448147,2026-08-21T09:56:20.448147,openalex_orcid_only,official_orcid_to_openalex_author,high,false,false,,2026-08-29T03:05:01.770Z
uwa-finance-004,Duc Vo,A5061059537,W4280564778,Does national intellectual capital matter for shadow economy in the Southeast Asian countries?,2022,2022-05-11,10.1371/journal.pone.0267328,https://doi.org/10.1371/journal.pone.0267328,PLoS ONE,1932-6203,,1932-6203,[object Object]; [object Object]; [object Object]; [object Object]; [object Object],5,article,10,1.7172,0.88107639,false,true,gold,https://journals.plos.org/plosone/article/file?id=10.1371/journal.pone.0267328&type=printable,Taxation and Compliance Studies; Corporate Taxation and Avoidance; Fiscal Policy and Economic Growth,2026-08-21T09:56:20.448147,2026-08-21T09:56:20.448147,openalex_orcid_only,official_orcid_to_openalex_author,high,false,false,,2026-08-29T03:05:01.770Z
uwa-finance-004,Duc Vo,A5061059537,W4296050060,Market volatility and spillover across 24 sectors in Vietnam,2022,2022-09-15,10.1080/23322039.2022.2122188,https://doi.org/10.1080/23322039.2022.2122188,Cogent Economics & Finance,2332-2039,,2332-2039,[object Object]; [object Object]; [object Object]; [object Object]; [object Object],5,article,10,1.925,0.89314898,false,true,gold,https://doi.org/10.1080/23322039.2022.2122188,"Market Dynamics and Volatility; Energy, Environment, Economic Growth; Financial Risk and Volatility Modeling",2026-07-29T09:40:50.615796,2026-07-29T09:40:50.615796,openalex_orcid_only,official_orcid_to_openalex_author,high,false,false,,2026-08-29T03:05:01.770Z
uwa-finance-004,Duc Vo,A5061059537,W4385459849,"Trade openness, financial development, and urbanization in the renewable energy-growth-environment nexus",2023,2023-07-31,10.1080/15567249.2023.2240784,https://doi.org/10.1080/15567249.2023.2240784,Energy Sources Part B Economics Planning and Policy,1556-7249,1556-7257,1556-7249; 1556-7257,[object Object]; [object Object]; [object Object],3,article,10,3.1069,0.92531106,false,false,closed,,"Energy, Environment, Economic Growth; Climate Change Policy and Economics; Energy, Environment, and Transportation Policies",2026-08-15T07:11:24.734988,2026-08-15T07:11:24.734988,openalex_orcid_only,official_orcid_to_openalex_author,high,false,false,,2026-08-29T03:05:01.770Z
uwa-finance-004,Duc Vo,A5061059537,W2911992714,Gender-Based Attitudes toward Income Inequality in the Asia-Pacific Region,2019,2019-01-31,10.1080/1540496x.2018.1562894,https://doi.org/10.1080/1540496x.2018.1562894,Emerging Markets Finance and Trade,1061-2009,1540-496X,1061-2009; 1540-496X; 1558-0938,[object Object]; [object Object]; [object Object]; [object Object]; [object Object],5,article,9,2.8595,0.91670628,false,false,closed,,"Income, Poverty, and Inequality; Gender, Labor, and Family Dynamics; Psychological Well-being and Life Satisfaction",2026-08-15T07:11:24.734988,2026-08-15T07:11:24.734988,openalex_orcid_only,official_orcid_to_openalex_author,high,false,false,,2026-08-29T03:05:01.770Z
uwa-finance-004,Duc Vo,A5061059537,W4382192984,A LASSO-based model for financial distress of the Vietnamese listed firms: Does the covid-19 pandemic matter?,2023,2023-05-08,10.1080/23322039.2023.2210361,https://doi.org/10.1080/23322039.2023.2210361,Cogent Economics & Finance,2332-2039,,2332-2039,[object Object]; [object Object]; [object Object]; [object Object]; [object Object],5,article,9,3.6627,0.92897488,false,true,gold,https://www.tandfonline.com/doi/pdf/10.1080/23322039.2023.2210361?needAccess=true&role=button,Financial Distress and Bankruptcy Prediction; Working Capital and Financial Performance; Credit Risk and Financial Regulations,2026-08-24T07:32:12.397491,2026-08-24T07:32:12.397491,openalex_orcid_only,official_orcid_to_openalex_author,high,false,false,,2026-08-29T03:05:01.770Z
uwa-finance-004,Duc Vo,A5061059537,W1993848878,Any Link between Unofficial Economy and Official Economy? An Empirical Evidence from the ASEAN,2014,2014-10-27,10.5539/ijef.v6n11p97,https://doi.org/10.5539/ijef.v6n11p97,International Journal of Economics and Finance,1916-971X,1916-9728,1916-971X; 1916-9728,[object Object]; [object Object],2,article,7,1.1773,0.87638784,false,true,hybrid,https://ccsenet.org/journal/index.php/ijef/article/download/41626/22805,Taxation and Compliance Studies; Corporate Taxation and Avoidance; Islamic Finance and Banking Studies,2026-06-11T09:08:48.828518,2026-06-11T09:08:48.828518,openalex_orcid_only,official_orcid_to_openalex_author,high,false,false,,2026-08-29T03:05:01.770Z
uwa-finance-004,Duc Vo,A5061059537,W4292767195,"The impacts of the Covid-19 pandemic, policy responses and macroeconomic fundamentals on market risks across sectors in Vietnam",2022,2022-08-23,10.1371/journal.pone.0272631,https://doi.org/10.1371/journal.pone.0272631,PLoS ONE,1932-6203,,1932-6203,[object Object]; [object Object]; [object Object]; [object Object],4,article,7,1.2879,0.85977021,false,true,gold,https://journals.plos.org/plosone/article/file?id=10.1371/journal.pone.0272631&type=printable,COVID-19 Pandemic Impacts; Market Dynamics and Volatility; Insurance and Financial Risk Management,2026-08-21T09:56:20.448147,2026-08-21T09:56:20.448147,openalex_orcid_only,official_orcid_to_openalex_author,high,false,false,,2026-08-29T03:05:01.770Z
uwa-finance-004,Duc Vo,A5061059537,W3046928952,DOES GOVERNMENT SPENDING ON EDUCATION AFFECT PROVINCIAL INCOME INEQUALITY IN VIETNAM?,2020,2020-08-03,10.1142/s0217590820490065,https://doi.org/10.1142/s0217590820490065,The Singapore Economic Review,0217-5908,1793-6837,0217-5908; 1793-6837,[object Object]; [object Object]; [object Object]; [object Object]; [object Object],5,article,6,1.2424,0.89007702,false,false,closed,,"Fiscal Policy and Economic Growth; Income, Poverty, and Inequality; Economic Growth and Productivity",2026-05-21T06:26:12.895304,2026-05-21T06:26:12.895304,openalex_orcid_only,official_orcid_to_openalex_author,high,false,false,,2026-08-29T03:05:01.770Z
uwa-finance-004,Duc Vo,A5061059537,W4388996511,Does gender and education of the households’ heads matter for wealth accumulation in Vietnam? Evidence from a recent decade,2023,2023-11-25,10.1016/j.heliyon.2023.e22836,https://doi.org/10.1016/j.heliyon.2023.e22836,Heliyon,2405-8440,,2405-8440,[object Object]; [object Object]; [object Object],3,article,5,1.7787,0.85599253,false,true,gold,https://doi.org/10.1016/j.heliyon.2023.e22836,"Gender, Labor, and Family Dynamics; Financial Literacy, Pension, Retirement Analysis; Income, Poverty, and Inequality",2026-08-24T07:32:12.397491,2026-08-24T07:32:12.397491,openalex_orcid_only,official_orcid_to_openalex_author,high,false,false,,2026-08-29T03:05:01.770Z
uwa-finance-004,Duc Vo,A5061059537,W4391274679,Return spillover of Vietnam's sectors in response to US uncertainties,2024,2024-01-27,10.1016/j.heliyon.2024.e25143,https://doi.org/10.1016/j.heliyon.2024.e25143,Heliyon,2405-8440,,2405-8440,[object Object]; [object Object]; [object Object],3,article,5,3.4091,0.92663315,false,true,gold,https://doi.org/10.1016/j.heliyon.2024.e25143,"Market Dynamics and Volatility; Energy, Environment, Economic Growth; Monetary Policy and Economic Impact",2026-08-21T09:56:20.448147,2026-08-21T09:56:20.448147,openalex_orcid_only,official_orcid_to_openalex_author,high,false,false,,2026-08-29T03:05:01.770Z
uwa-finance-004,Duc Vo,A5061059537,W4376131685,The economic circumstances of widows in Vietnam,2023,2023-05-10,10.1371/journal.pone.0285595,https://doi.org/10.1371/journal.pone.0285595,PLoS ONE,1932-6203,,1932-6203,[object Object]; [object Object]; [object Object],3,article,4,1.8985,0.87636497,false,true,gold,https://doi.org/10.1371/journal.pone.0285595,"Intergenerational Family Dynamics and Caregiving; Demographic Trends and Gender Preferences; Financial Literacy, Pension, Retirement Analysis",2026-08-21T09:56:20.448147,2026-08-21T09:56:20.448147,openalex_orcid_only,official_orcid_to_openalex_author,high,false,false,,2026-08-29T03:05:01.770Z
uwa-finance-004,Duc Vo,A5061059537,W4404693004,Will institutional quality moderate the effects of national intellectual capital on economic growth?,2024,2024-11-25,10.1080/14778238.2024.2430219,https://doi.org/10.1080/14778238.2024.2430219,Knowledge Management Research & Practice,1477-8238,1477-8246,1477-8238; 1477-8246,[object Object]; [object Object],2,article,3,1.9114,0.90328976,false,false,closed,,"Economic Growth and Development; Economic Growth and Productivity; Energy, Environment, Economic Growth",2026-08-15T07:11:24.734988,2026-08-15T07:11:24.734988,openalex_orcid_only,official_orcid_to_openalex_author,high,false,false,,2026-08-29T03:05:01.770Z
uwa-finance-004,Duc Vo,A5061059537,W4409317001,Socio-demographic determinants of electricity consumption across vietnamese households,2025,2025-04-10,10.1371/journal.pone.0320758,https://doi.org/10.1371/journal.pone.0320758,PLoS ONE,1932-6203,,1932-6203,[object Object],1,article,2,0.5186,0.55605013,false,true,gold,https://journals.plos.org/plosone/article/file?id=10.1371/journal.pone.0320758&type=printable,"Energy and Environment Impacts; Energy, Environment, Economic Growth; Energy, Environment, and Transportation Policies",2026-08-21T09:56:20.448147,2026-08-21T09:56:20.448147,openalex_orcid_only,official_orcid_to_openalex_author,high,false,false,,2026-08-29T03:05:01.770Z
uwa-finance-004,Duc Vo,A5061059537,W3125201032,Which Factors Are Priced? An Application of the Fama French Three‐Factor Model in Australia,2015,2015-11-28,10.1111/1759-3441.12119,https://doi.org/10.1111/1759-3441.12119,Economic Papers A journal of applied economics and policy,0812-0439,1759-3441,0812-0439; 1759-3441,[object Object],1,article,12,6.5318,0.96565612,false,false,closed,,"Housing Market and Economics; Financial Markets and Investment Strategies; Auditing, Earnings Management, Governance",2026-08-21T09:56:20.448147,2026-08-21T09:56:20.448147,openalex_orcid_only,official_orcid_to_openalex_author,high,false,false,,2026-08-29T03:05:01.770Z
uwa-finance-004,Duc Vo,A5061059537,W3047042140,Corporate Social Responsibility: A Study on Consumer Awareness in Vietnam,2020,2020-08-03,10.1142/s0219091520500198,https://doi.org/10.1142/s0219091520500198,Review of Pacific Basin Financial Markets and Policies,0219-0915,1793-6705,0219-0915; 1793-6705,[object Object]; [object Object]; [object Object],3,article,10,1.122,0.8521173,false,false,closed,,Corporate Social Responsibility Reporting; Environmental Sustainability in Business; Ethics in Business and Education,2026-06-26T08:34:08.712188,2026-06-26T08:34:08.712188,openalex_orcid_only,official_orcid_to_openalex_author,high,false,false,,2026-08-29T03:05:01.770Z
uwa-finance-004,Duc Vo,A5061059537,W3142464929,Effects from containment and closure policies to market quality: Do they really matter in Vietnam during Covid-19?,2021,2021-04-01,10.1371/journal.pone.0248703,https://doi.org/10.1371/journal.pone.0248703,PLoS ONE,1932-6203,,1932-6203,[object Object]; [object Object],2,article,10,2.341,0.91082693,false,true,gold,https://journals.plos.org/plosone/article/file?id=10.1371/journal.pone.0248703&type=printable,COVID-19 Pandemic Impacts; COVID-19 epidemiological studies; COVID-19 impact on air quality,2026-08-21T09:56:20.448147,2026-08-21T09:56:20.448147,openalex_orcid_only,official_orcid_to_openalex_author,high,false,false,,2026-08-29T03:05:01.770Z
uwa-finance-004,Duc Vo,A5061059537,W2750967642,The long and short of commodity tails and their relationship to Asian equity markets,2017,2017-09-01,10.1016/j.asieco.2017.08.001,https://doi.org/10.1016/j.asieco.2017.08.001,Journal of Asian Economics,1049-0078,1873-7927,1049-0078; 1873-7927,[object Object]; [object Object]; [object Object]; [object Object],4,article,9,8.598,0.97275007,false,true,green,https://ro.ecu.edu.au/ecuworkspost2013/3881,Market Dynamics and Volatility; Monetary Policy and Economic Impact; Global Energy Security and Policy,2026-08-21T09:56:20.448147,2026-08-21T09:56:20.448147,openalex_orcid_only,official_orcid_to_openalex_author,high,false,false,,2026-08-29T03:05:01.770Z
uwa-finance-004,Duc Vo,A5061059537,W3045577755,The Balanced Energy Mix for Achieving Environmental and Economic Goals in the Long Run,2020,2020-07-28,10.3390/en13153850,https://doi.org/10.3390/en13153850,Energies,1996-1073,,1996-1073,[object Object]; [object Object],2,article,8,0.9913,0.86378283,false,true,gold,https://www.mdpi.com/1996-1073/13/15/3850/pdf?version=1595993852,"Energy, Environment, Economic Growth; Environmental Impact and Sustainability; Energy, Environment, and Transportation Policies",2026-08-21T09:56:20.448147,2026-08-21T09:56:20.448147,openalex_orcid_only,official_orcid_to_openalex_author,high,false,false,,2026-08-29T03:05:01.770Z
uwa-finance-004,Duc Vo,A5061059537,W3016366695,"Information Sharing, Bank Penetration and Tax Evasion in Emerging Markets",2020,2020-04-20,10.3390/risks8020038,https://doi.org/10.3390/risks8020038,Risks,2227-9091,,2227-9091,[object Object]; [object Object]; [object Object]; [object Object],4,article,7,0.7435,0.83292772,false,true,gold,https://www.mdpi.com/2227-9091/8/2/38/pdf?version=1587656330,Taxation and Compliance Studies; Islamic Finance and Banking Studies; Microfinance and Financial Inclusion,2026-08-21T09:56:20.448147,2026-08-21T09:56:20.448147,openalex_orcid_only,official_orcid_to_openalex_author,high,false,false,,2026-08-29T03:05:01.770Z
uwa-finance-004,Duc Vo,A5061059537,W3092387818,Determinants of a global financial center: An exploratory analysis,2020,2020-10-10,10.1016/j.bir.2020.10.002,https://doi.org/10.1016/j.bir.2020.10.002,Borsa Istanbul Review,2214-8450,2214-8469,2214-8450; 2214-8469,[object Object]; [object Object],2,article,7,1.2394,0.88381878,false,true,gold,https://www.sciencedirect.com/science/article/pii/S2214845020300636/pdf,"Regional Economics and Spatial Analysis; Banking stability, regulation, efficiency; Global trade and economics",2026-08-24T07:32:12.397491,2026-08-24T07:32:12.397491,openalex_orcid_only,official_orcid_to_openalex_author,high,false,false,,2026-08-29T03:05:01.770Z
uwa-finance-004,Duc Vo,A5061059537,W4229019054,Temperature and environmental degradation: an international evidence,2022,2022-05-06,10.1080/20964129.2022.2074896,https://doi.org/10.1080/20964129.2022.2074896,Ecosystem Health and Sustainability,2096-4129,2332-8878,2096-4129; 2332-8878,[object Object],1,article,7,1.5009,0.86918068,false,true,gold,https://spj.science.org/doi/pdf/10.1080/20964129.2022.2074896?download=true,"Energy, Environment, Economic Growth; Energy, Environment, and Transportation Policies; Climate Change Policy and Economics",2026-08-15T07:11:24.734988,2026-08-15T07:11:24.734988,openalex_orcid_only,official_orcid_to_openalex_author,high,false,false,,2026-08-29T03:05:01.770Z
uwa-finance-004,Duc Vo,A5061059537,W4296130966,Does financial development affect human capital? Evidence from Vietnam,2022,2022-09-15,10.1108/jabs-10-2021-0406,https://doi.org/10.1108/jabs-10-2021-0406,Journal of Asia Business Studies,1558-7894,1559-2243,1558-7894; 1559-2243,[object Object]; [object Object]; [object Object],3,article,7,1.6697,0.89222016,false,false,closed,,"Fiscal Policy and Economic Growth; Energy, Environment, Economic Growth; Housing Market and Economics",2026-06-26T08:34:08.712188,2026-06-26T08:34:08.712188,openalex_orcid_only,official_orcid_to_openalex_author,high,false,false,,2026-08-29T03:05:01.770Z
uwa-finance-004,Duc Vo,A5061059537,W4313454788,Does educational attainment and gender inequalities affect wealth accumulation? Evidence from Vietnam,2022,2022-12-01,10.1016/j.heliyon.2022.e12502,https://doi.org/10.1016/j.heliyon.2022.e12502,Heliyon,2405-8440,,2405-8440,[object Object]; [object Object],2,article,7,2.2527,0.90127729,false,true,gold,https://doi.org/10.1016/j.heliyon.2022.e12502,"Income, Poverty, and Inequality; Financial Literacy, Pension, Retirement Analysis; Fiscal Policy and Economic Growth",2026-08-21T09:56:20.448147,2026-08-21T09:56:20.448147,openalex_orcid_only,official_orcid_to_openalex_author,high,false,false,,2026-08-29T03:05:01.770Z
uwa-finance-004,Duc Vo,A5061059537,W4392756953,Market risk spillover and the asymmetric effects of macroeconomic fundamentals on market risk across Vietnamese sectors,2024,2024-03-08,10.1186/s40854-023-00602-2,https://doi.org/10.1186/s40854-023-00602-2,Financial Innovation,2199-4730,,2199-4730,[object Object]; [object Object],2,article,6,4.0909,0.93756645,false,true,diamond,https://jfin-swufe.springeropen.com/counter/pdf/10.1186/s40854-023-00602-2,"Market Dynamics and Volatility; Monetary Policy and Economic Impact; Energy, Environment, Economic Growth",2026-08-21T09:56:20.448147,2026-08-21T09:56:20.448147,openalex_orcid_only,official_orcid_to_openalex_author,high,false,false,,2026-08-29T03:05:01.770Z
uwa-finance-004,Duc Vo,A5061059537,W2804247140,The Cross-Section of Expected Stock Returns: New Evidence from an Emerging Market,2018,2018-05-14,10.1080/1540496x.2018.1433031,https://doi.org/10.1080/1540496x.2018.1433031,Emerging Markets Finance and Trade,1061-2009,1540-496X,1061-2009; 1540-496X; 1558-0938,[object Object]; [object Object]; [object Object],3,article,5,1.0917,0.79357198,false,false,closed,,Financial Markets and Investment Strategies; Corporate Finance and Governance; Financial Reporting and Valuation Research,2026-08-15T07:11:24.734988,2026-08-15T07:11:24.734988,openalex_orcid_only,official_orcid_to_openalex_author,high,false,false,,2026-08-29T03:05:01.770Z
uwa-finance-004,Duc Vo,A5061059537,W2986802967,Market Risk Analysis of Energy in Vietnam,2019,2019-11-04,10.3390/risks7040112,https://doi.org/10.3390/risks7040112,Risks,2227-9091,,2227-9091,[object Object]; [object Object]; [object Object]; [object Object],4,article,4,1.7614,0.89905555,false,true,gold,https://www.mdpi.com/2227-9091/7/4/112/pdf?version=1572861323,Market Dynamics and Volatility; Risk and Portfolio Optimization; Financial Risk and Volatility Modeling,2026-08-21T09:56:20.448147,2026-08-21T09:56:20.448147,openalex_orcid_only,official_orcid_to_openalex_author,high,false,false,,2026-08-29T03:05:01.770Z
uwa-finance-004,Duc Vo,A5061059537,W3088004219,Necessary conditions for establishing an international financial center in Asia,2020,2020-01-01,10.1080/23311975.2020.1823597,https://doi.org/10.1080/23311975.2020.1823597,Cogent Business & Management,2331-1975,,2331-1975,[object Object]; [object Object]; [object Object],3,article,4,0.4031,0.68002201,false,true,gold,https://www.tandfonline.com/doi/pdf/10.1080/23311975.2020.1823597?needAccess=true,Global trade and economics; Global Financial Crisis and Policies; International Development and Aid,2026-08-21T09:56:20.448147,2026-08-21T09:56:20.448147,openalex_orcid_only,official_orcid_to_openalex_author,high,false,false,,2026-08-29T03:05:01.770Z
uwa-finance-004,Duc Vo,A5061059537,W4388565073,Do geopolitical risks from the economic powers dominate world gold return? Evidence from the quantile connectedness approach,2023,2023-11-10,10.1007/s10644-023-09572-y,https://doi.org/10.1007/s10644-023-09572-y,Economic Change and Restructuring,1573-9414,1574-0277,1573-9414; 1574-0277,[object Object]; [object Object],2,article,4,1.2525,0.86816984,false,false,closed,,"Market Dynamics and Volatility; Energy, Environment, Economic Growth; Natural Resources and Economic Development",2026-08-21T09:56:20.448147,2026-08-21T09:56:20.448147,openalex_orcid_only,official_orcid_to_openalex_author,high,false,false,,2026-08-29T03:05:01.770Z
uwa-finance-004,Duc Vo,A5061059537,W4393316339,The Determinants of Internal Migration in an Emerging Market: Evidence from Vietnam,2024,2024-03-01,10.1177/09754253241230635,https://doi.org/10.1177/09754253241230635,Environment and Urbanization Asia,0975-4253,0976-3546,0975-4253; 0976-3546,[object Object],1,article,3,2.5354,0.89593722,false,false,closed,,"Climate Change, Adaptation, Migration; Migration and Labor Dynamics; Urban, Neighborhood, and Segregation Studies",2026-08-21T09:56:20.448147,2026-08-21T09:56:20.448147,openalex_orcid_only,official_orcid_to_openalex_author,high,false,false,,2026-08-29T03:05:01.770Z
uwa-finance-004,Duc Vo,A5061059537,W4407425205,Vaccination and mental health: Evidence from ASEAN countries,2025,2025-02-11,10.1016/j.mhp.2025.200407,https://doi.org/10.1016/j.mhp.2025.200407,Mental Health & Prevention,2212-6570,,2212-6570,[object Object]; [object Object],2,article,2,2.9716,0.90559955,false,false,closed,,COVID-19 Pandemic Impacts; Vaccine Coverage and Hesitancy; COVID-19 epidemiological studies,2026-08-21T09:56:20.448147,2026-08-21T09:56:20.448147,openalex_orcid_only,official_orcid_to_openalex_author,high,false,false,,2026-08-29T03:05:01.770Z
uwa-finance-004,Duc Vo,A5061059537,W4409311891,The impact of social welfare support on mental health in Vietnam,2025,2025-04-09,10.1371/journal.pone.0318374,https://doi.org/10.1371/journal.pone.0318374,PLoS ONE,1932-6203,,1932-6203,[object Object]; [object Object]; [object Object]; [object Object],4,article,2,2.5895,0.86830141,false,true,gold,https://journals.plos.org/plosone/article/file?id=10.1371/journal.pone.0318374&type=printable,Health disparities and outcomes; Employment and Welfare Studies; Psychological Well-being and Life Satisfaction,2026-08-22T07:34:49.880490,2026-08-22T07:34:49.880490,openalex_orcid_only,official_orcid_to_openalex_author,high,false,false,,2026-08-29T03:05:01.770Z
uwa-finance-004,Duc Vo,A5061059537,W4405727694,"Guns vs health: unraveling the interplay between geopolitical risk, arms race and health expenditure",2024,2024-12-23,10.1080/10242694.2024.2443893,https://doi.org/10.1080/10242694.2024.2443893,Defence and Peace Economics,1024-2694,1476-8267,1024-2694; 1476-8267,[object Object]; [object Object],2,article,1,0.6405,0.77085893,false,false,closed,,Global Health Care Issues; Health and Conflict Studies; Employment and Welfare Studies,2026-08-15T07:11:24.734988,2026-08-15T07:11:24.734988,openalex_orcid_only,official_orcid_to_openalex_author,high,false,false,,2026-08-29T03:05:01.770Z
uwa-finance-004,Duc Vo,A5061059537,W2228172006,Shadow Economy and Corruption in the ASEAN: Complement or Substitute?,2015,2015-01-01,10.1007/978-981-287-499-3_8,https://doi.org/10.1007/978-981-287-499-3_8,Springer proceedings in business and economics,2198-7246,2198-7254,2198-7246; 2198-7254,[object Object]; [object Object]; [object Object],3,book-chapter,5,3.0978,0.91237982,false,false,closed,,Taxation and Compliance Studies; Corruption and Economic Development; Islamic Finance and Banking Studies,2026-08-04T08:18:43.703281,2026-08-04T08:18:43.703281,openalex_orcid_only,official_orcid_to_openalex_author,high,false,false,,2026-08-29T03:05:01.770Z
uwa-finance-004,Duc Vo,A5061059537,W2953537726,Information Theory and an Entropic Approach to an Analysis of Fiscal Inequality,2019,2019-06-28,10.3390/e21070643,https://doi.org/10.3390/e21070643,Entropy,1099-4300,,1099-4300,[object Object],1,article,4,3.8941,0.9427675,false,true,gold,https://www.mdpi.com/1099-4300/21/7/643/pdf,Local Government Finance and Decentralization; Fiscal Policy and Economic Growth; Fiscal Policies and Political Economy,2026-08-21T09:56:20.448147,2026-08-21T09:56:20.448147,openalex_orcid_only,official_orcid_to_openalex_author,high,false,false,,2026-08-29T03:05:01.770Z
uwa-finance-004,Duc Vo,A5061059537,W3003467372,A Comprehensive Stability Indicator for Banks,2020,2020-02-03,10.3390/risks8010013,https://doi.org/10.3390/risks8010013,Risks,2227-9091,,2227-9091,[object Object]; [object Object],2,article,4,0.8686,0.75306418,false,true,gold,https://www.mdpi.com/2227-9091/8/1/13/pdf?version=1580728168,"Banking stability, regulation, efficiency; Insurance and Financial Risk Management; Credit Risk and Financial Regulations",2026-08-21T09:56:20.448147,2026-08-21T09:56:20.448147,openalex_orcid_only,official_orcid_to_openalex_author,high,false,false,,2026-08-29T03:05:01.770Z
uwa-finance-004,Duc Vo,A5061059537,W3015225890,Systematic Risk at the Industry Level: A Case Study of Australia,2020,2020-04-13,10.3390/risks8020036,https://doi.org/10.3390/risks8020036,Risks,2227-9091,,2227-9091,[object Object]; [object Object]; [object Object]; [object Object],4,article,4,0.4343,0.65430743,false,true,gold,https://www.mdpi.com/2227-9091/8/2/36/pdf?version=1590977407,Financial Markets and Investment Strategies; Housing Market and Economics; Financial Reporting and Valuation Research,2026-08-21T09:56:20.448147,2026-08-21T09:56:20.448147,openalex_orcid_only,official_orcid_to_openalex_author,high,false,false,,2026-08-29T03:05:01.770Z
uwa-finance-004,Duc Vo,A5061059537,W4401989519,Exchange rate pass-through for European Union countries,2024,2024-08-29,10.1371/journal.pone.0309527,https://doi.org/10.1371/journal.pone.0309527,PLoS ONE,1932-6203,,1932-6203,[object Object]; [object Object],2,article,2,1.3602,0.88086971,false,true,gold,https://doi.org/10.1371/journal.pone.0309527,"Market Dynamics and Volatility; Monetary Policy and Economic Impact; Energy, Environment, Economic Growth",2026-08-22T07:34:49.880490,2026-08-22T07:34:49.880490,openalex_orcid_only,official_orcid_to_openalex_author,high,false,false,,2026-08-29T03:05:01.770Z
uwa-finance-004,Duc Vo,A5061059537,W4400077883,"RETRACTED: Drivers of domestic migration in Vietnam: The characteristics of the households and their heads, environmental factors and living conditions",2024,2024-06-27,10.1371/journal.pone.0304321,https://doi.org/10.1371/journal.pone.0304321,PLoS ONE,1932-6203,,1932-6203,[object Object],1,article,2,1.6903,0.8658417,true,true,gold,https://doi.org/10.1371/journal.pone.0304321,"Climate Change, Adaptation, Migration; Migration and Labor Dynamics; Urban, Neighborhood, and Segregation Studies",2026-08-21T09:56:20.448147,2026-08-21T09:56:20.448147,openalex_orcid_only,official_orcid_to_openalex_author,high,false,true,OpenAlex marks this work as retracted,2026-08-29T03:05:01.770Z
uwa-finance-004,Duc Vo,A5061059537,W2954791655,The Disparity of Revenue and Expenditure among Subnational Governments in Vietnam,2019,2019-07-03,10.1080/1540496x.2019.1605896,https://doi.org/10.1080/1540496x.2019.1605896,Emerging Markets Finance and Trade,1061-2009,1540-496X,1061-2009; 1540-496X; 1558-0938,[object Object]; [object Object]; [object Object]; [object Object],4,article,4,3.8334,0.94207928,false,false,closed,,Local Government Finance and Decentralization; Fiscal Policy and Economic Growth; Fiscal Policies and Political Economy,2026-08-18T07:49:30.821534,2026-08-18T07:49:30.821534,openalex_orcid_only,official_orcid_to_openalex_author,high,false,false,,2026-08-29T03:05:01.770Z
uwa-finance-004,Duc Vo,A5061059537,W2575833950,Systematic Risk in Energy Businesses: Empirical Evidence for the ASEAN,2017,2017-01-01,,http://www.econjournals.com/index.php/ijefi/article/download/3770/pdf,RePEc: Research Papers in Economics,,,,[object Object]; [object Object],2,article,3,2.4515,0.92770666,false,true,green,https://dergipark.org.tr/tr/pub/ijefi/issue/32002/353238,Market Dynamics and Volatility,2026-08-18T07:49:30.821534,2026-08-18T07:49:30.821534,openalex_orcid_only,official_orcid_to_openalex_author,high,false,false,,2026-08-29T03:05:01.770Z
uwa-finance-004,Duc Vo,A5061059537,W2952239627,Cattle as a consistently resilient agricultural commodity,2019,2019-06-18,10.1080/00036846.2019.1631441,https://doi.org/10.1080/00036846.2019.1631441,Applied Economics,0003-6846,1466-4283,0003-6846; 1466-4283,[object Object]; [object Object]; [object Object],3,article,3,0.4365,0.77180516,false,true,green,https://ro.ecu.edu.au/ecuworkspost2013/6706,Market Dynamics and Volatility; Agricultural risk and resilience; Global Energy and Sustainability Research,2026-08-18T07:49:30.821534,2026-08-18T07:49:30.821534,openalex_orcid_only,official_orcid_to_openalex_author,high,false,false,,2026-08-29T03:05:01.770Z
uwa-finance-004,Duc Vo,A5061059537,W2785877779,Equity Beta for Regulated Energy Businesses in Australia: A Revisit,2017,2017-12-01,,https://www.econjournals.com/index.php/ijeep/article/download/5457/3388,RePEc: Research Papers in Economics,,,,[object Object]; [object Object],2,article,2,0.6198,0.75445037,false,false,closed,,Capital Investment and Risk Analysis; Market Dynamics and Volatility; Private Equity and Venture Capital,2026-08-21T09:56:20.448147,2026-08-21T09:56:20.448147,openalex_orcid_only,official_orcid_to_openalex_author,high,false,false,,2026-08-29T03:05:01.770Z
uwa-finance-004,Duc Vo,A5061059537,W2897293371,Do Nonparametric Measures of Extreme Equity Risk Change the Parametric Ordinal Ranking? Evidence from Asia,2018,2018-10-14,10.3390/risks6040121,https://doi.org/10.3390/risks6040121,Risks,2227-9091,,2227-9091,[object Object]; [object Object]; [object Object],3,article,2,0.5539,0.71625821,false,true,gold,https://www.mdpi.com/2227-9091/6/4/121/pdf?version=1539500844,Financial Markets and Investment Strategies; Financial Risk and Volatility Modeling; Risk and Portfolio Optimization,2026-08-21T09:56:20.448147,2026-08-21T09:56:20.448147,openalex_orcid_only,official_orcid_to_openalex_author,high,false,false,,2026-08-29T03:05:01.770Z
uwa-finance-004,Duc Vo,A5061059537,W2961286091,"ESTIMATING SECTORAL SYSTEMATIC RISK FOR CHINA, MALAYSIA, SINGAPORE, AND THAILAND",2019,2019-07-10,10.1142/s2010495219500118,https://doi.org/10.1142/s2010495219500118,Annals of Financial Economics,2010-4952,2010-4960,2010-4952; 2010-4960,[object Object]; [object Object],2,article,2,0,0.12527973,false,false,closed,,Credit Risk and Financial Regulations; Insurance and Financial Risk Management; Risk Management in Financial Firms,2026-06-26T08:34:08.712188,2026-06-26T08:34:08.712188,openalex_orcid_only,official_orcid_to_openalex_author,high,false,false,,2026-08-29T03:05:01.770Z
uwa-finance-004,Duc Vo,A5061059537,W3182094029,A hybrid regularizers model for multiplicative noise removal,2021,2021-06-30,10.35470/2226-4116-2021-10-1-40-50,https://doi.org/10.35470/2226-4116-2021-10-1-40-50,Cybernetics and Physics,2223-7038,2226-4116,2223-7038; 2226-4116,[object Object]; [object Object]; [object Object]; [object Object],4,article,2,0.1941,0.48445562,false,true,diamond,http://lib.physcon.ru/file?id=abf1d6851d64,Image and Signal Denoising Methods; Advanced Image Fusion Techniques; Sparse and Compressive Sensing Techniques,2026-06-26T08:34:08.712188,2026-06-26T08:34:08.712188,openalex_orcid_only,official_orcid_to_openalex_author,high,false,false,,2026-08-29T03:05:01.770Z
uwa-finance-004,Duc Vo,A5061059537,W2973513682,Portfolio Optimization and Diversification in China: Policy Implications for Vietnam and Other Emerging Markets,2019,2019-09-19,10.1080/1540496x.2019.1659776,https://doi.org/10.1080/1540496x.2019.1659776,Emerging Markets Finance and Trade,1061-2009,1540-496X,1061-2009; 1540-496X; 1558-0938,[object Object],1,article,1,0,0.13010071,false,true,green,https://mpra.ub.uni-muenchen.de/103276/7/MPRA_paper_103276.pdf,Risk and Portfolio Optimization; Financial Markets and Investment Strategies; Market Dynamics and Volatility,2026-08-18T07:49:30.821534,2026-08-18T07:49:30.821534,openalex_orcid_only,official_orcid_to_openalex_author,high,false,false,,2026-08-29T03:05:01.770Z
uwa-finance-004,Duc Vo,A5061059537,W3004696265,Firm History and Managerial Entrenchment: Empirical Evidence for Vietnam Listed Firms,2019,2019-10-09,10.6000/1929-7092.2019.08.70,https://doi.org/10.6000/1929-7092.2019.08.70,Journal of Reviews on Global Economics,1929-7092,,1929-7092,[object Object]; [object Object]; [object Object]; [object Object],4,article,1,0,0.29489306,false,true,diamond,https://doi.org/10.6000/1929-7092.2019.08.70,Corporate Finance and Governance,2026-07-28T07:46:37.118299,2026-07-28T07:46:37.118299,openalex_orcid_only,official_orcid_to_openalex_author,high,false,false,,2026-08-29T03:05:01.770Z
uwa-finance-004,Duc Vo,A5061059537,W3080195113,Modelling Australian Dollar Volatility at Multiple Horizons with High-Frequency Data,2020,2020-08-26,10.3390/risks8030089,https://doi.org/10.3390/risks8030089,Risks,2227-9091,,2227-9091,[object Object]; [object Object],2,article,1,0.2478,0.73397943,false,true,gold,https://www.mdpi.com/2227-9091/8/3/89/pdf?version=1598434530,Market Dynamics and Volatility; Complex Systems and Time Series Analysis; Financial Risk and Volatility Modeling,2026-08-21T09:56:20.448147,2026-08-21T09:56:20.448147,openalex_orcid_only,official_orcid_to_openalex_author,high,false,false,,2026-08-29T03:05:01.770Z
uwa-finance-004,Duc Vo,A5061059537,W2612026956,Currency evaluation using a big mac index for Thailand â€“ lessons for Vietnam,2017,2017-05-05,,http://www.accessecon.com/Pubs/EB/2017/Volume37/EB-17-V37-I2-P87.pdf,RePEc: Research Papers in Economics,,,,[object Object]; [object Object],2,article,1,0,0.05760124,false,false,closed,,Monetary Policy and Economic Impact; Market Dynamics and Volatility; Fiscal Policy and Economic Growth,2026-08-11T07:18:39.950985,2026-08-11T07:18:39.950985,openalex_orcid_only,official_orcid_to_openalex_author,high,false,false,,2026-08-29T03:05:01.770Z
uwa-finance-004,Duc Vo,A5061059537,W2980580800,The Determinants Of Systematic Risk In Vietnam,2019,2019-01-01,,https://iads.site/The-Determinants-of-Systematic-Risk-in-Vietnam,RePEc: Research Papers in Economics,,,,[object Object]; [object Object],2,article,1,0.4404,0.78924929,false,true,green,http://iads.site/wp-content/uploads/papers/2019/The-Determinants-of-Systematic-Risk-in-Vietnam.pdf,Insurance and Financial Risk Management; Financial Reporting and Valuation Research; Sustainable Finance and Green Bonds,2026-08-24T07:32:12.397491,2026-08-24T07:32:12.397491,openalex_orcid_only,official_orcid_to_openalex_author,high,false,false,,2026-08-29T03:05:01.770Z
uwa-finance-004,Duc Vo,A5061059537,W2997215605,The gender wealth gap by household head in Vietnam,2019,2019-09-01,,http://iadsb.info/wp-content/uploads/papers/2019/The-Gender-Wealth-Gap-by-Household-Head-in-Vietnam.pdf,RePEc: Research Papers in Economics,,,,[object Object]; [object Object]; [object Object]; [object Object],4,article,1,0.3174,0.69699291,false,true,green,https://pure.eur.nl/en/publications/97ee3f3a-c421-4e68-8a32-169e4d263a4d,"Gender, Labor, and Family Dynamics; Financial Literacy, Pension, Retirement Analysis; Income, Poverty, and Inequality",2026-08-15T07:11:24.734988,2026-08-15T07:11:24.734988,openalex_orcid_only,official_orcid_to_openalex_author,high,false,false,,2026-08-29T03:05:01.770Z
uwa-finance-004,Duc Vo,A5061059537,W3033806703,Contemporary Issues in Business and Economics in Vietnam and Other Asian Emerging Markets,2020,2020-05-30,10.3390/jrfm13060109,https://doi.org/10.3390/jrfm13060109,Journal of risk and financial management,1911-8066,1911-8074,1911-8066; 1911-8074,[object Object]; [object Object],2,article,1,0.2478,0.72182346,false,true,hybrid,https://www.mdpi.com/1911-8074/13/6/109/pdf?version=1592444939,Fiscal Policy and Economic Growth,2026-08-21T09:56:20.448147,2026-08-21T09:56:20.448147,openalex_orcid_only,official_orcid_to_openalex_author,high,false,false,,2026-08-29T03:05:01.770Z
uwa-finance-004,Duc Vo,A5061059537,W1482857197,Fiscal Decentralisation in Vietnam: a Preliminary Investigation,2005,2005-01-01,,https://ecompapers.biz.uwa.edu.au/paper/PDF%20of%20Discussion%20Papers/2005/05_16_Vo.pdf,RePEc: Research Papers in Economics,,,,[object Object],1,preprint,14,,,false,true,green,https://api.research-repository.uwa.edu.au/ws/files/95935806/05_16_Vo.pdf,Local Government Finance and Decentralization; Fiscal Policy and Economic Growth; Corporate Taxation and Avoidance,2026-08-25T07:29:55.448023,2026-08-25T07:29:55.448023,openalex_orcid_only,official_orcid_to_openalex_author,high,false,false,,2026-08-29T03:05:01.770Z
uwa-finance-004,Duc Vo,A5061059537,W2925776351,"CO2 Emissions, Energy Consumption and Economic Growth",2019,2019-01-01,,https://repub.eur.nl/pub/115609/EI2019-11.pdf,RePEc: Research Papers in Economics,,,,[object Object]; [object Object]; [object Object]; [object Object],4,preprint,10,,,false,true,green,http://repub.eur.nl/pub/115609,"Energy, Environment, Economic Growth; Global Trade and Competitiveness; Global trade and economics",2026-08-25T07:29:55.448023,2026-08-25T07:29:55.448023,openalex_orcid_only,official_orcid_to_openalex_author,high,false,false,,2026-08-29T03:05:01.770Z
uwa-finance-004,Duc Vo,A5061059537,W3123462905,Energy Consumption and Economic Growth: Evidence from Vietnam,2019,2019-03-01,,https://econpapers.repec.org/RePEc:ems:eureir:115606,RePEc: Research Papers in Economics,,,,[object Object]; [object Object]; [object Object]; [object Object],4,preprint,4,,,false,false,closed,,"Energy, Environment, Economic Growth; Energy, Environment, and Transportation Policies; Energy and Environment Impacts",2026-06-11T09:08:48.828518,2026-06-11T09:08:48.828518,openalex_orcid_only,official_orcid_to_openalex_author,high,false,false,,2026-08-29T03:05:01.770Z
uwa-finance-004,Duc Vo,A5061059537,W3130065364,Should Bankers Be Concerned with Intellectual Capital? A Study of the Thai Banking Sector,2018,2018-01-01,,https://mpra.ub.uni-muenchen.de/103275/7/MPRA_paper_103275.pdf,Munich Personal RePEc Archive (Ludwig Maximilian University of Munich),,,,[object Object],1,report,3,,,false,false,closed,,Intellectual Capital and Performance Analysis; Corporate Finance and Governance; Working Capital and Financial Performance,2026-08-21T09:56:20.448147,2026-08-21T09:56:20.448147,openalex_orcid_only,official_orcid_to_openalex_author,high,false,false,,2026-08-29T03:05:01.770Z
uwa-finance-004,Duc Vo,A5061059537,W2755256183,A dataset on tail risk of commodities markets,2017,2017-09-11,10.1016/j.dib.2017.09.005,https://doi.org/10.1016/j.dib.2017.09.005,Data in Brief,2352-3409,,2352-3409,[object Object]; [object Object]; [object Object]; [object Object],4,data-paper,2,,,false,true,gold,https://www.sciencedirect.com/science/article/pii/S2352340917304365/pdf,Market Dynamics and Volatility; Monetary Policy and Economic Impact,2026-08-25T07:29:55.448023,2026-08-25T07:29:55.448023,openalex_orcid_only,official_orcid_to_openalex_author,high,false,false,,2026-08-29T03:05:01.770Z
uwa-finance-004,Duc Vo,A5061059537,W1567267542,MEASURING FISCAL DECENTRALISATION: AN ENTROPIC APPROACH 1,2006,2006-01-01,,https://ecompapers.biz.uwa.edu.au/paper/PDF%20of%20Discussion%20Papers/2006/06_28_Vo.pdf,RePEc: Research Papers in Economics,,,,[object Object],1,preprint,1,,,false,true,green,https://api.research-repository.uwa.edu.au/ws/files/95936663/06_28_Vo.pdf,Fiscal Policy and Economic Growth; Local Government Finance and Decentralization; Economic Growth and Productivity,2026-08-25T07:29:55.448023,2026-08-25T07:29:55.448023,openalex_orcid_only,official_orcid_to_openalex_author,high,false,false,,2026-08-29T03:05:01.770Z
uwa-finance-004,Duc Vo,A5061059537,W2924991021,"CO2 emissions, energy consumption and economic growth: Evidence from the Trans-Pacific Partnership",2019,2019-03-01,,https://eprints.ucm.es/id/eprint/54742/1/1908.pdf,RePEc: Research Papers in Economics,,,,[object Object]; [object Object]; [object Object],3,preprint,1,,,false,true,green,https://eprints.ucm.es/54742/1/1908.pdf,Global trade and economics; Global Trade and Competitiveness; Fiscal Policy and Economic Growth,2026-08-18T07:49:30.821534,2026-08-18T07:49:30.821534,openalex_orcid_only,official_orcid_to_openalex_author,high,false,false,,2026-08-29T03:05:01.770Z
uwa-finance-004,Duc Vo,A5061059537,W1548985594,State Government Wage Costs in Australia and Tasmania - A Review of the Use of Estimated Location Factors to Assess Differences in Wage Costs Across States,2008,2008-01-01,,http://hdl.handle.net/20.500.11937/8045,eSpace (Curtin University),,,,[object Object]; [object Object],2,report,0,,,false,true,green,http://hdl.handle.net/20.500.11937/8045,Education Systems and Policy; Labor market dynamics and wage inequality,2026-08-18T07:49:30.821534,2026-08-18T07:49:30.821534,openalex_orcid_only,official_orcid_to_openalex_author,high,false,false,,2026-08-29T03:05:01.770Z
uwa-finance-004,Duc Vo,A5061059537,W2557288636,Business Network and Technical Efficiency: Empirical Evidence from Manufacturing Small Medium Sized Enterprises in Vietnam,2016,2016-01-01,,http://econpapers.repec.org/RePEc:pkp:aobsss:2016:p:43:vol:5,Abstract of Business Strategy and Social Sciences,,,,[object Object]; [object Object],2,article,0,0,0.11377143,false,false,closed,,Firm Innovation and Growth,2026-06-11T09:08:48.828518,2026-06-11T09:08:48.828518,openalex_orcid_only,official_orcid_to_openalex_author,high,false,false,,2026-08-29T03:05:01.770Z
uwa-finance-004,Duc Vo,A5061059537,W2742910978,Trade Balance and Exchange Rate in Thailand & the Implications for Vietnam: An Application using Instrumental Variable and the Heterogeneous Panel Cointegration Methods,2016,2016-01-01,10.24311/jabes/2016.23.1.04,https://doi.org/10.24311/jabes/2016.23.1.04,Journal of Asian Business and Economic Studies,2615-9112,,2615-9112,[object Object]; [object Object],2,article,0,0,0.39300304,false,true,bronze,http://jabes.ueh.edu.vn/Content/ArticleFiles/oldbv_en/2016/Thang 1/vohongduc.pdf,Monetary Policy and Economic Impact; Fiscal Policy and Economic Growth; Global trade and economics,2026-08-21T09:56:20.448147,2026-08-21T09:56:20.448147,openalex_orcid_only,official_orcid_to_openalex_author,high,false,false,,2026-08-29T03:05:01.770Z
uwa-finance-004,Duc Vo,A5061059537,W2748223924,Does Gender Diversity Improve Financial Firm's Performance? New Evidence using Two-Stage Least Squares Estimation and Instrument Variables,2015,2015-04-01,10.24311/jabes/2015.22.2.06,https://doi.org/10.24311/jabes/2015.22.2.06,Journal of Asian Business and Economic Studies,2615-9112,,2615-9112,[object Object]; [object Object],2,article,0,0,0.37145044,false,true,bronze,http://jabes.ueh.edu.vn/Content/ArticleFiles/oldbv_en/2015/Thang 4/6vohongduc.pdf,Gender Diversity and Inequality; Corporate Finance and Governance,2026-06-11T09:08:48.828518,2026-06-11T09:08:48.828518,openalex_orcid_only,official_orcid_to_openalex_author,high,false,false,,2026-08-29T03:05:01.770Z
uwa-finance-004,Duc Vo,A5061059537,W2911023158,Financial Inclusion and Macroeconomic Stability in Emerging and Frontier Markets,2018,2018-12-01,,https://repub.eur.nl/pub/113132/EI2018-46.pdf,Econometric Institute Research Papers,,,,[object Object]; [object Object]; [object Object],3,article,0,0,0.18672782,false,false,closed,,Microfinance and Financial Inclusion; Economic Growth and Development; Islamic Finance and Banking Studies,2026-06-11T09:08:48.828518,2026-06-11T09:08:48.828518,openalex_orcid_only,official_orcid_to_openalex_author,high,false,false,,2026-08-29T03:05:01.770Z
uwa-finance-004,Duc Vo,A5061059537,W2925287841,Corporate Financial Distress of Industry Level Listings in an Emerging Market,2019,2019-03-01,,https://repub.eur.nl/pub/115613/EI2019-15.pdf,RePEc: Research Papers in Economics,,,,[object Object]; [object Object]; [object Object]; [object Object],4,preprint,0,,,false,true,green,http://repub.eur.nl/pub/115613,Financial Distress and Bankruptcy Prediction,2026-08-25T07:29:55.448023,2026-08-25T07:29:55.448023,openalex_orcid_only,official_orcid_to_openalex_author,high,false,false,,2026-08-29T03:05:01.770Z
uwa-finance-004,Duc Vo,A5061059537,W2925781577,Risk Analysis of Energy in Vietnam,2019,2019-03-01,,http://hdl.handle.net/1765/115616,Data Archiving and Networked Services (DANS),,,,[object Object]; [object Object]; [object Object]; [object Object],4,report,0,,,false,true,green,http://hdl.handle.net/1765/115616,Market Dynamics and Volatility,2026-08-25T07:29:55.448023,2026-08-25T07:29:55.448023,openalex_orcid_only,official_orcid_to_openalex_author,high,false,false,,2026-08-29T03:05:01.770Z
uwa-finance-004,Duc Vo,A5061059537,W2932028195,Rent Seeking for Export Licenses: Application to the Vietnam Rice Market,2019,2019-03-01,,http://hdl.handle.net/1765/115607,Data Archiving and Networked Services (DANS),,,,[object Object]; [object Object]; [object Object],3,report,0,,,false,true,green,http://hdl.handle.net/1765/115607,Corruption and Economic Development; Economic Growth and Development; Corporate Finance and Governance,2026-08-25T07:29:55.448023,2026-08-25T07:29:55.448023,openalex_orcid_only,official_orcid_to_openalex_author,high,false,false,,2026-08-29T03:05:01.770Z
uwa-finance-004,Duc Vo,A5061059537,W2941320761,Modelling the Relationship between Crude Oil and Agricultural Commodity Prices,2018,2018-12-01,,https://repub.eur.nl/pub/115608/EI2019-10.pdf,RePEc: Research Papers in Economics,,,,[object Object]; [object Object]; [object Object]; [object Object],4,preprint,0,,,false,true,green,http://repub.eur.nl/pub/115608,"Market Dynamics and Volatility; Global Energy and Sustainability Research; Energy, Environment, Economic Growth",2026-08-25T07:29:55.448023,2026-08-25T07:29:55.448023,openalex_orcid_only,official_orcid_to_openalex_author,high,false,false,,2026-08-29T03:05:01.770Z
uwa-finance-004,Duc Vo,A5061059537,W2952746263,"CO2 Emissions, Energy Consumption and Economic Grouwth: Evidence from Trans-Pacific Partnership",2019,2019-01-01,,https://pure.eur.nl/en/publications/c2d23c05-d2ae-4f17-9c63-397968865200,Data Archiving and Networked Services (DANS),,,,[object Object]; [object Object]; [object Object],3,report,0,,,false,false,closed,,"Global trade and economics; Global Trade and Competitiveness; Energy, Environment, Economic Growth",2026-07-22T07:51:19.307946,2026-07-22T07:51:19.307946,openalex_orcid_only,official_orcid_to_openalex_author,high,false,false,,2026-08-29T03:05:01.770Z
uwa-finance-004,Duc Vo,A5061059537,W3035645784,Systematic Risk in the Asia Pacific Region: A Clinical Death?,2020,2020-06-01,10.1142/s0219091520500149,https://doi.org/10.1142/s0219091520500149,Review of Pacific Basin Financial Markets and Policies,0219-0915,1793-6705,0219-0915; 1793-6705,[object Object]; [object Object]; [object Object]; [object Object]; [object Object],5,article,0,0,0.10896895,false,false,closed,,Financial Markets and Investment Strategies; Risk Management in Financial Firms; Insurance and Financial Risk Management,2026-06-26T08:34:08.712188,2026-06-26T08:34:08.712188,openalex_orcid_only,official_orcid_to_openalex_author,high,false,false,,2026-08-29T03:05:01.770Z
uwa-finance-004,Duc Vo,A5061059537,W3045342901,Energy Consumption and Economic Grouwth. Evidence from Vietnam,2019,2019-01-01,,https://pure.eur.nl/en/publications/b1da3d4f-4dc7-43db-95e1-8ac3a5f1fb3b,Data Archiving and Networked Services (DANS),,,,[object Object]; [object Object]; [object Object],3,report,0,,,false,false,closed,,"Energy, Environment, Economic Growth; Energy, Environment, and Transportation Policies; Energy and Environment Impacts",2026-08-01T09:00:35.917206,2026-08-01T09:00:35.917206,openalex_orcid_only,official_orcid_to_openalex_author,high,false,false,,2026-08-29T03:05:01.770Z
uwa-finance-004,Duc Vo,A5061059537,W3091838202,Should Vietnamese firm’s stocks be listed in a MSCI Global Equity index? Experience drawn from the sample of 30 countries,2014,2014-01-20,10.46223/hcmcoujs.econ.en.4.1.1001.2014,https://doi.org/10.46223/hcmcoujs.econ.en.4.1.1001.2014,PROCEEDINGS,1859-3453,,1859-3453,[object Object]; [object Object],2,article,0,0,0.45958859,false,true,hybrid,http://journalofscience.ou.edu.vn/index.php/econ-en/article/download/1001/793,Financial Markets and Investment Strategies; Corporate Finance and Governance; Market Dynamics and Volatility,2026-08-21T09:56:20.448147,2026-08-21T09:56:20.448147,openalex_orcid_only,official_orcid_to_openalex_author,high,false,false,,2026-08-29T03:05:01.770Z
uwa-finance-004,Duc Vo,A5061059537,W3092624499,Understanding key drivers of attitudes toward income inequality in the Asia Pacific region,2020,2020-04-14,10.46223/hcmcoujs.econ.en.9.1.175.2019,https://doi.org/10.46223/hcmcoujs.econ.en.9.1.175.2019,PROCEEDINGS,1859-3453,,1859-3453,[object Object]; [object Object]; [object Object]; [object Object]; [object Object],5,article,0,0,0.21438519,false,true,hybrid,https://journalofscience.ou.edu.vn/index.php/econ-en/article/download/175/141,"Intergenerational and Educational Inequality Studies; Income, Poverty, and Inequality; Psychological Well-being and Life Satisfaction",2026-06-26T08:34:08.712188,2026-06-26T08:34:08.712188,openalex_orcid_only,official_orcid_to_openalex_author,high,false,false,,2026-08-29T03:05:01.770Z
uwa-finance-004,Duc Vo,A5061059537,W3097362010,Real exchange rate in the long run: A multi-resolution analysis,2020,2020-01-01,10.1080/23322039.2020.1831725,https://doi.org/10.1080/23322039.2020.1831725,Cogent Economics & Finance,2332-2039,,2332-2039,[object Object]; [object Object],2,article,0,0,0.18659805,false,true,gold,https://www.tandfonline.com/doi/pdf/10.1080/23322039.2020.1831725?needAccess=true,Market Dynamics and Volatility; Monetary Policy and Economic Impact; Complex Systems and Time Series Analysis,2026-07-29T09:40:50.615796,2026-07-29T09:40:50.615796,openalex_orcid_only,official_orcid_to_openalex_author,high,false,false,,2026-08-29T03:05:01.770Z
uwa-finance-004,Duc Vo,A5061059537,W3104113991,Information Theory and an Entropic Approach to an Analysis of Fiscal Inequality,2019,2019-01-01,,https://mpra.ub.uni-muenchen.de/103291/8/MPRA_paper_103291.pdf,RePEc: Research Papers in Economics,,,,[object Object],1,preprint,0,,,false,false,closed,,"Income, Poverty, and Inequality; Economic theories and models",2026-08-11T07:18:39.950985,2026-08-11T07:18:39.950985,openalex_orcid_only,official_orcid_to_openalex_author,high,false,false,,2026-08-29T03:05:01.770Z
uwa-finance-004,Duc Vo,A5061059537,W3117433926,"Guest Editor’s Introduction - Exchange Rate Pass-Through, Fiscal Decentralization, and the Gender Wealth Gap: Policy Implications for Vietnam",2020,2020-12-30,10.1080/1540496x.2020.1857145,https://doi.org/10.1080/1540496x.2020.1857145,Emerging Markets Finance and Trade,1061-2009,1540-496X,1061-2009; 1540-496X; 1558-0938,[object Object],1,editorial,0,,,false,true,bronze,https://www.tandfonline.com/doi/pdf/10.1080/1540496X.2020.1857145?needAccess=true,Fiscal Policy and Economic Growth; Local Government Finance and Decentralization; Fiscal Policies and Political Economy,2026-08-15T07:11:24.734988,2026-08-15T07:11:24.734988,openalex_orcid_only,official_orcid_to_openalex_author,high,false,false,,2026-08-29T03:05:01.770Z
uwa-finance-004,Duc Vo,A5061059537,W3159106413,The Impact of Foreign Direct Investment on Environment Degradation: Evidence from Emerging Markets in Asia,2019,2019-01-01,,https://openalex.org/W3159106413,LA Referencia (Red Federada de Repositorios Institucionales de Publicaciones Científicas),,,,[object Object],1,other,0,,,false,false,closed,,"Energy, Environment, Economic Growth; Environmental Sustainability in Business; Energy, Environment, and Transportation Policies",2026-08-23T07:36:19.812096,2026-08-23T07:36:19.812096,openalex_orcid_only,official_orcid_to_openalex_author,high,false,false,,2026-08-29T03:05:01.770Z
uwa-finance-004,Duc Vo,A5061059537,W4210671472,Renewable Energy and Population for Sustainable Development in the Southeast Asian Countries,2021,2021-01-12,10.21203/rs.3.rs-141959/v1,https://doi.org/10.21203/rs.3.rs-141959/v1,Research Square,,,,[object Object]; [object Object],2,preprint,0,,,false,true,green,https://www.researchsquare.com/article/rs-141959/latest.pdf,"Energy, Environment, Economic Growth; Energy, Environment, and Transportation Policies; Energy and Environment Impacts",2026-08-23T07:36:19.812096,2026-08-23T07:36:19.812096,openalex_orcid_only,official_orcid_to_openalex_author,high,false,false,,2026-08-29T03:05:01.770Z
uwa-finance-004,Duc Vo,A5061059537,W4377047657,"Minimum tick size, market quality and costs of trade execution in Vietnam",2023,2023-05-18,10.1371/journal.pone.0285821,https://doi.org/10.1371/journal.pone.0285821,PLoS ONE,1932-6203,,1932-6203,[object Object]; [object Object],2,article,0,0,0.08590532,false,true,gold,http://dx.doi.org/10.1371/journal.pone.0285821,Financial Markets and Investment Strategies; Market Dynamics and Volatility; Corporate Social Responsibility Reporting,2026-08-23T07:36:19.812096,2026-08-23T07:36:19.812096,openalex_orcid_only,official_orcid_to_openalex_author,high,false,false,,2026-08-29T03:05:01.770Z
uwa-finance-004,Duc Vo,A5061059537,W4385820306,Commodity Futures Trading at the 52-Week High and Low,2023,2023-01-01,10.2139/ssrn.4534852,https://doi.org/10.2139/ssrn.4534852,SSRN Electronic Journal,1556-5068,,1556-5068,[object Object]; [object Object]; [object Object],3,preprint,0,,,false,true,green,https://doi.org/10.2139/ssrn.4534852,Market Dynamics and Volatility; Natural Resources and Economic Development,2026-08-21T09:56:20.448147,2026-08-21T09:56:20.448147,openalex_orcid_only,official_orcid_to_openalex_author,high,false,false,,2026-08-29T03:05:01.770Z
uwa-finance-004,Duc Vo,A5061059537,W4388215002,Correction: Asia-Pacific stock market return and volatility in the uncertain world: Evidence from the nonlinear autoregressive distributed lag approach,2023,2023-11-02,10.1371/journal.pone.0294104,https://doi.org/10.1371/journal.pone.0294104,PLoS ONE,1932-6203,,1932-6203,[object Object]; [object Object],2,erratum,0,,,false,true,gold,https://journals.plos.org/plosone/article/file?id=10.1371/journal.pone.0294104&type=printable,Market Dynamics and Volatility; Monetary Policy and Economic Impact; Complex Systems and Time Series Analysis,2026-08-21T09:56:20.448147,2026-08-21T09:56:20.448147,openalex_orcid_only,official_orcid_to_openalex_author,high,false,false,,2026-08-29T03:05:01.770Z
uwa-finance-004,Duc Vo,A5061059537,W4396736689,Sectoral Intellectual Capital and Sector Performance in an Emerging Market,2024,2024-04-15,10.14254/1800-5845/2024.20-2.17,https://doi.org/10.14254/1800-5845/2024.20-2.17,MONTENEGRIN JOURNAL OF ECONOMICS,1800-5845,1800-6698,1800-5845; 1800-6698,[object Object]; [object Object],2,article,0,0,0.08585619,false,true,diamond,http://doi.org/10.14254/1800-5845/2024.20-2.17,Intellectual Capital and Performance Analysis,2026-08-18T07:49:30.821534,2026-08-18T07:49:30.821534,openalex_orcid_only,official_orcid_to_openalex_author,high,false,false,,2026-08-29T03:05:01.770Z
uwa-finance-004,Duc Vo,A5061059537,W4403232882,Building a brand name for universities: A case study of Ho Chi Minh City Open University,2024,2024-03-19,10.46223/hcmcoujs.econ.en.14.4.2993.2024,https://doi.org/10.46223/hcmcoujs.econ.en.14.4.2993.2024,Ho Chi Minh City Open University Journal of Science- Economics and Business Administration,2734-9314,2734-9586,2734-9314; 2734-9586,[object Object]; [object Object],2,article,0,0,0.21935969,false,true,diamond,https://journalofscience.ou.edu.vn/index.php/econ-en/article/download/2993/2039,Organizational Strategy and Culture; Medical and Biological Sciences; Corporate Identity and Reputation,2026-08-23T07:36:19.812096,2026-08-23T07:36:19.812096,openalex_orcid_only,official_orcid_to_openalex_author,high,false,false,,2026-08-29T03:05:01.770Z
uwa-finance-004,Duc Vo,A5061059537,W4406496933,The spillover effects of military spending across superpowers using the TVP - VAR approach,2024,2024-07-01,10.46223/hcmcoujs.econ.en.15.1.3062.2025,https://doi.org/10.46223/hcmcoujs.econ.en.15.1.3062.2025,Ho Chi Minh City Open University Journal of Science- Economics and Business Administration,2734-9314,2734-9586,2734-9314; 2734-9586,[object Object]; [object Object]; [object Object],3,article,0,0,0.22843865,false,true,diamond,https://journalofscience.ou.edu.vn/index.php/econ-en/article/download/3062/2173,"Defense, Military, and Policy Studies; Economic Growth and Productivity; Fiscal Policy and Economic Growth",2026-08-21T09:56:20.448147,2026-08-21T09:56:20.448147,openalex_orcid_only,official_orcid_to_openalex_author,high,false,false,,2026-08-29T03:05:01.770Z
uwa-finance-004,Duc Vo,A5061059537,W4409710984,Bank efficiency and shareholder value in Vietnam Banking,2025,2025-04-23,10.20885/ejem.vol17.iss1.art3,https://doi.org/10.20885/ejem.vol17.iss1.art3,Economic Journal of Emerging Markets,2086-3128,2502-180X,2086-3128; 2502-180X,[object Object]; [object Object],2,article,0,0,0.0970646,false,true,diamond,https://journal.uii.ac.id/JEP/article/download/36039/18190,Islamic Finance and Banking Studies,2026-08-21T09:56:20.448147,2026-08-21T09:56:20.448147,openalex_orcid_only,official_orcid_to_openalex_author,high,false,false,,2026-08-29T03:05:01.770Z
uwa-finance-004,Duc Vo,A5061059537,W4410866527,Assessing medical professionalism among students at Hue University of Medicine and Pharmacy in 2023: A multi-method evaluation approach,2025,2025-05-09,10.34071/jmp.2025.2.22,https://doi.org/10.34071/jmp.2025.2.22,Tạp chí Y Dược Huế,3030-4318,3030-4326,3030-4318; 3030-4326,[object Object]; [object Object]; [object Object]; [object Object]; [object Object]; [object Object]; [object Object],7,article,0,0,0.16499235,false,true,hybrid,https://huejmp.vn/index.php/journal/article/download/512/489,Medical Research and Treatments,2026-08-25T07:29:55.448023,2026-08-25T07:29:55.448023,openalex_orcid_only,official_orcid_to_openalex_author,high,false,false,,2026-08-29T03:05:01.770Z
uwa-finance-004,Duc Vo,A5061059537,W4414028103,The Effect of Financial Inclusion on Household Wealth in Vietnam: Do Female-Headed Households Benefit More?,2025,2025-01-01,10.1177/21582440251360499,https://doi.org/10.1177/21582440251360499,SAGE Open,2158-2440,,2158-2440,[object Object]; [object Object],2,article,0,0,0.21877828,false,true,gold,https://doi.org/10.1177/21582440251360499,"Microfinance and Financial Inclusion; Financial Literacy, Pension, Retirement Analysis; Gender, Labor, and Family Dynamics",2026-08-21T09:56:20.448147,2026-08-21T09:56:20.448147,openalex_orcid_only,official_orcid_to_openalex_author,high,false,false,,2026-08-29T03:05:01.770Z
uwa-finance-004,Duc Vo,A5061059537,W4415328152,The Threshold Effect of Intellectual Capital on the Corporate Social Responsibility - Firm Performance Nexus in Vietnam,2025,2025-10-15,10.14254/1800-5845/2025.21-4.3,https://doi.org/10.14254/1800-5845/2025.21-4.3,MONTENEGRIN JOURNAL OF ECONOMICS,1800-5845,1800-6698,1800-5845; 1800-6698,[object Object]; [object Object]; [object Object],3,article,0,0,0.37736053,false,true,diamond,https://doi.org/10.14254/1800-5845/2025.21-4.3,Intellectual Capital and Performance Analysis,2026-08-21T09:56:20.448147,2026-08-21T09:56:20.448147,openalex_orcid_only,official_orcid_to_openalex_author,high,false,false,,2026-08-29T03:05:01.770Z
uwa-finance-004,Duc Vo,A5061059537,W45267611,Estimating the size of the shadow economy in Vietnam,2003,2003-01-01,10.14264/217611,https://doi.org/10.14264/217611,The University of Queensland,,,,[object Object],1,dissertation,0,,,false,false,closed,,Taxation and Compliance Studies; Fiscal Policy and Economic Growth; Economic Growth and Fiscal Policies,2026-08-21T09:56:20.448147,2026-08-21T09:56:20.448147,openalex_orcid_only,official_orcid_to_openalex_author,high,false,false,,2026-08-29T03:05:01.770Z
uwa-finance-004,Duc Vo,A5061059537,W7131230336,The Health Benefits of Financial Inclusion: Evidence from ASEAN,2026,2026-01-01,10.1177/21582440251406104,https://doi.org/10.1177/21582440251406104,SAGE Open,2158-2440,,2158-2440,[object Object]; [object Object]; [object Object]; [object Object]; [object Object],5,article,0,0,0.1542429,false,true,gold,https://doi.org/10.1177/21582440251406104,"Microfinance and Financial Inclusion; Financial Literacy, Pension, Retirement Analysis; Income, Poverty, and Inequality",2026-08-21T09:56:20.448147,2026-08-21T09:56:20.448147,openalex_orcid_only,official_orcid_to_openalex_author,high,false,false,,2026-08-29T03:05:01.770Z
uwa-finance-005,Elizabeth Ooi,A5071816745,W2598290954,What Drives Trustee-Director Compensation in Australian Superannuation Funds?,2016,2016-12-01,,https://autopapers.ssrn.com/sol3/papers.cfm?abstract_id=2826289,SSRN Electronic Journal,1556-5068,,1556-5068,[object Object]; [object Object],2,preprint,1,,,false,true,green,https://autopapers.ssrn.com/sol3/papers.cfm?abstract_id=2826289,Corporate Finance and Governance; Private Equity and Venture Capital,2026-07-14T23:32:53.992493,2026-07-14T23:32:53.992493,openalex_orcid_only,official_orcid_to_openalex_author,high,false,false,,2026-08-29T03:05:01.770Z
uwa-finance-005,Elizabeth Ooi,A5071816745,W2805252860,The Impact of Related-Party Outsourcing and Trustee Director Affiliation on Investment Performance of Superannuation Funds,2018,2018-01-01,10.2139/ssrn.3123499,https://doi.org/10.2139/ssrn.3123499,SSRN Electronic Journal,1556-5068,,1556-5068,[object Object]; [object Object],2,preprint,1,,,false,true,green,https://doi.org/10.2139/ssrn.3123499,State Capitalism and Financial Governance,2026-07-14T23:27:15.235271,2026-07-14T23:27:15.235271,openalex_orcid_only,official_orcid_to_openalex_author,high,false,false,,2026-08-29T03:05:01.770Z
uwa-finance-005,Elizabeth Ooi,A5071816745,W4413610098,"The royal commission should result not only in new regulation, but new education",2018,2018-08-16,10.64628/aa.ydtujcmuj,https://doi.org/10.64628/aa.ydtujcmuj,,,,,[object Object]; [object Object]; [object Object],3,other,1,,,false,false,closed,,Healthcare Systems and Challenges,2026-07-14T23:27:15.235271,2026-07-14T23:27:15.235271,openalex_orcid_only,official_orcid_to_openalex_author,high,false,false,,2026-08-29T03:05:01.770Z
uwa-finance-005,Elizabeth Ooi,A5071816745,W2201498122,Governance of pension funds: interlocking and compensation of Australian superannuation fund boards,2017,2017-01-01,10.4225/03/58c11ca1d2fec,https://doi.org/10.4225/03/58c11ca1d2fec,INDIGO (University of Illinois at Chicago),,,,[object Object],1,dissertation,0,,,false,true,green,https://figshare.com/articles/thesis/Governance_of_pension_funds_interlocking_and_compensation_of_Australian_superannuation_fund_boards/4558846,Corporate Finance and Governance; Private Equity and Venture Capital; Community Development and Social Impact,2026-08-15T07:11:24.734988,2026-08-15T07:11:24.734988,openalex_orcid_only,official_orcid_to_openalex_author,high,false,false,,2026-08-29T03:05:01.770Z
uwa-finance-005,Elizabeth Ooi,A5071816745,W2603735004,"Pension Fund Directors with Industry Expertise: Conflicted, Confined or Skilled?",2016,2016-01-01,10.2139/ssrn.2888730,https://doi.org/10.2139/ssrn.2888730,SSRN Electronic Journal,1556-5068,,1556-5068,[object Object],1,preprint,0,,,false,true,green,https://doi.org/10.2139/ssrn.2888730,"Corporate Finance and Governance; Financial Literacy, Pension, Retirement Analysis; State Capitalism and Financial Governance",2026-08-04T08:18:43.703281,2026-08-04T08:18:43.703281,openalex_orcid_only,official_orcid_to_openalex_author,high,false,false,,2026-08-29T03:05:01.770Z
uwa-finance-005,Elizabeth Ooi,A5071816745,W2911288325,Teaching Financial Literacy at University: Online and Face-to-Face Evaluations,2017,2017-01-01,10.2139/ssrn.3021787,https://doi.org/10.2139/ssrn.3021787,SSRN Electronic Journal,1556-5068,,1556-5068,[object Object]; [object Object]; [object Object],3,preprint,0,,,false,true,green,https://doi.org/10.2139/ssrn.3021787,"Financial Literacy, Pension, Retirement Analysis; Housing Market and Economics; Housing, Finance, and Neoliberalism",2026-07-28T07:46:37.118299,2026-07-28T07:46:37.118299,openalex_orcid_only,official_orcid_to_openalex_author,high,false,false,,2026-08-29T03:05:01.770Z
uwa-finance-005,Elizabeth Ooi,A5071816745,W3148223505,Directors Who Serve Multiple Pension Funds: Are They Conflicted or Skilled?,2020,2020-01-20,,https://papers.ssrn.com/sol3/papers.cfm?abstract_id=3527188,SSRN Electronic Journal,1556-5068,,1556-5068,[object Object],1,preprint,0,,,false,true,green,https://papers.ssrn.com/sol3/papers.cfm?abstract_id=3527188,"Corporate Finance and Governance; Housing, Finance, and Neoliberalism; Financial Literacy, Pension, Retirement Analysis",2026-07-14T23:32:53.992493,2026-07-14T23:32:53.992493,openalex_orcid_only,official_orcid_to_openalex_author,high,false,false,,2026-08-29T03:05:01.770Z
uwa-finance-005,Elizabeth Ooi,A5071816745,W4245166556,List of Contributors,2016,2016-01-01,10.1016/b978-0-12-803615-0.01002-5,https://doi.org/10.1016/b978-0-12-803615-0.01002-5,Elsevier eBooks,,,,[object Object]; [object Object]; [object Object]; [object Object]; [object Object]; [object Object]; [object Object]; [object Object]; [object Object]; [object Object]; [object Object]; [object Object]; [object Object]; [object Object]; [object Object]; [object Object]; [object Object]; [object Object]; [object Object]; [object Object]; [object Object]; [object Object]; [object Object]; [object Object]; [object Object]; [object Object]; [object Object]; [object Object]; [object Object]; [object Object]; [object Object]; [object Object]; [object Object]; [object Object]; [object Object]; [object Object]; [object Object]; [object Object]; [object Object],39,paratext,0,,,false,false,closed,,Diverse Scientific and Economic Studies; Legal Cases and Commentary; Human auditory perception and evaluation,2026-07-22T07:51:19.307946,2026-07-22T07:51:19.307946,openalex_orcid_only,official_orcid_to_openalex_author,high,false,false,,2026-08-29T03:05:01.770Z
uwa-finance-005,Elizabeth Ooi,A5071816745,W4252028378,Super Connected Directors: An Examination of Australian Pension Funds,2013,2013-01-01,10.2139/ssrn.2311270,https://doi.org/10.2139/ssrn.2311270,SSRN Electronic Journal,1556-5068,,1556-5068,[object Object],1,preprint,0,,,false,true,green,https://doi.org/10.2139/ssrn.2311270,State Capitalism and Financial Governance,2026-08-21T09:56:20.448147,2026-08-21T09:56:20.448147,openalex_orcid_only,official_orcid_to_openalex_author,high,false,false,,2026-08-29T03:05:01.770Z
uwa-finance-005,Elizabeth Ooi,A5071816745,W4413748504,Super connected directors not helping super fund performance,2015,2015-05-04,10.64628/aa.5wuhhcykg,https://doi.org/10.64628/aa.5wuhhcykg,,,,,[object Object],1,other,0,,,false,false,closed,,"Housing, Finance, and Neoliberalism; State Capitalism and Financial Governance; Community Development and Social Impact",2026-07-14T23:27:15.235271,2026-07-14T23:27:15.235271,openalex_orcid_only,official_orcid_to_openalex_author,high,false,false,,2026-08-29T03:05:01.770Z
uwa-finance-005,Elizabeth Ooi,A5071816745,W7128692157,Governance of pension funds: interlocking and compensation of Australian superannuation fund boards,2017,2017-01-01,10.26180/4558846,https://doi.org/10.26180/4558846,Monash University,,,,[object Object],1,dissertation,0,,,false,true,green,https://doi.org/10.26180/4558846,"Corporate Finance and Governance; Corporate Insolvency and Governance; Auditing, Earnings Management, Governance",2026-07-01T06:00:48.157686,2026-07-01T06:00:48.157686,openalex_orcid_only,official_orcid_to_openalex_author,high,false,false,,2026-08-29T03:05:01.770Z
uwa-finance-005,Elizabeth Ooi,A5071816745,W7128731751,Governance of pension funds: interlocking and compensation of Australian superannuation fund boards,2017,2017-01-01,10.26180/4558846.v1,https://doi.org/10.26180/4558846.v1,Monash University,,,,[object Object],1,dissertation,0,,,false,true,green,https://doi.org/10.26180/4558846.v1,"Corporate Finance and Governance; Corporate Insolvency and Governance; Auditing, Earnings Management, Governance",2026-07-01T06:00:48.157686,2026-07-01T06:00:48.157686,openalex_orcid_only,official_orcid_to_openalex_author,high,false,false,,2026-08-29T03:05:01.770Z
uwa-finance-006,Farhan Shazia,A5067831816,W2265937926,Capital Market Deepening and Economic Growth in Bangladesh,2013,2013-01-01,,https://EconPapers.repec.org/RePEc:bbn:journl:2013_2_2_jamil,JOURNAL STUDIA UNIVERSITATIS BABES-BOLYAI NEGOTIA,1224-8738,2065-9636,1224-8738; 2065-9636,[object Object]; [object Object],2,article,2,0,0.33177759,false,true,green,https://EconPapers.repec.org/RePEc:bbn:journl:2013_2_2_jamil,Monetary Policy and Economic Impact; Global Financial Crisis and Policies,2026-08-04T08:18:43.703281,2026-08-04T08:18:43.703281,openalex_orcid_only,official_orcid_to_openalex_author,high,false,false,,2026-08-29T03:05:01.770Z
uwa-finance-006,Farhan Shazia,A5067831816,W4312648852,Crime and Covenants,2022,2022-01-01,10.2139/ssrn.4263221,https://doi.org/10.2139/ssrn.4263221,SSRN Electronic Journal,1556-5068,,1556-5068,[object Object],1,preprint,0,,,false,true,green,https://doi.org/10.2139/ssrn.4263221,American Constitutional Law and Politics,2026-08-04T08:18:43.703281,2026-08-04T08:18:43.703281,openalex_orcid_only,official_orcid_to_openalex_author,high,false,false,,2026-08-29T03:05:01.770Z
uwa-finance-006,Farhan Shazia,A5067831816,W4360780133,Why Do Managers Announce the Intention to Sell Assets?,2023,2023-01-01,10.2139/ssrn.4397714,https://doi.org/10.2139/ssrn.4397714,SSRN Electronic Journal,1556-5068,,1556-5068,[object Object]; [object Object]; [object Object]; [object Object],4,preprint,0,,,false,true,green,https://doi.org/10.2139/ssrn.4397714,"Islamic Finance and Banking Studies; Impact of AI and Big Data on Business and Society; Leadership, Behavior, and Decision-Making Studies",2026-08-21T09:56:20.448147,2026-08-21T09:56:20.448147,openalex_orcid_only,official_orcid_to_openalex_author,high,false,false,,2026-08-29T03:05:01.770Z
uwa-finance-007,Frank Liu,A5041599786,W4395011592,"Rice Yield Estimation Using Multi-Temporal Remote Sensing Data and Machine Learning: A Case Study of Jiangsu, China",2024,2024-04-22,10.3390/agriculture14040638,https://doi.org/10.3390/agriculture14040638,Agriculture,2077-0472,,2077-0472,[object Object]; [object Object]; [object Object]; [object Object]; [object Object]; [object Object]; [object Object]; [object Object],8,article,24,7.7465,0.97726902,false,true,gold,https://www.mdpi.com/2077-0472/14/4/638/pdf?version=1713832665,Remote Sensing in Agriculture; Land Use and Ecosystem Services; Remote Sensing and LiDAR Applications,2026-08-28T12:50:07.497085,2026-08-28T12:50:07.497085,openalex_orcid_only,official_orcid_to_openalex_author,high,false,false,,2026-08-29T03:05:01.770Z
uwa-finance-007,Frank Liu,A5041599786,W4402240496,Combination of Multiple Variables and Machine Learning for Regional Cropland Water and Carbon Fluxes Estimation: A Case Study in the Haihe River Basin,2024,2024-09-04,10.3390/rs16173280,https://doi.org/10.3390/rs16173280,Remote Sensing,2072-4292,,2072-4292,[object Object]; [object Object]; [object Object]; [object Object]; [object Object]; [object Object],6,article,6,1.1233,0.75313527,false,true,gold,https://www.mdpi.com/2072-4292/16/17/3280/pdf?version=1725429278,Plant Water Relations and Carbon Dynamics; Hydrology and Watershed Management Studies; Remote Sensing in Agriculture,2026-08-28T12:50:07.497085,2026-08-28T12:50:07.497085,openalex_orcid_only,official_orcid_to_openalex_author,high,false,false,,2026-08-29T03:05:01.770Z
uwa-finance-007,Frank Liu,A5041599786,W4401586494,Accurate Characterization of Soil Moisture in Wheat Fields with an Improved Drought Index from Unmanned Aerial Vehicle Observations,2024,2024-08-14,10.3390/agronomy14081783,https://doi.org/10.3390/agronomy14081783,Agronomy,2073-4395,,2073-4395,[object Object]; [object Object]; [object Object]; [object Object]; [object Object]; [object Object]; [object Object]; [object Object]; [object Object]; [object Object],10,article,4,1.2911,0.80054223,false,true,gold,https://doi.org/10.3390/agronomy14081783,Remote Sensing in Agriculture; Remote Sensing and LiDAR Applications; Soil Moisture and Remote Sensing,2026-08-28T12:50:07.497085,2026-08-28T12:50:07.497085,openalex_orcid_only,official_orcid_to_openalex_author,high,false,false,,2026-08-29T03:05:01.770Z
uwa-finance-007,Frank Liu,A5041599786,W2894573589,"Private Debt Investments in Asia: Volatility, Credit Risk and Returns",2015,2015-01-01,,https://www.researchgate.net/profile/Grant_Fleming/publication/280093770_Private_Debt_Investments_in_Asia_Volatility_Credit_Risk_and_Returns/links/55a8818b08aea994671de68a.pdf,,,,,[object Object]; [object Object]; [object Object],3,article,2,0.4956,0.78159018,false,false,closed,,"Banking stability, regulation, efficiency; Credit Risk and Financial Regulations; Corporate Finance and Governance",2026-06-11T09:08:48.828518,2026-06-11T09:08:48.828518,openalex_orcid_only,official_orcid_to_openalex_author,high,false,false,,2026-08-29T03:05:01.770Z
uwa-finance-007,Frank Liu,A5041599786,W4394927094,ESG Rating Divergence and Audit Fees: Evidence from China,2024,2024-01-01,10.2139/ssrn.4798780,https://doi.org/10.2139/ssrn.4798780,SSRN Electronic Journal,1556-5068,,1556-5068,[object Object]; [object Object]; [object Object],3,preprint,6,,,false,true,green,https://doi.org/10.2139/ssrn.4798780,"Sustainable Finance and Green Bonds; Energy, Environment, Economic Growth",2026-08-26T07:47:46.906454,2026-08-26T07:47:46.906454,openalex_orcid_only,official_orcid_to_openalex_author,high,false,false,,2026-08-29T03:05:01.770Z
uwa-finance-007,Frank Liu,A5041599786,W236287431,"Private Debt: Volatility, Credit Risk, and Returns",2015,2015-01-01,10.2139/ssrn.2609235,https://doi.org/10.2139/ssrn.2609235,SSRN Electronic Journal,1556-5068,,1556-5068,[object Object]; [object Object]; [object Object],3,preprint,4,,,false,true,green,https://doi.org/10.2139/ssrn.2609235,"Banking stability, regulation, efficiency; Corporate Finance and Governance; Housing Market and Economics",2026-08-21T09:56:20.448147,2026-08-21T09:56:20.448147,openalex_orcid_only,official_orcid_to_openalex_author,high,false,false,,2026-08-29T03:05:01.770Z
uwa-finance-007,Frank Liu,A5041599786,W4295833686,Financial Innovation in the Uranium Mining Sector: Analysis of an Exchange-Traded Fund and its Impact on Trading Characteristics of Uranium Stocks,2022,2022-01-01,10.2139/ssrn.4216525,https://doi.org/10.2139/ssrn.4216525,SSRN Electronic Journal,1556-5068,,1556-5068,[object Object]; [object Object],2,preprint,4,,,false,true,green,https://doi.org/10.2139/ssrn.4216525,State Capitalism and Financial Governance,2026-08-21T09:56:20.448147,2026-08-21T09:56:20.448147,openalex_orcid_only,official_orcid_to_openalex_author,high,false,false,,2026-08-29T03:05:01.770Z
uwa-finance-007,Frank Liu,A5041599786,W3122906513,Share Pledging and Financial Constraints in China,2020,2020-01-01,10.2139/ssrn.3536042,https://doi.org/10.2139/ssrn.3536042,SSRN Electronic Journal,1556-5068,,1556-5068,[object Object]; [object Object]; [object Object],3,preprint,3,,,false,true,green,https://doi.org/10.2139/ssrn.3536042,Corporate Finance and Governance,2026-08-21T09:56:20.448147,2026-08-21T09:56:20.448147,openalex_orcid_only,official_orcid_to_openalex_author,high,false,false,,2026-08-29T03:05:01.770Z
uwa-finance-007,Frank Liu,A5041599786,W169021257,"State prices, market volatility and skewness",2013,2013-01-01,,https://openalex.org/W169021257,Queensland's institutional digital repository (The University of Queensland),,,,[object Object],1,dissertation,2,,,false,false,closed,,Complex Systems and Time Series Analysis,2026-08-26T07:47:46.906454,2026-08-26T07:47:46.906454,openalex_orcid_only,official_orcid_to_openalex_author,high,false,false,,2026-08-29T03:05:01.770Z
uwa-finance-007,Frank Liu,A5041599786,W4389434737,"Gender(ed) Equity: The Growth of Female Shareholding in Australia, 1857-1937",2023,2023-01-01,10.2139/ssrn.4625067,https://doi.org/10.2139/ssrn.4625067,SSRN Electronic Journal,1556-5068,,1556-5068,[object Object]; [object Object]; [object Object]; [object Object],4,preprint,2,,,false,true,green,https://doi.org/10.2139/ssrn.4625067,"Migration, Ethnicity, and Economy; Housing, Finance, and Neoliberalism; Australian History and Society",2026-08-26T07:47:46.906454,2026-08-26T07:47:46.906454,openalex_orcid_only,official_orcid_to_openalex_author,high,false,false,,2026-08-29T03:05:01.770Z
uwa-finance-007,Frank Liu,A5041599786,W3118707398,SME performance and the US-China trade war: Evidence of China,2021,2021-01-01,10.2139/ssrn.3722539,https://doi.org/10.2139/ssrn.3722539,SSRN Electronic Journal,1556-5068,,1556-5068,[object Object]; [object Object]; [object Object],3,preprint,1,,,false,true,green,https://doi.org/10.2139/ssrn.3722539,Firm Innovation and Growth; Corporate Finance and Governance; International Business and FDI,2026-08-21T09:56:20.448147,2026-08-21T09:56:20.448147,openalex_orcid_only,official_orcid_to_openalex_author,high,false,false,,2026-08-29T03:05:01.770Z
uwa-finance-007,Frank Liu,A5041599786,W3120571627,Corporate Financial Portfolio and Distress Risk: Forewarned is Forearmed,2021,2021-01-01,10.2139/ssrn.3754169,https://doi.org/10.2139/ssrn.3754169,SSRN Electronic Journal,1556-5068,,1556-5068,[object Object]; [object Object]; [object Object]; [object Object],4,preprint,1,,,false,true,green,https://doi.org/10.2139/ssrn.3754169,"Corporate Finance and Governance; Banking stability, regulation, efficiency; Insurance and Financial Risk Management",2026-08-26T07:47:46.906454,2026-08-26T07:47:46.906454,openalex_orcid_only,official_orcid_to_openalex_author,high,false,false,,2026-08-29T03:05:01.770Z
uwa-finance-007,Frank Liu,A5041599786,W3128295451,The Returns to Private Debt: Primary Issuances Versus Secondary Acquisitions,2018,2018-07-30,,https://papers.ssrn.com/sol3/papers.cfm?abstract_id=3248422,SSRN Electronic Journal,1556-5068,,1556-5068,[object Object]; [object Object]; [object Object],3,preprint,1,,,false,true,green,https://papers.ssrn.com/sol3/papers.cfm?abstract_id=3248422,"State Capitalism and Financial Governance; Banking stability, regulation, efficiency; Private Equity and Venture Capital",2026-07-14T23:32:53.992493,2026-07-14T23:32:53.992493,openalex_orcid_only,official_orcid_to_openalex_author,high,false,false,,2026-08-29T03:05:01.770Z
uwa-finance-007,Frank Liu,A5041599786,W4226176738,Is Investor Attention on R/Wallstreetbets Different?,2022,2022-01-01,10.2139/ssrn.4069356,https://doi.org/10.2139/ssrn.4069356,SSRN Electronic Journal,1556-5068,,1556-5068,[object Object]; [object Object]; [object Object],3,preprint,1,,,false,true,green,https://doi.org/10.2139/ssrn.4069356,Financial Markets and Investment Strategies,2026-08-21T09:56:20.448147,2026-08-21T09:56:20.448147,openalex_orcid_only,official_orcid_to_openalex_author,high,false,false,,2026-08-29T03:05:01.770Z
uwa-finance-007,Frank Liu,A5041599786,W4410006940,Pressure from Parallels: The Role of Accounting Comparability in Shaping Corporate Innovation,2025,2025-01-01,10.2139/ssrn.5237129,https://doi.org/10.2139/ssrn.5237129,SSRN Electronic Journal,1556-5068,,1556-5068,[object Object]; [object Object]; [object Object],3,preprint,1,,,false,true,green,https://doi.org/10.2139/ssrn.5237129,Financial Reporting and Valuation Research; Accounting and Organizational Management; Intellectual Capital and Performance Analysis,2026-08-04T08:18:43.703281,2026-08-04T08:18:43.703281,openalex_orcid_only,official_orcid_to_openalex_author,high,false,false,,2026-08-29T03:05:01.770Z
uwa-finance-007,Frank Liu,A5041599786,W1544600531,Hitting SKEW for SIX,2012,2012-01-01,10.2139/ssrn.2190724,https://doi.org/10.2139/ssrn.2190724,SSRN Electronic Journal,1556-5068,,1556-5068,[object Object]; [object Object],2,preprint,0,,,false,true,green,https://doi.org/10.2139/ssrn.2190724,Financial Markets and Investment Strategies; Stochastic processes and financial applications; Market Dynamics and Volatility,2026-08-21T09:56:20.448147,2026-08-21T09:56:20.448147,openalex_orcid_only,official_orcid_to_openalex_author,high,false,false,,2026-08-29T03:05:01.770Z
uwa-finance-007,Frank Liu,A5041599786,W3007652781,Limitations in an Imitation Game: Lessons from another Bitcoin Copycat,2019,2019-01-01,10.2139/ssrn.3491600,https://doi.org/10.2139/ssrn.3491600,SSRN Electronic Journal,1556-5068,,1556-5068,[object Object]; [object Object],2,preprint,0,,,false,true,green,https://doi.org/10.2139/ssrn.3491600,Blockchain Technology Applications and Security; Auction Theory and Applications; Financial Markets and Investment Strategies,2026-07-14T23:27:15.235271,2026-07-14T23:27:15.235271,openalex_orcid_only,official_orcid_to_openalex_author,high,false,false,,2026-08-29T03:05:01.770Z
uwa-finance-007,Frank Liu,A5041599786,W3106927662,"Signalling quality in a developing capital market: underwriting, security choice and disclosure in Australian equity issuances, 1920-1939",2019,2019-01-01,,https://cbe.anu.edu.au/researchpapers/CEH/WP201903.pdf,RePEc: Research Papers in Economics,,,,[object Object]; [object Object]; [object Object]; [object Object],4,preprint,0,,,false,false,closed,,Australian History and Society,2026-08-11T07:18:39.950985,2026-08-11T07:18:39.950985,openalex_orcid_only,official_orcid_to_openalex_author,high,false,false,,2026-08-29T03:05:01.770Z
uwa-finance-007,Frank Liu,A5041599786,W3122272834,I Am a Blockchain Too: How Does the Market Respond to Companies’ Interest in Blockchain?,2019,2019-01-01,10.2139/ssrn.3319237,https://doi.org/10.2139/ssrn.3319237,SSRN Electronic Journal,1556-5068,,1556-5068,[object Object]; [object Object]; [object Object]; [object Object],4,preprint,0,,,false,true,green,https://doi.org/10.2139/ssrn.3319237,Blockchain Technology Applications and Security,2026-08-21T09:56:20.448147,2026-08-21T09:56:20.448147,openalex_orcid_only,official_orcid_to_openalex_author,high,false,false,,2026-08-29T03:05:01.770Z
uwa-finance-007,Frank Liu,A5041599786,W3124618776,Tail Risk Hedging for Mutual Funds Using Equity Market State Prices,2016,2016-11-01,,http://epublications.bond.edu.au/business_pubs/947,e-publications@bond (Bond University),,,,[object Object]; [object Object],2,article,0,0,0.41463935,false,true,green,https://papers.ssrn.com/sol3/papers.cfm?abstract_id=2864531,Financial Markets and Investment Strategies; Stock Market Forecasting Methods; Stochastic processes and financial applications,2026-08-26T07:47:46.906454,2026-08-26T07:47:46.906454,openalex_orcid_only,official_orcid_to_openalex_author,high,false,false,,2026-08-29T03:05:01.770Z
uwa-finance-007,Frank Liu,A5041599786,W3187355433,One Session Options: Playing the announcement lottery?,2021,2021-01-01,10.2139/ssrn.3793414,https://doi.org/10.2139/ssrn.3793414,SSRN Electronic Journal,1556-5068,,1556-5068,[object Object]; [object Object]; [object Object],3,preprint,0,,,false,true,green,https://doi.org/10.2139/ssrn.3793414,Financial Markets and Investment Strategies; Stock Market Forecasting Methods; Gambling Behavior and Treatments,2026-08-26T07:47:46.906454,2026-08-26T07:47:46.906454,openalex_orcid_only,official_orcid_to_openalex_author,high,false,false,,2026-08-29T03:05:01.770Z
uwa-finance-007,Frank Liu,A5041599786,W4324006969,Reverse Merger Audit Fee Premium: Evidence from China,2023,2023-01-01,10.2139/ssrn.4385891,https://doi.org/10.2139/ssrn.4385891,SSRN Electronic Journal,1556-5068,,1556-5068,[object Object]; [object Object]; [object Object]; [object Object],4,preprint,0,,,false,true,green,https://doi.org/10.2139/ssrn.4385891,Corporate Finance and Governance,2026-08-26T07:47:46.906454,2026-08-26T07:47:46.906454,openalex_orcid_only,official_orcid_to_openalex_author,high,false,false,,2026-08-29T03:05:01.770Z
uwa-finance-007,Frank Liu,A5041599786,W4382518666,Reverse Merger Audit Fee Premium: Evidence from China,2023,2023-01-01,10.2139/ssrn.4495446,https://doi.org/10.2139/ssrn.4495446,SSRN Electronic Journal,1556-5068,,1556-5068,[object Object]; [object Object]; [object Object]; [object Object],4,preprint,0,,,false,true,green,https://doi.org/10.2139/ssrn.4495446,"Corporate Finance and Governance; Auditing, Earnings Management, Governance; Corporate Taxation and Avoidance",2026-08-21T09:56:20.448147,2026-08-21T09:56:20.448147,openalex_orcid_only,official_orcid_to_openalex_author,high,false,false,,2026-08-29T03:05:01.770Z
uwa-finance-007,Frank Liu,A5041599786,W4383647367,Holiday Spirits and Market Mood: Trading Patterns Around Public Holidays on the Sydney Stock Exchange 1901-1950,2023,2023-01-01,10.2139/ssrn.4504048,https://doi.org/10.2139/ssrn.4504048,SSRN Electronic Journal,1556-5068,,1556-5068,[object Object]; [object Object]; [object Object]; [object Object],4,preprint,0,,,false,true,green,https://doi.org/10.2139/ssrn.4504048,Financial Crisis of the 21st Century; Historical Economic and Social Studies; Australian History and Society,2026-08-21T09:56:20.448147,2026-08-21T09:56:20.448147,openalex_orcid_only,official_orcid_to_openalex_author,high,false,false,,2026-08-29T03:05:01.770Z
uwa-finance-007,Frank Liu,A5041599786,W4391799970,Technical Talk in Bitcoin and Equity,2024,2024-01-01,10.2139/ssrn.4703507,https://doi.org/10.2139/ssrn.4703507,SSRN Electronic Journal,1556-5068,,1556-5068,[object Object]; [object Object]; [object Object],3,preprint,0,,,false,true,green,http://dx.doi.org/10.2139/ssrn.4703507,Blockchain Technology Applications and Security; Market Dynamics and Volatility; Financial Markets and Investment Strategies,2026-08-21T09:56:20.448147,2026-08-21T09:56:20.448147,openalex_orcid_only,official_orcid_to_openalex_author,high,false,false,,2026-08-29T03:05:01.770Z
uwa-finance-007,Frank Liu,A5041599786,W4391995343,Are Investors Attentive Before a One-Off Holiday?,2024,2024-01-01,10.2139/ssrn.4734139,https://doi.org/10.2139/ssrn.4734139,SSRN Electronic Journal,1556-5068,,1556-5068,[object Object]; [object Object]; [object Object]; [object Object],4,preprint,0,,,false,true,green,https://doi.org/10.2139/ssrn.4734139,Decision-Making and Behavioral Economics; Financial Markets and Investment Strategies; Psychology of Social Influence,2026-08-26T07:47:46.906454,2026-08-26T07:47:46.906454,openalex_orcid_only,official_orcid_to_openalex_author,high,false,false,,2026-08-29T03:05:01.770Z
uwa-finance-007,Frank Liu,A5041599786,W4393121929,"Reverse Takeovers and Environmental, Social, and Governance Performance: Empirical Evidence from China",2024,2024-01-01,10.2139/ssrn.4770613,https://doi.org/10.2139/ssrn.4770613,SSRN Electronic Journal,1556-5068,,1556-5068,[object Object]; [object Object]; [object Object]; [object Object],4,preprint,0,,,false,true,green,https://doi.org/10.2139/ssrn.4770613,Business and Economic Development; Corporate Finance and Governance; Corporate Social Responsibility Reporting,2026-08-21T09:56:20.448147,2026-08-21T09:56:20.448147,openalex_orcid_only,official_orcid_to_openalex_author,high,false,false,,2026-08-29T03:05:01.770Z
uwa-finance-007,Frank Liu,A5041599786,W4396589349,Navigating Climate Policy Uncertainty: Impacts on Continuous Innovation in Corporations,2024,2024-01-01,10.2139/ssrn.4814611,https://doi.org/10.2139/ssrn.4814611,SSRN Electronic Journal,1556-5068,,1556-5068,[object Object]; [object Object]; [object Object]; [object Object]; [object Object],5,preprint,0,,,false,true,green,https://papers.ssrn.com/sol3/Delivery.cfm/a75aa555-f51e-47e5-9c27-a655fd34af37-MECA.pdf?abstractid=4814611&mirid=1,"Climate Change Policy and Economics; Energy, Environment, Economic Growth; Market Dynamics and Volatility",2026-08-26T07:47:46.906454,2026-08-26T07:47:46.906454,openalex_orcid_only,official_orcid_to_openalex_author,high,false,false,,2026-08-29T03:05:01.770Z
uwa-finance-007,Frank Liu,A5041599786,W4399558815,"Gold Fever? How Legacy Effects Shaped Investor Experience and Behaviour During the Australian Gold Mining Booms, 1857-1886",2024,2024-01-01,10.2139/ssrn.4862547,https://doi.org/10.2139/ssrn.4862547,SSRN Electronic Journal,1556-5068,,1556-5068,[object Object]; [object Object]; [object Object]; [object Object],4,preprint,0,,,false,true,green,http://dx.doi.org/10.2139/ssrn.4862547,Mining and Resource Management,2026-08-04T08:18:43.703281,2026-08-04T08:18:43.703281,openalex_orcid_only,official_orcid_to_openalex_author,high,false,false,,2026-08-29T03:05:01.770Z
uwa-finance-007,Frank Liu,A5041599786,W4401938474,ESG Rating and Management Earnings Forecasts: Evidence from China,2024,2024-01-01,10.2139/ssrn.4939817,https://doi.org/10.2139/ssrn.4939817,SSRN Electronic Journal,1556-5068,,1556-5068,[object Object]; [object Object]; [object Object],3,preprint,0,,,false,true,green,http://dx.doi.org/10.2139/ssrn.4939817,Sustainable Finance and Green Bonds,2026-08-04T08:18:43.703281,2026-08-04T08:18:43.703281,openalex_orcid_only,official_orcid_to_openalex_author,high,false,false,,2026-08-29T03:05:01.770Z
uwa-finance-007,Frank Liu,A5041599786,W4402223885,Unveiling the Veil: Predicting Potential Shell Firms Using Machine Learning Approach,2024,2024-01-01,10.2139/ssrn.4946721,https://doi.org/10.2139/ssrn.4946721,SSRN Electronic Journal,1556-5068,,1556-5068,[object Object]; [object Object]; [object Object],3,preprint,0,,,false,true,green,http://dx.doi.org/10.2139/ssrn.4946721,"Collaboration in agile enterprises; Modeling, Simulation, and Optimization; Financial Distress and Bankruptcy Prediction",2026-08-04T08:18:43.703281,2026-08-04T08:18:43.703281,openalex_orcid_only,official_orcid_to_openalex_author,high,false,false,,2026-08-29T03:05:01.770Z
uwa-finance-007,Frank Liu,A5041599786,W4404034964,Unveiling the Veil: Identifying Shell Firms Using Machine Learning Approaches,2024,2024-01-01,10.2139/ssrn.5009243,https://doi.org/10.2139/ssrn.5009243,SSRN Electronic Journal,1556-5068,,1556-5068,[object Object]; [object Object]; [object Object],3,preprint,0,,,false,true,green,http://dx.doi.org/10.2139/ssrn.5009243,Insurance and Financial Risk Management,2026-08-04T08:18:43.703281,2026-08-04T08:18:43.703281,openalex_orcid_only,official_orcid_to_openalex_author,high,false,false,,2026-08-29T03:05:01.770Z
uwa-finance-007,Frank Liu,A5041599786,W4408165529,Divine Dividends: How Religious Traditions Shape Corporate Payout Policies,2025,2025-01-01,10.2139/ssrn.5166861,https://doi.org/10.2139/ssrn.5166861,SSRN Electronic Journal,1556-5068,,1556-5068,[object Object]; [object Object]; [object Object],3,preprint,0,,,false,true,green,https://doi.org/10.2139/ssrn.5166861,"Religion, Society, and Development; Islamic Finance and Banking Studies",2026-08-04T08:18:43.703281,2026-08-04T08:18:43.703281,openalex_orcid_only,official_orcid_to_openalex_author,high,false,false,,2026-08-29T03:05:01.770Z
uwa-finance-007,Frank Liu,A5041599786,W4408336384,Divine Dividends: How Religious Traditions Shape Corporate Payout Policies,2025,2025-01-01,10.2139/ssrn.5174373,https://doi.org/10.2139/ssrn.5174373,SSRN Electronic Journal,1556-5068,,1556-5068,[object Object]; [object Object]; [object Object],3,preprint,0,,,false,true,green,https://doi.org/10.2139/ssrn.5174373,"Religion, Society, and Development; Islamic Finance and Banking Studies",2026-08-04T08:18:43.703281,2026-08-04T08:18:43.703281,openalex_orcid_only,official_orcid_to_openalex_author,high,false,false,,2026-08-29T03:05:01.770Z
uwa-finance-007,Frank Liu,A5041599786,W4409224698,Contingent Payments in M&A and Green Innovation,2025,2025-01-01,10.2139/ssrn.5192880,https://doi.org/10.2139/ssrn.5192880,SSRN Electronic Journal,1556-5068,,1556-5068,[object Object]; [object Object]; [object Object]; [object Object],4,preprint,0,,,false,true,green,https://doi.org/10.2139/ssrn.5192880,"FinTech, Crowdfunding, Digital Finance; Digital Platforms and Economics; ICT Impact and Policies",2026-08-21T09:56:20.448147,2026-08-21T09:56:20.448147,openalex_orcid_only,official_orcid_to_openalex_author,high,false,false,,2026-08-29T03:05:01.770Z
uwa-finance-007,Frank Liu,A5041599786,W4410154374,Pressure from Parallels: The Role of Accounting Comparability in Shaping Corporate Innovation,2025,2025-01-01,10.2139/ssrn.5234458,https://doi.org/10.2139/ssrn.5234458,SSRN Electronic Journal,1556-5068,,1556-5068,[object Object]; [object Object]; [object Object],3,preprint,0,,,false,true,green,https://doi.org/10.2139/ssrn.5234458,Financial Reporting and Valuation Research; Accounting and Organizational Management; Intellectual Capital and Performance Analysis,2026-08-21T09:56:20.448147,2026-08-21T09:56:20.448147,openalex_orcid_only,official_orcid_to_openalex_author,high,false,false,,2026-08-29T03:05:01.770Z
uwa-finance-007,Frank Liu,A5041599786,W4410733537,Greening the Chain: Supplier Emission Reductions from Focal Firm Green Bonds,2025,2025-01-01,10.2139/ssrn.5269653,https://doi.org/10.2139/ssrn.5269653,SSRN Electronic Journal,1556-5068,,1556-5068,[object Object]; [object Object]; [object Object]; [object Object],4,preprint,0,,,false,true,green,https://doi.org/10.2139/ssrn.5269653,Sustainable Finance and Green Bonds,2026-08-04T08:18:43.703281,2026-08-04T08:18:43.703281,openalex_orcid_only,official_orcid_to_openalex_author,high,false,false,,2026-08-29T03:05:01.770Z
uwa-finance-007,Frank Liu,A5041599786,W4410977492,"Cutting Corners, Cutting Dividends: Evidence from Reverse Mergers in China",2025,2025-01-01,10.2139/ssrn.5281373,https://doi.org/10.2139/ssrn.5281373,SSRN Electronic Journal,1556-5068,,1556-5068,[object Object]; [object Object]; [object Object]; [object Object]; [object Object],5,preprint,0,,,false,true,green,https://doi.org/10.2139/ssrn.5281373,Corporate Finance and Governance,2026-08-04T08:18:43.703281,2026-08-04T08:18:43.703281,openalex_orcid_only,official_orcid_to_openalex_author,high,false,false,,2026-08-29T03:05:01.770Z
uwa-finance-007,Frank Liu,A5041599786,W4411543124,Greening from the Top: How Government-Guided Funds Transform Corporate ESG in China,2025,2025-01-01,10.2139/ssrn.5316904,https://doi.org/10.2139/ssrn.5316904,SSRN Electronic Journal,1556-5068,,1556-5068,[object Object]; [object Object]; [object Object]; [object Object],4,preprint,0,,,false,true,green,https://doi.org/10.2139/ssrn.5316904,Corporate Social Responsibility Reporting; Sustainable Finance and Green Bonds,2026-08-04T08:18:43.703281,2026-08-04T08:18:43.703281,openalex_orcid_only,official_orcid_to_openalex_author,high,false,false,,2026-08-29T03:05:01.770Z
uwa-finance-007,Frank Liu,A5041599786,W4413457992,"Code, Control, and Cybersecurity: How Board it Expertise Shapes Corporate Risk Management",2025,2025-01-01,10.2139/ssrn.5394247,https://doi.org/10.2139/ssrn.5394247,SSRN Electronic Journal,1556-5068,,1556-5068,[object Object]; [object Object]; [object Object],3,preprint,0,,,false,true,green,https://doi.org/10.2139/ssrn.5394247,Information and Cyber Security; Cybercrime and Law Enforcement Studies; Regulation and Compliance Studies,2026-08-04T08:18:43.703281,2026-08-04T08:18:43.703281,openalex_orcid_only,official_orcid_to_openalex_author,high,false,false,,2026-08-29T03:05:01.770Z
uwa-finance-007,Frank Liu,A5041599786,W4414372452,Biodiversity Risk and Payment Methods in Mergers & Acquisitions,2025,2025-01-01,10.2139/ssrn.5511423,https://doi.org/10.2139/ssrn.5511423,SSRN Electronic Journal,1556-5068,,1556-5068,[object Object]; [object Object]; [object Object],3,preprint,0,,,false,true,green,https://doi.org/10.2139/ssrn.5511423,Climate Change Policy and Economics,2026-08-21T09:56:20.448147,2026-08-21T09:56:20.448147,openalex_orcid_only,official_orcid_to_openalex_author,high,false,false,,2026-08-29T03:05:01.770Z
uwa-finance-007,Frank Liu,A5041599786,W4415199679,Government-Guided Funds and the Rise of Corporate AI: Evidence from China,2025,2025-01-01,10.2139/ssrn.5610821,https://doi.org/10.2139/ssrn.5610821,SSRN Electronic Journal,1556-5068,,1556-5068,[object Object]; [object Object]; [object Object]; [object Object],4,preprint,0,,,false,true,green,https://doi.org/10.2139/ssrn.5610821,"FinTech, Crowdfunding, Digital Finance",2026-08-04T08:18:43.703281,2026-08-04T08:18:43.703281,openalex_orcid_only,official_orcid_to_openalex_author,high,false,false,,2026-08-29T03:05:01.770Z
uwa-finance-007,Frank Liu,A5041599786,W4415435695,The Power of a Name: Surname Culture and Corporate Earnings Management,2025,2025-01-01,10.2139/ssrn.5642418,https://doi.org/10.2139/ssrn.5642418,SSRN Electronic Journal,1556-5068,,1556-5068,[object Object]; [object Object]; [object Object],3,preprint,0,,,false,true,green,https://doi.org/10.2139/ssrn.5642418,"Linguistics, Language Diversity, and Identity; Names, Identity, and Discrimination Research",2026-08-04T08:18:43.703281,2026-08-04T08:18:43.703281,openalex_orcid_only,official_orcid_to_openalex_author,high,false,false,,2026-08-29T03:05:01.770Z
uwa-finance-007,Frank Liu,A5041599786,W4416301446,The Power of a Name: Surname Culture and Corporate Earnings Management,2025,2025-01-01,10.2139/ssrn.5763075,https://doi.org/10.2139/ssrn.5763075,SSRN Electronic Journal,1556-5068,,1556-5068,[object Object]; [object Object]; [object Object],3,preprint,0,,,false,true,green,https://doi.org/10.2139/ssrn.5763075,"Names, Identity, and Discrimination Research; Linguistics, Language Diversity, and Identity; Library Science and Information Systems",2026-07-14T23:27:15.235271,2026-07-14T23:27:15.235271,openalex_orcid_only,official_orcid_to_openalex_author,high,false,false,,2026-08-29T03:05:01.770Z
uwa-finance-007,Frank Liu,A5041599786,W7134073231,Demand-Side Policy and ESG Rating Divergence: Evidence from Green Public Procurement,2026,2026-01-01,10.2139/ssrn.6357957,https://doi.org/10.2139/ssrn.6357957,SSRN Electronic Journal,1556-5068,,1556-5068,[object Object]; [object Object]; [object Object]; [object Object],4,preprint,0,,,false,true,green,https://doi.org/10.2139/ssrn.6357957,"Public Procurement and Policy; Sustainable Supply Chain Management; Energy, Environment, Economic Growth",2026-08-21T09:56:20.448147,2026-08-21T09:56:20.448147,openalex_orcid_only,official_orcid_to_openalex_author,high,false,false,,2026-08-29T03:05:01.770Z
uwa-finance-007,Frank Liu,A5041599786,W7140298775,High-resolution daily air temperature estimation over China: An explainable stratified stacking ensemble approach,2026,2026-03-25,10.1016/j.srs.2026.100420,https://doi.org/10.1016/j.srs.2026.100420,Science of Remote Sensing,2666-0172,,2666-0172,[object Object]; [object Object]; [object Object]; [object Object]; [object Object]; [object Object]; [object Object]; [object Object]; [object Object]; [object Object]; [object Object]; [object Object],12,article,0,0,0.21506566,false,true,gold,https://doi.org/10.1016/j.srs.2026.100420,Urban Heat Island Mitigation; Meteorological Phenomena and Simulations; Climate variability and models,2026-08-21T09:56:20.448147,2026-08-21T09:56:20.448147,openalex_orcid_only,official_orcid_to_openalex_author,high,false,false,,2026-08-29T03:05:01.770Z
uwa-finance-007,Frank Liu,A5041599786,W7154081099,Does Volatility Trading Change the Distribution of Risk?,2026,2026-01-01,10.2139/ssrn.6568838,https://doi.org/10.2139/ssrn.6568838,SSRN Electronic Journal,1556-5068,,1556-5068,[object Object],1,preprint,0,,,false,true,green,https://doi.org/10.2139/ssrn.6568838,Financial Markets and Investment Strategies; Complex Systems and Time Series Analysis; Financial Risk and Volatility Modeling,2026-08-21T09:56:20.448147,2026-08-21T09:56:20.448147,openalex_orcid_only,official_orcid_to_openalex_author,high,false,false,,2026-08-29T03:05:01.770Z
uwa-finance-007,Frank Liu,A5041599786,W7154123506,The Moment Hierarchy and the Fragility of BKM Skewness Estimation,2026,2026-01-01,10.2139/ssrn.6568898,https://doi.org/10.2139/ssrn.6568898,SSRN Electronic Journal,1556-5068,,1556-5068,[object Object],1,preprint,0,,,false,true,green,https://doi.org/10.2139/ssrn.6568898,Statistical Methods and Inference; Financial Risk and Volatility Modeling; Advanced Causal Inference Techniques,2026-07-14T23:27:15.235271,2026-07-14T23:27:15.235271,openalex_orcid_only,official_orcid_to_openalex_author,high,false,false,,2026-08-29T03:05:01.770Z
uwa-finance-007,Frank Liu,A5041599786,W7165931218,Does Stronger Trade Secret Protection Benefit Workers? Quasi-Experimental Evidence from China,2026,2026-01-01,10.2139/ssrn.6996394,https://doi.org/10.2139/ssrn.6996394,SSRN Electronic Journal,1556-5068,,1556-5068,[object Object]; [object Object],2,preprint,0,,,false,true,green,https://doi.org/10.2139/ssrn.6996394,Intellectual Property and Patents; Copyright and Intellectual Property; Trade Secret Protection Methods,2026-08-21T09:56:20.448147,2026-08-21T09:56:20.448147,openalex_orcid_only,official_orcid_to_openalex_author,high,false,false,,2026-08-29T03:05:01.770Z
uwa-finance-007,Frank Liu,A5041599786,W7169772878,Lucky Goals: The Market Price of Noisy Performance in International Football,2026,2026-01-01,10.2139/ssrn.7123298,https://doi.org/10.2139/ssrn.7123298,SSRN Electronic Journal,1556-5068,,1556-5068,[object Object],1,preprint,0,,,false,true,green,https://doi.org/10.2139/ssrn.7123298,Sports Analytics and Performance; Financial Markets and Investment Strategies; Experimental Behavioral Economics Studies,2026-07-21T05:56:28.042755,2026-07-21T05:56:28.042755,openalex_orcid_only,official_orcid_to_openalex_author,high,false,false,,2026-08-29T03:05:01.770Z
uwa-finance-007,Frank Liu,A5041599786,W7160196827,Do Crash-Risk Measures Measure Crash Risk?,2026,2026-01-01,10.2139/ssrn.6688999,https://doi.org/10.2139/ssrn.6688999,SSRN Electronic Journal,1556-5068,,1556-5068,[object Object],1,preprint,0,,,false,true,green,https://doi.org/10.2139/ssrn.6688999,"Insurance and Financial Risk Management; Risk and Portfolio Optimization; Banking stability, regulation, efficiency",2026-08-22T07:34:49.880490,2026-08-22T07:34:49.880490,openalex_orcid_only,official_orcid_to_openalex_author,high,false,false,,2026-08-29T03:05:01.770Z
uwa-finance-007,Frank Liu,A5041599786,W7163907461,"Green compute, AI adoption, and the value relevance of corporate ESG: Evidence from China",2026,2026-01-01,10.2139/ssrn.6899780,https://doi.org/10.2139/ssrn.6899780,SSRN Electronic Journal,1556-5068,,1556-5068,[object Object]; [object Object]; [object Object],3,preprint,0,,,false,true,green,https://doi.org/10.2139/ssrn.6899780,"Energy, Environment, Economic Growth; Environmental Sustainability in Business; Corporate Social Responsibility Reporting",2026-08-21T09:56:20.448147,2026-08-21T09:56:20.448147,openalex_orcid_only,official_orcid_to_openalex_author,high,false,false,,2026-08-29T03:05:01.770Z
uwa-finance-009,Joey Yang,A5087345671,W4283394207,Generation of universal natural killer cells from a cryopreserved cord blood mononuclear cell‐derived induced pluripotent stem cell library,2022,2022-06-24,10.1002/2211-5463.13460,https://doi.org/10.1002/2211-5463.13460,FEBS Open Bio,2211-5463,,2211-5463,[object Object]; [object Object]; [object Object]; [object Object]; [object Object]; [object Object]; [object Object],7,article,10,0.7076,0.65597625,false,true,gold,https://doi.org/10.1002/2211-5463.13460,Pluripotent Stem Cells Research; Immune Cell Function and Interaction; CAR-T cell therapy research,2026-08-21T09:56:20.448147,2026-08-21T09:56:20.448147,openalex_orcid_only,official_orcid_to_openalex_author,high,false,false,,2026-08-29T03:05:01.770Z
uwa-finance-009,Joey Yang,A5087345671,W4408149416,Restoring mitochondrial function promotes hematopoietic reconstitution from cord blood following cryopreservation-related functional decline,2025,2025-03-04,10.1172/jci183607,https://doi.org/10.1172/jci183607,Journal of Clinical Investigation,0021-9738,1558-8238,0021-9738; 1558-8238,[object Object]; [object Object]; [object Object]; [object Object]; [object Object]; [object Object]; [object Object]; [object Object]; [object Object]; [object Object]; [object Object]; [object Object]; [object Object]; [object Object]; [object Object]; [object Object]; [object Object]; [object Object]; [object Object]; [object Object]; [object Object]; [object Object]; [object Object]; [object Object]; [object Object],25,article,7,5.4672,0.95889957,false,true,gold,https://doi.org/10.1172/jci183607,Hematopoietic Stem Cell Transplantation; Organ Transplantation Techniques and Outcomes; Childhood Cancer Survivors' Quality of Life,2026-08-21T09:56:20.448147,2026-08-21T09:56:20.448147,openalex_orcid_only,official_orcid_to_openalex_author,high,false,false,,2026-08-29T03:05:01.770Z
uwa-finance-009,Joey Yang,A5087345671,W4403487372,Comparative study on non-isothermal dehydroxylation kinetics of talc based on multi-scan thermogravimetry and thermodilatometry methods,2024,2024-10-17,10.1007/s10973-024-13611-9,https://doi.org/10.1007/s10973-024-13611-9,Journal of Thermal Analysis and Calorimetry,1388-6150,1572-8943,1388-6150; 1572-8943; 1588-2926,[object Object]; [object Object]; [object Object]; [object Object]; [object Object]; [object Object]; [object Object]; [object Object]; [object Object]; [object Object]; [object Object]; [object Object],12,article,3,0.2681,0.47213727,false,false,closed,,Thermal and Kinetic Analysis; Bee Products Chemical Analysis; Thermochemical Biomass Conversion Processes,2026-08-21T09:56:20.448147,2026-08-21T09:56:20.448147,openalex_orcid_only,official_orcid_to_openalex_author,high,false,false,,2026-08-29T03:05:01.770Z
uwa-finance-009,Joey Yang,A5087345671,W4353015552,Experiences of Filipino Americans with Type 2 Diabetes during COVID-19: A Qualitative Study,2023,2023-03-21,10.1177/01939459231162917,https://doi.org/10.1177/01939459231162917,Western Journal of Nursing Research,0193-9459,1552-8456,0193-9459; 1552-8456,[object Object]; [object Object]; [object Object]; [object Object]; [object Object],5,article,4,0.5911,0.68202565,false,true,hybrid,https://journals.sagepub.com/doi/pdf/10.1177/01939459231162917,Diabetes Management and Education,2026-08-21T09:56:20.448147,2026-08-21T09:56:20.448147,openalex_orcid_only,official_orcid_to_openalex_author,high,false,false,,2026-08-29T03:05:01.770Z
uwa-finance-009,Joey Yang,A5087345671,W4414482911,Research progress on cell cycle arrest in dermal fibroblasts,2025,2025-09-23,10.1080/15384101.2025.2557240,https://doi.org/10.1080/15384101.2025.2557240,Cell Cycle,1538-4101,1551-4005,1538-4101; 1551-4005,[object Object]; [object Object]; [object Object]; [object Object]; [object Object]; [object Object],6,article,1,0.464,0.67304249,false,false,closed,,"Cancer-related Molecular Pathways; Telomeres, Telomerase, and Senescence; Microtubule and mitosis dynamics",2026-08-15T07:11:24.734988,2026-08-15T07:11:24.734988,openalex_orcid_only,official_orcid_to_openalex_author,high,false,false,,2026-08-29T03:05:01.770Z
uwa-finance-009,Joey Yang,A5087345671,W282715372,Repeater Effects on Score Equating for a Graduate Admissions Exam. Research Report. ETS RR-11-17.,2011,2011-04-01,,https://files.eric.ed.gov/fulltext/ED523697.pdf,TOEFL iBT research reports,1930-9317,,1930-9317,[object Object]; [object Object]; [object Object],3,article,5,2.5664,0.91183324,false,false,closed,,Innovations in Educational Methods; Accounting Education and Careers; Online Learning and Analytics,2026-06-11T09:08:48.828518,2026-06-11T09:08:48.828518,openalex_orcid_only,official_orcid_to_openalex_author,high,false,false,,2026-08-29T03:05:01.770Z
uwa-finance-009,Joey Yang,A5087345671,W3087752313,Lessons and suggestions to travelers and cruise ships in the fight against COVID-19,2020,2020-09-04,10.1093/qjmed/hcaa270,https://doi.org/10.1093/qjmed/hcaa270,QJM,0033-5622,1460-2393,0033-5622; 1460-2393; 1460-2725,[object Object]; [object Object]; [object Object]; [object Object],4,article,4,0.5144,0.70440126,false,true,bronze,https://academic.oup.com/qjmed/article-pdf/114/2/153/37463984/hcaa270.pdf,Travel-related health issues; Cruise Tourism Development and Management; Diverse Aspects of Tourism Research,2026-08-21T09:56:20.448147,2026-08-21T09:56:20.448147,openalex_orcid_only,official_orcid_to_openalex_author,high,false,false,,2026-08-29T03:05:01.770Z
uwa-finance-009,Joey Yang,A5087345671,W4323546578,High-Intensity Ultraviolet-C Irradiation Efficiently Inactivates SARS-CoV-2 Under Typical Cold Chain Temperature,2023,2023-03-08,10.1007/s12560-023-09552-5,https://doi.org/10.1007/s12560-023-09552-5,Food and Environmental Virology,1867-0334,1867-0342,1867-0334; 1867-0342,[object Object]; [object Object]; [object Object]; [object Object]; [object Object]; [object Object]; [object Object]; [object Object]; [object Object],9,article,2,0.3259,0.5592407,false,true,bronze,https://link.springer.com/content/pdf/10.1007/s12560-023-09552-5.pdf,Infection Control and Ventilation; Listeria monocytogenes in Food Safety; COVID-19 impact on air quality,2026-08-25T07:29:55.448023,2026-08-25T07:29:55.448023,openalex_orcid_only,official_orcid_to_openalex_author,high,false,false,,2026-08-29T03:05:01.770Z
uwa-finance-009,Joey Yang,A5087345671,W250163544,The Effect of Anchor Length and Equating Method on the Accuracy of Test Equating: Comparisons of Linear and IRT-Based Equating Using an Anchor-Item Design.,1996,1996-04-11,,https://files.eric.ed.gov/fulltext/ED401308.pdf,,,,,[object Object]; [object Object],2,article,5,0,0.05648592,false,false,closed,,Educational Technology and Assessment,2026-06-11T09:08:48.828518,2026-06-11T09:08:48.828518,openalex_orcid_only,official_orcid_to_openalex_author,high,false,false,,2026-08-29T03:05:01.770Z
uwa-finance-009,Joey Yang,A5087345671,W154427450,Sample Selection Effect on AP Multiple-Choice Score to Composite Score Scaling.,2002,2002-04-01,,https://eric.ed.gov/?id=ED464117,,,,,[object Object]; [object Object]; [object Object],3,article,4,0,0.02430289,false,false,closed,,Advanced Statistical Methods and Models,2026-06-11T09:08:48.828518,2026-06-11T09:08:48.828518,openalex_orcid_only,official_orcid_to_openalex_author,high,false,false,,2026-08-29T03:05:01.770Z
uwa-finance-009,Joey Yang,A5087345671,W199957537,The Effects of Content Mix and Equating Method on the Accuracy of Test Equating Using Anchor-Item Design.,1997,1997-03-01,,http://files.eric.ed.gov/fulltext/ED409334.pdf,,,,,[object Object],1,article,3,0,0.05002481,false,false,closed,,Educational Technology and Assessment; Psychometric Methodologies and Testing,2025-11-06T04:12:42.849631,2025-11-06T04:12:42.849631,openalex_orcid_only,official_orcid_to_openalex_author,high,false,false,,2026-08-29T03:05:01.770Z
uwa-finance-009,Joey Yang,A5087345671,W236587190,Analysis of Item Ratings for Ensuring the Procedural Validity of the 1998 NAEP Achievement-Levels Setting.,2000,2000-04-01,,https://files.eric.ed.gov/fulltext/ED441036.pdf,,,,,[object Object],1,article,3,0.5048,0.66579233,false,false,closed,,Psychometric Methodologies and Testing; Advanced Statistical Modeling Techniques; Student Assessment and Feedback,2025-11-06T04:12:42.849631,2025-11-06T04:12:42.849631,openalex_orcid_only,official_orcid_to_openalex_author,high,false,false,,2026-08-29T03:05:01.770Z
uwa-finance-009,Joey Yang,A5087345671,W2202675449,Space charge dynamic properties of oil-paper insulation during aging process at pulsating DC voltage,2015,2015-10-01,10.1109/ceidp.2015.7352156,https://doi.org/10.1109/ceidp.2015.7352156,,,,,[object Object]; [object Object]; [object Object]; [object Object],4,conference-paper,2,0,0.16759947,false,false,closed,,High voltage insulation and dielectric phenomena; Power Transformer Diagnostics and Insulation; Lightning and Electromagnetic Phenomena,2026-07-29T14:22:42.915294,2026-07-29T14:22:42.915294,openalex_orcid_only,official_orcid_to_openalex_author,high,false,false,,2026-08-29T03:05:01.770Z
uwa-finance-009,Joey Yang,A5087345671,W2052275513,Information Diffusion among International Fund Managers: Multi-Country Evidence,2008,2008-01-01,10.2139/ssrn.1115276,https://doi.org/10.2139/ssrn.1115276,SSRN Electronic Journal,1556-5068,,1556-5068,[object Object]; [object Object],2,preprint,3,,,false,true,green,https://doi.org/10.2139/ssrn.1115276,Financial Markets and Investment Strategies; Corporate Finance and Governance; Global Financial Crisis and Policies,2026-08-21T09:56:20.448147,2026-08-21T09:56:20.448147,openalex_orcid_only,official_orcid_to_openalex_author,high,false,false,,2026-08-29T03:05:01.770Z
uwa-finance-009,Joey Yang,A5087345671,W4387977683,The intervention of Chaihu Hehuan Jieyu Tang combined with career planning guidance on employment anxiety patients of college students,2023,2023-10-01,10.1017/s1092852923003759,https://doi.org/10.1017/s1092852923003759,CNS Spectrums,1092-8529,2165-6509,1092-8529; 2165-6509,[object Object],1,conference-abstract,3,,,false,true,bronze,https://www.cambridge.org/core/services/aop-cambridge-core/content/view/A05DC501055AE20A363DC41D5150878D/S1092852923003759a.pdf/div-class-title-the-intervention-of-chaihu-hehuan-jieyu-tang-combined-with-career-planning-guidance-on-employment-anxiety-patients-of-college-students-div.pdf,Workplace Health and Well-being; Stress Responses and Cortisol; Emotional Labor in Professions,2026-08-21T09:56:20.448147,2026-08-21T09:56:20.448147,openalex_orcid_only,official_orcid_to_openalex_author,high,false,false,,2026-08-29T03:05:01.770Z
uwa-finance-009,Joey Yang,A5087345671,W1562676657,Predicting Stock Price Movements: An Ordered Probit Analysis on the ASX,2008,2008-01-01,10.2139/ssrn.913605,https://doi.org/10.2139/ssrn.913605,SSRN Electronic Journal,1556-5068,,1556-5068,[object Object]; [object Object],2,preprint,2,,,false,true,green,https://doi.org/10.2139/ssrn.913605,Financial Markets and Investment Strategies; Housing Market and Economics; Monetary Policy and Economic Impact,2026-08-04T08:18:43.703281,2026-08-04T08:18:43.703281,openalex_orcid_only,official_orcid_to_openalex_author,high,false,false,,2026-08-29T03:05:01.770Z
uwa-finance-009,Joey Yang,A5087345671,W1996513001,"The Microstructure of Fear, the Fama-French Factors and the Global Financial Crisis of 2007 and 2008",2010,2010-01-01,10.2139/ssrn.1659146,https://doi.org/10.2139/ssrn.1659146,SSRN Electronic Journal,1556-5068,,1556-5068,[object Object]; [object Object]; [object Object],3,preprint,2,,,false,true,green,https://doi.org/10.2139/ssrn.1659146,Financial Markets and Investment Strategies; Complex Systems and Time Series Analysis; Market Dynamics and Volatility,2026-08-21T09:56:20.448147,2026-08-21T09:56:20.448147,openalex_orcid_only,official_orcid_to_openalex_author,high,false,false,,2026-08-29T03:05:01.770Z
uwa-finance-009,Joey Yang,A5087345671,W2622106505,Algorithmic Trading and Mutual Fund Performance,2017,2017-01-01,10.2139/ssrn.2980774,https://doi.org/10.2139/ssrn.2980774,SSRN Electronic Journal,1556-5068,,1556-5068,[object Object]; [object Object],2,preprint,2,,,false,true,green,https://doi.org/10.2139/ssrn.2980774,Financial Markets and Investment Strategies; Stock Market Forecasting Methods; Complex Systems and Time Series Analysis,2026-07-28T07:46:37.118299,2026-07-28T07:46:37.118299,openalex_orcid_only,official_orcid_to_openalex_author,high,false,false,,2026-08-29T03:05:01.770Z
uwa-finance-009,Joey Yang,A5087345671,W2785284365,The Evolution of Informed Liquidity Provision and Consumption: Evidence from an Order Driven Market,2013,2013-01-01,10.2139/ssrn.2210304,https://doi.org/10.2139/ssrn.2210304,SSRN Electronic Journal,1556-5068,,1556-5068,[object Object]; [object Object]; [object Object],3,preprint,2,,,false,true,green,https://doi.org/10.2139/ssrn.2210304,Financial Markets and Investment Strategies; Corporate Finance and Governance; Stock Market Forecasting Methods,2026-08-14T07:06:38.338062,2026-08-14T07:06:38.338062,openalex_orcid_only,official_orcid_to_openalex_author,high,false,false,,2026-08-29T03:05:01.770Z
uwa-finance-009,Joey Yang,A5087345671,W4225775493,Institutional Trading Around Firms’ Negative ESG Incidents,2022,2022-01-01,10.2139/ssrn.4059541,https://doi.org/10.2139/ssrn.4059541,SSRN Electronic Journal,1556-5068,,1556-5068,[object Object]; [object Object]; [object Object]; [object Object],4,preprint,2,,,false,true,green,https://doi.org/10.2139/ssrn.4059541,Corporate Finance and Governance; Market Dynamics and Volatility; Corporate Social Responsibility Reporting,2026-08-21T09:56:20.448147,2026-08-21T09:56:20.448147,openalex_orcid_only,official_orcid_to_openalex_author,high,false,false,,2026-08-29T03:05:01.770Z
uwa-finance-009,Joey Yang,A5087345671,W4235688388,Effects of Information Processing Costs on Price Informativeness: Evidence from XBRL Mandate,2019,2019-01-01,10.2139/ssrn.3324198,https://doi.org/10.2139/ssrn.3324198,SSRN Electronic Journal,1556-5068,,1556-5068,[object Object]; [object Object]; [object Object],3,preprint,2,,,false,true,green,https://doi.org/10.2139/ssrn.3324198,"Financial Reporting and XBRL; Auditing, Earnings Management, Governance",2026-08-21T09:56:20.448147,2026-08-21T09:56:20.448147,openalex_orcid_only,official_orcid_to_openalex_author,high,false,false,,2026-08-29T03:05:01.770Z
uwa-finance-009,Joey Yang,A5087345671,W4318820815,The Cost of Corporate Social Irresponsibility for Acquirers,2022,2022-01-01,10.2139/ssrn.4289293,https://doi.org/10.2139/ssrn.4289293,SSRN Electronic Journal,1556-5068,,1556-5068,[object Object]; [object Object]; [object Object],3,preprint,2,,,false,true,green,https://doi.org/10.2139/ssrn.4289293,Business and Economic Development,2026-08-21T09:56:20.448147,2026-08-21T09:56:20.448147,openalex_orcid_only,official_orcid_to_openalex_author,high,false,false,,2026-08-29T03:05:01.770Z
uwa-finance-009,Joey Yang,A5087345671,W126963043,Does the Probability of Informed Trading Measure Informed Trading?,2015,2015-01-01,10.2139/ssrn.2561149,https://doi.org/10.2139/ssrn.2561149,SSRN Electronic Journal,1556-5068,,1556-5068,[object Object]; [object Object]; [object Object],3,preprint,1,,,false,true,green,https://doi.org/10.2139/ssrn.2561149,Financial Markets and Investment Strategies; Stock Market Forecasting Methods; Market Dynamics and Volatility,2026-07-14T23:27:15.235271,2026-07-14T23:27:15.235271,openalex_orcid_only,official_orcid_to_openalex_author,high,false,false,,2026-08-29T03:05:01.770Z
uwa-finance-009,Joey Yang,A5087345671,W2299560624,Fund Managers' Institutional Background and the Birth of Investment Management Companies,2006,2006-01-01,10.2139/ssrn.893481,https://doi.org/10.2139/ssrn.893481,SSRN Electronic Journal,1556-5068,,1556-5068,[object Object]; [object Object]; [object Object],3,preprint,1,,,false,true,green,https://doi.org/10.2139/ssrn.893481,Corporate Finance and Governance; Private Equity and Venture Capital; Firm Innovation and Growth,2026-08-21T09:56:20.448147,2026-08-21T09:56:20.448147,openalex_orcid_only,official_orcid_to_openalex_author,high,false,false,,2026-08-29T03:05:01.770Z
uwa-finance-009,Joey Yang,A5087345671,W3012477891,Institutional trading and ESG controversies,2019,2019-01-01,10.2139/ssrn.3485411,https://doi.org/10.2139/ssrn.3485411,SSRN Electronic Journal,1556-5068,,1556-5068,[object Object]; [object Object]; [object Object]; [object Object],4,preprint,1,,,false,true,green,https://doi.org/10.2139/ssrn.3485411,"Corporate Finance and Governance; Banking stability, regulation, efficiency; Securities Regulation and Market Practices",2026-08-21T09:56:20.448147,2026-08-21T09:56:20.448147,openalex_orcid_only,official_orcid_to_openalex_author,high,false,false,,2026-08-29T03:05:01.770Z
uwa-finance-009,Joey Yang,A5087345671,W3133576378,Insider Profitability and Public Information: Evidence From the XBRL Mandate,2019,2019-01-01,10.2139/ssrn.3455105,https://doi.org/10.2139/ssrn.3455105,SSRN Electronic Journal,1556-5068,,1556-5068,[object Object]; [object Object]; [object Object],3,preprint,1,,,false,true,green,https://doi.org/10.2139/ssrn.3455105,"Financial Reporting and XBRL; Auditing, Earnings Management, Governance; Corporate Finance and Governance",2026-08-04T08:18:43.703281,2026-08-04T08:18:43.703281,openalex_orcid_only,official_orcid_to_openalex_author,high,false,false,,2026-08-29T03:05:01.770Z
uwa-finance-009,Joey Yang,A5087345671,W323393813,Field Trials To Determine Which Rating Method(s) To Use in the 1998 NAEP Achievement Levels-Setting Process for Civics and Writing.,1999,1999-04-22,,https://files.eric.ed.gov/fulltext/ED431815.pdf,,,,,[object Object]; [object Object]; [object Object]; [object Object],4,article,1,1.6175,0.86163479,false,false,closed,,Education Systems and Policy; Diverse Educational Innovations Studies; Reading and Literacy Development,2026-06-11T09:08:48.828518,2026-06-11T09:08:48.828518,openalex_orcid_only,official_orcid_to_openalex_author,high,false,false,,2026-08-29T03:05:01.770Z
uwa-finance-009,Joey Yang,A5087345671,W4237826221,Algorithmic Trading and Mutual Fund Performance,2018,2018-01-01,10.2139/ssrn.3111598,https://doi.org/10.2139/ssrn.3111598,SSRN Electronic Journal,1556-5068,,1556-5068,[object Object]; [object Object]; [object Object],3,preprint,1,,,false,true,green,https://doi.org/10.2139/ssrn.3111598,Financial Markets and Investment Strategies; Complex Systems and Time Series Analysis; Stock Market Forecasting Methods,2026-07-28T07:46:37.118299,2026-07-28T07:46:37.118299,openalex_orcid_only,official_orcid_to_openalex_author,high,false,false,,2026-08-29T03:05:01.770Z
uwa-finance-009,Joey Yang,A5087345671,W831551891,The Demand for and Supply of Shares. An Empirical Study of the Limit Order Book on the ASX,1999,1999-01-01,,https://ecompapers.biz.uwa.edu.au/paper/PDF%20of%20Discussion%20Papers/1999/99-03.pdf,RePEc: Research Papers in Economics,,,,[object Object],1,preprint,1,,,false,false,closed,,Economic theories and models; Consumer Market Behavior and Pricing; Monetary Policy and Economic Impact,2026-08-11T07:18:39.950985,2026-08-11T07:18:39.950985,openalex_orcid_only,official_orcid_to_openalex_author,high,false,false,,2026-08-29T03:05:01.770Z
uwa-finance-009,Joey Yang,A5087345671,W121026693,Limit Order Trading and Information Asymmetry: Empirical Evidence About the Evolution of Liquidity on an Order Driven Market,2008,2008-01-01,10.2139/ssrn.1163290,https://doi.org/10.2139/ssrn.1163290,SSRN Electronic Journal,1556-5068,,1556-5068,[object Object]; [object Object],2,preprint,0,,,false,true,green,https://doi.org/10.2139/ssrn.1163290,Financial Markets and Investment Strategies; Stock Market Forecasting Methods; Complex Systems and Time Series Analysis,2026-08-21T09:56:20.448147,2026-08-21T09:56:20.448147,openalex_orcid_only,official_orcid_to_openalex_author,high,false,false,,2026-08-29T03:05:01.770Z
uwa-finance-009,Joey Yang,A5087345671,W2268837268,Media Sentiment and Trading Behaviour of Different Trader Types Around Earnings Announcements,2016,2016-01-01,10.2139/ssrn.2726032,https://doi.org/10.2139/ssrn.2726032,SSRN Electronic Journal,1556-5068,,1556-5068,[object Object]; [object Object]; [object Object],3,preprint,0,,,false,true,green,https://doi.org/10.2139/ssrn.2726032,"Financial Markets and Investment Strategies; Auditing, Earnings Management, Governance; Corporate Finance and Governance",2026-07-27T08:26:11.824852,2026-07-27T08:26:11.824852,openalex_orcid_only,official_orcid_to_openalex_author,high,false,false,,2026-08-29T03:05:01.770Z
uwa-finance-009,Joey Yang,A5087345671,W282590206,Estimating Cutpoints for the Achievement-Levels Setting Process for the National Assessment of Educational Progress.,2000,2000-04-01,,https://files.eric.ed.gov/fulltext/ED441841.pdf,,,,,[object Object]; [object Object],2,article,0,0,0.03893757,false,false,closed,,Psychometric Methodologies and Testing; School Choice and Performance; Advanced Statistical Modeling Techniques,2026-06-11T09:08:48.828518,2026-06-11T09:08:48.828518,openalex_orcid_only,official_orcid_to_openalex_author,high,false,false,,2026-08-29T03:05:01.770Z
uwa-finance-009,Joey Yang,A5087345671,W3119447153,OCVID-19 Lockdown and Market Reaction to Earnings News,2020,2020-01-01,10.2139/ssrn.3729031,https://doi.org/10.2139/ssrn.3729031,SSRN Electronic Journal,1556-5068,,1556-5068,[object Object]; [object Object]; [object Object],3,preprint,0,,,false,true,green,https://doi.org/10.2139/ssrn.3729031,COVID-19 Pandemic Impacts; Financial Markets and Investment Strategies; Corporate Social Responsibility Reporting,2026-07-14T23:27:15.235271,2026-07-14T23:27:15.235271,openalex_orcid_only,official_orcid_to_openalex_author,high,false,false,,2026-08-29T03:05:01.770Z
uwa-finance-009,Joey Yang,A5087345671,W3122272834,I Am a Blockchain Too: How Does the Market Respond to Companies’ Interest in Blockchain?,2019,2019-01-01,10.2139/ssrn.3319237,https://doi.org/10.2139/ssrn.3319237,SSRN Electronic Journal,1556-5068,,1556-5068,[object Object]; [object Object]; [object Object]; [object Object],4,preprint,0,,,false,true,green,https://doi.org/10.2139/ssrn.3319237,Blockchain Technology Applications and Security,2026-08-21T09:56:20.448147,2026-08-21T09:56:20.448147,openalex_orcid_only,official_orcid_to_openalex_author,high,false,false,,2026-08-29T03:05:01.770Z
uwa-finance-009,Joey Yang,A5087345671,W3135959405,Investor Characteristics and Trading Activity in Different Market Conditions,2018,2018-01-01,10.2139/ssrn.3108317,https://doi.org/10.2139/ssrn.3108317,SSRN Electronic Journal,1556-5068,,1556-5068,[object Object]; [object Object]; [object Object],3,preprint,0,,,false,true,green,https://doi.org/10.2139/ssrn.3108317,Financial Markets and Investment Strategies; Corporate Finance and Governance; Insurance and Financial Risk Management,2026-07-28T07:46:37.118299,2026-07-28T07:46:37.118299,openalex_orcid_only,official_orcid_to_openalex_author,high,false,false,,2026-08-29T03:05:01.770Z
uwa-finance-009,Joey Yang,A5087345671,W3169587698,Strategic trading by insiders in the presence of institutional investors,2021,2021-01-01,10.2139/ssrn.3822943,https://doi.org/10.2139/ssrn.3822943,SSRN Electronic Journal,1556-5068,,1556-5068,[object Object]; [object Object]; [object Object],3,preprint,0,,,false,true,green,https://doi.org/10.2139/ssrn.3822943,Financial Markets and Investment Strategies; Corporate Finance and Governance; Market Dynamics and Volatility,2026-08-21T09:56:20.448147,2026-08-21T09:56:20.448147,openalex_orcid_only,official_orcid_to_openalex_author,high,false,false,,2026-08-29T03:05:01.770Z
uwa-finance-009,Joey Yang,A5087345671,W3170805778,Sustainable Institutional Investment in the COVID-19 Pandemic,2021,2021-01-01,10.2139/ssrn.3856971,https://doi.org/10.2139/ssrn.3856971,SSRN Electronic Journal,1556-5068,,1556-5068,[object Object]; [object Object],2,preprint,0,,,false,true,green,https://doi.org/10.2139/ssrn.3856971,Financial Markets and Investment Strategies; Corporate Social Responsibility Reporting; COVID-19 Pandemic Impacts,2026-08-21T09:56:20.448147,2026-08-21T09:56:20.448147,openalex_orcid_only,official_orcid_to_openalex_author,high,false,false,,2026-08-29T03:05:01.770Z
uwa-finance-009,Joey Yang,A5087345671,W4387145333,ETF Max and Min Effects,2023,2023-01-01,10.2139/ssrn.4586235,https://doi.org/10.2139/ssrn.4586235,SSRN Electronic Journal,1556-5068,,1556-5068,[object Object]; [object Object]; [object Object],3,preprint,0,,,false,true,green,https://doi.org/10.2139/ssrn.4586235,Financial Markets and Investment Strategies; Complex Systems and Time Series Analysis; Stochastic processes and financial applications,2026-08-21T09:56:20.448147,2026-08-21T09:56:20.448147,openalex_orcid_only,official_orcid_to_openalex_author,high,false,false,,2026-08-29T03:05:01.770Z
uwa-finance-009,Joey Yang,A5087345671,W4387977867,Amalgamation of university education management and health education for students with bipolar disorder,2023,2023-10-01,10.1017/s1092852923004807,https://doi.org/10.1017/s1092852923004807,CNS Spectrums,1092-8529,2165-6509,1092-8529; 2165-6509,[object Object],1,conference-abstract,0,,,false,true,bronze,https://www.cambridge.org/core/services/aop-cambridge-core/content/view/440DFE86C06CD2CDDEC7B98BF17D24E3/S1092852923004807a.pdf/div-class-title-amalgamation-of-university-education-management-and-health-education-for-students-with-bipolar-disorder-div.pdf,Bipolar Disorder and Treatment; Social and Behavioral Studies; Mental Health Treatment and Access,2026-08-23T07:36:19.812096,2026-08-23T07:36:19.812096,openalex_orcid_only,official_orcid_to_openalex_author,high,false,false,,2026-08-29T03:05:01.770Z
uwa-finance-009,Joey Yang,A5087345671,W4400381244,Playing the Market: Lottery Stock and Bitcoin Comovement,2024,2024-01-01,10.2139/ssrn.4887286,https://doi.org/10.2139/ssrn.4887286,SSRN Electronic Journal,1556-5068,,1556-5068,[object Object]; [object Object],2,preprint,0,,,false,true,green,http://doi.org/10.2139/ssrn.4887286,Gambling Behavior and Treatments; Blockchain Technology Applications and Security; Financial Markets and Investment Strategies,2026-07-14T23:27:15.235271,2026-07-14T23:27:15.235271,openalex_orcid_only,official_orcid_to_openalex_author,high,false,false,,2026-08-29T03:05:01.770Z
uwa-finance-009,Joey Yang,A5087345671,W4411261736,Does Climate Change Attention Drive Corporate Climate Change Performance?,2025,2025-01-01,10.2139/ssrn.5294332,https://doi.org/10.2139/ssrn.5294332,SSRN Electronic Journal,1556-5068,,1556-5068,[object Object]; [object Object]; [object Object]; [object Object],4,preprint,0,,,false,true,green,https://doi.org/10.2139/ssrn.5294332,Climate Change Policy and Economics,2026-08-04T08:18:43.703281,2026-08-04T08:18:43.703281,openalex_orcid_only,official_orcid_to_openalex_author,high,false,false,,2026-08-29T03:05:01.770Z
uwa-finance-009,Joey Yang,A5087345671,W4416529274,Does the market value firms’engagement with the Science-Based Target Initiative?,2025,2025-01-01,10.2139/ssrn.5784605,https://doi.org/10.2139/ssrn.5784605,SSRN Electronic Journal,1556-5068,,1556-5068,[object Object]; [object Object]; [object Object],3,preprint,0,,,false,true,green,https://doi.org/10.2139/ssrn.5784605,"Corporate Social Responsibility Reporting; Sustainable Finance and Green Bonds; Auditing, Earnings Management, Governance",2026-08-04T08:18:43.703281,2026-08-04T08:18:43.703281,openalex_orcid_only,official_orcid_to_openalex_author,high,false,false,,2026-08-29T03:05:01.770Z
uwa-finance-009,Joey Yang,A5087345671,W610548043,ITS Delivery in Large Design-Build Transportation Projects,2011,2011-01-01,,https://trid.trb.org/view/1256234,18th ITS World CongressTransCoreITS AmericaERTICO - ITS EuropeITS Asia-Pacific,,,,[object Object]; [object Object]; [object Object],3,article,0,0,0.05353457,false,false,closed,,BIM and Construction Integration; Transportation Systems and Infrastructure; Construction Project Management and Performance,2026-06-11T09:08:48.828518,2026-06-11T09:08:48.828518,openalex_orcid_only,official_orcid_to_openalex_author,high,false,false,,2026-08-29T03:05:01.770Z
uwa-finance-009,Joey Yang,A5087345671,W7164148976,AI meets banks: the key to reducing risk,2026,2026-01-01,10.2139/ssrn.6914531,https://doi.org/10.2139/ssrn.6914531,SSRN Electronic Journal,1556-5068,,1556-5068,[object Object]; [object Object]; [object Object]; [object Object],4,preprint,0,,,false,true,green,https://doi.org/10.2139/ssrn.6914531,"FinTech, Crowdfunding, Digital Finance; Financial Distress and Bankruptcy Prediction; Banking stability, regulation, efficiency",2026-08-04T08:18:43.703281,2026-08-04T08:18:43.703281,openalex_orcid_only,official_orcid_to_openalex_author,high,false,false,,2026-08-29T03:05:01.770Z
uwa-finance-009,Joey Yang,A5087345671,W7166028002,Collectivist culture,2026,2026-06-26,10.17632/chw3drwrvv.1,https://doi.org/10.17632/chw3drwrvv.1,Mendeley Data,,,,[object Object]; [object Object]; [object Object]; [object Object],4,dataset,0,,,false,true,green,https://doi.org/10.17632/chw3drwrvv.1,,2026-07-01T06:00:48.157686,2026-07-01T06:00:48.157686,openalex_orcid_only,official_orcid_to_openalex_author,high,false,false,,2026-08-29T03:05:01.770Z
uwa-finance-009,Joey Yang,A5087345671,W7166080883,Collectivist culture,2026,2026-06-26,10.17632/chw3drwrvv,https://doi.org/10.17632/chw3drwrvv,Mendeley Data,,,,[object Object]; [object Object]; [object Object]; [object Object],4,dataset,0,,,false,true,green,https://doi.org/10.17632/chw3drwrvv,,2026-07-01T06:00:48.157686,2026-07-01T06:00:48.157686,openalex_orcid_only,official_orcid_to_openalex_author,high,false,false,,2026-08-29T03:05:01.770Z
uwa-finance-009,Joey Yang,A5087345671,W7196924929,EOFY loser returns in Australia: disentangling tax-loss selling from window dressing,2026,2026-01-01,10.2139/ssrn.7244130,https://doi.org/10.2139/ssrn.7244130,SSRN Electronic Journal,1556-5068,,1556-5068,[object Object]; [object Object]; [object Object]; [object Object],4,preprint,0,,,false,true,green,https://doi.org/10.2139/ssrn.7244130,"Financial Markets and Investment Strategies; Financial Literacy, Pension, Retirement Analysis; Housing Market and Economics",2026-08-08T01:25:22.217667,2026-08-08T01:25:22.217667,openalex_orcid_only,official_orcid_to_openalex_author,high,false,false,,2026-08-29T03:05:01.770Z
uwa-finance-009,Joey Yang,A5087345671,W89223233,Validity Issues in Cross-national Relational Analyses: A Meta-Analytic Approach to Perceived Gender Differences on Mathematics Learning.,1997,1997-03-01,,https://files.eric.ed.gov/fulltext/ED409331.pdf,,,,,[object Object],1,article,0,0,0.0197277,false,false,closed,,Educational and Psychological Assessments,2025-11-06T04:12:42.849631,2025-11-06T04:12:42.849631,openalex_orcid_only,official_orcid_to_openalex_author,high,false,false,,2026-08-29T03:05:01.770Z
uwa-finance-010,Kam Chan,A5025214796,W3122088319,A Hedging Strategy for New Zealand’s Exporters in Transaction Exposure to Currency Risk,2003,2003-06-01,10.17578/7-1/2-2,https://doi.org/10.17578/7-1/2-2,Multinational Finance Journal,1096-1879,,1096-1879,[object Object]; [object Object]; [object Object],3,article,14,1.2099,0.90082335,false,false,closed,,Risk Management in Financial Firms; Market Dynamics and Volatility; Financial Risk and Volatility Modeling,2026-08-21T09:56:20.448147,2026-08-21T09:56:20.448147,openalex_orcid_only,official_orcid_to_openalex_author,high,false,false,,2026-08-29T03:05:01.770Z
uwa-finance-010,Kam Chan,A5025214796,W3125692501,"Asset market linkages: Evidence from financial, commodity and real estate assets",2011,2011-06-01,,https://research-repository.uwa.edu.au/en/publications/733eca6f-851d-4ffc-aa6d-ac3883e78f29,UWA Profiles and Research Repository (University of Western Australia),,,,[object Object]; [object Object]; [object Object]; [object Object],4,article,10,10.7875,0.97951805,false,false,closed,,Market Dynamics and Volatility; Complex Systems and Time Series Analysis,2026-06-11T09:08:48.828518,2026-06-11T09:08:48.828518,openalex_orcid_only,official_orcid_to_openalex_author,high,false,false,,2026-08-29T03:05:01.770Z
uwa-finance-010,Kam Chan,A5025214796,W1593714420,A Hedging Strategy for New Zealand's Exporters in Transaction Exposure to Currency Risk,2015,2015-07-07,10.17578/7-1/2-2,https://doi.org/10.17578/7-1/2-2,RePEc: Research Papers in Economics,,,,[object Object]; [object Object]; [object Object],3,article,1,0,0.06179677,false,true,green,http://www.mfsociety.org/modules/modDashboard/uploadFiles/journals/MJ~702~p16tfm3vg1gugfo713oart5rhi4.pdf,Risk Management in Financial Firms; Market Dynamics and Volatility; Financial Risk and Volatility Modeling,2026-08-21T09:56:20.448147,2026-08-21T09:56:20.448147,openalex_orcid_only,official_orcid_to_openalex_author,high,false,false,,2026-08-29T03:05:01.770Z
uwa-finance-010,Kam Chan,A5025214796,W3138171893,COVID-19 Vaccines: Saving Lives and the Global Stock Markets,2021,2021-01-01,10.2139/ssrn.3785533,https://doi.org/10.2139/ssrn.3785533,SSRN Electronic Journal,1556-5068,,1556-5068,[object Object]; [object Object]; [object Object]; [object Object],4,preprint,23,,,false,true,green,https://doi.org/10.2139/ssrn.3785533,Financial Markets and Investment Strategies; Corporate Finance and Governance; COVID-19 Pandemic Impacts,2026-07-28T07:46:37.118299,2026-07-28T07:46:37.118299,openalex_orcid_only,official_orcid_to_openalex_author,high,false,false,,2026-08-29T03:05:01.770Z
uwa-finance-010,Kam Chan,A5025214796,W4226329664,Climate policy uncertainty and the cross-section of stock returns,2022,2022-01-01,10.2139/ssrn.4075528,https://doi.org/10.2139/ssrn.4075528,SSRN Electronic Journal,1556-5068,,1556-5068,[object Object]; [object Object],2,preprint,12,,,false,true,green,https://doi.org/10.2139/ssrn.4075528,"Market Dynamics and Volatility; Climate Change Policy and Economics; Energy, Environment, Economic Growth",2026-08-12T21:12:35.861297,2026-08-12T21:12:35.861297,openalex_orcid_only,official_orcid_to_openalex_author,high,false,false,,2026-08-29T03:05:01.770Z
uwa-finance-010,Kam Chan,A5025214796,W108914086,Contagion in the World Equity Markets and the Asian Economic Crisis,2007,2007-01-01,10.2139/ssrn.965316,https://doi.org/10.2139/ssrn.965316,SSRN Electronic Journal,1556-5068,,1556-5068,[object Object]; [object Object]; [object Object],3,preprint,7,,,false,true,green,https://doi.org/10.2139/ssrn.965316,Global Financial Crisis and Policies; Market Dynamics and Volatility; Financial Risk and Volatility Modeling,2026-08-21T09:56:20.448147,2026-08-21T09:56:20.448147,openalex_orcid_only,official_orcid_to_openalex_author,high,false,false,,2026-08-29T03:05:01.770Z
uwa-finance-010,Kam Chan,A5025214796,W3122118996,Using Extreme Value Theory to Measure Value-at-Risk for Daily Electricity Spot Prices,2009,2009-08-13,,https://papers.ssrn.com/sol3/papers.cfm?abstract_id=1448565,SSRN Electronic Journal,1556-5068,,1556-5068,[object Object]; [object Object],2,preprint,6,,,false,true,green,https://papers.ssrn.com/sol3/papers.cfm?abstract_id=1448565,Market Dynamics and Volatility; Energy Load and Power Forecasting; Electric Power System Optimization,2026-07-14T23:32:53.992493,2026-07-14T23:32:53.992493,openalex_orcid_only,official_orcid_to_openalex_author,high,false,false,,2026-08-29T03:05:01.770Z
uwa-finance-010,Kam Chan,A5025214796,W2922512298,Market Response of US Equities to Domestic Natural Disasters: Industry-Based Evidence,2018,2018-01-01,10.2139/ssrn.3239224,https://doi.org/10.2139/ssrn.3239224,SSRN Electronic Journal,1556-5068,,1556-5068,[object Object]; [object Object]; [object Object],3,preprint,3,,,false,true,green,https://doi.org/10.2139/ssrn.3239224,Agricultural risk and resilience; Insurance and Financial Risk Management; Disaster Management and Resilience,2026-08-04T08:18:43.703281,2026-08-04T08:18:43.703281,openalex_orcid_only,official_orcid_to_openalex_author,high,false,false,,2026-08-29T03:05:01.770Z
uwa-finance-010,Kam Chan,A5025214796,W3123549070,A New Approach to Characterizing and Forecasting Electricity Price Volatility,2009,2009-08-07,,https://papers.ssrn.com/sol3/papers.cfm?abstract_id=1445233,SSRN Electronic Journal,1556-5068,,1556-5068,[object Object]; [object Object]; [object Object],3,preprint,2,,,false,true,green,https://papers.ssrn.com/sol3/papers.cfm?abstract_id=1445233,Energy Load and Power Forecasting; Market Dynamics and Volatility; Electric Power System Optimization,2026-07-14T23:32:53.992493,2026-07-14T23:32:53.992493,openalex_orcid_only,official_orcid_to_openalex_author,high,false,false,,2026-08-29T03:05:01.770Z
uwa-finance-010,Kam Chan,A5025214796,W2577638571,"The Presidential Puzzle: Democrats, Macroeconomic News and Equity and Bond Premiums on Announcement Days",2016,2016-01-01,10.2139/ssrn.2851670,https://doi.org/10.2139/ssrn.2851670,SSRN Electronic Journal,1556-5068,,1556-5068,[object Object]; [object Object],2,preprint,1,,,false,true,green,https://doi.org/10.2139/ssrn.2851670,Financial Markets and Investment Strategies; Monetary Policy and Economic Impact; Fiscal Policies and Political Economy,2026-08-04T08:18:43.703281,2026-08-04T08:18:43.703281,openalex_orcid_only,official_orcid_to_openalex_author,high,false,false,,2026-08-29T03:05:01.770Z
uwa-finance-010,Kam Chan,A5025214796,W2581500709,"No Matter the Winning Presidential Candidate, Buying at Halloween and Selling in Mayy Has Been Attractive for Equities in Pre-Election Years, with the Opposite for Treasuries",2017,2017-01-01,10.2139/ssrn.2903067,https://doi.org/10.2139/ssrn.2903067,SSRN Electronic Journal,1556-5068,,1556-5068,[object Object]; [object Object],2,preprint,1,,,false,true,green,https://doi.org/10.2139/ssrn.2903067,"Fiscal Policies and Political Economy; Monetary Policy and Economic Impact; Financial Literacy, Pension, Retirement Analysis",2026-08-21T09:56:20.448147,2026-08-21T09:56:20.448147,openalex_orcid_only,official_orcid_to_openalex_author,high,false,false,,2026-08-29T03:05:01.770Z
uwa-finance-010,Kam Chan,A5025214796,W3130878132,Firm-Level Information Ambiguity and the Earnings Announcement Premium,2018,2018-01-01,10.2139/ssrn.3221030,https://doi.org/10.2139/ssrn.3221030,SSRN Electronic Journal,1556-5068,,1556-5068,[object Object]; [object Object]; [object Object],3,preprint,1,,,false,true,green,https://doi.org/10.2139/ssrn.3221030,"Auditing, Earnings Management, Governance; Financial Markets and Investment Strategies; Corporate Finance and Governance",2026-08-04T08:18:43.703281,2026-08-04T08:18:43.703281,openalex_orcid_only,official_orcid_to_openalex_author,high,false,false,,2026-08-29T03:05:01.770Z
uwa-finance-010,Kam Chan,A5025214796,W4399341464,"U.S. Presidential News Coverage: Risk, Uncertainty and Equities",2024,2024-01-01,10.2139/ssrn.4850722,https://doi.org/10.2139/ssrn.4850722,SSRN Electronic Journal,1556-5068,,1556-5068,[object Object]; [object Object],2,preprint,1,,,false,true,green,https://doi.org/10.2139/ssrn.4850722,Market Dynamics and Volatility; Financial Markets and Investment Strategies; Fiscal Policies and Political Economy,2026-08-21T09:56:20.448147,2026-08-21T09:56:20.448147,openalex_orcid_only,official_orcid_to_openalex_author,high,false,false,,2026-08-29T03:05:01.770Z
uwa-finance-010,Kam Chan,A5025214796,W1623661612,The optimal derivative instrument for a New Zealand exporter in hedging transaction exposure to currency risk : the hedging effectiveness approach,2001,2001-01-01,,https://hdl.handle.net/10182/2149,Lincoln University Research Archive (Lincoln University),,,,[object Object],1,dissertation,0,,,false,false,closed,,Risk Management in Financial Firms,2026-08-08T01:25:22.217667,2026-08-08T01:25:22.217667,openalex_orcid_only,official_orcid_to_openalex_author,high,false,false,,2026-08-29T03:05:01.770Z
uwa-finance-010,Kam Chan,A5025214796,W3013300716,Price reactions of U.S. equities to natural disasters: industry-based evidence,2019,2019-01-01,,https://openalex.org/W3013300716,Queensland's institutional digital repository (The University of Queensland),,,,[object Object]; [object Object]; [object Object],3,conference-paper,0,0,0.2856057,false,false,closed,,Insurance and Financial Risk Management; Agricultural risk and resilience; Disaster Management and Resilience,2026-07-29T14:22:42.915294,2026-07-29T14:22:42.915294,openalex_orcid_only,official_orcid_to_openalex_author,high,false,false,,2026-08-29T03:05:01.770Z
uwa-finance-010,Kam Chan,A5025214796,W3013658332,"Natural disaster risk, and price returns and volatilities of financial assets",2017,2017-01-01,,https://openalex.org/W3013658332,Queensland's institutional digital repository (The University of Queensland),,,,[object Object]; [object Object]; [object Object],3,conference-paper,0,0,0.34877054,false,false,closed,,Insurance and Financial Risk Management; Financial Markets and Investment Strategies,2026-07-29T14:22:42.915294,2026-07-29T14:22:42.915294,openalex_orcid_only,official_orcid_to_openalex_author,high,false,false,,2026-08-29T03:05:01.770Z
uwa-finance-010,Kam Chan,A5025214796,W3103899660,Asset Pricing on Earnings Announcement Days,2020,2020-01-01,10.2139/ssrn.3535598,https://doi.org/10.2139/ssrn.3535598,SSRN Electronic Journal,1556-5068,,1556-5068,[object Object]; [object Object],2,preprint,0,,,false,true,green,https://doi.org/10.2139/ssrn.3535598,"Financial Markets and Investment Strategies; Auditing, Earnings Management, Governance; Financial Reporting and Valuation Research",2026-08-21T09:56:20.448147,2026-08-21T09:56:20.448147,openalex_orcid_only,official_orcid_to_openalex_author,high,false,false,,2026-08-29T03:05:01.770Z
uwa-finance-010,Kam Chan,A5025214796,W3121404330,Do Scheduled Macroeconomic Announcements Influence Energy Price Jumps,2016,2016-10-12,,https://papers.ssrn.com/sol3/papers.cfm?abstract_id=2851627,SSRN Electronic Journal,1556-5068,,1556-5068,[object Object]; [object Object],2,preprint,0,,,false,true,green,https://papers.ssrn.com/sol3/papers.cfm?abstract_id=2851627,"Market Dynamics and Volatility; Energy, Environment, Economic Growth; Global Energy and Sustainability Research",2026-07-14T23:32:53.992493,2026-07-14T23:32:53.992493,openalex_orcid_only,official_orcid_to_openalex_author,high,false,false,,2026-08-29T03:05:01.770Z
uwa-finance-010,Kam Chan,A5025214796,W3122053725,"Diversification, rationality and the Asian economic crisis",2010,2010-01-01,,https://research-repository.uwa.edu.au/en/publications/6c74c7fb-59e2-4e48-b0f8-0d677a5d5830,UWA Profiles and Research Repository (University of Western Australia),,,,[object Object]; [object Object]; [object Object],3,article,0,0,0.48503741,false,false,closed,,Global Financial Crisis and Policies; Market Dynamics and Volatility; Financial Risk and Volatility Modeling,2026-06-11T09:08:48.828518,2026-06-11T09:08:48.828518,openalex_orcid_only,official_orcid_to_openalex_author,high,false,false,,2026-08-29T03:05:01.770Z
uwa-finance-010,Kam Chan,A5025214796,W3122779205,A New Government Bond Volatility Index Predictor for the U.S. Equity Premium,2017,2017-04-28,,https://papers.ssrn.com/sol3/Delivery.cfm?abstractid=2960118,SSRN Electronic Journal,1556-5068,,1556-5068,[object Object]; [object Object],2,preprint,0,,,false,true,green,https://papers.ssrn.com/sol3/Delivery.cfm?abstractid=2960118,Stochastic processes and financial applications; Financial Markets and Investment Strategies; Monetary Policy and Economic Impact,2026-07-14T23:32:53.992493,2026-07-14T23:32:53.992493,openalex_orcid_only,official_orcid_to_openalex_author,high,false,false,,2026-08-29T03:05:01.770Z
uwa-finance-010,Kam Chan,A5025214796,W3122928627,"Systematic Cojumps, Market Component Portfolios and Scheduled Macroeconomic Announcements",2017,2017-04-26,,https://research-repository.uwa.edu.au/en/publications/7794ffc5-2b9d-4931-869c-449a5a623611,UWA Profiles and Research Repository (University of Western Australia),,,,[object Object]; [object Object]; [object Object],3,report,0,,,false,false,closed,,Financial Markets and Investment Strategies; Monetary Policy and Economic Impact; Market Dynamics and Volatility,2026-08-25T07:29:55.448023,2026-08-25T07:29:55.448023,openalex_orcid_only,official_orcid_to_openalex_author,high,false,false,,2026-08-29T03:05:01.770Z
uwa-finance-010,Kam Chan,A5025214796,W3122966842,Volatility Jumps and Macroeconomic News Announcements,2018,2018-04-01,,https://papers.ssrn.com/sol3/papers.cfm?abstract_id=3170226,SSRN Electronic Journal,1556-5068,,1556-5068,[object Object]; [object Object],2,preprint,0,,,false,true,green,https://papers.ssrn.com/sol3/papers.cfm?abstract_id=3170226,Market Dynamics and Volatility; Monetary Policy and Economic Impact; Financial Markets and Investment Strategies,2026-07-14T23:32:53.992493,2026-07-14T23:32:53.992493,openalex_orcid_only,official_orcid_to_openalex_author,high,false,false,,2026-08-29T03:05:01.770Z
uwa-finance-010,Kam Chan,A5025214796,W3125538432,Cross-Border Scheduled Macroeconomic News Impacts: Evidence from High-Frequency Asia Pacific Currencies,2017,2017-04-28,,https://papers.ssrn.com/sol3/papers.cfm?abstract_id=2960091,SSRN Electronic Journal,1556-5068,,1556-5068,[object Object]; [object Object]; [object Object],3,preprint,0,,,false,true,green,https://papers.ssrn.com/sol3/papers.cfm?abstract_id=2960091,Market Dynamics and Volatility; Monetary Policy and Economic Impact; Global Financial Crisis and Policies,2026-07-14T23:32:53.992493,2026-07-14T23:32:53.992493,openalex_orcid_only,official_orcid_to_openalex_author,high,false,false,,2026-08-29T03:05:01.770Z
uwa-finance-010,Kam Chan,A5025214796,W3139859956,The Information Content of Option-Implied Tail Risk on Post-Earnings Abnormal Stock Returns,2018,2018-01-01,10.2139/ssrn.3221043,https://doi.org/10.2139/ssrn.3221043,SSRN Electronic Journal,1556-5068,,1556-5068,[object Object]; [object Object]; [object Object],3,preprint,0,,,false,true,green,https://doi.org/10.2139/ssrn.3221043,Financial Markets and Investment Strategies; Stock Market Forecasting Methods; Market Dynamics and Volatility,2026-08-21T09:56:20.448147,2026-08-21T09:56:20.448147,openalex_orcid_only,official_orcid_to_openalex_author,high,false,false,,2026-08-29T03:05:01.770Z
uwa-finance-010,Kam Chan,A5025214796,W4244709568,Industry Portfolio Return Predictability: New Evidence Using Equity and Bond Variance Risk Premiums,2014,2014-01-01,10.2139/ssrn.2381446,https://doi.org/10.2139/ssrn.2381446,SSRN Electronic Journal,1556-5068,,1556-5068,[object Object],1,preprint,0,,,false,true,green,https://doi.org/10.2139/ssrn.2381446,Financial Markets and Investment Strategies; Financial Reporting and Valuation Research; Stochastic processes and financial applications,2026-08-04T08:18:43.703281,2026-08-04T08:18:43.703281,openalex_orcid_only,official_orcid_to_openalex_author,high,false,false,,2026-08-29T03:05:01.770Z
uwa-finance-010,Kam Chan,A5025214796,W4398768447,Sexual Orientation Equality and Corporate Default Risk,2024,2024-01-01,10.2139/ssrn.4840862,https://doi.org/10.2139/ssrn.4840862,SSRN Electronic Journal,1556-5068,,1556-5068,[object Object]; [object Object]; [object Object],3,preprint,0,,,false,true,green,https://doi.org/10.2139/ssrn.4840862,Corporate Finance and Governance,2026-08-04T08:18:43.703281,2026-08-04T08:18:43.703281,openalex_orcid_only,official_orcid_to_openalex_author,high,false,false,,2026-08-29T03:05:01.770Z
uwa-finance-010,Kam Chan,A5025214796,W624673597,Modelling electricity prices in the presence of extreme jumps,2006,2006-01-01,,https://openalex.org/W624673597,Queensland's institutional digital repository (The University of Queensland),,,,[object Object]; [object Object],2,article,0,0,0.01962403,false,false,closed,,Electric Power System Optimization; Energy Load and Power Forecasting,2026-06-11T09:08:48.828518,2026-06-11T09:08:48.828518,openalex_orcid_only,official_orcid_to_openalex_author,high,false,false,,2026-08-29T03:05:01.770Z
uwa-finance-010,Kam Chan,A5025214796,W7164336625,"Family Control and Ownership, Corporate Culture and ESG Performance in Thailand",2026,2026-01-01,10.2139/ssrn.6909558,https://doi.org/10.2139/ssrn.6909558,SSRN Electronic Journal,1556-5068,,1556-5068,[object Object]; [object Object]; [object Object],3,preprint,0,,,false,true,green,https://doi.org/10.2139/ssrn.6909558,Family Business Performance and Succession; Corporate Finance and Governance; Corporate Social Responsibility Reporting,2026-08-21T09:56:20.448147,2026-08-21T09:56:20.448147,openalex_orcid_only,official_orcid_to_openalex_author,high,false,false,,2026-08-29T03:05:01.770Z
uwa-finance-010,Kam Chan,A5025214796,W96597620,Modelling short-term interest rates and electricity spot prices,2006,2006-01-01,10.14264/107428,https://doi.org/10.14264/107428,The University of Queensland,,,,[object Object],1,dissertation,0,,,false,false,closed,,Stochastic processes and financial applications,2026-08-21T09:56:20.448147,2026-08-21T09:56:20.448147,openalex_orcid_only,official_orcid_to_openalex_author,high,false,false,,2026-08-29T03:05:01.770Z
uwa-finance-012,Lai Hoang,A5056331997,W7154474648,Time-of-day effects in the Bitcoin options market,2026,2026-04-15,10.1016/j.frl.2026.110008,https://doi.org/10.1016/j.frl.2026.110008,Finance research letters,1544-6123,1544-6131,1544-6123; 1544-6131,[object Object]; [object Object],2,article,1,19.2103,0.98614221,false,true,hybrid,https://doi.org/10.1016/j.frl.2026.110008,Blockchain Technology Applications and Security; Digital Platforms and Economics; Stochastic processes and financial applications,2026-08-21T09:56:20.448147,2026-08-21T09:56:20.448147,openalex_orcid_only,official_orcid_to_openalex_author,high,false,false,,2026-08-29T03:05:01.770Z
uwa-finance-012,Lai Hoang,A5056331997,W3084339041,Nominal Price Anomaly in Emerging Markets: Risk or Mispricing?,2020,2020-09-08,10.13106/jafeb.2020.vol7.no9.125,https://doi.org/10.13106/jafeb.2020.vol7.no9.125,Journal of Asian Finance Economics and Business,2288-4637,2288-4645,2288-4637; 2288-4645,[object Object]; [object Object]; [object Object],3,article,5,0.7385,0.84097799,false,true,gold,http://koreascience.or.kr:80/article/JAKO202026061031228.pdf,Market Dynamics and Volatility; Economic theories and models; Monetary Policy and Economic Impact,2026-08-06T08:24:18.245995,2026-08-06T08:24:18.245995,openalex_orcid_only,official_orcid_to_openalex_author,high,false,false,,2026-08-29T03:05:01.770Z
uwa-finance-012,Lai Hoang,A5056331997,W3137413556,How Stable Are Stablecoins?,2020,2020-01-01,10.2139/ssrn.3519225,https://doi.org/10.2139/ssrn.3519225,SSRN Electronic Journal,1556-5068,,1556-5068,[object Object]; [object Object],2,preprint,40,,,false,true,green,https://doi.org/10.2139/ssrn.3519225,"Effects of Vibration on Health; Balance, Gait, and Falls Prevention",2026-08-21T09:56:20.448147,2026-08-21T09:56:20.448147,openalex_orcid_only,official_orcid_to_openalex_author,high,false,false,,2026-08-29T03:05:01.770Z
uwa-finance-012,Lai Hoang,A5056331997,W3122081430,A Crypto Safe Haven Against Bitcoin,2019,2019-01-01,10.2139/ssrn.3457688,https://doi.org/10.2139/ssrn.3457688,SSRN Electronic Journal,1556-5068,,1556-5068,[object Object]; [object Object],2,preprint,21,,,false,true,green,https://doi.org/10.2139/ssrn.3457688,Blockchain Technology Applications and Security; Currency Recognition and Detection; Market Dynamics and Volatility,2026-07-28T07:46:37.118299,2026-07-28T07:46:37.118299,openalex_orcid_only,official_orcid_to_openalex_author,high,false,false,,2026-08-29T03:05:01.770Z
uwa-finance-012,Lai Hoang,A5056331997,W3129609520,Cryptocurrencies are Not Immune to Coronavirus: Evidence from Investor Fear,2021,2021-01-01,10.2139/ssrn.3778988,https://doi.org/10.2139/ssrn.3778988,SSRN Electronic Journal,1556-5068,,1556-5068,[object Object]; [object Object],2,preprint,7,,,false,true,green,https://doi.org/10.2139/ssrn.3778988,COVID-19 Pandemic Impacts; Blockchain Technology Applications and Security; Digital Marketing and Social Media,2026-08-21T09:56:20.448147,2026-08-21T09:56:20.448147,openalex_orcid_only,official_orcid_to_openalex_author,high,false,false,,2026-08-29T03:05:01.770Z
uwa-finance-012,Lai Hoang,A5056331997,W3204330440,Is Bitcoin a Hedge? How Extreme Volatility Can Destroy the Hedge Property,2021,2021-01-01,10.2139/ssrn.3925888,https://doi.org/10.2139/ssrn.3925888,SSRN Electronic Journal,1556-5068,,1556-5068,[object Object]; [object Object]; [object Object],3,preprint,4,,,false,true,green,https://doi.org/10.2139/ssrn.3925888,Blockchain Technology Applications and Security; Market Dynamics and Volatility; Complex Systems and Time Series Analysis,2026-08-04T08:18:43.703281,2026-08-04T08:18:43.703281,openalex_orcid_only,official_orcid_to_openalex_author,high,false,false,,2026-08-29T03:05:01.770Z
uwa-finance-012,Lai Hoang,A5056331997,W4205155414,The Importance of Spillovers,2021,2021-01-01,10.2139/ssrn.3973795,https://doi.org/10.2139/ssrn.3973795,SSRN Electronic Journal,1556-5068,,1556-5068,[object Object]; [object Object],2,preprint,4,,,false,true,green,https://doi.org/10.2139/ssrn.3973795,Market Dynamics and Volatility; Financial Risk and Volatility Modeling; Monetary Policy and Economic Impact,2026-08-04T08:18:43.703281,2026-08-04T08:18:43.703281,openalex_orcid_only,official_orcid_to_openalex_author,high,false,false,,2026-08-29T03:05:01.770Z
uwa-finance-012,Lai Hoang,A5056331997,W3213415311,"Loaded for Bear: Bitcoin Private Wallets, Exchange Reserves and Prices",2021,2021-01-01,10.2139/ssrn.3902504,https://doi.org/10.2139/ssrn.3902504,SSRN Electronic Journal,1556-5068,,1556-5068,[object Object]; [object Object],2,preprint,3,,,false,true,green,https://doi.org/10.2139/ssrn.3902504,Financial Markets and Investment Strategies; Market Dynamics and Volatility; Complex Systems and Time Series Analysis,2026-08-21T09:56:20.448147,2026-08-21T09:56:20.448147,openalex_orcid_only,official_orcid_to_openalex_author,high,false,false,,2026-08-29T03:05:01.770Z
uwa-finance-012,Lai Hoang,A5056331997,W4226023780,The Anatomy of Cryptocurrency Connectedness,2022,2022-01-01,10.2139/ssrn.4001429,https://doi.org/10.2139/ssrn.4001429,SSRN Electronic Journal,1556-5068,,1556-5068,[object Object]; [object Object],2,preprint,3,,,false,true,green,https://doi.org/10.2139/ssrn.4001429,Market Dynamics and Volatility; Financial Risk and Volatility Modeling; Complex Systems and Time Series Analysis,2026-08-21T09:56:20.448147,2026-08-21T09:56:20.448147,openalex_orcid_only,official_orcid_to_openalex_author,high,false,false,,2026-08-29T03:05:01.770Z
uwa-finance-012,Lai Hoang,A5056331997,W3151960785,Board Composition and Bank Risk Taking: Empirical Evidence from the Vietnamese Banking Sector,2018,2018-01-01,10.2139/ssrn.3147073,https://doi.org/10.2139/ssrn.3147073,SSRN Electronic Journal,1556-5068,,1556-5068,[object Object]; [object Object],2,preprint,2,,,false,true,green,https://doi.org/10.2139/ssrn.3147073,"Islamic Finance and Banking Studies; Banking stability, regulation, efficiency; Insurance and Financial Risk Management",2026-08-04T08:18:43.703281,2026-08-04T08:18:43.703281,openalex_orcid_only,official_orcid_to_openalex_author,high,false,false,,2026-08-29T03:05:01.770Z
uwa-finance-012,Lai Hoang,A5056331997,W3201305452,Nominal Price Anomaly: Does It Exist in the Vietnamese Stock Market?,2018,2018-01-01,10.2139/ssrn.3243900,https://doi.org/10.2139/ssrn.3243900,SSRN Electronic Journal,1556-5068,,1556-5068,[object Object],1,preprint,2,,,false,true,green,https://doi.org/10.2139/ssrn.3243900,Financial Markets and Investment Strategies; Stock Market Forecasting Methods; Market Dynamics and Volatility,2026-08-04T08:18:43.703281,2026-08-04T08:18:43.703281,openalex_orcid_only,official_orcid_to_openalex_author,high,false,false,,2026-08-29T03:05:01.770Z
uwa-finance-012,Lai Hoang,A5056331997,W4225775493,Institutional Trading Around Firms’ Negative ESG Incidents,2022,2022-01-01,10.2139/ssrn.4059541,https://doi.org/10.2139/ssrn.4059541,SSRN Electronic Journal,1556-5068,,1556-5068,[object Object]; [object Object]; [object Object]; [object Object],4,preprint,2,,,false,true,green,https://doi.org/10.2139/ssrn.4059541,Corporate Finance and Governance; Market Dynamics and Volatility; Corporate Social Responsibility Reporting,2026-08-21T09:56:20.448147,2026-08-21T09:56:20.448147,openalex_orcid_only,official_orcid_to_openalex_author,high,false,false,,2026-08-29T03:05:01.770Z
uwa-finance-012,Lai Hoang,A5056331997,W2517577407,Does Ownership Structure Affect Firm Performance? Evidence from Vietnamese Stock Market,2016,2016-01-01,10.2139/ssrn.2823360,https://doi.org/10.2139/ssrn.2823360,SSRN Electronic Journal,1556-5068,,1556-5068,[object Object]; [object Object],2,preprint,1,,,false,true,green,https://doi.org/10.2139/ssrn.2823360,Corporate Finance and Governance; Working Capital and Financial Performance; Islamic Finance and Banking Studies,2026-08-04T08:18:43.703281,2026-08-04T08:18:43.703281,openalex_orcid_only,official_orcid_to_openalex_author,high,false,false,,2026-08-29T03:05:01.770Z
uwa-finance-012,Lai Hoang,A5056331997,W3012477891,Institutional trading and ESG controversies,2019,2019-01-01,10.2139/ssrn.3485411,https://doi.org/10.2139/ssrn.3485411,SSRN Electronic Journal,1556-5068,,1556-5068,[object Object]; [object Object]; [object Object]; [object Object],4,preprint,1,,,false,true,green,https://doi.org/10.2139/ssrn.3485411,"Corporate Finance and Governance; Banking stability, regulation, efficiency; Securities Regulation and Market Practices",2026-08-21T09:56:20.448147,2026-08-21T09:56:20.448147,openalex_orcid_only,official_orcid_to_openalex_author,high,false,false,,2026-08-29T03:05:01.770Z
uwa-finance-012,Lai Hoang,A5056331997,W3186278330,Deribit's Options Data,2020,2020-01-01,10.26182/5eabbcb4fbf28,https://doi.org/10.26182/5eabbcb4fbf28,UWA Profiles and Research Repository (University of Western Australia),,,,[object Object]; [object Object],2,dataset,1,,,false,true,green,https://admin.research-repository.uwa.edu.au/en/datasets/ffba26bd-8dc2-47e8-b963-37a4bc455e03,Economic theories and models,2026-08-14T07:06:38.338062,2026-08-14T07:06:38.338062,openalex_orcid_only,official_orcid_to_openalex_author,high,false,false,,2026-08-29T03:05:01.770Z
uwa-finance-012,Lai Hoang,A5056331997,W3196199842,Gold and Institutional Investor Portfolios,2021,2021-01-01,10.2139/ssrn.3905635,https://doi.org/10.2139/ssrn.3905635,SSRN Electronic Journal,1556-5068,,1556-5068,[object Object]; [object Object]; [object Object],3,preprint,1,,,false,true,green,https://doi.org/10.2139/ssrn.3905635,Market Dynamics and Volatility,2026-08-21T09:56:20.448147,2026-08-21T09:56:20.448147,openalex_orcid_only,official_orcid_to_openalex_author,high,false,false,,2026-08-29T03:05:01.770Z
uwa-finance-012,Lai Hoang,A5056331997,W4406892741,Is Gold a High-Quality Liquid Asset?,2025,2025-01-01,10.2139/ssrn.5064967,https://doi.org/10.2139/ssrn.5064967,SSRN Electronic Journal,1556-5068,,1556-5068,[object Object]; [object Object],2,preprint,1,,,false,true,green,https://doi.org/10.2139/ssrn.5064967,Extraction and Separation Processes,2026-08-04T08:18:43.703281,2026-08-04T08:18:43.703281,openalex_orcid_only,official_orcid_to_openalex_author,high,false,false,,2026-08-29T03:05:01.770Z
uwa-finance-012,Lai Hoang,A5056331997,W3124070658,Forecasting Bitcoin Volatility: Evidence from the Options Market,2020,2020-01-01,10.2139/ssrn.3554542,https://doi.org/10.2139/ssrn.3554542,SSRN Electronic Journal,1556-5068,,1556-5068,[object Object]; [object Object],2,preprint,0,,,false,true,green,https://doi.org/10.2139/ssrn.3554542,Market Dynamics and Volatility; Financial Risk and Volatility Modeling; Complex Systems and Time Series Analysis,2026-08-04T08:18:43.703281,2026-08-04T08:18:43.703281,openalex_orcid_only,official_orcid_to_openalex_author,high,false,false,,2026-08-29T03:05:01.770Z
uwa-finance-012,Lai Hoang,A5056331997,W3159412106,"Search Intensity, Liquidity and Returns in a Transitional Market of Vietnam",2019,2019-01-19,,https://openalex.org/W3159412106,,,,,[object Object]; [object Object]; [object Object]; [object Object],4,article,0,0,0.30929201,false,false,closed,,COVID-19 Pandemic Impacts; Financial Markets and Investment Strategies; Economic Growth and Development,2026-06-11T09:08:48.828518,2026-06-11T09:08:48.828518,openalex_orcid_only,official_orcid_to_openalex_author,high,false,false,,2026-08-29T03:05:01.770Z
uwa-finance-012,Lai Hoang,A5056331997,W3162659637,Is Liquidity Priced in the Vietnamese Stock Market,2018,2018-01-01,10.2139/ssrn.3254205,https://doi.org/10.2139/ssrn.3254205,SSRN Electronic Journal,1556-5068,,1556-5068,[object Object],1,preprint,0,,,false,true,green,https://doi.org/10.2139/ssrn.3254205,Financial Markets and Investment Strategies; Stochastic processes and financial applications; Stock Market Forecasting Methods,2026-08-04T08:18:43.703281,2026-08-04T08:18:43.703281,openalex_orcid_only,official_orcid_to_openalex_author,high,false,false,,2026-08-29T03:05:01.770Z
uwa-finance-012,Lai Hoang,A5056331997,W3169587698,Strategic trading by insiders in the presence of institutional investors,2021,2021-01-01,10.2139/ssrn.3822943,https://doi.org/10.2139/ssrn.3822943,SSRN Electronic Journal,1556-5068,,1556-5068,[object Object]; [object Object]; [object Object],3,preprint,0,,,false,true,green,https://doi.org/10.2139/ssrn.3822943,Financial Markets and Investment Strategies; Corporate Finance and Governance; Market Dynamics and Volatility,2026-08-21T09:56:20.448147,2026-08-21T09:56:20.448147,openalex_orcid_only,official_orcid_to_openalex_author,high,false,false,,2026-08-29T03:05:01.770Z
uwa-finance-012,Lai Hoang,A5056331997,W3170805778,Sustainable Institutional Investment in the COVID-19 Pandemic,2021,2021-01-01,10.2139/ssrn.3856971,https://doi.org/10.2139/ssrn.3856971,SSRN Electronic Journal,1556-5068,,1556-5068,[object Object]; [object Object],2,preprint,0,,,false,true,green,https://doi.org/10.2139/ssrn.3856971,Financial Markets and Investment Strategies; Corporate Social Responsibility Reporting; COVID-19 Pandemic Impacts,2026-08-21T09:56:20.448147,2026-08-21T09:56:20.448147,openalex_orcid_only,official_orcid_to_openalex_author,high,false,false,,2026-08-29T03:05:01.770Z
uwa-finance-012,Lai Hoang,A5056331997,W3177559866,The Relevance of Return and Volatility Spillovers for Portfolio Diversification,2019,2019-01-01,10.2139/ssrn.3389644,https://doi.org/10.2139/ssrn.3389644,SSRN Electronic Journal,1556-5068,,1556-5068,[object Object]; [object Object],2,preprint,0,,,false,true,green,https://doi.org/10.2139/ssrn.3389644,Monetary Policy and Economic Impact; Financial Markets and Investment Strategies,2026-07-28T07:46:37.118299,2026-07-28T07:46:37.118299,openalex_orcid_only,official_orcid_to_openalex_author,high,false,false,,2026-08-29T03:05:01.770Z
uwa-finance-012,Lai Hoang,A5056331997,W3193711656,Multiple-Market Trading and Overnight Price Discovery: Evidence From American Depository Receipts,2021,2021-01-01,10.2139/ssrn.3889885,https://doi.org/10.2139/ssrn.3889885,SSRN Electronic Journal,1556-5068,,1556-5068,[object Object],1,preprint,0,,,false,true,green,https://doi.org/10.2139/ssrn.3889885,Financial Markets and Investment Strategies; Market Dynamics and Volatility; Stock Market Forecasting Methods,2026-08-21T09:56:20.448147,2026-08-21T09:56:20.448147,openalex_orcid_only,official_orcid_to_openalex_author,high,false,false,,2026-08-29T03:05:01.770Z
uwa-finance-012,Lai Hoang,A5056331997,W4323055948,A Simple Model to Estimate Spillovers and Correlations,2023,2023-01-01,10.2139/ssrn.4372392,https://doi.org/10.2139/ssrn.4372392,SSRN Electronic Journal,1556-5068,,1556-5068,[object Object]; [object Object],2,preprint,0,,,false,true,green,https://doi.org/10.2139/ssrn.4372392,Monetary Policy and Economic Impact; Economic Policies and Impacts; Regional Development and Policy,2026-08-21T09:56:20.448147,2026-08-21T09:56:20.448147,openalex_orcid_only,official_orcid_to_openalex_author,high,false,false,,2026-08-29T03:05:01.770Z
uwa-finance-012,Lai Hoang,A5056331997,W4398770994,Long-Term Capital Market Assumptions Public Equity,2024,2024-01-01,10.2139/ssrn.4839972,https://doi.org/10.2139/ssrn.4839972,SSRN Electronic Journal,1556-5068,,1556-5068,[object Object]; [object Object],2,preprint,0,,,false,true,green,https://doi.org/10.2139/ssrn.4839972,"Financial Markets and Investment Strategies; Financial Literacy, Pension, Retirement Analysis; Housing Market and Economics",2026-08-21T09:56:20.448147,2026-08-21T09:56:20.448147,openalex_orcid_only,official_orcid_to_openalex_author,high,false,false,,2026-08-29T03:05:01.770Z
uwa-finance-012,Lai Hoang,A5056331997,W4398788644,Long-Term Capital Market Assumptions Fixed Income,2024,2024-01-01,10.2139/ssrn.4839975,https://doi.org/10.2139/ssrn.4839975,SSRN Electronic Journal,1556-5068,,1556-5068,[object Object]; [object Object],2,preprint,0,,,false,true,green,https://doi.org/10.2139/ssrn.4839975,"Stochastic processes and financial applications; Credit Risk and Financial Regulations; Banking stability, regulation, efficiency",2026-08-21T09:56:20.448147,2026-08-21T09:56:20.448147,openalex_orcid_only,official_orcid_to_openalex_author,high,false,false,,2026-08-29T03:05:01.770Z
uwa-finance-012,Lai Hoang,A5056331997,W4400381244,Playing the Market: Lottery Stock and Bitcoin Comovement,2024,2024-01-01,10.2139/ssrn.4887286,https://doi.org/10.2139/ssrn.4887286,SSRN Electronic Journal,1556-5068,,1556-5068,[object Object]; [object Object],2,preprint,0,,,false,true,green,http://doi.org/10.2139/ssrn.4887286,Gambling Behavior and Treatments; Blockchain Technology Applications and Security; Financial Markets and Investment Strategies,2026-07-14T23:27:15.235271,2026-07-14T23:27:15.235271,openalex_orcid_only,official_orcid_to_openalex_author,high,false,false,,2026-08-29T03:05:01.770Z
uwa-finance-012,Lai Hoang,A5056331997,W4414374316,Cryptocurrency Price-based Comovement,2025,2025-01-01,10.2139/ssrn.5503278,https://doi.org/10.2139/ssrn.5503278,SSRN Electronic Journal,1556-5068,,1556-5068,[object Object],1,preprint,0,,,false,true,green,https://doi.org/10.2139/ssrn.5503278,Blockchain Technology Applications and Security,2026-08-04T08:18:43.703281,2026-08-04T08:18:43.703281,openalex_orcid_only,official_orcid_to_openalex_author,high,false,false,,2026-08-29T03:05:01.770Z
uwa-finance-012,Lai Hoang,A5056331997,W4414870172,Long-term Capital Market Assumptions,2025,2025-01-01,10.2139/ssrn.5526560,https://doi.org/10.2139/ssrn.5526560,SSRN Electronic Journal,1556-5068,,1556-5068,[object Object]; [object Object]; [object Object],3,preprint,0,,,false,true,green,https://doi.org/10.2139/ssrn.5526560,State Capitalism and Financial Governance,2026-08-04T08:18:43.703281,2026-08-04T08:18:43.703281,openalex_orcid_only,official_orcid_to_openalex_author,high,false,false,,2026-08-29T03:05:01.770Z
uwa-finance-012,Lai Hoang,A5056331997,W4416024502,Time-of-Day Effects in the Bitcoin Options Market,2025,2025-01-01,10.2139/ssrn.5689945,https://doi.org/10.2139/ssrn.5689945,SSRN Electronic Journal,1556-5068,,1556-5068,[object Object],1,preprint,0,,,false,true,green,https://doi.org/10.2139/ssrn.5689945,Blockchain Technology Applications and Security; Financial Markets and Investment Strategies; Stock Market Forecasting Methods,2026-08-21T09:56:20.448147,2026-08-21T09:56:20.448147,openalex_orcid_only,official_orcid_to_openalex_author,high,false,false,,2026-08-29T03:05:01.770Z
uwa-finance-013,Lee Smales,A5087998313,W4321616408,Investor Attention in Cryptocurrency Markets,2023,2023-02-23,10.1201/9781003315049-2,https://doi.org/10.1201/9781003315049-2,Auerbach Publications eBooks,,,,[object Object],1,book-chapter,9,8.7208,0.98765927,false,false,closed,,Complex Systems and Time Series Analysis; Financial Markets and Investment Strategies,2026-08-21T09:56:20.448147,2026-08-21T09:56:20.448147,openalex_orcid_only,official_orcid_to_openalex_author,high,false,false,,2026-08-29T03:05:01.770Z
uwa-finance-013,Lee Smales,A5087998313,W2300716603,The impact of non-scheduled news on S&P/ASX 50 stocks,2014,2014-01-01,,http://hdl.handle.net/20.500.11937/32466,eSpace (Curtin University),,,,[object Object],1,article,2,0,0.27451227,false,false,closed,,"Financial Markets and Investment Strategies; Stock Market Forecasting Methods; Auditing, Earnings Management, Governance",2025-10-10T17:16:08.811792,2025-10-10T17:16:08.811792,openalex_orcid_only,official_orcid_to_openalex_author,high,false,false,,2026-08-29T03:05:01.770Z
uwa-finance-013,Lee Smales,A5087998313,W3006363655,Gold and Geopolitical Risk,2018,2018-01-01,10.2139/ssrn.3109136,https://doi.org/10.2139/ssrn.3109136,SSRN Electronic Journal,1556-5068,,1556-5068,[object Object]; [object Object],2,preprint,81,,,false,true,green,https://doi.org/10.2139/ssrn.3109136,Market Dynamics and Volatility; Global Energy and Sustainability Research; Natural Resources and Economic Development,2026-08-04T08:18:43.703281,2026-08-04T08:18:43.703281,openalex_orcid_only,official_orcid_to_openalex_author,high,false,false,,2026-08-29T03:05:01.770Z
uwa-finance-013,Lee Smales,A5087998313,W2964373961,Geopolitical Risk and Volatility Spillovers in Oil and Stock Markets,2019,2019-01-01,10.2139/ssrn.3414134,https://doi.org/10.2139/ssrn.3414134,SSRN Electronic Journal,1556-5068,,1556-5068,[object Object],1,preprint,40,,,false,true,green,https://doi.org/10.2139/ssrn.3414134,Market Dynamics and Volatility; Global Energy Security and Policy; Natural Resources and Economic Development,2026-08-04T08:18:43.703281,2026-08-04T08:18:43.703281,openalex_orcid_only,official_orcid_to_openalex_author,high,false,false,,2026-08-29T03:05:01.770Z
uwa-finance-013,Lee Smales,A5087998313,W3125877243,Bitcoin as a Safe Haven: Is It Even Worth Considering?,2018,2018-01-01,10.2139/ssrn.3204237,https://doi.org/10.2139/ssrn.3204237,SSRN Electronic Journal,1556-5068,,1556-5068,[object Object]; [object Object],2,preprint,33,,,false,true,green,https://doi.org/10.2139/ssrn.3204237,"Blockchain Technology Applications and Security; Market Dynamics and Volatility; Crime, Illicit Activities, and Governance",2026-08-04T08:18:43.703281,2026-08-04T08:18:43.703281,openalex_orcid_only,official_orcid_to_openalex_author,high,false,false,,2026-08-29T03:05:01.770Z
uwa-finance-013,Lee Smales,A5087998313,W3122920585,Investor Attention and Global Market Returns during the COVID-19 Crisis,2020,2020-01-01,10.2139/ssrn.3623915,https://doi.org/10.2139/ssrn.3623915,SSRN Electronic Journal,1556-5068,,1556-5068,[object Object],1,preprint,19,,,false,true,green,https://doi.org/10.2139/ssrn.3623915,COVID-19 Pandemic Impacts; Market Dynamics and Volatility; Financial Markets and Investment Strategies,2026-08-04T08:18:43.703281,2026-08-04T08:18:43.703281,openalex_orcid_only,official_orcid_to_openalex_author,high,false,false,,2026-08-29T03:05:01.770Z
uwa-finance-013,Lee Smales,A5087998313,W3189337061,Cryptocurrency as an Alternative Inflation Hedge?,2021,2021-01-01,10.2139/ssrn.3883123,https://doi.org/10.2139/ssrn.3883123,SSRN Electronic Journal,1556-5068,,1556-5068,[object Object],1,preprint,15,,,false,true,green,https://doi.org/10.2139/ssrn.3883123,Market Dynamics and Volatility; Blockchain Technology Applications and Security; Complex Systems and Time Series Analysis,2026-08-21T09:56:20.448147,2026-08-21T09:56:20.448147,openalex_orcid_only,official_orcid_to_openalex_author,high,false,false,,2026-08-29T03:05:01.770Z
uwa-finance-013,Lee Smales,A5087998313,W3122989544,Investor Attention and the Response of US Stock Sectors to the COVID-19 Crisis,2020,2020-01-01,10.2139/ssrn.3625487,https://doi.org/10.2139/ssrn.3625487,SSRN Electronic Journal,1556-5068,,1556-5068,[object Object],1,preprint,11,,,false,true,green,https://doi.org/10.2139/ssrn.3625487,COVID-19 Pandemic Impacts; Financial Markets and Investment Strategies; Market Dynamics and Volatility,2026-08-04T08:18:43.703281,2026-08-04T08:18:43.703281,openalex_orcid_only,official_orcid_to_openalex_author,high,false,false,,2026-08-29T03:05:01.770Z
uwa-finance-013,Lee Smales,A5087998313,W2054585294,News Sentiment in the Gold Futures Market,2013,2013-01-01,10.2139/ssrn.2309868,https://doi.org/10.2139/ssrn.2309868,SSRN Electronic Journal,1556-5068,,1556-5068,[object Object],1,preprint,9,,,false,true,green,https://doi.org/10.2139/ssrn.2309868,"Market Dynamics and Volatility; Energy, Environment, Economic Growth",2026-08-21T09:56:20.448147,2026-08-21T09:56:20.448147,openalex_orcid_only,official_orcid_to_openalex_author,high,false,false,,2026-08-29T03:05:01.770Z
uwa-finance-013,Lee Smales,A5087998313,W2300966211,Risk-On/Risk-Off: Financial Market Response to Investor Fear,2016,2016-01-01,10.2139/ssrn.2717330,https://doi.org/10.2139/ssrn.2717330,SSRN Electronic Journal,1556-5068,,1556-5068,[object Object],1,preprint,9,,,false,true,green,https://doi.org/10.2139/ssrn.2717330,Financial Markets and Investment Strategies; Corporate Finance and Governance; Market Dynamics and Volatility,2026-08-04T08:18:43.703281,2026-08-04T08:18:43.703281,openalex_orcid_only,official_orcid_to_openalex_author,high,false,false,,2026-08-29T03:05:01.770Z
uwa-finance-013,Lee Smales,A5087998313,W2083586571,RBA Monetary Policy Communication: The Response of Australian Interest Rate Futures to Changes in RBA Monetary Policy,2012,2012-01-01,10.2139/ssrn.2004002,https://doi.org/10.2139/ssrn.2004002,SSRN Electronic Journal,1556-5068,,1556-5068,[object Object],1,preprint,8,,,false,true,green,https://doi.org/10.2139/ssrn.2004002,Monetary Policy and Economic Impact; Market Dynamics and Volatility; Financial Markets and Investment Strategies,2026-08-21T09:56:20.448147,2026-08-21T09:56:20.448147,openalex_orcid_only,official_orcid_to_openalex_author,high,false,false,,2026-08-29T03:05:01.770Z
uwa-finance-013,Lee Smales,A5087998313,W2255747242,Does More Complex Language in FOMC Decisions Impact Financial Markets?,2016,2016-01-01,10.2139/ssrn.2724364,https://doi.org/10.2139/ssrn.2724364,SSRN Electronic Journal,1556-5068,,1556-5068,[object Object]; [object Object],2,preprint,8,,,false,true,green,https://doi.org/10.2139/ssrn.2724364,"Culture, Economy, and Development Studies; Complex Systems and Time Series Analysis; Market Dynamics and Volatility",2026-08-14T07:06:38.338062,2026-08-14T07:06:38.338062,openalex_orcid_only,official_orcid_to_openalex_author,high,false,false,,2026-08-29T03:05:01.770Z
uwa-finance-013,Lee Smales,A5087998313,W3004270784,Spreading the Fear: The Central Role of Cboe VIX in Global Stock Market Uncertainty,2019,2019-01-01,10.2139/ssrn.3336505,https://doi.org/10.2139/ssrn.3336505,SSRN Electronic Journal,1556-5068,,1556-5068,[object Object],1,preprint,7,,,false,true,green,https://doi.org/10.2139/ssrn.3336505,Market Dynamics and Volatility; Financial Risk and Volatility Modeling; Financial Markets and Investment Strategies,2026-08-04T08:18:43.703281,2026-08-04T08:18:43.703281,openalex_orcid_only,official_orcid_to_openalex_author,high,false,false,,2026-08-29T03:05:01.770Z
uwa-finance-013,Lee Smales,A5087998313,W3164818047,How Does Policy Uncertainty Influence Financial Market Uncertainty Across the G7?,2019,2019-01-01,10.2139/ssrn.3427659,https://doi.org/10.2139/ssrn.3427659,SSRN Electronic Journal,1556-5068,,1556-5068,[object Object],1,preprint,7,,,false,true,green,https://doi.org/10.2139/ssrn.3427659,"Market Dynamics and Volatility; Monetary Policy and Economic Impact; Energy, Environment, Economic Growth",2026-08-04T08:18:43.703281,2026-08-04T08:18:43.703281,openalex_orcid_only,official_orcid_to_openalex_author,high,false,false,,2026-08-29T03:05:01.770Z
uwa-finance-013,Lee Smales,A5087998313,W4386632284,Are Stablecoins the Money Market Mutual Funds of the Future?,2023,2023-01-01,10.2139/ssrn.4550177,https://doi.org/10.2139/ssrn.4550177,SSRN Electronic Journal,1556-5068,,1556-5068,[object Object]; [object Object]; [object Object],3,preprint,7,,,false,true,green,https://doi.org/10.2139/ssrn.4550177,"Financial Markets and Investment Strategies; Economic theories and models; Banking stability, regulation, efficiency",2026-08-21T09:56:20.448147,2026-08-21T09:56:20.448147,openalex_orcid_only,official_orcid_to_openalex_author,high,false,false,,2026-08-29T03:05:01.770Z
uwa-finance-013,Lee Smales,A5087998313,W1800109283,"Time-Varying Relationship of News Sentiment, Implied Volatility and Stock Returns",2012,2012-01-01,10.2139/ssrn.2186267,https://doi.org/10.2139/ssrn.2186267,SSRN Electronic Journal,1556-5068,,1556-5068,[object Object],1,preprint,6,,,false,true,green,https://doi.org/10.2139/ssrn.2186267,Market Dynamics and Volatility; Financial Markets and Investment Strategies; Monetary Policy and Economic Impact,2026-08-21T09:56:20.448147,2026-08-21T09:56:20.448147,openalex_orcid_only,official_orcid_to_openalex_author,high,false,false,,2026-08-29T03:05:01.770Z
uwa-finance-013,Lee Smales,A5087998313,W4386463319,Classification of RBA Monetary Policy Announcements Using ChatGPT,2023,2023-01-01,10.2139/ssrn.4527621,https://doi.org/10.2139/ssrn.4527621,SSRN Electronic Journal,1556-5068,,1556-5068,[object Object],1,preprint,5,,,false,true,green,https://doi.org/10.2139/ssrn.4527621,Stock Market Forecasting Methods; Explainable Artificial Intelligence (XAI); Artificial Intelligence in Healthcare and Education,2026-08-21T09:56:20.448147,2026-08-21T09:56:20.448147,openalex_orcid_only,official_orcid_to_openalex_author,high,false,false,,2026-08-29T03:05:01.770Z
uwa-finance-013,Lee Smales,A5087998313,W1696350819,Non-Scheduled News Arrival and High-Frequency Stock Market Dynamics: Evidence from the Australian Securities Exchange,2012,2012-01-01,10.2139/ssrn.2130193,https://doi.org/10.2139/ssrn.2130193,SSRN Electronic Journal,1556-5068,,1556-5068,[object Object],1,preprint,4,,,false,true,green,https://doi.org/10.2139/ssrn.2130193,Financial Markets and Investment Strategies; Corporate Finance and Governance; Market Dynamics and Volatility,2026-08-21T09:56:20.448147,2026-08-21T09:56:20.448147,openalex_orcid_only,official_orcid_to_openalex_author,high,false,false,,2026-08-29T03:05:01.770Z
uwa-finance-013,Lee Smales,A5087998313,W3209097857,Investor Attention in Cryptocurrency Markets,2021,2021-01-01,10.2139/ssrn.3889923,https://doi.org/10.2139/ssrn.3889923,SSRN Electronic Journal,1556-5068,,1556-5068,[object Object],1,preprint,4,,,false,true,green,https://doi.org/10.2139/ssrn.3889923,Financial Markets and Investment Strategies; Blockchain Technology Applications and Security; Market Dynamics and Volatility,2026-08-21T09:56:20.448147,2026-08-21T09:56:20.448147,openalex_orcid_only,official_orcid_to_openalex_author,high,false,false,,2026-08-29T03:05:01.770Z
uwa-finance-013,Lee Smales,A5087998313,W2940482131,Do Item Writing Best Practices Improve Multiple Choice Questions for University Students?,2018,2018-01-01,10.2139/ssrn.3177765,https://doi.org/10.2139/ssrn.3177765,SSRN Electronic Journal,1556-5068,,1556-5068,[object Object]; [object Object]; [object Object]; [object Object],4,preprint,3,,,false,true,green,https://doi.org/10.2139/ssrn.3177765,Education and Critical Thinking Development; Student Assessment and Feedback; Reflective Practices in Education,2026-08-24T07:32:12.397491,2026-08-24T07:32:12.397491,openalex_orcid_only,official_orcid_to_openalex_author,high,false,false,,2026-08-29T03:05:01.770Z
uwa-finance-013,Lee Smales,A5087998313,W4377834369,Flight to Quality - Money Market Mutual Funds and Stablecoins During the March 2023 Banking Crisis,2023,2023-01-01,10.2139/ssrn.4451893,https://doi.org/10.2139/ssrn.4451893,SSRN Electronic Journal,1556-5068,,1556-5068,[object Object]; [object Object]; [object Object],3,preprint,3,,,false,true,green,https://doi.org/10.2139/ssrn.4451893,"Banking stability, regulation, efficiency; Global Financial Crisis and Policies; Islamic Finance and Banking Studies",2026-08-21T09:56:20.448147,2026-08-21T09:56:20.448147,openalex_orcid_only,official_orcid_to_openalex_author,high,false,false,,2026-08-29T03:05:01.770Z
uwa-finance-013,Lee Smales,A5087998313,W2239852633,FX Market Returns and Their Relationship to Investor Fear,2016,2016-01-01,10.2139/ssrn.2712558,https://doi.org/10.2139/ssrn.2712558,SSRN Electronic Journal,1556-5068,,1556-5068,[object Object]; [object Object],2,preprint,2,,,false,true,green,https://doi.org/10.2139/ssrn.2712558,Financial Markets and Investment Strategies; Corporate Finance and Governance; Market Dynamics and Volatility,2026-08-21T09:56:20.448147,2026-08-21T09:56:20.448147,openalex_orcid_only,official_orcid_to_openalex_author,high,false,false,,2026-08-29T03:05:01.770Z
uwa-finance-013,Lee Smales,A5087998313,W3121518150,Commodity Market Volatility in the Presence of U.S. and Chinese Macroeconomic News,2016,2016-01-01,10.2139/ssrn.2875170,https://doi.org/10.2139/ssrn.2875170,SSRN Electronic Journal,1556-5068,,1556-5068,[object Object],1,preprint,2,,,false,true,green,https://doi.org/10.2139/ssrn.2875170,Market Dynamics and Volatility; Monetary Policy and Economic Impact,2026-08-21T09:56:20.448147,2026-08-21T09:56:20.448147,openalex_orcid_only,official_orcid_to_openalex_author,high,false,false,,2026-08-29T03:05:01.770Z
uwa-finance-013,Lee Smales,A5087998313,W3123095964,Impact of Macroeconomic Announcements on Interest Rate Futures: High-Frequency Evidence from Australia,2011,2011-01-01,10.2139/ssrn.1975205,https://doi.org/10.2139/ssrn.1975205,SSRN Electronic Journal,1556-5068,,1556-5068,[object Object],1,preprint,2,,,false,true,green,https://doi.org/10.2139/ssrn.1975205,Financial Markets and Investment Strategies; Market Dynamics and Volatility; Monetary Policy and Economic Impact,2026-08-21T09:56:20.448147,2026-08-21T09:56:20.448147,openalex_orcid_only,official_orcid_to_openalex_author,high,false,false,,2026-08-29T03:05:01.770Z
uwa-finance-013,Lee Smales,A5087998313,W3124397597,'Brexit': A Case Study in the Relationship between Political and Financial Market Uncertainty,2016,2016-01-01,10.2139/ssrn.2805807,https://doi.org/10.2139/ssrn.2805807,SSRN Electronic Journal,1556-5068,,1556-5068,[object Object],1,preprint,2,,,false,true,green,https://doi.org/10.2139/ssrn.2805807,"Banking stability, regulation, efficiency; Global Financial Regulation and Crises; Housing, Finance, and Neoliberalism",2026-08-04T08:18:43.703281,2026-08-04T08:18:43.703281,openalex_orcid_only,official_orcid_to_openalex_author,high,false,false,,2026-08-29T03:05:01.770Z
uwa-finance-013,Lee Smales,A5087998313,W4391620803,The effect of currency risk on crypto asset utilization in Türkiye,2024,2024-01-01,10.2139/ssrn.4647732,https://doi.org/10.2139/ssrn.4647732,SSRN Electronic Journal,1556-5068,,1556-5068,[object Object]; [object Object]; [object Object],3,preprint,2,,,false,true,green,https://doi.org/10.2139/ssrn.4647732,Market Dynamics and Volatility; Financial Markets and Investment Strategies; Monetary Policy and Economic Impact,2026-08-21T09:56:20.448147,2026-08-21T09:56:20.448147,openalex_orcid_only,official_orcid_to_openalex_author,high,false,false,,2026-08-29T03:05:01.770Z
uwa-finance-013,Lee Smales,A5087998313,W1145934289,The Influence of FOMC Member Characteristics on the Monetary Policy Decision-Making Process,2015,2015-01-01,10.2139/ssrn.2516583,https://doi.org/10.2139/ssrn.2516583,SSRN Electronic Journal,1556-5068,,1556-5068,[object Object]; [object Object],2,preprint,1,,,false,true,green,https://doi.org/10.2139/ssrn.2516583,Monetary Policy and Economic Impact; Global Financial Crisis and Policies; Economic Theory and Policy,2026-08-21T09:56:20.448147,2026-08-21T09:56:20.448147,openalex_orcid_only,official_orcid_to_openalex_author,high,false,false,,2026-08-29T03:05:01.770Z
uwa-finance-013,Lee Smales,A5087998313,W1479879128,News Sentiment and Measures of Bank Credit Risk,2014,2014-01-01,10.2139/ssrn.2443716,https://doi.org/10.2139/ssrn.2443716,SSRN Electronic Journal,1556-5068,,1556-5068,[object Object],1,preprint,1,,,false,true,green,https://doi.org/10.2139/ssrn.2443716,"Credit Risk and Financial Regulations; Banking stability, regulation, efficiency; Financial Markets and Investment Strategies",2026-08-21T09:56:20.448147,2026-08-21T09:56:20.448147,openalex_orcid_only,official_orcid_to_openalex_author,high,false,false,,2026-08-29T03:05:01.770Z
uwa-finance-013,Lee Smales,A5087998313,W1582679612,"Order Imbalance, Market Returns and Macroeconomic News: Evidence from the Australian Interest Rate Futures Market",2011,2011-01-01,10.2139/ssrn.1960223,https://doi.org/10.2139/ssrn.1960223,SSRN Electronic Journal,1556-5068,,1556-5068,[object Object],1,preprint,1,,,false,true,green,https://doi.org/10.2139/ssrn.1960223,Market Dynamics and Volatility; Financial Markets and Investment Strategies; Capital Investment and Risk Analysis,2026-08-21T09:56:20.448147,2026-08-21T09:56:20.448147,openalex_orcid_only,official_orcid_to_openalex_author,high,false,false,,2026-08-29T03:05:01.770Z
uwa-finance-013,Lee Smales,A5087998313,W2078941165,30-Day Interbank Futures: Investigating the Process of Price Discovery Following RBA Cash Target Rate Announcements,2011,2011-01-01,10.2139/ssrn.1888776,https://doi.org/10.2139/ssrn.1888776,SSRN Electronic Journal,1556-5068,,1556-5068,[object Object],1,preprint,1,,,false,true,green,https://doi.org/10.2139/ssrn.1888776,Monetary Policy and Economic Impact; Market Dynamics and Volatility; Financial Markets and Investment Strategies,2026-08-04T08:18:43.703281,2026-08-04T08:18:43.703281,openalex_orcid_only,official_orcid_to_openalex_author,high,false,false,,2026-08-29T03:05:01.770Z
uwa-finance-013,Lee Smales,A5087998313,W2300058267,The Importance of Fear: Investor Sentiment and Stock Market Returns,2016,2016-01-01,10.2139/ssrn.2749518,https://doi.org/10.2139/ssrn.2749518,SSRN Electronic Journal,1556-5068,,1556-5068,[object Object],1,preprint,1,,,false,true,green,https://doi.org/10.2139/ssrn.2749518,Financial Markets and Investment Strategies; Market Dynamics and Volatility; Stock Market Forecasting Methods,2026-08-21T09:56:20.448147,2026-08-21T09:56:20.448147,openalex_orcid_only,official_orcid_to_openalex_author,high,false,false,,2026-08-29T03:05:01.770Z
uwa-finance-013,Lee Smales,A5087998313,W3122235441,"Slopes, Spreads, and Depth: Monetary Policy Announcements and Liquidity Provision in the Energy Futures Market",2016,2016-01-01,10.2139/ssrn.2861724,https://doi.org/10.2139/ssrn.2861724,SSRN Electronic Journal,1556-5068,,1556-5068,[object Object],1,preprint,1,,,false,true,green,https://doi.org/10.2139/ssrn.2861724,Market Dynamics and Volatility; Monetary Policy and Economic Impact; Financial Markets and Investment Strategies,2026-08-04T08:18:43.703281,2026-08-04T08:18:43.703281,openalex_orcid_only,official_orcid_to_openalex_author,high,false,false,,2026-08-29T03:05:01.770Z
uwa-finance-013,Lee Smales,A5087998313,W3125749849,Policy Uncertainty in Australian Financial Markets,2020,2020-01-01,10.2139/ssrn.3632145,https://doi.org/10.2139/ssrn.3632145,SSRN Electronic Journal,1556-5068,,1556-5068,[object Object],1,preprint,1,,,false,true,green,https://doi.org/10.2139/ssrn.3632145,Market Dynamics and Volatility; Financial Markets and Investment Strategies; Monetary Policy and Economic Impact,2026-08-04T08:18:43.703281,2026-08-04T08:18:43.703281,openalex_orcid_only,official_orcid_to_openalex_author,high,false,false,,2026-08-29T03:05:01.770Z
uwa-finance-013,Lee Smales,A5087998313,W3191711175,Oil prices and Clean Energy Stock Prices Revisited,2019,2019-01-01,10.2139/ssrn.3471866,https://doi.org/10.2139/ssrn.3471866,SSRN Electronic Journal,1556-5068,,1556-5068,[object Object]; [object Object],2,preprint,1,,,false,true,green,https://doi.org/10.2139/ssrn.3471866,"Market Dynamics and Volatility; Energy, Environment, Economic Growth; Energy, Environment, and Transportation Policies",2026-08-21T09:56:20.448147,2026-08-21T09:56:20.448147,openalex_orcid_only,official_orcid_to_openalex_author,high,false,false,,2026-08-29T03:05:01.770Z
uwa-finance-013,Lee Smales,A5087998313,W4226176738,Is Investor Attention on R/Wallstreetbets Different?,2022,2022-01-01,10.2139/ssrn.4069356,https://doi.org/10.2139/ssrn.4069356,SSRN Electronic Journal,1556-5068,,1556-5068,[object Object]; [object Object]; [object Object],3,preprint,1,,,false,true,green,https://doi.org/10.2139/ssrn.4069356,Financial Markets and Investment Strategies,2026-08-21T09:56:20.448147,2026-08-21T09:56:20.448147,openalex_orcid_only,official_orcid_to_openalex_author,high,false,false,,2026-08-29T03:05:01.770Z
uwa-finance-013,Lee Smales,A5087998313,W4229811544,Investor Attention and Cryptocurrency Price Crash Risk: A Quantile Regression Approach,2021,2021-01-01,10.2139/ssrn.3899770,https://doi.org/10.2139/ssrn.3899770,SSRN Electronic Journal,1556-5068,,1556-5068,[object Object],1,preprint,1,,,false,true,green,https://doi.org/10.2139/ssrn.3899770,Impact of AI and Big Data on Business and Society; Blockchain Technology Applications and Security; Stock Market Forecasting Methods,2026-08-04T08:18:43.703281,2026-08-04T08:18:43.703281,openalex_orcid_only,official_orcid_to_openalex_author,high,false,false,,2026-08-29T03:05:01.770Z
uwa-finance-013,Lee Smales,A5087998313,W4399341464,"U.S. Presidential News Coverage: Risk, Uncertainty and Equities",2024,2024-01-01,10.2139/ssrn.4850722,https://doi.org/10.2139/ssrn.4850722,SSRN Electronic Journal,1556-5068,,1556-5068,[object Object]; [object Object],2,preprint,1,,,false,true,green,https://doi.org/10.2139/ssrn.4850722,Market Dynamics and Volatility; Financial Markets and Investment Strategies; Fiscal Policies and Political Economy,2026-08-21T09:56:20.448147,2026-08-21T09:56:20.448147,openalex_orcid_only,official_orcid_to_openalex_author,high,false,false,,2026-08-29T03:05:01.770Z
uwa-finance-013,Lee Smales,A5087998313,W4413678625,How low will Bitcoin now go? The history of price bubbles provides some clues,2018,2018-12-10,10.64628/aa.5p3kwuh4k,https://doi.org/10.64628/aa.5p3kwuh4k,,,,,[object Object],1,other,1,,,false,true,gold,https://doi.org/10.64628/aa.5p3kwuh4k,Blockchain Technology Applications and Security,2026-07-14T23:27:15.235271,2026-07-14T23:27:15.235271,openalex_orcid_only,official_orcid_to_openalex_author,high,false,false,,2026-08-29T03:05:01.770Z
uwa-finance-013,Lee Smales,A5087998313,W1111629788,Trading Behaviour and Monetary Policy News,2015,2015-01-01,10.2139/ssrn.2638802,https://doi.org/10.2139/ssrn.2638802,SSRN Electronic Journal,1556-5068,,1556-5068,[object Object],1,preprint,0,,,false,true,green,https://doi.org/10.2139/ssrn.2638802,"Monetary Policy and Economic Impact; Global Financial Crisis and Policies; Banking stability, regulation, efficiency",2026-08-21T09:56:20.448147,2026-08-21T09:56:20.448147,openalex_orcid_only,official_orcid_to_openalex_author,high,false,false,,2026-08-29T03:05:01.770Z
uwa-finance-013,Lee Smales,A5087998313,W2029048938,Better the Devil You Know: The Influence of Political Incumbency on Australian Financial Market Uncertainty,2013,2013-01-01,10.2139/ssrn.2234883,https://doi.org/10.2139/ssrn.2234883,SSRN Electronic Journal,1556-5068,,1556-5068,[object Object],1,preprint,0,,,false,true,green,https://doi.org/10.2139/ssrn.2234883,Market Dynamics and Volatility; Financial Markets and Investment Strategies; Monetary Policy and Economic Impact,2026-08-21T09:56:20.448147,2026-08-21T09:56:20.448147,openalex_orcid_only,official_orcid_to_openalex_author,high,false,false,,2026-08-29T03:05:01.770Z
uwa-finance-013,Lee Smales,A5087998313,W2268331293,Bond Futures and Order Imbalance: An International Comparison,2011,2011-01-01,10.2139/ssrn.1955810,https://doi.org/10.2139/ssrn.1955810,SSRN Electronic Journal,1556-5068,,1556-5068,[object Object],1,preprint,0,,,false,true,green,https://doi.org/10.2139/ssrn.1955810,Global Financial Crisis and Policies; State Capitalism and Financial Governance; Monetary Policy and Economic Impact,2026-08-21T09:56:20.448147,2026-08-21T09:56:20.448147,openalex_orcid_only,official_orcid_to_openalex_author,high,false,false,,2026-08-29T03:05:01.770Z
uwa-finance-013,Lee Smales,A5087998313,W2268489046,Order Aggressiveness of Different Broker-Types in Response to Monetary Policy News,2015,2015-01-01,10.2139/ssrn.2578474,https://doi.org/10.2139/ssrn.2578474,SSRN Electronic Journal,1556-5068,,1556-5068,[object Object],1,preprint,0,,,false,true,green,https://doi.org/10.2139/ssrn.2578474,"Financial Markets and Investment Strategies; Banking stability, regulation, efficiency; Monetary Policy and Economic Impact",2026-08-21T09:56:20.448147,2026-08-21T09:56:20.448147,openalex_orcid_only,official_orcid_to_openalex_author,high,false,false,,2026-08-29T03:05:01.770Z
uwa-finance-013,Lee Smales,A5087998313,W2293057840,Trading Behaviour in Closely Related Markets for S&P 500 Index Futures,2013,2013-01-01,10.2139/ssrn.2292256,https://doi.org/10.2139/ssrn.2292256,SSRN Electronic Journal,1556-5068,,1556-5068,[object Object],1,preprint,0,,,false,true,green,https://doi.org/10.2139/ssrn.2292256,Financial Markets and Investment Strategies; Corporate Finance and Governance; Insurance and Financial Risk Management,2026-08-21T09:56:20.448147,2026-08-21T09:56:20.448147,openalex_orcid_only,official_orcid_to_openalex_author,high,false,false,,2026-08-29T03:05:01.770Z
uwa-finance-013,Lee Smales,A5087998313,W2414559845,Determining the Best Response Function of Regulators in the Presence of Insider Trading,2012,2012-01-01,10.2139/ssrn.2191234,https://doi.org/10.2139/ssrn.2191234,SSRN Electronic Journal,1556-5068,,1556-5068,[object Object]; [object Object],2,preprint,0,,,false,true,green,https://doi.org/10.2139/ssrn.2191234,"Auditing, Earnings Management, Governance; Corporate Finance and Governance; Securities Regulation and Market Practices",2026-08-04T08:18:43.703281,2026-08-04T08:18:43.703281,openalex_orcid_only,official_orcid_to_openalex_author,high,false,false,,2026-08-29T03:05:01.770Z
uwa-finance-013,Lee Smales,A5087998313,W2416061392,A Note on the Relationship between Financial Asset Returns and Well-Being,2013,2013-01-01,10.2139/ssrn.2219806,https://doi.org/10.2139/ssrn.2219806,SSRN Electronic Journal,1556-5068,,1556-5068,[object Object],1,preprint,0,,,false,true,green,https://doi.org/10.2139/ssrn.2219806,"Psychological Well-being and Life Satisfaction; Financial Literacy, Pension, Retirement Analysis; Housing Market and Economics",2026-08-21T09:56:20.448147,2026-08-21T09:56:20.448147,openalex_orcid_only,official_orcid_to_openalex_author,high,false,false,,2026-08-29T03:05:01.770Z
uwa-finance-013,Lee Smales,A5087998313,W2753822176,How Does Investor Sentiment Shape the Liquidity Response to Monetary Policy Announcements in Precious Metal Markets?,2017,2017-01-01,10.2139/ssrn.3011758,https://doi.org/10.2139/ssrn.3011758,SSRN Electronic Journal,1556-5068,,1556-5068,[object Object]; [object Object],2,preprint,0,,,false,true,green,https://doi.org/10.2139/ssrn.3011758,Market Dynamics and Volatility,2026-08-04T08:18:43.703281,2026-08-04T08:18:43.703281,openalex_orcid_only,official_orcid_to_openalex_author,high,false,false,,2026-08-29T03:05:01.770Z
uwa-finance-013,Lee Smales,A5087998313,W3134573805,Macroeconomic News and Treasury Futures Return Volatility: Do Treasury Auctions Matter?,2019,2019-01-01,10.2139/ssrn.3357217,https://doi.org/10.2139/ssrn.3357217,SSRN Electronic Journal,1556-5068,,1556-5068,[object Object],1,preprint,0,,,false,true,green,https://doi.org/10.2139/ssrn.3357217,Financial Markets and Investment Strategies; Housing Market and Economics; Market Dynamics and Volatility,2026-08-04T08:18:43.703281,2026-08-04T08:18:43.703281,openalex_orcid_only,official_orcid_to_openalex_author,high,false,false,,2026-08-29T03:05:01.770Z
uwa-finance-013,Lee Smales,A5087998313,W3155124483,One Cryptocurrency to Explain Them All? Understanding the Importance of Bitcoin in Cryptocurrency Returns,2019,2019-01-01,10.2139/ssrn.3443361,https://doi.org/10.2139/ssrn.3443361,SSRN Electronic Journal,1556-5068,,1556-5068,[object Object],1,preprint,0,,,false,true,green,https://doi.org/10.2139/ssrn.3443361,Market Dynamics and Volatility; Financial Markets and Investment Strategies; Blockchain Technology Applications and Security,2026-08-21T09:56:20.448147,2026-08-21T09:56:20.448147,openalex_orcid_only,official_orcid_to_openalex_author,high,false,false,,2026-08-29T03:05:01.770Z
uwa-finance-013,Lee Smales,A5087998313,W3159295318,The Effect of Treasury Auctions on 10-Year Treasury Note Futures,2019,2019-01-01,10.2139/ssrn.3315135,https://doi.org/10.2139/ssrn.3315135,SSRN Electronic Journal,1556-5068,,1556-5068,[object Object],1,preprint,0,,,false,true,green,https://doi.org/10.2139/ssrn.3315135,"Financial Markets and Investment Strategies; Housing Market and Economics; Auditing, Earnings Management, Governance",2026-08-04T08:18:43.703281,2026-08-04T08:18:43.703281,openalex_orcid_only,official_orcid_to_openalex_author,high,false,false,,2026-08-29T03:05:01.770Z
uwa-finance-013,Lee Smales,A5087998313,W3163568308,Transitory Fear: Explaining Changes in the VIX Futures Basis,2019,2019-01-01,10.2139/ssrn.3396850,https://doi.org/10.2139/ssrn.3396850,SSRN Electronic Journal,1556-5068,,1556-5068,[object Object],1,preprint,0,,,false,true,green,https://doi.org/10.2139/ssrn.3396850,Market Dynamics and Volatility; Financial Markets and Investment Strategies; Monetary Policy and Economic Impact,2026-08-21T09:56:20.448147,2026-08-21T09:56:20.448147,openalex_orcid_only,official_orcid_to_openalex_author,high,false,false,,2026-08-29T03:05:01.770Z
uwa-finance-013,Lee Smales,A5087998313,W3169396661,The Influence of Policy Uncertainty on Exchange Rate Forecasting,2021,2021-01-01,10.2139/ssrn.3773975,https://doi.org/10.2139/ssrn.3773975,SSRN Electronic Journal,1556-5068,,1556-5068,[object Object],1,preprint,0,,,false,true,green,https://doi.org/10.2139/ssrn.3773975,"Market Dynamics and Volatility; Monetary Policy and Economic Impact; Energy, Environment, Economic Growth",2026-08-04T08:18:43.703281,2026-08-04T08:18:43.703281,openalex_orcid_only,official_orcid_to_openalex_author,high,false,false,,2026-08-29T03:05:01.770Z
uwa-finance-013,Lee Smales,A5087998313,W3187355433,One Session Options: Playing the announcement lottery?,2021,2021-01-01,10.2139/ssrn.3793414,https://doi.org/10.2139/ssrn.3793414,SSRN Electronic Journal,1556-5068,,1556-5068,[object Object]; [object Object]; [object Object],3,preprint,0,,,false,true,green,https://doi.org/10.2139/ssrn.3793414,Financial Markets and Investment Strategies; Stock Market Forecasting Methods; Gambling Behavior and Treatments,2026-08-04T08:18:43.703281,2026-08-04T08:18:43.703281,openalex_orcid_only,official_orcid_to_openalex_author,high,false,false,,2026-08-29T03:05:01.770Z
uwa-finance-013,Lee Smales,A5087998313,W4206591034,News Sentiment and Measures of Bank Credit Risk,2014,2014-01-01,10.2139/ssrn.2385076,https://doi.org/10.2139/ssrn.2385076,SSRN Electronic Journal,1556-5068,,1556-5068,[object Object],1,preprint,0,,,false,true,green,https://doi.org/10.2139/ssrn.2385076,"Credit Risk and Financial Regulations; Banking stability, regulation, efficiency; Auditing, Earnings Management, Governance",2026-08-04T08:18:43.703281,2026-08-04T08:18:43.703281,openalex_orcid_only,official_orcid_to_openalex_author,high,false,false,,2026-08-29T03:05:01.770Z
uwa-finance-013,Lee Smales,A5087998313,W4242500967,News Sentiment and Measures of Bank Credit Risk,2014,2014-01-01,10.2139/ssrn.2389207,https://doi.org/10.2139/ssrn.2389207,SSRN Electronic Journal,1556-5068,,1556-5068,[object Object],1,preprint,0,,,false,true,green,https://doi.org/10.2139/ssrn.2389207,Financial Markets and Investment Strategies; Credit Risk and Financial Regulations; Financial Risk and Volatility Modeling,2026-08-04T08:18:43.703281,2026-08-04T08:18:43.703281,openalex_orcid_only,official_orcid_to_openalex_author,high,false,false,,2026-08-29T03:05:01.770Z
uwa-finance-013,Lee Smales,A5087998313,W4312822053,The Relevance of Dark Trading for Information Acquisition in German Stocks,2022,2022-01-01,10.2139/ssrn.4277248,https://doi.org/10.2139/ssrn.4277248,SSRN Electronic Journal,1556-5068,,1556-5068,[object Object]; [object Object]; [object Object],3,preprint,0,,,false,true,green,https://doi.org/10.2139/ssrn.4277248,Financial Markets and Investment Strategies,2026-08-21T09:56:20.448147,2026-08-21T09:56:20.448147,openalex_orcid_only,official_orcid_to_openalex_author,high,false,false,,2026-08-29T03:05:01.770Z
uwa-finance-013,Lee Smales,A5087998313,W4365384789,Stock Market Liquidity During Crisis Periods: Australian Evidence,2023,2023-01-01,10.2139/ssrn.4403712,https://doi.org/10.2139/ssrn.4403712,SSRN Electronic Journal,1556-5068,,1556-5068,[object Object],1,preprint,0,,,false,true,green,https://doi.org/10.2139/ssrn.4403712,Corporate Finance and Governance,2026-08-21T09:56:20.448147,2026-08-21T09:56:20.448147,openalex_orcid_only,official_orcid_to_openalex_author,high,false,false,,2026-08-29T03:05:01.770Z
uwa-finance-013,Lee Smales,A5087998313,W4367290568,Digging Deeper - Is Bitcoin Digital Gold? A Mining Perspective,2023,2023-01-01,10.2139/ssrn.4407838,https://doi.org/10.2139/ssrn.4407838,SSRN Electronic Journal,1556-5068,,1556-5068,[object Object]; [object Object]; [object Object]; [object Object],4,preprint,0,,,false,true,green,https://doi.org/10.2139/ssrn.4407838,Blockchain Technology Applications and Security; Market Dynamics and Volatility; Stock Market Forecasting Methods,2026-08-21T09:56:20.448147,2026-08-21T09:56:20.448147,openalex_orcid_only,official_orcid_to_openalex_author,high,false,false,,2026-08-29T03:05:01.770Z
uwa-finance-013,Lee Smales,A5087998313,W4385820306,Commodity Futures Trading at the 52-Week High and Low,2023,2023-01-01,10.2139/ssrn.4534852,https://doi.org/10.2139/ssrn.4534852,SSRN Electronic Journal,1556-5068,,1556-5068,[object Object]; [object Object]; [object Object],3,preprint,0,,,false,true,green,https://doi.org/10.2139/ssrn.4534852,Market Dynamics and Volatility; Natural Resources and Economic Development,2026-08-21T09:56:20.448147,2026-08-21T09:56:20.448147,openalex_orcid_only,official_orcid_to_openalex_author,high,false,false,,2026-08-29T03:05:01.770Z
uwa-finance-013,Lee Smales,A5087998313,W4391799970,Technical Talk in Bitcoin and Equity,2024,2024-01-01,10.2139/ssrn.4703507,https://doi.org/10.2139/ssrn.4703507,SSRN Electronic Journal,1556-5068,,1556-5068,[object Object]; [object Object]; [object Object],3,preprint,0,,,false,true,green,http://dx.doi.org/10.2139/ssrn.4703507,Blockchain Technology Applications and Security; Market Dynamics and Volatility; Financial Markets and Investment Strategies,2026-08-21T09:56:20.448147,2026-08-21T09:56:20.448147,openalex_orcid_only,official_orcid_to_openalex_author,high,false,false,,2026-08-29T03:05:01.770Z
uwa-finance-013,Lee Smales,A5087998313,W4410151741,No Smiles -Volatility Patterns when Trading is Continuous,2025,2025-01-01,10.2139/ssrn.5243102,https://doi.org/10.2139/ssrn.5243102,SSRN Electronic Journal,1556-5068,,1556-5068,[object Object]; [object Object]; [object Object],3,preprint,0,,,false,true,green,https://doi.org/10.2139/ssrn.5243102,Economic theories and models; Stochastic processes and financial applications; Financial Markets and Investment Strategies,2026-08-21T09:56:20.448147,2026-08-21T09:56:20.448147,openalex_orcid_only,official_orcid_to_openalex_author,high,false,false,,2026-08-29T03:05:01.770Z
uwa-finance-013,Lee Smales,A5087998313,W4413543681,What’s fair in the fight to keep bank branches open and access to cash alive?,2024,2024-12-04,10.64628/aa.w6x7tehek,https://doi.org/10.64628/aa.w6x7tehek,,,,,[object Object],1,other,0,,,false,false,closed,,"Economic Theory and Policy; Banking stability, regulation, efficiency; Housing, Finance, and Neoliberalism",2026-07-14T23:27:15.235271,2026-07-14T23:27:15.235271,openalex_orcid_only,official_orcid_to_openalex_author,high,false,false,,2026-08-29T03:05:01.770Z
uwa-finance-013,Lee Smales,A5087998313,W4413614708,ASX and Wall Street fall: investors should start to worry when volatility seems low,2018,2018-02-06,10.64628/aa.9n3uypvkr,https://doi.org/10.64628/aa.9n3uypvkr,,,,,[object Object],1,other,0,,,false,false,closed,,State Capitalism and Financial Governance,2026-07-14T23:27:15.235271,2026-07-14T23:27:15.235271,openalex_orcid_only,official_orcid_to_openalex_author,high,false,false,,2026-08-29T03:05:01.770Z
uwa-finance-013,Lee Smales,A5087998313,W4413621985,All eyes on the Aussie dollar as Australia stalks recession,2015,2015-09-21,10.64628/aa.exsyejsee,https://doi.org/10.64628/aa.exsyejsee,,,,,[object Object],1,other,0,,,false,false,closed,,"Banking stability, regulation, efficiency; Global Financial Crisis and Policies; Housing, Finance, and Neoliberalism",2026-07-14T23:27:15.235271,2026-07-14T23:27:15.235271,openalex_orcid_only,official_orcid_to_openalex_author,high,false,false,,2026-08-29T03:05:01.770Z
uwa-finance-013,Lee Smales,A5087998313,W4413647308,"The markets have moved on from Greece, but investors are missing the big picture",2015,2015-07-23,10.64628/aa.yhrntnfvj,https://doi.org/10.64628/aa.yhrntnfvj,,,,,[object Object],1,other,0,,,false,true,gold,https://doi.org/10.64628/aa.yhrntnfvj,State Capitalism and Financial Governance,2026-07-14T23:27:15.235271,2026-07-14T23:27:15.235271,openalex_orcid_only,official_orcid_to_openalex_author,high,false,false,,2026-08-29T03:05:01.770Z
uwa-finance-013,Lee Smales,A5087998313,W4413647549,"Dollar down, volatility up: what Australia can expect from a US rate rise",2015,2015-09-09,10.64628/aa.vsu6fewtx,https://doi.org/10.64628/aa.vsu6fewtx,,,,,[object Object],1,other,0,,,false,false,closed,,"Economic, financial, and policy analysis; Global Financial Crisis and Policies",2026-07-14T23:27:15.235271,2026-07-14T23:27:15.235271,openalex_orcid_only,official_orcid_to_openalex_author,high,false,false,,2026-08-29T03:05:01.770Z
uwa-finance-013,Lee Smales,A5087998313,W4413648255,Explainer: what might upset Australia’s ‘rock solid’ banks,2016,2016-02-11,10.64628/aa.jpcg4wsg9,https://doi.org/10.64628/aa.jpcg4wsg9,,,,,[object Object],1,other,0,,,false,false,closed,,Community Development and Social Impact,2026-07-14T23:27:15.235271,2026-07-14T23:27:15.235271,openalex_orcid_only,official_orcid_to_openalex_author,high,false,false,,2026-08-29T03:05:01.770Z
uwa-finance-013,Lee Smales,A5087998313,W4413651377,How a Brexit could impact on Australia,2016,2016-06-21,10.64628/aa.37ffsxm5r,https://doi.org/10.64628/aa.37ffsxm5r,,,,,[object Object],1,other,0,,,false,false,closed,,Island Studies and Pacific Affairs,2026-07-14T23:27:15.235271,2026-07-14T23:27:15.235271,openalex_orcid_only,official_orcid_to_openalex_author,high,false,false,,2026-08-29T03:05:01.770Z
uwa-finance-013,Lee Smales,A5087998313,W4413666134,Perfect storm of events could trigger the next financial crisis,2016,2016-07-10,10.64628/aa.d9w4vxr6t,https://doi.org/10.64628/aa.d9w4vxr6t,,,,,[object Object],1,other,0,,,false,false,closed,,"Economic, financial, and policy analysis; State Capitalism and Financial Governance",2026-07-14T23:27:15.235271,2026-07-14T23:27:15.235271,openalex_orcid_only,official_orcid_to_openalex_author,high,false,false,,2026-08-29T03:05:01.770Z
uwa-finance-013,Lee Smales,A5087998313,W4413668454,Australia can’t bank on an iron ore Trump bump in the long term,2016,2016-11-17,10.64628/aa.3xmgg39pq,https://doi.org/10.64628/aa.3xmgg39pq,,,,,[object Object],1,other,0,,,false,false,closed,,Market Dynamics and Volatility; Monetary Policy and Economic Impact,2026-07-14T23:27:15.235271,2026-07-14T23:27:15.235271,openalex_orcid_only,official_orcid_to_openalex_author,high,false,false,,2026-08-29T03:05:01.770Z
uwa-finance-013,Lee Smales,A5087998313,W4413669952,"Beyond the gloomy headlines, this global index suggests manufacturing is in good shape",2017,2017-04-05,10.64628/aa.eeacpu67t,https://doi.org/10.64628/aa.eeacpu67t,,,,,[object Object],1,other,0,,,false,false,closed,,Innovation and Knowledge Management; Global Trade and Competitiveness,2026-07-14T23:27:15.235271,2026-07-14T23:27:15.235271,openalex_orcid_only,official_orcid_to_openalex_author,high,false,false,,2026-08-29T03:05:01.770Z
uwa-finance-013,Lee Smales,A5087998313,W4413704193,"Is it time for markets to pause for breath, or will the volatility continue?",2015,2015-08-25,10.64628/aa.dd73qyxga,https://doi.org/10.64628/aa.dd73qyxga,,,,,[object Object],1,other,0,,,false,false,closed,,Economic Policies and Impacts,2026-07-14T23:27:15.235271,2026-07-14T23:27:15.235271,openalex_orcid_only,official_orcid_to_openalex_author,high,false,false,,2026-08-29T03:05:01.770Z
uwa-finance-013,Lee Smales,A5087998313,W4413713847,Budget explainer: commodity prices and the federal budget,2016,2016-04-19,10.64628/aa.s6v65vcmq,https://doi.org/10.64628/aa.s6v65vcmq,,,,,[object Object],1,other,0,,,false,false,closed,,Monetary Policy and Economic Impact; Economic Growth and Productivity; Economic Theory and Policy,2026-07-14T23:27:15.235271,2026-07-14T23:27:15.235271,openalex_orcid_only,official_orcid_to_openalex_author,high,false,false,,2026-08-29T03:05:01.770Z
uwa-finance-013,Lee Smales,A5087998313,W4413714428,The market wants Turnbull: why close election races increase volatility for investors,2016,2016-05-15,10.64628/aa.mxp75rtdh,https://doi.org/10.64628/aa.mxp75rtdh,,,,,[object Object],1,other,0,,,false,false,closed,,"Financial Markets and Investment Strategies; Fiscal Policies and Political Economy; Financial Literacy, Pension, Retirement Analysis",2026-07-14T23:27:15.235271,2026-07-14T23:27:15.235271,openalex_orcid_only,official_orcid_to_openalex_author,high,false,false,,2026-08-29T03:05:01.770Z
uwa-finance-013,Lee Smales,A5087998313,W4413715687,Explainer: why stock market panic can signal a good time to buy,2016,2016-07-06,10.64628/aa.c3yx37se4,https://doi.org/10.64628/aa.c3yx37se4,,,,,[object Object],1,other,0,,,false,true,gold,https://doi.org/10.64628/aa.c3yx37se4,Risk Management in Financial Firms; Insurance and Financial Risk Management; COVID-19 Pandemic Impacts,2026-07-14T23:27:15.235271,2026-07-14T23:27:15.235271,openalex_orcid_only,official_orcid_to_openalex_author,high,false,false,,2026-08-29T03:05:01.770Z
uwa-finance-013,Lee Smales,A5087998313,W4413716098,An uncertain election result may lead to stagnant financial markets,2016,2016-07-03,10.64628/aa.urke97sfa,https://doi.org/10.64628/aa.urke97sfa,,,,,[object Object],1,other,0,,,false,false,closed,,"Global Financial Crisis and Policies; Economic, financial, and policy analysis",2026-07-14T23:27:15.235271,2026-07-14T23:27:15.235271,openalex_orcid_only,official_orcid_to_openalex_author,high,false,false,,2026-08-29T03:05:01.770Z
uwa-finance-013,Lee Smales,A5087998313,W4413720054,Explainer: why markets care what businesses are buying,2017,2017-01-02,10.64628/aa.swd5tvys5,https://doi.org/10.64628/aa.swd5tvys5,,,,,[object Object],1,other,0,,,false,false,closed,,"Leadership and Management in Organizations; Management and Organizational Practices; Leadership, Human Resources, Global Affairs",2026-07-14T23:27:15.235271,2026-07-14T23:27:15.235271,openalex_orcid_only,official_orcid_to_openalex_author,high,false,false,,2026-08-29T03:05:01.770Z
uwa-finance-013,Lee Smales,A5087998313,W4413722303,Explainer: what is reflation and is Australia experiencing it?,2017,2017-04-26,10.64628/aa.c5apx653x,https://doi.org/10.64628/aa.c5apx653x,,,,,[object Object],1,other,0,,,false,false,closed,,Political and Economic history of UK and US,2026-07-14T23:27:15.235271,2026-07-14T23:27:15.235271,openalex_orcid_only,official_orcid_to_openalex_author,high,false,false,,2026-08-29T03:05:01.770Z
uwa-finance-013,Lee Smales,A5087998313,W4413749059,Think carefully before buying Bitcoin – and don’t buy the ‘safe haven’ claims,2018,2018-07-12,10.64628/aa.9h4shm7ep,https://doi.org/10.64628/aa.9h4shm7ep,,,,,[object Object],1,other,0,,,false,false,closed,,Global Public Health Policies and Epidemiology; Ethics in Clinical Research; Pharmaceutical industry and healthcare,2026-07-14T23:27:15.235271,2026-07-14T23:27:15.235271,openalex_orcid_only,official_orcid_to_openalex_author,high,false,false,,2026-08-29T03:05:01.770Z
uwa-finance-013,Lee Smales,A5087998313,W4413749619,Three reasons businesses are paying higher dividends rather than investing,2017,2017-03-03,10.64628/aa.h6svfp3pa,https://doi.org/10.64628/aa.h6svfp3pa,,,,,[object Object],1,other,0,,,false,false,closed,,Healthcare Policy and Management,2026-07-14T23:27:15.235271,2026-07-14T23:27:15.235271,openalex_orcid_only,official_orcid_to_openalex_author,high,false,false,,2026-08-29T03:05:01.770Z
uwa-finance-013,Lee Smales,A5087998313,W7116845819,"Estimating Volatility Thresholds for ""No News Is Good News""",2025,2025-01-01,10.2139/ssrn.5956234,https://doi.org/10.2139/ssrn.5956234,SSRN Electronic Journal,1556-5068,,1556-5068,[object Object]; [object Object]; [object Object],3,preprint,0,,,false,true,green,https://doi.org/10.2139/ssrn.5956234,Financial Risk and Volatility Modeling; Blockchain Technology Applications and Security; Market Dynamics and Volatility,2026-08-21T09:56:20.448147,2026-08-21T09:56:20.448147,openalex_orcid_only,official_orcid_to_openalex_author,high,false,false,,2026-08-29T03:05:01.770Z
uwa-finance-013,Lee Smales,A5087998313,W7134240231,Nonstandard Errors,2024,2024-06-01,10.26181/27041872,https://doi.org/10.26181/27041872,La Trobe University,,,,[object Object]; [object Object]; [object Object]; [object Object]; [object Object]; [object Object]; [object Object]; [object Object]; [object Object]; [object Object]; [object Object]; [object Object]; [object Object]; [object Object]; [object Object]; [object Object]; [object Object]; [object Object]; [object Object]; [object Object]; [object Object]; [object Object]; [object Object]; [object Object]; [object Object]; [object Object]; [object Object]; [object Object]; [object Object]; [object Object]; [object Object]; [object Object]; [object Object]; [object Object]; [object Object]; [object Object]; [object Object]; [object Object]; [object Object]; [object Object]; [object Object]; [object Object]; [object Object]; [object Object]; [object Object]; [object Object]; [object Object]; [object Object]; [object Object]; [object Object]; [object Object]; [object Object]; [object Object]; [object Object]; [object Object]; [object Object]; [object Object]; [object Object]; [object Object]; [object Object]; [object Object]; [object Object]; [object Object]; [object Object]; [object Object]; [object Object]; [object Object]; [object Object]; [object Object]; [object Object]; [object Object]; [object Object]; [object Object]; [object Object]; [object Object]; [object Object]; [object Object]; [object Object]; [object Object]; [object Object]; [object Object]; [object Object]; [object Object]; [object Object]; [object Object]; [object Object]; [object Object]; [object Object]; [object Object]; [object Object]; [object Object]; [object Object]; [object Object]; [object Object]; [object Object]; [object Object]; [object Object]; [object Object]; [object Object]; [object Object],100,article,0,0,0.56723351,false,true,green,https://doi.org/10.26181/27041872,Meta-analysis and systematic reviews; Philosophy and History of Science; Statistics Education and Methodologies,2026-08-13T07:04:57.449891,2026-08-13T07:04:57.449891,openalex_orcid_only,official_orcid_to_openalex_author,high,false,false,,2026-08-29T03:05:01.770Z
uwa-finance-013,Lee Smales,A5087998313,W7134912000,When Darkness Falls: High-Frequency Trading and Liquidity in the Australian Stock Market,2026,2026-01-01,10.2139/ssrn.6175519,https://doi.org/10.2139/ssrn.6175519,SSRN Electronic Journal,1556-5068,,1556-5068,[object Object]; [object Object]; [object Object],3,preprint,0,,,false,true,green,https://doi.org/10.2139/ssrn.6175519,Financial Markets and Investment Strategies; Financial Risk and Volatility Modeling; Stock Market Forecasting Methods,2026-08-21T09:56:20.448147,2026-08-21T09:56:20.448147,openalex_orcid_only,official_orcid_to_openalex_author,high,false,false,,2026-08-29T03:05:01.770Z
uwa-finance-014,Mosharraf Hossain,A5044858945,W4404100994,Does Green Credit Reduce Solvency Risk of Commercial Banks?,2024,2024-01-01,10.2139/ssrn.5012243,https://doi.org/10.2139/ssrn.5012243,SSRN Electronic Journal,1556-5068,,1556-5068,[object Object]; [object Object]; [object Object]; [object Object],4,preprint,1,,,false,true,green,http://dx.doi.org/10.2139/ssrn.5012243,"Sustainable Finance and Green Bonds; Energy, Environment, Economic Growth",2026-08-04T08:18:43.703281,2026-08-04T08:18:43.703281,openalex_orcid_only,official_orcid_to_openalex_author,high,false,false,,2026-08-29T03:05:01.770Z
uwa-finance-014,Mosharraf Hossain,A5044858945,W4391523263,Do Client Protection Principles Matter for the Economic and Social Performance of Microfinance Institutions?,2024,2024-01-01,10.2139/ssrn.4716471,https://doi.org/10.2139/ssrn.4716471,SSRN Electronic Journal,1556-5068,,1556-5068,[object Object]; [object Object]; [object Object],3,preprint,0,,,false,true,green,https://doi.org/10.2139/ssrn.4716471,Microfinance and Financial Inclusion,2026-08-21T09:56:20.448147,2026-08-21T09:56:20.448147,openalex_orcid_only,official_orcid_to_openalex_author,high,false,false,,2026-08-29T03:05:01.770Z
uwa-finance-014,Mosharraf Hossain,A5044858945,W4407562309,Solvency Risk of Microfinance Institutions: Does National Culture Matter?,2025,2025-01-01,10.2139/ssrn.5137800,https://doi.org/10.2139/ssrn.5137800,SSRN Electronic Journal,1556-5068,,1556-5068,[object Object]; [object Object]; [object Object],3,preprint,0,,,false,true,green,https://doi.org/10.2139/ssrn.5137800,Microfinance and Financial Inclusion; Islamic Finance and Banking Studies,2026-08-04T08:18:43.703281,2026-08-04T08:18:43.703281,openalex_orcid_only,official_orcid_to_openalex_author,high,false,false,,2026-08-29T03:05:01.770Z
uwa-finance-014,Mosharraf Hossain,A5044858945,W4415756191,Solvency Risk of Microfinance Institutions: Does National Culture Matter?,2025,2025-01-01,10.2139/ssrn.5688642,https://doi.org/10.2139/ssrn.5688642,SSRN Electronic Journal,1556-5068,,1556-5068,[object Object]; [object Object]; [object Object],3,preprint,0,,,false,true,green,https://doi.org/10.2139/ssrn.5688642,"Microfinance and Financial Inclusion; Financial Literacy, Pension, Retirement Analysis; Agricultural risk and resilience",2026-08-21T09:56:20.448147,2026-08-21T09:56:20.448147,openalex_orcid_only,official_orcid_to_openalex_author,high,false,false,,2026-08-29T03:05:01.770Z
uwa-finance-015,Paul Gerrans,A5071715697,W2166516873,Gender differences in retirement savings decisions,2004,2004-07-01,10.1017/s1474747204001477,https://doi.org/10.1017/s1474747204001477,Journal of Pensions Economics and Finance,1474-7472,1475-3022,1474-7472; 1475-3022,[object Object]; [object Object],2,article,66,7.4429,0.96550947,false,false,closed,,"Retirement, Disability, and Employment; Financial Literacy, Pension, Retirement Analysis; Gender, Labor, and Family Dynamics",2026-08-21T09:56:20.448147,2026-08-21T09:56:20.448147,openalex_orcid_only,official_orcid_to_openalex_author,high,false,false,,2026-08-29T03:05:01.770Z
uwa-finance-015,Paul Gerrans,A5071715697,W4249773661,Sustainable development and small to medium-sized enterprises: A long way to go,2013,2013-04-20,10.9774/gleaf.978-1-909493-11-7_7,https://doi.org/10.9774/gleaf.978-1-909493-11-7_7,,,,,[object Object]; [object Object],2,book-chapter,35,15.762,0.9919287,false,false,closed,,Sustainable Development and Environmental Policy; Innovation and Socioeconomic Development; Community Development and Social Impact,2026-06-11T09:08:48.828518,2026-06-11T09:08:48.828518,openalex_orcid_only,official_orcid_to_openalex_author,high,false,false,,2026-08-29T03:05:01.770Z
uwa-finance-015,Paul Gerrans,A5071715697,W2008667107,CHOICES AND RETIREMENT SAVINGS: SOME PRELIMINARY RESULTS ON SUPERANNUATION FUND MEMBER DECISIONS,2001,2001-09-01,10.1111/j.1759-3441.2001.tb00980.x,https://doi.org/10.1111/j.1759-3441.2001.tb00980.x,Economic Papers A journal of applied economics and policy,0812-0439,1759-3441,0812-0439; 1759-3441,[object Object]; [object Object],2,article,19,0.9151,0.81552899,false,false,closed,,Monetary Policy and Economic Impact; Financial Markets and Investment Strategies; Housing Market and Economics,2026-08-21T09:56:20.448147,2026-08-21T09:56:20.448147,openalex_orcid_only,official_orcid_to_openalex_author,high,false,false,,2026-08-29T03:05:01.770Z
uwa-finance-015,Paul Gerrans,A5071715697,W1573074431,What makes superannuation decisions difficult,2002,2002-01-01,,https://admin.research-repository.uwa.edu.au/en/publications/aee88b2a-0dea-456d-a477-61c29651655a,UWA Profiles and Research Repository (University of Western Australia),,,,[object Object]; [object Object]; [object Object],3,article,18,0.9974,0.85533172,false,false,closed,,Economic Policies and Impacts; Innovation Policy and R&D; Regional Development and Policy,2026-07-02T09:51:11.867554,2026-07-02T09:51:11.867554,openalex_orcid_only,official_orcid_to_openalex_author,high,false,false,,2026-08-29T03:05:01.770Z
uwa-finance-015,Paul Gerrans,A5071715697,W2495324240,Sustainable development and small to mediumsized enterprises,2017,2017-09-08,10.4324/9781351282840-6,https://doi.org/10.4324/9781351282840-6,,,,,[object Object]; [object Object],2,book-chapter,29,4.2887,0.94026723,false,false,closed,,Environmental Sustainability in Business,2026-07-29T09:40:50.615796,2026-07-29T09:40:50.615796,openalex_orcid_only,official_orcid_to_openalex_author,high,false,false,,2026-08-29T03:05:01.770Z
uwa-finance-015,Paul Gerrans,A5071715697,W3195220078,"Cognitive functioning, financial literacy, and judgment in older age",2021,2021-08-22,10.1111/acfi.12835,https://doi.org/10.1111/acfi.12835,Accounting and Finance,0810-5391,1467-629X,0810-5391; 1467-629X,[object Object]; [object Object]; [object Object],3,article,7,1.4069,0.83069098,false,false,closed,,"Financial Literacy, Pension, Retirement Analysis; Insurance, Mortality, Demography, Risk Management; Retirement, Disability, and Employment",2026-08-21T09:56:20.448147,2026-08-21T09:56:20.448147,openalex_orcid_only,official_orcid_to_openalex_author,high,false,false,,2026-08-29T03:05:01.770Z
uwa-finance-015,Paul Gerrans,A5071715697,W1993927951,Consultation and resource usage in retirement savings decisions,2001,2001-12-30,10.1016/s1057-0810(01)00086-5,https://doi.org/10.1016/s1057-0810(01)00086-5,Financial Services Review,1057-0810,1873-5673,1057-0810; 1873-5673,[object Object]; [object Object],2,article,28,2.144,0.91445039,false,true,diamond,https://doi.org/10.1016/s1057-0810(01)00086-5,"Financial Literacy, Pension, Retirement Analysis; Housing, Finance, and Neoliberalism; Housing Market and Economics",2026-08-01T09:00:35.917206,2026-08-01T09:00:35.917206,openalex_orcid_only,official_orcid_to_openalex_author,high,false,false,,2026-08-29T03:05:01.770Z
uwa-finance-015,Paul Gerrans,A5071715697,W2137090440,Australian Managed Fund Ratings and Individual Investors,2004,2004-06-01,10.1177/031289620402900111,https://doi.org/10.1177/031289620402900111,Australian Journal of Management,0312-8962,1327-2020,0312-8962; 1327-2020,[object Object],1,article,15,3.9568,0.94197685,false,false,closed,,"Housing Market and Economics; Financial Markets and Investment Strategies; Financial Literacy, Pension, Retirement Analysis",2026-08-21T09:56:20.448147,2026-08-21T09:56:20.448147,openalex_orcid_only,official_orcid_to_openalex_author,high,false,false,,2026-08-29T03:05:01.770Z
uwa-finance-015,Paul Gerrans,A5071715697,W1500105134,Women's 'Problems' with Finance and Investment - A Result of Gender Differences in Information Processing?,2002,2002-01-01,,https://ro.ecu.edu.au/ecuworks/3856,Research Online (Edith Cowan University),,,,[object Object]; [object Object],2,conference-paper,6,0,0.11587983,false,false,closed,,"Gender, Labor, and Family Dynamics",2026-08-01T09:00:35.917206,2026-08-01T09:00:35.917206,openalex_orcid_only,official_orcid_to_openalex_author,high,false,false,,2026-08-29T03:05:01.770Z
uwa-finance-015,Paul Gerrans,A5071715697,W2106287095,Using Digital Lectures to Assist Student Learning,2010,2010-01-01,,https://ro.ecu.edu.au/eculture/vol3/iss1/17,Australasian Journal of Paramedicine,2202-7270,,2202-7270,[object Object]; [object Object]; [object Object],3,article,6,0.2781,0.68959795,false,true,green,https://ro.ecu.edu.au/cgi/viewcontent.cgi?article=1114&context=eculture,Visual and Cognitive Learning Processes; Online and Blended Learning; Innovations in Educational Methods,2026-08-18T07:49:30.821534,2026-08-18T07:49:30.821534,openalex_orcid_only,official_orcid_to_openalex_author,high,false,false,,2026-08-29T03:05:01.770Z
uwa-finance-015,Paul Gerrans,A5071715697,W2023844511,The Behaviour of Socially Responsible Investments as Financial Assets,2004,2004-11-01,10.1111/j.1835-2561.2004.tb00236.x,https://doi.org/10.1111/j.1835-2561.2004.tb00236.x,Australian Accounting Review,1035-6908,1835-2561,1035-6908; 1835-2561,[object Object]; [object Object]; [object Object],3,article,4,0.7893,0.84292736,false,false,closed,,Corporate Social Responsibility Reporting; Community Development and Social Impact; Sustainable Building Design and Assessment,2026-08-21T09:56:20.448147,2026-08-21T09:56:20.448147,openalex_orcid_only,official_orcid_to_openalex_author,high,false,false,,2026-08-29T03:05:01.770Z
uwa-finance-015,Paul Gerrans,A5071715697,W2153064802,APPARENTLY CONTRADICTORY SUPERANNUATION CHOICES AMONG YOUNGER FUND MEMBERS: A MISUNDERSTANDING OF RISK?,2004,2004-06-01,10.1111/j.1759-3441.2004.tb00357.x,https://doi.org/10.1111/j.1759-3441.2004.tb00357.x,Economic Papers A journal of applied economics and policy,0812-0439,1759-3441,0812-0439; 1759-3441,[object Object]; [object Object],2,article,7,2.3411,0.92622713,false,true,bronze,https://onlinelibrary.wiley.com/doi/pdfdirect/10.1111/j.1759-3441.2004.tb00357.x,"Financial Literacy, Pension, Retirement Analysis; Housing Market and Economics; Fiscal Policy and Economic Growth",2026-08-22T07:34:49.880490,2026-08-22T07:34:49.880490,openalex_orcid_only,official_orcid_to_openalex_author,high,false,false,,2026-08-29T03:05:01.770Z
uwa-finance-015,Paul Gerrans,A5071715697,W1594169026,Decision Making Clusters and Gender Issues in Retirement Savings,2006,2006-01-01,,https://ro.ecu.edu.au/ecuworks/1762,Research Online (Edith Cowan University),,,,[object Object]; [object Object]; [object Object],3,conference-paper,3,2.1464,0.88476563,false,false,closed,,"Retirement, Disability, and Employment; Financial Literacy, Pension, Retirement Analysis; Global Health Care Issues",2026-08-01T09:00:35.917206,2026-08-01T09:00:35.917206,openalex_orcid_only,official_orcid_to_openalex_author,high,false,false,,2026-08-29T03:05:01.770Z
uwa-finance-015,Paul Gerrans,A5071715697,W2181981313,MUTUAL FUND INVESTMENT CHOICE CRITERIA: A STUDY IN MALAYSIA,2013,2013-01-01,,http://www.ijern.com/images/April-2013/33.pdf,,,,,[object Object]; [object Object]; [object Object],3,article,3,0,0.25766029,false,false,closed,,"Islamic Finance and Banking Studies; Microfinance and Financial Inclusion; Banking stability, regulation, efficiency",2026-06-11T09:08:48.828518,2026-06-11T09:08:48.828518,openalex_orcid_only,official_orcid_to_openalex_author,high,false,false,,2026-08-29T03:05:01.770Z
uwa-finance-015,Paul Gerrans,A5071715697,W2168681466,Psychological determinants of retirement savings behaviour: An application of the theory of planned behaviour,2012,2012-12-06,,https://ro.ecu.edu.au/ecuworks2012/17,Edith Cowan University Research Online (Edith Cowan University),,,,[object Object]; [object Object]; [object Object],3,article,1,0,0.26037098,false,false,closed,,"Financial Literacy, Pension, Retirement Analysis",2026-08-01T09:00:35.917206,2026-08-01T09:00:35.917206,openalex_orcid_only,official_orcid_to_openalex_author,high,false,false,,2026-08-29T03:05:01.770Z
uwa-finance-015,Paul Gerrans,A5071715697,W3125899391,Decision Making Clusters in Retirement Savings: Gender Differences Dominate,2012,2012-09-16,,https://research-repository.uwa.edu.au/en/publications/892fc0cc-24b0-4168-8a86-aebc894295ee,UWA Profiles and Research Repository (University of Western Australia),,,,[object Object]; [object Object]; [object Object],3,article,1,0.7112,0.85038129,false,true,green,https://papers.ssrn.com/sol3/papers.cfm?abstract_id=2147525,"Financial Literacy, Pension, Retirement Analysis; Retirement, Disability, and Employment; Global Health Care Issues",2026-07-14T23:32:53.992493,2026-07-14T23:32:53.992493,openalex_orcid_only,official_orcid_to_openalex_author,high,false,false,,2026-08-29T03:05:01.770Z
uwa-finance-015,Paul Gerrans,A5071715697,W2040141902,Individual Financial Risk Tolerance and the Global Financial Crisis,2012,2012-01-01,10.2139/ssrn.1990811,https://doi.org/10.2139/ssrn.1990811,SSRN Electronic Journal,1556-5068,,1556-5068,[object Object]; [object Object]; [object Object],3,preprint,22,,,false,true,green,https://doi.org/10.2139/ssrn.1990811,"Insurance and Financial Risk Management; Financial Literacy, Pension, Retirement Analysis; Agricultural risk and resilience",2026-08-21T09:56:20.448147,2026-08-21T09:56:20.448147,openalex_orcid_only,official_orcid_to_openalex_author,high,false,false,,2026-08-29T03:05:01.770Z
uwa-finance-015,Paul Gerrans,A5071715697,W121269818,"Financial Adviser Anxiety, Financial Literacy and Financial Advice Seeking",2014,2014-01-01,10.2139/ssrn.2413095,https://doi.org/10.2139/ssrn.2413095,SSRN Electronic Journal,1556-5068,,1556-5068,[object Object]; [object Object],2,preprint,12,,,false,true,green,https://doi.org/10.2139/ssrn.2413095,"Financial Literacy, Pension, Retirement Analysis; Financial Markets and Investment Strategies; Housing Market and Economics",2026-08-21T09:56:20.448147,2026-08-21T09:56:20.448147,openalex_orcid_only,official_orcid_to_openalex_author,high,false,false,,2026-08-29T03:05:01.770Z
uwa-finance-015,Paul Gerrans,A5071715697,W2077039447,Retirement Savings Investment Choices in Response to the Global Financial Crisis: Australian Evidence,2010,2010-01-01,10.2139/ssrn.1623549,https://doi.org/10.2139/ssrn.1623549,SSRN Electronic Journal,1556-5068,,1556-5068,[object Object],1,preprint,12,,,false,true,green,https://doi.org/10.2139/ssrn.1623549,"Financial Literacy, Pension, Retirement Analysis; Housing Market and Economics; Retirement, Disability, and Employment",2026-08-21T09:56:20.448147,2026-08-21T09:56:20.448147,openalex_orcid_only,official_orcid_to_openalex_author,high,false,false,,2026-08-29T03:05:01.770Z
uwa-finance-015,Paul Gerrans,A5071715697,W2568819348,An economic valuation of the Jandakot wetlands,1994,1994-01-01,,https://ro.ecu.edu.au/ecuworks/6867,Australasian Journal of Paramedicine,2202-7270,,2202-7270,[object Object],1,other,10,,,false,true,green,https://ro.ecu.edu.au/cgi/viewcontent.cgi?article=7867&context=ecuworks,Economic and Environmental Valuation,2026-08-21T09:56:20.448147,2026-08-21T09:56:20.448147,openalex_orcid_only,official_orcid_to_openalex_author,high,false,false,,2026-08-29T03:05:01.770Z
uwa-finance-015,Paul Gerrans,A5071715697,W2220429784,Retirement Savings Investment Decisions: Evidence from Malaysia,2014,2014-01-01,10.2139/ssrn.2399817,https://doi.org/10.2139/ssrn.2399817,SSRN Electronic Journal,1556-5068,,1556-5068,[object Object]; [object Object],2,preprint,9,,,false,true,green,https://doi.org/10.2139/ssrn.2399817,"Financial Literacy, Pension, Retirement Analysis; Islamic Finance and Banking Studies; Intergenerational Family Dynamics and Caregiving",2026-08-04T08:18:43.703281,2026-08-04T08:18:43.703281,openalex_orcid_only,official_orcid_to_openalex_author,high,false,false,,2026-08-29T03:05:01.770Z
uwa-finance-015,Paul Gerrans,A5071715697,W4252183328,Are Value-Behavior Relations Stronger than Previously Thought? It depends on value importance,2021,2021-02-09,10.31234/osf.io/hyn2e,https://doi.org/10.31234/osf.io/hyn2e,,,,,[object Object]; [object Object]; [object Object]; [object Object]; [object Object]; [object Object]; [object Object],7,preprint,8,,,false,true,gold,https://psyarxiv.com/hyn2e/download,Psychology of Moral and Emotional Judgment; Cultural Differences and Values; Social and Intergroup Psychology,2026-08-21T09:56:20.448147,2026-08-21T09:56:20.448147,openalex_orcid_only,official_orcid_to_openalex_author,high,false,false,,2026-08-29T03:05:01.770Z
uwa-finance-015,Paul Gerrans,A5071715697,W205350238,"The Role of Undergraduate Personal Finance Education in Financial Literacy, Financial Attitudes and Financial Behaviours",2014,2014-01-01,10.2139/ssrn.2537344,https://doi.org/10.2139/ssrn.2537344,SSRN Electronic Journal,1556-5068,,1556-5068,[object Object]; [object Object],2,preprint,5,,,false,true,green,https://doi.org/10.2139/ssrn.2537344,"Financial Literacy, Pension, Retirement Analysis; Microfinance and Financial Inclusion",2026-08-13T07:04:57.449891,2026-08-13T07:04:57.449891,openalex_orcid_only,official_orcid_to_openalex_author,high,false,false,,2026-08-29T03:05:01.770Z
uwa-finance-015,Paul Gerrans,A5071715697,W1975999823,Individual Investor Portfolio Performance in Retirement Savings Accounts,2013,2013-01-01,10.2139/ssrn.2256854,https://doi.org/10.2139/ssrn.2256854,SSRN Electronic Journal,1556-5068,,1556-5068,[object Object]; [object Object]; [object Object],3,preprint,4,,,false,true,green,https://doi.org/10.2139/ssrn.2256854,"Financial Literacy, Pension, Retirement Analysis; Housing Market and Economics; Financial Markets and Investment Strategies",2026-08-21T09:56:20.448147,2026-08-21T09:56:20.448147,openalex_orcid_only,official_orcid_to_openalex_author,high,false,false,,2026-08-29T03:05:01.770Z
uwa-finance-015,Paul Gerrans,A5071715697,W2581518033,Retirement savings investment strategy : member choices and performance,2008,2008-01-01,,https://ro.ecu.edu.au/ecuworks/6983,Australasian Journal of Paramedicine,2202-7270,,2202-7270,[object Object]; [object Object]; [object Object],3,other,4,,,false,true,green,https://ro.ecu.edu.au/ecuworks/6983,"Financial Literacy, Pension, Retirement Analysis; Housing Market and Economics; Housing, Finance, and Neoliberalism",2026-08-18T07:49:30.821534,2026-08-18T07:49:30.821534,openalex_orcid_only,official_orcid_to_openalex_author,high,false,false,,2026-08-29T03:05:01.770Z
uwa-finance-015,Paul Gerrans,A5071715697,W2914037978,Investigating the Influence of Cognitive Decline on the Quality of Financial Decision-Making in Older Adults: The Case of Self-Managed Superannuation Funds,2013,2013-01-01,10.2139/ssrn.2261105,https://doi.org/10.2139/ssrn.2261105,SSRN Electronic Journal,1556-5068,,1556-5068,[object Object]; [object Object]; [object Object]; [object Object],4,preprint,3,,,false,true,green,https://doi.org/10.2139/ssrn.2261105,"Retirement, Disability, and Employment; Financial Literacy, Pension, Retirement Analysis; Insurance, Mortality, Demography, Risk Management",2026-08-04T08:18:43.703281,2026-08-04T08:18:43.703281,openalex_orcid_only,official_orcid_to_openalex_author,high,false,false,,2026-08-29T03:05:01.770Z
uwa-finance-015,Paul Gerrans,A5071715697,W2112170091,Managed Fund Advertising - Progress Report,2002,2002-01-01,,https://download.asic.gov.au/media/1338146/gerrans_report.pdf,,,,,[object Object],1,article,2,0,0.23546154,false,false,closed,,Financial Markets and Investment Strategies; Corporate Finance and Governance; Housing Market and Economics,2025-11-06T04:12:42.849631,2025-11-06T04:12:42.849631,openalex_orcid_only,official_orcid_to_openalex_author,high,false,false,,2026-08-29T03:05:01.770Z
uwa-finance-015,Paul Gerrans,A5071715697,W2217649209,"The Demand for Advice in Defined Contribution Pension Plans: Age, Gender, and the Size-of-Bet Effect",2015,2015-01-01,10.2139/ssrn.2551819,https://doi.org/10.2139/ssrn.2551819,SSRN Electronic Journal,1556-5068,,1556-5068,[object Object]; [object Object]; [object Object],3,preprint,2,,,false,true,green,https://doi.org/10.2139/ssrn.2551819,"Financial Literacy, Pension, Retirement Analysis; Retirement, Disability, and Employment; demographic modeling and climate adaptation",2026-08-21T09:56:20.448147,2026-08-21T09:56:20.448147,openalex_orcid_only,official_orcid_to_openalex_author,high,false,false,,2026-08-29T03:05:01.770Z
uwa-finance-015,Paul Gerrans,A5071715697,W4242278310,Financial Literacy and Financial Advice Seeking in an Ageing Australia,2013,2013-01-01,10.2139/ssrn.2251766,https://doi.org/10.2139/ssrn.2251766,SSRN Electronic Journal,1556-5068,,1556-5068,[object Object]; [object Object],2,preprint,2,,,false,true,green,https://doi.org/10.2139/ssrn.2251766,"Financial Literacy, Pension, Retirement Analysis; Retirement, Disability, and Employment; Housing, Finance, and Neoliberalism",2026-08-21T09:56:20.448147,2026-08-21T09:56:20.448147,openalex_orcid_only,official_orcid_to_openalex_author,high,false,false,,2026-08-29T03:05:01.770Z
uwa-finance-015,Paul Gerrans,A5071715697,W4388240563,More than Objective Knowledge: Exploring Heterogeneity in Consumer Response to a Financial Education Initiative Across Multiple Domains of Financial Literacy,2023,2023-01-01,10.2139/ssrn.4620801,https://doi.org/10.2139/ssrn.4620801,SSRN Electronic Journal,1556-5068,,1556-5068,[object Object]; [object Object]; [object Object]; [object Object],4,preprint,1,,,false,true,green,https://doi.org/10.2139/ssrn.4620801,"Financial Literacy, Pension, Retirement Analysis; Housing Market and Economics; Microfinance and Financial Inclusion",2026-08-21T09:56:20.448147,2026-08-21T09:56:20.448147,openalex_orcid_only,official_orcid_to_openalex_author,high,false,false,,2026-08-29T03:05:01.770Z
uwa-finance-015,Paul Gerrans,A5071715697,W4413610098,"The royal commission should result not only in new regulation, but new education",2018,2018-08-16,10.64628/aa.ydtujcmuj,https://doi.org/10.64628/aa.ydtujcmuj,,,,,[object Object]; [object Object]; [object Object],3,other,1,,,false,false,closed,,Healthcare Systems and Challenges,2026-07-14T23:27:15.235271,2026-07-14T23:27:15.235271,openalex_orcid_only,official_orcid_to_openalex_author,high,false,false,,2026-08-29T03:05:01.770Z
uwa-finance-015,Paul Gerrans,A5071715697,W1551841517,Asset Allocation and Age Effects in Superannuation Investment Choice,2006,2006-01-01,,https://ro.ecu.edu.au/ecuworks/1763,Edith Cowan University Research Online (Edith Cowan University),,,,[object Object]; [object Object]; [object Object],3,conference-paper,0,0,0.11958146,false,false,closed,,"Financial Literacy, Pension, Retirement Analysis; Housing Market and Economics; Retirement, Disability, and Employment",2026-08-01T09:00:35.917206,2026-08-01T09:00:35.917206,openalex_orcid_only,official_orcid_to_openalex_author,high,false,false,,2026-08-29T03:05:01.770Z
uwa-finance-015,Paul Gerrans,A5071715697,W1598286236,Website development by Australian superannuation funds - An industry in transition,2003,2003-01-01,,https://ro.ecu.edu.au/ecuworks/3198,Research Online (Edith Cowan University),,,,[object Object]; [object Object],2,conference-paper,0,0,0.18075117,false,false,closed,,Private Equity and Venture Capital; Financial Reporting and XBRL; Publishing and Scholarly Communication,2026-08-01T09:00:35.917206,2026-08-01T09:00:35.917206,openalex_orcid_only,official_orcid_to_openalex_author,high,false,false,,2026-08-29T03:05:01.770Z
uwa-finance-015,Paul Gerrans,A5071715697,W2097386423,Superannuation Fund Communications in Good and Bad Times,2012,2012-01-01,,https://ro.ecu.edu.au/ecuworks2012/708,Australasian Journal of Paramedicine,2202-7270,,2202-7270,[object Object]; [object Object]; [object Object],3,article,0,0,0.18638329,false,true,green,https://ro.ecu.edu.au/ecuworks2012/708,"Credit Risk and Financial Regulations; Banking stability, regulation, efficiency",2026-08-18T07:49:30.821534,2026-08-18T07:49:30.821534,openalex_orcid_only,official_orcid_to_openalex_author,high,false,false,,2026-08-29T03:05:01.770Z
uwa-finance-015,Paul Gerrans,A5071715697,W2109568395,How super is on-line super?,2001,2001-01-01,,https://ro.ecu.edu.au/ecuworks/4694,Research Online (Edith Cowan University),,,,[object Object]; [object Object],2,conference-paper,0,0,0.21671018,false,false,closed,,Technology Adoption and User Behaviour; Outsourcing and Supply Chain Management; Information Systems Education and Curriculum Development,2026-08-01T09:00:35.917206,2026-08-01T09:00:35.917206,openalex_orcid_only,official_orcid_to_openalex_author,high,false,false,,2026-08-29T03:05:01.770Z
uwa-finance-015,Paul Gerrans,A5071715697,W2200016759,"An Economic Valuation of the Resource Costs of Groundwater and Alternative Land-Uses at Bandicoot, Perth",1992,1992-01-01,,https://ecompapers.biz.uwa.edu.au/paper/PDF%20of%20Discussion%20Papers/1992/92-02%20Gerrans%2C%20P.pdf,RePEc: Research Papers in Economics,,,,[object Object]; [object Object],2,preprint,0,,,false,false,closed,,Water resources management and optimization; Housing Market and Economics; Economic and Environmental Valuation,2026-08-11T07:18:39.950985,2026-08-11T07:18:39.950985,openalex_orcid_only,official_orcid_to_openalex_author,high,false,false,,2026-08-29T03:05:01.770Z
uwa-finance-015,Paul Gerrans,A5071715697,W2210104573,Sophistication in Retirement Savings Investment Choices,2010,2010-01-01,10.2139/ssrn.1636111,https://doi.org/10.2139/ssrn.1636111,SSRN Electronic Journal,1556-5068,,1556-5068,[object Object]; [object Object],2,preprint,0,,,false,true,green,https://doi.org/10.2139/ssrn.1636111,"Financial Literacy, Pension, Retirement Analysis; Housing Market and Economics; Insurance, Mortality, Demography, Risk Management",2026-08-21T09:56:20.448147,2026-08-21T09:56:20.448147,openalex_orcid_only,official_orcid_to_openalex_author,high,false,false,,2026-08-29T03:05:01.770Z
uwa-finance-015,Paul Gerrans,A5071715697,W2270567841,When Cognitive Functioning Meets Financial Literacy and Judgment in Older Age: Advising Those Self-Managing Retirement Savings,2015,2015-01-01,10.2139/ssrn.2562239,https://doi.org/10.2139/ssrn.2562239,SSRN Electronic Journal,1556-5068,,1556-5068,[object Object]; [object Object]; [object Object],3,preprint,0,,,false,true,green,https://doi.org/10.2139/ssrn.2562239,"Financial Literacy, Pension, Retirement Analysis; Retirement, Disability, and Employment; Insurance, Mortality, Demography, Risk Management",2026-08-21T09:56:20.448147,2026-08-21T09:56:20.448147,openalex_orcid_only,official_orcid_to_openalex_author,high,false,false,,2026-08-29T03:05:01.770Z
uwa-finance-015,Paul Gerrans,A5071715697,W2473677210,Does the cognitive reflec tion test measure cognitive reflec tion? A mathematical modeling approach,2013,2013-01-01,,https://research-repository.uwa.edu.au/en/publications/78da7e07-bd7f-4518-aedf-398a9bc65015,UWA Profiles and Research Repository (University of Western Australia),,,,[object Object]; [object Object],2,article,0,0,0.21168385,false,false,closed,,Decision-Making and Behavioral Economics; Intelligent Tutoring Systems and Adaptive Learning; Neural and Behavioral Psychology Studies,2026-07-19T07:52:34.831488,2026-07-19T07:52:34.831488,openalex_orcid_only,official_orcid_to_openalex_author,high,false,false,,2026-08-29T03:05:01.770Z
uwa-finance-015,Paul Gerrans,A5071715697,W2585393012,Gender differences in information resource usage when making retirement saving decisions,2001,2001-01-01,,https://ro.ecu.edu.au/ecuworks/6967,Australasian Journal of Paramedicine,2202-7270,,2202-7270,[object Object]; [object Object],2,other,0,,,false,true,green,https://ro.ecu.edu.au/ecuworks/6967,"Financial Literacy, Pension, Retirement Analysis; Retirement, Disability, and Employment; Insurance, Mortality, Demography, Risk Management",2026-08-04T08:18:43.703281,2026-08-04T08:18:43.703281,openalex_orcid_only,official_orcid_to_openalex_author,high,false,false,,2026-08-29T03:05:01.770Z
uwa-finance-015,Paul Gerrans,A5071715697,W2751404989,Milestone Birthdays and Retirement Investment Behaviour,2017,2017-01-01,10.2139/ssrn.3020958,https://doi.org/10.2139/ssrn.3020958,SSRN Electronic Journal,1556-5068,,1556-5068,[object Object]; [object Object]; [object Object],3,preprint,0,,,false,true,green,https://doi.org/10.2139/ssrn.3020958,"Financial Literacy, Pension, Retirement Analysis; Retirement, Disability, and Employment; Global Health Care Issues",2026-08-04T08:18:43.703281,2026-08-04T08:18:43.703281,openalex_orcid_only,official_orcid_to_openalex_author,high,false,false,,2026-08-29T03:05:01.770Z
uwa-finance-015,Paul Gerrans,A5071715697,W2897254550,Determinants of advice seeking within defined contribution retirement savings schemes,2018,2018-08-28,,https://eprints.soas.ac.uk/26341/1/Clark_Determinants_of_advise_seeking_within_defined_contribution.pdf,SOAS Research Online (SOAS University of London),,,,[object Object]; [object Object]; [object Object],3,article,0,0,0.15332673,false,false,closed,,"Financial Literacy, Pension, Retirement Analysis; Retirement, Disability, and Employment; Gender, Labor, and Family Dynamics",2026-08-11T07:18:39.950985,2026-08-11T07:18:39.950985,openalex_orcid_only,official_orcid_to_openalex_author,high,false,false,,2026-08-29T03:05:01.770Z
uwa-finance-015,Paul Gerrans,A5071715697,W2911288325,Teaching Financial Literacy at University: Online and Face-to-Face Evaluations,2017,2017-01-01,10.2139/ssrn.3021787,https://doi.org/10.2139/ssrn.3021787,SSRN Electronic Journal,1556-5068,,1556-5068,[object Object]; [object Object]; [object Object],3,preprint,0,,,false,true,green,https://doi.org/10.2139/ssrn.3021787,"Financial Literacy, Pension, Retirement Analysis; Housing Market and Economics; Housing, Finance, and Neoliberalism",2026-07-28T07:46:37.118299,2026-07-28T07:46:37.118299,openalex_orcid_only,official_orcid_to_openalex_author,high,false,false,,2026-08-29T03:05:01.770Z
uwa-finance-015,Paul Gerrans,A5071715697,W2914114726,Belief Bias Syllogism Test,2014,2014-01-01,10.1037/t47214-000,https://doi.org/10.1037/t47214-000,PsycTESTS Dataset,,,,[object Object]; [object Object],2,dataset,0,,,false,false,closed,,Health and Well-being Studies,2026-06-11T09:08:48.828518,2026-06-11T09:08:48.828518,openalex_orcid_only,official_orcid_to_openalex_author,high,false,false,,2026-08-29T03:05:01.770Z
uwa-finance-015,Paul Gerrans,A5071715697,W2978839380,A Comparison of Methods and Recent Australian Estimates,2003,2003-01-01,,https://www.jstor.org/stable/20053924,,,,,[object Object]; [object Object]; [object Object],3,article,0,0,0.43050583,false,false,closed,,"demographic modeling and climate adaptation; Energy, Environment, and Transportation Policies; Economic and Environmental Valuation",2026-06-11T09:08:48.828518,2026-06-11T09:08:48.828518,openalex_orcid_only,official_orcid_to_openalex_author,high,false,false,,2026-08-29T03:05:01.770Z
uwa-finance-015,Paul Gerrans,A5071715697,W2995435158,A mathematical model of the cognitive reflection test,2013,2013-01-01,,https://researchrepository.murdoch.edu.au/id/eprint/53879/,Murdoch Research Repository (Murdoch University),,,,[object Object]; [object Object],2,conference-paper,0,0,0.55251242,false,false,closed,,Reflective Practices in Education; Educational and Psychological Assessments,2026-07-29T14:22:42.915294,2026-07-29T14:22:42.915294,openalex_orcid_only,official_orcid_to_openalex_author,high,false,false,,2026-08-29T03:05:01.770Z
uwa-finance-015,Paul Gerrans,A5071715697,W3111381510,Leisure Activities Measure,2015,2015-01-01,10.1037/t54371-000,https://doi.org/10.1037/t54371-000,PsycTESTS Dataset,,,,[object Object]; [object Object]; [object Object],3,dataset,0,,,false,false,closed,,,2026-06-11T09:08:48.828518,2026-06-11T09:08:48.828518,openalex_orcid_only,official_orcid_to_openalex_author,high,false,false,,2026-08-29T03:05:01.770Z
uwa-finance-015,Paul Gerrans,A5071715697,W3123540815,"Financial Literacy, Financial Judgement, and Retirement Self-Efficacy of Older Trustees of Self-Managed Superannuation Funds",2015,2015-08-01,,https://research-repository.uwa.edu.au/en/publications/204b9788-e327-4394-a34f-f1e42f47bf8f,UWA Profiles and Research Repository (University of Western Australia),,,,[object Object]; [object Object]; [object Object]; [object Object],4,article,0,0,0.5902366,false,false,closed,,"Financial Literacy, Pension, Retirement Analysis",2026-06-11T09:08:48.828518,2026-06-11T09:08:48.828518,openalex_orcid_only,official_orcid_to_openalex_author,high,false,false,,2026-08-29T03:05:01.770Z
uwa-finance-015,Paul Gerrans,A5071715697,W354098909,The use and usefulness of managed fund ratings in Australia,2002,2002-01-01,,https://ro.ecu.edu.au/theses/759,Australasian Journal of Paramedicine,2202-7270,,2202-7270,[object Object],1,dissertation,0,,,false,false,closed,,"Housing, Finance, and Neoliberalism",2026-08-18T07:49:30.821534,2026-08-18T07:49:30.821534,openalex_orcid_only,official_orcid_to_openalex_author,high,false,false,,2026-08-29T03:05:01.770Z
uwa-finance-015,Paul Gerrans,A5071715697,W4251749335,Planning Preparedness Measure,2010,2010-01-01,10.1037/t22802-000,https://doi.org/10.1037/t22802-000,PsycTESTS Dataset,,,,[object Object]; [object Object]; [object Object],3,dataset,0,,,false,false,closed,,Construction Project Management and Performance; Complex Systems and Decision Making,2026-06-11T09:08:48.828518,2026-06-11T09:08:48.828518,openalex_orcid_only,official_orcid_to_openalex_author,high,false,false,,2026-08-29T03:05:01.770Z
uwa-finance-015,Paul Gerrans,A5071715697,W4365788044,Retirement Savings Behaviours and Covid-19: Evidence from Thailand,2023,2023-01-01,10.2139/ssrn.4415829,https://doi.org/10.2139/ssrn.4415829,SSRN Electronic Journal,1556-5068,,1556-5068,[object Object]; [object Object]; [object Object],3,preprint,0,,,false,true,green,https://doi.org/10.2139/ssrn.4415829,"Financial Literacy, Pension, Retirement Analysis; Retirement, Disability, and Employment; Global Health Care Issues",2026-08-21T09:56:20.448147,2026-08-21T09:56:20.448147,openalex_orcid_only,official_orcid_to_openalex_author,high,false,false,,2026-08-29T03:05:01.770Z
uwa-finance-015,Paul Gerrans,A5071715697,W4409069822,"Can We Blame Parents, Gender-role Attitudes, or Both for the Financial Literacy Gender-gap? Exploring Evidence of Gendered Socialisation and Transmission of Financial Skills",2025,2025-01-01,10.2139/ssrn.5190646,https://doi.org/10.2139/ssrn.5190646,SSRN Electronic Journal,1556-5068,,1556-5068,[object Object]; [object Object],2,preprint,0,,,false,true,green,https://doi.org/10.2139/ssrn.5190646,"Financial Literacy, Pension, Retirement Analysis; Microfinance and Financial Inclusion",2026-08-21T09:56:20.448147,2026-08-21T09:56:20.448147,openalex_orcid_only,official_orcid_to_openalex_author,high,false,false,,2026-08-29T03:05:01.770Z
uwa-finance-015,Paul Gerrans,A5071715697,W4413695875,Why Australians don’t make extra super contributions,2014,2014-04-15,10.64628/aa.q9mp9x4qm,https://doi.org/10.64628/aa.q9mp9x4qm,,,,,[object Object]; [object Object]; [object Object],3,other,0,,,false,false,closed,,Human Resource and Talent Management,2026-07-14T23:27:15.235271,2026-07-14T23:27:15.235271,openalex_orcid_only,official_orcid_to_openalex_author,high,false,false,,2026-08-29T03:05:01.770Z
uwa-finance-015,Paul Gerrans,A5071715697,W4413726468,How our peers influence our superannuation decisions,2018,2018-04-03,10.64628/aa.vhj4fmrdf,https://doi.org/10.64628/aa.vhj4fmrdf,,,,,[object Object]; [object Object]; [object Object],3,other,0,,,false,false,closed,,Higher Education Learning Practices,2026-07-14T23:27:15.235271,2026-07-14T23:27:15.235271,openalex_orcid_only,official_orcid_to_openalex_author,high,false,false,,2026-08-29T03:05:01.770Z
uwa-finance-015,Paul Gerrans,A5071715697,W7137858638,Great (Retirement) Expectations: A Review of Retirement Income Policy and Changes to Expected and Preferred Retirement Age of Australian Workers,2026,2026-01-01,10.2139/ssrn.6332758,https://doi.org/10.2139/ssrn.6332758,SSRN Electronic Journal,1556-5068,,1556-5068,[object Object]; [object Object]; [object Object],3,preprint,0,,,false,true,green,https://doi.org/10.2139/ssrn.6332758,"Retirement, Disability, and Employment; demographic modeling and climate adaptation; Financial Literacy, Pension, Retirement Analysis",2026-08-21T09:56:20.448147,2026-08-21T09:56:20.448147,openalex_orcid_only,official_orcid_to_openalex_author,high,false,false,,2026-08-29T03:05:01.770Z
uwa-finance-015,Paul Gerrans,A5071715697,W7154835671,Artificial Intelligence Adoption and Digital Financial Resilience Effects on Performance in Digital-Based Financial Institutions Australia,2026,2026-03-14,10.71154/z2y18k08,https://doi.org/10.71154/z2y18k08,International Journal Business and Entrepreneurship,3090-7837,,3090-7837,[object Object]; [object Object]; [object Object],3,article,0,0,0.34685988,false,true,hybrid,https://journal.iconpublisherindonesia.com/index.php/ijbae/article/download/129/98,"Financial Distress and Bankruptcy Prediction; FinTech, Crowdfunding, Digital Finance; Supply Chain Resilience and Risk Management",2026-08-21T09:56:20.448147,2026-08-21T09:56:20.448147,openalex_orcid_only,official_orcid_to_openalex_author,high,false,false,,2026-08-29T03:05:01.770Z
uwa-finance-016,Raymond Da Silva Rosa,A5032417652,W7130726623,Governance consequences of shareholder dissent in director elections: Evidence from a purely majority voting system,2026,2026-02-20,10.1016/j.pacfin.2026.103119,https://doi.org/10.1016/j.pacfin.2026.103119,Pacific-Basin Finance Journal,0927-538X,1879-0585,0927-538X; 1879-0585,[object Object]; [object Object]; [object Object]; [object Object],4,article,2,46.3437,0.99569647,false,true,hybrid,https://doi.org/10.1016/j.pacfin.2026.103119,"Corporate Finance and Governance; Auditing, Earnings Management, Governance; Political Influence and Corporate Strategies",2026-08-21T09:56:20.448147,2026-08-21T09:56:20.448147,openalex_orcid_only,official_orcid_to_openalex_author,high,false,false,,2026-08-29T03:05:01.770Z
uwa-finance-016,Raymond Da Silva Rosa,A5032417652,W2049020679,Research Method and the Long‐Run Perfor Mance of Acquiring Firms,1998,1998-06-01,10.1177/031289629802300102,https://doi.org/10.1177/031289629802300102,Australian Journal of Management,0312-8962,1327-2020,0312-8962; 1327-2020,[object Object]; [object Object],2,article,43,3.4451,0.93864458,false,false,closed,,"Corporate Finance and Governance; Financial Markets and Investment Strategies; Auditing, Earnings Management, Governance",2026-08-21T09:56:20.448147,2026-08-21T09:56:20.448147,openalex_orcid_only,official_orcid_to_openalex_author,high,false,false,,2026-08-29T03:05:01.770Z
uwa-finance-016,Raymond Da Silva Rosa,A5032417652,W3121949278,The Equity Wealth Effects of Method of Payment in Takeover Bids for Privately Held Firms,2004,2004-06-01,10.1177/031289620402901s04,https://doi.org/10.1177/031289620402901s04,Australian Journal of Management,0312-8962,1327-2020,0312-8962; 1327-2020,[object Object]; [object Object]; [object Object],3,article,30,0.7803,0.88189845,false,false,closed,,Corporate Finance and Governance; Corporate Taxation and Avoidance; Private Equity and Venture Capital,2026-08-21T09:56:20.448147,2026-08-21T09:56:20.448147,openalex_orcid_only,official_orcid_to_openalex_author,high,false,false,,2026-08-29T03:05:01.770Z
uwa-finance-016,Raymond Da Silva Rosa,A5032417652,W2020987850,ASIC actions: canaries for poor corporate governance?,2008,2008-08-16,10.1108/10309610810891355,https://doi.org/10.1108/10309610810891355,Accounting Research Journal,1030-9616,1839-5465,1030-9616; 1839-5465,[object Object]; [object Object]; [object Object],3,article,9,0.6288,0.84025661,false,false,closed,,"Corporate Finance and Governance; Auditing, Earnings Management, Governance; Financial Reporting and Valuation Research",2026-06-26T08:34:08.712188,2026-06-26T08:34:08.712188,openalex_orcid_only,official_orcid_to_openalex_author,high,false,false,,2026-08-29T03:05:01.770Z
uwa-finance-016,Raymond Da Silva Rosa,A5032417652,W2731293765,CEO compensation from M&As in Australia,2010,2010-01-01,,http://hdl.handle.net/20.500.11937/31159,eSpace (Curtin University),,,,[object Object]; [object Object]; [object Object]; [object Object],4,conference-paper,1,0,0.60646109,false,false,closed,,Corporate Finance and Governance; Private Equity and Venture Capital; Firm Innovation and Growth,2026-07-29T14:22:42.915294,2026-07-29T14:22:42.915294,openalex_orcid_only,official_orcid_to_openalex_author,high,false,false,,2026-08-29T03:05:01.770Z
uwa-finance-016,Raymond Da Silva Rosa,A5032417652,W3125017692,To Scheme or Bid? Choice of Takeover Method and Impact on Premium,2016,2016-05-01,,http://hdl.handle.net/10453/88977,UTS ePRESS (University of Technology Sydney),,,,[object Object]; [object Object]; [object Object]; [object Object],4,article,1,0.5793,0.84455775,false,true,green,https://opus.lib.uts.edu.au/bitstream/10453/88977/4/ajmresubmissionblind.pdf,Financial Reporting and Valuation Research,2026-08-24T07:32:12.397491,2026-08-24T07:32:12.397491,openalex_orcid_only,official_orcid_to_openalex_author,high,false,false,,2026-08-29T03:05:01.770Z
uwa-finance-016,Raymond Da Silva Rosa,A5032417652,W2007385092,The Reach of the Disposition Effect: Large Sample Evidence Across Investor Classes,2002,2002-01-01,10.2139/ssrn.302655,https://doi.org/10.2139/ssrn.302655,SSRN Electronic Journal,1556-5068,,1556-5068,[object Object]; [object Object]; [object Object]; [object Object],4,preprint,66,,,false,true,green,https://doi.org/10.2139/ssrn.302655,"Financial Markets and Investment Strategies; Corporate Finance and Governance; Auditing, Earnings Management, Governance",2026-08-21T09:56:20.448147,2026-08-21T09:56:20.448147,openalex_orcid_only,official_orcid_to_openalex_author,high,false,false,,2026-08-29T03:05:01.770Z
uwa-finance-016,Raymond Da Silva Rosa,A5032417652,W1584846338,The Equity Wealth Effects of Method of Payment in Takeover Bids for Privately Held Firms,2001,2001-01-01,10.2139/ssrn.269212,https://doi.org/10.2139/ssrn.269212,SSRN Electronic Journal,1556-5068,,1556-5068,[object Object]; [object Object]; [object Object]; [object Object],4,preprint,21,,,false,true,green,https://doi.org/10.2139/ssrn.269212,"Corporate Finance and Governance; Private Equity and Venture Capital; Auditing, Earnings Management, Governance",2026-08-21T09:56:20.448147,2026-08-21T09:56:20.448147,openalex_orcid_only,official_orcid_to_openalex_author,high,false,false,,2026-08-29T03:05:01.770Z
uwa-finance-016,Raymond Da Silva Rosa,A5032417652,W1901682518,CEO Compensation from M&As in Australia,2009,2009-01-01,10.2139/ssrn.1460327,https://doi.org/10.2139/ssrn.1460327,SSRN Electronic Journal,1556-5068,,1556-5068,[object Object]; [object Object]; [object Object]; [object Object],4,preprint,4,,,false,true,green,https://doi.org/10.2139/ssrn.1460327,Corporate Finance and Governance; Private Equity and Venture Capital; Financial Reporting and Valuation Research,2026-08-21T09:56:20.448147,2026-08-21T09:56:20.448147,openalex_orcid_only,official_orcid_to_openalex_author,high,false,false,,2026-08-29T03:05:01.770Z
uwa-finance-016,Raymond Da Silva Rosa,A5032417652,W2213623389,Evidence Contrary to the Disposition Effect Amongst UK Managed Funds,2005,2005-01-01,10.2139/ssrn.676342,https://doi.org/10.2139/ssrn.676342,SSRN Electronic Journal,1556-5068,,1556-5068,[object Object]; [object Object]; [object Object],3,preprint,4,,,false,true,green,https://doi.org/10.2139/ssrn.676342,"Financial Markets and Investment Strategies; Housing Market and Economics; Financial Literacy, Pension, Retirement Analysis",2026-08-21T09:56:20.448147,2026-08-21T09:56:20.448147,openalex_orcid_only,official_orcid_to_openalex_author,high,false,false,,2026-08-29T03:05:01.770Z
uwa-finance-016,Raymond Da Silva Rosa,A5032417652,W2258016213,Firm Proximity and M&A Transactions,2016,2016-01-01,10.2139/ssrn.2730457,https://doi.org/10.2139/ssrn.2730457,SSRN Electronic Journal,1556-5068,,1556-5068,[object Object]; [object Object]; [object Object],3,preprint,2,,,false,true,green,https://doi.org/10.2139/ssrn.2730457,Corporate Finance and Governance; Private Equity and Venture Capital; Corporate Taxation and Avoidance,2026-08-21T09:56:20.448147,2026-08-21T09:56:20.448147,openalex_orcid_only,official_orcid_to_openalex_author,high,false,false,,2026-08-29T03:05:01.770Z
uwa-finance-016,Raymond Da Silva Rosa,A5032417652,W2263810708,The Informativeness of Substantial Shareholder Trading in the Lead Up to a Takeover Bid,2016,2016-01-01,10.2139/ssrn.2725639,https://doi.org/10.2139/ssrn.2725639,SSRN Electronic Journal,1556-5068,,1556-5068,[object Object]; [object Object]; [object Object],3,preprint,1,,,false,true,green,https://doi.org/10.2139/ssrn.2725639,"Corporate Finance and Governance; Financial Reporting and Valuation Research; Auditing, Earnings Management, Governance",2026-08-25T07:29:55.448023,2026-08-25T07:29:55.448023,openalex_orcid_only,official_orcid_to_openalex_author,high,false,false,,2026-08-29T03:05:01.770Z
uwa-finance-016,Raymond Da Silva Rosa,A5032417652,W1584613592,The Influence of Target Shareholder Taxation on Premiums and Abnormal Returns in Takeovers,2007,2007-01-01,10.2139/ssrn.1009326,https://doi.org/10.2139/ssrn.1009326,SSRN Electronic Journal,1556-5068,,1556-5068,[object Object]; [object Object],2,preprint,0,,,false,true,green,https://doi.org/10.2139/ssrn.1009326,Corporate Finance and Governance; Corporate Taxation and Avoidance; Financial Reporting and Valuation Research,2026-08-21T09:56:20.448147,2026-08-21T09:56:20.448147,openalex_orcid_only,official_orcid_to_openalex_author,high,false,false,,2026-08-29T03:05:01.770Z
uwa-finance-016,Raymond Da Silva Rosa,A5032417652,W1990130743,Returns to Australian Investment Newsletter Recommendations,2004,2004-06-01,10.1177/031289620402900110,https://doi.org/10.1177/031289620402900110,Australian Journal of Management,0312-8962,1327-2020,0312-8962; 1327-2020,[object Object]; [object Object]; [object Object],3,article,0,0,0.15995999,false,false,closed,,Financial Markets and Investment Strategies; Corporate Finance and Governance; Housing Market and Economics,2026-08-21T09:56:20.448147,2026-08-21T09:56:20.448147,openalex_orcid_only,official_orcid_to_openalex_author,high,false,false,,2026-08-29T03:05:01.770Z
uwa-finance-016,Raymond Da Silva Rosa,A5032417652,W2210365033,ASIC Actions: Canaries for Poor Corporate Governance?,2008,2008-07-04,,https://papers.ssrn.com/sol3/papers.cfm?abstract_id=1155395,SSRN Electronic Journal,1556-5068,,1556-5068,[object Object]; [object Object]; [object Object],3,preprint,0,,,false,true,green,https://papers.ssrn.com/sol3/papers.cfm?abstract_id=1155395,"Corporate Finance and Governance; Auditing, Earnings Management, Governance",2026-07-14T23:32:53.992493,2026-07-14T23:32:53.992493,openalex_orcid_only,official_orcid_to_openalex_author,high,false,false,,2026-08-29T03:05:01.770Z
uwa-finance-016,Raymond Da Silva Rosa,A5032417652,W2236617708,The inefficient management and disciplinary motives for takeover in Australia,2007,2007-01-01,10.22495/cocv5i1c3p6,https://doi.org/10.22495/cocv5i1c3p6,Corporate Ownership and Control,1727-9232,1810-0368,1727-9232; 1810-0368; 1810-3057,[object Object]; [object Object],2,article,0,0,0.2987518,false,true,bronze,https://virtusinterpress.org/spip.php?action=telecharger&arg=4729&hash=a8a8e05d1876fac52cfaa1234f92b30f47cf3577,Corporate Finance and Governance; Family Business Performance and Succession; Private Equity and Venture Capital,2026-05-21T06:26:12.895304,2026-05-21T06:26:12.895304,openalex_orcid_only,official_orcid_to_openalex_author,high,false,false,,2026-08-29T03:05:01.770Z
uwa-finance-016,Raymond Da Silva Rosa,A5032417652,W2330925674,"CONCEPTUALIZING INTERACTION PROCESSES THROUGH THE LENS OF POSITION, IDENTITY AND ROLE",2014,2014-01-01,10.15444/gmc2014.03.05.02,https://doi.org/10.15444/gmc2014.03.05.02,Global marketing conference proceeding,1976-8699,,1976-8699,[object Object]; [object Object],2,conference-paper,0,0,0.286622,false,false,closed,,Socioeconomic Development in MENA,2026-07-29T14:22:42.915294,2026-07-29T14:22:42.915294,openalex_orcid_only,official_orcid_to_openalex_author,high,false,false,,2026-08-29T03:05:01.770Z
uwa-finance-016,Raymond Da Silva Rosa,A5032417652,W2604376438,Agency Costs of Free Cash Flow and Takeover Attempts,2013,2013-01-01,,http://www.gefjpapers.com/static/documents/March/2013/2.%20Dan.pdf,,,,,[object Object]; [object Object]; [object Object]; [object Object],4,article,0,0,0.45871766,false,false,closed,,Corporate Finance and Governance; Financial Reporting and Valuation Research; Corporate Taxation and Avoidance,2026-06-11T09:08:48.828518,2026-06-11T09:08:48.828518,openalex_orcid_only,official_orcid_to_openalex_author,high,false,false,,2026-08-29T03:05:01.770Z
uwa-finance-016,Raymond Da Silva Rosa,A5032417652,W3124931009,ASIC actions: Canaries for poor corporate governance?,2007,2007-01-01,10.1108/10309610810891355.html,https://doi.org/10.1108/10309610810891355.html,UWA Profiles and Research Repository (University of Western Australia),,,,[object Object]; [object Object]; [object Object],3,conference-paper,0,0,0.52535211,false,false,closed,,"Corporate Finance and Governance; Auditing, Earnings Management, Governance; Financial Reporting and Valuation Research",2026-07-29T14:22:42.915294,2026-07-29T14:22:42.915294,openalex_orcid_only,official_orcid_to_openalex_author,high,false,false,,2026-08-29T03:05:01.770Z
uwa-finance-016,Raymond Da Silva Rosa,A5032417652,W3125391358,Expert Reports in Australian Takeovers: Fees and Quality,2005,2005-11-04,,https://research-repository.uwa.edu.au/en/publications/9ed807f0-08d6-4489-a815-ed266174f9ca,UWA Profiles and Research Repository (University of Western Australia),,,,[object Object]; [object Object]; [object Object],3,article,0,0,0.65581651,false,false,closed,,"Corporate Finance and Governance; Auditing, Earnings Management, Governance; Private Equity and Venture Capital",2026-06-11T09:08:48.828518,2026-06-11T09:08:48.828518,openalex_orcid_only,official_orcid_to_openalex_author,high,false,false,,2026-08-29T03:05:01.770Z
uwa-finance-016,Raymond Da Silva Rosa,A5032417652,W3125510736,Evidence contrary to the disposition effect amongst UK managed funds,2005,2005-01-01,,https://research-repository.uwa.edu.au/en/publications/evidence-contrary-to-the-disposition-effect-amongst-uk-managed-funds(509780a2-1758-4fc2-b4c2-974f48ce5f91).html,UWA Profiles and Research Repository (University of Western Australia),,,,[object Object]; [object Object]; [object Object],3,conference-paper,0,0,0.61196581,false,false,closed,,"Financial Literacy, Pension, Retirement Analysis; Financial Markets and Investment Strategies; Housing Market and Economics",2026-07-29T14:22:42.915294,2026-07-29T14:22:42.915294,openalex_orcid_only,official_orcid_to_openalex_author,high,false,false,,2026-08-29T03:05:01.770Z
uwa-finance-016,Raymond Da Silva Rosa,A5032417652,W4403094056,Show Me Your Hand: An Examination of Voting Methods at Annual General Meetings,2024,2024-01-01,10.2139/ssrn.4976124,https://doi.org/10.2139/ssrn.4976124,SSRN Electronic Journal,1556-5068,,1556-5068,[object Object]; [object Object]; [object Object]; [object Object],4,preprint,0,,,false,true,green,https://doi.org/10.2139/ssrn.4976124,Electoral Systems and Political Participation; Southeast Asian Sociopolitical Studies,2026-08-04T08:18:43.703281,2026-08-04T08:18:43.703281,openalex_orcid_only,official_orcid_to_openalex_author,high,false,false,,2026-08-29T03:05:01.770Z
uwa-finance-016,Raymond Da Silva Rosa,A5032417652,W4413684865,Why academics should steer clear of public debate,2011,2011-07-20,10.64628/aa.kxunhu343,https://doi.org/10.64628/aa.kxunhu343,,,,,[object Object],1,other,0,,,false,false,closed,,Health and Medical Research Impacts,2026-07-14T23:27:15.235271,2026-07-14T23:27:15.235271,openalex_orcid_only,official_orcid_to_openalex_author,high,false,false,,2026-08-29T03:05:01.770Z
uwa-finance-016,Raymond Da Silva Rosa,A5032417652,W4413698485,Prestige costs rather than pays in higher education,2014,2014-06-05,10.64628/aa.67g6uw4j5,https://doi.org/10.64628/aa.67g6uw4j5,,,,,[object Object],1,other,0,,,false,false,closed,,Higher Education Governance and Development,2026-07-14T23:27:15.235271,2026-07-14T23:27:15.235271,openalex_orcid_only,official_orcid_to_openalex_author,high,false,false,,2026-08-29T03:05:01.770Z
uwa-finance-017,Rui Zhong,A5101996957,W2197199257,The rise of big data on urban studies and planning practices in China: Review and open research issues,2015,2015-12-01,10.1016/j.jum.2015.11.002,https://doi.org/10.1016/j.jum.2015.11.002,Journal of Urban Management,2226-5856,2589-0360,2226-5856; 2589-0360,[object Object]; [object Object]; [object Object],3,article,114,15.5481,0.98747587,false,true,gold,https://doi.org/10.1016/j.jum.2015.11.002,Human Mobility and Location-Based Analysis; Land Use and Ecosystem Services; Urban Transport and Accessibility,2026-08-21T09:56:20.448147,2026-08-21T09:56:20.448147,openalex_orcid_only,official_orcid_to_openalex_author,high,false,false,,2026-08-29T03:05:01.770Z
uwa-finance-017,Rui Zhong,A5101996957,W2091438990,An Approximate Formula for Pricing American Options,1999,1999-11-30,10.3905/jod.1999.319140,https://doi.org/10.3905/jod.1999.319140,The Journal of Derivatives,1074-1240,2168-8524,1074-1240; 2168-8524,[object Object]; [object Object],2,article,96,1.3561,0.8577222,false,false,closed,,Stochastic processes and financial applications; Capital Investment and Risk Analysis,2026-08-26T07:47:46.906454,2026-08-26T07:47:46.906454,openalex_orcid_only,official_orcid_to_openalex_author,high,false,false,,2026-08-29T03:05:01.770Z
uwa-finance-017,Rui Zhong,A5101996957,W2157084335,DIVERGENCE OF OPINION AND LONG‐TERM PERFORMANCE OF INITIAL PUBLIC OFFERINGS,2006,2006-01-25,10.1111/j.1475-6803.2006.00169.x,https://doi.org/10.1111/j.1475-6803.2006.00169.x,The Journal of Financial Research,0270-2592,1475-6803,0270-2592; 1475-6803,[object Object]; [object Object]; [object Object],3,article,53,2.9691,0.92025732,false,false,closed,,"Financial Markets and Investment Strategies; Corporate Finance and Governance; Auditing, Earnings Management, Governance",2026-08-21T09:56:20.448147,2026-08-21T09:56:20.448147,openalex_orcid_only,official_orcid_to_openalex_author,high,false,false,,2026-08-29T03:05:01.770Z
uwa-finance-017,Rui Zhong,A5101996957,W3048612606,"China's liberalizing stock market, crude oil, and safe-haven assets: A linkage study based on a novel multivariate wavelet-vine copula approach",2020,2020-08-12,10.1016/j.econmod.2020.07.022,https://doi.org/10.1016/j.econmod.2020.07.022,Economic Modelling,0264-9993,1873-6122,0264-9993; 1873-6122,[object Object]; [object Object]; [object Object]; [object Object],4,article,25,4.4381,0.95556311,false,false,closed,,"Market Dynamics and Volatility; Financial Risk and Volatility Modeling; Energy, Environment, Economic Growth",2026-08-28T12:50:07.497085,2026-08-28T12:50:07.497085,openalex_orcid_only,official_orcid_to_openalex_author,high,false,false,,2026-08-29T03:05:01.770Z
uwa-finance-017,Rui Zhong,A5101996957,W1981689165,Exchange rate regimes and stock return volatility: some evidence from Asia’s silver era,2003,2003-09-01,10.1016/s0148-6195(03)00054-7,https://doi.org/10.1016/s0148-6195(03)00054-7,Journal of Economics and Business,0148-6195,1879-1735,0148-6195; 1879-1735,[object Object]; [object Object]; [object Object],3,article,9,2.0679,0.90394416,false,false,closed,,Market Dynamics and Volatility; Monetary Policy and Economic Impact; Global Financial Crisis and Policies,2026-04-05T17:49:38.594831,2026-04-05T17:49:38.594831,openalex_orcid_only,official_orcid_to_openalex_author,high,false,false,,2026-08-29T03:05:01.770Z
uwa-finance-017,Rui Zhong,A5101996957,W2999554318,Analysis of Tail Dependence between Sovereign Debt Distress and Bank Non-Performing Loans,2020,2020-01-20,10.3390/su12020747,https://doi.org/10.3390/su12020747,Sustainability,2071-1050,,2071-1050,[object Object]; [object Object]; [object Object]; [object Object]; [object Object],5,article,4,0.6802,0.71761921,false,true,gold,https://www.mdpi.com/2071-1050/12/2/747/pdf?version=1579781684,"Global Financial Crisis and Policies; Banking stability, regulation, efficiency; Monetary Policy and Economic Impact",2026-08-28T12:50:07.497085,2026-08-28T12:50:07.497085,openalex_orcid_only,official_orcid_to_openalex_author,high,false,false,,2026-08-29T03:05:01.770Z
uwa-finance-017,Rui Zhong,A5101996957,W4225523440,The EU Taxonomy and the Syndicated Loan Market,2022,2022-01-01,10.2139/ssrn.4058961,https://doi.org/10.2139/ssrn.4058961,SSRN Electronic Journal,1556-5068,,1556-5068,[object Object]; [object Object]; [object Object]; [object Object],4,preprint,18,,,false,true,green,https://doi.org/10.2139/ssrn.4058961,Sustainable Finance and Green Bonds; Climate Change Policy and Economics; Corporate Finance and Governance,2026-08-26T07:47:46.906454,2026-08-26T07:47:46.906454,openalex_orcid_only,official_orcid_to_openalex_author,high,false,false,,2026-08-29T03:05:01.770Z
uwa-finance-017,Rui Zhong,A5101996957,W1587732163,"Default Risk, Firm's Characteristics, and Risk Shifting",2004,2004-05-01,,https://repec.som.yale.edu/icfpub/publications/2461.pdf,RePEc: Research Papers in Economics,,,,[object Object]; [object Object],2,preprint,12,,,false,true,green,http://depot.som.yale.edu/icf/papers/fileuploads/2461/original/04-21.pdf,Credit Risk and Financial Regulations; Financial Markets and Investment Strategies; Insurance and Financial Risk Management,2026-08-11T07:18:39.950985,2026-08-11T07:18:39.950985,openalex_orcid_only,official_orcid_to_openalex_author,high,false,false,,2026-08-29T03:05:01.770Z
uwa-finance-017,Rui Zhong,A5101996957,W3115353304,Sovereign Sustainability and Economic Growth: The International Evidence,2019,2019-01-01,10.2139/ssrn.3350232,https://doi.org/10.2139/ssrn.3350232,SSRN Electronic Journal,1556-5068,,1556-5068,[object Object]; [object Object]; [object Object],3,preprint,10,,,false,true,green,https://doi.org/10.2139/ssrn.3350232,"Corruption and Economic Development; Economic Growth and Development; Energy, Environment, Economic Growth",2026-07-28T07:46:37.118299,2026-07-28T07:46:37.118299,openalex_orcid_only,official_orcid_to_openalex_author,high,false,false,,2026-08-29T03:05:01.770Z
uwa-finance-017,Rui Zhong,A5101996957,W3125160898,The Market Reaction to Green Bond Issuance: Evidence from China,2019,2019-01-01,10.2139/ssrn.3455754,https://doi.org/10.2139/ssrn.3455754,SSRN Electronic Journal,1556-5068,,1556-5068,[object Object]; [object Object]; [object Object]; [object Object]; [object Object],5,preprint,8,,,false,true,green,https://doi.org/10.2139/ssrn.3455754,"Sustainable Finance and Green Bonds; Energy, Environment, Economic Growth; Insurance and Financial Risk Management",2026-07-27T08:26:11.824852,2026-07-27T08:26:11.824852,openalex_orcid_only,official_orcid_to_openalex_author,high,false,false,,2026-08-29T03:05:01.770Z
uwa-finance-017,Rui Zhong,A5101996957,W2735462540,CDS Trading and Stock Price Crash Risk,2017,2017-01-01,10.2139/ssrn.3003369,https://doi.org/10.2139/ssrn.3003369,SSRN Electronic Journal,1556-5068,,1556-5068,[object Object]; [object Object]; [object Object]; [object Object],4,preprint,6,,,false,true,green,https://doi.org/10.2139/ssrn.3003369,"Credit Risk and Financial Regulations; Banking stability, regulation, efficiency; Financial Markets and Investment Strategies",2026-07-14T23:27:15.235271,2026-07-14T23:27:15.235271,openalex_orcid_only,official_orcid_to_openalex_author,high,false,false,,2026-08-29T03:05:01.770Z
uwa-finance-017,Rui Zhong,A5101996957,W2517246955,Financial Oligopolies: Theory and Empirical Evidence in the Credit Default Swap Markets,2013,2013-01-01,10.2139/ssrn.2266051,https://doi.org/10.2139/ssrn.2266051,SSRN Electronic Journal,1556-5068,,1556-5068,[object Object]; [object Object]; [object Object],3,preprint,4,,,false,true,green,https://doi.org/10.2139/ssrn.2266051,"Credit Risk and Financial Regulations; Banking stability, regulation, efficiency; Financial Markets and Investment Strategies",2026-08-21T09:56:20.448147,2026-08-21T09:56:20.448147,openalex_orcid_only,official_orcid_to_openalex_author,high,false,false,,2026-08-29T03:05:01.770Z
uwa-finance-017,Rui Zhong,A5101996957,W4313559705,The Effects of Decarbonization on Corporate Cash Holdings,2023,2023-01-01,10.2139/ssrn.4316705,https://doi.org/10.2139/ssrn.4316705,SSRN Electronic Journal,1556-5068,,1556-5068,[object Object]; [object Object]; [object Object]; [object Object],4,preprint,3,,,false,true,green,https://doi.org/10.2139/ssrn.4316705,Market Dynamics and Volatility; Sustainable Finance and Green Bonds; Corporate Finance and Governance,2026-08-21T09:56:20.448147,2026-08-21T09:56:20.448147,openalex_orcid_only,official_orcid_to_openalex_author,high,false,false,,2026-08-29T03:05:01.770Z
uwa-finance-017,Rui Zhong,A5101996957,W140599128,"Credit Risk, Liquidity Risk and Asset Dynamics: Theory and Empirical Evidence",2013,2013-04-13,,https://spectrum.library.concordia.ca/976885/4/Dissertation_Final__Submission.pdf,Spectrum Research Repository (Concordia University),,,,[object Object],1,dissertation,2,,,false,true,green,https://spectrum.library.concordia.ca/976885/4/Dissertation_Final__Submission.pdf,"Credit Risk and Financial Regulations; Banking stability, regulation, efficiency; Stochastic processes and financial applications",2026-08-21T09:56:20.448147,2026-08-21T09:56:20.448147,openalex_orcid_only,official_orcid_to_openalex_author,high,false,false,,2026-08-29T03:05:01.770Z
uwa-finance-017,Rui Zhong,A5101996957,W2805835523,Currency Hedging of International Bond Portfolios: Effects of Unconventional Monetary Policy Regimes,2018,2018-01-01,10.2139/ssrn.3123960,https://doi.org/10.2139/ssrn.3123960,SSRN Electronic Journal,1556-5068,,1556-5068,[object Object]; [object Object]; [object Object],3,preprint,2,,,false,true,green,https://doi.org/10.2139/ssrn.3123960,Monetary Policy and Economic Impact; Market Dynamics and Volatility; Risk Management in Financial Firms,2026-08-04T08:18:43.703281,2026-08-04T08:18:43.703281,openalex_orcid_only,official_orcid_to_openalex_author,high,false,false,,2026-08-29T03:05:01.770Z
uwa-finance-017,Rui Zhong,A5101996957,W3122463545,Price Discovery in Equity and CDS Markets,2016,2016-01-01,10.2139/ssrn.2841618,https://doi.org/10.2139/ssrn.2841618,SSRN Electronic Journal,1556-5068,,1556-5068,[object Object]; [object Object]; [object Object],3,preprint,2,,,false,true,green,https://doi.org/10.2139/ssrn.2841618,Credit Risk and Financial Regulations; Financial Markets and Investment Strategies; Housing Market and Economics,2026-07-14T23:27:15.235271,2026-07-14T23:27:15.235271,openalex_orcid_only,official_orcid_to_openalex_author,high,false,false,,2026-08-29T03:05:01.770Z
uwa-finance-017,Rui Zhong,A5101996957,W2016980566,Fourier transformation and the pricing of average-rate derivatives,2006,2006-11-01,10.1007/s11147-007-9013-7,https://doi.org/10.1007/s11147-007-9013-7,Review of Derivatives Research,1380-6645,1573-7144,1380-6645; 1573-7144,[object Object]; [object Object],2,article,1,0,0.16900087,false,false,closed,,Stochastic processes and financial applications; Credit Risk and Financial Regulations; Financial Risk and Volatility Modeling,2026-08-21T09:56:20.448147,2026-08-21T09:56:20.448147,openalex_orcid_only,official_orcid_to_openalex_author,high,false,false,,2026-08-29T03:05:01.770Z
uwa-finance-017,Rui Zhong,A5101996957,W2160866021,Liquidity Premium in the Presence of Stock Market Crises and Background Risk,2011,2011-01-01,10.2139/ssrn.1742448,https://doi.org/10.2139/ssrn.1742448,SSRN Electronic Journal,1556-5068,,1556-5068,[object Object]; [object Object],2,preprint,1,,,false,true,green,https://doi.org/10.2139/ssrn.1742448,Financial Markets and Investment Strategies; Economic theories and models; Stochastic processes and financial applications,2026-08-21T09:56:20.448147,2026-08-21T09:56:20.448147,openalex_orcid_only,official_orcid_to_openalex_author,high,false,false,,2026-08-29T03:05:01.770Z
uwa-finance-017,Rui Zhong,A5101996957,W2232245888,Liquidity Risk and Volatility Risk in Credit Spread Models: A Unified Approach,2014,2014-01-01,10.2139/ssrn.2414620,https://doi.org/10.2139/ssrn.2414620,SSRN Electronic Journal,1556-5068,,1556-5068,[object Object]; [object Object],2,preprint,1,,,false,true,green,https://doi.org/10.2139/ssrn.2414620,"Credit Risk and Financial Regulations; Banking stability, regulation, efficiency; Insurance and Financial Risk Management",2026-08-21T09:56:20.448147,2026-08-21T09:56:20.448147,openalex_orcid_only,official_orcid_to_openalex_author,high,false,false,,2026-08-29T03:05:01.770Z
uwa-finance-017,Rui Zhong,A5101996957,W2573742374,Political Uncertainty and Analysts’ Forecasts,2016,2016-12-08,,https://papers.ssrn.com/sol3/Delivery.cfm/SSRN_ID2882328_code951328.pdf?abstractid=2882328&mirid=1,SSRN Electronic Journal,1556-5068,,1556-5068,[object Object]; [object Object]; [object Object],3,preprint,1,,,false,true,green,https://papers.ssrn.com/sol3/Delivery.cfm/SSRN_ID2882328_code951328.pdf?abstractid=2882328&mirid=1,Fiscal Policies and Political Economy; Monetary Policy and Economic Impact; Market Dynamics and Volatility,2026-07-14T23:32:53.992493,2026-07-14T23:32:53.992493,openalex_orcid_only,official_orcid_to_openalex_author,high,false,false,,2026-08-29T03:05:01.770Z
uwa-finance-017,Rui Zhong,A5101996957,W3126079093,Credit Spreads and State-Dependent Volatility: Theory and Empirical Evidence,2014,2014-01-01,10.2139/ssrn.2414621,https://doi.org/10.2139/ssrn.2414621,SSRN Electronic Journal,1556-5068,,1556-5068,[object Object]; [object Object],2,preprint,1,,,false,true,green,https://doi.org/10.2139/ssrn.2414621,"Credit Risk and Financial Regulations; Banking stability, regulation, efficiency; Financial Distress and Bankruptcy Prediction",2026-08-21T09:56:20.448147,2026-08-21T09:56:20.448147,openalex_orcid_only,official_orcid_to_openalex_author,high,false,false,,2026-08-29T03:05:01.770Z
uwa-finance-017,Rui Zhong,A5101996957,W1501394110,Closed-Form Term Structure of GARCH Interest Rate,2009,2009-06-06,,http://ojs.acadiau.ca/index.php/ASAC/article/download/484/393,ASAC,,,,[object Object],1,article,0,0,0.06039619,false,false,closed,,Advanced Data Storage Technologies; Distributed and Parallel Computing Systems; Credit Risk and Financial Regulations,2025-10-10T17:16:08.811792,2025-10-10T17:16:08.811792,openalex_orcid_only,official_orcid_to_openalex_author,high,false,false,,2026-08-29T03:05:01.770Z
uwa-finance-017,Rui Zhong,A5101996957,W1568155175,Are Indexed Bonds Really Inflation Proof? A Model of Real and Nominal Term Structures when Money has Real Effects,2003,2003-07-01,10.1023/a:1024859706116,https://doi.org/10.1023/a:1024859706116,Review of Quantitative Finance and Accounting,0924-865X,1573-7179,0924-865X; 1573-7179,[object Object]; [object Object]; [object Object],3,article,0,0,0.12440075,false,false,closed,,Stochastic processes and financial applications; Financial Risk and Volatility Modeling; Credit Risk and Financial Regulations,2026-08-21T09:56:20.448147,2026-08-21T09:56:20.448147,openalex_orcid_only,official_orcid_to_openalex_author,high,false,false,,2026-08-29T03:05:01.770Z
uwa-finance-017,Rui Zhong,A5101996957,W2125208469,RISK DECOMPOSITION OF HEDGE FUND INDEX,2006,2006-01-01,,http://summit.sfu.ca/item/3830,Summit (Simon Fraser University),,,,[object Object]; [object Object],2,dissertation,0,,,false,true,green,http://summit.sfu.ca/item/3830,Financial Markets and Investment Strategies; Financial Risk and Volatility Modeling; Insurance and Financial Risk Management,2026-08-22T07:34:49.880490,2026-08-22T07:34:49.880490,openalex_orcid_only,official_orcid_to_openalex_author,high,false,false,,2026-08-29T03:05:01.770Z
uwa-finance-017,Rui Zhong,A5101996957,W2189149465,Structural Models of the Firm Under State-Dependent Volatility and Jump Process Asset Dynamics,2012,2012-01-01,10.2139/ssrn.2139763,https://doi.org/10.2139/ssrn.2139763,SSRN Electronic Journal,1556-5068,,1556-5068,[object Object]; [object Object],2,preprint,0,,,false,true,green,https://doi.org/10.2139/ssrn.2139763,"Credit Risk and Financial Regulations; Stochastic processes and financial applications; Banking stability, regulation, efficiency",2026-08-21T09:56:20.448147,2026-08-21T09:56:20.448147,openalex_orcid_only,official_orcid_to_openalex_author,high,false,false,,2026-08-29T03:05:01.770Z
uwa-finance-017,Rui Zhong,A5101996957,W2525558265,Innovations and Stock Price Crash Risk,2016,2016-07-02,,https://papers.ssrn.com/sol3/papers.cfm?abstract_id=2485754,SSRN Electronic Journal,1556-5068,,1556-5068,[object Object]; [object Object]; [object Object],3,preprint,0,,,false,true,green,https://papers.ssrn.com/sol3/papers.cfm?abstract_id=2485754,Market Dynamics and Volatility; Financial Markets and Investment Strategies,2026-07-14T23:32:53.992493,2026-07-14T23:32:53.992493,openalex_orcid_only,official_orcid_to_openalex_author,high,false,false,,2026-08-29T03:05:01.770Z
uwa-finance-017,Rui Zhong,A5101996957,W2609593592,Do Innovations Hoard Bad News? Evidence from Stock Price Crash Risk,2017,2017-01-01,10.2139/ssrn.2485754,https://doi.org/10.2139/ssrn.2485754,SSRN Electronic Journal,1556-5068,,1556-5068,[object Object]; [object Object]; [object Object],3,preprint,0,,,false,true,green,https://doi.org/10.2139/ssrn.2485754,Market Dynamics and Volatility; Financial Markets and Investment Strategies; Corporate Finance and Governance,2026-07-22T07:51:19.307946,2026-07-22T07:51:19.307946,openalex_orcid_only,official_orcid_to_openalex_author,high,false,false,,2026-08-29T03:05:01.770Z
uwa-finance-017,Rui Zhong,A5101996957,W3145805089,Liquidity Risk and Corporate Risk-Taking,2018,2018-01-01,10.2139/ssrn.3107853,https://doi.org/10.2139/ssrn.3107853,SSRN Electronic Journal,1556-5068,,1556-5068,[object Object]; [object Object]; [object Object]; [object Object],4,preprint,0,,,false,true,green,https://doi.org/10.2139/ssrn.3107853,Financial Markets and Investment Strategies; Corporate Finance and Governance; Risk Management in Financial Firms,2026-08-21T09:56:20.448147,2026-08-21T09:56:20.448147,openalex_orcid_only,official_orcid_to_openalex_author,high,false,false,,2026-08-29T03:05:01.770Z
uwa-finance-017,Rui Zhong,A5101996957,W3205940609,"Less Pollution, Fewer Crashes: The Impacts of Green Credit Policy on Stock Price Crash Risk",2021,2021-06-15,,https://autopapers.ssrn.com/sol3/papers.cfm?abstract_id=3867125,SSRN Electronic Journal,1556-5068,,1556-5068,[object Object]; [object Object]; [object Object]; [object Object],4,preprint,0,,,false,true,green,https://autopapers.ssrn.com/sol3/papers.cfm?abstract_id=3867125,"Energy, Environment, Economic Growth; Sustainable Finance and Green Bonds; Corporate Social Responsibility Reporting",2026-07-14T23:32:53.992493,2026-07-14T23:32:53.992493,openalex_orcid_only,official_orcid_to_openalex_author,high,false,false,,2026-08-29T03:05:01.770Z
uwa-finance-017,Rui Zhong,A5101996957,W4252682116,Financial Oligopolies: Theory and Empirical Evidence in the Credit Default Swap Markets,2017,2017-01-01,10.2139/ssrn.3069233,https://doi.org/10.2139/ssrn.3069233,SSRN Electronic Journal,1556-5068,,1556-5068,[object Object]; [object Object]; [object Object],3,preprint,0,,,false,true,green,https://doi.org/10.2139/ssrn.3069233,"Banking stability, regulation, efficiency",2026-08-21T09:56:20.448147,2026-08-21T09:56:20.448147,openalex_orcid_only,official_orcid_to_openalex_author,high,false,false,,2026-08-29T03:05:01.770Z
uwa-finance-017,Rui Zhong,A5101996957,W4396775509,The Equity Market Response to Climate Change Litigation,2024,2024-01-01,10.2139/ssrn.4822079,https://doi.org/10.2139/ssrn.4822079,SSRN Electronic Journal,1556-5068,,1556-5068,[object Object]; [object Object],2,preprint,0,,,false,true,green,https://doi.org/10.2139/ssrn.4822079,"Environmental law and policy; Corporate Law and Human Rights; Law, Economics, and Judicial Systems",2026-08-26T07:47:46.906454,2026-08-26T07:47:46.906454,openalex_orcid_only,official_orcid_to_openalex_author,high,false,false,,2026-08-29T03:05:01.770Z
uwa-finance-017,Rui Zhong,A5101996957,W4407580271,Environmental Reputation Risk and the Cost of Equity: The Impact of Corporate Response to Climate Change Exposures,2025,2025-01-01,10.2139/ssrn.5133869,https://doi.org/10.2139/ssrn.5133869,SSRN Electronic Journal,1556-5068,,1556-5068,[object Object]; [object Object]; [object Object],3,preprint,0,,,false,true,green,https://doi.org/10.2139/ssrn.5133869,Corporate Social Responsibility Reporting; Market Dynamics and Volatility,2026-08-04T08:18:43.703281,2026-08-04T08:18:43.703281,openalex_orcid_only,official_orcid_to_openalex_author,high,false,false,,2026-08-29T03:05:01.770Z
uwa-finance-017,Rui Zhong,A5101996957,W4407802744,Policies for Transitioning Away from Fossil Fuels: Renewables support destabilises fossil firms more than current carbon tax and trading schemes,2025,2025-01-01,10.2139/ssrn.5102024,https://doi.org/10.2139/ssrn.5102024,SSRN Electronic Journal,1556-5068,,1556-5068,[object Object]; [object Object]; [object Object]; [object Object]; [object Object],5,preprint,0,,,false,true,green,https://doi.org/10.2139/ssrn.5102024,"Climate Change Policy and Economics; Energy, Environment, and Transportation Policies; Global Energy and Sustainability Research",2026-08-21T09:56:20.448147,2026-08-21T09:56:20.448147,openalex_orcid_only,official_orcid_to_openalex_author,high,false,false,,2026-08-29T03:05:01.770Z
uwa-finance-017,Rui Zhong,A5101996957,W4413968745,Environmental Reputation Risk and the Cost of Equity: The Impact of Corporate Response to Climate Change Exposures,2025,2025-01-01,10.2139/ssrn.5436265,https://doi.org/10.2139/ssrn.5436265,SSRN Electronic Journal,1556-5068,,1556-5068,[object Object]; [object Object]; [object Object],3,preprint,0,,,false,true,green,https://doi.org/10.2139/ssrn.5436265,Corporate Social Responsibility Reporting; Market Dynamics and Volatility,2026-08-04T08:18:43.703281,2026-08-04T08:18:43.703281,openalex_orcid_only,official_orcid_to_openalex_author,high,false,false,,2026-08-29T03:05:01.770Z
uwa-finance-017,Rui Zhong,A5101996957,W4415376983,Pricing the Common Ground Taxonomy: Evidence from Green Bonds,2025,2025-01-01,10.2139/ssrn.5627351,https://doi.org/10.2139/ssrn.5627351,SSRN Electronic Journal,1556-5068,,1556-5068,[object Object]; [object Object]; [object Object],3,preprint,0,,,false,true,green,https://doi.org/10.2139/ssrn.5627351,Insurance and Financial Risk Management; Housing Market and Economics; Climate Change Policy and Economics,2026-08-26T07:47:46.906454,2026-08-26T07:47:46.906454,openalex_orcid_only,official_orcid_to_openalex_author,high,false,false,,2026-08-29T03:05:01.770Z
uwa-finance-017,Rui Zhong,A5101996957,W7119200112,Artificial Intelligence and Corporate Debt Choice,2026,2026-01-01,10.2139/ssrn.6035130,https://doi.org/10.2139/ssrn.6035130,SSRN Electronic Journal,1556-5068,,1556-5068,[object Object]; [object Object]; [object Object]; [object Object],4,preprint,0,,,false,true,green,https://doi.org/10.2139/ssrn.6035130,"FinTech, Crowdfunding, Digital Finance; Financial Distress and Bankruptcy Prediction; Auditing, Earnings Management, Governance",2026-08-04T08:18:43.703281,2026-08-04T08:18:43.703281,openalex_orcid_only,official_orcid_to_openalex_author,high,false,false,,2026-08-29T03:05:01.770Z
uwa-finance-017,Rui Zhong,A5101996957,W7154835671,Artificial Intelligence Adoption and Digital Financial Resilience Effects on Performance in Digital-Based Financial Institutions Australia,2026,2026-03-14,10.71154/z2y18k08,https://doi.org/10.71154/z2y18k08,International Journal Business and Entrepreneurship,3090-7837,,3090-7837,[object Object]; [object Object]; [object Object],3,article,0,0,0.34685988,false,true,hybrid,https://journal.iconpublisherindonesia.com/index.php/ijbae/article/download/129/98,"Financial Distress and Bankruptcy Prediction; FinTech, Crowdfunding, Digital Finance; Supply Chain Resilience and Risk Management",2026-08-21T09:56:20.448147,2026-08-21T09:56:20.448147,openalex_orcid_only,official_orcid_to_openalex_author,high,false,false,,2026-08-29T03:05:01.770Z
uwa-finance-017,Rui Zhong,A5101996957,W7203636096,The Effects of Mandatory ESG Disclosure Around the World,2026,2026-08-13,10.7910/dvn/tkark0,https://doi.org/10.7910/dvn/tkark0,Harvard Dataverse,,,,[object Object]; [object Object]; [object Object]; [object Object],4,dataset,0,,,false,true,green,https://doi.org/10.7910/dvn/tkark0,,2026-08-21T09:56:20.448147,2026-08-21T09:56:20.448147,openalex_orcid_only,official_orcid_to_openalex_author,high,false,false,,2026-08-29T03:05:01.770Z
uwa-finance-017,Rui Zhong,A5101996957,W7160328946,Empty Creditor Problem and Corporate Environmental & Social Reputation Risk,2026,2026-01-01,10.2139/ssrn.6715575,https://doi.org/10.2139/ssrn.6715575,SSRN Electronic Journal,1556-5068,,1556-5068,[object Object]; [object Object],2,preprint,0,,,false,true,green,https://doi.org/10.2139/ssrn.6715575,Corporate Social Responsibility Reporting; Corporate Finance and Governance; Credit Risk and Financial Regulations,2026-08-21T09:56:20.448147,2026-08-21T09:56:20.448147,openalex_orcid_only,official_orcid_to_openalex_author,high,false,false,,2026-08-29T03:05:01.770Z
uwa-finance-017,Rui Zhong,A5101996957,W7160635217,Delegation under Risk in IPO Pricing: Evidence from China’s Subscription Reform,2026,2026-01-01,10.2139/ssrn.6736071,https://doi.org/10.2139/ssrn.6736071,SSRN Electronic Journal,1556-5068,,1556-5068,[object Object]; [object Object]; [object Object]; [object Object],4,preprint,0,,,false,true,green,https://doi.org/10.2139/ssrn.6736071,Corporate Finance and Governance; Private Equity and Venture Capital; Family Business Performance and Succession,2026-07-14T23:27:15.235271,2026-07-14T23:27:15.235271,openalex_orcid_only,official_orcid_to_openalex_author,high,false,false,,2026-08-29T03:05:01.770Z
uwa-finance-019,Thao Hoang,A5133833945,W7154702299,Managerial heterogeneity in risk-taking incentives: implications for firm performance,2026,2026-04-17,10.1108/ijmf-08-2024-0445,https://doi.org/10.1108/ijmf-08-2024-0445,International Journal of Managerial Finance,1743-9132,1758-6569,1743-9132; 1758-6569,[object Object],1,article,0,0,0.34328576,false,false,closed,,Corporate Finance and Governance; Private Equity and Venture Capital; Capital Investment and Risk Analysis,2026-08-21T09:56:20.448147,2026-08-21T09:56:20.448147,openalex_orcid_only,official_orcid_to_openalex_author,high,false,false,,2026-08-29T03:05:01.770Z
uwa-finance-020,Vincent Chong,A5055171810,W2031944381,TESTING THE CONTINGENCY «FIT» BETWEEN MANAGEMENT ACCOUNTING SYSTEMS AND MANAGERIAL PERFORMANCE: A RESEARCH NOTE ON THE MODERATING ROLE OF TOLERANCE FOR AMBIGUITY,1998,1998-12-01,10.1006/bare.1998.0073,https://doi.org/10.1006/bare.1998.0073,The British Accounting Review,0890-8389,1095-8347,0890-8389; 1095-8347,[object Object],1,article,54,0,0.21213285,false,false,closed,,"Accounting and Organizational Management; Auditing, Earnings Management, Governance; Customer Service Quality and Loyalty",2026-08-21T09:56:20.448147,2026-08-21T09:56:20.448147,openalex_orcid_only,official_orcid_to_openalex_author,high,false,false,,2026-08-29T03:05:01.770Z
uwa-finance-020,Vincent Chong,A5055171810,W2484769488,The effect of role stress on budgetary participation and job satisfaction-performance linkages: A test of two different models,2004,2004-05-19,10.1016/s1474-7979(00)03027-1,https://doi.org/10.1016/s1474-7979(00)03027-1,Advances in accounting behavioral research,1475-1488,,1475-1488,[object Object]; [object Object],2,book-chapter,29,3.1277,0.96528251,false,false,closed,,Accounting and Organizational Management; Customer Service Quality and Loyalty; Job Satisfaction and Organizational Behavior,2026-06-11T09:08:48.828518,2026-06-11T09:08:48.828518,openalex_orcid_only,official_orcid_to_openalex_author,high,false,false,,2026-08-29T03:05:01.770Z
uwa-finance-020,Vincent Chong,A5055171810,W3118417371,The Effect of Accountability Pressure and Perceived Levels of Honesty on Budgetary Slack Creation,2021,2021-01-13,10.1108/s1475-148820200000024001,https://doi.org/10.1108/s1475-148820200000024001,Advances in accounting behavioral research,1475-1488,,1475-1488,[object Object]; [object Object]; [object Object],3,book-chapter,8,4.3259,0.94613791,false,false,closed,,"Experimental Behavioral Economics Studies; Accounting and Organizational Management; Auditing, Earnings Management, Governance",2026-06-11T09:08:48.828518,2026-06-11T09:08:48.828518,openalex_orcid_only,official_orcid_to_openalex_author,high,false,false,,2026-08-29T03:05:01.770Z
uwa-finance-020,Vincent Chong,A5055171810,W2948043443,THE EFFECT OF ORGANISATIONAL ETHICAL CLIMATE AND PEER MONITORING CONTROL SYSTEMS ON BUDGETARY SLACK: AN EXPERIMENTAL STUDY,2016,2016-12-30,,http://arionline.uitm.edu.my/ojs/index.php/APMAJ/article/download/465/371,Asia-Pacific Management Accounting Journal,1675-3194,2550-1631,1675-3194; 2550-1631,[object Object]; [object Object],2,article,2,0,0.41812542,false,false,closed,,Accounting and Organizational Management,2026-06-26T08:34:08.712188,2026-06-26T08:34:08.712188,openalex_orcid_only,official_orcid_to_openalex_author,high,false,false,,2026-08-29T03:05:01.770Z
uwa-finance-020,Vincent Chong,A5055171810,W4376505914,Editorial: Unethical Behaviours and Management Controls: Issues and Challenges to Management Accounting,2023,2023-04-30,10.52153/prj1230006,https://doi.org/10.52153/prj1230006,Management Accounting Frontiers,2209-038X,2209-0398,2209-038X; 2209-0398,[object Object]; [object Object]; [object Object]; [object Object],4,editorial,2,,,false,true,bronze,http://dx.doi.org/10.52153/prj1230006,"Auditing, Earnings Management, Governance; Ethics in Business and Education; Accounting and Organizational Management",2026-08-23T07:36:19.812096,2026-08-23T07:36:19.812096,openalex_orcid_only,official_orcid_to_openalex_author,high,false,false,,2026-08-29T03:05:01.770Z
uwa-finance-020,Vincent Chong,A5055171810,W4404100994,Does Green Credit Reduce Solvency Risk of Commercial Banks?,2024,2024-01-01,10.2139/ssrn.5012243,https://doi.org/10.2139/ssrn.5012243,SSRN Electronic Journal,1556-5068,,1556-5068,[object Object]; [object Object]; [object Object]; [object Object],4,preprint,1,,,false,true,green,http://dx.doi.org/10.2139/ssrn.5012243,"Sustainable Finance and Green Bonds; Energy, Environment, Economic Growth",2026-08-04T08:18:43.703281,2026-08-04T08:18:43.703281,openalex_orcid_only,official_orcid_to_openalex_author,high,false,false,,2026-08-29T03:05:01.770Z
uwa-finance-020,Vincent Chong,A5055171810,W1501887239,Perceived Educational Benefit and Students' Attitudes on Computer Use in Accounting Education: Singapore Evidence,2000,2000-01-01,,https://openalex.org/W1501887239,Queensland's institutional digital repository (The University of Queensland),,,,[object Object]; [object Object]; [object Object],3,article,0,0,0.20040274,false,false,closed,,Accounting Education and Careers; Technology Adoption and User Behaviour; Gender and Technology in Education,2026-06-11T09:08:48.828518,2026-06-11T09:08:48.828518,openalex_orcid_only,official_orcid_to_openalex_author,high,false,false,,2026-08-29T03:05:01.770Z
uwa-finance-020,Vincent Chong,A5055171810,W2076017765,O56. Genome wide profiling of tongue and cheek cancer using high resolution array based CGH,2011,2011-07-01,10.1016/j.oraloncology.2011.06.167,https://doi.org/10.1016/j.oraloncology.2011.06.167,Oral Oncology,1368-8375,1879-0593,1368-8375; 1879-0593,[object Object]; [object Object]; [object Object]; [object Object]; [object Object]; [object Object],6,conference-abstract,0,,,false,false,closed,,Cancer-related molecular mechanisms research; RNA modifications and cancer; Cholangiocarcinoma and Gallbladder Cancer Studies,2026-08-21T09:56:20.448147,2026-08-21T09:56:20.448147,openalex_orcid_only,official_orcid_to_openalex_author,high,false,false,,2026-08-29T03:05:01.770Z
uwa-finance-020,Vincent Chong,A5055171810,W2276286573,The Impact of Emotional Reaction and Cognitive Role of Occupational Stress on Professional Public Accountants Performance,2004,2004-01-01,,http://hdl.handle.net/1885/77321,ANU Open Research (Australian National University),,,,[object Object]; [object Object]; [object Object],3,article,0,0,0.22794118,false,false,closed,,Healthcare Education and Workforce Issues,2026-07-02T09:51:11.867554,2026-07-02T09:51:11.867554,openalex_orcid_only,official_orcid_to_openalex_author,high,false,false,,2026-08-29T03:05:01.770Z
uwa-finance-020,Vincent Chong,A5055171810,W2437238069,Demographics and statistical modelling – additional data,2013,2013-11-01,,https://www.ncbi.nlm.nih.gov/books/NBK261218/,,,,,[object Object]; [object Object]; [object Object]; [object Object]; [object Object]; [object Object]; [object Object]; [object Object]; [object Object]; [object Object]; [object Object]; [object Object]; [object Object]; [object Object]; [object Object]; [object Object]; [object Object],17,article,0,0,0.33495665,false,false,closed,,"demographic modeling and climate adaptation; Insurance, Mortality, Demography, Risk Management",2026-06-11T09:08:48.828518,2026-06-11T09:08:48.828518,openalex_orcid_only,official_orcid_to_openalex_author,high,false,false,,2026-08-29T03:05:01.770Z
uwa-finance-020,Vincent Chong,A5055171810,W2948789191,The role of management control systems in managing competing institutional logics,2019,2019-07-01,,https://research-repository.uwa.edu.au/en/publications/the-role-of-management-control-systems-in-managing-competing-inst,,,,,[object Object]; [object Object]; [object Object],3,article,0,0,0.06478533,false,false,closed,,Accounting and Organizational Management,2026-06-11T09:08:48.828518,2026-06-11T09:08:48.828518,openalex_orcid_only,official_orcid_to_openalex_author,high,false,false,,2026-08-29T03:05:01.770Z
uwa-finance-020,Vincent Chong,A5055171810,W3004221070,Negotiated Budgets: The Impacts of Outcome Accountability and Subordinates' Attitudes on Budgetary Slack and Performance,2007,2007-01-01,10.2139/ssrn.1003377,https://doi.org/10.2139/ssrn.1003377,SSRN Electronic Journal,1556-5068,,1556-5068,[object Object]; [object Object]; [object Object],3,preprint,0,,,false,true,green,https://doi.org/10.2139/ssrn.1003377,"Accounting and Organizational Management; Auditing, Earnings Management, Governance; Public Policy and Administration Research",2026-08-21T09:56:20.448147,2026-08-21T09:56:20.448147,openalex_orcid_only,official_orcid_to_openalex_author,high,false,false,,2026-08-29T03:05:01.770Z
uwa-finance-020,Vincent Chong,A5055171810,W3031483317,The effect of organisational ethical climate and peer monitoring control systems on budgetary slack: an experimental study / Vincent K Chong and Danny Sudarso,2016,2016-12-01,,https://ir.uitm.edu.my/id/eprint/29959/,,,,,[object Object]; [object Object],2,article,0,0,0.45839572,false,false,closed,,Accounting and Organizational Management,2026-06-11T09:08:48.828518,2026-06-11T09:08:48.828518,openalex_orcid_only,official_orcid_to_openalex_author,high,false,false,,2026-08-29T03:05:01.770Z
uwa-finance-020,Vincent Chong,A5055171810,W3032245033,"Participative budgeting: the effects of budget emphasis, information asymmetry and procedural justice on slack - additional evidence / Vincent K Chong and Raymon Strauss",2017,2017-01-01,,https://ir.uitm.edu.my/id/eprint/29944/,,,,,[object Object]; [object Object],2,article,0,0,0.448221,false,false,closed,,Accounting and Organizational Management,2026-06-11T09:08:48.828518,2026-06-11T09:08:48.828518,openalex_orcid_only,official_orcid_to_openalex_author,high,false,false,,2026-08-29T03:05:01.770Z
uwa-finance-020,Vincent Chong,A5055171810,W4239864100,The Effect of Social Influence Pressures on Managers' Project Evaluation Decisions,2007,2007-01-01,10.2139/ssrn.1001143,https://doi.org/10.2139/ssrn.1001143,SSRN Electronic Journal,1556-5068,,1556-5068,[object Object]; [object Object],2,preprint,0,,,false,true,green,https://doi.org/10.2139/ssrn.1001143,Construction Project Management and Performance,2026-08-21T09:56:20.448147,2026-08-21T09:56:20.448147,openalex_orcid_only,official_orcid_to_openalex_author,high,false,false,,2026-08-29T03:05:01.770Z
uwa-finance-020,Vincent Chong,A5055171810,W4391523263,Do Client Protection Principles Matter for the Economic and Social Performance of Microfinance Institutions?,2024,2024-01-01,10.2139/ssrn.4716471,https://doi.org/10.2139/ssrn.4716471,SSRN Electronic Journal,1556-5068,,1556-5068,[object Object]; [object Object]; [object Object],3,preprint,0,,,false,true,green,https://doi.org/10.2139/ssrn.4716471,Microfinance and Financial Inclusion,2026-08-21T09:56:20.448147,2026-08-21T09:56:20.448147,openalex_orcid_only,official_orcid_to_openalex_author,high,false,false,,2026-08-29T03:05:01.770Z
uwa-finance-020,Vincent Chong,A5055171810,W4407562309,Solvency Risk of Microfinance Institutions: Does National Culture Matter?,2025,2025-01-01,10.2139/ssrn.5137800,https://doi.org/10.2139/ssrn.5137800,SSRN Electronic Journal,1556-5068,,1556-5068,[object Object]; [object Object]; [object Object],3,preprint,0,,,false,true,green,https://doi.org/10.2139/ssrn.5137800,Microfinance and Financial Inclusion; Islamic Finance and Banking Studies,2026-08-04T08:18:43.703281,2026-08-04T08:18:43.703281,openalex_orcid_only,official_orcid_to_openalex_author,high,false,false,,2026-08-29T03:05:01.770Z
uwa-finance-020,Vincent Chong,A5055171810,W4409269799,Incentive Contracts and the Timing to Introduce Overriding on Employee Learning,2025,2025-01-01,10.2139/ssrn.5207428,https://doi.org/10.2139/ssrn.5207428,SSRN Electronic Journal,1556-5068,,1556-5068,[object Object]; [object Object]; [object Object],3,preprint,0,,,false,true,green,https://doi.org/10.2139/ssrn.5207428,"Corporate Finance and Governance; Law, Economics, and Judicial Systems; Taxation and Compliance Studies",2026-08-04T08:18:43.703281,2026-08-04T08:18:43.703281,openalex_orcid_only,official_orcid_to_openalex_author,high,false,false,,2026-08-29T03:05:01.770Z
uwa-finance-020,Vincent Chong,A5055171810,W4411553580,Testing a Model of Horizontal Pay Dispersion on Misreporting,2025,2025-01-01,10.2139/ssrn.5317334,https://doi.org/10.2139/ssrn.5317334,SSRN Electronic Journal,1556-5068,,1556-5068,[object Object]; [object Object]; [object Object]; [object Object],4,preprint,0,,,false,true,green,https://doi.org/10.2139/ssrn.5317334,Global Health Care Issues; Fiscal Policy and Economic Growth; Monetary Policy and Economic Impact,2026-08-04T08:18:43.703281,2026-08-04T08:18:43.703281,openalex_orcid_only,official_orcid_to_openalex_author,high,false,false,,2026-08-29T03:05:01.770Z
uwa-finance-020,Vincent Chong,A5055171810,W4415756191,Solvency Risk of Microfinance Institutions: Does National Culture Matter?,2025,2025-01-01,10.2139/ssrn.5688642,https://doi.org/10.2139/ssrn.5688642,SSRN Electronic Journal,1556-5068,,1556-5068,[object Object]; [object Object]; [object Object],3,preprint,0,,,false,true,green,https://doi.org/10.2139/ssrn.5688642,"Microfinance and Financial Inclusion; Financial Literacy, Pension, Retirement Analysis; Agricultural risk and resilience",2026-08-21T09:56:20.448147,2026-08-21T09:56:20.448147,openalex_orcid_only,official_orcid_to_openalex_author,high,false,false,,2026-08-29T03:05:01.770Z
uwa-finance-020,Vincent Chong,A5055171810,W7134039321,Effectiveness of Formal and Informal Controls in Deterring Misreporting: The Role of Whistleblowing Mechanism and Ethical Leadership,2026,2026-03-06,10.1007/s10551-026-06277-w,https://doi.org/10.1007/s10551-026-06277-w,Journal of Business Ethics,0167-4544,1573-0697,0167-4544; 1573-0697,[object Object]; [object Object]; [object Object]; [object Object],4,article,0,0,0.19070495,false,true,hybrid,https://link.springer.com/content/pdf/10.1007/s10551-026-06277-w.pdf,Ethics in Business and Education; Corporate Social Responsibility Reporting; Experimental Behavioral Economics Studies,2026-08-23T07:36:19.812096,2026-08-23T07:36:19.812096,openalex_orcid_only,official_orcid_to_openalex_author,high,false,false,,2026-08-29T03:05:01.770Z
uwa-finance-022,Yihui Lan,A5015810583,W4400925880,Screen-Printable Iontronic Pressure Sensor with Thermal Expansion Microspheres for Pulse Monitoring,2024,2024-07-23,10.1021/acsami.4c05688,https://doi.org/10.1021/acsami.4c05688,ACS Applied Materials & Interfaces,1944-8244,1944-8252,1944-8244; 1944-8252,[object Object]; [object Object]; [object Object]; [object Object]; [object Object]; [object Object]; [object Object]; [object Object]; [object Object],9,article,19,2.3044,0.88489646,false,false,closed,,Advanced Sensor and Energy Harvesting Materials; Gas Sensing Nanomaterials and Sensors; Nanomaterials and Printing Technologies,2026-08-25T07:29:55.448023,2026-08-25T07:29:55.448023,openalex_orcid_only,official_orcid_to_openalex_author,high,false,false,,2026-08-29T03:05:01.770Z
uwa-finance-022,Yihui Lan,A5015810583,W4415740440,"Flexible Multidimensional Force Sensors: A Review of Structural Design, Performance, and Applications",2025,2025-10-31,10.1002/admt.202501575,https://doi.org/10.1002/admt.202501575,Advanced Materials Technologies,2365-709X,,2365-709X,[object Object]; [object Object]; [object Object]; [object Object]; [object Object]; [object Object]; [object Object]; [object Object]; [object Object]; [object Object]; [object Object]; [object Object],12,article,4,1.2378,0.78768495,false,false,closed,,Advanced Sensor and Energy Harvesting Materials; Soft Robotics and Applications; Prosthetics and Rehabilitation Robotics,2026-08-21T09:56:20.448147,2026-08-21T09:56:20.448147,openalex_orcid_only,official_orcid_to_openalex_author,high,false,false,,2026-08-29T03:05:01.770Z
uwa-finance-022,Yihui Lan,A5015810583,W7124736607,An ultra-sensitive iontronic pressure sensor with femtosecond-laser-engraved microstructures for machine-learning-based tactile sensing,2026,2026-01-01,10.1039/d5nr05111h,https://doi.org/10.1039/d5nr05111h,Nanoscale,2040-3364,2040-3372,2040-3364; 2040-3372,[object Object]; [object Object]; [object Object]; [object Object]; [object Object]; [object Object]; [object Object]; [object Object],8,article,3,8.0387,0.96499014,false,false,closed,,Advanced Sensor and Energy Harvesting Materials; Tactile and Sensory Interactions; Dielectric materials and actuators,2026-08-21T09:56:20.448147,2026-08-21T09:56:20.448147,openalex_orcid_only,official_orcid_to_openalex_author,high,false,false,,2026-08-29T03:05:01.770Z
uwa-finance-022,Yihui Lan,A5015810583,W4415625734,"SAW-Based Hydrogen Sensing: Mechanisms, Design Strategies, and Future Prospects",2025,2025-10-28,10.3390/mi16111227,https://doi.org/10.3390/mi16111227,Micromachines,2072-666X,,2072-666X,[object Object]; [object Object]; [object Object]; [object Object]; [object Object]; [object Object]; [object Object]; [object Object]; [object Object]; [object Object],10,article,2,0.5779,0.66037836,false,true,gold,https://doi.org/10.3390/mi16111227,Gas Sensing Nanomaterials and Sensors; Acoustic Wave Resonator Technologies; Mechanical and Optical Resonators,2026-08-21T09:56:20.448147,2026-08-21T09:56:20.448147,openalex_orcid_only,official_orcid_to_openalex_author,high,false,false,,2026-08-29T03:05:01.770Z
uwa-finance-022,Yihui Lan,A5015810583,W1965204678,Transcriptional profile of shrimp white spot syndrome virus (WSSV) genes with DNA microarray,2006,2006-03-31,10.1007/s00705-006-0751-x,https://doi.org/10.1007/s00705-006-0751-x,Archives of Virology,0003-9012,0304-8608,0003-9012; 0304-8608; 1432-8798,[object Object]; [object Object]; [object Object]; [object Object],4,article,39,1.3341,0.79378531,false,false,closed,,Invertebrate Immune Response Mechanisms; Insect symbiosis and bacterial influences; Aquaculture disease management and microbiota,2026-08-21T09:56:20.448147,2026-08-21T09:56:20.448147,openalex_orcid_only,official_orcid_to_openalex_author,high,false,false,,2026-08-29T03:05:01.770Z
uwa-finance-022,Yihui Lan,A5015810583,W1549771034,The Explosion of Purchasing Power Parity,2002,2002-12-18,10.4337/9781035363254.00010,https://doi.org/10.4337/9781035363254.00010,Edward Elgar Publishing eBooks,,,,[object Object],1,book-chapter,13,3.666,0.94860346,false,true,green,https://ecompapers.biz.uwa.edu.au/paper/PDF%20of%20Discussion%20Papers/2001/01-22.pdf,Fiscal Policy and Economic Growth; Global trade and economics; Monetary Policy and Economic Impact,2026-08-23T07:36:19.812096,2026-08-23T07:36:19.812096,openalex_orcid_only,official_orcid_to_openalex_author,high,false,false,,2026-08-29T03:05:01.770Z
uwa-finance-022,Yihui Lan,A5015810583,W4415686944,A High‐Linearity Flexible Pressure Sensor for Pulse Physiological Signal Monitoring Enabled by Machine Learning,2025,2025-10-30,10.1002/admt.202501463,https://doi.org/10.1002/admt.202501463,Advanced Materials Technologies,2365-709X,,2365-709X,[object Object]; [object Object]; [object Object]; [object Object]; [object Object]; [object Object]; [object Object]; [object Object]; [object Object]; [object Object]; [object Object]; [object Object]; [object Object],13,article,1,0.3094,0.55523672,false,true,bronze,https://onlinelibrary.wiley.com/doi/pdfdirect/10.1002/admt.202501463,Advanced Sensor and Energy Harvesting Materials; Non-Invasive Vital Sign Monitoring; Pressure Ulcer Prevention and Management,2026-08-21T09:56:20.448147,2026-08-21T09:56:20.448147,openalex_orcid_only,official_orcid_to_openalex_author,high,false,false,,2026-08-29T03:05:01.770Z
uwa-finance-022,Yihui Lan,A5015810583,W2490521400,The Growing Evidence on Purchasing Power Parity,2003,2003-01-01,10.1057/9780230512412_2,https://doi.org/10.1057/9780230512412_2,Palgrave Macmillan UK eBooks,,,,[object Object]; [object Object],2,book-chapter,8,0.9738,0.83292584,false,false,closed,,Monetary Policy and Economic Impact; Market Dynamics and Volatility; Global Financial Crisis and Policies,2026-07-31T08:31:51.225901,2026-07-31T08:31:51.225901,openalex_orcid_only,official_orcid_to_openalex_author,high,false,false,,2026-08-29T03:05:01.770Z
uwa-finance-022,Yihui Lan,A5015810583,W2188656992,"1 A Test of Co-skewness and Co-kurtosis: The Relevance of Size, Book to Market and Momentum in Asset Pricing",2012,2012-01-01,,http://citeseerx.ist.psu.edu/viewdoc/summary?doi=10.1.1.688.5857,,,,,[object Object]; [object Object]; [object Object],3,article,1,0,0.29120266,false,false,closed,,"Hermeneutics and Narrative Identity; Aging, Elder Care, and Social Issues; Health, Medicine and Society",2026-06-11T09:08:48.828518,2026-06-11T09:08:48.828518,openalex_orcid_only,official_orcid_to_openalex_author,high,false,false,,2026-08-29T03:05:01.770Z
uwa-finance-022,Yihui Lan,A5015810583,W2907387454,Ticker symbol and comovement: Evidence from a unique dataset in China *,2010,2010-01-01,,http://citeseerx.ist.psu.edu/viewdoc/summary?doi=10.1.1.175.7291,,,,,[object Object]; [object Object]; [object Object]; [object Object]; [object Object]; [object Object]; [object Object]; [object Object]; [object Object]; [object Object]; [object Object]; [object Object]; [object Object]; [object Object]; [object Object],15,article,1,0,0.3202329,false,false,closed,,Decision-Making and Behavioral Economics; Neural and Behavioral Psychology Studies,2026-06-11T09:08:48.828518,2026-06-11T09:08:48.828518,openalex_orcid_only,official_orcid_to_openalex_author,high,false,false,,2026-08-29T03:05:01.770Z
uwa-finance-022,Yihui Lan,A5015810583,W1574300900,The Big Mac Index Two Decades on: An Evaluation of Burgernomics,2008,2008-01-01,10.2139/ssrn.1081843,https://doi.org/10.2139/ssrn.1081843,SSRN Electronic Journal,1556-5068,,1556-5068,[object Object]; [object Object]; [object Object],3,preprint,17,,,false,true,green,https://doi.org/10.2139/ssrn.1081843,Complex Systems and Time Series Analysis; Economic theories and models; Monetary Policy and Economic Impact,2026-08-21T09:56:20.448147,2026-08-21T09:56:20.448147,openalex_orcid_only,official_orcid_to_openalex_author,high,false,false,,2026-08-29T03:05:01.770Z
uwa-finance-022,Yihui Lan,A5015810583,W1165799554,World Fibres Demand,2000,2000-01-01,,https://ecompapers.biz.uwa.edu.au/paper/PDF%20of%20Discussion%20Papers/2000/00-07.pdf,RePEc: Research Papers in Economics,,,,[object Object]; [object Object],2,preprint,4,,,false,false,closed,,Economics of Agriculture and Food Markets; Consumer Market Behavior and Pricing; Monetary Policy and Economic Impact,2026-08-11T07:18:39.950985,2026-08-11T07:18:39.950985,openalex_orcid_only,official_orcid_to_openalex_author,high,false,false,,2026-08-29T03:05:01.770Z
uwa-finance-022,Yihui Lan,A5015810583,W1486735760,THE LONG-RUN VALUE OF CURRENCIES: A BIG MAC PERSPECTIVE *,2001,2001-01-01,,https://ecompapers.biz.uwa.edu.au/paper/PDF%20of%20Discussion%20Papers/2001/01-17.pdf,RePEc: Research Papers in Economics,,,,[object Object],1,preprint,3,,,false,false,closed,,Monetary Policy and Economic Impact; Economic theories and models; Complex Systems and Time Series Analysis,2026-08-11T07:18:39.950985,2026-08-11T07:18:39.950985,openalex_orcid_only,official_orcid_to_openalex_author,high,false,false,,2026-08-29T03:05:01.770Z
uwa-finance-022,Yihui Lan,A5015810583,W2618272374,Improving Accuracy and Precision of Value-at-Risk Forecasts,2007,2007-01-01,10.2139/ssrn.1009512,https://doi.org/10.2139/ssrn.1009512,SSRN Electronic Journal,1556-5068,,1556-5068,[object Object]; [object Object]; [object Object],3,preprint,2,,,false,true,green,https://doi.org/10.2139/ssrn.1009512,"Monetary Policy and Economic Impact; Financial Markets and Investment Strategies; Insurance, Mortality, Demography, Risk Management",2026-08-21T09:56:20.448147,2026-08-21T09:56:20.448147,openalex_orcid_only,official_orcid_to_openalex_author,high,false,false,,2026-08-29T03:05:01.770Z
uwa-finance-022,Yihui Lan,A5015810583,W1567177611,Aspects of Exchange Rate Economics,2002,2002-01-01,,https://ecompapers.biz.uwa.edu.au/paper/PDF%20of%20Discussion%20Papers/2002/02-01.pdf,RePEc: Research Papers in Economics,,,,[object Object],1,preprint,1,,,false,false,closed,,Monetary Policy and Economic Impact; Global Financial Crisis and Policies; Market Dynamics and Volatility,2026-08-11T07:18:39.950985,2026-08-11T07:18:39.950985,openalex_orcid_only,official_orcid_to_openalex_author,high,false,false,,2026-08-29T03:05:01.770Z
uwa-finance-022,Yihui Lan,A5015810583,W1570751536,"The Long-Term Behaviour of Exchange Rates, Part IV: Big Macs and the Evolution of Exchange Rates",2003,2003-01-01,,https://ecompapers.biz.uwa.edu.au/paper/PDF%20of%20Discussion%20Papers/2003/03_08_Lan.pdf,RePEc: Research Papers in Economics,,,,[object Object],1,preprint,1,,,false,false,closed,,Monetary Policy and Economic Impact; Global Financial Crisis and Policies; Market Dynamics and Volatility,2026-08-11T07:18:39.950985,2026-08-11T07:18:39.950985,openalex_orcid_only,official_orcid_to_openalex_author,high,false,false,,2026-08-29T03:05:01.770Z
uwa-finance-022,Yihui Lan,A5015810583,W2064204554,A Stochastic Measure of International Competitiveness,2007,2007-01-01,10.2139/ssrn.989898,https://doi.org/10.2139/ssrn.989898,SSRN Electronic Journal,1556-5068,,1556-5068,[object Object]; [object Object]; [object Object],3,preprint,1,,,false,true,green,https://doi.org/10.2139/ssrn.989898,Monetary Policy and Economic Impact; Global Financial Crisis and Policies; Complex Systems and Time Series Analysis,2026-08-21T09:56:20.448147,2026-08-21T09:56:20.448147,openalex_orcid_only,official_orcid_to_openalex_author,high,false,false,,2026-08-29T03:05:01.770Z
uwa-finance-022,Yihui Lan,A5015810583,W4250557316,Firm-specific Return Variation and Stock Returns,2018,2018-01-01,10.2139/ssrn.3321584,https://doi.org/10.2139/ssrn.3321584,SSRN Electronic Journal,1556-5068,,1556-5068,[object Object]; [object Object]; [object Object],3,preprint,1,,,false,true,green,https://doi.org/10.2139/ssrn.3321584,Corporate Finance and Governance,2026-08-04T08:18:43.703281,2026-08-04T08:18:43.703281,openalex_orcid_only,official_orcid_to_openalex_author,high,false,false,,2026-08-29T03:05:01.770Z
uwa-finance-022,Yihui Lan,A5015810583,W4312784023,"The ICP, PPP and Household Expenditure Patterns",2022,2022-01-01,10.2139/ssrn.4253930,https://doi.org/10.2139/ssrn.4253930,SSRN Electronic Journal,1556-5068,,1556-5068,[object Object]; [object Object]; [object Object]; [object Object],4,preprint,1,,,false,true,green,https://doi.org/10.2139/ssrn.4253930,Fiscal Policy and Economic Growth,2026-08-21T09:56:20.448147,2026-08-21T09:56:20.448147,openalex_orcid_only,official_orcid_to_openalex_author,high,false,false,,2026-08-29T03:05:01.770Z
uwa-finance-022,Yihui Lan,A5015810583,W1531413564,"The Long-Term Behaviour of Exchange Rates, Part III: The Explosion of Purchasing Power Parity",2003,2003-01-01,,https://ecompapers.biz.uwa.edu.au/paper/PDF%20of%20Discussion%20Papers/2003/03_07_Lan.pdf,RePEc: Research Papers in Economics,,,,[object Object],1,preprint,0,,,false,false,closed,,Monetary Policy and Economic Impact; Global Financial Crisis and Policies; Market Dynamics and Volatility,2026-08-11T07:18:39.950985,2026-08-11T07:18:39.950985,openalex_orcid_only,official_orcid_to_openalex_author,high,false,false,,2026-08-29T03:05:01.770Z
uwa-finance-022,Yihui Lan,A5015810583,W1552658575,"The Long-Term Behaviour of Exchange Rates, Part I: Introduction",2003,2003-01-01,,https://ecompapers.biz.uwa.edu.au/paper/PDF%20of%20Discussion%20Papers/2003/03_05_Lan.pdf,RePEc: Research Papers in Economics,,,,[object Object],1,preprint,0,,,false,false,closed,,Monetary Policy and Economic Impact; Financial Risk and Volatility Modeling; Complex Systems and Time Series Analysis,2026-08-11T07:18:39.950985,2026-08-11T07:18:39.950985,openalex_orcid_only,official_orcid_to_openalex_author,high,false,false,,2026-08-29T03:05:01.770Z
uwa-finance-022,Yihui Lan,A5015810583,W1573883597,"Two Short Papers on Marijuana, Legalisation and Drinking: (1) Exogeneous Shocks and Related Goods: Drinking and the Legalisation of Marijuana; and (2) Notes on Projections of Alcohol Consumption Following Marijuana Legalisation",2005,2005-02-01,,https://ecompapers.biz.uwa.edu.au/paper/PDF%20of%20Discussion%20Papers/2005/05_14_Clements.pdf,RePEc: Research Papers in Economics,,,,[object Object]; [object Object]; [object Object],3,preprint,0,,,false,false,closed,,Economics of Agriculture and Food Markets; Consumer Market Behavior and Pricing,2026-08-11T07:18:39.950985,2026-08-11T07:18:39.950985,openalex_orcid_only,official_orcid_to_openalex_author,high,false,false,,2026-08-29T03:05:01.770Z
uwa-finance-022,Yihui Lan,A5015810583,W1591886277,"The Long-Term Behaviour of Exchange Rates, Part V: The Stationarity of Exchange Rates",2003,2003-01-01,,https://ecompapers.biz.uwa.edu.au/paper/PDF%20of%20Discussion%20Papers/2003/03_09_Lan.pdf,RePEc: Research Papers in Economics,,,,[object Object],1,preprint,0,,,false,false,closed,,Monetary Policy and Economic Impact; Global Financial Crisis and Policies; Market Dynamics and Volatility,2026-08-11T07:18:39.950985,2026-08-11T07:18:39.950985,openalex_orcid_only,official_orcid_to_openalex_author,high,false,false,,2026-08-29T03:05:01.770Z
uwa-finance-022,Yihui Lan,A5015810583,W1597653629,"The Long-Term Behaviour of Exchange Rates, Part VI: Summary and Conclusions",2003,2003-01-01,,https://ecompapers.biz.uwa.edu.au/paper/PDF%20of%20Discussion%20Papers/2003/03_10_Lan.pdf,RePEc: Research Papers in Economics,,,,[object Object],1,preprint,0,,,false,false,closed,,Global Financial Crisis and Policies,2026-08-11T07:18:39.950985,2026-08-11T07:18:39.950985,openalex_orcid_only,official_orcid_to_openalex_author,high,false,false,,2026-08-29T03:05:01.770Z
uwa-finance-022,Yihui Lan,A5015810583,W1601969435,"The Long-Term Behaviour of Exchange Rates, Part II: Aspects of Exchange-Rate Economics",2003,2003-01-01,,https://ecompapers.biz.uwa.edu.au/paper/PDF%20of%20Discussion%20Papers/2003/03_06_Lan.pdf,RePEc: Research Papers in Economics,,,,[object Object],1,preprint,0,,,false,false,closed,,Market Dynamics and Volatility; Monetary Policy and Economic Impact; Global Financial Crisis and Policies,2026-08-11T07:18:39.950985,2026-08-11T07:18:39.950985,openalex_orcid_only,official_orcid_to_openalex_author,high,false,false,,2026-08-29T03:05:01.770Z
uwa-finance-022,Yihui Lan,A5015810583,W2729288921,"The Relationship between LNG, Oil and Coal Prices in Asia",2015,2015-10-25,,www.iaee.org/proceedings/article/13023,"The Dynamic Energy Landscape,33rd USAEE/IAEE North American Conference,Oct 25-28, 2015",,,,[object Object]; [object Object]; [object Object],3,conference-paper,0,0,0.42358079,false,false,closed,,"Global Energy Security and Policy; Market Dynamics and Volatility; Energy, Environment, and Transportation Policies",2026-07-29T14:22:42.915294,2026-07-29T14:22:42.915294,openalex_orcid_only,official_orcid_to_openalex_author,high,false,false,,2026-08-29T03:05:01.770Z
uwa-finance-022,Yihui Lan,A5015810583,W3121654617,Uncertainty in Currency Mispricing,2016,2016-01-01,,"https://ecompapers.biz.uwa.edu.au/paper/PDF%20of%20Discussion%20Papers/2016/DP%2016.03%20Clements,%20K.%20et%20al.-%20Uncertainty%20in%20Currency%20Mispricing.pdf",RePEc: Research Papers in Economics,,,,[object Object]; [object Object]; [object Object],3,preprint,0,,,false,true,green,https://admin.research-repository.uwa.edu.au/en/publications/39ab7708-7d3f-4b81-903e-577ee93dfe26,Economic theories and models; Monetary Policy and Economic Impact; Complex Systems and Time Series Analysis,2026-08-25T07:29:55.448023,2026-08-25T07:29:55.448023,openalex_orcid_only,official_orcid_to_openalex_author,high,false,false,,2026-08-29T03:05:01.770Z
uwa-finance-022,Yihui Lan,A5015810583,W3121795082,ASIAN SPOT PRICES FOR LNG OTHER ENERGY COMMODITIES,2015,2015-01-01,,https://ecompapers.biz.uwa.edu.au/paper/PDF%20of%20Discussion%20Papers/2015/DP%2015.30_Alim_Hartley_Lan1.pdf,RePEc: Research Papers in Economics,,,,[object Object]; [object Object]; [object Object],3,preprint,0,,,false,true,green,https://api.research-repository.uwa.edu.au/ws/files/96622301/DP15.30_Alim_Hartley_Lan1.pdf,Market Dynamics and Volatility; Global Energy Security and Policy; Global Energy and Sustainability Research,2026-08-11T07:18:39.950985,2026-08-11T07:18:39.950985,openalex_orcid_only,official_orcid_to_openalex_author,high,false,false,,2026-08-29T03:05:01.770Z
uwa-finance-022,Yihui Lan,A5015810583,W3122138352,Exchange-Rate Economics for the Resources Sector,2007,2007-01-01,,https://admin.research-repository.uwa.edu.au/en/publications/4bbfcb4a-16e8-476a-91e9-bb2f900ba880,UWA Profiles and Research Repository (University of Western Australia),,,,[object Object]; [object Object]; [object Object],3,report,0,,,false,true,green,https://api.research-repository.uwa.edu.au/ws/files/95932281/07-13_Clements.pdf,Natural Resources and Economic Development; Global Financial Crisis and Policies; Market Dynamics and Volatility,2026-08-25T07:29:55.448023,2026-08-25T07:29:55.448023,openalex_orcid_only,official_orcid_to_openalex_author,high,false,false,,2026-08-29T03:05:01.770Z
uwa-finance-022,Yihui Lan,A5015810583,W3122218308,Volatility and Stock Price Indexes,2011,2011-01-01,,https://www.business.uwa.edu.au/__data/assets/pdf_file/0004/1857973/11-16-Volatility-and-Stock-Prices-Indexes.pdf,RePEc: Research Papers in Economics,,,,[object Object]; [object Object]; [object Object],3,preprint,0,,,false,false,closed,,Stock Market Forecasting Methods; Forecasting Techniques and Applications,2026-08-11T07:18:39.950985,2026-08-11T07:18:39.950985,openalex_orcid_only,official_orcid_to_openalex_author,high,false,false,,2026-08-29T03:05:01.770Z
uwa-finance-022,Yihui Lan,A5015810583,W3122876065,The Big Mac Index Two Decades On An Evaluation Of Burgernomics,2010,2010-01-01,,https://www.business.uwa.edu.au/__data/assets/pdf_file/0003/1082586/10-14_The_Big_Mac_Indes_Two_Decades_On-An_Evaluation_of_Burgernomics.pdf,RePEc: Research Papers in Economics,,,,[object Object]; [object Object]; [object Object],3,preprint,0,,,false,true,green,https://api.research-repository.uwa.edu.au/ws/files/95932338/10-14.pdf,Economic theories and models; Complex Systems and Time Series Analysis; Monetary Policy and Economic Impact,2026-08-25T07:29:55.448023,2026-08-25T07:29:55.448023,openalex_orcid_only,official_orcid_to_openalex_author,high,false,false,,2026-08-29T03:05:01.770Z
uwa-finance-022,Yihui Lan,A5015810583,W3123256959,Understanding Alcohol Consumption across Countries,2020,2020-01-01,10.22004/ag.econ.305249,https://doi.org/10.22004/ag.econ.305249,RePEc: Research Papers in Economics,,,,[object Object]; [object Object]; [object Object]; [object Object]; [object Object]; [object Object],6,preprint,0,,,false,true,green,http://ageconsearch.umn.edu/record/305249,Economics of Agriculture and Food Markets,2026-08-25T07:29:55.448023,2026-08-25T07:29:55.448023,openalex_orcid_only,official_orcid_to_openalex_author,high,false,false,,2026-08-29T03:05:01.770Z
uwa-finance-022,Yihui Lan,A5015810583,W4236131727,Australian Firm Characteristics and Cross-Sectional Variation in Equity Returns,2014,2014-01-01,10.2139/ssrn.2383726,https://doi.org/10.2139/ssrn.2383726,SSRN Electronic Journal,1556-5068,,1556-5068,[object Object]; [object Object]; [object Object],3,preprint,0,,,false,true,green,https://doi.org/10.2139/ssrn.2383726,Corporate Finance and Governance; Firm Innovation and Growth; Private Equity and Venture Capital,2026-08-21T09:56:20.448147,2026-08-21T09:56:20.448147,openalex_orcid_only,official_orcid_to_openalex_author,high,false,false,,2026-08-29T03:05:01.770Z
uwa-finance-022,Yihui Lan,A5015810583,W4361857978,Credit Rating Downgrades and Stock Price Crash Risk: An International Study,2023,2023-01-01,10.2139/ssrn.4404738,https://doi.org/10.2139/ssrn.4404738,SSRN Electronic Journal,1556-5068,,1556-5068,[object Object]; [object Object]; [object Object]; [object Object],4,preprint,0,,,false,true,green,https://doi.org/10.2139/ssrn.4404738,"Banking stability, regulation, efficiency; Credit Risk and Financial Regulations",2026-07-14T23:27:15.235271,2026-07-14T23:27:15.235271,openalex_orcid_only,official_orcid_to_openalex_author,high,false,false,,2026-08-29T03:05:01.770Z
uwa-finance-022,Yihui Lan,A5015810583,W4392251308,The Cost of Financial Intermediation in Australia,2024,2024-01-01,10.2139/ssrn.4721538,https://doi.org/10.2139/ssrn.4721538,SSRN Electronic Journal,1556-5068,,1556-5068,[object Object]; [object Object]; [object Object],3,preprint,0,,,false,true,green,https://doi.org/10.2139/ssrn.4721538,"Housing, Finance, and Neoliberalism",2026-08-21T09:56:20.448147,2026-08-21T09:56:20.448147,openalex_orcid_only,official_orcid_to_openalex_author,high,false,false,,2026-08-29T03:05:01.770Z
uwa-finance-022,Yihui Lan,A5015810583,W4405463918,Failed Regulation - Do Australians understand interest rate comparisons?,2024,2024-01-01,10.2139/ssrn.5024141,https://doi.org/10.2139/ssrn.5024141,SSRN Electronic Journal,1556-5068,,1556-5068,[object Object]; [object Object]; [object Object],3,preprint,0,,,false,true,green,https://doi.org/10.2139/ssrn.5024141,"Housing, Finance, and Neoliberalism",2026-07-14T23:27:15.235271,2026-07-14T23:27:15.235271,openalex_orcid_only,official_orcid_to_openalex_author,high,false,false,,2026-08-29T03:05:01.770Z
uwa-finance-022,Yihui Lan,A5015810583,W4410097777,From Human Hands to Machine Minds: Financing AI-driven Entrepreneurship in Reward-Based Crowdfunding,2025,2025-01-01,10.2139/ssrn.5199044,https://doi.org/10.2139/ssrn.5199044,SSRN Electronic Journal,1556-5068,,1556-5068,[object Object]; [object Object]; [object Object],3,preprint,0,,,false,true,green,https://doi.org/10.2139/ssrn.5199044,"FinTech, Crowdfunding, Digital Finance; Microfinance and Financial Inclusion; Blockchain Technology Applications and Security",2026-08-23T07:36:19.812096,2026-08-23T07:36:19.812096,openalex_orcid_only,official_orcid_to_openalex_author,high,false,false,,2026-08-29T03:05:01.770Z
uwa-finance-022,Yihui Lan,A5015810583,W4413881145,Country-level inflation transmission and responsiveness to global inflation: Bias-adjusted evidence,2025,2025-01-01,10.2139/ssrn.5428202,https://doi.org/10.2139/ssrn.5428202,SSRN Electronic Journal,1556-5068,,1556-5068,[object Object]; [object Object],2,preprint,0,,,false,true,green,https://doi.org/10.2139/ssrn.5428202,Monetary Policy and Economic Impact; Market Dynamics and Volatility; Global Financial Crisis and Policies,2026-08-04T08:18:43.703281,2026-08-04T08:18:43.703281,openalex_orcid_only,official_orcid_to_openalex_author,high,false,false,,2026-08-29T03:05:01.770Z
uwa-finance-022,Yihui Lan,A5015810583,W4413881201,Country-level inflation transmission and responsiveness to global inflation: Bias-adjusted evidence,2025,2025-01-01,10.2139/ssrn.5428204,https://doi.org/10.2139/ssrn.5428204,SSRN Electronic Journal,1556-5068,,1556-5068,[object Object]; [object Object],2,preprint,0,,,false,true,green,https://doi.org/10.2139/ssrn.5428204,Monetary Policy and Economic Impact; Market Dynamics and Volatility; Global Financial Crisis and Policies,2026-08-04T08:18:43.703281,2026-08-04T08:18:43.703281,openalex_orcid_only,official_orcid_to_openalex_author,high,false,false,,2026-08-29T03:05:01.770Z
uwa-finance-022,Yihui Lan,A5015810583,W4416328522,Biodiversity Risk Exposure and Analysts' Forecasts,2025,2025-01-01,10.2139/ssrn.5711245,https://doi.org/10.2139/ssrn.5711245,SSRN Electronic Journal,1556-5068,,1556-5068,[object Object]; [object Object]; [object Object],3,preprint,0,,,false,true,green,https://doi.org/10.2139/ssrn.5711245,"Auditing, Earnings Management, Governance; Corporate Social Responsibility Reporting; Corporate Finance and Governance",2026-08-21T09:56:20.448147,2026-08-21T09:56:20.448147,openalex_orcid_only,official_orcid_to_openalex_author,high,false,false,,2026-08-29T03:05:01.770Z
uwa-finance-022,Yihui Lan,A5015810583,W4417064671,Biodiversity Risk Exposure and Analysts’ Forecasts,2025,2025-01-01,10.2139/ssrn.5871507,https://doi.org/10.2139/ssrn.5871507,SSRN Electronic Journal,1556-5068,,1556-5068,[object Object]; [object Object]; [object Object],3,preprint,0,,,false,true,green,https://doi.org/10.2139/ssrn.5871507,"Auditing, Earnings Management, Governance; Corporate Social Responsibility Reporting; Corporate Finance and Governance",2026-08-04T08:18:43.703281,2026-08-04T08:18:43.703281,openalex_orcid_only,official_orcid_to_openalex_author,high,false,false,,2026-08-29T03:05:01.770Z
uwa-finance-022,Yihui Lan,A5015810583,W7126370346,Biodiversity Risk Exposure and Analysts’ Forecasts,2026,2026-01-01,10.2139/ssrn.6160621,https://doi.org/10.2139/ssrn.6160621,SSRN Electronic Journal,1556-5068,,1556-5068,[object Object]; [object Object]; [object Object],3,preprint,0,,,false,true,green,https://doi.org/10.2139/ssrn.6160621,"Auditing, Earnings Management, Governance; Corporate Social Responsibility Reporting; Corporate Finance and Governance",2026-08-04T08:18:43.703281,2026-08-04T08:18:43.703281,openalex_orcid_only,official_orcid_to_openalex_author,high,false,false,,2026-08-29T03:05:01.770Z
uwa-finance-022,Yihui Lan,A5015810583,W7131863631,Failed Regulation - Do Australians Understand Interest Rate Comparisons?,2026,2026-01-01,10.2139/ssrn.6312624,https://doi.org/10.2139/ssrn.6312624,SSRN Electronic Journal,1556-5068,,1556-5068,[object Object]; [object Object]; [object Object],3,preprint,0,,,false,true,green,https://doi.org/10.2139/ssrn.6312624,"Financial Literacy, Pension, Retirement Analysis; Housing Market and Economics; Housing, Finance, and Neoliberalism",2026-08-04T08:18:43.703281,2026-08-04T08:18:43.703281,openalex_orcid_only,official_orcid_to_openalex_author,high,false,false,,2026-08-29T03:05:01.770Z
uwa-finance-022,Yihui Lan,A5015810583,W7165038464,"A Highly Sensitive, Ultrawide-Range Temperature–Pressure Dual-Mode Sensing Platform for Battery Health and Marine Monitoring",2026,2026-06-17,10.1021/acsami.6c02665,https://doi.org/10.1021/acsami.6c02665,ACS Applied Materials & Interfaces,1944-8244,1944-8252,1944-8244; 1944-8252,[object Object]; [object Object]; [object Object]; [object Object]; [object Object]; [object Object]; [object Object]; [object Object]; [object Object]; [object Object]; [object Object]; [object Object]; [object Object]; [object Object]; [object Object],15,article,0,0,0.52697684,false,false,closed,,Advanced Sensor and Energy Harvesting Materials; Gas Sensing Nanomaterials and Sensors; Non-Invasive Vital Sign Monitoring,2026-08-25T07:29:55.448023,2026-08-25T07:29:55.448023,openalex_orcid_only,official_orcid_to_openalex_author,high,false,false,,2026-08-29T03:05:01.770Z
uwa-finance-022,Yihui Lan,A5015810583,W7165171876,"A Highly Sensitive, Ultrawide-Range Temperature–Pressure Dual-Mode Sensing Platform for Battery Health and Marine Monitoring",2026,2026-06-17,10.1021/acsami.6c02665.s001,https://doi.org/10.1021/acsami.6c02665.s001,Figshare,,,,[object Object]; [object Object]; [object Object]; [object Object]; [object Object]; [object Object]; [object Object]; [object Object]; [object Object]; [object Object]; [object Object]; [object Object]; [object Object]; [object Object]; [object Object],15,article,0,0,0.54619083,false,true,green,https://figshare.com/articles/journal_contribution/A_Highly_Sensitive_Ultrawide-Range_Temperature_Pressure_Dual-Mode_Sensing_Platform_for_Battery_Health_and_Marine_Monitoring/32716612,Advanced Sensor and Energy Harvesting Materials; Gas Sensing Nanomaterials and Sensors; 2D Materials and Applications,2026-08-21T09:56:20.448147,2026-08-21T09:56:20.448147,openalex_orcid_only,official_orcid_to_openalex_author,high,false,false,,2026-08-29T03:05:01.770Z
uwa-finance-022,Yihui Lan,A5015810583,W7203905666,Correction: An ultra-sensitive iontronic pressure sensor with femtosecond-laser-engraved microstructures for machine-learning-based tactile sensing,2026,2026-01-01,10.1039/d6nr90152b,https://doi.org/10.1039/d6nr90152b,Nanoscale,2040-3364,2040-3372,2040-3364; 2040-3372,[object Object]; [object Object]; [object Object]; [object Object]; [object Object]; [object Object]; [object Object]; [object Object],8,erratum,0,,,false,true,hybrid,https://doi.org/10.1039/d6nr90152b,,2026-08-23T07:36:19.812096,2026-08-23T07:36:19.812096,openalex_orcid_only,official_orcid_to_openalex_author,high,false,false,,2026-08-29T03:05:01.770Z
uwa-finance-022,Yihui Lan,A5015810583,W989227853,Purchasing power parity and the Big Mac Index,2013,2013-01-31,10.1017/cbo9781139045612.003,https://doi.org/10.1017/cbo9781139045612.003,Cambridge University Press eBooks,,,,[object Object]; [object Object]; [object Object],3,book-chapter,0,0,0.05839202,false,false,closed,,Monetary Policy and Economic Impact; Global Financial Crisis and Policies; Economic Theory and Policy,2026-06-11T09:08:48.828518,2026-06-11T09:08:48.828518,openalex_orcid_only,official_orcid_to_openalex_author,high,false,false,,2026-08-29T03:05:01.770Z
uwa-finance-023,Yuanji Wen,A5056758074,W2766422366,The high-volume return premium: Does it exist in the Chinese stock market?,2017,2017-10-23,10.1016/j.pacfin.2017.10.003,https://doi.org/10.1016/j.pacfin.2017.10.003,Pacific-Basin Finance Journal,0927-538X,1879-0585,0927-538X; 1879-0585,[object Object]; [object Object]; [object Object],3,article,13,1.8594,0.87176094,false,false,closed,,"Financial Markets and Investment Strategies; Corporate Finance and Governance; Auditing, Earnings Management, Governance",2026-08-21T09:56:20.448147,2026-08-21T09:56:20.448147,openalex_orcid_only,official_orcid_to_openalex_author,high,false,false,,2026-08-29T03:05:01.770Z
uwa-finance-023,Yuanji Wen,A5056758074,W1595300433,Sub-Penny and Queue-Jumping,2013,2013-01-01,10.2139/ssrn.2350424,https://doi.org/10.2139/ssrn.2350424,SSRN Electronic Journal,1556-5068,,1556-5068,[object Object]; [object Object]; [object Object]; [object Object]; [object Object],5,preprint,25,,,false,true,green,https://doi.org/10.2139/ssrn.2350424,Financial Markets and Investment Strategies; Corporate Finance and Governance; Economic theories and models,2026-08-21T09:56:20.448147,2026-08-21T09:56:20.448147,openalex_orcid_only,official_orcid_to_openalex_author,high,false,false,,2026-08-29T03:05:01.770Z
uwa-finance-023,Yuanji Wen,A5056758074,W3138171893,COVID-19 Vaccines: Saving Lives and the Global Stock Markets,2021,2021-01-01,10.2139/ssrn.3785533,https://doi.org/10.2139/ssrn.3785533,SSRN Electronic Journal,1556-5068,,1556-5068,[object Object]; [object Object]; [object Object]; [object Object],4,preprint,23,,,false,true,green,https://doi.org/10.2139/ssrn.3785533,Financial Markets and Investment Strategies; Corporate Finance and Governance; COVID-19 Pandemic Impacts,2026-07-28T07:46:37.118299,2026-07-28T07:46:37.118299,openalex_orcid_only,official_orcid_to_openalex_author,high,false,false,,2026-08-29T03:05:01.770Z
uwa-finance-023,Yuanji Wen,A5056758074,W35598550,Tick Size: Theory and Evidence,2014,2014-01-01,10.2139/ssrn.2485069,https://doi.org/10.2139/ssrn.2485069,SSRN Electronic Journal,1556-5068,,1556-5068,[object Object]; [object Object]; [object Object]; [object Object]; [object Object],5,preprint,16,,,false,true,green,https://doi.org/10.2139/ssrn.2485069,"Financial Markets and Investment Strategies; Corporate Finance and Governance; Auditing, Earnings Management, Governance",2026-07-14T23:27:15.235271,2026-07-14T23:27:15.235271,openalex_orcid_only,official_orcid_to_openalex_author,high,false,false,,2026-08-29T03:05:01.770Z
uwa-finance-023,Yuanji Wen,A5056758074,W2168607231,Tick Size Regulation and Sub-Penny Trading,2013,2013-01-01,10.2139/ssrn.2324862,https://doi.org/10.2139/ssrn.2324862,SSRN Electronic Journal,1556-5068,,1556-5068,[object Object]; [object Object]; [object Object]; [object Object],4,preprint,10,,,false,true,green,https://doi.org/10.2139/ssrn.2324862,"Financial Markets and Investment Strategies; Corporate Finance and Governance; Auditing, Earnings Management, Governance",2026-07-14T23:27:15.235271,2026-07-14T23:27:15.235271,openalex_orcid_only,official_orcid_to_openalex_author,high,false,false,,2026-08-29T03:05:01.770Z
uwa-finance-023,Yuanji Wen,A5056758074,W2183288335,"Tick Size Regulation, Intermarket Competition and Sub-Penny Trading",2011,2011-01-01,10.2139/ssrn.1785845,https://doi.org/10.2139/ssrn.1785845,SSRN Electronic Journal,1556-5068,,1556-5068,[object Object]; [object Object]; [object Object]; [object Object],4,preprint,10,,,false,true,green,https://doi.org/10.2139/ssrn.1785845,"Financial Markets and Investment Strategies; Corporate Finance and Governance; Auditing, Earnings Management, Governance",2026-08-21T09:56:20.448147,2026-08-21T09:56:20.448147,openalex_orcid_only,official_orcid_to_openalex_author,high,false,false,,2026-08-29T03:05:01.770Z
uwa-finance-023,Yuanji Wen,A5056758074,W3175465008,Transparency in Fragmented Markets: Experimental Evidence,2020,2020-01-01,10.2139/ssrn.3666983,https://doi.org/10.2139/ssrn.3666983,SSRN Electronic Journal,1556-5068,,1556-5068,[object Object]; [object Object]; [object Object],3,preprint,1,,,false,true,green,https://doi.org/10.2139/ssrn.3666983,"Financial Markets and Investment Strategies; Auditing, Earnings Management, Governance; Housing Market and Economics",2026-07-26T07:53:14.480251,2026-07-26T07:53:14.480251,openalex_orcid_only,official_orcid_to_openalex_author,high,false,false,,2026-08-29T03:05:01.770Z
uwa-finance-023,Yuanji Wen,A5056758074,W205201612,Learning to Use Private Information: Re-examining the Asymmetric-Information Game in the Laboratory,2013,2013-01-01,10.2139/ssrn.2368199,https://doi.org/10.2139/ssrn.2368199,SSRN Electronic Journal,1556-5068,,1556-5068,[object Object],1,preprint,0,,,false,true,green,https://doi.org/10.2139/ssrn.2368199,Experimental Behavioral Economics Studies; Game Theory and Applications; Decision-Making and Behavioral Economics,2026-08-04T08:18:43.703281,2026-08-04T08:18:43.703281,openalex_orcid_only,official_orcid_to_openalex_author,high,false,false,,2026-08-29T03:05:01.770Z
uwa-finance-023,Yuanji Wen,A5056758074,W2627055606,Tests of Mixed Strategy Equilibrium in Games: Role of feedback in repeated game design,,,,https://business.monash.edu/economics/research/publications/eco/1117testsanbarciwenratan.pdf,RePEc: Research Papers in Economics,,,,[object Object]; [object Object]; [object Object],3,preprint,0,,,false,false,closed,,Experimental Behavioral Economics Studies; Game Theory and Applications; Game Theory and Voting Systems,2026-08-11T07:18:39.950985,2026-08-11T07:18:39.950985,openalex_orcid_only,official_orcid_to_openalex_author,high,false,false,,2026-08-29T03:05:01.770Z
uwa-finance-023,Yuanji Wen,A5056758074,W3123031337,Tick Size Regulation and Sub-Penny Trading,2013,2013-01-01,,https://repec.unibocconi.it/igier/igi/wp/2013/492.pdf,RePEc: Research Papers in Economics,,,,[object Object]; [object Object]; [object Object]; [object Object],4,preprint,0,,,false,true,green,https://repec.unibocconi.it/igier/igi/wp/2013/492.pdf,Financial Markets and Investment Strategies; Corporate Finance and Governance; Financial Reporting and Valuation Research,2026-08-22T07:34:49.880490,2026-08-22T07:34:49.880490,openalex_orcid_only,official_orcid_to_openalex_author,high,false,false,,2026-08-29T03:05:01.770Z
uwa-finance-023,Yuanji Wen,A5056758074,W3123120300,Tick Size: Theory and Evidence,2015,2015-03-01,,https://EconPapers.repec.org/RePEc:ecl:ohidic:2015-04,RePEc: Research Papers in Economics,,,,[object Object]; [object Object]; [object Object]; [object Object]; [object Object],5,preprint,0,,,false,false,closed,,"Financial Markets and Investment Strategies; Corporate Finance and Governance; Auditing, Earnings Management, Governance",2026-06-11T09:08:48.828518,2026-06-11T09:08:48.828518,openalex_orcid_only,official_orcid_to_openalex_author,high,false,false,,2026-08-29T03:05:01.770Z
uwa-finance-023,Yuanji Wen,A5056758074,W3179973573,The High-Volume Return Premium: Does it Exist in the Chinese Stock Market?,2017,2017-10-05,,https://research-repository.uwa.edu.au/en/publications/9bbf5d65-02b8-4f83-ae5f-4f6048383024,UWA Profiles and Research Repository (University of Western Australia),,,,[object Object]; [object Object]; [object Object],3,article,0,0,0.43992711,false,true,green,https://papers.ssrn.com/sol3/papers.cfm?abstract_id=2730453,Financial Markets and Investment Strategies; Corporate Finance and Governance; Stochastic processes and financial applications,2026-07-14T23:32:53.992493,2026-07-14T23:32:53.992493,openalex_orcid_only,official_orcid_to_openalex_author,high,false,false,,2026-08-29T03:05:01.770Z
uwa-finance-023,Yuanji Wen,A5056758074,W4242791938,Information Asymmetry and Order Aggressiveness in Limit Order Markets,2012,2012-01-01,10.2139/ssrn.2136833,https://doi.org/10.2139/ssrn.2136833,SSRN Electronic Journal,1556-5068,,1556-5068,[object Object],1,preprint,0,,,false,true,green,https://doi.org/10.2139/ssrn.2136833,Complex Systems and Time Series Analysis; Economic theories and models,2026-08-04T08:18:43.703281,2026-08-04T08:18:43.703281,openalex_orcid_only,official_orcid_to_openalex_author,high,false,false,,2026-08-29T03:05:01.770Z
uwa-finance-023,Yuanji Wen,A5056758074,W4312822053,The Relevance of Dark Trading for Information Acquisition in German Stocks,2022,2022-01-01,10.2139/ssrn.4277248,https://doi.org/10.2139/ssrn.4277248,SSRN Electronic Journal,1556-5068,,1556-5068,[object Object]; [object Object]; [object Object],3,preprint,0,,,false,true,green,https://doi.org/10.2139/ssrn.4277248,Financial Markets and Investment Strategies,2026-08-21T09:56:20.448147,2026-08-21T09:56:20.448147,openalex_orcid_only,official_orcid_to_openalex_author,high,false,false,,2026-08-29T03:05:01.770Z
uwa-finance-023,Yuanji Wen,A5056758074,W4402416172,Industrial Policy and Blockchain Innovation: Evidence from China,2024,2024-01-01,10.2139/ssrn.4952067,https://doi.org/10.2139/ssrn.4952067,SSRN Electronic Journal,1556-5068,,1556-5068,[object Object]; [object Object]; [object Object],3,preprint,0,,,false,true,green,http://doi.org/10.2139/ssrn.4952067,"Innovation Policy and R&D; Energy, Environment, Economic Growth; Economic Growth and Development",2026-07-14T23:27:15.235271,2026-07-14T23:27:15.235271,openalex_orcid_only,official_orcid_to_openalex_author,high,false,false,,2026-08-29T03:05:01.770Z
uwa-finance-023,Yuanji Wen,A5056758074,W7134912000,When Darkness Falls: High-Frequency Trading and Liquidity in the Australian Stock Market,2026,2026-01-01,10.2139/ssrn.6175519,https://doi.org/10.2139/ssrn.6175519,SSRN Electronic Journal,1556-5068,,1556-5068,[object Object]; [object Object]; [object Object],3,preprint,0,,,false,true,green,https://doi.org/10.2139/ssrn.6175519,Financial Markets and Investment Strategies; Financial Risk and Volatility Modeling; Stock Market Forecasting Methods,2026-08-21T09:56:20.448147,2026-08-21T09:56:20.448147,openalex_orcid_only,official_orcid_to_openalex_author,high,false,false,,2026-08-29T03:05:01.770Z
