researcher_id,researcher_name,publication_id,relationship_source,researcher_match_method,researcher_match_confidence,requires_review,review_reason,openalex_work_id,openalex_match_method,openalex_match_confidence,openalex_candidate_count,openalex_requires_review,openalex_review_reason,cited_by_count,fwci,citation_percentile,openalex_retrieved_at
uwa-accounting-001,Alex Yang,uwa-pub-0895f28c4d1ef1f3,official personal Pure publications feed,profile_feed_membership,high,false,,W4398221059,exact_doi,high,1,false,,1,0.4107,0.61867652,2026-08-29T03:05:00.187Z
uwa-accounting-001,Alex Yang,uwa-pub-753875d28eb6481b,official personal Pure publications feed,profile_feed_membership,high,false,,W4400368705,exact_doi,high,1,false,,4,3.0221,0.91730927,2026-08-29T03:05:00.187Z
uwa-accounting-001,Alex Yang,uwa-pub-0007630a1ad6b7f9,official personal Pure publications feed,profile_feed_membership,high,false,,W4412095841,exact_doi,high,1,false,,3,6.1693,0.95891078,2026-08-29T03:05:00.187Z
uwa-accounting-001,Alex Yang,uwa-pub-74f64136d34b2b88,official personal Pure publications feed,profile_feed_membership,high,false,,W4380887693,exact_doi,high,1,false,,5,1.2321,0.79673499,2026-08-29T03:05:00.187Z
uwa-accounting-001,Alex Yang,uwa-pub-52fb77065d4f8315,official personal Pure publications feed,profile_feed_membership,high,false,,W4396703752,exact_doi,high,1,false,,5,3.4928,0.92512497,2026-08-29T03:05:00.187Z
uwa-accounting-001,Alex Yang,uwa-pub-2fae16427f9fe312,official personal Pure publications feed,profile_feed_membership,high,false,,W4309914108,exact_doi,high,1,false,,6,1.3839,0.83573966,2026-08-29T03:05:00.187Z
uwa-accounting-001,Alex Yang,uwa-pub-75d6b61eee87c64e,official personal Pure publications feed,profile_feed_membership,high,false,,W4409598799,exact_doi,high,1,false,,14,29.6272,0.99629801,2026-08-29T03:05:00.187Z
uwa-accounting-001,Alex Yang,uwa-pub-40174d77942c0af2,official personal Pure publications feed,profile_feed_membership,high,false,,W4393336577,exact_doi,high,1,false,,4,2.7942,0.90522056,2026-08-29T03:05:00.187Z
uwa-accounting-001,Alex Yang,uwa-pub-511a5378f05c0213,official personal Pure publications feed,profile_feed_membership,high,false,,W4399459629,exact_doi,high,1,false,,16,8.0063,0.97448223,2026-08-29T03:05:00.187Z
uwa-accounting-001,Alex Yang,uwa-pub-e04cc09beaf10560,official personal Pure publications feed,profile_feed_membership,high,false,,W4296127752,exact_doi,high,1,false,,4,0.8261,0.75671702,2026-08-29T03:05:00.187Z
uwa-accounting-001,Alex Yang,uwa-pub-8a46f452cda7629e,official personal Pure publications feed,profile_feed_membership,high,false,,W4412713577,exact_doi,high,1,false,,1,1.4335,0.85325083,2026-08-29T03:05:00.187Z
uwa-accounting-002,Alex Zhang,uwa-pub-ae6fa1177c6ac65e,official personal Pure publications feed,profile_feed_membership,high,false,,,unmatched,none,0,true,No OpenAlex work match,,,,2026-08-29T03:05:00.187Z
uwa-accounting-002,Alex Zhang,uwa-pub-61bf7eca046b6f4b,official personal Pure publications feed,profile_feed_membership,high,false,,W4415602242,exact_doi,high,1,false,,1,1.4858,0.87526584,2026-08-29T03:05:00.187Z
uwa-accounting-007,George Shan,uwa-pub-61bf7eca046b6f4b,official personal Pure publications feed,profile_feed_membership,high,false,,W4415602242,exact_doi,high,1,false,,1,1.4858,0.87526584,2026-08-29T03:05:00.187Z
uwa-accounting-002,Alex Zhang,uwa-pub-11e5aaa818d1b2b5,official personal Pure publications feed,profile_feed_membership,high,false,,W4413771303,exact_doi,high,1,false,,2,2.1139,0.88754334,2026-08-29T03:05:00.187Z
uwa-accounting-002,Alex Zhang,uwa-pub-629fbfdc1d7a1671,official personal Pure publications feed,profile_feed_membership,high,false,,W4410095803,exact_doi,high,1,false,,5,10.2464,0.97697737,2026-08-29T03:05:00.187Z
uwa-accounting-007,George Shan,uwa-pub-629fbfdc1d7a1671,official personal Pure publications feed,profile_feed_membership,high,false,,W4410095803,exact_doi,high,1,false,,5,10.615,0.97782886,2026-08-29T03:05:00.187Z
uwa-accounting-002,Alex Zhang,uwa-pub-0fc679be666f80ea,official personal Pure publications feed,profile_feed_membership,high,false,,,unmatched,none,0,true,No OpenAlex work match,,,,2026-08-29T03:05:00.187Z
uwa-accounting-007,George Shan,uwa-pub-0fc679be666f80ea,official personal Pure publications feed,profile_feed_membership,high,false,,W4409661425,exact_doi,high,1,false,,1,4.5069,0.91496613,2026-08-29T03:05:00.187Z
uwa-accounting-002,Alex Zhang,uwa-pub-47a63b853dd8514a,official personal Pure publications feed,profile_feed_membership,high,false,,,unmatched,none,0,true,No OpenAlex work match,,,,2026-08-29T03:05:00.187Z
uwa-accounting-002,Alex Zhang,uwa-pub-de94981d2a66c840,official personal Pure publications feed,profile_feed_membership,high,false,,,unmatched,none,0,true,No OpenAlex work match,,,,2026-08-29T03:05:00.187Z
uwa-accounting-002,Alex Zhang,uwa-pub-20f6a9258a73766e,official personal Pure publications feed,profile_feed_membership,high,false,,,unmatched,none,0,true,No OpenAlex work match,,,,2026-08-29T03:05:00.187Z
uwa-accounting-002,Alex Zhang,uwa-pub-bf88c226ef6b9493,official personal Pure publications feed,profile_feed_membership,high,false,,,unmatched,none,0,true,No OpenAlex work match,,,,2026-08-29T03:05:00.187Z
uwa-accounting-002,Alex Zhang,uwa-pub-55ed6dc85efc6360,official personal Pure publications feed,profile_feed_membership,high,false,,,unmatched,none,0,true,No OpenAlex work match,,,,2026-08-29T03:05:00.187Z
uwa-accounting-002,Alex Zhang,uwa-pub-c11b1b74ac040cd1,official personal Pure publications feed,profile_feed_membership,high,false,,,unmatched,none,0,true,No OpenAlex work match,,,,2026-08-29T03:05:00.187Z
uwa-accounting-002,Alex Zhang,uwa-pub-edbe60b9462930dc,official personal Pure publications feed,profile_feed_membership,high,false,,,unmatched,none,0,true,No OpenAlex work match,,,,2026-08-29T03:05:00.187Z
uwa-accounting-002,Alex Zhang,uwa-pub-bc55354ac3f570c1,official personal Pure publications feed,profile_feed_membership,high,false,,,unmatched,none,0,true,No OpenAlex work match,,,,2026-08-29T03:05:00.187Z
uwa-accounting-002,Alex Zhang,uwa-pub-8b5ff880c0df9f39,official personal Pure publications feed,profile_feed_membership,high,false,,,unmatched,none,0,true,No OpenAlex work match,,,,2026-08-29T03:05:00.187Z
uwa-accounting-002,Alex Zhang,uwa-pub-4744f826fac1032d,official personal Pure publications feed,profile_feed_membership,high,false,,,unmatched,none,0,true,No OpenAlex work match,,,,2026-08-29T03:05:00.187Z
uwa-accounting-002,Alex Zhang,uwa-pub-534369ee049405d0,official personal Pure publications feed,profile_feed_membership,high,false,,,unmatched,none,0,true,No OpenAlex work match,,,,2026-08-29T03:05:00.187Z
uwa-accounting-002,Alex Zhang,uwa-pub-59271f1554673d9b,official personal Pure publications feed,profile_feed_membership,high,false,,,unmatched,none,0,true,No OpenAlex work match,,,,2026-08-29T03:05:00.187Z
uwa-accounting-002,Alex Zhang,uwa-pub-2c5999de6893ef9f,official personal Pure publications feed,profile_feed_membership,high,false,,,unmatched,none,0,true,No OpenAlex work match,,,,2026-08-29T03:05:00.187Z
uwa-accounting-002,Alex Zhang,uwa-pub-d9104a726e4c51b5,official personal Pure publications feed,profile_feed_membership,high,false,,W4321230853,exact_doi,high,1,false,,19,7.5947,0.97103886,2026-08-29T03:05:00.187Z
uwa-accounting-002,Alex Zhang,uwa-pub-4cf8809e24134270,official personal Pure publications feed,profile_feed_membership,high,false,,W4399706032,exact_doi,high,1,false,,18,11.7838,0.98013747,2026-08-29T03:05:00.187Z
uwa-accounting-002,Alex Zhang,uwa-pub-63205f1e8a6af4f5,official personal Pure publications feed,profile_feed_membership,high,false,,W4400734816,exact_doi,high,1,false,,32,22.3539,0.99567853,2026-08-29T03:05:00.187Z
uwa-accounting-002,Alex Zhang,uwa-pub-8ee5f904f5f40e8e,official personal Pure publications feed,profile_feed_membership,high,false,,,unmatched,none,0,true,No OpenAlex work match,,,,2026-08-29T03:05:00.187Z
uwa-accounting-007,George Shan,uwa-pub-8ee5f904f5f40e8e,official personal Pure publications feed,profile_feed_membership,high,false,,W4399909448,exact_doi,high,1,false,,8,3.2107,0.92562168,2026-08-29T03:05:00.187Z
uwa-accounting-002,Alex Zhang,uwa-pub-e418c9ca8d1205c4,official personal Pure publications feed,profile_feed_membership,high,false,,,unmatched,none,0,true,No OpenAlex work match,,,,2026-08-29T03:05:00.187Z
uwa-accounting-007,George Shan,uwa-pub-e418c9ca8d1205c4,official personal Pure publications feed,profile_feed_membership,high,false,,W4393969921,exact_doi,high,1,false,,16,11.412,0.98354619,2026-08-29T03:05:00.187Z
uwa-accounting-002,Alex Zhang,uwa-pub-376142f014fbb559,official personal Pure publications feed,profile_feed_membership,high,false,,W4392661349,exact_doi,high,1,false,,22,8.8821,0.97367881,2026-08-29T03:05:00.187Z
uwa-accounting-007,George Shan,uwa-pub-376142f014fbb559,official personal Pure publications feed,profile_feed_membership,high,false,,W4392661349,exact_doi,high,1,false,,22,9.2854,0.9752221,2026-08-29T03:05:00.187Z
uwa-accounting-002,Alex Zhang,uwa-pub-b722523861a72197,official personal Pure publications feed,profile_feed_membership,high,false,,,unmatched,none,0,true,No OpenAlex work match,,,,2026-08-29T03:05:00.187Z
uwa-accounting-007,George Shan,uwa-pub-b722523861a72197,official personal Pure publications feed,profile_feed_membership,high,false,,W4211196579,exact_doi,high,1,false,,5,1.0603,0.83357487,2026-08-29T03:05:00.187Z
uwa-accounting-002,Alex Zhang,uwa-pub-11210f87985af700,official personal Pure publications feed,profile_feed_membership,high,false,,,unmatched,none,0,true,No OpenAlex work match,,,,2026-08-29T03:05:00.187Z
uwa-accounting-007,George Shan,uwa-pub-11210f87985af700,official personal Pure publications feed,profile_feed_membership,high,false,,W4288467814,exact_doi,high,1,false,,14,2.1938,0.88809094,2026-08-29T03:05:00.187Z
uwa-accounting-002,Alex Zhang,uwa-pub-e5d98edacb1b45a9,official personal Pure publications feed,profile_feed_membership,high,false,,,unmatched,none,0,true,No OpenAlex work match,,,,2026-08-29T03:05:00.187Z
uwa-accounting-007,George Shan,uwa-pub-e5d98edacb1b45a9,official personal Pure publications feed,profile_feed_membership,high,false,,W3185240967,exact_doi,high,1,false,,45,4.5894,0.94463797,2026-08-29T03:05:00.187Z
uwa-accounting-002,Alex Zhang,uwa-pub-8c8807c4328c5927,official personal Pure publications feed,profile_feed_membership,high,false,,,unmatched,none,0,true,No OpenAlex work match,,,,2026-08-29T03:05:00.187Z
uwa-accounting-007,George Shan,uwa-pub-8c8807c4328c5927,official personal Pure publications feed,profile_feed_membership,high,false,,W3171875415,exact_doi,high,1,false,,3,0.555,0.68438407,2026-08-29T03:05:00.187Z
uwa-accounting-002,Alex Zhang,uwa-pub-076e255cc8fbe023,official personal Pure publications feed,profile_feed_membership,high,false,,,unmatched,none,0,true,No OpenAlex work match,,,,2026-08-29T03:05:00.187Z
uwa-accounting-007,George Shan,uwa-pub-076e255cc8fbe023,official personal Pure publications feed,profile_feed_membership,high,false,,W3188301315,exact_doi,high,1,false,,22,6.6403,0.96806802,2026-08-29T03:05:00.187Z
uwa-accounting-013,Phil Hancock,uwa-pub-076e255cc8fbe023,official personal Pure publications feed,profile_feed_membership,high,false,,,unmatched,none,0,true,No OpenAlex work match,,,,2026-08-29T03:05:00.187Z
uwa-accounting-003,Collette Chesters,uwa-pub-edc83faeda784c22,official personal Pure publications feed,profile_feed_membership,high,false,,,unmatched,none,0,true,No OpenAlex work match,,,,2026-08-29T03:05:00.187Z
uwa-accounting-004,David Gilchrist,uwa-pub-6efb14a7b11875d6,official personal Pure publications feed,profile_feed_membership,high,false,,,unmatched,none,0,true,No OpenAlex work match,,,,2026-08-29T03:05:00.187Z
uwa-accounting-004,David Gilchrist,uwa-pub-c3fe566fb3b35d13,official personal Pure publications feed,profile_feed_membership,high,false,,W4409448047,exact_normalized_title_year,medium,1,false,,0,,,2026-08-29T03:05:00.187Z
uwa-accounting-004,David Gilchrist,uwa-pub-a8e356c7b7b4ff7b,official personal Pure publications feed,profile_feed_membership,high,false,,,unmatched,none,0,true,No OpenAlex work match,,,,2026-08-29T03:05:00.187Z
uwa-accounting-004,David Gilchrist,uwa-pub-852ff018d0b2ce67,official personal Pure publications feed,profile_feed_membership,high,false,,,unmatched,none,0,true,No OpenAlex work match,,,,2026-08-29T03:05:00.187Z
uwa-accounting-004,David Gilchrist,uwa-pub-6b464d1a7af14d72,official personal Pure publications feed,profile_feed_membership,high,false,,W7116733058,exact_doi,high,1,false,,0,0,0.59623431,2026-08-29T03:05:00.187Z
uwa-accounting-010,Lyndie Bayne,uwa-pub-6b464d1a7af14d72,official personal Pure publications feed,profile_feed_membership,high,false,,W7116733058,exact_doi,high,1,false,,0,0,0.59623431,2026-08-29T03:05:00.187Z
uwa-accounting-019,Vincent Chong,uwa-pub-6b464d1a7af14d72,official personal Pure publications feed,profile_feed_membership,high,false,,W7116733058,exact_doi,high,1,false,,0,0,0.59623431,2026-08-29T03:05:00.187Z
uwa-accounting-004,David Gilchrist,uwa-pub-57b52f3a51ffe100,official personal Pure publications feed,profile_feed_membership,high,false,,,unmatched,none,0,true,No OpenAlex work match,,,,2026-08-29T03:05:00.187Z
uwa-accounting-004,David Gilchrist,uwa-pub-42c26c94a897d875,official personal Pure publications feed,profile_feed_membership,high,false,,,unmatched,none,0,true,No OpenAlex work match,,,,2026-08-29T03:05:00.187Z
uwa-accounting-004,David Gilchrist,uwa-pub-6cad573642e8d75f,official personal Pure publications feed,profile_feed_membership,high,false,,,unmatched,none,0,true,No OpenAlex work match,,,,2026-08-29T03:05:00.187Z
uwa-accounting-004,David Gilchrist,uwa-pub-e486d2012172a118,official personal Pure publications feed,profile_feed_membership,high,false,,,unmatched,none,0,true,No OpenAlex work match,,,,2026-08-29T03:05:00.187Z
uwa-accounting-004,David Gilchrist,uwa-pub-9d487e760d6d82d9,official personal Pure publications feed,profile_feed_membership,high,false,,,unmatched,none,0,true,No OpenAlex work match,,,,2026-08-29T03:05:00.187Z
uwa-accounting-004,David Gilchrist,uwa-pub-58ca91b1439917b6,official personal Pure publications feed,profile_feed_membership,high,false,,,unmatched,none,0,true,No OpenAlex work match,,,,2026-08-29T03:05:00.187Z
uwa-accounting-004,David Gilchrist,uwa-pub-52b99e61e3677e4e,official personal Pure publications feed,profile_feed_membership,high,false,,,unmatched,none,0,true,No OpenAlex work match,,,,2026-08-29T03:05:00.187Z
uwa-accounting-004,David Gilchrist,uwa-pub-e9cdcf09842e2a97,official personal Pure publications feed,profile_feed_membership,high,false,,,unmatched,none,0,true,No OpenAlex work match,,,,2026-08-29T03:05:00.187Z
uwa-accounting-004,David Gilchrist,uwa-pub-c8ff07df1feffd96,official personal Pure publications feed,profile_feed_membership,high,false,,,unmatched,none,0,true,No OpenAlex work match,,,,2026-08-29T03:05:00.187Z
uwa-accounting-004,David Gilchrist,uwa-pub-d457fe49083f7b9a,official personal Pure publications feed,profile_feed_membership,high,false,,,unmatched,none,0,true,No OpenAlex work match,,,,2026-08-29T03:05:00.187Z
uwa-accounting-004,David Gilchrist,uwa-pub-44fd91463f89fa09,official personal Pure publications feed,profile_feed_membership,high,false,,,unmatched,none,0,true,No OpenAlex work match,,,,2026-08-29T03:05:00.187Z
uwa-accounting-004,David Gilchrist,uwa-pub-f6166ad451541067,official personal Pure publications feed,profile_feed_membership,high,false,,,unmatched,none,0,true,No OpenAlex work match,,,,2026-08-29T03:05:00.187Z
uwa-accounting-004,David Gilchrist,uwa-pub-51436abdda7e97ab,official personal Pure publications feed,profile_feed_membership,high,false,,,unmatched,none,0,true,No OpenAlex work match,,,,2026-08-29T03:05:00.187Z
uwa-accounting-004,David Gilchrist,uwa-pub-3b6453101524b515,official personal Pure publications feed,profile_feed_membership,high,false,,,unmatched,none,0,true,No OpenAlex work match,,,,2026-08-29T03:05:00.187Z
uwa-accounting-004,David Gilchrist,uwa-pub-b6d86953bcfefe87,official personal Pure publications feed,profile_feed_membership,high,false,,,unmatched,none,0,true,No OpenAlex work match,,,,2026-08-29T03:05:00.187Z
uwa-accounting-004,David Gilchrist,uwa-pub-fcf117c4ddcc857c,official personal Pure publications feed,profile_feed_membership,high,false,,,unmatched,none,0,true,No OpenAlex work match,,,,2026-08-29T03:05:00.187Z
uwa-accounting-004,David Gilchrist,uwa-pub-5741ad6b48a699d0,official personal Pure publications feed,profile_feed_membership,high,false,,,unmatched,none,0,true,No OpenAlex work match,,,,2026-08-29T03:05:00.187Z
uwa-accounting-004,David Gilchrist,uwa-pub-0de207269a9441f9,official personal Pure publications feed,profile_feed_membership,high,false,,,unmatched,none,0,true,No OpenAlex work match,,,,2026-08-29T03:05:00.187Z
uwa-accounting-004,David Gilchrist,uwa-pub-4da8c21c1c532fc6,official personal Pure publications feed,profile_feed_membership,high,false,,,unmatched,none,0,true,No OpenAlex work match,,,,2026-08-29T03:05:00.187Z
uwa-accounting-004,David Gilchrist,uwa-pub-0fac21c631929950,official personal Pure publications feed,profile_feed_membership,high,false,,,unmatched,none,0,true,No OpenAlex work match,,,,2026-08-29T03:05:00.187Z
uwa-accounting-004,David Gilchrist,uwa-pub-6fb35e2ece7a16af,official personal Pure publications feed,profile_feed_membership,high,false,,,unmatched,none,0,true,No OpenAlex work match,,,,2026-08-29T03:05:00.187Z
uwa-accounting-004,David Gilchrist,uwa-pub-f9df1df006b4f4a6,official personal Pure publications feed,profile_feed_membership,high,false,,,unmatched,none,0,true,No OpenAlex work match,,,,2026-08-29T03:05:00.187Z
uwa-accounting-004,David Gilchrist,uwa-pub-93c35bb49c0d8935,official personal Pure publications feed,profile_feed_membership,high,false,,,unmatched,none,0,true,No OpenAlex work match,,,,2026-08-29T03:05:00.187Z
uwa-accounting-004,David Gilchrist,uwa-pub-1aa1d3cf04e563b2,official personal Pure publications feed,profile_feed_membership,high,false,,,unmatched,none,0,true,No OpenAlex work match,,,,2026-08-29T03:05:00.187Z
uwa-accounting-004,David Gilchrist,uwa-pub-731c86b307183b0f,official personal Pure publications feed,profile_feed_membership,high,false,,,unmatched,none,0,true,No OpenAlex work match,,,,2026-08-29T03:05:00.187Z
uwa-accounting-004,David Gilchrist,uwa-pub-11e6663064fc8144,official personal Pure publications feed,profile_feed_membership,high,false,,,unmatched,none,0,true,No OpenAlex work match,,,,2026-08-29T03:05:00.187Z
uwa-accounting-004,David Gilchrist,uwa-pub-4a9ca99b78ded308,official personal Pure publications feed,profile_feed_membership,high,false,,,unmatched,none,0,true,No OpenAlex work match,,,,2026-08-29T03:05:00.187Z
uwa-accounting-004,David Gilchrist,uwa-pub-fa96b1655dc7e67b,official personal Pure publications feed,profile_feed_membership,high,false,,,unmatched,none,0,true,No OpenAlex work match,,,,2026-08-29T03:05:00.187Z
uwa-accounting-013,Phil Hancock,uwa-pub-fa96b1655dc7e67b,official personal Pure publications feed,profile_feed_membership,high,false,,,unmatched,none,0,true,No OpenAlex work match,,,,2026-08-29T03:05:00.187Z
uwa-accounting-004,David Gilchrist,uwa-pub-c2119db810d475bc,official personal Pure publications feed,profile_feed_membership,high,false,,,unmatched,none,0,true,No OpenAlex work match,,,,2026-08-29T03:05:00.187Z
uwa-accounting-004,David Gilchrist,uwa-pub-56586c9be1d1e634,official personal Pure publications feed,profile_feed_membership,high,false,,,unmatched,none,0,true,No OpenAlex work match,,,,2026-08-29T03:05:00.187Z
uwa-accounting-012,Nikki Schonfeldt,uwa-pub-56586c9be1d1e634,official personal Pure publications feed,profile_feed_membership,high,false,,,unmatched,none,0,true,No OpenAlex work match,,,,2026-08-29T03:05:00.187Z
uwa-accounting-013,Phil Hancock,uwa-pub-56586c9be1d1e634,official personal Pure publications feed,profile_feed_membership,high,false,,,unmatched,none,0,true,No OpenAlex work match,,,,2026-08-29T03:05:00.187Z
uwa-accounting-004,David Gilchrist,uwa-pub-0a79a01b05570290,official personal Pure publications feed,profile_feed_membership,high,false,,,unmatched,none,0,true,No OpenAlex work match,,,,2026-08-29T03:05:00.187Z
uwa-accounting-004,David Gilchrist,uwa-pub-3e9c3088a9c89745,official personal Pure publications feed,profile_feed_membership,high,false,,W4414778226,exact_normalized_title_year,medium,1,false,,0,,,2026-08-29T03:05:00.187Z
uwa-accounting-004,David Gilchrist,uwa-pub-fa96982c82fbe882,official personal Pure publications feed,profile_feed_membership,high,false,,,unmatched,none,0,true,No OpenAlex work match,,,,2026-08-29T03:05:00.187Z
uwa-accounting-004,David Gilchrist,uwa-pub-6e0569e519deb9d7,official personal Pure publications feed,profile_feed_membership,high,false,,W4411455712,exact_normalized_title_year,medium,1,false,,0,,,2026-08-29T03:05:00.187Z
uwa-accounting-004,David Gilchrist,uwa-pub-b254338705c8cc45,official personal Pure publications feed,profile_feed_membership,high,false,,,unmatched,none,0,true,No OpenAlex work match,,,,2026-08-29T03:05:00.187Z
uwa-accounting-004,David Gilchrist,uwa-pub-f414052b34961128,official personal Pure publications feed,profile_feed_membership,high,false,,W4406219578,exact_doi,high,1,false,,0,0,0.00530894,2026-08-29T03:05:00.187Z
uwa-accounting-010,Lyndie Bayne,uwa-pub-f414052b34961128,official personal Pure publications feed,profile_feed_membership,high,false,,W4406219578,exact_doi,high,1,false,,0,0,0.00530894,2026-08-29T03:05:00.187Z
uwa-accounting-014,Prerana Agrawal,uwa-pub-f414052b34961128,official personal Pure publications feed,profile_feed_membership,high,false,,W4406219578,exact_doi,high,1,false,,0,0,0.00530894,2026-08-29T03:05:00.187Z
uwa-accounting-004,David Gilchrist,uwa-pub-08d5d8120f2602b0,official personal Pure publications feed,profile_feed_membership,high,false,,,unmatched,none,0,true,No OpenAlex work match,,,,2026-08-29T03:05:00.187Z
uwa-accounting-004,David Gilchrist,uwa-pub-e550f7d806d00170,official personal Pure publications feed,profile_feed_membership,high,false,,,unmatched,none,0,true,No OpenAlex work match,,,,2026-08-29T03:05:00.187Z
uwa-accounting-010,Lyndie Bayne,uwa-pub-e550f7d806d00170,official personal Pure publications feed,profile_feed_membership,high,false,,,unmatched,none,0,true,No OpenAlex work match,,,,2026-08-29T03:05:00.187Z
uwa-accounting-014,Prerana Agrawal,uwa-pub-e550f7d806d00170,official personal Pure publications feed,profile_feed_membership,high,false,,,unmatched,none,0,true,No OpenAlex work match,,,,2026-08-29T03:05:00.187Z
uwa-accounting-004,David Gilchrist,uwa-pub-1ce6819b5dca7130,official personal Pure publications feed,profile_feed_membership,high,false,,,unmatched,none,0,true,No OpenAlex work match,,,,2026-08-29T03:05:00.187Z
uwa-accounting-004,David Gilchrist,uwa-pub-a6bb43ff54cf4280,official personal Pure publications feed,profile_feed_membership,high,false,,W4404370821,exact_doi,high,1,false,,1,1.5563,0.86627297,2026-08-29T03:05:00.187Z
uwa-accounting-004,David Gilchrist,uwa-pub-27a3ef9dc8088874,official personal Pure publications feed,profile_feed_membership,high,false,,W4399368660,exact_doi,high,1,false,,0,0,0.10513659,2026-08-29T03:05:00.187Z
uwa-accounting-004,David Gilchrist,uwa-pub-ae258e23e90af087,official personal Pure publications feed,profile_feed_membership,high,false,,W4400582489,exact_normalized_title_year,medium,1,false,,0,,,2026-08-29T03:05:00.187Z
uwa-accounting-004,David Gilchrist,uwa-pub-1cade69e2e0a75f6,official personal Pure publications feed,profile_feed_membership,high,false,,,unmatched,none,0,true,No OpenAlex work match,,,,2026-08-29T03:05:00.187Z
uwa-accounting-004,David Gilchrist,uwa-pub-54cd96c962c6205d,official personal Pure publications feed,profile_feed_membership,high,false,,,unmatched,none,0,true,No OpenAlex work match,,,,2026-08-29T03:05:00.187Z
uwa-accounting-004,David Gilchrist,uwa-pub-418a206605a1acb1,official personal Pure publications feed,profile_feed_membership,high,false,,,unmatched,none,0,true,No OpenAlex work match,,,,2026-08-29T03:05:00.187Z
uwa-accounting-004,David Gilchrist,uwa-pub-9a8e17a010d8967c,official personal Pure publications feed,profile_feed_membership,high,false,,W4396713371,exact_normalized_title_year,medium,1,false,,0,,,2026-08-29T03:05:00.187Z
uwa-accounting-004,David Gilchrist,uwa-pub-e4e9d1bd35c988fd,official personal Pure publications feed,profile_feed_membership,high,false,,W4396713405,exact_normalized_title_year,medium,1,false,,0,,,2026-08-29T03:05:00.187Z
uwa-accounting-004,David Gilchrist,uwa-pub-8068951eb96b5fbf,official personal Pure publications feed,profile_feed_membership,high,false,,W4394952042,exact_normalized_title_year,medium,1,false,,0,,,2026-08-29T03:05:00.187Z
uwa-accounting-004,David Gilchrist,uwa-pub-e11a51bccb7fd0f2,official personal Pure publications feed,profile_feed_membership,high,false,,,unmatched,none,0,true,No OpenAlex work match,,,,2026-08-29T03:05:00.187Z
uwa-accounting-004,David Gilchrist,uwa-pub-5fe1ff4ebc522d5c,official personal Pure publications feed,profile_feed_membership,high,false,,,unmatched,none,0,true,No OpenAlex work match,,,,2026-08-29T03:05:00.187Z
uwa-accounting-010,Lyndie Bayne,uwa-pub-5fe1ff4ebc522d5c,official personal Pure publications feed,profile_feed_membership,high,false,,,unmatched,none,0,true,No OpenAlex work match,,,,2026-08-29T03:05:00.187Z
uwa-accounting-014,Prerana Agrawal,uwa-pub-5fe1ff4ebc522d5c,official personal Pure publications feed,profile_feed_membership,high,false,,,unmatched,none,0,true,No OpenAlex work match,,,,2026-08-29T03:05:00.187Z
uwa-accounting-004,David Gilchrist,uwa-pub-a9e1663efc696af3,official personal Pure publications feed,profile_feed_membership,high,false,,W4389170443,exact_normalized_title_year,medium,1,false,,1,,,2026-08-29T03:05:00.187Z
uwa-accounting-004,David Gilchrist,uwa-pub-b2c7bb17e2d6e47e,official personal Pure publications feed,profile_feed_membership,high,false,,W4389254266,exact_normalized_title_year,medium,1,false,,0,,,2026-08-29T03:05:00.187Z
uwa-accounting-004,David Gilchrist,uwa-pub-907f4d15dc0d46b6,official personal Pure publications feed,profile_feed_membership,high,false,,W4388858798,exact_doi,high,1,false,,0,0,0.20596292,2026-08-29T03:05:00.187Z
uwa-accounting-004,David Gilchrist,uwa-pub-42bdd50e85d3b561,official personal Pure publications feed,profile_feed_membership,high,false,,W4387934587,exact_normalized_title_year,medium,1,false,,0,0,0.50226062,2026-08-29T03:05:00.187Z
uwa-accounting-004,David Gilchrist,uwa-pub-78ff3ec71503c6e0,official personal Pure publications feed,profile_feed_membership,high,false,,W4387542311,exact_doi,high,1,false,,2,1.6638,0.86570456,2026-08-29T03:05:00.187Z
uwa-accounting-004,David Gilchrist,uwa-pub-06aca08e46c66d85,official personal Pure publications feed,profile_feed_membership,high,false,,,unmatched,none,0,true,No OpenAlex work match,,,,2026-08-29T03:05:00.187Z
uwa-accounting-004,David Gilchrist,uwa-pub-f7c59d64270f82fa,official personal Pure publications feed,profile_feed_membership,high,false,,W4377997310,exact_doi,high,1,false,,3,1.2005,0.81437213,2026-08-29T03:05:00.187Z
uwa-accounting-004,David Gilchrist,uwa-pub-b031b46c6b4ae836,official personal Pure publications feed,profile_feed_membership,high,false,,,unmatched,none,0,true,No OpenAlex work match,,,,2026-08-29T03:05:00.187Z
uwa-accounting-004,David Gilchrist,uwa-pub-95212b098645d697,official personal Pure publications feed,profile_feed_membership,high,false,,W4376622752,exact_normalized_title_year,medium,1,false,,0,,,2026-08-29T03:05:00.187Z
uwa-accounting-004,David Gilchrist,uwa-pub-6c5d7ffb7a94ff17,official personal Pure publications feed,profile_feed_membership,high,false,,W4376456049,exact_normalized_title_year,medium,1,false,,0,,,2026-08-29T03:05:00.187Z
uwa-accounting-004,David Gilchrist,uwa-pub-b135782ab47303d3,official personal Pure publications feed,profile_feed_membership,high,false,,W4377009428,exact_normalized_title_year,medium,1,false,,0,,,2026-08-29T03:05:00.187Z
uwa-accounting-004,David Gilchrist,uwa-pub-5bade65a09b17a5d,official personal Pure publications feed,profile_feed_membership,high,false,,W4375934889,exact_normalized_title_year,medium,1,false,,0,,,2026-08-29T03:05:00.187Z
uwa-accounting-004,David Gilchrist,uwa-pub-aa6769bdc8e05129,official personal Pure publications feed,profile_feed_membership,high,false,,,unmatched,none,0,true,No OpenAlex work match,,,,2026-08-29T03:05:00.187Z
uwa-accounting-004,David Gilchrist,uwa-pub-f0e068fbbb87c65d,official personal Pure publications feed,profile_feed_membership,high,false,,W4367663534,exact_normalized_title_year,medium,1,false,,2,,,2026-08-29T03:05:00.187Z
uwa-accounting-004,David Gilchrist,uwa-pub-d3d48abb16f09fbb,official personal Pure publications feed,profile_feed_membership,high,false,,W4367663539,exact_normalized_title_year,medium,1,false,,1,,,2026-08-29T03:05:00.187Z
uwa-accounting-004,David Gilchrist,uwa-pub-2c5e22759ff0f112,official personal Pure publications feed,profile_feed_membership,high,false,,W4367052334,exact_doi,high,1,false,,4,1.2011,0.751002,2026-08-29T03:05:00.187Z
uwa-accounting-014,Prerana Agrawal,uwa-pub-2c5e22759ff0f112,official personal Pure publications feed,profile_feed_membership,high,false,,W4367052334,exact_doi,high,1,false,,4,1.2011,0.751002,2026-08-29T03:05:00.187Z
uwa-accounting-004,David Gilchrist,uwa-pub-4f47f84c5ccfc542,official personal Pure publications feed,profile_feed_membership,high,false,,W4382513701,exact_doi,high,1,false,,9,3.6015,0.92793075,2026-08-29T03:05:00.187Z
uwa-accounting-004,David Gilchrist,uwa-pub-5f3189ca85ab7231,official personal Pure publications feed,profile_feed_membership,high,false,,W4382513532,exact_doi,high,1,false,,6,4.9835,0.95253361,2026-08-29T03:05:00.187Z
uwa-accounting-004,David Gilchrist,uwa-pub-59e8a7394f4aa617,official personal Pure publications feed,profile_feed_membership,high,false,,W4366957586,exact_normalized_title_year,medium,1,false,,0,,,2026-08-29T03:05:00.187Z
uwa-accounting-004,David Gilchrist,uwa-pub-e04982e2a13b169f,official personal Pure publications feed,profile_feed_membership,high,false,,,unmatched,none,0,true,No OpenAlex work match,,,,2026-08-29T03:05:00.187Z
uwa-accounting-004,David Gilchrist,uwa-pub-69c503c942a2f598,official personal Pure publications feed,profile_feed_membership,high,false,,,unmatched,none,0,true,No OpenAlex work match,,,,2026-08-29T03:05:00.187Z
uwa-accounting-004,David Gilchrist,uwa-pub-7a476122f324d84d,official personal Pure publications feed,profile_feed_membership,high,false,,,unmatched,none,0,true,No OpenAlex work match,,,,2026-08-29T03:05:00.187Z
uwa-accounting-004,David Gilchrist,uwa-pub-8334e7abb9505d45,official personal Pure publications feed,profile_feed_membership,high,false,,W4313384188,exact_normalized_title_year,medium,1,false,,0,,,2026-08-29T03:05:00.187Z
uwa-accounting-004,David Gilchrist,uwa-pub-e3f30c98644fd15b,official personal Pure publications feed,profile_feed_membership,high,false,,W4313384100,exact_normalized_title_year,medium,1,false,,0,,,2026-08-29T03:05:00.187Z
uwa-accounting-004,David Gilchrist,uwa-pub-b58a4709b535d5b1,official personal Pure publications feed,profile_feed_membership,high,false,,,unmatched,none,0,true,No OpenAlex work match,,,,2026-08-29T03:05:00.187Z
uwa-accounting-004,David Gilchrist,uwa-pub-79ad6949d3c8b2e1,official personal Pure publications feed,profile_feed_membership,high,false,,,unmatched,none,0,true,No OpenAlex work match,,,,2026-08-29T03:05:00.187Z
uwa-accounting-004,David Gilchrist,uwa-pub-6704a4002e190b79,official personal Pure publications feed,profile_feed_membership,high,false,,,unmatched,none,0,true,No OpenAlex work match,,,,2026-08-29T03:05:00.187Z
uwa-accounting-004,David Gilchrist,uwa-pub-b6be23b33707b6dc,official personal Pure publications feed,profile_feed_membership,high,false,,,unmatched,none,0,true,No OpenAlex work match,,,,2026-08-29T03:05:00.187Z
uwa-accounting-014,Prerana Agrawal,uwa-pub-b6be23b33707b6dc,official personal Pure publications feed,profile_feed_membership,high,false,,,unmatched,none,0,true,No OpenAlex work match,,,,2026-08-29T03:05:00.187Z
uwa-accounting-004,David Gilchrist,uwa-pub-abee5b0eb248be71,official personal Pure publications feed,profile_feed_membership,high,false,,,unmatched,none,0,true,No OpenAlex work match,,,,2026-08-29T03:05:00.187Z
uwa-accounting-004,David Gilchrist,uwa-pub-0f20a03d78d27eee,official personal Pure publications feed,profile_feed_membership,high,false,,,unmatched,none,0,true,No OpenAlex work match,,,,2026-08-29T03:05:00.187Z
uwa-accounting-004,David Gilchrist,uwa-pub-b08a67935a4657ef,official personal Pure publications feed,profile_feed_membership,high,false,,,unmatched,none,0,true,No OpenAlex work match,,,,2026-08-29T03:05:00.187Z
uwa-accounting-004,David Gilchrist,uwa-pub-dd469cb797850f4f,official personal Pure publications feed,profile_feed_membership,high,false,,,unmatched,none,0,true,No OpenAlex work match,,,,2026-08-29T03:05:00.187Z
uwa-accounting-004,David Gilchrist,uwa-pub-4224b15f2d9d3ec0,official personal Pure publications feed,profile_feed_membership,high,false,,,unmatched,none,0,true,No OpenAlex work match,,,,2026-08-29T03:05:00.187Z
uwa-accounting-004,David Gilchrist,uwa-pub-e9d2394dd80ccfec,official personal Pure publications feed,profile_feed_membership,high,false,,W4312736866,exact_normalized_title_year,medium,1,false,,0,,,2026-08-29T03:05:00.187Z
uwa-accounting-004,David Gilchrist,uwa-pub-b49be3c0b6d0049f,official personal Pure publications feed,profile_feed_membership,high,false,,,unmatched,none,0,true,No OpenAlex work match,,,,2026-08-29T03:05:00.187Z
uwa-accounting-004,David Gilchrist,uwa-pub-432effd261ab68b7,official personal Pure publications feed,profile_feed_membership,high,false,,W4312834296,exact_normalized_title_year,medium,1,false,,0,,,2026-08-29T03:05:00.187Z
uwa-accounting-004,David Gilchrist,uwa-pub-139e4c1d65c39047,official personal Pure publications feed,profile_feed_membership,high,false,,W4297752060,exact_doi,high,1,false,,0,,,2026-08-29T03:05:00.187Z
uwa-accounting-004,David Gilchrist,uwa-pub-6408e1102231261f,official personal Pure publications feed,profile_feed_membership,high,false,,,unmatched,none,0,true,No OpenAlex work match,,,,2026-08-29T03:05:00.187Z
uwa-accounting-004,David Gilchrist,uwa-pub-749cdd3670a6e1fe,official personal Pure publications feed,profile_feed_membership,high,false,,,unmatched,none,0,true,No OpenAlex work match,,,,2026-08-29T03:05:00.187Z
uwa-accounting-004,David Gilchrist,uwa-pub-74425cd7a9c7157f,official personal Pure publications feed,profile_feed_membership,high,false,,,unmatched,none,0,true,No OpenAlex work match,,,,2026-08-29T03:05:00.187Z
uwa-accounting-004,David Gilchrist,uwa-pub-291462abe30e7ade,official personal Pure publications feed,profile_feed_membership,high,false,,,unmatched,none,0,true,No OpenAlex work match,,,,2026-08-29T03:05:00.187Z
uwa-accounting-004,David Gilchrist,uwa-pub-13bd9962395eebaf,official personal Pure publications feed,profile_feed_membership,high,false,,,unmatched,none,0,true,No OpenAlex work match,,,,2026-08-29T03:05:00.187Z
uwa-accounting-004,David Gilchrist,uwa-pub-31e34cf6754acfe2,official personal Pure publications feed,profile_feed_membership,high,false,,,unmatched,none,0,true,No OpenAlex work match,,,,2026-08-29T03:05:00.187Z
uwa-accounting-004,David Gilchrist,uwa-pub-58c9e7390c055564,official personal Pure publications feed,profile_feed_membership,high,false,,,unmatched,none,0,true,No OpenAlex work match,,,,2026-08-29T03:05:00.187Z
uwa-accounting-004,David Gilchrist,uwa-pub-d9dfa7637fdb0528,official personal Pure publications feed,profile_feed_membership,high,false,,,unmatched,none,0,true,No OpenAlex work match,,,,2026-08-29T03:05:00.187Z
uwa-accounting-004,David Gilchrist,uwa-pub-80f324ae840d6862,official personal Pure publications feed,profile_feed_membership,high,false,,W4226209007,exact_doi,high,1,false,,0,,,2026-08-29T03:05:00.187Z
uwa-accounting-004,David Gilchrist,uwa-pub-4efdec01592d7937,official personal Pure publications feed,profile_feed_membership,high,false,,W4225754420,exact_normalized_title_year,medium,1,false,,2,,,2026-08-29T03:05:00.187Z
uwa-accounting-004,David Gilchrist,uwa-pub-b99516a376174391,official personal Pure publications feed,profile_feed_membership,high,false,,,unmatched,none,0,true,No OpenAlex work match,,,,2026-08-29T03:05:00.187Z
uwa-accounting-004,David Gilchrist,uwa-pub-f8dd2385d68e1f5d,official personal Pure publications feed,profile_feed_membership,high,false,,,unmatched,none,0,true,No OpenAlex work match,,,,2026-08-29T03:05:00.187Z
uwa-accounting-004,David Gilchrist,uwa-pub-80ca45a579b6b47a,official personal Pure publications feed,profile_feed_membership,high,false,,,unmatched,none,0,true,No OpenAlex work match,,,,2026-08-29T03:05:00.187Z
uwa-accounting-004,David Gilchrist,uwa-pub-b23cb339c45917b4,official personal Pure publications feed,profile_feed_membership,high,false,,W4211187782,exact_doi,high,1,false,,75,20.8149,0.99610209,2026-08-29T03:05:00.187Z
uwa-accounting-004,David Gilchrist,uwa-pub-9c1292756aa80c4c,official personal Pure publications feed,profile_feed_membership,high,false,,,unmatched,none,0,true,No OpenAlex work match,,,,2026-08-29T03:05:00.187Z
uwa-accounting-004,David Gilchrist,uwa-pub-e8c42bc1ac73e68b,official personal Pure publications feed,profile_feed_membership,high,false,,W4206561013,exact_doi,high,1,false,,2,1.1462,0.78622353,2026-08-29T03:05:00.187Z
uwa-accounting-004,David Gilchrist,uwa-pub-12c6e4a81ff1b2f1,official personal Pure publications feed,profile_feed_membership,high,false,,,unmatched,none,0,true,No OpenAlex work match,,,,2026-08-29T03:05:00.187Z
uwa-accounting-004,David Gilchrist,uwa-pub-0ca8d0a7db74a92b,official personal Pure publications feed,profile_feed_membership,high,false,,,unmatched,none,0,true,No OpenAlex work match,,,,2026-08-29T03:05:00.187Z
uwa-accounting-004,David Gilchrist,uwa-pub-56aafa96cc3bf420,official personal Pure publications feed,profile_feed_membership,high,false,,,unmatched,none,0,true,No OpenAlex work match,,,,2026-08-29T03:05:00.187Z
uwa-accounting-004,David Gilchrist,uwa-pub-890c34596cca4246,official personal Pure publications feed,profile_feed_membership,high,false,,,unmatched,none,0,true,No OpenAlex work match,,,,2026-08-29T03:05:00.187Z
uwa-accounting-004,David Gilchrist,uwa-pub-2c65b0f4119f0bb5,official personal Pure publications feed,profile_feed_membership,high,false,,,unmatched,none,0,true,No OpenAlex work match,,,,2026-08-29T03:05:00.187Z
uwa-accounting-004,David Gilchrist,uwa-pub-9c1c2efa35119b0f,official personal Pure publications feed,profile_feed_membership,high,false,,,unmatched,none,0,true,No OpenAlex work match,,,,2026-08-29T03:05:00.187Z
uwa-accounting-004,David Gilchrist,uwa-pub-4255898fb41a32c8,official personal Pure publications feed,profile_feed_membership,high,false,,,unmatched,none,0,true,No OpenAlex work match,,,,2026-08-29T03:05:00.187Z
uwa-accounting-004,David Gilchrist,uwa-pub-3c650505462cfba8,official personal Pure publications feed,profile_feed_membership,high,false,,,unmatched,none,0,true,No OpenAlex work match,,,,2026-08-29T03:05:00.187Z
uwa-accounting-004,David Gilchrist,uwa-pub-cec036927d4e92c7,official personal Pure publications feed,profile_feed_membership,high,false,,,unmatched,none,0,true,No OpenAlex work match,,,,2026-08-29T03:05:00.187Z
uwa-accounting-004,David Gilchrist,uwa-pub-95b959552576d0f8,official personal Pure publications feed,profile_feed_membership,high,false,,,unmatched,none,0,true,No OpenAlex work match,,,,2026-08-29T03:05:00.187Z
uwa-accounting-004,David Gilchrist,uwa-pub-72fc4c4826e52553,official personal Pure publications feed,profile_feed_membership,high,false,,,unmatched,none,0,true,No OpenAlex work match,,,,2026-08-29T03:05:00.187Z
uwa-accounting-004,David Gilchrist,uwa-pub-009f6ed63c08f03e,official personal Pure publications feed,profile_feed_membership,high,false,,,unmatched,none,0,true,No OpenAlex work match,,,,2026-08-29T03:05:00.187Z
uwa-accounting-004,David Gilchrist,uwa-pub-77a1d36d710d7f4d,official personal Pure publications feed,profile_feed_membership,high,false,,,unmatched,none,0,true,No OpenAlex work match,,,,2026-08-29T03:05:00.187Z
uwa-accounting-004,David Gilchrist,uwa-pub-ebbc3b5952892d83,official personal Pure publications feed,profile_feed_membership,high,false,,,unmatched,none,0,true,No OpenAlex work match,,,,2026-08-29T03:05:00.187Z
uwa-accounting-004,David Gilchrist,uwa-pub-a75d02c6f29254ca,official personal Pure publications feed,profile_feed_membership,high,false,,,exact_doi,none,2,true,Matched 2 OpenAlex works,,,,2026-08-29T03:05:00.187Z
uwa-accounting-004,David Gilchrist,uwa-pub-201ff23ee0499da2,official personal Pure publications feed,profile_feed_membership,high,false,,,unmatched,none,0,true,No OpenAlex work match,,,,2026-08-29T03:05:00.187Z
uwa-accounting-004,David Gilchrist,uwa-pub-d9a6b3d5d49d77a0,official personal Pure publications feed,profile_feed_membership,high,false,,,unmatched,none,0,true,No OpenAlex work match,,,,2026-08-29T03:05:00.187Z
uwa-accounting-004,David Gilchrist,uwa-pub-5ed060e9adaf61e2,official personal Pure publications feed,profile_feed_membership,high,false,,,exact_normalized_title_year,none,3,true,Matched 3 OpenAlex works,,,,2026-08-29T03:05:00.187Z
uwa-accounting-004,David Gilchrist,uwa-pub-da416bd07c49a0e3,official personal Pure publications feed,profile_feed_membership,high,false,,,unmatched,none,0,true,No OpenAlex work match,,,,2026-08-29T03:05:00.187Z
uwa-accounting-004,David Gilchrist,uwa-pub-c1de412f3816b572,official personal Pure publications feed,profile_feed_membership,high,false,,,unmatched,none,0,true,No OpenAlex work match,,,,2026-08-29T03:05:00.187Z
uwa-accounting-004,David Gilchrist,uwa-pub-7fea14d686a1e599,official personal Pure publications feed,profile_feed_membership,high,false,,W4213366532,exact_normalized_title_year,medium,1,false,,2,,,2026-08-29T03:05:00.187Z
uwa-accounting-004,David Gilchrist,uwa-pub-2d3a0337a3f1bf16,official personal Pure publications feed,profile_feed_membership,high,false,,,unmatched,none,0,true,No OpenAlex work match,,,,2026-08-29T03:05:00.187Z
uwa-accounting-004,David Gilchrist,uwa-pub-cd104f6803f4efda,official personal Pure publications feed,profile_feed_membership,high,false,,,unmatched,none,0,true,No OpenAlex work match,,,,2026-08-29T03:05:00.187Z
uwa-accounting-004,David Gilchrist,uwa-pub-e6c2cae900c0aafe,official personal Pure publications feed,profile_feed_membership,high,false,,,unmatched,none,0,true,No OpenAlex work match,,,,2026-08-29T03:05:00.187Z
uwa-accounting-004,David Gilchrist,uwa-pub-44c9fdf5328b2a6a,official personal Pure publications feed,profile_feed_membership,high,false,,,unmatched,none,0,true,No OpenAlex work match,,,,2026-08-29T03:05:00.187Z
uwa-accounting-004,David Gilchrist,uwa-pub-02f791f91068f0fb,official personal Pure publications feed,profile_feed_membership,high,false,,,unmatched,none,0,true,No OpenAlex work match,,,,2026-08-29T03:05:00.187Z
uwa-accounting-004,David Gilchrist,uwa-pub-b172f17c812bcd6f,official personal Pure publications feed,profile_feed_membership,high,false,,,unmatched,none,0,true,No OpenAlex work match,,,,2026-08-29T03:05:00.187Z
uwa-accounting-004,David Gilchrist,uwa-pub-4b56095328dfd7ab,official personal Pure publications feed,profile_feed_membership,high,false,,,unmatched,none,0,true,No OpenAlex work match,,,,2026-08-29T03:05:00.187Z
uwa-accounting-004,David Gilchrist,uwa-pub-8411d270aa68207a,official personal Pure publications feed,profile_feed_membership,high,false,,,unmatched,none,0,true,No OpenAlex work match,,,,2026-08-29T03:05:00.187Z
uwa-accounting-004,David Gilchrist,uwa-pub-cb365a38d7b65b2a,official personal Pure publications feed,profile_feed_membership,high,false,,W3215404812,exact_normalized_title_year,medium,1,false,,0,,,2026-08-29T03:05:00.187Z
uwa-accounting-004,David Gilchrist,uwa-pub-9068c9d2a1383cc2,official personal Pure publications feed,profile_feed_membership,high,false,,,unmatched,none,0,true,No OpenAlex work match,,,,2026-08-29T03:05:00.187Z
uwa-accounting-004,David Gilchrist,uwa-pub-fe8c21f5b80f830f,official personal Pure publications feed,profile_feed_membership,high,false,,,unmatched,none,0,true,No OpenAlex work match,,,,2026-08-29T03:05:00.187Z
uwa-accounting-004,David Gilchrist,uwa-pub-9011a45dcbf3df81,official personal Pure publications feed,profile_feed_membership,high,false,,,unmatched,none,0,true,No OpenAlex work match,,,,2026-08-29T03:05:00.187Z
uwa-accounting-004,David Gilchrist,uwa-pub-dcfe18c628b8e4c9,official personal Pure publications feed,profile_feed_membership,high,false,,W2337921153,exact_doi,high,1,false,,4,5.2205,0.9564639,2026-08-29T03:05:00.187Z
uwa-accounting-004,David Gilchrist,uwa-pub-89ccae543fb40994,official personal Pure publications feed,profile_feed_membership,high,false,,W3185962804,exact_normalized_title_year,medium,1,false,,0,,,2026-08-29T03:05:00.187Z
uwa-accounting-004,David Gilchrist,uwa-pub-20811a8eb7222b83,official personal Pure publications feed,profile_feed_membership,high,false,,W3139452891,exact_normalized_title_year,medium,1,false,,1,,,2026-08-29T03:05:00.187Z
uwa-accounting-004,David Gilchrist,uwa-pub-bc1ca9e4a07ff460,official personal Pure publications feed,profile_feed_membership,high,false,,W3172099335,exact_normalized_title_year,medium,1,false,,1,,,2026-08-29T03:05:00.187Z
uwa-accounting-004,David Gilchrist,uwa-pub-09d2209171285f70,official personal Pure publications feed,profile_feed_membership,high,false,,W3161156175,exact_normalized_title_year,medium,1,false,,0,,,2026-08-29T03:05:00.187Z
uwa-accounting-004,David Gilchrist,uwa-pub-93e12221c98d299a,official personal Pure publications feed,profile_feed_membership,high,false,,W3154422600,exact_doi,high,1,false,,31,8.5091,0.97691748,2026-08-29T03:05:00.187Z
uwa-accounting-004,David Gilchrist,uwa-pub-3b2f0d3771487f02,official personal Pure publications feed,profile_feed_membership,high,false,,,unmatched,none,0,true,No OpenAlex work match,,,,2026-08-29T03:05:00.187Z
uwa-accounting-004,David Gilchrist,uwa-pub-fd0f8cc39407645a,official personal Pure publications feed,profile_feed_membership,high,false,,W3119677748,exact_doi,high,1,false,,278,34.8041,0.99877625,2026-08-29T03:05:00.187Z
uwa-accounting-004,David Gilchrist,uwa-pub-50cca0fb81712e97,official personal Pure publications feed,profile_feed_membership,high,false,,W3119321716,exact_doi,high,1,false,,5,3.2133,0.93734511,2026-08-29T03:05:00.187Z
uwa-accounting-004,David Gilchrist,uwa-pub-7660bac97ebd1b0c,official personal Pure publications feed,profile_feed_membership,high,false,,W3027781171,exact_normalized_title_year,medium,1,false,,1,,,2026-08-29T03:05:00.187Z
uwa-accounting-004,David Gilchrist,uwa-pub-484bb7ab23f3df74,official personal Pure publications feed,profile_feed_membership,high,false,,W3093831928,exact_doi,high,1,false,,1,,,2026-08-29T03:05:00.187Z
uwa-accounting-004,David Gilchrist,uwa-pub-cd6a5646de534adf,official personal Pure publications feed,profile_feed_membership,high,false,,,unmatched,none,0,true,No OpenAlex work match,,,,2026-08-29T03:05:00.187Z
uwa-accounting-004,David Gilchrist,uwa-pub-eda83d93bf4b2dbf,official personal Pure publications feed,profile_feed_membership,high,false,,W3027781171,exact_normalized_title_year,medium,1,false,,1,,,2026-08-29T03:05:00.187Z
uwa-accounting-004,David Gilchrist,uwa-pub-3b0321d0b2d6ed82,official personal Pure publications feed,profile_feed_membership,high,false,,W3156332749,exact_normalized_title_year,medium,1,false,,0,,,2026-08-29T03:05:00.187Z
uwa-accounting-004,David Gilchrist,uwa-pub-6016335b4bef03c9,official personal Pure publications feed,profile_feed_membership,high,false,,W3093547691,exact_normalized_title_year,medium,1,false,,0,,,2026-08-29T03:05:00.187Z
uwa-accounting-004,David Gilchrist,uwa-pub-41dc510bd8bef263,official personal Pure publications feed,profile_feed_membership,high,false,,W3081685222,exact_normalized_title_year,medium,1,false,,0,,,2026-08-29T03:05:00.187Z
uwa-accounting-004,David Gilchrist,uwa-pub-c9d3e3f8b4a061ee,official personal Pure publications feed,profile_feed_membership,high,false,,W3081911732,exact_normalized_title_year,medium,1,false,,0,0,0.46824579,2026-08-29T03:05:00.187Z
uwa-accounting-004,David Gilchrist,uwa-pub-0187bd8ef85a7729,official personal Pure publications feed,profile_feed_membership,high,false,,W3082133961,exact_normalized_title_year,medium,1,false,,0,,,2026-08-29T03:05:00.187Z
uwa-accounting-004,David Gilchrist,uwa-pub-25aca38b4f59b1be,official personal Pure publications feed,profile_feed_membership,high,false,,W3080911366,exact_normalized_title_year,medium,1,false,,0,,,2026-08-29T03:05:00.187Z
uwa-accounting-004,David Gilchrist,uwa-pub-b43608bdd2818e36,official personal Pure publications feed,profile_feed_membership,high,false,,W3080106656,exact_normalized_title_year,medium,1,false,,0,,,2026-08-29T03:05:00.187Z
uwa-accounting-004,David Gilchrist,uwa-pub-b9ce54dae60e64ad,official personal Pure publications feed,profile_feed_membership,high,false,,W3081833539,exact_normalized_title_year,medium,1,false,,3,,,2026-08-29T03:05:00.187Z
uwa-accounting-004,David Gilchrist,uwa-pub-884fa46f9d2d8867,official personal Pure publications feed,profile_feed_membership,high,false,,W3036175212,exact_doi,high,1,false,,19,3.9086,0.94174757,2026-08-29T03:05:00.187Z
uwa-accounting-004,David Gilchrist,uwa-pub-02713ae62479f7f9,official personal Pure publications feed,profile_feed_membership,high,false,,W3046218764,exact_normalized_title_year,medium,1,false,,1,,,2026-08-29T03:05:00.187Z
uwa-accounting-004,David Gilchrist,uwa-pub-20c61b78de0635b8,official personal Pure publications feed,profile_feed_membership,high,false,,W3012706312,exact_normalized_title_year,medium,1,false,,0,,,2026-08-29T03:05:00.187Z
uwa-accounting-004,David Gilchrist,uwa-pub-9a03d921da4388ad,official personal Pure publications feed,profile_feed_membership,high,false,,W3013605283,exact_normalized_title_year,medium,1,false,,0,,,2026-08-29T03:05:00.187Z
uwa-accounting-004,David Gilchrist,uwa-pub-d0fcf0a35294e411,official personal Pure publications feed,profile_feed_membership,high,false,,W3012665317,exact_normalized_title_year,medium,1,false,,0,,,2026-08-29T03:05:00.187Z
uwa-accounting-004,David Gilchrist,uwa-pub-d9769f5c5f82a6db,official personal Pure publications feed,profile_feed_membership,high,false,,W3166010285,exact_normalized_title_year,medium,1,false,,10,,,2026-08-29T03:05:00.187Z
uwa-accounting-004,David Gilchrist,uwa-pub-4e981b1b26c67cf0,official personal Pure publications feed,profile_feed_membership,high,false,,W3012858720,exact_normalized_title_year,medium,1,false,,0,,,2026-08-29T03:05:00.187Z
uwa-accounting-004,David Gilchrist,uwa-pub-54718af5a13c9943,official personal Pure publications feed,profile_feed_membership,high,false,,W1920429131,exact_normalized_title_year,medium,1,false,,7,14.5102,0.98728814,2026-08-29T03:05:00.187Z
uwa-accounting-004,David Gilchrist,uwa-pub-5ad984dcc80046fb,official personal Pure publications feed,profile_feed_membership,high,false,,W861346901,exact_normalized_title_year,medium,1,false,,0,0,0.09410802,2026-08-29T03:05:00.187Z
uwa-accounting-004,David Gilchrist,uwa-pub-e8fc374854d67602,official personal Pure publications feed,profile_feed_membership,high,false,,W3013854524,exact_normalized_title_year,medium,1,false,,0,0,0.35374972,2026-08-29T03:05:00.187Z
uwa-accounting-004,David Gilchrist,uwa-pub-bb67181841bf22e3,official personal Pure publications feed,profile_feed_membership,high,false,,W3012947861,exact_normalized_title_year,medium,1,false,,0,0,0.55608255,2026-08-29T03:05:00.187Z
uwa-accounting-004,David Gilchrist,uwa-pub-f9ccd7d956826010,official personal Pure publications feed,profile_feed_membership,high,false,,W3013555616,exact_normalized_title_year,medium,1,false,,0,0,0.60298347,2026-08-29T03:05:00.187Z
uwa-accounting-004,David Gilchrist,uwa-pub-ef269633004e7df8,official personal Pure publications feed,profile_feed_membership,high,false,,W3045478924,exact_normalized_title_year,medium,1,false,,0,0,0.66517746,2026-08-29T03:05:00.187Z
uwa-accounting-004,David Gilchrist,uwa-pub-9ae36101dc3165c2,official personal Pure publications feed,profile_feed_membership,high,false,,W3013847054,exact_normalized_title_year,medium,1,false,,0,0,0.39186435,2026-08-29T03:05:00.187Z
uwa-accounting-004,David Gilchrist,uwa-pub-1583cebe2e5f15de,official personal Pure publications feed,profile_feed_membership,high,false,,,unmatched,none,0,true,No OpenAlex work match,,,,2026-08-29T03:05:00.187Z
uwa-accounting-004,David Gilchrist,uwa-pub-364963190714b896,official personal Pure publications feed,profile_feed_membership,high,false,,W3012682349,exact_normalized_title_year,medium,1,false,,0,0,0.53352578,2026-08-29T03:05:00.187Z
uwa-accounting-004,David Gilchrist,uwa-pub-5887b0992c9c7c8d,official personal Pure publications feed,profile_feed_membership,high,false,,,unmatched,none,0,true,No OpenAlex work match,,,,2026-08-29T03:05:00.187Z
uwa-accounting-004,David Gilchrist,uwa-pub-6e77910a17093b05,official personal Pure publications feed,profile_feed_membership,high,false,,W3012830893,exact_normalized_title_year,medium,1,false,,0,0,0.60057693,2026-08-29T03:05:00.187Z
uwa-accounting-004,David Gilchrist,uwa-pub-bf078090e7ed684a,official personal Pure publications feed,profile_feed_membership,high,false,,,unmatched,none,0,true,No OpenAlex work match,,,,2026-08-29T03:05:00.187Z
uwa-accounting-004,David Gilchrist,uwa-pub-a68651208ae8f6a6,official personal Pure publications feed,profile_feed_membership,high,false,,W3044363973,exact_normalized_title_year,medium,1,false,,0,0,0.41282024,2026-08-29T03:05:00.187Z
uwa-accounting-004,David Gilchrist,uwa-pub-d2bdf399ca927384,official personal Pure publications feed,profile_feed_membership,high,false,,W3012923519,exact_normalized_title_year,medium,1,false,,0,0,0.38020146,2026-08-29T03:05:00.187Z
uwa-accounting-004,David Gilchrist,uwa-pub-d0cc93bdd6420386,official personal Pure publications feed,profile_feed_membership,high,false,,W3022508587,exact_normalized_title_year,medium,1,false,,3,3.9019,0.92813714,2026-08-29T03:05:00.187Z
uwa-accounting-004,David Gilchrist,uwa-pub-2263e1a40cd8d29c,official personal Pure publications feed,profile_feed_membership,high,false,,W3015190302,exact_normalized_title_year,medium,1,false,,1,2.8191,0.89637705,2026-08-29T03:05:00.187Z
uwa-accounting-004,David Gilchrist,uwa-pub-a30b68b69408abd2,official personal Pure publications feed,profile_feed_membership,high,false,,W3044409513,exact_doi,high,1,false,,7,0.6195,0.74189676,2026-08-29T03:05:00.187Z
uwa-accounting-004,David Gilchrist,uwa-pub-aa6c9fd129100af0,official personal Pure publications feed,profile_feed_membership,high,false,,W3004467817,exact_normalized_title_year,medium,1,false,,1,0.5039,0.80186269,2026-08-29T03:05:00.187Z
uwa-accounting-004,David Gilchrist,uwa-pub-7361b2b87b36bb26,official personal Pure publications feed,profile_feed_membership,high,false,,W2972420474,exact_doi,high,1,false,,0,,,2026-08-29T03:05:00.187Z
uwa-accounting-004,David Gilchrist,uwa-pub-7adfc255130b98b2,official personal Pure publications feed,profile_feed_membership,high,false,,W2969391223,exact_normalized_title_year,medium,1,false,,0,,,2026-08-29T03:05:00.187Z
uwa-accounting-004,David Gilchrist,uwa-pub-6eb40b101d12213e,official personal Pure publications feed,profile_feed_membership,high,false,,,unmatched,none,0,true,No OpenAlex work match,,,,2026-08-29T03:05:00.187Z
uwa-accounting-004,David Gilchrist,uwa-pub-6a99b05031aa8484,official personal Pure publications feed,profile_feed_membership,high,false,,W2966953961,exact_normalized_title_year,medium,1,false,,0,0,0.00925412,2026-08-29T03:05:00.187Z
uwa-accounting-019,Vincent Chong,uwa-pub-6a99b05031aa8484,official personal Pure publications feed,profile_feed_membership,high,false,,W2966953961,exact_normalized_title_year,medium,1,false,,0,0,0.00925412,2026-08-29T03:05:00.187Z
uwa-accounting-004,David Gilchrist,uwa-pub-c91fb007df26b90d,official personal Pure publications feed,profile_feed_membership,high,false,,W2921090080,exact_doi,high,1,false,,19,2.2728,0.88208276,2026-08-29T03:05:00.187Z
uwa-accounting-004,David Gilchrist,uwa-pub-ab4551afcbf3b507,official personal Pure publications feed,profile_feed_membership,high,false,,W2914207941,exact_doi,high,1,false,,29,4.4129,0.94359156,2026-08-29T03:05:00.187Z
uwa-accounting-004,David Gilchrist,uwa-pub-fe95269774dcda36,official personal Pure publications feed,profile_feed_membership,high,false,,,unmatched,none,0,true,No OpenAlex work match,,,,2026-08-29T03:05:00.187Z
uwa-accounting-004,David Gilchrist,uwa-pub-dc1815044054afb5,official personal Pure publications feed,profile_feed_membership,high,false,,W2971882324,exact_normalized_title_year,medium,1,false,,0,,,2026-08-29T03:05:00.187Z
uwa-accounting-004,David Gilchrist,uwa-pub-77470665c6e5f7e7,official personal Pure publications feed,profile_feed_membership,high,false,,,unmatched,none,0,true,No OpenAlex work match,,,,2026-08-29T03:05:00.187Z
uwa-accounting-004,David Gilchrist,uwa-pub-38a5d17800485821,official personal Pure publications feed,profile_feed_membership,high,false,,,unmatched,none,0,true,No OpenAlex work match,,,,2026-08-29T03:05:00.187Z
uwa-accounting-004,David Gilchrist,uwa-pub-3518efe39a703ef6,official personal Pure publications feed,profile_feed_membership,high,false,,,unmatched,none,0,true,No OpenAlex work match,,,,2026-08-29T03:05:00.187Z
uwa-accounting-004,David Gilchrist,uwa-pub-914721526b542fb1,official personal Pure publications feed,profile_feed_membership,high,false,,W2996597628,exact_normalized_title_year,medium,1,false,,0,,,2026-08-29T03:05:00.187Z
uwa-accounting-004,David Gilchrist,uwa-pub-957894fdcf77c58c,official personal Pure publications feed,profile_feed_membership,high,false,,,unmatched,none,0,true,No OpenAlex work match,,,,2026-08-29T03:05:00.187Z
uwa-accounting-004,David Gilchrist,uwa-pub-b7ee260fdaf0b117,official personal Pure publications feed,profile_feed_membership,high,false,,W2972184983,exact_normalized_title_year,medium,1,false,,7,,,2026-08-29T03:05:00.187Z
uwa-accounting-004,David Gilchrist,uwa-pub-8c26e91d9c4d10bd,official personal Pure publications feed,profile_feed_membership,high,false,,W3025693853,exact_normalized_title_year,medium,1,false,,0,,,2026-08-29T03:05:00.187Z
uwa-accounting-004,David Gilchrist,uwa-pub-e43cbc24facc7e9d,official personal Pure publications feed,profile_feed_membership,high,false,,,unmatched,none,0,true,No OpenAlex work match,,,,2026-08-29T03:05:00.187Z
uwa-accounting-004,David Gilchrist,uwa-pub-d37bceb142882734,official personal Pure publications feed,profile_feed_membership,high,false,,,unmatched,none,0,true,No OpenAlex work match,,,,2026-08-29T03:05:00.187Z
uwa-accounting-004,David Gilchrist,uwa-pub-d66b368a172b6c64,official personal Pure publications feed,profile_feed_membership,high,false,,W2903949351,exact_normalized_title_year,medium,1,false,,1,,,2026-08-29T03:05:00.187Z
uwa-accounting-004,David Gilchrist,uwa-pub-0d64b32b946a645d,official personal Pure publications feed,profile_feed_membership,high,false,,W2972288665,exact_normalized_title_year,medium,1,false,,0,,,2026-08-29T03:05:00.187Z
uwa-accounting-004,David Gilchrist,uwa-pub-7bd17c865e4a8870,official personal Pure publications feed,profile_feed_membership,high,false,,W3005047880,exact_normalized_title_year,medium,1,false,,0,,,2026-08-29T03:05:00.187Z
uwa-accounting-004,David Gilchrist,uwa-pub-e256cade6e9995ed,official personal Pure publications feed,profile_feed_membership,high,false,,W2970356602,exact_normalized_title_year,medium,1,false,,0,,,2026-08-29T03:05:00.187Z
uwa-accounting-004,David Gilchrist,uwa-pub-dbe3b83f0f03a1a6,official personal Pure publications feed,profile_feed_membership,high,false,,W2972113431,exact_normalized_title_year,medium,1,false,,5,,,2026-08-29T03:05:00.187Z
uwa-accounting-004,David Gilchrist,uwa-pub-4adc8ef2f992e276,official personal Pure publications feed,profile_feed_membership,high,false,,,unmatched,none,0,true,No OpenAlex work match,,,,2026-08-29T03:05:00.187Z
uwa-accounting-004,David Gilchrist,uwa-pub-14ce05469f9dabf8,official personal Pure publications feed,profile_feed_membership,high,false,,,unmatched,none,0,true,No OpenAlex work match,,,,2026-08-29T03:05:00.187Z
uwa-accounting-004,David Gilchrist,uwa-pub-b8cc3bbca5ba8599,official personal Pure publications feed,profile_feed_membership,high,false,,W2903689359,exact_normalized_title_year,medium,1,false,,0,,,2026-08-29T03:05:00.187Z
uwa-accounting-004,David Gilchrist,uwa-pub-78d32a4af42fcda1,official personal Pure publications feed,profile_feed_membership,high,false,,,unmatched,none,0,true,No OpenAlex work match,,,,2026-08-29T03:05:00.187Z
uwa-accounting-004,David Gilchrist,uwa-pub-474244a14f8080fd,official personal Pure publications feed,profile_feed_membership,high,false,,,unmatched,none,0,true,No OpenAlex work match,,,,2026-08-29T03:05:00.187Z
uwa-accounting-004,David Gilchrist,uwa-pub-1a85c108a3a5bf21,official personal Pure publications feed,profile_feed_membership,high,false,,W1572640838,exact_normalized_title_year,medium,1,false,,2,2.3142,0.91171477,2026-08-29T03:05:00.187Z
uwa-accounting-004,David Gilchrist,uwa-pub-da3e155471763922,official personal Pure publications feed,profile_feed_membership,high,false,,,unmatched,none,0,true,No OpenAlex work match,,,,2026-08-29T03:05:00.187Z
uwa-accounting-004,David Gilchrist,uwa-pub-c5781cf967b9db0d,official personal Pure publications feed,profile_feed_membership,high,false,,W2102152874,exact_normalized_title_year,medium,1,false,,1,0,0.35106082,2026-08-29T03:05:00.187Z
uwa-accounting-004,David Gilchrist,uwa-pub-ff5b824ae63ff771,official personal Pure publications feed,profile_feed_membership,high,false,,W2276556279,exact_normalized_title_year,medium,1,false,,11,20.4861,0.99525102,2026-08-29T03:05:00.187Z
uwa-accounting-004,David Gilchrist,uwa-pub-c1862372918e2cf0,official personal Pure publications feed,profile_feed_membership,high,false,,W1512578622,exact_normalized_title_year,medium,1,false,,0,0,0.09173219,2026-08-29T03:05:00.187Z
uwa-accounting-004,David Gilchrist,uwa-pub-3ec4e38291b12f06,official personal Pure publications feed,profile_feed_membership,high,false,,W824812284,exact_normalized_title_year,medium,1,false,,0,0,0.05555556,2026-08-29T03:05:00.187Z
uwa-accounting-004,David Gilchrist,uwa-pub-83fc734cffdb3e2d,official personal Pure publications feed,profile_feed_membership,high,false,,,unmatched,none,0,true,No OpenAlex work match,,,,2026-08-29T03:05:00.187Z
uwa-accounting-004,David Gilchrist,uwa-pub-e66a017218a1e979,official personal Pure publications feed,profile_feed_membership,high,false,,W1920429131,exact_normalized_title_year,medium,1,false,,7,14.5102,0.98728814,2026-08-29T03:05:00.187Z
uwa-accounting-004,David Gilchrist,uwa-pub-442ce78cdc32bc48,official personal Pure publications feed,profile_feed_membership,high,false,,,unmatched,none,0,true,No OpenAlex work match,,,,2026-08-29T03:05:00.187Z
uwa-accounting-004,David Gilchrist,uwa-pub-cf9852d10886e86c,official personal Pure publications feed,profile_feed_membership,high,false,,,unmatched,none,0,true,No OpenAlex work match,,,,2026-08-29T03:05:00.187Z
uwa-accounting-004,David Gilchrist,uwa-pub-7d2efd776b1a52c8,official personal Pure publications feed,profile_feed_membership,high,false,,,unmatched,none,0,true,No OpenAlex work match,,,,2026-08-29T03:05:00.187Z
uwa-accounting-004,David Gilchrist,uwa-pub-1bcf12fbd80d7bdc,official personal Pure publications feed,profile_feed_membership,high,false,,,unmatched,none,0,true,No OpenAlex work match,,,,2026-08-29T03:05:00.187Z
uwa-accounting-004,David Gilchrist,uwa-pub-07729f2a24855e51,official personal Pure publications feed,profile_feed_membership,high,false,,,unmatched,none,0,true,No OpenAlex work match,,,,2026-08-29T03:05:00.187Z
uwa-accounting-004,David Gilchrist,uwa-pub-61bf3601511071df,official personal Pure publications feed,profile_feed_membership,high,false,,,unmatched,none,0,true,No OpenAlex work match,,,,2026-08-29T03:05:00.187Z
uwa-accounting-004,David Gilchrist,uwa-pub-b8d6209dafea083a,official personal Pure publications feed,profile_feed_membership,high,false,,,unmatched,none,0,true,No OpenAlex work match,,,,2026-08-29T03:05:00.187Z
uwa-accounting-004,David Gilchrist,uwa-pub-1d4a1bc121fa4a39,official personal Pure publications feed,profile_feed_membership,high,false,,,unmatched,none,0,true,No OpenAlex work match,,,,2026-08-29T03:05:00.187Z
uwa-accounting-004,David Gilchrist,uwa-pub-9e302a468eaf7193,official personal Pure publications feed,profile_feed_membership,high,false,,,unmatched,none,0,true,No OpenAlex work match,,,,2026-08-29T03:05:00.187Z
uwa-accounting-004,David Gilchrist,uwa-pub-1c5c5eca99593e88,official personal Pure publications feed,profile_feed_membership,high,false,,,unmatched,none,0,true,No OpenAlex work match,,,,2026-08-29T03:05:00.187Z
uwa-accounting-004,David Gilchrist,uwa-pub-66fd67926529c69a,official personal Pure publications feed,profile_feed_membership,high,false,,W2980328840,exact_normalized_title_year,medium,1,false,,0,,,2026-08-29T03:05:00.187Z
uwa-accounting-004,David Gilchrist,uwa-pub-d01b40f27e275379,official personal Pure publications feed,profile_feed_membership,high,false,,W2327661165,exact_normalized_title_year,medium,1,false,,0,,,2026-08-29T03:05:00.187Z
uwa-accounting-004,David Gilchrist,uwa-pub-27cb89fb5f41e246,official personal Pure publications feed,profile_feed_membership,high,false,,W2310170893,exact_normalized_title_year,medium,1,false,,0,,,2026-08-29T03:05:00.187Z
uwa-accounting-004,David Gilchrist,uwa-pub-d5c4ee26628dba0f,official personal Pure publications feed,profile_feed_membership,high,false,,W2555984905,exact_normalized_title_year,medium,1,false,,0,,,2026-08-29T03:05:00.187Z
uwa-accounting-004,David Gilchrist,uwa-pub-56db12e5808edbd9,official personal Pure publications feed,profile_feed_membership,high,false,,,unmatched,none,0,true,No OpenAlex work match,,,,2026-08-29T03:05:00.187Z
uwa-accounting-004,David Gilchrist,uwa-pub-4780e1b17341d740,official personal Pure publications feed,profile_feed_membership,high,false,,W2314321418,exact_normalized_title_year,medium,1,false,,4,4.2434,0.92280046,2026-08-29T03:05:00.187Z
uwa-accounting-004,David Gilchrist,uwa-pub-ccf6d527bdb7f7ea,official personal Pure publications feed,profile_feed_membership,high,false,,,unmatched,none,0,true,No OpenAlex work match,,,,2026-08-29T03:05:00.187Z
uwa-accounting-004,David Gilchrist,uwa-pub-59d3241ad1a70707,official personal Pure publications feed,profile_feed_membership,high,false,,W4246241690,exact_normalized_title_year,medium,1,false,,0,,,2026-08-29T03:05:00.187Z
uwa-accounting-004,David Gilchrist,uwa-pub-42f34a85e1dc3c3c,official personal Pure publications feed,profile_feed_membership,high,false,,W4233230658,exact_normalized_title_year,medium,1,false,,4,,,2026-08-29T03:05:00.187Z
uwa-accounting-004,David Gilchrist,uwa-pub-414c57abdde3ac26,official personal Pure publications feed,profile_feed_membership,high,false,,W2909210535,exact_normalized_title_year,medium,1,false,,0,0,0.26869565,2026-08-29T03:05:00.187Z
uwa-accounting-004,David Gilchrist,uwa-pub-ece454d8ffc81ff7,official personal Pure publications feed,profile_feed_membership,high,false,,W2905004466,exact_doi,high,1,false,,1,2.3393,0.90357023,2026-08-29T03:05:00.187Z
uwa-accounting-004,David Gilchrist,uwa-pub-03b9c4f2a556896b,official personal Pure publications feed,profile_feed_membership,high,false,,W2912820253,exact_doi,high,1,false,,0,0,0.18418636,2026-08-29T03:05:00.187Z
uwa-accounting-004,David Gilchrist,uwa-pub-c5cc097808adda8f,official personal Pure publications feed,profile_feed_membership,high,false,,,exact_doi,none,2,true,Matched 2 OpenAlex works,,,,2026-08-29T03:05:00.187Z
uwa-accounting-004,David Gilchrist,uwa-pub-7b929b6854d389cc,official personal Pure publications feed,profile_feed_membership,high,false,,,unmatched,none,0,true,No OpenAlex work match,,,,2026-08-29T03:05:00.187Z
uwa-accounting-004,David Gilchrist,uwa-pub-fab7b0da565acc82,official personal Pure publications feed,profile_feed_membership,high,false,,W3048709358,exact_doi,high,1,false,,0,0,0.22307281,2026-08-29T03:05:00.187Z
uwa-accounting-004,David Gilchrist,uwa-pub-55572c0019f477c3,official personal Pure publications feed,profile_feed_membership,high,false,,W2752358946,exact_doi,high,1,false,,0,0,0.06978045,2026-08-29T03:05:00.187Z
uwa-accounting-004,David Gilchrist,uwa-pub-d86eb299d79bfbd7,official personal Pure publications feed,profile_feed_membership,high,false,,W2918162265,exact_normalized_title_year,medium,1,false,,1,,,2026-08-29T03:05:00.187Z
uwa-accounting-004,David Gilchrist,uwa-pub-96fcc1e2e9de196b,official personal Pure publications feed,profile_feed_membership,high,false,,W2734253304,exact_doi,high,1,false,,17,2.0976,0.86264977,2026-08-29T03:05:00.187Z
uwa-accounting-004,David Gilchrist,uwa-pub-c22655bcb5778e70,official personal Pure publications feed,profile_feed_membership,high,false,,W2597643871,exact_doi,high,1,false,,4,3.3262,0.93373529,2026-08-29T03:05:00.187Z
uwa-accounting-004,David Gilchrist,uwa-pub-74b4cb387c0d2348,official personal Pure publications feed,profile_feed_membership,high,false,,W2730971821,exact_doi,high,1,false,,0,,,2026-08-29T03:05:00.187Z
uwa-accounting-004,David Gilchrist,uwa-pub-2b4678bf60be8c20,official personal Pure publications feed,profile_feed_membership,high,false,,W2263736129,exact_doi,high,1,false,,27,2.4792,0.89173959,2026-08-29T03:05:00.187Z
uwa-accounting-004,David Gilchrist,uwa-pub-ede862200efee5c1,official personal Pure publications feed,profile_feed_membership,high,false,,,exact_doi,none,2,true,Matched 2 OpenAlex works,,,,2026-08-29T03:05:00.187Z
uwa-accounting-004,David Gilchrist,uwa-pub-033a8d60e8f15f9e,official personal Pure publications feed,profile_feed_membership,high,false,,W2618728307,exact_normalized_title_year,medium,1,false,,0,0,0.29453606,2026-08-29T03:05:00.187Z
uwa-accounting-004,David Gilchrist,uwa-pub-7cfc7f12082ea36e,official personal Pure publications feed,profile_feed_membership,high,false,,W2781990431,exact_normalized_title_year,medium,1,false,,2,0.7115,0.78007893,2026-08-29T03:05:00.187Z
uwa-accounting-004,David Gilchrist,uwa-pub-7dc990d519090c70,official personal Pure publications feed,profile_feed_membership,high,false,,W2626312888,exact_normalized_title_year,medium,1,false,,0,0,0.35479165,2026-08-29T03:05:00.187Z
uwa-accounting-004,David Gilchrist,uwa-pub-f300ed39972a46e9,official personal Pure publications feed,profile_feed_membership,high,false,,,unmatched,none,0,true,No OpenAlex work match,,,,2026-08-29T03:05:00.187Z
uwa-accounting-004,David Gilchrist,uwa-pub-c9a2a5ef397e48b7,official personal Pure publications feed,profile_feed_membership,high,false,,,unmatched,none,0,true,No OpenAlex work match,,,,2026-08-29T03:05:00.187Z
uwa-accounting-004,David Gilchrist,uwa-pub-89e7014597de3ab9,official personal Pure publications feed,profile_feed_membership,high,false,,W2717167766,exact_normalized_title_year,medium,1,false,,0,,,2026-08-29T03:05:00.187Z
uwa-accounting-004,David Gilchrist,uwa-pub-6efb3bddb6adfecb,official personal Pure publications feed,profile_feed_membership,high,false,,,unmatched,none,0,true,No OpenAlex work match,,,,2026-08-29T03:05:00.187Z
uwa-accounting-004,David Gilchrist,uwa-pub-93056e1c8c458570,official personal Pure publications feed,profile_feed_membership,high,false,,,unmatched,none,0,true,No OpenAlex work match,,,,2026-08-29T03:05:00.187Z
uwa-accounting-004,David Gilchrist,uwa-pub-ac52f54fe56449a8,official personal Pure publications feed,profile_feed_membership,high,false,,,unmatched,none,0,true,No OpenAlex work match,,,,2026-08-29T03:05:00.187Z
uwa-accounting-004,David Gilchrist,uwa-pub-54f3a6f50d462e73,official personal Pure publications feed,profile_feed_membership,high,false,,,unmatched,none,0,true,No OpenAlex work match,,,,2026-08-29T03:05:00.187Z
uwa-accounting-004,David Gilchrist,uwa-pub-e4d13acf16aeedb1,official personal Pure publications feed,profile_feed_membership,high,false,,W2617999534,exact_normalized_title_year,medium,1,false,,0,0,0.44068383,2026-08-29T03:05:00.187Z
uwa-accounting-004,David Gilchrist,uwa-pub-eaadaf275ebb2eaf,official personal Pure publications feed,profile_feed_membership,high,false,,,unmatched,none,0,true,No OpenAlex work match,,,,2026-08-29T03:05:00.187Z
uwa-accounting-004,David Gilchrist,uwa-pub-ea0da8ab49df54e8,official personal Pure publications feed,profile_feed_membership,high,false,,,unmatched,none,0,true,No OpenAlex work match,,,,2026-08-29T03:05:00.187Z
uwa-accounting-004,David Gilchrist,uwa-pub-9b31c1bce1685ea1,official personal Pure publications feed,profile_feed_membership,high,false,,W2615939296,exact_normalized_title_year,medium,1,false,,0,0,0.38031559,2026-08-29T03:05:00.187Z
uwa-accounting-004,David Gilchrist,uwa-pub-82fc9912fea38d2c,official personal Pure publications feed,profile_feed_membership,high,false,,,unmatched,none,0,true,No OpenAlex work match,,,,2026-08-29T03:05:00.187Z
uwa-accounting-004,David Gilchrist,uwa-pub-be6f4540fd24c369,official personal Pure publications feed,profile_feed_membership,high,false,,,unmatched,none,0,true,No OpenAlex work match,,,,2026-08-29T03:05:00.187Z
uwa-accounting-004,David Gilchrist,uwa-pub-a7683c2406331852,official personal Pure publications feed,profile_feed_membership,high,false,,W2715241280,exact_normalized_title_year,medium,1,false,,16,12.6297,0.9828064,2026-08-29T03:05:00.187Z
uwa-accounting-004,David Gilchrist,uwa-pub-cd7c34602371239b,official personal Pure publications feed,profile_feed_membership,high,false,,W2739518901,exact_normalized_title_year,medium,1,false,,0,0,0.48920017,2026-08-29T03:05:00.187Z
uwa-accounting-004,David Gilchrist,uwa-pub-ae069786f30d99fe,official personal Pure publications feed,profile_feed_membership,high,false,,W2292354722,exact_doi,high,1,false,,6,0,0.33547829,2026-08-29T03:05:00.187Z
uwa-accounting-004,David Gilchrist,uwa-pub-29e4175c1bd3b4b4,official personal Pure publications feed,profile_feed_membership,high,false,,W1920429131,exact_normalized_title_year,medium,1,false,,7,14.5102,0.98728814,2026-08-29T03:05:00.187Z
uwa-accounting-004,David Gilchrist,uwa-pub-58c30686d7474a86,official personal Pure publications feed,profile_feed_membership,high,false,,W1539058809,exact_normalized_title_year,medium,1,false,,1,0,0.08514841,2026-08-29T03:05:00.187Z
uwa-accounting-004,David Gilchrist,uwa-pub-26a8808767c66693,official personal Pure publications feed,profile_feed_membership,high,false,,W2030472826,exact_doi,high,1,false,,7,0,0.15661213,2026-08-29T03:05:00.187Z
uwa-accounting-004,David Gilchrist,uwa-pub-8d8ebb4510f2228e,official personal Pure publications feed,profile_feed_membership,high,false,,,unmatched,none,0,true,No OpenAlex work match,,,,2026-08-29T03:05:00.187Z
uwa-accounting-004,David Gilchrist,uwa-pub-c0c56e7f5ecc875f,official personal Pure publications feed,profile_feed_membership,high,false,,W2480973905,exact_normalized_title_year,medium,1,false,,65,5.2723,0.957914,2026-08-29T03:05:00.187Z
uwa-accounting-004,David Gilchrist,uwa-pub-987b1c3a026eb2aa,official personal Pure publications feed,profile_feed_membership,high,false,,W2203097037,exact_doi,high,1,false,,22,10.1993,0.97632137,2026-08-29T03:05:00.187Z
uwa-accounting-004,David Gilchrist,uwa-pub-91eb8ee9e88f6342,official personal Pure publications feed,profile_feed_membership,high,false,,W2587860610,exact_doi,high,1,false,,11,1.653,0.81851852,2026-08-29T03:05:00.187Z
uwa-accounting-004,David Gilchrist,uwa-pub-b10bd87066f89b67,official personal Pure publications feed,profile_feed_membership,high,false,,W2270210559,exact_normalized_title_year,medium,1,false,,4,,,2026-08-29T03:05:00.187Z
uwa-accounting-004,David Gilchrist,uwa-pub-1638867a69fd1be7,official personal Pure publications feed,profile_feed_membership,high,false,,,unmatched,none,0,true,No OpenAlex work match,,,,2026-08-29T03:05:00.187Z
uwa-accounting-004,David Gilchrist,uwa-pub-168cee2c04f16af8,official personal Pure publications feed,profile_feed_membership,high,false,,W2208430701,exact_normalized_title_year,medium,1,false,,2,0,0.04044373,2026-08-29T03:05:00.187Z
uwa-accounting-004,David Gilchrist,uwa-pub-3eb6589a41d9fdf8,official personal Pure publications feed,profile_feed_membership,high,false,,W2285023853,exact_normalized_title_year,medium,1,false,,5,4.1688,0.93353776,2026-08-29T03:05:00.187Z
uwa-accounting-004,David Gilchrist,uwa-pub-b41cf4e49775c414,official personal Pure publications feed,profile_feed_membership,high,false,,W1928879087,exact_doi,high,1,false,,26,1.9906,0.86821446,2026-08-29T03:05:00.187Z
uwa-accounting-005,Dhammi Azariadis,uwa-pub-ff02ea687dbb2d3c,official personal Pure publications feed,profile_feed_membership,high,false,,,unmatched,none,0,true,No OpenAlex work match,,,,2026-08-29T03:05:00.187Z
uwa-accounting-005,Dhammi Azariadis,uwa-pub-d5b6c7e051d9f0e7,official personal Pure publications feed,profile_feed_membership,high,false,,,unmatched,none,0,true,No OpenAlex work match,,,,2026-08-29T03:05:00.187Z
uwa-accounting-006,Fangbin Lin,uwa-pub-f231a77f808d3326,official personal Pure publications feed,profile_feed_membership,high,false,,,unmatched,none,0,true,No OpenAlex work match,,,,2026-08-29T03:05:00.187Z
uwa-accounting-006,Fangbin Lin,uwa-pub-7d1a10ac3194aa79,official personal Pure publications feed,profile_feed_membership,high,false,,,unmatched,none,0,true,No OpenAlex work match,,,,2026-08-29T03:05:00.187Z
uwa-accounting-007,George Shan,uwa-pub-a0b13f1e4855fd6f,official personal Pure publications feed,profile_feed_membership,high,false,,W7169859715,exact_doi,high,1,false,,0,0,0.74659689,2026-08-29T03:05:00.187Z
uwa-accounting-007,George Shan,uwa-pub-209f906651d34f80,official personal Pure publications feed,profile_feed_membership,high,false,,W7169551471,exact_doi,high,1,false,,0,0,0.77937708,2026-08-29T03:05:00.187Z
uwa-accounting-007,George Shan,uwa-pub-368d156396c89ebf,official personal Pure publications feed,profile_feed_membership,high,false,,W7168492327,exact_doi,high,1,false,,0,0,0.76524518,2026-08-29T03:05:00.187Z
uwa-accounting-007,George Shan,uwa-pub-92e0371fb84d1712,official personal Pure publications feed,profile_feed_membership,high,false,,,unmatched,none,0,true,No OpenAlex work match,,,,2026-08-29T03:05:00.187Z
uwa-accounting-007,George Shan,uwa-pub-1487dfaf6ca2d809,official personal Pure publications feed,profile_feed_membership,high,false,,W7151080434,exact_doi,high,1,false,,0,0,0.2936293,2026-08-29T03:05:00.187Z
uwa-accounting-007,George Shan,uwa-pub-e0eb3ac985d4be55,official personal Pure publications feed,profile_feed_membership,high,false,,W7135216273,exact_doi,high,1,false,,0,0,0.20049967,2026-08-29T03:05:00.187Z
uwa-accounting-007,George Shan,uwa-pub-8416fa4f94dbe311,official personal Pure publications feed,profile_feed_membership,high,false,,W7134933858,exact_doi,high,1,false,,0,0,0.17850037,2026-08-29T03:05:00.187Z
uwa-accounting-007,George Shan,uwa-pub-765ed00feea60478,official personal Pure publications feed,profile_feed_membership,high,false,,W7125833825,exact_doi,high,1,false,,1,23.1718,0.97573488,2026-08-29T03:05:00.187Z
uwa-accounting-010,Lyndie Bayne,uwa-pub-765ed00feea60478,official personal Pure publications feed,profile_feed_membership,high,false,,,unmatched,none,0,true,No OpenAlex work match,,,,2026-08-29T03:05:00.187Z
uwa-accounting-007,George Shan,uwa-pub-4ef55559caee519a,official personal Pure publications feed,profile_feed_membership,high,false,,W7123885905,exact_doi,high,1,false,,2,44.5393,0.99382461,2026-08-29T03:05:00.187Z
uwa-accounting-007,George Shan,uwa-pub-b4c16aa41a1ff8ff,official personal Pure publications feed,profile_feed_membership,high,false,,W7117481013,exact_doi,high,1,false,,0,0,0.61132951,2026-08-29T03:05:00.187Z
uwa-accounting-007,George Shan,uwa-pub-24dce3adfb080acb,official personal Pure publications feed,profile_feed_membership,high,false,,W4417213968,exact_doi,high,1,false,,0,0,0.4527623,2026-08-29T03:05:00.187Z
uwa-accounting-007,George Shan,uwa-pub-7fa9d6b6bcaf48ce,official personal Pure publications feed,profile_feed_membership,high,false,,,unmatched,none,0,true,No OpenAlex work match,,,,2026-08-29T03:05:00.187Z
uwa-accounting-007,George Shan,uwa-pub-f97dd31bd6d21307,official personal Pure publications feed,profile_feed_membership,high,false,,W4413767783,exact_doi,high,1,false,,6,7.0312,0.96436252,2026-08-29T03:05:00.187Z
uwa-accounting-007,George Shan,uwa-pub-74e809108568f6d0,official personal Pure publications feed,profile_feed_membership,high,false,,W4412112769,exact_doi,high,1,false,,1,2.2876,0.88500398,2026-08-29T03:05:00.187Z
uwa-accounting-007,George Shan,uwa-pub-b29625e0c6430e55,official personal Pure publications feed,profile_feed_membership,high,false,,W4410641158,exact_doi,high,1,false,,2,4.246,0.93447621,2026-08-29T03:05:00.187Z
uwa-accounting-007,George Shan,uwa-pub-7d02d0f1f8303774,official personal Pure publications feed,profile_feed_membership,high,false,,W4409087618,exact_doi,high,1,false,,3,4.4291,0.93742857,2026-08-29T03:05:00.187Z
uwa-accounting-007,George Shan,uwa-pub-1074ec16caa06e19,official personal Pure publications feed,profile_feed_membership,high,false,,W4407084940,exact_doi,high,1,false,,7,14.8611,0.98550655,2026-08-29T03:05:00.187Z
uwa-accounting-007,George Shan,uwa-pub-70555c90c249d938,official personal Pure publications feed,profile_feed_membership,high,false,,W4406593657,exact_doi,high,1,false,,2,4.2241,0.92198106,2026-08-29T03:05:00.187Z
uwa-accounting-007,George Shan,uwa-pub-49e6a59091fb4e8d,official personal Pure publications feed,profile_feed_membership,high,false,,W4406298336,exact_doi,high,1,false,,31,37.6376,0.99917459,2026-08-29T03:05:00.187Z
uwa-accounting-007,George Shan,uwa-pub-e73d996fae7066bb,official personal Pure publications feed,profile_feed_membership,high,false,,W4401954882,exact_doi,high,1,false,,3,2.1706,0.89299409,2026-08-29T03:05:00.187Z
uwa-accounting-007,George Shan,uwa-pub-17e6d4d8d3ead45f,official personal Pure publications feed,profile_feed_membership,high,false,,W4401592135,exact_doi,high,1,false,,1,0.726,0.75634181,2026-08-29T03:05:00.187Z
uwa-accounting-007,George Shan,uwa-pub-787f59f3209bcdde,official personal Pure publications feed,profile_feed_membership,high,false,,W4400316417,exact_doi,high,1,false,,5,2.1455,0.87464424,2026-08-29T03:05:00.187Z
uwa-accounting-007,George Shan,uwa-pub-9c6df25f5c7eda6b,official personal Pure publications feed,profile_feed_membership,high,false,,W4400322339,exact_doi,high,1,false,,19,13.7937,0.98828377,2026-08-29T03:05:00.187Z
uwa-accounting-007,George Shan,uwa-pub-ff4160aeb1c8928e,official personal Pure publications feed,profile_feed_membership,high,false,,W4393246270,exact_doi,high,1,false,,89,30.7625,0.99842791,2026-08-29T03:05:00.187Z
uwa-accounting-007,George Shan,uwa-pub-3a8fbf6af403b8b3,official personal Pure publications feed,profile_feed_membership,high,false,,W4388249020,exact_doi,high,1,false,,52,21.1833,0.99605709,2026-08-29T03:05:00.187Z
uwa-accounting-007,George Shan,uwa-pub-b8b861ebaebf4360,official personal Pure publications feed,profile_feed_membership,high,false,,W4385454138,exact_doi,high,1,false,,39,15.6066,0.99196913,2026-08-29T03:05:00.187Z
uwa-accounting-007,George Shan,uwa-pub-1c8915dc70edd13c,official personal Pure publications feed,profile_feed_membership,high,false,,W4377102631,exact_doi,high,1,false,,14,5.6975,0.95688788,2026-08-29T03:05:00.187Z
uwa-accounting-007,George Shan,uwa-pub-c18df0989746380f,official personal Pure publications feed,profile_feed_membership,high,false,,W2561839818,exact_normalized_title_year,medium,1,false,,2,0.6984,0.86005619,2026-08-29T03:05:00.187Z
uwa-accounting-007,George Shan,uwa-pub-e0f1f4187cdc77b4,official personal Pure publications feed,profile_feed_membership,high,false,,W99050169,exact_normalized_title_year,medium,1,false,,25,2.0149,0.90253395,2026-08-29T03:05:00.187Z
uwa-accounting-007,George Shan,uwa-pub-3b0ae5c068061602,official personal Pure publications feed,profile_feed_membership,high,false,,W4362508669,exact_doi,high,1,false,,7,2.855,0.90730776,2026-08-29T03:05:00.187Z
uwa-accounting-007,George Shan,uwa-pub-37a4a18e133b89d6,official personal Pure publications feed,profile_feed_membership,high,false,,W4304080211,exact_doi,high,1,false,,48,10.5805,0.98591867,2026-08-29T03:05:00.187Z
uwa-accounting-007,George Shan,uwa-pub-1b03189a5546032d,official personal Pure publications feed,profile_feed_membership,high,false,,W4296770356,exact_doi,high,1,false,,50,8.6044,0.98180716,2026-08-29T03:05:00.187Z
uwa-accounting-007,George Shan,uwa-pub-22cf50658f0db59a,official personal Pure publications feed,profile_feed_membership,high,false,,W4283270547,exact_doi,high,1,false,,8,1.4629,0.82761758,2026-08-29T03:05:00.187Z
uwa-accounting-007,George Shan,uwa-pub-7c06f27ff1e9b07c,official personal Pure publications feed,profile_feed_membership,high,false,,W3211913433,exact_doi,high,1,false,,10,1.1761,0.82093943,2026-08-29T03:05:00.187Z
uwa-accounting-007,George Shan,uwa-pub-5de750bb052cd389,official personal Pure publications feed,profile_feed_membership,high,false,,W3187115594,exact_doi,high,1,false,,8,1.6882,0.85204362,2026-08-29T03:05:00.187Z
uwa-accounting-007,George Shan,uwa-pub-e44172c0a29f3edf,official personal Pure publications feed,profile_feed_membership,high,false,,W3187795403,exact_doi,high,1,false,,5,0.8441,0.75870601,2026-08-29T03:05:00.187Z
uwa-accounting-007,George Shan,uwa-pub-aa24c09c4ba5d452,official personal Pure publications feed,profile_feed_membership,high,false,,W3165412297,exact_doi,high,1,false,,10,1.9696,0.86732496,2026-08-29T03:05:00.187Z
uwa-accounting-007,George Shan,uwa-pub-3650943e8fd46e51,official personal Pure publications feed,profile_feed_membership,high,false,,W3043093097,exact_doi,high,1,false,,9,1.8613,0.86680952,2026-08-29T03:05:00.187Z
uwa-accounting-007,George Shan,uwa-pub-6a255e480f141173,official personal Pure publications feed,profile_feed_membership,high,false,,W3039294850,exact_doi,high,1,false,,18,2.1044,0.89364259,2026-08-29T03:05:00.187Z
uwa-accounting-007,George Shan,uwa-pub-4ff2909f6990c35c,official personal Pure publications feed,profile_feed_membership,high,false,,W3018885151,exact_doi,high,1,false,,106,13.4528,0.98965201,2026-08-29T03:05:00.187Z
uwa-accounting-007,George Shan,uwa-pub-6426f108b8a8f059,official personal Pure publications feed,profile_feed_membership,high,false,,W3024335474,exact_doi,high,1,false,,207,22.6251,0.99675692,2026-08-29T03:05:00.187Z
uwa-accounting-007,George Shan,uwa-pub-3f2d96db3c18ddae,official personal Pure publications feed,profile_feed_membership,high,false,,W3035527650,exact_doi,high,1,false,,38,6.4191,0.96465409,2026-08-29T03:05:00.187Z
uwa-accounting-007,George Shan,uwa-pub-9341f25c9978cdce,official personal Pure publications feed,profile_feed_membership,high,false,,W3025174017,exact_doi,high,1,false,,18,1.902,0.86893082,2026-08-29T03:05:00.187Z
uwa-accounting-007,George Shan,uwa-pub-1df56072ba1244d0,official personal Pure publications feed,profile_feed_membership,high,false,,W2946166422,exact_doi,high,1,false,,113,16.7802,0.99200923,2026-08-29T03:05:00.187Z
uwa-accounting-007,George Shan,uwa-pub-9202084b7603735c,official personal Pure publications feed,profile_feed_membership,high,false,,W2944948242,exact_doi,high,1,false,,60,15.1022,0.98989094,2026-08-29T03:05:00.187Z
uwa-accounting-007,George Shan,uwa-pub-9424474546678cd0,official personal Pure publications feed,profile_feed_membership,high,false,,W2914818424,exact_doi,high,1,false,,52,9.2291,0.97655201,2026-08-29T03:05:00.187Z
uwa-accounting-007,George Shan,uwa-pub-cc915039e2eec94d,official personal Pure publications feed,profile_feed_membership,high,false,,W2404923266,exact_doi,high,1,false,,31,1.4532,0.86305672,2026-08-29T03:05:00.187Z
uwa-accounting-007,George Shan,uwa-pub-655ab59481f8226d,official personal Pure publications feed,profile_feed_membership,high,false,,W2335712937,exact_doi,high,1,false,,33,3.096,0.91606969,2026-08-29T03:05:00.187Z
uwa-accounting-007,George Shan,uwa-pub-31433bb56733d107,official personal Pure publications feed,profile_feed_membership,high,false,,W2036602459,exact_doi,high,1,false,,165,12.7381,0.98198432,2026-08-29T03:05:00.187Z
uwa-accounting-007,George Shan,uwa-pub-34007a773e1b33ab,official personal Pure publications feed,profile_feed_membership,high,false,,W2020309613,exact_doi,high,1,false,,27,7.2086,0.96670987,2026-08-29T03:05:00.187Z
uwa-accounting-007,George Shan,uwa-pub-386c773e6b395a24,official personal Pure publications feed,profile_feed_membership,high,false,,W2183380365,exact_doi,high,1,false,,50,3.195,0.92040206,2026-08-29T03:05:00.187Z
uwa-accounting-007,George Shan,uwa-pub-2a88803a66953f52,official personal Pure publications feed,profile_feed_membership,high,false,,W2585897579,exact_normalized_title_year,medium,1,false,,2,0,0.46378305,2026-08-29T03:05:00.187Z
uwa-accounting-007,George Shan,uwa-pub-d8790b3ad005bd79,official personal Pure publications feed,profile_feed_membership,high,false,,W3125206964,exact_doi,high,1,false,,88,18.1324,0.99053716,2026-08-29T03:05:00.187Z
uwa-accounting-007,George Shan,uwa-pub-f1b26b1b7b545a00,official personal Pure publications feed,profile_feed_membership,high,false,,W1993189392,exact_doi,high,1,false,,13,0.7226,0.81591892,2026-08-29T03:05:00.187Z
uwa-accounting-007,George Shan,uwa-pub-af3bd65a698f7ea7,official personal Pure publications feed,profile_feed_membership,high,false,,W2032875862,exact_doi,high,1,false,,27,7.181,0.96574459,2026-08-29T03:05:00.187Z
uwa-accounting-007,George Shan,uwa-pub-8cac900344fecd7c,official personal Pure publications feed,profile_feed_membership,high,false,,W2010867166,exact_doi,high,1,false,,18,3.6445,0.93199865,2026-08-29T03:05:00.187Z
uwa-accounting-007,George Shan,uwa-pub-4fd31d59a979978e,official personal Pure publications feed,profile_feed_membership,high,false,,W1581225748,exact_doi,high,1,false,,34,7.8349,0.96842135,2026-08-29T03:05:00.187Z
uwa-accounting-007,George Shan,uwa-pub-d80b5c739a23ba00,official personal Pure publications feed,profile_feed_membership,high,false,,W2581005814,exact_normalized_title_year,medium,1,false,,10,0,0.48930951,2026-08-29T03:05:00.187Z
uwa-accounting-007,George Shan,uwa-pub-58c8d67af929b472,official personal Pure publications feed,profile_feed_membership,high,false,,W2020989514,exact_doi,high,1,false,,91,5.4611,0.95262536,2026-08-29T03:05:00.187Z
uwa-accounting-007,George Shan,uwa-pub-bef770412a95d5b9,official personal Pure publications feed,profile_feed_membership,high,false,,W2327015029,exact_doi,high,1,false,,23,0,0.33948853,2026-08-29T03:05:00.187Z
uwa-accounting-007,George Shan,uwa-pub-d7aac9535c775b70,official personal Pure publications feed,profile_feed_membership,high,false,,W2000295221,exact_doi,high,1,false,,32,3.5657,0.92410114,2026-08-29T03:05:00.187Z
uwa-accounting-007,George Shan,uwa-pub-d1b0a4e9404be424,official personal Pure publications feed,profile_feed_membership,high,false,,W2072096214,exact_doi,high,1,false,,1,0,0.10622124,2026-08-29T03:05:00.187Z
uwa-accounting-007,George Shan,uwa-pub-6ee707186a2b33f1,official personal Pure publications feed,profile_feed_membership,high,false,,W2013101092,exact_doi,high,1,false,,123,21.9053,0.99217183,2026-08-29T03:05:00.187Z
uwa-accounting-008,Glen Hutchings,uwa-pub-5cf8a11171fb500e,official personal Pure publications feed,profile_feed_membership,high,false,,W4412882902,exact_doi,high,1,false,,6,6.4742,0.95965792,2026-08-29T03:05:00.187Z
uwa-accounting-008,Glen Hutchings,uwa-pub-7c2eb87213b26856,official personal Pure publications feed,profile_feed_membership,high,false,,W4404713083,exact_doi,high,1,false,,3,2.1417,0.89801022,2026-08-29T03:05:00.187Z
uwa-accounting-008,Glen Hutchings,uwa-pub-28fe920417a3d9d3,official personal Pure publications feed,profile_feed_membership,high,false,,W7139517306,exact_normalized_title_year,medium,1,false,,0,0,0.69242925,2026-08-29T03:05:00.187Z
uwa-accounting-008,Glen Hutchings,uwa-pub-9913b5c05eb82e4d,official personal Pure publications feed,profile_feed_membership,high,false,,W7139150522,exact_normalized_title_year,medium,1,false,,0,0,0.69836002,2026-08-29T03:05:00.187Z
uwa-accounting-008,Glen Hutchings,uwa-pub-a105b40a8b634576,official personal Pure publications feed,profile_feed_membership,high,false,,W3208702490,exact_normalized_title_year,medium,1,false,,9,0.9,0.78744531,2026-08-29T03:05:00.187Z
uwa-accounting-008,Glen Hutchings,uwa-pub-56da0c9f5ca1a74d,official personal Pure publications feed,profile_feed_membership,high,false,,W3208702490,exact_doi,high,1,false,,9,0.9,0.78744531,2026-08-29T03:05:00.187Z
uwa-accounting-008,Glen Hutchings,uwa-pub-fc54a49dc9fc39b0,official personal Pure publications feed,profile_feed_membership,high,false,,W3023123250,exact_normalized_title_year,medium,1,false,,0,0,0.54756381,2026-08-29T03:05:00.187Z
uwa-accounting-008,Glen Hutchings,uwa-pub-940d814710d950d8,official personal Pure publications feed,profile_feed_membership,high,false,,W3021739023,exact_normalized_title_year,medium,1,false,,2,0,0.49225122,2026-08-29T03:05:00.187Z
uwa-accounting-008,Glen Hutchings,uwa-pub-22bcb2a4369438ee,official personal Pure publications feed,profile_feed_membership,high,false,,W7139290698,exact_normalized_title_year,medium,1,false,,0,0,0.80436137,2026-08-29T03:05:00.187Z
uwa-accounting-008,Glen Hutchings,uwa-pub-4934ccba4530334b,official personal Pure publications feed,profile_feed_membership,high,false,,W3022238238,exact_normalized_title_year,medium,1,false,,0,0,0.45798319,2026-08-29T03:05:00.187Z
uwa-accounting-008,Glen Hutchings,uwa-pub-e8c16a4eaaa0d6e1,official personal Pure publications feed,profile_feed_membership,high,false,,W3023431287,exact_normalized_title_year,medium,1,false,,0,0,0.561734,2026-08-29T03:05:00.187Z
uwa-accounting-008,Glen Hutchings,uwa-pub-94ee86227bde34b2,official personal Pure publications feed,profile_feed_membership,high,false,,W3024043284,exact_normalized_title_year,medium,1,false,,0,0,0.50598802,2026-08-29T03:05:00.187Z
uwa-accounting-008,Glen Hutchings,uwa-pub-4d12fb2cd66c7d5a,official personal Pure publications feed,profile_feed_membership,high,false,,W3021825013,exact_normalized_title_year,medium,1,false,,0,0,0.50299401,2026-08-29T03:05:00.187Z
uwa-accounting-008,Glen Hutchings,uwa-pub-fc8814ab44fcde58,official personal Pure publications feed,profile_feed_membership,high,false,,W3023852080,exact_normalized_title_year,medium,1,false,,0,0,0.73306175,2026-08-29T03:05:00.187Z
uwa-accounting-009,Leo Langa,uwa-pub-68bfe8f5c38a041a,official personal Pure publications feed,profile_feed_membership,high,false,,,unmatched,none,0,true,No OpenAlex work match,,,,2026-08-29T03:05:00.187Z
uwa-accounting-009,Leo Langa,uwa-pub-e6513c01a413e50d,official personal Pure publications feed,profile_feed_membership,high,false,,,unmatched,none,0,true,No OpenAlex work match,,,,2026-08-29T03:05:00.187Z
uwa-accounting-010,Lyndie Bayne,uwa-pub-cd9e40f0b24b6df0,official personal Pure publications feed,profile_feed_membership,high,false,,,unmatched,none,0,true,No OpenAlex work match,,,,2026-08-29T03:05:00.187Z
uwa-accounting-010,Lyndie Bayne,uwa-pub-1d5726cc01ee2254,official personal Pure publications feed,profile_feed_membership,high,false,,W4396674807,exact_doi,high,1,false,,3,1.2662,0.85169025,2026-08-29T03:05:00.187Z
uwa-accounting-015,Ricky Chung,uwa-pub-1d5726cc01ee2254,official personal Pure publications feed,profile_feed_membership,high,false,,,unmatched,none,0,true,No OpenAlex work match,,,,2026-08-29T03:05:00.187Z
uwa-accounting-010,Lyndie Bayne,uwa-pub-42279b4dff8c8325,official personal Pure publications feed,profile_feed_membership,high,false,,W4386990569,exact_doi,high,1,false,,32,7.21,0.96667612,2026-08-29T03:05:00.187Z
uwa-accounting-015,Ricky Chung,uwa-pub-42279b4dff8c8325,official personal Pure publications feed,profile_feed_membership,high,false,,,unmatched,none,0,true,No OpenAlex work match,,,,2026-08-29T03:05:00.187Z
uwa-accounting-010,Lyndie Bayne,uwa-pub-608ef6e2572b3e85,official personal Pure publications feed,profile_feed_membership,high,false,,W4315781946,exact_doi,high,1,false,,75,16.8831,0.99183079,2026-08-29T03:05:00.187Z
uwa-accounting-015,Ricky Chung,uwa-pub-608ef6e2572b3e85,official personal Pure publications feed,profile_feed_membership,high,false,,,unmatched,none,0,true,No OpenAlex work match,,,,2026-08-29T03:05:00.187Z
uwa-accounting-010,Lyndie Bayne,uwa-pub-f1da5c1dbca42b9f,official personal Pure publications feed,profile_feed_membership,high,false,,W4220797050,exact_doi,high,1,false,,18,9.1698,0.97905829,2026-08-29T03:05:00.187Z
uwa-accounting-012,Nikki Schonfeldt,uwa-pub-f1da5c1dbca42b9f,official personal Pure publications feed,profile_feed_membership,high,false,,W4220797050,exact_doi,high,1,false,,18,9.1698,0.97905829,2026-08-29T03:05:00.187Z
uwa-accounting-013,Phil Hancock,uwa-pub-f1da5c1dbca42b9f,official personal Pure publications feed,profile_feed_membership,high,false,,,unmatched,none,0,true,No OpenAlex work match,,,,2026-08-29T03:05:00.187Z
uwa-accounting-014,Prerana Agrawal,uwa-pub-f1da5c1dbca42b9f,official personal Pure publications feed,profile_feed_membership,high,false,,W4220797050,exact_doi,high,1,false,,18,9.1698,0.97905829,2026-08-29T03:05:00.187Z
uwa-accounting-010,Lyndie Bayne,uwa-pub-8245cfe7601af04d,official personal Pure publications feed,profile_feed_membership,high,false,,W4205637138,exact_doi,high,1,false,,11,1.3582,0.83893937,2026-08-29T03:05:00.187Z
uwa-accounting-010,Lyndie Bayne,uwa-pub-2e5f0363fd2ce071,official personal Pure publications feed,profile_feed_membership,high,false,,W4200615879,exact_doi,high,1,false,,12,1.3788,0.84039985,2026-08-29T03:05:00.187Z
uwa-accounting-010,Lyndie Bayne,uwa-pub-6dea5d750cdc4789,official personal Pure publications feed,profile_feed_membership,high,false,,W3178897665,exact_doi,high,1,false,,3,0.5627,0.69254032,2026-08-29T03:05:00.187Z
uwa-accounting-012,Nikki Schonfeldt,uwa-pub-6dea5d750cdc4789,official personal Pure publications feed,profile_feed_membership,high,false,,W3178897665,exact_doi,high,1,false,,3,0.5627,0.69254032,2026-08-29T03:05:00.187Z
uwa-accounting-014,Prerana Agrawal,uwa-pub-6dea5d750cdc4789,official personal Pure publications feed,profile_feed_membership,high,false,,W3178897665,exact_doi,high,1,false,,3,0.5627,0.69254032,2026-08-29T03:05:00.187Z
uwa-accounting-010,Lyndie Bayne,uwa-pub-e248d2d02444c985,official personal Pure publications feed,profile_feed_membership,high,false,,W3124635625,exact_doi,high,1,false,,10,0.8863,0.77031775,2026-08-29T03:05:00.187Z
uwa-accounting-010,Lyndie Bayne,uwa-pub-80071d09023acd18,official personal Pure publications feed,profile_feed_membership,high,false,,W2928555892,exact_doi,high,1,false,,10,2.0486,0.87452414,2026-08-29T03:05:00.187Z
uwa-accounting-010,Lyndie Bayne,uwa-pub-5750a8accdf4453f,official personal Pure publications feed,profile_feed_membership,high,false,,W2287567705,exact_normalized_title_year,medium,1,false,,0,,,2026-08-29T03:05:00.187Z
uwa-accounting-010,Lyndie Bayne,uwa-pub-1fc43a1fbf69175a,official personal Pure publications feed,profile_feed_membership,high,false,,W2933916988,exact_normalized_title_year,medium,1,false,,1,,,2026-08-29T03:05:00.187Z
uwa-accounting-010,Lyndie Bayne,uwa-pub-3898f8402200f520,official personal Pure publications feed,profile_feed_membership,high,false,,W1652865066,exact_doi,high,1,false,,8,1.9122,0.90106007,2026-08-29T03:05:00.187Z
uwa-accounting-010,Lyndie Bayne,uwa-pub-02af7ed0a2165f7d,official personal Pure publications feed,profile_feed_membership,high,false,,W2912269570,exact_doi,high,1,false,,7,0.8765,0.81541336,2026-08-29T03:05:00.187Z
uwa-accounting-010,Lyndie Bayne,uwa-pub-c1707b95c1537e28,official personal Pure publications feed,profile_feed_membership,high,false,,W2748908089,exact_doi,high,1,false,,39,4.9588,0.94864518,2026-08-29T03:05:00.187Z
uwa-accounting-010,Lyndie Bayne,uwa-pub-ffa672553e51ac7e,official personal Pure publications feed,profile_feed_membership,high,false,,W2737564769,exact_normalized_title_year,medium,1,false,,0,,,2026-08-29T03:05:00.187Z
uwa-accounting-010,Lyndie Bayne,uwa-pub-1021b80788c4507e,official personal Pure publications feed,profile_feed_membership,high,false,,W2213472900,exact_normalized_title_year,medium,1,false,,1,0,0.3042623,2026-08-29T03:05:00.187Z
uwa-accounting-011,Mark Holub,uwa-pub-dca7d0c0d5275f28,official personal Pure publications feed,profile_feed_membership,high,false,,,unmatched,none,0,true,No OpenAlex work match,,,,2026-08-29T03:05:00.187Z
uwa-accounting-014,Prerana Agrawal,uwa-pub-dca7d0c0d5275f28,official personal Pure publications feed,profile_feed_membership,high,false,,W7147231798,exact_doi,high,1,false,,0,0,0.28101826,2026-08-29T03:05:00.187Z
uwa-accounting-020,Warrick Van Zyl,uwa-pub-dca7d0c0d5275f28,official personal Pure publications feed,profile_feed_membership,high,false,,W7147231798,exact_doi,high,1,false,,0,0,0.28101826,2026-08-29T03:05:00.187Z
uwa-accounting-011,Mark Holub,uwa-pub-f8389d24590c068f,official personal Pure publications feed,profile_feed_membership,high,false,,,unmatched,none,0,true,No OpenAlex work match,,,,2026-08-29T03:05:00.187Z
uwa-accounting-014,Prerana Agrawal,uwa-pub-f8389d24590c068f,official personal Pure publications feed,profile_feed_membership,high,false,,W4407132066,exact_doi,high,1,false,,0,0,0.02304049,2026-08-29T03:05:00.187Z
uwa-accounting-020,Warrick Van Zyl,uwa-pub-f8389d24590c068f,official personal Pure publications feed,profile_feed_membership,high,false,,W4407132066,exact_doi,high,1,false,,0,0,0.02304049,2026-08-29T03:05:00.187Z
uwa-accounting-011,Mark Holub,uwa-pub-8c40bb50b407a16f,official personal Pure publications feed,profile_feed_membership,high,false,,,unmatched,none,0,true,No OpenAlex work match,,,,2026-08-29T03:05:00.187Z
uwa-accounting-014,Prerana Agrawal,uwa-pub-8c40bb50b407a16f,official personal Pure publications feed,profile_feed_membership,high,false,,W3155092242,exact_doi,high,1,false,,18,2.7751,0.90124231,2026-08-29T03:05:00.187Z
uwa-accounting-020,Warrick Van Zyl,uwa-pub-8c40bb50b407a16f,official personal Pure publications feed,profile_feed_membership,high,false,,W3155092242,exact_doi,high,1,false,,18,2.7751,0.90124231,2026-08-29T03:05:00.187Z
uwa-accounting-011,Mark Holub,uwa-pub-2039e341a7d4e7f4,official personal Pure publications feed,profile_feed_membership,high,false,,,unmatched,none,0,true,No OpenAlex work match,,,,2026-08-29T03:05:00.187Z
uwa-accounting-011,Mark Holub,uwa-pub-00c142296a33d4e2,official personal Pure publications feed,profile_feed_membership,high,false,,,unmatched,none,0,true,No OpenAlex work match,,,,2026-08-29T03:05:00.187Z
uwa-accounting-011,Mark Holub,uwa-pub-0e61efdf59d76f8e,official personal Pure publications feed,profile_feed_membership,high,false,,,unmatched,none,0,true,No OpenAlex work match,,,,2026-08-29T03:05:00.187Z
uwa-accounting-011,Mark Holub,uwa-pub-7843e3c6a9cd9ab5,official personal Pure publications feed,profile_feed_membership,high,false,,,unmatched,none,0,true,No OpenAlex work match,,,,2026-08-29T03:05:00.187Z
uwa-accounting-011,Mark Holub,uwa-pub-16c410b71c7b021e,official personal Pure publications feed,profile_feed_membership,high,false,,,unmatched,none,0,true,No OpenAlex work match,,,,2026-08-29T03:05:00.187Z
uwa-accounting-011,Mark Holub,uwa-pub-f06fcb9e90028431,official personal Pure publications feed,profile_feed_membership,high,false,,,unmatched,none,0,true,No OpenAlex work match,,,,2026-08-29T03:05:00.187Z
uwa-accounting-011,Mark Holub,uwa-pub-bc1c5c9ea98a8a1a,official personal Pure publications feed,profile_feed_membership,high,false,,,unmatched,none,0,true,No OpenAlex work match,,,,2026-08-29T03:05:00.187Z
uwa-accounting-011,Mark Holub,uwa-pub-684f12a2c99835c4,official personal Pure publications feed,profile_feed_membership,high,false,,,unmatched,none,0,true,No OpenAlex work match,,,,2026-08-29T03:05:00.187Z
uwa-accounting-011,Mark Holub,uwa-pub-f4ec4750ecac788e,official personal Pure publications feed,profile_feed_membership,high,false,,,unmatched,none,0,true,No OpenAlex work match,,,,2026-08-29T03:05:00.187Z
uwa-accounting-011,Mark Holub,uwa-pub-093bfac9822c2dd2,official personal Pure publications feed,profile_feed_membership,high,false,,,unmatched,none,0,true,No OpenAlex work match,,,,2026-08-29T03:05:00.187Z
uwa-accounting-011,Mark Holub,uwa-pub-b246ae2df74b5f45,official personal Pure publications feed,profile_feed_membership,high,false,,,unmatched,none,0,true,No OpenAlex work match,,,,2026-08-29T03:05:00.187Z
uwa-accounting-011,Mark Holub,uwa-pub-ad1a5641c6e0bfbf,official personal Pure publications feed,profile_feed_membership,high,false,,,unmatched,none,0,true,No OpenAlex work match,,,,2026-08-29T03:05:00.187Z
uwa-accounting-012,Nikki Schonfeldt,uwa-pub-1be5630a3e779ee0,official personal Pure publications feed,profile_feed_membership,high,false,,,unmatched,none,0,true,No OpenAlex work match,,,,2026-08-29T03:05:00.187Z
uwa-accounting-012,Nikki Schonfeldt,uwa-pub-9570727d0e8fe54a,official personal Pure publications feed,profile_feed_membership,high,false,,W7118005159,exact_doi,high,1,false,,1,22.2696,0.97004692,2026-08-29T03:05:00.187Z
uwa-accounting-013,Phil Hancock,uwa-pub-9570727d0e8fe54a,official personal Pure publications feed,profile_feed_membership,high,false,,,unmatched,none,0,true,No OpenAlex work match,,,,2026-08-29T03:05:00.187Z
uwa-accounting-012,Nikki Schonfeldt,uwa-pub-4c52ac2374fad7c9,official personal Pure publications feed,profile_feed_membership,high,false,,W4392473927,exact_doi,high,1,false,,56,32.2285,0.99860015,2026-08-29T03:05:00.187Z
uwa-accounting-012,Nikki Schonfeldt,uwa-pub-63b9184c268001bb,official personal Pure publications feed,profile_feed_membership,high,false,,,unmatched,none,0,true,No OpenAlex work match,,,,2026-08-29T03:05:00.187Z
uwa-accounting-012,Nikki Schonfeldt,uwa-pub-adb120920a5e2e23,official personal Pure publications feed,profile_feed_membership,high,false,,W3080499451,exact_doi,high,1,false,,8,0.9151,0.78324144,2026-08-29T03:05:00.187Z
uwa-accounting-012,Nikki Schonfeldt,uwa-pub-8da3ab89f939590e,official personal Pure publications feed,profile_feed_membership,high,false,,W3084133591,exact_doi,high,1,false,,7,0.2709,0.66901372,2026-08-29T03:05:00.187Z
uwa-accounting-013,Phil Hancock,uwa-pub-8da3ab89f939590e,official personal Pure publications feed,profile_feed_membership,high,false,,,unmatched,none,0,true,No OpenAlex work match,,,,2026-08-29T03:05:00.187Z
uwa-accounting-013,Phil Hancock,uwa-pub-fb0c804f6e289426,official personal Pure publications feed,profile_feed_membership,high,false,,,unmatched,none,0,true,No OpenAlex work match,,,,2026-08-29T03:05:00.187Z
uwa-accounting-013,Phil Hancock,uwa-pub-5ec26ceeccdbabf1,official personal Pure publications feed,profile_feed_membership,high,false,,,unmatched,none,0,true,No OpenAlex work match,,,,2026-08-29T03:05:00.187Z
uwa-accounting-013,Phil Hancock,uwa-pub-5816f8df0c970194,official personal Pure publications feed,profile_feed_membership,high,false,,,unmatched,none,0,true,No OpenAlex work match,,,,2026-08-29T03:05:00.187Z
uwa-accounting-013,Phil Hancock,uwa-pub-052e09e7c5ab4e63,official personal Pure publications feed,profile_feed_membership,high,false,,,unmatched,none,0,true,No OpenAlex work match,,,,2026-08-29T03:05:00.187Z
uwa-accounting-013,Phil Hancock,uwa-pub-374610a4839b21f2,official personal Pure publications feed,profile_feed_membership,high,false,,,unmatched,none,0,true,No OpenAlex work match,,,,2026-08-29T03:05:00.187Z
uwa-accounting-018,Thanesvary Subraamanniam,uwa-pub-374610a4839b21f2,official personal Pure publications feed,profile_feed_membership,high,false,,W3123480733,exact_doi,high,1,false,,7,1.1307,0.82381064,2026-08-29T03:05:00.187Z
uwa-accounting-013,Phil Hancock,uwa-pub-67da27140ca1f31a,official personal Pure publications feed,profile_feed_membership,high,false,,,unmatched,none,0,true,No OpenAlex work match,,,,2026-08-29T03:05:00.187Z
uwa-accounting-013,Phil Hancock,uwa-pub-8ac7fc1b410ff807,official personal Pure publications feed,profile_feed_membership,high,false,,,unmatched,none,0,true,No OpenAlex work match,,,,2026-08-29T03:05:00.187Z
uwa-accounting-013,Phil Hancock,uwa-pub-a3ab475fd132ade6,official personal Pure publications feed,profile_feed_membership,high,false,,,unmatched,none,0,true,No OpenAlex work match,,,,2026-08-29T03:05:00.187Z
uwa-accounting-013,Phil Hancock,uwa-pub-d0d8487e7f2ed634,official personal Pure publications feed,profile_feed_membership,high,false,,,unmatched,none,0,true,No OpenAlex work match,,,,2026-08-29T03:05:00.187Z
uwa-accounting-013,Phil Hancock,uwa-pub-cf7d0054043ac043,official personal Pure publications feed,profile_feed_membership,high,false,,,unmatched,none,0,true,No OpenAlex work match,,,,2026-08-29T03:05:00.187Z
uwa-accounting-013,Phil Hancock,uwa-pub-919e5e395a8c080c,official personal Pure publications feed,profile_feed_membership,high,false,,,unmatched,none,0,true,No OpenAlex work match,,,,2026-08-29T03:05:00.187Z
uwa-accounting-013,Phil Hancock,uwa-pub-4934ead94dfe1420,official personal Pure publications feed,profile_feed_membership,high,false,,,unmatched,none,0,true,No OpenAlex work match,,,,2026-08-29T03:05:00.187Z
uwa-accounting-013,Phil Hancock,uwa-pub-ef436cba0d337e1f,official personal Pure publications feed,profile_feed_membership,high,false,,,unmatched,none,0,true,No OpenAlex work match,,,,2026-08-29T03:05:00.187Z
uwa-accounting-013,Phil Hancock,uwa-pub-cad2fa4f7eec5acb,official personal Pure publications feed,profile_feed_membership,high,false,,,unmatched,none,0,true,No OpenAlex work match,,,,2026-08-29T03:05:00.187Z
uwa-accounting-013,Phil Hancock,uwa-pub-8a1dbc6679d1368c,official personal Pure publications feed,profile_feed_membership,high,false,,,unmatched,none,0,true,No OpenAlex work match,,,,2026-08-29T03:05:00.187Z
uwa-accounting-013,Phil Hancock,uwa-pub-71319d6c7bf5aa9a,official personal Pure publications feed,profile_feed_membership,high,false,,,unmatched,none,0,true,No OpenAlex work match,,,,2026-08-29T03:05:00.187Z
uwa-accounting-013,Phil Hancock,uwa-pub-1ccef7115424e83d,official personal Pure publications feed,profile_feed_membership,high,false,,,unmatched,none,0,true,No OpenAlex work match,,,,2026-08-29T03:05:00.187Z
uwa-accounting-013,Phil Hancock,uwa-pub-86a6dfb42f2b936f,official personal Pure publications feed,profile_feed_membership,high,false,,,unmatched,none,0,true,No OpenAlex work match,,,,2026-08-29T03:05:00.187Z
uwa-accounting-013,Phil Hancock,uwa-pub-6570a0c31e8b7423,official personal Pure publications feed,profile_feed_membership,high,false,,,unmatched,none,0,true,No OpenAlex work match,,,,2026-08-29T03:05:00.187Z
uwa-accounting-013,Phil Hancock,uwa-pub-8227d561c952e78a,official personal Pure publications feed,profile_feed_membership,high,false,,,unmatched,none,0,true,No OpenAlex work match,,,,2026-08-29T03:05:00.187Z
uwa-accounting-013,Phil Hancock,uwa-pub-20cdf9eed7c0cde8,official personal Pure publications feed,profile_feed_membership,high,false,,,unmatched,none,0,true,No OpenAlex work match,,,,2026-08-29T03:05:00.187Z
uwa-accounting-013,Phil Hancock,uwa-pub-5931b3813169c9e8,official personal Pure publications feed,profile_feed_membership,high,false,,,unmatched,none,0,true,No OpenAlex work match,,,,2026-08-29T03:05:00.187Z
uwa-accounting-013,Phil Hancock,uwa-pub-a662fd576a40f614,official personal Pure publications feed,profile_feed_membership,high,false,,,unmatched,none,0,true,No OpenAlex work match,,,,2026-08-29T03:05:00.187Z
uwa-accounting-013,Phil Hancock,uwa-pub-5826cafc36019335,official personal Pure publications feed,profile_feed_membership,high,false,,,unmatched,none,0,true,No OpenAlex work match,,,,2026-08-29T03:05:00.187Z
uwa-accounting-013,Phil Hancock,uwa-pub-5fa93278387c37ad,official personal Pure publications feed,profile_feed_membership,high,false,,,unmatched,none,0,true,No OpenAlex work match,,,,2026-08-29T03:05:00.187Z
uwa-accounting-013,Phil Hancock,uwa-pub-8ff768731ce43694,official personal Pure publications feed,profile_feed_membership,high,false,,,unmatched,none,0,true,No OpenAlex work match,,,,2026-08-29T03:05:00.187Z
uwa-accounting-013,Phil Hancock,uwa-pub-016f900819b6e410,official personal Pure publications feed,profile_feed_membership,high,false,,,unmatched,none,0,true,No OpenAlex work match,,,,2026-08-29T03:05:00.187Z
uwa-accounting-013,Phil Hancock,uwa-pub-38116e9452a807be,official personal Pure publications feed,profile_feed_membership,high,false,,,unmatched,none,0,true,No OpenAlex work match,,,,2026-08-29T03:05:00.187Z
uwa-accounting-013,Phil Hancock,uwa-pub-48caf84d0e764351,official personal Pure publications feed,profile_feed_membership,high,false,,,unmatched,none,0,true,No OpenAlex work match,,,,2026-08-29T03:05:00.187Z
uwa-accounting-013,Phil Hancock,uwa-pub-9415b4bcec493ebf,official personal Pure publications feed,profile_feed_membership,high,false,,,unmatched,none,0,true,No OpenAlex work match,,,,2026-08-29T03:05:00.187Z
uwa-accounting-013,Phil Hancock,uwa-pub-a33d15e118a42df4,official personal Pure publications feed,profile_feed_membership,high,false,,,unmatched,none,0,true,No OpenAlex work match,,,,2026-08-29T03:05:00.187Z
uwa-accounting-013,Phil Hancock,uwa-pub-24d43e70baec47ae,official personal Pure publications feed,profile_feed_membership,high,false,,,unmatched,none,0,true,No OpenAlex work match,,,,2026-08-29T03:05:00.187Z
uwa-accounting-013,Phil Hancock,uwa-pub-26524707f345b53c,official personal Pure publications feed,profile_feed_membership,high,false,,,unmatched,none,0,true,No OpenAlex work match,,,,2026-08-29T03:05:00.187Z
uwa-accounting-013,Phil Hancock,uwa-pub-f8aed9d6886d8f04,official personal Pure publications feed,profile_feed_membership,high,false,,,unmatched,none,0,true,No OpenAlex work match,,,,2026-08-29T03:05:00.187Z
uwa-accounting-013,Phil Hancock,uwa-pub-db7516e7c292a1d4,official personal Pure publications feed,profile_feed_membership,high,false,,,unmatched,none,0,true,No OpenAlex work match,,,,2026-08-29T03:05:00.187Z
uwa-accounting-013,Phil Hancock,uwa-pub-2e6c87b41f5b86c4,official personal Pure publications feed,profile_feed_membership,high,false,,,unmatched,none,0,true,No OpenAlex work match,,,,2026-08-29T03:05:00.187Z
uwa-accounting-013,Phil Hancock,uwa-pub-11cc6f130450fae4,official personal Pure publications feed,profile_feed_membership,high,false,,,unmatched,none,0,true,No OpenAlex work match,,,,2026-08-29T03:05:00.187Z
uwa-accounting-013,Phil Hancock,uwa-pub-97a5b78258adfc1b,official personal Pure publications feed,profile_feed_membership,high,false,,,unmatched,none,0,true,No OpenAlex work match,,,,2026-08-29T03:05:00.187Z
uwa-accounting-013,Phil Hancock,uwa-pub-c2037d5b5a189dbf,official personal Pure publications feed,profile_feed_membership,high,false,,,unmatched,none,0,true,No OpenAlex work match,,,,2026-08-29T03:05:00.187Z
uwa-accounting-013,Phil Hancock,uwa-pub-4630cceb557a5344,official personal Pure publications feed,profile_feed_membership,high,false,,,unmatched,none,0,true,No OpenAlex work match,,,,2026-08-29T03:05:00.187Z
uwa-accounting-013,Phil Hancock,uwa-pub-db27c7b7fbb0f513,official personal Pure publications feed,profile_feed_membership,high,false,,,unmatched,none,0,true,No OpenAlex work match,,,,2026-08-29T03:05:00.187Z
uwa-accounting-013,Phil Hancock,uwa-pub-d9432955e0dbadd2,official personal Pure publications feed,profile_feed_membership,high,false,,,unmatched,none,0,true,No OpenAlex work match,,,,2026-08-29T03:05:00.187Z
uwa-accounting-013,Phil Hancock,uwa-pub-1aed369538eadd05,official personal Pure publications feed,profile_feed_membership,high,false,,,unmatched,none,0,true,No OpenAlex work match,,,,2026-08-29T03:05:00.187Z
uwa-accounting-013,Phil Hancock,uwa-pub-92651f55d682bb77,official personal Pure publications feed,profile_feed_membership,high,false,,,unmatched,none,0,true,No OpenAlex work match,,,,2026-08-29T03:05:00.187Z
uwa-accounting-014,Prerana Agrawal,uwa-pub-92651f55d682bb77,official personal Pure publications feed,profile_feed_membership,high,false,,W2013640452,exact_doi,high,1,false,,3,0,0.16597387,2026-08-29T03:05:00.187Z
uwa-accounting-013,Phil Hancock,uwa-pub-a57af5c70877714f,official personal Pure publications feed,profile_feed_membership,high,false,,,unmatched,none,0,true,No OpenAlex work match,,,,2026-08-29T03:05:00.187Z
uwa-accounting-013,Phil Hancock,uwa-pub-7e0c1561ef64eca9,official personal Pure publications feed,profile_feed_membership,high,false,,,unmatched,none,0,true,No OpenAlex work match,,,,2026-08-29T03:05:00.187Z
uwa-accounting-013,Phil Hancock,uwa-pub-d525418eed85e8ce,official personal Pure publications feed,profile_feed_membership,high,false,,,unmatched,none,0,true,No OpenAlex work match,,,,2026-08-29T03:05:00.187Z
uwa-accounting-013,Phil Hancock,uwa-pub-99c5b5dfd01a6f9d,official personal Pure publications feed,profile_feed_membership,high,false,,,unmatched,none,0,true,No OpenAlex work match,,,,2026-08-29T03:05:00.187Z
uwa-accounting-013,Phil Hancock,uwa-pub-63a2ccf465dff01c,official personal Pure publications feed,profile_feed_membership,high,false,,,unmatched,none,0,true,No OpenAlex work match,,,,2026-08-29T03:05:00.187Z
uwa-accounting-013,Phil Hancock,uwa-pub-b3bd22a2489f4c5e,official personal Pure publications feed,profile_feed_membership,high,false,,,unmatched,none,0,true,No OpenAlex work match,,,,2026-08-29T03:05:00.187Z
uwa-accounting-013,Phil Hancock,uwa-pub-5f184d62b84e037f,official personal Pure publications feed,profile_feed_membership,high,false,,,unmatched,none,0,true,No OpenAlex work match,,,,2026-08-29T03:05:00.187Z
uwa-accounting-013,Phil Hancock,uwa-pub-2580257d74a7c380,official personal Pure publications feed,profile_feed_membership,high,false,,,unmatched,none,0,true,No OpenAlex work match,,,,2026-08-29T03:05:00.187Z
uwa-accounting-013,Phil Hancock,uwa-pub-b4bf207ad2b59462,official personal Pure publications feed,profile_feed_membership,high,false,,,unmatched,none,0,true,No OpenAlex work match,,,,2026-08-29T03:05:00.187Z
uwa-accounting-013,Phil Hancock,uwa-pub-c6ffd720100cc4f5,official personal Pure publications feed,profile_feed_membership,high,false,,,unmatched,none,0,true,No OpenAlex work match,,,,2026-08-29T03:05:00.187Z
uwa-accounting-013,Phil Hancock,uwa-pub-e05c7483b7b2d675,official personal Pure publications feed,profile_feed_membership,high,false,,,unmatched,none,0,true,No OpenAlex work match,,,,2026-08-29T03:05:00.187Z
uwa-accounting-013,Phil Hancock,uwa-pub-49c6e9c19c18d021,official personal Pure publications feed,profile_feed_membership,high,false,,,unmatched,none,0,true,No OpenAlex work match,,,,2026-08-29T03:05:00.187Z
uwa-accounting-013,Phil Hancock,uwa-pub-af62c13aedf3ae52,official personal Pure publications feed,profile_feed_membership,high,false,,,unmatched,none,0,true,No OpenAlex work match,,,,2026-08-29T03:05:00.187Z
uwa-accounting-013,Phil Hancock,uwa-pub-ee5c6ae385038d9c,official personal Pure publications feed,profile_feed_membership,high,false,,,unmatched,none,0,true,No OpenAlex work match,,,,2026-08-29T03:05:00.187Z
uwa-accounting-013,Phil Hancock,uwa-pub-211f53c86f4621d0,official personal Pure publications feed,profile_feed_membership,high,false,,,unmatched,none,0,true,No OpenAlex work match,,,,2026-08-29T03:05:00.187Z
uwa-accounting-013,Phil Hancock,uwa-pub-90cb4e45797a2601,official personal Pure publications feed,profile_feed_membership,high,false,,,unmatched,none,0,true,No OpenAlex work match,,,,2026-08-29T03:05:00.187Z
uwa-accounting-013,Phil Hancock,uwa-pub-39034700b8187f3c,official personal Pure publications feed,profile_feed_membership,high,false,,,unmatched,none,0,true,No OpenAlex work match,,,,2026-08-29T03:05:00.187Z
uwa-accounting-013,Phil Hancock,uwa-pub-98c75afbba552ae8,official personal Pure publications feed,profile_feed_membership,high,false,,,unmatched,none,0,true,No OpenAlex work match,,,,2026-08-29T03:05:00.187Z
uwa-accounting-013,Phil Hancock,uwa-pub-9a10e9dc43572248,official personal Pure publications feed,profile_feed_membership,high,false,,,unmatched,none,0,true,No OpenAlex work match,,,,2026-08-29T03:05:00.187Z
uwa-accounting-013,Phil Hancock,uwa-pub-ce1f1b5359b60a4b,official personal Pure publications feed,profile_feed_membership,high,false,,,unmatched,none,0,true,No OpenAlex work match,,,,2026-08-29T03:05:00.187Z
uwa-accounting-013,Phil Hancock,uwa-pub-119fa2085dcabe3e,official personal Pure publications feed,profile_feed_membership,high,false,,,unmatched,none,0,true,No OpenAlex work match,,,,2026-08-29T03:05:00.187Z
uwa-accounting-013,Phil Hancock,uwa-pub-297f3d0495672912,official personal Pure publications feed,profile_feed_membership,high,false,,,unmatched,none,0,true,No OpenAlex work match,,,,2026-08-29T03:05:00.187Z
uwa-accounting-013,Phil Hancock,uwa-pub-e4b662a4893b3334,official personal Pure publications feed,profile_feed_membership,high,false,,,unmatched,none,0,true,No OpenAlex work match,,,,2026-08-29T03:05:00.187Z
uwa-accounting-013,Phil Hancock,uwa-pub-64d845dd8aa9228e,official personal Pure publications feed,profile_feed_membership,high,false,,,unmatched,none,0,true,No OpenAlex work match,,,,2026-08-29T03:05:00.187Z
uwa-accounting-013,Phil Hancock,uwa-pub-ae4739af05f86139,official personal Pure publications feed,profile_feed_membership,high,false,,,unmatched,none,0,true,No OpenAlex work match,,,,2026-08-29T03:05:00.187Z
uwa-accounting-013,Phil Hancock,uwa-pub-ed1c3c1a7dfafc9a,official personal Pure publications feed,profile_feed_membership,high,false,,,unmatched,none,0,true,No OpenAlex work match,,,,2026-08-29T03:05:00.187Z
uwa-accounting-013,Phil Hancock,uwa-pub-dde167c15db12c58,official personal Pure publications feed,profile_feed_membership,high,false,,,unmatched,none,0,true,No OpenAlex work match,,,,2026-08-29T03:05:00.187Z
uwa-accounting-013,Phil Hancock,uwa-pub-009e8ce0946dced1,official personal Pure publications feed,profile_feed_membership,high,false,,,unmatched,none,0,true,No OpenAlex work match,,,,2026-08-29T03:05:00.187Z
uwa-accounting-013,Phil Hancock,uwa-pub-f18da1f2a3d71fdf,official personal Pure publications feed,profile_feed_membership,high,false,,,unmatched,none,0,true,No OpenAlex work match,,,,2026-08-29T03:05:00.187Z
uwa-accounting-013,Phil Hancock,uwa-pub-4dd18bbf03c39798,official personal Pure publications feed,profile_feed_membership,high,false,,,unmatched,none,0,true,No OpenAlex work match,,,,2026-08-29T03:05:00.187Z
uwa-accounting-013,Phil Hancock,uwa-pub-7c5c83369e33dc4e,official personal Pure publications feed,profile_feed_membership,high,false,,,unmatched,none,0,true,No OpenAlex work match,,,,2026-08-29T03:05:00.187Z
uwa-accounting-013,Phil Hancock,uwa-pub-7ddb4a4327402389,official personal Pure publications feed,profile_feed_membership,high,false,,,unmatched,none,0,true,No OpenAlex work match,,,,2026-08-29T03:05:00.187Z
uwa-accounting-014,Prerana Agrawal,uwa-pub-f2506848d9c07005,official personal Pure publications feed,profile_feed_membership,high,false,,W4205193045,exact_doi,high,1,false,,42,11.8752,0.98520662,2026-08-29T03:05:00.187Z
uwa-accounting-014,Prerana Agrawal,uwa-pub-d601dec12d8108bc,official personal Pure publications feed,profile_feed_membership,high,false,,W3119921232,exact_doi,high,1,false,,4,0.8441,0.73916331,2026-08-29T03:05:00.187Z
uwa-accounting-014,Prerana Agrawal,uwa-pub-b23ab76ec3612a63,official personal Pure publications feed,profile_feed_membership,high,false,,W3001740385,exact_doi,high,1,false,,10,2.1716,0.87729249,2026-08-29T03:05:00.187Z
uwa-accounting-014,Prerana Agrawal,uwa-pub-fbd9088e48ae484b,official personal Pure publications feed,profile_feed_membership,high,false,,W2841471587,exact_doi,high,1,false,,1,,,2026-08-29T03:05:00.187Z
uwa-accounting-015,Ricky Chung,uwa-pub-ead5a409ec4c8186,official personal Pure publications feed,profile_feed_membership,high,false,,,unmatched,none,0,true,No OpenAlex work match,,,,2026-08-29T03:05:00.187Z
uwa-accounting-016,Simeng Liu,uwa-pub-3a640e0359364618,official personal Pure publications feed,profile_feed_membership,high,false,,,unmatched,none,0,true,No OpenAlex work match,,,,2026-08-29T03:05:00.187Z
uwa-accounting-016,Simeng Liu,uwa-pub-c0ca8608d2dfe31c,official personal Pure publications feed,profile_feed_membership,high,false,,,unmatched,none,0,true,No OpenAlex work match,,,,2026-08-29T03:05:00.187Z
uwa-accounting-016,Simeng Liu,uwa-pub-b7f56f3639ac2ca5,official personal Pure publications feed,profile_feed_membership,high,false,,,unmatched,none,0,true,No OpenAlex work match,,,,2026-08-29T03:05:00.187Z
uwa-accounting-016,Simeng Liu,uwa-pub-89c7b68bb4551467,official personal Pure publications feed,profile_feed_membership,high,false,,,unmatched,none,0,true,No OpenAlex work match,,,,2026-08-29T03:05:00.187Z
uwa-accounting-016,Simeng Liu,uwa-pub-4bd9d1b314874924,official personal Pure publications feed,profile_feed_membership,high,false,,,unmatched,none,0,true,No OpenAlex work match,,,,2026-08-29T03:05:00.187Z
uwa-accounting-016,Simeng Liu,uwa-pub-b6cf01ec46358343,official personal Pure publications feed,profile_feed_membership,high,false,,,unmatched,none,0,true,No OpenAlex work match,,,,2026-08-29T03:05:00.187Z
uwa-accounting-017,Stijn Masschelein,uwa-pub-8320bf55d440948d,official personal Pure publications feed,profile_feed_membership,high,false,,W4402643334,exact_doi,high,1,false,,3,2.1398,0.89336768,2026-08-29T03:05:00.187Z
uwa-accounting-019,Vincent Chong,uwa-pub-8320bf55d440948d,official personal Pure publications feed,profile_feed_membership,high,false,,W4402643334,exact_doi,high,1,false,,3,2.1398,0.89336768,2026-08-29T03:05:00.187Z
uwa-accounting-017,Stijn Masschelein,uwa-pub-18fff87d39fe3b85,official personal Pure publications feed,profile_feed_membership,high,false,,W4286742102,exact_doi,high,1,false,,6,1.1384,0.76502765,2026-08-29T03:05:00.187Z
uwa-accounting-017,Stijn Masschelein,uwa-pub-45179cb764de4b1d,official personal Pure publications feed,profile_feed_membership,high,false,,W4214496089,exact_doi,high,1,false,,4,0.6598,0.71880394,2026-08-29T03:05:00.187Z
uwa-accounting-017,Stijn Masschelein,uwa-pub-f68aebc4d387a838,official personal Pure publications feed,profile_feed_membership,high,false,,,unmatched,none,0,true,No OpenAlex work match,,,,2026-08-29T03:05:00.187Z
uwa-accounting-017,Stijn Masschelein,uwa-pub-5bd332977fe9ea6a,official personal Pure publications feed,profile_feed_membership,high,false,,W3016951520,exact_doi,high,1,false,,31,4.6944,0.94811602,2026-08-29T03:05:00.187Z
uwa-accounting-017,Stijn Masschelein,uwa-pub-9dc1134f6f5bc031,official personal Pure publications feed,profile_feed_membership,high,false,,W2792877528,exact_doi,high,1,false,,14,2.8552,0.90693475,2026-08-29T03:05:00.187Z
uwa-accounting-019,Vincent Chong,uwa-pub-9dc1134f6f5bc031,official personal Pure publications feed,profile_feed_membership,high,false,,W2792877528,exact_doi,high,1,false,,14,2.8552,0.90693475,2026-08-29T03:05:00.187Z
uwa-accounting-017,Stijn Masschelein,uwa-pub-84d8e7af75538832,official personal Pure publications feed,profile_feed_membership,high,false,,W2293213764,exact_doi,high,1,false,,17,0.7968,0.77497221,2026-08-29T03:05:00.187Z
uwa-accounting-017,Stijn Masschelein,uwa-pub-1a7fe1dd2b5d9551,official personal Pure publications feed,profile_feed_membership,high,false,,W2073180347,exact_doi,high,1,false,,162,4.2552,0.91588785,2026-08-29T03:05:00.187Z
uwa-accounting-017,Stijn Masschelein,uwa-pub-ec491a2c9d8ed491,official personal Pure publications feed,profile_feed_membership,high,false,,W1955404788,exact_normalized_title_year,medium,1,false,,0,0,0.21206964,2026-08-29T03:05:00.187Z
uwa-accounting-017,Stijn Masschelein,uwa-pub-17fcf322294f2270,official personal Pure publications feed,profile_feed_membership,high,false,,W2135427710,exact_doi,high,1,false,,38,6.5142,0.96348522,2026-08-29T03:05:00.187Z
uwa-accounting-018,Thanesvary Subraamanniam,uwa-pub-9195b53dd7352dd3,official personal Pure publications feed,profile_feed_membership,high,false,,,unmatched,none,0,true,No OpenAlex work match,,,,2026-08-29T03:05:00.187Z
uwa-accounting-018,Thanesvary Subraamanniam,uwa-pub-83e6731a7ab59cb0,official personal Pure publications feed,profile_feed_membership,high,false,,W2802518200,exact_doi,high,1,false,,0,,,2026-08-29T03:05:00.187Z
uwa-accounting-018,Thanesvary Subraamanniam,uwa-pub-28fc01cb8f0f25ff,official personal Pure publications feed,profile_feed_membership,high,false,,W2035922620,exact_doi,high,1,false,,87,3.8262,0.92475728,2026-08-29T03:05:00.187Z
uwa-accounting-019,Vincent Chong,uwa-pub-da213bc62cc51518,official personal Pure publications feed,profile_feed_membership,high,false,,,unmatched,none,0,true,No OpenAlex work match,,,,2026-08-29T03:05:00.187Z
uwa-accounting-019,Vincent Chong,uwa-pub-fe8f3447de11570d,official personal Pure publications feed,profile_feed_membership,high,false,,,unmatched,none,0,true,No OpenAlex work match,,,,2026-08-29T03:05:00.187Z
uwa-accounting-019,Vincent Chong,uwa-pub-5bc0d79a794c1269,official personal Pure publications feed,profile_feed_membership,high,false,,W4406435147,exact_doi,high,1,false,,1,2.1556,0.84785343,2026-08-29T03:05:00.187Z
uwa-accounting-019,Vincent Chong,uwa-pub-7f58ab5995bed8a2,official personal Pure publications feed,profile_feed_membership,high,false,,W4402758805,exact_doi,high,1,false,,5,3.4091,0.93327205,2026-08-29T03:05:00.187Z
uwa-accounting-019,Vincent Chong,uwa-pub-d6d7b2ae6ece28da,official personal Pure publications feed,profile_feed_membership,high,false,,W4401664830,exact_doi,high,1,false,,2,4.6266,0.95405455,2026-08-29T03:05:00.187Z
uwa-accounting-019,Vincent Chong,uwa-pub-d4a29d547f239fed,official personal Pure publications feed,profile_feed_membership,high,false,,,unmatched,none,0,true,No OpenAlex work match,,,,2026-08-29T03:05:00.187Z
uwa-accounting-019,Vincent Chong,uwa-pub-2b1e922b0edfac3f,official personal Pure publications feed,profile_feed_membership,high,false,,W4385494698,exact_doi,high,1,false,,6,1.3689,0.85536869,2026-08-29T03:05:00.187Z
uwa-accounting-019,Vincent Chong,uwa-pub-4a7edabfe457a095,official personal Pure publications feed,profile_feed_membership,high,false,,W4322506789,exact_doi,high,1,false,,3,8.0093,0.97006791,2026-08-29T03:05:00.187Z
uwa-accounting-019,Vincent Chong,uwa-pub-8467b9264b6f134b,official personal Pure publications feed,profile_feed_membership,high,false,,W2899448155,exact_doi,high,1,false,,8,8.3446,0.96637998,2026-08-29T03:05:00.187Z
uwa-accounting-019,Vincent Chong,uwa-pub-2822bdd10074c4a5,official personal Pure publications feed,profile_feed_membership,high,false,,W2971986051,exact_normalized_title_year,medium,1,false,,22,2.4648,0.90321569,2026-08-29T03:05:00.187Z
uwa-accounting-019,Vincent Chong,uwa-pub-50dfc97baec852a5,official personal Pure publications feed,profile_feed_membership,high,false,,,unmatched,none,0,true,No OpenAlex work match,,,,2026-08-29T03:05:00.187Z
uwa-accounting-019,Vincent Chong,uwa-pub-e4e128e648a4caae,official personal Pure publications feed,profile_feed_membership,high,false,,,unmatched,none,0,true,No OpenAlex work match,,,,2026-08-29T03:05:00.187Z
uwa-accounting-019,Vincent Chong,uwa-pub-d41a2b9035656eaf,official personal Pure publications feed,profile_feed_membership,high,false,,,unmatched,none,0,true,No OpenAlex work match,,,,2026-08-29T03:05:00.187Z
uwa-accounting-019,Vincent Chong,uwa-pub-b40d20977040e435,official personal Pure publications feed,profile_feed_membership,high,false,,W1990141503,exact_normalized_title_year,medium,1,false,,316,1.5028,0.8060715,2026-08-29T03:05:00.187Z
uwa-accounting-019,Vincent Chong,uwa-pub-53457e62bbb37b07,official personal Pure publications feed,profile_feed_membership,high,false,,,unmatched,none,0,true,No OpenAlex work match,,,,2026-08-29T03:05:00.187Z
uwa-accounting-019,Vincent Chong,uwa-pub-8f4b90fe6727b9c7,official personal Pure publications feed,profile_feed_membership,high,false,,W2044216179,exact_normalized_title_year,medium,1,false,,187,7.4411,0.97235704,2026-08-29T03:05:00.187Z
uwa-accounting-019,Vincent Chong,uwa-pub-b7a4bab455aee48c,official personal Pure publications feed,profile_feed_membership,high,false,,W4295180209,exact_doi,high,1,false,,12,3.8924,0.94285888,2026-08-29T03:05:00.187Z
uwa-accounting-019,Vincent Chong,uwa-pub-5ccc5618a66e04f4,official personal Pure publications feed,profile_feed_membership,high,false,,W4285090060,exact_doi,high,1,false,,5,0.6845,0.77017318,2026-08-29T03:05:00.187Z
uwa-accounting-019,Vincent Chong,uwa-pub-45a8306dacc629cf,official personal Pure publications feed,profile_feed_membership,high,false,,W3172619222,exact_doi,high,1,false,,4,0.2161,0.60858336,2026-08-29T03:05:00.187Z
uwa-accounting-019,Vincent Chong,uwa-pub-f7d75bc1f98fe436,official personal Pure publications feed,profile_feed_membership,high,false,,W2886873882,exact_doi,high,1,false,,9,0.2963,0.64297225,2026-08-29T03:05:00.187Z
uwa-accounting-019,Vincent Chong,uwa-pub-913df192211977d6,official personal Pure publications feed,profile_feed_membership,high,false,,W2795868763,exact_doi,high,1,false,,17,1.0307,0.80272979,2026-08-29T03:05:00.187Z
uwa-accounting-019,Vincent Chong,uwa-pub-4b7332de5f7e6ffd,official personal Pure publications feed,profile_feed_membership,high,false,,W2508370095,exact_doi,high,1,false,,225,19.9029,0.99310162,2026-08-29T03:05:00.187Z
uwa-accounting-019,Vincent Chong,uwa-pub-f532a8de364d290c,official personal Pure publications feed,profile_feed_membership,high,false,,W2587319449,exact_doi,high,1,false,,51,10.5225,0.97824109,2026-08-29T03:05:00.187Z
uwa-accounting-019,Vincent Chong,uwa-pub-d52edacb54463f75,official personal Pure publications feed,profile_feed_membership,high,false,,W2527954398,exact_doi,high,1,false,,29,3.5375,0.92950646,2026-08-29T03:05:00.187Z
uwa-accounting-019,Vincent Chong,uwa-pub-da62d6bd21fd4ad2,official personal Pure publications feed,profile_feed_membership,high,false,,W2271329051,exact_normalized_title_year,medium,1,false,,16,0,0.25257484,2026-08-29T03:05:00.187Z
uwa-accounting-019,Vincent Chong,uwa-pub-b0d9c10d3821a051,official personal Pure publications feed,profile_feed_membership,high,false,,W2064731519,exact_doi,high,1,false,,125,3.4752,0.92960682,2026-08-29T03:05:00.187Z
uwa-accounting-019,Vincent Chong,uwa-pub-08fd0c280750b9ed,official personal Pure publications feed,profile_feed_membership,high,false,,W2625086103,exact_normalized_title_year,medium,1,false,,0,0,0.57023411,2026-08-29T03:05:00.187Z
uwa-accounting-019,Vincent Chong,uwa-pub-0d28a640cfdef683,official personal Pure publications feed,profile_feed_membership,high,false,,,unmatched,none,0,true,No OpenAlex work match,,,,2026-08-29T03:05:00.187Z
uwa-accounting-019,Vincent Chong,uwa-pub-313014a9e760f813,official personal Pure publications feed,profile_feed_membership,high,false,,W2494168216,exact_doi,high,1,false,,20,7.4229,0.9732398,2026-08-29T03:05:00.187Z
uwa-accounting-019,Vincent Chong,uwa-pub-3ae4a58cd55d099e,official personal Pure publications feed,profile_feed_membership,high,false,,W2489244028,exact_doi,high,1,false,,2,0,0.33692722,2026-08-29T03:05:00.187Z
uwa-accounting-019,Vincent Chong,uwa-pub-86be5bc3f8137902,official personal Pure publications feed,profile_feed_membership,high,false,,W2299715823,exact_normalized_title_year,medium,1,false,,0,0,0.31117851,2026-08-29T03:05:00.187Z
uwa-accounting-019,Vincent Chong,uwa-pub-96c06aa92c3b3a76,official personal Pure publications feed,profile_feed_membership,high,false,,W2257074804,exact_doi,high,1,false,,1,0,0.15901137,2026-08-29T03:05:00.187Z
uwa-accounting-019,Vincent Chong,uwa-pub-ad6508ed5f14f0f6,official personal Pure publications feed,profile_feed_membership,high,false,,W2006190831,exact_doi,high,1,false,,2,0,0.21566031,2026-08-29T03:05:00.187Z
uwa-accounting-019,Vincent Chong,uwa-pub-ea23870c3286b6f6,official personal Pure publications feed,profile_feed_membership,high,false,,W2210882982,exact_normalized_title_year,medium,1,false,,37,6.0486,0.96272582,2026-08-29T03:05:00.187Z
uwa-accounting-019,Vincent Chong,uwa-pub-03ea3ca9a7bbf17b,official personal Pure publications feed,profile_feed_membership,high,false,,W2189380051,exact_normalized_title_year,medium,1,false,,7,0.7871,0.7910806,2026-08-29T03:05:00.187Z
uwa-accounting-019,Vincent Chong,uwa-pub-a9e45f1dc1002ba8,official personal Pure publications feed,profile_feed_membership,high,false,,W2063838750,exact_doi,high,1,false,,18,4.6958,0.94695642,2026-08-29T03:05:00.187Z
uwa-accounting-019,Vincent Chong,uwa-pub-444ee6fde56d335c,official personal Pure publications feed,profile_feed_membership,high,false,,W1654743584,exact_normalized_title_year,medium,1,false,,0,0,0.10491319,2026-08-29T03:05:00.187Z
uwa-accounting-019,Vincent Chong,uwa-pub-254f3b487b93b601,official personal Pure publications feed,profile_feed_membership,high,false,,W1976293289,exact_doi,high,1,false,,74,7.3038,0.96513642,2026-08-29T03:05:00.187Z
uwa-accounting-019,Vincent Chong,uwa-pub-e364de1c1b17673d,official personal Pure publications feed,profile_feed_membership,high,false,,W2609692824,exact_normalized_title_year,medium,1,false,,0,0,0.48474048,2026-08-29T03:05:00.187Z
uwa-accounting-019,Vincent Chong,uwa-pub-92e04b2b8eededed,official personal Pure publications feed,profile_feed_membership,high,false,,W2019858665,exact_doi,high,1,false,,107,3.3594,0.91363876,2026-08-29T03:05:00.187Z
uwa-accounting-019,Vincent Chong,uwa-pub-8c8590cad193cdd3,official personal Pure publications feed,profile_feed_membership,high,false,,W2075860057,exact_normalized_title_year,medium,1,false,,3,0,0.20276878,2026-08-29T03:05:00.187Z
uwa-accounting-019,Vincent Chong,uwa-pub-ba2c7d207fc48c79,official personal Pure publications feed,profile_feed_membership,high,false,,W2006654612,exact_doi,high,1,false,,72,0.9125,0.78834222,2026-08-29T03:05:00.187Z
uwa-accounting-019,Vincent Chong,uwa-pub-d906b033e4590550,official personal Pure publications feed,profile_feed_membership,high,false,,W2492053500,exact_normalized_title_year,medium,1,false,,17,0.6169,0.81757656,2026-08-29T03:05:00.187Z
uwa-accounting-019,Vincent Chong,uwa-pub-d247a60efb741d62,official personal Pure publications feed,profile_feed_membership,high,false,,W2021682518,exact_normalized_title_year,medium,1,false,,21,0,0.19341082,2026-08-29T03:05:00.187Z
uwa-accounting-019,Vincent Chong,uwa-pub-54edad7498114fac,official personal Pure publications feed,profile_feed_membership,high,false,,W2119165755,exact_doi,high,1,false,,195,6.6839,0.96370889,2026-08-29T03:05:00.187Z
uwa-accounting-019,Vincent Chong,uwa-pub-3a032a9462ae8f29,official personal Pure publications feed,profile_feed_membership,high,false,,W2081833133,exact_doi,high,1,false,,24,0,0.22051035,2026-08-29T03:05:00.187Z
uwa-accounting-019,Vincent Chong,uwa-pub-2e14f6c63f975f8d,official personal Pure publications feed,profile_feed_membership,high,false,,W2008293567,exact_normalized_title_year,medium,1,false,,27,0.6133,0.78662957,2026-08-29T03:05:00.187Z
uwa-accounting-019,Vincent Chong,uwa-pub-3c039ec98cffda98,official personal Pure publications feed,profile_feed_membership,high,false,,W2051288510,exact_doi,high,1,false,,68,0.4242,0.71603187,2026-08-29T03:05:00.187Z
uwa-accounting-019,Vincent Chong,uwa-pub-a7bb8cc1782ca2d3,official personal Pure publications feed,profile_feed_membership,high,false,,W778118112,exact_normalized_title_year,medium,1,false,,0,0,0.12083333,2026-08-29T03:05:00.187Z
uwa-accounting-019,Vincent Chong,uwa-pub-4938059b5cf0aea4,official personal Pure publications feed,profile_feed_membership,high,false,,W2206368120,exact_normalized_title_year,medium,1,false,,0,0,0.29149798,2026-08-29T03:05:00.187Z
uwa-accounting-019,Vincent Chong,uwa-pub-e07b1ca6dfdb958d,official personal Pure publications feed,profile_feed_membership,high,false,,W2209143189,exact_normalized_title_year,medium,1,false,,0,0,0.23560209,2026-08-29T03:05:00.187Z
uwa-accounting-019,Vincent Chong,uwa-pub-216496cf81d5f316,official personal Pure publications feed,profile_feed_membership,high,false,,W1544790617,exact_normalized_title_year,medium,1,false,,0,0,0.11347765,2026-08-29T03:05:00.187Z
uwa-accounting-019,Vincent Chong,uwa-pub-3399b21a3d3e40c1,official personal Pure publications feed,profile_feed_membership,high,false,,W909266410,exact_normalized_title_year,medium,1,false,,0,0,0.08831537,2026-08-29T03:05:00.187Z
uwa-accounting-019,Vincent Chong,uwa-pub-e26703bc70e43113,official personal Pure publications feed,profile_feed_membership,high,false,,W2612895839,exact_normalized_title_year,medium,1,false,,0,0,0.53432836,2026-08-29T03:05:00.187Z
uwa-accounting-019,Vincent Chong,uwa-pub-a80d8f83b01fa28c,official personal Pure publications feed,profile_feed_membership,high,false,,W1996114208,exact_normalized_title_year,medium,1,false,,22,0.4985,0.69078889,2026-08-29T03:05:00.187Z
uwa-accounting-019,Vincent Chong,uwa-pub-498474232b82c697,official personal Pure publications feed,profile_feed_membership,high,false,,W2076273553,exact_normalized_title_year,medium,1,false,,7,0,0.21817207,2026-08-29T03:05:00.187Z
uwa-accounting-019,Vincent Chong,uwa-pub-c427aeddb65e7603,official personal Pure publications feed,profile_feed_membership,high,false,,W2093568846,exact_normalized_title_year,medium,1,false,,263,7.3361,0.96881851,2026-08-29T03:05:00.187Z
uwa-accounting-019,Vincent Chong,uwa-pub-45df41ae19195b4f,official personal Pure publications feed,profile_feed_membership,high,false,,W2020168604,exact_doi,high,1,false,,61,1.3439,0.82189827,2026-08-29T03:05:00.187Z
uwa-accounting-020,Warrick Van Zyl,uwa-pub-7ead4896fe11f358,official personal Pure publications feed,profile_feed_membership,high,false,,W4212770816,exact_doi,high,1,false,,1,0.1711,0.54387193,2026-08-29T03:05:00.187Z
uwa-accounting-020,Warrick Van Zyl,uwa-pub-25d08019dd5f4934,official personal Pure publications feed,profile_feed_membership,high,false,,W3197488295,exact_normalized_title_year,medium,1,false,,3,0.5647,0.75852406,2026-08-29T03:05:00.187Z
uwa-accounting-020,Warrick Van Zyl,uwa-pub-8328f54908bf03fa,official personal Pure publications feed,profile_feed_membership,high,false,,W3041106462,exact_doi,high,1,false,,7,1.2409,0.82019285,2026-08-29T03:05:00.187Z
uwa-accounting-020,Warrick Van Zyl,uwa-pub-ed3bcd7880861d4f,official personal Pure publications feed,profile_feed_membership,high,false,,W3006055772,exact_normalized_title_year,medium,1,false,,0,,,2026-08-29T03:05:00.187Z
uwa-accounting-020,Warrick Van Zyl,uwa-pub-842d39f76525e5e1,official personal Pure publications feed,profile_feed_membership,high,false,,W2887675866,exact_doi,high,1,false,,18,2.8557,0.91039648,2026-08-29T03:05:00.187Z
uwa-accounting-020,Warrick Van Zyl,uwa-pub-7293e66cc644cf07,official personal Pure publications feed,profile_feed_membership,high,false,,W2279168473,exact_doi,high,1,false,,1,0,0.33914265,2026-08-29T03:05:00.187Z
