researcher_id,researcher_name,openalex_author_id,openalex_work_id,title,publication_year,publication_date,doi,article_url,journal_name,issn,eissn,all_issns,authors,author_count,publication_type,cited_by_count,fwci,citation_percentile,is_retracted,is_open_access,open_access_status,open_access_url,topics,updated_date,source_updated_date,record_origin,identity_match_method,identity_match_confidence,repository_verified,requires_review,review_reason,openalex_retrieved_at
unimelb-accounting-001,Professor Margaret Abernethy,A5019062394,W2057942117,The role of budgets in organizations facing strategic change: an exploratory study,1999,1999-04-01,10.1016/s0361-3682(98)00059-2,https://doi.org/10.1016/s0361-3682(98)00059-2,Accounting Organizations and Society,0361-3682,1873-6289,0361-3682; 1873-6289,[object Object]; [object Object],2,article,719,4.0761,0.94378749,false,false,closed,,"Accounting and Organizational Management; Public Policy and Administration Research; Auditing, Earnings Management, Governance",2026-08-27T14:10:00.468798,2026-08-27T14:10:00.468798,openalex_orcid_only,official_orcid_to_openalex_author,high,false,false,,2026-08-29T03:05:16.957Z
unimelb-accounting-001,Professor Margaret Abernethy,A5019062394,W1976673863,A Field Study of Control System “Redesign”: The Impact of Institutional Processes on Strategic Choice*,1996,1996-09-01,10.1111/j.1911-3846.1996.tb00515.x,https://doi.org/10.1111/j.1911-3846.1996.tb00515.x,Contemporary Accounting Research,0823-9150,1911-3846,0823-9150; 1911-3846,[object Object]; [object Object],2,article,529,2.2237,0.86601654,false,false,closed,,"Accounting and Organizational Management; Public Policy and Administration Research; Auditing, Earnings Management, Governance",2026-08-25T07:29:55.448023,2026-08-25T07:29:55.448023,openalex_orcid_only,official_orcid_to_openalex_author,high,false,false,,2026-08-29T03:05:16.957Z
unimelb-accounting-001,Professor Margaret Abernethy,A5019062394,W1963729065,"Management control systems in research and development organizations: The role of accounting, behavior and personnel controls",1997,1997-04-01,10.1016/s0361-3682(96)00038-4,https://doi.org/10.1016/s0361-3682(96)00038-4,Accounting Organizations and Society,0361-3682,1873-6289,0361-3682; 1873-6289,[object Object]; [object Object],2,article,454,5.1113,0.95010976,false,false,closed,,Accounting and Organizational Management; Accounting Education and Careers; ERP Systems Implementation and Impact,2026-08-25T07:29:55.448023,2026-08-25T07:29:55.448023,openalex_orcid_only,official_orcid_to_openalex_author,high,false,false,,2026-08-29T03:05:16.957Z
unimelb-accounting-001,Professor Margaret Abernethy,A5019062394,W1990027200,The impact of manufacturing flexibility on management control system design,1995,1995-05-01,10.1016/0361-3682(94)e0014-l,https://doi.org/10.1016/0361-3682(94)e0014-l,Accounting Organizations and Society,0361-3682,1873-6289,0361-3682; 1873-6289,[object Object]; [object Object],2,article,452,2.5337,0.89359319,false,false,closed,,Accounting and Organizational Management; Quality and Supply Management; Customer Service Quality and Loyalty,2026-08-25T07:29:55.448023,2026-08-25T07:29:55.448023,openalex_orcid_only,official_orcid_to_openalex_author,high,false,false,,2026-08-29T03:05:16.957Z
unimelb-accounting-001,Professor Margaret Abernethy,A5019062394,W2144677477,The consequences of customization on management accounting system design,2000,2000-04-01,10.1016/s0361-3682(99)00043-4,https://doi.org/10.1016/s0361-3682(99)00043-4,Accounting Organizations and Society,0361-3682,1873-6289,0361-3682; 1873-6289,[object Object]; [object Object],2,article,401,6.7206,0.97027313,false,false,closed,,Accounting and Organizational Management; Business Strategy and Innovation; Management Theory and Practice,2026-08-21T09:56:20.448147,2026-08-21T09:56:20.448147,openalex_orcid_only,official_orcid_to_openalex_author,high,false,false,,2026-08-29T03:05:16.957Z
unimelb-accounting-001,Professor Margaret Abernethy,A5019062394,W3124087878,Determinants of control system design in divisionalized firms,2004,2004-01-01,10.2308/accr.2004.79.3.545,https://doi.org/10.2308/accr.2004.79.3.545,Minerva Access (University of Melbourne),,,,[object Object]; [object Object]; [object Object],3,article,335,12.2813,0.98705661,false,false,closed,,"Accounting and Organizational Management; Auditing, Earnings Management, Governance; Corporate Finance and Governance",2026-08-19T15:00:24.278416,2026-08-19T15:00:24.278416,openalex_orcid_only,official_orcid_to_openalex_author,high,false,false,,2026-08-29T03:05:16.957Z
unimelb-accounting-001,Professor Margaret Abernethy,A5019062394,W1964675124,The role of professional control in the management of complex organizations,1995,1995-01-01,10.1016/0361-3682(94)e0017-o,https://doi.org/10.1016/0361-3682(94)e0017-o,Accounting Organizations and Society,0361-3682,1873-6289,0361-3682; 1873-6289,[object Object]; [object Object],2,article,332,5.7103,0.96513187,false,false,closed,,Accounting and Organizational Management; Public Policy and Administration Research; Management and Organizational Studies,2026-08-26T07:47:46.906454,2026-08-26T07:47:46.906454,openalex_orcid_only,official_orcid_to_openalex_author,high,false,false,,2026-08-29T03:05:16.957Z
unimelb-accounting-001,Professor Margaret Abernethy,A5019062394,W2008061591,The Influence of CEO Power on Compensation Contract Design,2014,2014-10-01,10.2308/accr-50971,https://doi.org/10.2308/accr-50971,The Accounting Review,0001-4826,1558-7967,0001-4826; 1558-7967,[object Object]; [object Object]; [object Object],3,article,241,21.6139,0.99230751,false,false,closed,,"Corporate Finance and Governance; Financial Reporting and Valuation Research; Auditing, Earnings Management, Governance",2026-08-26T07:47:46.906454,2026-08-26T07:47:46.906454,openalex_orcid_only,official_orcid_to_openalex_author,high,false,false,,2026-08-29T03:05:16.957Z
unimelb-accounting-001,Professor Margaret Abernethy,A5019062394,W2012603394,"Budget use, task uncertainty, system goal orientation and subunit performance: A test of the ‘fit’ hypothesis in not-for-profit hospitals",1991,1991-01-01,10.1016/0361-3682(91)90008-3,https://doi.org/10.1016/0361-3682(91)90008-3,Accounting Organizations and Society,0361-3682,1873-6289,0361-3682; 1873-6289,[object Object]; [object Object],2,article,203,1.2205,0.7928615,false,false,closed,,Accounting and Organizational Management; Public Policy and Administration Research; Customer Service Quality and Loyalty,2026-08-21T09:56:20.448147,2026-08-21T09:56:20.448147,openalex_orcid_only,official_orcid_to_openalex_author,high,false,false,,2026-08-29T03:05:16.957Z
unimelb-accounting-001,Professor Margaret Abernethy,A5019062394,W1825842601,Are Employee Selection and Incentive Contracts Complements or Substitutes?,2015,2015-06-19,10.1111/1475-679x.12090,https://doi.org/10.1111/1475-679x.12090,Journal of Accounting Research,0021-8456,1475-679X,0021-8456; 1475-679X,[object Object]; [object Object]; [object Object],3,article,119,24.6533,0.99351382,false,false,closed,,Corporate Finance and Governance; Experimental Behavioral Economics Studies; Innovation and Knowledge Management,2026-08-28T12:50:07.497085,2026-08-28T12:50:07.497085,openalex_orcid_only,official_orcid_to_openalex_author,high,false,false,,2026-08-29T03:05:16.957Z
unimelb-accounting-001,Professor Margaret Abernethy,A5019062394,W2008314976,AN EMPIRICAL ASSESSMENT OF THE “FIT”BETWEEN STRATEGY AND MANAGEMENT INFORMATION SYSTEM DESIGN,1994,1994-11-01,10.1111/j.1467-629x.1994.tb00269.x,https://doi.org/10.1111/j.1467-629x.1994.tb00269.x,Accounting and Finance,0810-5391,1467-629X,0810-5391; 1467-629X,[object Object]; [object Object],2,article,225,1.1799,0.79506511,false,false,closed,,Accounting and Organizational Management; Business Strategy and Innovation; Information Technology Governance and Strategy,2026-08-21T09:56:20.448147,2026-08-21T09:56:20.448147,openalex_orcid_only,official_orcid_to_openalex_author,high,false,false,,2026-08-29T03:05:16.957Z
unimelb-accounting-001,Professor Margaret Abernethy,A5019062394,W1995602710,Interdependencies in Organization Design: A Test in Hospitals,2001,2001-01-01,10.2308/jmar.2001.13.1.107,https://doi.org/10.2308/jmar.2001.13.1.107,Journal of Management Accounting Research,1049-2127,1558-8033,1049-2127; 1558-8033,[object Object]; [object Object],2,article,163,4.1065,0.93235884,false,false,closed,,Accounting and Organizational Management; Customer Service Quality and Loyalty; Quality and Supply Management,2026-08-25T07:29:55.448023,2026-08-25T07:29:55.448023,openalex_orcid_only,official_orcid_to_openalex_author,high,false,false,,2026-08-29T03:05:16.957Z
unimelb-accounting-001,Professor Margaret Abernethy,A5019062394,W3124733635,The Role of Performance Measures in the Intertemporal Decisions of Business Unit Managers,2012,2012-05-20,10.1111/j.1911-3846.2012.01178.x,https://doi.org/10.1111/j.1911-3846.2012.01178.x,Contemporary Accounting Research,0823-9150,1911-3846,0823-9150; 1911-3846,[object Object]; [object Object]; [object Object],3,article,96,9.4757,0.97750183,false,false,closed,,"Auditing, Earnings Management, Governance; Accounting and Organizational Management; Financial Reporting and Valuation Research",2026-08-21T09:56:20.448147,2026-08-21T09:56:20.448147,openalex_orcid_only,official_orcid_to_openalex_author,high,false,false,,2026-08-29T03:05:16.957Z
unimelb-accounting-001,Professor Margaret Abernethy,A5019062394,W2072402819,Product diversity and costing system design choice: field study evidence,2001,2001-09-01,10.1006/mare.2001.0168,https://doi.org/10.1006/mare.2001.0168,Management Accounting Research,1044-5005,1096-1224,1044-5005; 1096-1224,[object Object]; [object Object]; [object Object]; [object Object],4,article,93,2.5878,0.8953125,false,false,closed,,"Accounting and Organizational Management; Management, Economics, and Public Policy",2026-08-21T09:56:20.448147,2026-08-21T09:56:20.448147,openalex_orcid_only,official_orcid_to_openalex_author,high,false,false,,2026-08-29T03:05:16.957Z
unimelb-accounting-001,Professor Margaret Abernethy,A5019062394,W2081249965,Research in managerial accounting: Learning from others' experiences,1999,1999-03-01,10.1111/1467-629x.00015,https://doi.org/10.1111/1467-629x.00015,Accounting and Finance,0810-5391,1467-629X,0810-5391; 1467-629X,[object Object]; [object Object]; [object Object]; [object Object],4,article,87,0.5003,0.70106886,false,false,closed,,"Accounting and Organizational Management; Auditing, Earnings Management, Governance; Accounting Education and Careers",2026-08-21T09:56:20.448147,2026-08-21T09:56:20.448147,openalex_orcid_only,official_orcid_to_openalex_author,high,false,false,,2026-08-29T03:05:16.957Z
unimelb-accounting-001,Professor Margaret Abernethy,A5019062394,W2153221485,Determinants of Control System Design in Divisionalized Firms,2004,2004-07-01,10.2308/accr.2004.79.3.545,https://doi.org/10.2308/accr.2004.79.3.545,The Accounting Review,0001-4826,1558-7967,0001-4826; 1558-7967,[object Object]; [object Object]; [object Object],3,article,85,5.7041,0.95615248,false,true,green,https://papers.ssrn.com/sol3/Delivery.cfm/SSRN_ID1980711_code329350.pdf?abstractid=502422,"Accounting and Organizational Management; Auditing, Earnings Management, Governance; Corporate Finance and Governance",2026-08-18T07:49:30.821534,2026-08-18T07:49:30.821534,openalex_orcid_only,official_orcid_to_openalex_author,high,false,false,,2026-08-29T03:05:16.957Z
unimelb-accounting-001,Professor Margaret Abernethy,A5019062394,W2078311698,Organisational design choices in response to public sector reforms: A case study of mandated hospital networks,2011,2011-07-24,10.1016/j.mar.2011.06.001,https://doi.org/10.1016/j.mar.2011.06.001,Management Accounting Research,1044-5005,1096-1224,1044-5005; 1096-1224,[object Object]; [object Object]; [object Object],3,article,84,7.7225,0.97371692,false,false,closed,,Public Policy and Administration Research; Management and Organizational Studies; Accounting and Organizational Management,2026-08-21T09:56:20.448147,2026-08-21T09:56:20.448147,openalex_orcid_only,official_orcid_to_openalex_author,high,false,false,,2026-08-29T03:05:16.957Z
unimelb-accounting-001,Professor Margaret Abernethy,A5019062394,W2606778469,Organization identity and earnings manipulation,2017,2017-04-01,10.1016/j.aos.2017.04.002,https://doi.org/10.1016/j.aos.2017.04.002,Accounting Organizations and Society,0361-3682,1873-6289,0361-3682; 1873-6289,[object Object]; [object Object]; [object Object],3,article,73,12.6613,0.98464719,false,false,closed,,"Auditing, Earnings Management, Governance; Corporate Finance and Governance; Experimental Behavioral Economics Studies",2026-08-21T09:56:20.448147,2026-08-21T09:56:20.448147,openalex_orcid_only,official_orcid_to_openalex_author,high,false,false,,2026-08-29T03:05:16.957Z
unimelb-accounting-001,Professor Margaret Abernethy,A5019062394,W2784379155,Critique on the “Manager Effects” Research and Implications for Management Accounting Research,2018,2018-01-01,10.2308/jmar-52030,https://doi.org/10.2308/jmar-52030,Journal of Management Accounting Research,1049-2127,1558-8033,1049-2127; 1558-8033,[object Object]; [object Object],2,article,51,7.4607,0.9662545,false,false,closed,,"Auditing, Earnings Management, Governance; Corporate Finance and Governance; Accounting and Organizational Management",2026-08-26T07:47:46.906454,2026-08-26T07:47:46.906454,openalex_orcid_only,official_orcid_to_openalex_author,high,false,false,,2026-08-29T03:05:16.957Z
unimelb-accounting-001,Professor Margaret Abernethy,A5019062394,W1990524301,The Relationship between Organisation Structure and Management Control in Hospitals: An Elaboration and Test of Mintzberg’s Professional Bureaucracy Model,1990,1990-12-01,10.1108/09513579010142616,https://doi.org/10.1108/09513579010142616,Accounting Auditing & Accountability Journal,0951-3574,1368-0668,0951-3574; 1368-0668; 1758-4205; 2051-3151,[object Object]; [object Object],2,article,49,0,0.12007685,false,false,closed,,Healthcare Quality and Management; Interprofessional Education and Collaboration; Accounting and Organizational Management,2026-08-25T07:29:55.448023,2026-08-25T07:29:55.448023,openalex_orcid_only,official_orcid_to_openalex_author,high,false,false,,2026-08-29T03:05:16.957Z
unimelb-accounting-001,Professor Margaret Abernethy,A5019062394,W2960364728,Can organizational identification mitigate the CEO horizon problem?,2019,2019-07-12,10.1016/j.aos.2019.07.002,https://doi.org/10.1016/j.aos.2019.07.002,Accounting Organizations and Society,0361-3682,1873-6289,0361-3682; 1873-6289,[object Object]; [object Object]; [object Object],3,article,47,7.9163,0.97132367,false,false,closed,,"Corporate Finance and Governance; Auditing, Earnings Management, Governance; Corporate Social Responsibility Reporting",2026-08-28T12:50:07.497085,2026-08-28T12:50:07.497085,openalex_orcid_only,official_orcid_to_openalex_author,high,false,false,,2026-08-29T03:05:16.957Z
unimelb-accounting-001,Professor Margaret Abernethy,A5019062394,W2170795223,Controls as Exit Barriers in Multiperiod Outsourcing Arrangements,2011,2011-05-01,10.2308/accr-10100,https://doi.org/10.2308/accr-10100,The Accounting Review,0001-4826,1558-7967,0001-4826; 1558-7967,[object Object]; [object Object]; [object Object],3,article,31,2.3661,0.89076035,false,false,closed,,Outsourcing and Supply Chain Management; Business Strategy and Innovation; Customer Service Quality and Loyalty,2026-08-13T07:04:57.449891,2026-08-13T07:04:57.449891,openalex_orcid_only,official_orcid_to_openalex_author,high,false,false,,2026-08-29T03:05:16.957Z
unimelb-accounting-001,Professor Margaret Abernethy,A5019062394,W4397014659,Managers' career preferences and corporate culture,2024,2024-05-16,10.1111/1911-3846.12948,https://doi.org/10.1111/1911-3846.12948,Contemporary Accounting Research,0823-9150,1911-3846,0823-9150; 1911-3846,[object Object]; [object Object]; [object Object],3,article,11,5.5043,0.95486915,false,true,bronze,https://onlinelibrary.wiley.com/doi/pdfdirect/10.1111/1911-3846.12948,Job Satisfaction and Organizational Behavior; Corporate Finance and Governance; Corporate Social Responsibility Reporting,2026-08-28T12:50:07.497085,2026-08-28T12:50:07.497085,openalex_orcid_only,official_orcid_to_openalex_author,high,false,false,,2026-08-29T03:05:16.957Z
unimelb-accounting-001,Professor Margaret Abernethy,A5019062394,W4308451974,Firm culture and internal control system,2022,2022-11-06,10.1111/acfi.13020,https://doi.org/10.1111/acfi.13020,Accounting and Finance,0810-5391,1467-629X,0810-5391; 1467-629X,[object Object]; [object Object]; [object Object]; [object Object],4,article,10,1.3839,0.83465618,false,true,hybrid,https://doi.org/10.1111/acfi.13020,"Auditing, Earnings Management, Governance; Accounting and Organizational Management; Corporate Finance and Governance",2026-08-28T12:50:07.497085,2026-08-28T12:50:07.497085,openalex_orcid_only,official_orcid_to_openalex_author,high,false,false,,2026-08-29T03:05:16.957Z
unimelb-accounting-001,Professor Margaret Abernethy,A5019062394,W2008892300,PHYSICIANS AND RESOURCE MANAGEMENT: THE ROLE OF ACCOUNTING AND NON-ACCOUNTING CONTROLS,1996,1996-05-01,10.1111/j.1468-0408.1996.tb00419.x,https://doi.org/10.1111/j.1468-0408.1996.tb00419.x,Financial Accountability and Management,0267-4424,1468-0408,0267-4424; 1468-0408,[object Object],1,article,54,0.7441,0.71259759,false,false,closed,,Accounting and Organizational Management; Healthcare Quality and Management; Patient Satisfaction in Healthcare,2026-08-21T09:56:20.448147,2026-08-21T09:56:20.448147,openalex_orcid_only,official_orcid_to_openalex_author,high,false,false,,2026-08-29T03:05:16.957Z
unimelb-accounting-001,Professor Margaret Abernethy,A5019062394,W2151063107,PHYSICIANS AND RESOURCE MANAGEMENT IN HOSPITALS: AN EMPIRICAL INVESTIGATION,1990,1990-03-01,10.1111/j.1468-0408.1990.tb00325.x,https://doi.org/10.1111/j.1468-0408.1990.tb00325.x,Financial Accountability and Management,0267-4424,1468-0408,0267-4424; 1468-0408,[object Object]; [object Object],2,article,39,1.3983,0.816729,false,false,closed,,Accounting and Organizational Management; Customer Service Quality and Loyalty; Psychology of Social Influence,2026-08-21T09:56:20.448147,2026-08-21T09:56:20.448147,openalex_orcid_only,official_orcid_to_openalex_author,high,false,false,,2026-08-29T03:05:16.957Z
unimelb-accounting-001,Professor Margaret Abernethy,A5019062394,W4205162258,PHYSICIANS AND RESOURCE MANAGEMENT: THE ROLE OF ACCOUNTING AND NON-ACCOUNTING CONTROLS,1996,1996-05-01,10.1111/j.1468-0408.1996.tb00184.x,https://doi.org/10.1111/j.1468-0408.1996.tb00184.x,Financial Accountability and Management,0267-4424,1468-0408,0267-4424; 1468-0408,[object Object],1,article,34,0,0.51918592,false,false,closed,,"Accounting and Organizational Management; Intellectual Capital and Performance Analysis; Auditing, Earnings Management, Governance",2026-08-25T07:29:55.448023,2026-08-25T07:29:55.448023,openalex_orcid_only,official_orcid_to_openalex_author,high,false,false,,2026-08-29T03:05:16.957Z
unimelb-accounting-001,Professor Margaret Abernethy,A5019062394,W3121604065,Accounting for Intangible Investments,2008,2008-06-01,10.1111/j.1835-2561.2008.0012.x,https://doi.org/10.1111/j.1835-2561.2008.0012.x,Australian Accounting Review,1035-6908,1835-2561,1035-6908; 1835-2561,[object Object]; [object Object],2,article,28,2.9529,0.93666733,false,false,closed,,"Auditing, Earnings Management, Governance; Financial Reporting and Valuation Research; Corporate Finance and Governance",2026-08-21T09:56:20.448147,2026-08-21T09:56:20.448147,openalex_orcid_only,official_orcid_to_openalex_author,high,false,false,,2026-08-29T03:05:16.957Z
unimelb-accounting-001,Professor Margaret Abernethy,A5019062394,W2140140665,Determinants of accounting innovation implementation,2005,2005-09-30,10.1111/j.1467-6281.2005.00180.x,https://doi.org/10.1111/j.1467-6281.2005.00180.x,Abacus,0001-3072,1467-6281,0001-3072; 1467-6281,[object Object]; [object Object],2,article,24,1.3688,0.84392205,false,true,green,https://papers.ssrn.com/sol3/Delivery.cfm/abac_180.pdf?abstractid=814152&mirid=1&type=2,Accounting and Organizational Management,2026-08-21T09:56:20.448147,2026-08-21T09:56:20.448147,openalex_orcid_only,official_orcid_to_openalex_author,high,false,false,,2026-08-29T03:05:16.957Z
unimelb-accounting-001,Professor Margaret Abernethy,A5019062394,W4225153986,Can Technology-Enabled Advanced Monitoring Systems Influence Individual Performance and Team Dynamics?,2022,2022-04-29,10.1080/09638180.2022.2060845,https://doi.org/10.1080/09638180.2022.2060845,European Accounting Review,0963-8180,1468-4497,0963-8180; 1468-4497,[object Object]; [object Object]; [object Object]; [object Object],4,article,6,1.2865,0.85526734,false,false,closed,,Sports Analytics and Performance; Experimental Behavioral Economics Studies; Educational Games and Gamification,2026-08-15T07:11:24.734988,2026-08-15T07:11:24.734988,openalex_orcid_only,official_orcid_to_openalex_author,high,false,false,,2026-08-29T03:05:16.957Z
unimelb-accounting-001,Professor Margaret Abernethy,A5019062394,W2288758510,Uncertainty as a Determinant of Performance Measurement and Compensation Systems: A Review of the Literature,2014,2014-01-01,10.1057/9781137392121_8,https://doi.org/10.1057/9781137392121_8,Palgrave Macmillan UK eBooks,,,,[object Object]; [object Object],2,book-chapter,12,1.9993,0.90890688,false,false,closed,,"Accounting and Organizational Management; Auditing, Earnings Management, Governance; Efficiency Analysis Using DEA",2026-07-31T08:31:51.225901,2026-07-31T08:31:51.225901,openalex_orcid_only,official_orcid_to_openalex_author,high,false,false,,2026-08-29T03:05:16.957Z
unimelb-accounting-001,Professor Margaret Abernethy,A5019062394,W2186280623,"Ethics, Performance Measure Choice, and Accounting Manipulation",2010,2010-01-01,,http://citeseerx.ist.psu.edu/viewdoc/summary?doi=10.1.1.232.3052,,,,,[object Object]; [object Object]; [object Object]; [object Object]; [object Object]; [object Object]; [object Object]; [object Object],8,article,7,2.6719,0.92237077,false,false,closed,,"Hermeneutics and Narrative Identity; Aging, Elder Care, and Social Issues; Health, Medicine and Society",2026-08-26T07:47:46.906454,2026-08-26T07:47:46.906454,openalex_orcid_only,official_orcid_to_openalex_author,high,false,false,,2026-08-29T03:05:16.957Z
unimelb-accounting-001,Professor Margaret Abernethy,A5019062394,W4296127752,Firm Strategy and CEO−VP Pay Differentials in Equity Compensation,2022,2022-09-14,10.1080/09638180.2022.2119153,https://doi.org/10.1080/09638180.2022.2119153,European Accounting Review,0963-8180,1468-4497,0963-8180; 1468-4497,[object Object]; [object Object]; [object Object]; [object Object]; [object Object],5,article,4,0.8261,0.75671702,false,false,closed,,"Corporate Finance and Governance; Auditing, Earnings Management, Governance; Experimental Behavioral Economics Studies",2026-08-15T07:11:24.734988,2026-08-15T07:11:24.734988,openalex_orcid_only,official_orcid_to_openalex_author,high,false,false,,2026-08-29T03:05:16.957Z
unimelb-accounting-001,Professor Margaret Abernethy,A5019062394,W4253315234,PHYSICIANS AND RESOURCE MANAGEMENT IN HOSPITALS: AN EMPIRICAL INVESTIGATION,1990,1990-03-01,10.1111/j.1468-0408.1990.tb00096.x,https://doi.org/10.1111/j.1468-0408.1990.tb00096.x,Financial Accountability and Management,0267-4424,1468-0408,0267-4424; 1468-0408,[object Object]; [object Object],2,article,33,7.637,0.97310279,false,false,closed,,Healthcare Quality and Management; Accounting and Organizational Management; Human Resource Development and Performance Evaluation,2026-08-25T07:29:55.448023,2026-08-25T07:29:55.448023,openalex_orcid_only,official_orcid_to_openalex_author,high,false,false,,2026-08-29T03:05:16.957Z
unimelb-accounting-001,Professor Margaret Abernethy,A5019062394,W1594915923,"BUDGET USE, TASK UNCERTAINTY, SYSTEM GOAL ORIENTATION AND SUBUNIT PERFORMANCE: A TEST OF THE...",1991,1991-01-01,,https://dialnet.unirioja.es/servlet/articulo?codigo=2646365,Dialnet (Universidad de la Rioja),,,,[object Object]; [object Object],2,article,14,0,0.08123301,false,false,closed,,Fiscal Policies and Political Economy; Fiscal Policy and Economic Growth; Taxation and Compliance Studies,2026-06-11T09:08:48.828518,2026-06-11T09:08:48.828518,openalex_orcid_only,official_orcid_to_openalex_author,high,false,false,,2026-08-29T03:05:16.957Z
unimelb-accounting-001,Professor Margaret Abernethy,A5019062394,W1994828703,Nurse managers and budgeting: Professional/bureaucratic conflict?,1988,1988-01-01,10.1002/hpm.4740030103,https://doi.org/10.1002/hpm.4740030103,The International Journal of Health Planning and Management,0749-6753,1099-1751,0749-6753; 1099-1751,[object Object]; [object Object],2,article,6,1.1341,0.8004065,false,false,closed,,Accounting and Organizational Management; Healthcare Quality and Management; Public Policy and Administration Research,2026-08-21T09:56:20.448147,2026-08-21T09:56:20.448147,openalex_orcid_only,official_orcid_to_openalex_author,high,false,false,,2026-08-29T03:05:16.957Z
unimelb-accounting-001,Professor Margaret Abernethy,A5019062394,W4385196968,A Fortunate Life: 2023 Lifetime Contribution to Management Accounting Award,2023,2023-07-01,10.2308/jmar-2023-034,https://doi.org/10.2308/jmar-2023-034,Journal of Management Accounting Research,1049-2127,1558-8033,1049-2127; 1558-8033,[object Object],1,article,1,0.4744,0.66901503,false,false,closed,,Accounting Education and Careers,2025-11-06T03:46:38.306776,2025-11-06T03:46:38.306776,openalex_orcid_only,official_orcid_to_openalex_author,high,false,false,,2026-08-29T03:05:16.957Z
unimelb-accounting-001,Professor Margaret Abernethy,A5019062394,W86149929,Models for costing patient care services. Part 1: Costing diagnostic laboratory services.,1987,1987-01-01,,https://pubmed.ncbi.nlm.nih.gov/10318028,PubMed,,,,[object Object]; [object Object]; [object Object],3,article,6,2.1995,0.82562278,false,false,closed,,Medical Coding and Health Information,2026-08-21T09:56:20.448147,2026-08-21T09:56:20.448147,openalex_orcid_only,official_orcid_to_openalex_author,high,false,false,,2026-08-29T03:05:16.957Z
unimelb-accounting-001,Professor Margaret Abernethy,A5019062394,W2138186952,Accounting for intangible assets: A conceptual framework for measurement and reporting on intangible assets,2003,2003-01-01,,http://ipria.org/publications/wp/2003/ipriawp12.2003.pdf,,,,,[object Object]; [object Object],2,article,5,1.7109,0.89518931,false,false,closed,,Intellectual Capital and Performance Analysis; Capital Investment and Risk Analysis; Financial Reporting and Valuation Research,2026-06-11T09:08:48.828518,2026-06-11T09:08:48.828518,openalex_orcid_only,official_orcid_to_openalex_author,high,false,false,,2026-08-29T03:05:16.957Z
unimelb-accounting-001,Professor Margaret Abernethy,A5019062394,W3122137950,Are Employee Selection and Incentive Contracts Complements or Substitutes,2015,2015-09-01,,https://openalex.org/W3122137950,,,,,[object Object]; [object Object]; [object Object],3,article,2,1.9041,0.90902462,false,false,closed,,Corporate Finance and Governance; Economic Policies and Impacts; Experimental Behavioral Economics Studies,2026-06-11T09:08:48.828518,2026-06-11T09:08:48.828518,openalex_orcid_only,official_orcid_to_openalex_author,high,false,false,,2026-08-29T03:05:16.957Z
unimelb-accounting-001,Professor Margaret Abernethy,A5019062394,W3213570181,Growth Mind-Set vs. Fixed Mind-Set Managers,2021,2021-01-01,,https://findanexpert.unimelb.edu.au/scholarlywork/1604247-growth-mind-set-vs.-fixed-mind-set-managers,Strategic finance,1524-833X,,1524-833X,[object Object]; [object Object]; [object Object]; [object Object],4,article,2,0.3585,0.6524932,false,false,closed,,Complex Systems and Decision Making; Emotional Intelligence and Performance,2026-06-11T09:08:48.828518,2026-06-11T09:08:48.828518,openalex_orcid_only,official_orcid_to_openalex_author,high,false,false,,2026-08-29T03:05:16.957Z
unimelb-accounting-001,Professor Margaret Abernethy,A5019062394,W202262911,"Study on the measurement and reporting of intangible assets and associated reporting practices: prepared for the Commission of the European Communities, Enterprise Directorate General",2003,2003-04-01,,https://openalex.org/W202262911,Queensland's institutional digital repository (The University of Queensland),,,,[object Object]; [object Object]; [object Object]; [object Object]; [object Object],5,report,55,,,false,false,closed,,Intellectual Capital and Performance Analysis,2026-08-26T07:47:46.906454,2026-08-26T07:47:46.906454,openalex_orcid_only,official_orcid_to_openalex_author,high,false,false,,2026-08-29T03:05:16.957Z
unimelb-accounting-001,Professor Margaret Abernethy,A5019062394,W2061741210,Leadership and Control System Design,2009,2009-01-01,10.2139/ssrn.1476788,https://doi.org/10.2139/ssrn.1476788,SSRN Electronic Journal,1556-5068,,1556-5068,[object Object]; [object Object]; [object Object],3,preprint,50,,,false,true,green,https://doi.org/10.2139/ssrn.1476788,"Accounting and Organizational Management; Auditing, Earnings Management, Governance; Public Policy and Administration Research",2026-08-18T07:49:30.821534,2026-08-18T07:49:30.821534,openalex_orcid_only,official_orcid_to_openalex_author,high,false,false,,2026-08-29T03:05:16.957Z
unimelb-accounting-001,Professor Margaret Abernethy,A5019062394,W2036928126,The Role of Performance Measures in the Intertemporal Decisions of Business Unit Managers,2012,2012-01-01,10.2139/ssrn.1918857,https://doi.org/10.2139/ssrn.1918857,SSRN Electronic Journal,1556-5068,,1556-5068,[object Object]; [object Object]; [object Object],3,preprint,29,,,false,true,green,https://doi.org/10.2139/ssrn.1918857,"Auditing, Earnings Management, Governance; Accounting and Organizational Management; Financial Reporting and Valuation Research",2026-08-01T09:00:35.917206,2026-08-01T09:00:35.917206,openalex_orcid_only,official_orcid_to_openalex_author,high,false,false,,2026-08-29T03:05:16.957Z
unimelb-accounting-001,Professor Margaret Abernethy,A5019062394,W3123452191,A Field Study of Control System 'Redesign': The Impact of Institutional Processes on Strategic Choice,1998,1998-04-28,,https://papers.ssrn.com/sol3/papers.cfm?abstract_id=2705,SSRN Electronic Journal,1556-5068,,1556-5068,[object Object],1,preprint,10,,,false,true,green,https://papers.ssrn.com/sol3/papers.cfm?abstract_id=2705,Accounting and Organizational Management,2026-07-14T23:32:53.992493,2026-07-14T23:32:53.992493,openalex_orcid_only,official_orcid_to_openalex_author,high,false,false,,2026-08-29T03:05:16.957Z
unimelb-accounting-001,Professor Margaret Abernethy,A5019062394,W3122369173,Research in Managerial Accounting: Learning From Others' Experiences,1999,1999-10-11,,https://papers.ssrn.com/sol3/papers.cfm?abstract_id=179576,SSRN Electronic Journal,1556-5068,,1556-5068,[object Object]; [object Object]; [object Object]; [object Object],4,preprint,9,,,false,true,green,https://papers.ssrn.com/sol3/papers.cfm?abstract_id=179576,Accounting and Organizational Management,2026-07-22T07:51:19.307946,2026-07-22T07:51:19.307946,openalex_orcid_only,official_orcid_to_openalex_author,high,false,false,,2026-08-29T03:05:16.957Z
unimelb-accounting-001,Professor Margaret Abernethy,A5019062394,W1859927293,"Ethics, Agents’ Choices and Incentive Contract Design",2012,2012-01-01,10.2139/ssrn.2067040,https://doi.org/10.2139/ssrn.2067040,SSRN Electronic Journal,1556-5068,,1556-5068,[object Object]; [object Object]; [object Object],3,preprint,8,,,false,true,green,https://doi.org/10.2139/ssrn.2067040,"Law, Economics, and Judicial Systems; Experimental Behavioral Economics Studies; Auction Theory and Applications",2026-07-22T07:51:19.307946,2026-07-22T07:51:19.307946,openalex_orcid_only,official_orcid_to_openalex_author,high,false,false,,2026-08-29T03:05:16.957Z
unimelb-accounting-001,Professor Margaret Abernethy,A5019062394,W2913474772,Translating Organizational Learning Orientation into Performance: The Role of Management Control Systems,2007,2007-01-01,10.2139/ssrn.1003927,https://doi.org/10.2139/ssrn.1003927,SSRN Electronic Journal,1556-5068,,1556-5068,[object Object]; [object Object]; [object Object],3,preprint,7,,,false,true,green,https://doi.org/10.2139/ssrn.1003927,Accounting and Organizational Management; Innovation and Knowledge Management; Intellectual Capital and Performance Analysis,2026-08-21T09:56:20.448147,2026-08-21T09:56:20.448147,openalex_orcid_only,official_orcid_to_openalex_author,high,false,false,,2026-08-29T03:05:16.957Z
unimelb-accounting-001,Professor Margaret Abernethy,A5019062394,W1489305597,Building Performance Models from Expert Knowledge,2003,2003-01-01,10.2139/ssrn.403220,https://doi.org/10.2139/ssrn.403220,SSRN Electronic Journal,1556-5068,,1556-5068,[object Object]; [object Object]; [object Object]; [object Object]; [object Object],5,preprint,5,,,false,true,green,https://doi.org/10.2139/ssrn.403220,Complex Systems and Decision Making; Accounting and Organizational Management; Cognitive Science and Mapping,2026-08-26T07:47:46.906454,2026-08-26T07:47:46.906454,openalex_orcid_only,official_orcid_to_openalex_author,high,false,false,,2026-08-29T03:05:16.957Z
unimelb-accounting-001,Professor Margaret Abernethy,A5019062394,W2017809636,Accounting for Intangible Investments,2008,2008-01-01,10.2139/ssrn.1103432,https://doi.org/10.2139/ssrn.1103432,SSRN Electronic Journal,1556-5068,,1556-5068,[object Object]; [object Object],2,preprint,5,,,false,true,green,https://doi.org/10.2139/ssrn.1103432,"Intellectual Capital and Performance Analysis; Auditing, Earnings Management, Governance; Corporate Finance and Governance",2026-08-26T07:47:46.906454,2026-08-26T07:47:46.906454,openalex_orcid_only,official_orcid_to_openalex_author,high,false,false,,2026-08-29T03:05:16.957Z
unimelb-accounting-001,Professor Margaret Abernethy,A5019062394,W1879831004,The Design and Implementation of a Management Information System for Australian Public Hospitals,1989,1989-11-01,10.1177/095148488900200302,https://doi.org/10.1177/095148488900200302,Health Services Management Research,0951-4848,1758-1044,0951-4848; 1758-1044,[object Object]; [object Object],2,article,4,1.6836,0.817396,false,false,closed,,Medical Coding and Health Information; Healthcare Quality and Management; Electronic Health Records Systems,2026-08-21T09:56:20.448147,2026-08-21T09:56:20.448147,openalex_orcid_only,official_orcid_to_openalex_author,high,false,false,,2026-08-29T03:05:16.957Z
unimelb-accounting-001,Professor Margaret Abernethy,A5019062394,W2413707460,Clinical costing at the Queen Victoria Medical Centre.,1986,1986-01-01,,https://pubmed.ncbi.nlm.nih.gov/10281214,PubMed,,,,[object Object]; [object Object]; [object Object]; [object Object]; [object Object],5,article,4,0,0.36779488,false,false,closed,,Primary Care and Health Outcomes; Medical Coding and Health Information; Clinical practice guidelines implementation,2026-08-21T09:56:20.448147,2026-08-21T09:56:20.448147,openalex_orcid_only,official_orcid_to_openalex_author,high,false,false,,2026-08-29T03:05:16.957Z
unimelb-accounting-001,Professor Margaret Abernethy,A5019062394,W3121968927,The Influence of CEO Power on Compensation Contract Design,2015,2015-01-01,,https://papers.ssrn.com/sol3/papers.cfm?abstract_id=2513185,SSRN Electronic Journal,1556-5068,,1556-5068,[object Object]; [object Object]; [object Object],3,preprint,4,,,false,true,green,https://papers.ssrn.com/sol3/papers.cfm?abstract_id=2513185,"Corporate Finance and Governance; Financial Reporting and Valuation Research; Auditing, Earnings Management, Governance",2026-08-13T07:04:57.449891,2026-08-13T07:04:57.449891,openalex_orcid_only,official_orcid_to_openalex_author,high,false,false,,2026-08-29T03:05:16.957Z
unimelb-accounting-001,Professor Margaret Abernethy,A5019062394,W4295951485,Firm Strategy and CEO−VP Pay Differentials in Equity Compensation,2022,2022-01-01,10.2139/ssrn.4200815,https://doi.org/10.2139/ssrn.4200815,SSRN Electronic Journal,1556-5068,,1556-5068,[object Object]; [object Object]; [object Object]; [object Object]; [object Object],5,preprint,4,,,false,true,green,https://doi.org/10.2139/ssrn.4200815,Corporate Finance and Governance; Financial Reporting and Valuation Research; Corporate Taxation and Avoidance,2026-07-22T07:51:19.307946,2026-07-22T07:51:19.307946,openalex_orcid_only,official_orcid_to_openalex_author,high,false,false,,2026-08-29T03:05:16.957Z
unimelb-accounting-001,Professor Margaret Abernethy,A5019062394,W2461508974,Management information systems in public hospitals. Introduction.,1986,1986-01-01,,https://pubmed.ncbi.nlm.nih.gov/10281212,PubMed,,,,[object Object]; [object Object],2,article,3,0,0.3915276,false,false,closed,,Big Data and Business Intelligence; Competitive and Knowledge Intelligence; Electronic Health Records Systems,2026-08-21T09:56:20.448147,2026-08-21T09:56:20.448147,openalex_orcid_only,official_orcid_to_openalex_author,high,false,false,,2026-08-29T03:05:16.957Z
unimelb-accounting-001,Professor Margaret Abernethy,A5019062394,W3121871562,Organization identity and earnings manipulation,2017,2017-04-18,10.17863/cam.24244,https://doi.org/10.17863/cam.24244,SSRN Electronic Journal,1556-5068,,1556-5068,[object Object]; [object Object]; [object Object],3,preprint,3,,,false,true,green,https://papers.ssrn.com/sol3/papers.cfm?abstract_id=2963475,"Corporate Finance and Governance; Experimental Behavioral Economics Studies; Auditing, Earnings Management, Governance",2026-07-15T18:14:33.161393,2026-07-15T18:14:33.161393,openalex_orcid_only,official_orcid_to_openalex_author,high,false,false,,2026-08-29T03:05:16.957Z
unimelb-accounting-001,Professor Margaret Abernethy,A5019062394,W3135584644,Manager Growth Mindset and Resource Management Practices,2020,2020-01-01,10.2139/ssrn.3728366,https://doi.org/10.2139/ssrn.3728366,SSRN Electronic Journal,1556-5068,,1556-5068,[object Object]; [object Object]; [object Object]; [object Object],4,preprint,3,,,false,true,green,https://doi.org/10.2139/ssrn.3728366,"Psychological and Educational Research Studies; Education, Achievement, and Giftedness; Knowledge Management and Sharing",2026-07-22T07:51:19.307946,2026-07-22T07:51:19.307946,openalex_orcid_only,official_orcid_to_openalex_author,high,false,false,,2026-08-29T03:05:16.957Z
unimelb-accounting-001,Professor Margaret Abernethy,A5019062394,W1599052682,"Decentralization, Interdependence and Performance Measurement System Design : Sequences and Priorities",2001,2001-01-01,,https://research.tilburguniversity.edu/en/publications/0f4bc851-e3d0-4322-a5d5-0c81a9c83a34,Data Archiving and Networked Services (DANS),,,,[object Object]; [object Object]; [object Object],3,report,2,,,false,true,green,https://research.tilburguniversity.edu/en/publications/0f4bc851-e3d0-4322-a5d5-0c81a9c83a34,Corporate Taxation and Avoidance; Corporate Finance and Governance; Local Government Finance and Decentralization,2026-08-18T07:49:30.821534,2026-08-18T07:49:30.821534,openalex_orcid_only,official_orcid_to_openalex_author,high,false,false,,2026-08-29T03:05:16.957Z
unimelb-accounting-001,Professor Margaret Abernethy,A5019062394,W2463352587,Physicians and effective resource management.,1991,1991-01-01,,https://pubmed.ncbi.nlm.nih.gov/10116915,PubMed,,,,[object Object],1,article,2,1.1085,0.82850016,false,false,closed,,Global Health Workforce Issues; Medical Education and Admissions,2026-08-21T09:56:20.448147,2026-08-21T09:56:20.448147,openalex_orcid_only,official_orcid_to_openalex_author,high,false,false,,2026-08-29T03:05:16.957Z
unimelb-accounting-001,Professor Margaret Abernethy,A5019062394,W3122477953,"The Relation between Strategy, CEO Selection, and Firm Performance",2018,2018-07-04,,https://papers.ssrn.com/sol3/papers.cfm?abstract_id=3225219,SSRN Electronic Journal,1556-5068,,1556-5068,[object Object]; [object Object]; [object Object],3,preprint,2,,,false,true,green,https://papers.ssrn.com/sol3/papers.cfm?abstract_id=3225219,Corporate Finance and Governance,2026-07-14T23:32:53.992493,2026-07-14T23:32:53.992493,openalex_orcid_only,official_orcid_to_openalex_author,high,false,false,,2026-08-29T03:05:16.957Z
unimelb-accounting-001,Professor Margaret Abernethy,A5019062394,W7164664751,Budgeting and the Management of Role Conflict in Hospitals.,1999,1999-03-01,10.2308/bria-1706924,https://doi.org/10.2308/bria-1706924,Behavioral Research in Accounting,1050-4753,1558-8009,1050-4753; 1558-8009,[object Object]; [object Object],2,article,2,0,0.62932862,false,false,closed,,Accounting and Organizational Management; Operations Management Techniques; Public Policy and Administration Research,2026-08-25T07:29:55.448023,2026-08-25T07:29:55.448023,openalex_orcid_only,official_orcid_to_openalex_author,high,false,false,,2026-08-29T03:05:16.957Z
unimelb-accounting-001,Professor Margaret Abernethy,A5019062394,W2014415813,"David W. Young and Richard B. Saltman, The Hospital Power Equilibrium: Physician Behaviour and Cost Control. Baltimore: Johns Hopkins University Press, 1985, 198 pages. ISBN 08018 2794 9. Price (UK) £20.35",1986,1986-07-01,10.1002/hpm.4740010410,https://doi.org/10.1002/hpm.4740010410,The International Journal of Health Planning and Management,0749-6753,1099-1751,0749-6753; 1099-1751,[object Object],1,book-review,1,,,false,false,closed,,Healthcare Policy and Management,2026-08-21T09:56:20.448147,2026-08-21T09:56:20.448147,openalex_orcid_only,official_orcid_to_openalex_author,high,false,false,,2026-08-29T03:05:16.957Z
unimelb-accounting-001,Professor Margaret Abernethy,A5019062394,W2054093382,THE EFFECTS OF ALTERNATIVE REIMBURSEMENT SYSTEMS ON THE OPERATING BEHAVIOUR OF NURSING HOMES,1985,1985-05-01,10.1111/j.1467-629x.1985.tb00066.x,https://doi.org/10.1111/j.1467-629x.1985.tb00066.x,Accounting and Finance,0810-5391,1467-629X,0810-5391; 1467-629X,[object Object],1,article,1,0,0.14991551,false,false,closed,,"Geriatric Care and Nursing Homes; Healthcare innovation and challenges; Housing, Finance, and Neoliberalism",2026-08-21T09:56:20.448147,2026-08-21T09:56:20.448147,openalex_orcid_only,official_orcid_to_openalex_author,high,false,false,,2026-08-29T03:05:16.957Z
unimelb-accounting-001,Professor Margaret Abernethy,A5019062394,W2437945420,Models for costing patient care services. Part 2: Costing organ imaging services.,1988,1988-01-01,,https://pubmed.ncbi.nlm.nih.gov/10302920,PubMed,,,,[object Object]; [object Object]; [object Object],3,article,1,0,0.44469914,false,false,closed,,Medical Coding and Health Information,2026-08-21T09:56:20.448147,2026-08-21T09:56:20.448147,openalex_orcid_only,official_orcid_to_openalex_author,high,false,false,,2026-08-29T03:05:16.957Z
unimelb-accounting-001,Professor Margaret Abernethy,A5019062394,W3034733530,Status and Discretionary Bonus Payments: Evidence from a Large Private Chinese Hospital,2012,2012-01-01,10.2139/ssrn.2131171,https://doi.org/10.2139/ssrn.2131171,SSRN Electronic Journal,1556-5068,,1556-5068,[object Object]; [object Object]; [object Object],3,preprint,1,,,false,true,green,https://doi.org/10.2139/ssrn.2131171,Healthcare Policy and Management; Patient Satisfaction in Healthcare,2026-07-22T07:51:19.307946,2026-07-22T07:51:19.307946,openalex_orcid_only,official_orcid_to_openalex_author,high,false,false,,2026-08-29T03:05:16.957Z
unimelb-accounting-001,Professor Margaret Abernethy,A5019062394,W3124438040,Organisational Design Choices in Response to Public Sector Reforms: A Case Study of Mandated Hospital Networks,2011,2011-11-15,,https://papers.ssrn.com/sol3/papers.cfm?abstract_id=1959727,SSRN Electronic Journal,1556-5068,,1556-5068,[object Object]; [object Object]; [object Object],3,preprint,1,,,false,true,green,https://papers.ssrn.com/sol3/papers.cfm?abstract_id=1959727,Public Policy and Administration Research; Management and Organizational Studies; Accounting and Organizational Management,2026-07-14T23:32:53.992493,2026-07-14T23:32:53.992493,openalex_orcid_only,official_orcid_to_openalex_author,high,false,false,,2026-08-29T03:05:16.957Z
unimelb-accounting-001,Professor Margaret Abernethy,A5019062394,W3140760376,The Influence of Performance Measurement on the Processual Dynamics of Strategic Change,2020,2020-06-11,,https://papers.ssrn.com/sol3/papers.cfm?abstract_id=3650461,SSRN Electronic Journal,1556-5068,,1556-5068,[object Object]; [object Object]; [object Object],3,preprint,1,,,false,true,green,https://papers.ssrn.com/sol3/papers.cfm?abstract_id=3650461,Accounting and Organizational Management,2026-07-14T23:32:53.992493,2026-07-14T23:32:53.992493,openalex_orcid_only,official_orcid_to_openalex_author,high,false,false,,2026-08-29T03:05:16.957Z
unimelb-accounting-001,Professor Margaret Abernethy,A5019062394,W1042566929,The Consequences of Customization on the Use of Management Accounting Systems,2000,2000-01-01,,https://www.hbs.edu/faculty/Pages/item.aspx?num=45637,,,,,[object Object]; [object Object],2,article,0,0,0.11834398,false,false,closed,,Accounting and Organizational Management,2026-06-11T09:08:48.828518,2026-06-11T09:08:48.828518,openalex_orcid_only,official_orcid_to_openalex_author,high,false,false,,2026-08-29T03:05:16.957Z
unimelb-accounting-001,Professor Margaret Abernethy,A5019062394,W2051531081,Primitive Songs and Dances: A Second-Grade Assembly,1908,1908-10-01,10.1086/453790,https://doi.org/10.1086/453790,The Elementary School Teacher,1545-5858,1937-4364,1545-5858; 1937-4364,[object Object]; [object Object]; [object Object]; [object Object]; [object Object]; [object Object]; [object Object]; [object Object]; [object Object]; [object Object]; [object Object]; [object Object]; [object Object],13,article,0,0,0.10004904,false,false,closed,,Education Methods and Practices; Diverse Educational Innovations Studies; Historical Education Studies Worldwide,2026-06-11T09:08:48.828518,2026-06-11T09:08:48.828518,openalex_orcid_only,official_orcid_to_openalex_author,high,false,false,,2026-08-29T03:05:16.957Z
unimelb-accounting-001,Professor Margaret Abernethy,A5019062394,W2183366522,Developing the Parent Engagement Resource: a tool for,2012,2012-01-01,,https://mcafhna.org.au/portals/0/board files/journals/ajcfhn vol 9 no1 june 2012.pdf,,,,,[object Object]; [object Object]; [object Object],3,article,0,0,0.23731282,false,false,closed,,Family and Disability Support Research,2026-06-11T09:08:48.828518,2026-06-11T09:08:48.828518,openalex_orcid_only,official_orcid_to_openalex_author,high,false,false,,2026-08-29T03:05:16.957Z
unimelb-accounting-001,Professor Margaret Abernethy,A5019062394,W2412953773,"Models for costing patient care services, Part 3. Costing operating theatre procedures.",1988,1988-01-01,,https://pubmed.ncbi.nlm.nih.gov/10293104,PubMed,,,,[object Object]; [object Object]; [object Object],3,article,0,0,0.32722063,false,false,closed,,Medical Coding and Health Information,2026-08-21T09:56:20.448147,2026-08-21T09:56:20.448147,openalex_orcid_only,official_orcid_to_openalex_author,high,false,false,,2026-08-29T03:05:16.957Z
unimelb-accounting-001,Professor Margaret Abernethy,A5019062394,W2481979013,Uncertainty as a Determinant of Performance Measurement and Compensation Systems,2014,2014-11-20,10.1057/9781137392121.0014,https://doi.org/10.1057/9781137392121.0014,Palgrave Macmillan eBooks,,,,[object Object]; [object Object],2,book-chapter,0,0,0.17445339,false,false,closed,,Risk Management in Financial Firms; Accounting Theory and Financial Reporting,2026-06-11T09:08:48.828518,2026-06-11T09:08:48.828518,openalex_orcid_only,official_orcid_to_openalex_author,high,false,false,,2026-08-29T03:05:16.957Z
unimelb-accounting-001,Professor Margaret Abernethy,A5019062394,W2791506377,DETERMINANTS OF ADAPTABILITY IN THE DESIGN OF ACCOUNTING INFORMATION SYSTEMS – A STUDY OF ITALIAN HOSPITALS,2017,2017-01-01,,https://iris.unife.it/handle/11392/2374532,,,,,[object Object]; [object Object]; [object Object],3,article,0,0,0.29276686,false,false,closed,,"Management, Economics, and Public Policy",2026-06-11T09:08:48.828518,2026-06-11T09:08:48.828518,openalex_orcid_only,official_orcid_to_openalex_author,high,false,false,,2026-08-29T03:05:16.957Z
unimelb-accounting-001,Professor Margaret Abernethy,A5019062394,W2997244981,Costing Nursing Services,1991,1991-01-01,,http://www.worldcat.org/search?q=ti%3ACOSTING+NURSING+SERVICES&amp;qt=advanced,DigitalGeorgetown (Georgetown University Library),,,,[object Object]; [object Object]; [object Object],3,article,0,0,0.59304335,false,false,closed,,"Hermeneutics and Narrative Identity; Aging, Elder Care, and Social Issues; Health, Medicine and Society",2026-08-27T14:10:00.468798,2026-08-27T14:10:00.468798,openalex_orcid_only,official_orcid_to_openalex_author,high,false,false,,2026-08-29T03:05:16.957Z
unimelb-accounting-001,Professor Margaret Abernethy,A5019062394,W3011372241,"Public Education and Taxes, from the Personal Files of the Sybil Hyatt Papers",1916,1916-01-01,,"http://library.digitalnc.org/u?/ncmemory,243185",,,,,[object Object]; [object Object],2,article,0,0,0.29961089,false,false,closed,,"Gender, Labor, and Family Dynamics",2026-08-26T07:47:46.906454,2026-08-26T07:47:46.906454,openalex_orcid_only,official_orcid_to_openalex_author,high,false,false,,2026-08-29T03:05:16.957Z
unimelb-accounting-001,Professor Margaret Abernethy,A5019062394,W3089989074,Benefits of independent agents' entrepreneurship: Evidence from the loan market,2019,2019-01-01,10.2139/ssrn.3492407,https://doi.org/10.2139/ssrn.3492407,SSRN Electronic Journal,1556-5068,,1556-5068,[object Object]; [object Object]; [object Object]; [object Object],4,preprint,0,,,false,true,green,https://doi.org/10.2139/ssrn.3492407,"Auction Theory and Applications; Experimental Behavioral Economics Studies; Law, Economics, and Judicial Systems",2026-08-21T09:56:20.448147,2026-08-21T09:56:20.448147,openalex_orcid_only,official_orcid_to_openalex_author,high,false,false,,2026-08-29T03:05:16.957Z
unimelb-accounting-001,Professor Margaret Abernethy,A5019062394,W3122708702,Expertise and Discretionary Bonus Decisions,2018,2018-01-01,10.2139/ssrn.3214065,https://doi.org/10.2139/ssrn.3214065,SSRN Electronic Journal,1556-5068,,1556-5068,[object Object]; [object Object]; [object Object],3,preprint,0,,,false,true,green,https://doi.org/10.2139/ssrn.3214065,"Experimental Behavioral Economics Studies; Auction Theory and Applications; Auditing, Earnings Management, Governance",2026-07-22T07:51:19.307946,2026-07-22T07:51:19.307946,openalex_orcid_only,official_orcid_to_openalex_author,high,false,false,,2026-08-29T03:05:16.957Z
unimelb-accounting-001,Professor Margaret Abernethy,A5019062394,W3127427714,"Group Identity, Performance Transparency, and Employee Performance",2019,2019-10-22,,https://papers.ssrn.com/sol3/Delivery.cfm/SSRN_ID3492525_code2114101.pdf?abstractid=3492525&mirid=1,SSRN Electronic Journal,1556-5068,,1556-5068,[object Object]; [object Object]; [object Object],3,preprint,0,,,false,true,green,https://papers.ssrn.com/sol3/Delivery.cfm/SSRN_ID3492525_code2114101.pdf?abstractid=3492525&mirid=1,Experimental Behavioral Economics Studies; Corporate Finance and Governance,2026-07-14T23:32:53.992493,2026-07-14T23:32:53.992493,openalex_orcid_only,official_orcid_to_openalex_author,high,false,false,,2026-08-29T03:05:16.957Z
unimelb-accounting-001,Professor Margaret Abernethy,A5019062394,W3194762799,"A discussion of: Professional control, locus of control and organizational outcomes",2014,2014-08-05,,https://scholars.cmich.edu/en/publications/a-discussion-of-professional-control-locus-of-control-and-organiz,,,,,[object Object]; [object Object],2,article,0,0,0.42460671,false,false,closed,,Human Resource Development and Performance Evaluation,2026-06-11T09:08:48.828518,2026-06-11T09:08:48.828518,openalex_orcid_only,official_orcid_to_openalex_author,high,false,false,,2026-08-29T03:05:16.957Z
unimelb-accounting-001,Professor Margaret Abernethy,A5019062394,W3194906301,Uncertainty as a Determinant of Performance Measurement and Compensation Systems: A Review of the Literature,2014,2014-01-01,,http://gala.gre.ac.uk/id/eprint/13317/1/13317_Mundy_Uncertainty_as_a_determinant_%28bk._chapter%29_%282014%29.pdf,Greenwich Academic Literature Archive (University of Greenwich),,,,[object Object]; [object Object],2,book-chapter,0,0,0.48094435,false,false,closed,,Accounting and Organizational Management,2026-08-26T07:47:46.906454,2026-08-26T07:47:46.906454,openalex_orcid_only,official_orcid_to_openalex_author,high,false,false,,2026-08-29T03:05:16.957Z
unimelb-accounting-001,Professor Margaret Abernethy,A5019062394,W3207238663,Do Management Career Preferences Influence Corporate Culture Building,2020,2020-10-10,,https://autopapers.ssrn.com/sol3/papers.cfm?abstract_id=3741963,SSRN Electronic Journal,1556-5068,,1556-5068,[object Object]; [object Object]; [object Object],3,preprint,0,,,false,true,green,https://autopapers.ssrn.com/sol3/papers.cfm?abstract_id=3741963,Experimental Behavioral Economics Studies; Innovation and Knowledge Management,2026-07-14T23:32:53.992493,2026-07-14T23:32:53.992493,openalex_orcid_only,official_orcid_to_openalex_author,high,false,false,,2026-08-29T03:05:16.957Z
unimelb-accounting-001,Professor Margaret Abernethy,A5019062394,W4212926591,Benefits of Independent Agents' Entrepreneurship: Evidence From the Loan Market,2022,2022-02-17,10.2308/jmar-2020-042,https://doi.org/10.2308/jmar-2020-042,Journal of Management Accounting Research,1049-2127,1558-8033,1049-2127; 1558-8033,[object Object]; [object Object]; [object Object]; [object Object],4,article,0,0,0.0177762,false,false,closed,,"Corporate Finance and Governance; Banking stability, regulation, efficiency; Auction Theory and Applications",2026-08-06T08:24:18.245995,2026-08-06T08:24:18.245995,openalex_orcid_only,official_orcid_to_openalex_author,high,false,false,,2026-08-29T03:05:16.957Z
unimelb-accounting-001,Professor Margaret Abernethy,A5019062394,W4235141841,Influence of Control Choices on Multi-period Outsourcing Arrangements,2008,2008-01-01,10.2139/ssrn.1194062,https://doi.org/10.2139/ssrn.1194062,SSRN Electronic Journal,1556-5068,,1556-5068,[object Object]; [object Object]; [object Object],3,preprint,0,,,false,true,green,https://doi.org/10.2139/ssrn.1194062,Supply Chain and Inventory Management; Outsourcing and Supply Chain Management,2026-08-21T09:56:20.448147,2026-08-21T09:56:20.448147,openalex_orcid_only,official_orcid_to_openalex_author,high,false,false,,2026-08-29T03:05:16.957Z
unimelb-accounting-001,Professor Margaret Abernethy,A5019062394,W4240018463,Book Review Section,1995,1995-12-01,10.1080/10293574.1995.10510482,https://doi.org/10.1080/10293574.1995.10510482,Asia-Pacific Journal of Accounting,1029-3574,,1029-3574,[object Object]; [object Object]; [object Object],3,book-review,0,,,false,false,closed,,"Auditing, Earnings Management, Governance; Accounting Education and Careers",2026-08-15T07:11:24.734988,2026-08-15T07:11:24.734988,openalex_orcid_only,official_orcid_to_openalex_author,high,false,false,,2026-08-29T03:05:16.957Z
unimelb-accounting-001,Professor Margaret Abernethy,A5019062394,W4389227124,The interdependence between the choice of fixed-term professional workers and the control environment,2023,2023-12-01,10.1016/j.aos.2023.101525,https://doi.org/10.1016/j.aos.2023.101525,Accounting Organizations and Society,0361-3682,1873-6289,0361-3682; 1873-6289,[object Object]; [object Object]; [object Object]; [object Object],4,article,0,0,0.1842908,false,true,hybrid,https://doi.org/10.1016/j.aos.2023.101525,Labor Movements and Unions; Labor market dynamics and wage inequality; Employment and Welfare Studies,2026-08-28T12:50:07.497085,2026-08-28T12:50:07.497085,openalex_orcid_only,official_orcid_to_openalex_author,high,false,false,,2026-08-29T03:05:16.957Z
unimelb-accounting-001,Professor Margaret Abernethy,A5019062394,W4404584890,A framework for studying the relation between corporate culture and performance measurement,2024,2024-11-19,10.4337/9781803920672.00021,https://doi.org/10.4337/9781803920672.00021,Edward Elgar Publishing eBooks,,,,[object Object],1,book-chapter,0,0,0.54253552,false,false,closed,,Accounting and Organizational Management,2025-11-06T03:46:38.306776,2025-11-06T03:46:38.306776,openalex_orcid_only,official_orcid_to_openalex_author,high,false,false,,2026-08-29T03:05:16.957Z
unimelb-accounting-001,Professor Margaret Abernethy,A5019062394,W4405219306,Semantic Vector Collapse: A Novel Paradigm for Contextual Decay in Large Language Models,2024,2024-12-10,10.36227/techrxiv.173388189.98421889/v1,https://doi.org/10.36227/techrxiv.173388189.98421889/v1,,,,,[object Object]; [object Object]; [object Object]; [object Object]; [object Object],5,preprint,0,,,false,true,gold,https://doi.org/10.36227/techrxiv.173388189.98421889/v1,Topic Modeling,2026-08-21T09:56:20.448147,2026-08-21T09:56:20.448147,openalex_orcid_only,official_orcid_to_openalex_author,high,false,false,,2026-08-29T03:05:16.957Z
unimelb-accounting-001,Professor Margaret Abernethy,A5019062394,W7128166908,Nonfinancial Rewards in Times of Change,2026,2026-02-06,10.2308/jmar-2023-010,https://doi.org/10.2308/jmar-2023-010,Journal of Management Accounting Research,1049-2127,1558-8033,1049-2127; 1558-8033,[object Object]; [object Object]; [object Object],3,article,0,0,0.09186352,false,true,bronze,https://publications.aaahq.org/jmar/article-pdf/doi/10.2308/JMAR-2023-010/155672/jmar-2023-010.pdf,Job Satisfaction and Organizational Behavior; Workplace Spirituality and Leadership; Human Resource and Talent Management,2026-08-26T07:47:46.906454,2026-08-26T07:47:46.906454,openalex_orcid_only,official_orcid_to_openalex_author,high,false,false,,2026-08-29T03:05:16.957Z
unimelb-accounting-001,Professor Margaret Abernethy,A5019062394,W7161113187,The impact of task and individual goal orientations on the effectiveness of management control systems : an empirical investigation in public teaching hospitals,1988,1988-01-01,10.26181/32281650.v1,https://doi.org/10.26181/32281650.v1,La Trobe University,,,,[object Object],1,dissertation,0,,,false,true,green,https://doi.org/10.26181/32281650.v1,Accounting and Organizational Management; Organizational Learning and Leadership; Competency Development and Evaluation,2026-08-13T07:04:57.449891,2026-08-13T07:04:57.449891,openalex_orcid_only,official_orcid_to_openalex_author,high,false,false,,2026-08-29T03:05:16.957Z
unimelb-accounting-001,Professor Margaret Abernethy,A5019062394,W7161172144,The impact of task and individual goal orientations on the effectiveness of management control systems : an empirical investigation in public teaching hospitals,1988,1988-01-01,10.26181/32281650,https://doi.org/10.26181/32281650,La Trobe University,,,,[object Object],1,dissertation,0,,,false,true,green,https://doi.org/10.26181/32281650,Accounting and Organizational Management; Organizational Learning and Leadership; Competency Development and Evaluation,2026-08-13T07:04:57.449891,2026-08-13T07:04:57.449891,openalex_orcid_only,official_orcid_to_openalex_author,high,false,false,,2026-08-29T03:05:16.957Z
unimelb-accounting-003,Professor Gary Biddle,A5090783442,W3125686936,How does financial reporting quality relate to investment efficiency?,2009,2009-09-21,10.1016/j.jacceco.2009.09.001,https://doi.org/10.1016/j.jacceco.2009.09.001,Journal of Accounting and Economics,0165-4101,1879-1980,0165-4101; 1879-1980,[object Object]; [object Object]; [object Object],3,article,3042,64.1113,0.99883074,false,true,green,http://hdl.handle.net/10722/128993,"Auditing, Earnings Management, Governance; Corporate Finance and Governance; Financial Markets and Investment Strategies",2026-08-28T12:50:07.497085,2026-08-28T12:50:07.497085,openalex_orcid_only,official_orcid_to_openalex_author,high,false,false,,2026-08-29T03:05:16.957Z
unimelb-accounting-003,Professor Gary Biddle,A5090783442,W3122695070,Does EVA® beat earnings? Evidence on associations with stock returns and firm values,1997,1997-12-01,10.1016/s0165-4101(98)00010-x,https://doi.org/10.1016/s0165-4101(98)00010-x,Journal of Accounting and Economics,0165-4101,1879-1980,0165-4101; 1879-1980,[object Object]; [object Object]; [object Object],3,article,509,25.7686,0.99465856,false,true,green,http://hdl.handle.net/10722/129004,"Financial Reporting and Valuation Research; Auditing, Earnings Management, Governance; Corporate Finance and Governance",2026-08-21T09:56:20.448147,2026-08-21T09:56:20.448147,openalex_orcid_only,official_orcid_to_openalex_author,high,false,false,,2026-08-29T03:05:16.957Z
unimelb-accounting-003,Professor Gary Biddle,A5090783442,W2079417620,Accounting Quality and Firm-Level Capital Investment,2006,2006-10-01,10.2308/accr.2006.81.5.963,https://doi.org/10.2308/accr.2006.81.5.963,The Accounting Review,0001-4826,1558-7967,0001-4826; 1558-7967,[object Object]; [object Object],2,article,308,13.2703,0.98211203,false,true,green,https://papers.ssrn.com/sol3/Delivery.cfm/SSRN_ID910806_code363726.pdf?abstractid=910806&mirid=1,"Corporate Finance and Governance; Auditing, Earnings Management, Governance; Financial Reporting and Valuation Research",2026-08-18T07:49:30.821534,2026-08-18T07:49:30.821534,openalex_orcid_only,official_orcid_to_openalex_author,high,false,false,,2026-08-29T03:05:16.957Z
unimelb-accounting-003,Professor Gary Biddle,A5090783442,W2100197441,Financial Disclosure Levels and Foreign Stock Exchange Listing Decisions,1992,1992-06-01,10.1111/j.1467-646x.1992.tb00025.x,https://doi.org/10.1111/j.1467-646x.1992.tb00025.x,Journal of International Financial Management and Accounting,0954-1314,1467-646X,0954-1314; 1467-646X,[object Object]; [object Object],2,article,60,1.4802,0.87129247,false,true,green,https://papers.ssrn.com/sol3/papers.cfm?abstract_id=1688233,"Auditing, Earnings Management, Governance; Financial Markets and Investment Strategies; Corporate Finance and Governance",2026-08-21T09:56:20.448147,2026-08-21T09:56:20.448147,openalex_orcid_only,official_orcid_to_openalex_author,high,false,false,,2026-08-29T03:05:16.957Z
unimelb-accounting-003,Professor Gary Biddle,A5090783442,W2121592504,The Effects of Financial Disclosure Levels on Firms' Choices among Alternative Foreign Stock Exchange Listings*,1989,1989-03-01,10.1111/j.1467-646x.1989.tb00004.x,https://doi.org/10.1111/j.1467-646x.1989.tb00004.x,Journal of International Financial Management and Accounting,0954-1314,1467-646X,0954-1314; 1467-646X,[object Object]; [object Object],2,article,35,0,0.3716911,false,true,green,https://papers.ssrn.com/sol3/Delivery.cfm/SSRN_ID1690402_code17162.pdf?abstractid=1690402,"Auditing, Earnings Management, Governance; Corporate Finance and Governance; Financial Reporting and Valuation Research",2026-08-21T09:56:20.448147,2026-08-21T09:56:20.448147,openalex_orcid_only,official_orcid_to_openalex_author,high,false,false,,2026-08-29T03:05:16.957Z
unimelb-accounting-003,Professor Gary Biddle,A5090783442,W3123220851,EVIDENCE ON EVA,1999,1999-06-01,10.1111/j.1745-6622.1999.tb00008.x,https://doi.org/10.1111/j.1745-6622.1999.tb00008.x,Journal of applied corporate finance,1078-1196,1745-6622,1078-1196; 1745-6622; 1936-8216,[object Object]; [object Object]; [object Object],3,article,145,11.2224,0.9797829,false,true,green,http://hub.hku.hk/handle/10722/128979,"Financial Reporting and Valuation Research; Auditing, Earnings Management, Governance; Capital Investment and Risk Analysis",2026-08-21T09:56:20.448147,2026-08-21T09:56:20.448147,openalex_orcid_only,official_orcid_to_openalex_author,high,false,false,,2026-08-29T03:05:16.957Z
unimelb-accounting-003,Professor Gary Biddle,A5090783442,W3121377730,When Capital Follows Profitability: Non-linear Residual Income Dynamics,2001,2001-06-01,10.1023/a:1011666926073,https://doi.org/10.1023/a:1011666926073,Review of Accounting Studies,1380-6653,1573-7136,1380-6653; 1573-7136,[object Object]; [object Object]; [object Object],3,article,86,6.7447,0.96626652,false,false,closed,,"Financial Reporting and Valuation Research; Capital Investment and Risk Analysis; Auditing, Earnings Management, Governance",2026-08-21T09:56:20.448147,2026-08-21T09:56:20.448147,openalex_orcid_only,official_orcid_to_openalex_author,high,false,false,,2026-08-29T03:05:16.957Z
unimelb-accounting-003,Professor Gary Biddle,A5090783442,W2897340763,Financial Analysts and Their Contribution to Well-Functioning Capital Markets,2018,2018-09-01,10.2308/accr-10622,https://doi.org/10.2308/accr-10622,The Accounting Review,0001-4826,1558-7967,0001-4826; 1558-7967,[object Object]; [object Object],2,article,13,0.5007,0.73622916,false,false,closed,,"Auditing, Earnings Management, Governance; Financial Markets and Investment Strategies; Financial Reporting and Valuation Research",2026-07-09T07:52:08.696243,2026-07-09T07:52:08.696243,openalex_orcid_only,official_orcid_to_openalex_author,high,false,false,,2026-08-29T03:05:16.957Z
unimelb-accounting-003,Professor Gary Biddle,A5090783442,W3124868258,"Foreign Stock Listings: Benefits, Costs, and the Accounting Policy Dilemma.",1991,1991-09-01,10.2308/ah-9604010141,https://doi.org/10.2308/ah-9604010141,Accounting Horizons,0888-7993,1558-7975,0888-7993; 1558-7975,[object Object]; [object Object],2,article,101,0,0.56812807,false,false,closed,,"Auditing, Earnings Management, Governance; Corporate Finance and Governance; Financial Reporting and Valuation Research",2026-07-02T09:51:11.867554,2026-07-02T09:51:11.867554,openalex_orcid_only,official_orcid_to_openalex_author,high,false,false,,2026-08-29T03:05:16.957Z
unimelb-accounting-003,Professor Gary Biddle,A5090783442,W2101307293,Anchoring and Adjustment in Probabilistic Inference in Auditing,1981,1981-01-01,10.2307/2490965,https://doi.org/10.2307/2490965,Journal of Accounting Research,0021-8456,1475-679X,0021-8456; 1475-679X,[object Object]; [object Object],2,article,59,0.2974,0.58878505,false,true,green,https://papers.ssrn.com/sol3/Delivery.cfm/SSRN_ID1677224_code17162.pdf?abstractid=1677224&mirid=1,"Decision-Making and Behavioral Economics; Auditing, Earnings Management, Governance; Law, Economics, and Judicial Systems",2026-08-21T09:56:20.448147,2026-08-21T09:56:20.448147,openalex_orcid_only,official_orcid_to_openalex_author,high,false,false,,2026-08-29T03:05:16.957Z
unimelb-accounting-003,Professor Gary Biddle,A5090783442,W2133608750,Relative versus Incremental Information Content*,1995,1995-09-01,10.1111/j.1911-3846.1995.tb00478.x,https://doi.org/10.1111/j.1911-3846.1995.tb00478.x,Contemporary Accounting Research,0823-9150,1911-3846,0823-9150; 1911-3846,[object Object]; [object Object]; [object Object],3,article,55,1.3711,0.88704225,false,false,closed,,"Auditing, Earnings Management, Governance; Financial Reporting and Valuation Research; Financial Markets and Investment Strategies",2026-08-21T09:56:20.448147,2026-08-21T09:56:20.448147,openalex_orcid_only,official_orcid_to_openalex_author,high,false,false,,2026-08-29T03:05:16.957Z
unimelb-accounting-003,Professor Gary Biddle,A5090783442,W3123428564,Economic value added: some empirical EVAdence,1998,1998-11-01,10.1108/03074359810765714,https://doi.org/10.1108/03074359810765714,Managerial Finance,0307-4358,1758-7743,0307-4358; 1758-7743,[object Object]; [object Object]; [object Object],3,article,44,0.8454,0.86710574,false,false,closed,,"Financial Reporting and Valuation Research; Auditing, Earnings Management, Governance; Capital Investment and Risk Analysis",2026-07-29T09:40:50.615796,2026-07-29T09:40:50.615796,openalex_orcid_only,official_orcid_to_openalex_author,high,false,false,,2026-08-29T03:05:16.957Z
unimelb-accounting-003,Professor Gary Biddle,A5090783442,W1978448992,Foreign Listing Location: A Study of MNCs and Stock Exchanges in Eight Countries,1995,1995-06-01,10.1057/palgrave.jibs.8490176,https://doi.org/10.1057/palgrave.jibs.8490176,Journal of International Business Studies,0047-2506,1478-6990,0047-2506; 1478-6990,[object Object]; [object Object],2,article,42,2.7422,0.9128169,false,true,green,https://papers.ssrn.com/sol3/Delivery.cfm/SSRN_ID1687534_code17162.pdf?abstractid=1687534&mirid=2,"Corporate Finance and Governance; Auditing, Earnings Management, Governance; Risk Management in Financial Firms",2026-08-21T09:56:20.448147,2026-08-21T09:56:20.448147,openalex_orcid_only,official_orcid_to_openalex_author,high,false,false,,2026-08-29T03:05:16.957Z
unimelb-accounting-003,Professor Gary Biddle,A5090783442,W2075100066,Is Comprehensive Income Useful?,2006,2006-06-01,10.1016/s1815-5669(10)70015-1,https://doi.org/10.1016/s1815-5669(10)70015-1,Journal of Contemporary Accounting & Economics,1815-5669,2352-3298,1815-5669; 2352-3298,[object Object]; [object Object],2,article,35,3.3687,0.93490063,false,true,green,https://papers.ssrn.com/sol3/Delivery.cfm/SSRN_ID1864363_code17162.pdf?abstractid=1864363&mirid=1&type=2,"Auditing, Earnings Management, Governance; Financial Reporting and Valuation Research; Accounting and Organizational Management",2026-08-21T09:56:20.448147,2026-08-21T09:56:20.448147,openalex_orcid_only,official_orcid_to_openalex_author,high,false,false,,2026-08-29T03:05:16.957Z
unimelb-accounting-003,Professor Gary Biddle,A5090783442,W2921464543,The Big Four: The Curious Past and Perilous Future of the Global Accounting Monopoly,2019,2019-01-01,10.2308/accr-10638,https://doi.org/10.2308/accr-10638,The Accounting Review,0001-4826,1558-7967,0001-4826; 1558-7967,[object Object]; [object Object],2,article,16,4.0565,0.93432903,false,false,closed,,"Auditing, Earnings Management, Governance; Accounting and Organizational Management; Financial Reporting and Valuation Research",2026-06-11T09:08:48.828518,2026-06-11T09:08:48.828518,openalex_orcid_only,official_orcid_to_openalex_author,high,false,false,,2026-08-29T03:05:16.957Z
unimelb-accounting-003,Professor Gary Biddle,A5090783442,W1990367297,Accounting Methods and Management Decisions: The Case of Inventory Costing and Inventory Policy,1980,1980-01-01,10.2307/2490341,https://doi.org/10.2307/2490341,Journal of Accounting Research,0021-8456,1475-679X,0021-8456; 1475-679X,[object Object],1,article,28,0,0.27313101,false,true,green,https://papers.ssrn.com/sol3/Delivery.cfm/SSRN_ID1677327_code17162.pdf?abstractid=1677327,"Financial Reporting and Valuation Research; Auditing, Earnings Management, Governance",2026-08-21T09:56:20.448147,2026-08-21T09:56:20.448147,openalex_orcid_only,official_orcid_to_openalex_author,high,false,false,,2026-08-29T03:05:16.957Z
unimelb-accounting-003,Professor Gary Biddle,A5090783442,W2762750827,Shades of Gray: Internal Control Reporting by Chinese U.S.-Listed Firms,2018,2018-10-01,10.2308/acch-52300,https://doi.org/10.2308/acch-52300,Accounting Horizons,0888-7993,1558-7975,0888-7993; 1558-7975,[object Object]; [object Object]; [object Object]; [object Object],4,article,12,2.0543,0.87735311,false,false,closed,,"Auditing, Earnings Management, Governance; Corporate Finance and Governance; Corporate Taxation and Avoidance",2026-08-27T14:10:00.468798,2026-08-27T14:10:00.468798,openalex_orcid_only,official_orcid_to_openalex_author,high,false,false,,2026-08-29T03:05:16.957Z
unimelb-accounting-003,Professor Gary Biddle,A5090783442,W2021301382,Stock Price Reactions to LIFO Adoptions: The Association between Excess Returns and LIFO Tax Savings,1982,1982-01-01,10.2307/2490886,https://doi.org/10.2307/2490886,Journal of Accounting Research,0021-8456,1475-679X,0021-8456; 1475-679X,[object Object]; [object Object],2,article,27,1.8982,0.8605364,false,true,green,https://papers.ssrn.com/sol3/Delivery.cfm/SSRN_ID1673110_code17162.pdf?abstractid=1673110&mirid=1,Financial Reporting and Valuation Research; Corporate Taxation and Avoidance; Corporate Finance and Governance,2026-08-21T09:56:20.448147,2026-08-21T09:56:20.448147,openalex_orcid_only,official_orcid_to_openalex_author,high,false,false,,2026-08-29T03:05:16.957Z
unimelb-accounting-003,Professor Gary Biddle,A5090783442,W1632285871,The Estimation and Determinants of Associations between Returns and Earnings: Evidence from Cross-Industry Comparisons,1991,1991-04-01,10.1177/0148558x9100600203,https://doi.org/10.1177/0148558x9100600203,Journal of Accounting Auditing & Finance,0148-558X,2160-4061,0148-558X; 2160-4061,[object Object]; [object Object],2,article,24,1.3759,0.84865278,false,true,green,https://papers.ssrn.com/sol3/papers.cfm?abstract_id=1700982,"Auditing, Earnings Management, Governance; Financial Reporting and Valuation Research; Corporate Finance and Governance",2026-08-26T07:47:46.906454,2026-08-26T07:47:46.906454,openalex_orcid_only,official_orcid_to_openalex_author,high,false,false,,2026-08-29T03:05:16.957Z
unimelb-accounting-003,Professor Gary Biddle,A5090783442,W1532697514,Allocations of Joint and Common Costs,1984,1984-01-01,,https://orcid.org/0000-0001-9636-472X>,London School of Economics and Political Science Research Online (London School of Economics and Political Science),,,,[object Object]; [object Object],2,article,19,1.5714,0.80127186,false,true,green,https://papers.ssrn.com/sol3/Delivery.cfm/SSRN_ID1797371_code17162.pdf?abstractid=1797371&mirid=1,Accounting and Organizational Management,2026-08-26T07:47:46.906454,2026-08-26T07:47:46.906454,openalex_orcid_only,official_orcid_to_openalex_author,high,false,false,,2026-08-29T03:05:16.957Z
unimelb-accounting-003,Professor Gary Biddle,A5090783442,W2013683951,Are Auditors' Judgments Sufficiently Regressive?,1981,1981-01-01,10.2307/2490868,https://doi.org/10.2307/2490868,Journal of Accounting Research,0021-8456,1475-679X,0021-8456; 1475-679X,[object Object]; [object Object],2,article,17,2.3129,0.89160468,false,true,green,https://core.ac.uk/display/37953397,"Auditing, Earnings Management, Governance; Financial Markets and Investment Strategies; Experimental Behavioral Economics Studies",2026-08-21T09:56:20.448147,2026-08-21T09:56:20.448147,openalex_orcid_only,official_orcid_to_openalex_author,high,false,false,,2026-08-29T03:05:16.957Z
unimelb-accounting-003,Professor Gary Biddle,A5090783442,W2183019989,Conditional Conservatism and the Cost of Equity Capital: Information Precision and Information Asymmetry Effects,2015,2015-11-30,10.11114/afa.v2i1.1225,https://doi.org/10.11114/afa.v2i1.1225,Applied Finance and Accounting,2374-2410,2374-2429,2374-2410; 2374-2429,[object Object]; [object Object]; [object Object],3,article,8,2.7762,0.9197694,false,true,bronze,http://redfame.com/journal/index.php/afa/article/download/1225/1197,"Auditing, Earnings Management, Governance; Financial Markets and Investment Strategies; Corporate Finance and Governance",2026-07-02T09:51:11.867554,2026-07-02T09:51:11.867554,openalex_orcid_only,official_orcid_to_openalex_author,high,false,false,,2026-08-29T03:05:16.957Z
unimelb-accounting-003,Professor Gary Biddle,A5090783442,W3016721700,Designing for Growth: A Design Thinking Tool Kit for Managers,2016,2016-01-01,,https://findanexpert.unimelb.edu.au/scholarlywork/1331451-designing-for-growth--a-design-thinking-tool-kit-for-managers,The Accounting Review,0001-4826,1558-7967,0001-4826; 1558-7967,[object Object],1,article,8,1.9136,0.91314906,false,false,closed,,Business Strategies and Innovation; Organizational Learning and Leadership; Complex Systems and Decision Making,2025-10-10T17:16:08.811792,2025-10-10T17:16:08.811792,openalex_orcid_only,official_orcid_to_openalex_author,high,false,false,,2026-08-29T03:05:16.957Z
unimelb-accounting-003,Professor Gary Biddle,A5090783442,W2070791056,Analyst Forecast Errors and Stock Price Behavior Near the Earnings Announcement Dates of LIFO Adopters,1988,1988-01-01,10.2307/2491101,https://doi.org/10.2307/2491101,Journal of Accounting Research,0021-8456,1475-679X,0021-8456; 1475-679X,[object Object]; [object Object],2,article,16,2.3583,0.91952663,false,true,green,https://papers.ssrn.com/sol3/Delivery.cfm/SSRN_ID1679627_code17162.pdf?abstractid=1679627&mirid=1&type=2,"Auditing, Earnings Management, Governance; Financial Markets and Investment Strategies; Financial Reporting and Valuation Research",2026-08-21T09:56:20.448147,2026-08-21T09:56:20.448147,openalex_orcid_only,official_orcid_to_openalex_author,high,false,false,,2026-08-29T03:05:16.957Z
unimelb-accounting-003,Professor Gary Biddle,A5090783442,W190727811,Common cost allocation in the firm,1985,1985-01-01,,https://orcid.org/0000-0001-9636-472X>,London School of Economics and Political Science Research Online (London School of Economics and Political Science),,,,[object Object]; [object Object],2,book-chapter,8,0,0.13461538,false,false,closed,,Accounting and Organizational Management; Efficiency Analysis Using DEA; Financial Reporting and Valuation Research,2026-08-26T07:47:46.906454,2026-08-26T07:47:46.906454,openalex_orcid_only,official_orcid_to_openalex_author,high,false,false,,2026-08-29T03:05:16.957Z
unimelb-accounting-003,Professor Gary Biddle,A5090783442,W3124255112,A Stochastic Inventory Model Incorporating Intra-Year Purchases and Accounting Tax Incentives,1986,1986-06-01,10.1287/mnsc.32.6.714,https://doi.org/10.1287/mnsc.32.6.714,Management Science,0025-1909,1526-5501,0025-1909; 1526-5501,[object Object]; [object Object],2,article,4,0,0.47204969,false,false,closed,,Supply Chain and Inventory Management; Forecasting Techniques and Applications,2026-08-27T14:10:00.468798,2026-08-27T14:10:00.468798,openalex_orcid_only,official_orcid_to_openalex_author,high,false,false,,2026-08-29T03:05:16.957Z
unimelb-accounting-003,Professor Gary Biddle,A5090783442,W3009306291,Designing for Growth: Field Book,2016,2016-01-01,,https://findanexpert.unimelb.edu.au/scholarlywork/1331449-designing-for-growth--field-book,The Accounting Review,0001-4826,1558-7967,0001-4826; 1558-7967,[object Object],1,article,1,0,0.48750651,false,false,closed,,"Innovation and Socioeconomic Development; Diverse Education and Engineering Focus; Education, Technology, and Ethics",2025-10-10T17:16:08.811792,2025-10-10T17:16:08.811792,openalex_orcid_only,official_orcid_to_openalex_author,high,false,false,,2026-08-29T03:05:16.957Z
unimelb-accounting-003,Professor Gary Biddle,A5090783442,W2124060344,How Does Financial Reporting Quality Relate to Investment Efficiency?,2010,2010-01-01,10.2139/ssrn.1146536,https://doi.org/10.2139/ssrn.1146536,SSRN Electronic Journal,1556-5068,,1556-5068,[object Object]; [object Object]; [object Object],3,preprint,720,,,false,true,green,https://doi.org/10.2139/ssrn.1146536,"Financial Reporting and Valuation Research; Auditing, Earnings Management, Governance; Financial Markets and Investment Strategies",2026-08-21T09:56:20.448147,2026-08-21T09:56:20.448147,openalex_orcid_only,official_orcid_to_openalex_author,high,false,false,,2026-08-29T03:05:16.957Z
unimelb-accounting-003,Professor Gary Biddle,A5090783442,W2112176834,Does Eva Beat Earnings? Evidence on Associations with Stock Returns and Firm Values,2002,2002-01-01,10.2139/ssrn.2948,https://doi.org/10.2139/ssrn.2948,SSRN Electronic Journal,1556-5068,,1556-5068,[object Object]; [object Object]; [object Object],3,preprint,186,,,false,true,green,https://doi.org/10.2139/ssrn.2948,"Financial Reporting and Valuation Research; Auditing, Earnings Management, Governance; Corporate Finance and Governance",2026-08-26T07:47:46.906454,2026-08-26T07:47:46.906454,openalex_orcid_only,official_orcid_to_openalex_author,high,false,false,,2026-08-29T03:05:16.957Z
unimelb-accounting-003,Professor Gary Biddle,A5090783442,W2196445867,Accounting Conservatism and Bankruptcy Risk,2010,2010-01-01,10.2139/ssrn.1621272,https://doi.org/10.2139/ssrn.1621272,SSRN Electronic Journal,1556-5068,,1556-5068,[object Object]; [object Object]; [object Object],3,preprint,69,,,false,true,green,https://doi.org/10.2139/ssrn.1621272,"Auditing, Earnings Management, Governance; Financial Reporting and Valuation Research; Credit Risk and Financial Regulations",2026-08-21T09:56:20.448147,2026-08-21T09:56:20.448147,openalex_orcid_only,official_orcid_to_openalex_author,high,false,false,,2026-08-29T03:05:16.957Z
unimelb-accounting-003,Professor Gary Biddle,A5090783442,W1584453180,Do Adoptions of International Financial Reporting Standards Enhance Capital Investment Efficiency?,2013,2013-01-01,10.2139/ssrn.2353693,https://doi.org/10.2139/ssrn.2353693,SSRN Electronic Journal,1556-5068,,1556-5068,[object Object]; [object Object]; [object Object]; [object Object],4,preprint,40,,,false,true,green,https://doi.org/10.2139/ssrn.2353693,"Auditing, Earnings Management, Governance; Corporate Finance and Governance; Financial Reporting and Valuation Research",2026-08-28T12:50:07.497085,2026-08-28T12:50:07.497085,openalex_orcid_only,official_orcid_to_openalex_author,high,false,false,,2026-08-29T03:05:16.957Z
unimelb-accounting-003,Professor Gary Biddle,A5090783442,W2029946271,When Capital Follows Profitability: Non-Linear Residual Income Dynamics,2000,2000-01-01,10.2139/ssrn.251188,https://doi.org/10.2139/ssrn.251188,SSRN Electronic Journal,1556-5068,,1556-5068,[object Object]; [object Object]; [object Object],3,preprint,36,,,false,true,green,https://doi.org/10.2139/ssrn.251188,"Financial Reporting and Valuation Research; Capital Investment and Risk Analysis; Auditing, Earnings Management, Governance",2026-08-21T09:56:20.448147,2026-08-21T09:56:20.448147,openalex_orcid_only,official_orcid_to_openalex_author,high,false,false,,2026-08-29T03:05:16.957Z
unimelb-accounting-003,Professor Gary Biddle,A5090783442,W1595082867,The Risk Management Role of Accounting Conservatism for Operating Cash Flows,2010,2010-01-01,10.2139/ssrn.1695629,https://doi.org/10.2139/ssrn.1695629,SSRN Electronic Journal,1556-5068,,1556-5068,[object Object]; [object Object]; [object Object],3,preprint,32,,,false,true,green,https://doi.org/10.2139/ssrn.1695629,"Financial Reporting and Valuation Research; Auditing, Earnings Management, Governance; Risk Management in Financial Firms",2026-08-21T09:56:20.448147,2026-08-21T09:56:20.448147,openalex_orcid_only,official_orcid_to_openalex_author,high,false,false,,2026-08-29T03:05:16.957Z
unimelb-accounting-003,Professor Gary Biddle,A5090783442,W2105807458,Evidence on Eva,1999,1999-01-01,10.2139/ssrn.178168,https://doi.org/10.2139/ssrn.178168,SSRN Electronic Journal,1556-5068,,1556-5068,[object Object]; [object Object]; [object Object],3,preprint,27,,,false,true,green,https://doi.org/10.2139/ssrn.178168,Financial Reporting and Valuation Research; Space Exploration and Technology,2026-08-21T09:56:20.448147,2026-08-21T09:56:20.448147,openalex_orcid_only,official_orcid_to_openalex_author,high,false,false,,2026-08-29T03:05:16.957Z
unimelb-accounting-003,Professor Gary Biddle,A5090783442,W2216341064,"Foreign Stock Listings: Benefits, Costs, and the Accounting Poiicy Dilemma",1991,1991-08-05,,https://papers.ssrn.com/sol3/papers.cfm?abstract_id=1688144,SSRN Electronic Journal,1556-5068,,1556-5068,[object Object]; [object Object],2,preprint,22,,,false,true,green,https://papers.ssrn.com/sol3/papers.cfm?abstract_id=1688144,"Auditing, Earnings Management, Governance",2026-07-14T23:32:53.992493,2026-07-14T23:32:53.992493,openalex_orcid_only,official_orcid_to_openalex_author,high,false,false,,2026-08-29T03:05:16.957Z
unimelb-accounting-003,Professor Gary Biddle,A5090783442,W1587729875,Is Comprehensive Income Irrelevant?,2002,2002-01-01,10.2139/ssrn.316703,https://doi.org/10.2139/ssrn.316703,SSRN Electronic Journal,1556-5068,,1556-5068,[object Object]; [object Object],2,preprint,15,,,false,true,green,https://doi.org/10.2139/ssrn.316703,Corruption and Economic Development; Fiscal Policies and Political Economy; Economic Theory and Institutions,2026-08-21T09:56:20.448147,2026-08-21T09:56:20.448147,openalex_orcid_only,official_orcid_to_openalex_author,high,false,false,,2026-08-29T03:05:16.957Z
unimelb-accounting-003,Professor Gary Biddle,A5090783442,W2141305503,Economic Value Added: Some Empirical Evidence,1998,1998-11-01,10.1108/03074359810765714,https://doi.org/10.1108/03074359810765714,SSRN Electronic Journal,1556-5068,,1556-5068,[object Object]; [object Object]; [object Object],3,preprint,11,,,false,true,green,https://papers.ssrn.com/sol3/papers.cfm?abstract_id=1864368,Financial Reporting and Valuation Research,2026-08-21T09:56:20.448147,2026-08-21T09:56:20.448147,openalex_orcid_only,official_orcid_to_openalex_author,high,false,false,,2026-08-29T03:05:16.957Z
unimelb-accounting-003,Professor Gary Biddle,A5090783442,W2606922751,Shades of Gray: Internal Control Reporting by Chinese U.S.-listed Firms,2012,2012-01-01,10.2139/ssrn.2087535,https://doi.org/10.2139/ssrn.2087535,SSRN Electronic Journal,1556-5068,,1556-5068,[object Object]; [object Object]; [object Object]; [object Object],4,preprint,9,,,false,true,green,https://doi.org/10.2139/ssrn.2087535,"Auditing, Earnings Management, Governance; Corporate Finance and Governance; Corporate Taxation and Avoidance",2026-08-27T14:10:00.468798,2026-08-27T14:10:00.468798,openalex_orcid_only,official_orcid_to_openalex_author,high,false,false,,2026-08-29T03:05:16.957Z
unimelb-accounting-003,Professor Gary Biddle,A5090783442,W1558926676,"Conditional Conservatism and the Cost of Equity Capital: Informational, Fundamental, and Behavioral Effects",2012,2012-01-01,10.2139/ssrn.1985800,https://doi.org/10.2139/ssrn.1985800,SSRN Electronic Journal,1556-5068,,1556-5068,[object Object]; [object Object]; [object Object],3,preprint,8,,,false,true,green,https://doi.org/10.2139/ssrn.1985800,"Auditing, Earnings Management, Governance; Financial Markets and Investment Strategies; Corporate Finance and Governance",2026-08-26T07:47:46.906454,2026-08-26T07:47:46.906454,openalex_orcid_only,official_orcid_to_openalex_author,high,false,false,,2026-08-29T03:05:16.957Z
unimelb-accounting-003,Professor Gary Biddle,A5090783442,W2744212270,How Does Financial Reporting Quality Relate to Investment Efficiency,2009,2009-12-01,10.1016/j.jacceco.2009.09.001,https://doi.org/10.1016/j.jacceco.2009.09.001,RePEc: Research Papers in Economics,,,,[object Object]; [object Object]; [object Object],3,preprint,8,,,false,false,closed,,"Corporate Finance and Governance; Auditing, Earnings Management, Governance; Financial Reporting and Valuation Research",2026-08-26T07:47:46.906454,2026-08-26T07:47:46.906454,openalex_orcid_only,official_orcid_to_openalex_author,high,false,false,,2026-08-29T03:05:16.957Z
unimelb-accounting-003,Professor Gary Biddle,A5090783442,W2761477160,Does a Liability of Foreignness in Liquidity Apply to US IPOs?,2017,2017-01-01,10.2139/ssrn.3037214,https://doi.org/10.2139/ssrn.3037214,SSRN Electronic Journal,1556-5068,,1556-5068,[object Object]; [object Object]; [object Object],3,preprint,5,,,false,true,green,https://doi.org/10.2139/ssrn.3037214,"Corporate Finance and Governance; Banking stability, regulation, efficiency; Insurance and Financial Risk Management",2026-08-21T09:56:20.448147,2026-08-21T09:56:20.448147,openalex_orcid_only,official_orcid_to_openalex_author,high,false,false,,2026-08-29T03:05:16.957Z
unimelb-accounting-003,Professor Gary Biddle,A5090783442,W2997717960,Accounting Quality and Firm-Level Capital Investment,2006,2006-10-01,,https://econpapers.repec.org/RePEc:hal:journl:hal-00481720,RePEc: Research Papers in Economics,,,,[object Object]; [object Object],2,preprint,4,,,false,false,closed,,Corporate Finance and Governance; Corporate Taxation and Avoidance; Financial Reporting and Valuation Research,2026-08-26T07:47:46.906454,2026-08-26T07:47:46.906454,openalex_orcid_only,official_orcid_to_openalex_author,high,false,false,,2026-08-29T03:05:16.957Z
unimelb-accounting-003,Professor Gary Biddle,A5090783442,W3125643823,Discussion of â€œInventory accounting and earnings/price ratios: A Puzzleâ€,,,10.1111/j.1911-3846.1988.tb00711.x,https://doi.org/10.1111/j.1911-3846.1988.tb00711.x,RePEc: Research Papers in Economics,,,,[object Object],1,article,4,,,false,false,closed,,"Auditing, Earnings Management, Governance; Financial Reporting and Valuation Research; Corporate Finance and Governance",2026-08-26T07:47:46.906454,2026-08-26T07:47:46.906454,openalex_orcid_only,official_orcid_to_openalex_author,high,false,false,,2026-08-29T03:05:16.957Z
unimelb-accounting-003,Professor Gary Biddle,A5090783442,W2035001406,"Inflation, Taxes, and Optimal Inventory Policies",1985,1985-01-01,10.2307/2490907,https://doi.org/10.2307/2490907,Journal of Accounting Research,0021-8456,1475-679X,0021-8456; 1475-679X,[object Object]; [object Object],2,article,3,0,0.21467258,false,true,green,https://papers.ssrn.com/sol3/Delivery.cfm/SSRN_ID1679640_code17162.pdf?abstractid=1679640,Supply Chain and Inventory Management; Efficiency Analysis Using DEA; Financial Reporting and Valuation Research,2026-08-21T09:56:20.448147,2026-08-21T09:56:20.448147,openalex_orcid_only,official_orcid_to_openalex_author,high,false,false,,2026-08-29T03:05:16.957Z
unimelb-accounting-003,Professor Gary Biddle,A5090783442,W3121324124,Conditional Conservatism and the Cost of Equity Capital: Information Precision and Information Asymmetry Effects,2015,2015-01-01,10.2139/ssrn.2444023,https://doi.org/10.2139/ssrn.2444023,SSRN Electronic Journal,1556-5068,,1556-5068,[object Object]; [object Object]; [object Object],3,preprint,3,,,false,true,green,https://doi.org/10.2139/ssrn.2444023,"Auditing, Earnings Management, Governance; Financial Markets and Investment Strategies; Corporate Finance and Governance",2026-07-28T07:46:37.118299,2026-07-28T07:46:37.118299,openalex_orcid_only,official_orcid_to_openalex_author,high,false,false,,2026-08-29T03:05:16.957Z
unimelb-accounting-003,Professor Gary Biddle,A5090783442,W2032635311,Discussion of “Inventory accounting and earnings/price ratios: A Puzzle”,1988,1988-09-01,10.1111/j.1911-3846.1988.tb00711.x,https://doi.org/10.1111/j.1911-3846.1988.tb00711.x,Contemporary Accounting Research,0823-9150,1911-3846,0823-9150; 1911-3846,[object Object],1,editorial,2,,,false,true,green,https://papers.ssrn.com/sol3/Delivery.cfm/SSRN_ID1865028_code17162.pdf?abstractid=1865028&type=2,"Auditing, Earnings Management, Governance; Financial Reporting and Valuation Research; Corporate Finance and Governance",2026-08-21T09:56:20.448147,2026-08-21T09:56:20.448147,openalex_orcid_only,official_orcid_to_openalex_author,high,false,false,,2026-08-29T03:05:16.957Z
unimelb-accounting-003,Professor Gary Biddle,A5090783442,W2763907173,Do Clawback Adoptions Influence Capital Investments?,2017,2017-01-01,10.2139/ssrn.3042973,https://doi.org/10.2139/ssrn.3042973,SSRN Electronic Journal,1556-5068,,1556-5068,[object Object]; [object Object]; [object Object],3,preprint,2,,,false,true,green,https://doi.org/10.2139/ssrn.3042973,"Auditing, Earnings Management, Governance; Corporate Finance and Governance; Financial Reporting and Valuation Research",2026-08-04T08:18:43.703281,2026-08-04T08:18:43.703281,openalex_orcid_only,official_orcid_to_openalex_author,high,false,false,,2026-08-29T03:05:16.957Z
unimelb-accounting-003,Professor Gary Biddle,A5090783442,W1992946129,A Stochastic Inventory Model Incorporation Intra-Year Purchases and Accounting Tax Incentives,1986,1986-06-01,,https://core.ac.uk/display/37973445,SSRN Electronic Journal,1556-5068,,1556-5068,[object Object]; [object Object],2,preprint,1,,,false,true,green,https://core.ac.uk/display/37973445,Supply Chain and Inventory Management; Efficiency Analysis Using DEA,2026-07-14T23:32:53.992493,2026-07-14T23:32:53.992493,openalex_orcid_only,official_orcid_to_openalex_author,high,false,false,,2026-08-29T03:05:16.957Z
unimelb-accounting-003,Professor Gary Biddle,A5090783442,W2080596055,[Discussion of Accounting Methods and Management Decisions: The Case of Inventory Costing and Inventory Policy]: A Reply,1980,1980-01-01,10.2307/2490344,https://doi.org/10.2307/2490344,Journal of Accounting Research,0021-8456,1475-679X,0021-8456; 1475-679X,[object Object],1,article,1,0,0.33826795,false,false,closed,,Corporate Governance and Management,2026-08-21T09:56:20.448147,2026-08-21T09:56:20.448147,openalex_orcid_only,official_orcid_to_openalex_author,high,false,false,,2026-08-29T03:05:16.957Z
unimelb-accounting-003,Professor Gary Biddle,A5090783442,W2119484147,Computer-Intensive Methods in Auditing: Bootstrap Difference and Ratio Estimation.,1990,1990-09-01,10.2308/ajpt-9703144308,https://doi.org/10.2308/ajpt-9703144308,Auditing A Journal of Practice & Theory,0278-0380,1558-7991,0278-0380; 1558-7991,[object Object]; [object Object]; [object Object],3,article,1,0,0.17384696,false,false,closed,,Imbalanced Data Classification Techniques; Advanced Statistical Methods and Models; Forecasting Techniques and Applications,2026-07-27T08:26:11.824852,2026-07-27T08:26:11.824852,openalex_orcid_only,official_orcid_to_openalex_author,high,false,false,,2026-08-29T03:05:16.957Z
unimelb-accounting-003,Professor Gary Biddle,A5090783442,W4232571596,Book Reviews,2016,2016-10-28,10.2308/accr-10497,https://doi.org/10.2308/accr-10497,The Accounting Review,0001-4826,1558-7967,0001-4826; 1558-7967,[object Object],1,book-review,1,,,false,false,closed,,"Corporate Finance and Governance; Corporate Taxation and Avoidance; Auditing, Earnings Management, Governance",2026-07-14T23:27:15.235271,2026-07-14T23:27:15.235271,openalex_orcid_only,official_orcid_to_openalex_author,high,false,false,,2026-08-29T03:05:16.957Z
unimelb-accounting-003,Professor Gary Biddle,A5090783442,W4242512535,Book Reviews,2019,2019-05-01,10.2308/accr-10647,https://doi.org/10.2308/accr-10647,The Accounting Review,0001-4826,1558-7967,0001-4826; 1558-7967,[object Object],1,book-review,1,,,false,false,closed,,"Auditing, Earnings Management, Governance; Financial Reporting and Valuation Research; Corporate Finance and Governance",2026-07-14T23:27:15.235271,2026-07-14T23:27:15.235271,openalex_orcid_only,official_orcid_to_openalex_author,high,false,false,,2026-08-29T03:05:16.957Z
unimelb-accounting-003,Professor Gary Biddle,A5090783442,W1981706099,"Comments on “Legal Institutions, Ownership Concentration, and Stock Repurchases around the World: Signal Mimicking?”",2013,2013-10-30,10.1016/j.intacc.2013.10.003,https://doi.org/10.1016/j.intacc.2013.10.003,The International Journal of Accounting,0020-7063,1094-4060,0020-7063; 1094-4060; 1879-2251; 2213-3933,[object Object],1,article,0,0,0.20004128,false,false,closed,,Corporate Finance and Governance,2026-07-31T08:31:51.225901,2026-07-31T08:31:51.225901,openalex_orcid_only,official_orcid_to_openalex_author,high,false,false,,2026-08-29T03:05:16.957Z
unimelb-accounting-003,Professor Gary Biddle,A5090783442,W219060970,Tax-Cutting Inventory Management,1985,1985-01-01,,https://papers.ssrn.com/sol3/papers.cfm?abstract_id=1865021,SSRN Electronic Journal,1556-5068,,1556-5068,[object Object]; [object Object],2,preprint,0,,,false,true,green,https://papers.ssrn.com/sol3/papers.cfm?abstract_id=1865021,Operations Management Techniques; Supply Chain and Inventory Management; ERP Systems Implementation and Impact,2026-07-15T18:14:33.161393,2026-07-15T18:14:33.161393,openalex_orcid_only,official_orcid_to_openalex_author,high,false,false,,2026-08-29T03:05:16.957Z
unimelb-accounting-003,Professor Gary Biddle,A5090783442,W2272539936,Is the Whole Greater than the Sum of Its Parts? Evidence of Synergies in Earnings versus EVA®,2002,2002-01-01,,https://hub.hku.hk/handle/10722/193727,,,,,[object Object]; [object Object]; [object Object],3,article,0,0,0.33781729,false,false,closed,,Financial Reporting and Valuation Research,2026-06-11T09:08:48.828518,2026-06-11T09:08:48.828518,openalex_orcid_only,official_orcid_to_openalex_author,high,false,false,,2026-08-29T03:05:16.957Z
unimelb-accounting-003,Professor Gary Biddle,A5090783442,W2275886860,"Feeling the Pulse of the Hong Kong Economy (替香港經濟把脈), Hong Kong: Cosmos Books",2005,2005-01-01,,http://repository.ust.hk/ir/Record/1783.1-10867,,,,,[object Object]; [object Object],2,book,0,0,0.21420118,false,false,closed,,"Housing, Finance, and Neoliberalism",2026-06-11T09:08:48.828518,2026-06-11T09:08:48.828518,openalex_orcid_only,official_orcid_to_openalex_author,high,false,false,,2026-08-29T03:05:16.957Z
unimelb-accounting-003,Professor Gary Biddle,A5090783442,W2475536035,Book Reviews,2016,2016-02-22,10.2308/accr-10486,https://doi.org/10.2308/accr-10486,The Accounting Review,0001-4826,1558-7967,0001-4826; 1558-7967,[object Object],1,book-review,0,,,false,false,closed,,Accounting Education and Careers; Educational Reforms and Innovations; Accounting and Organizational Management,2026-07-14T23:27:15.235271,2026-07-14T23:27:15.235271,openalex_orcid_only,official_orcid_to_openalex_author,high,false,false,,2026-08-29T03:05:16.957Z
unimelb-accounting-003,Professor Gary Biddle,A5090783442,W2564674139,Designing for Growth: A Design Thinking Tool Kit for Managers/Designing for Growth: Field Book.,2016,2016-01-01,,https://dialnet.unirioja.es/servlet/articulo?codigo=5721543,Dialnet (Universidad de la Rioja),,,,[object Object],1,article,0,0,0.21336537,false,false,closed,,Business Strategies and Innovation; Education Systems and Policy,2026-07-28T07:46:37.118299,2026-07-28T07:46:37.118299,openalex_orcid_only,official_orcid_to_openalex_author,high,false,false,,2026-08-29T03:05:16.957Z
unimelb-accounting-003,Professor Gary Biddle,A5090783442,W2564990287,"Institutional Investor Activism: Hedge Funds and Private Equity, Economics and Regulation.",2016,2016-01-01,,https://dialnet.unirioja.es/servlet/articulo?codigo=5721544,Dialnet (Universidad de la Rioja),,,,[object Object],1,article,0,0,0.22868209,false,false,closed,,Private Equity and Venture Capital; State Capitalism and Financial Governance,2026-07-28T07:46:37.118299,2026-07-28T07:46:37.118299,openalex_orcid_only,official_orcid_to_openalex_author,high,false,false,,2026-08-29T03:05:16.957Z
unimelb-accounting-003,Professor Gary Biddle,A5090783442,W2592218847,The Effects of Accounting and Disclosure Quality on Firm-level Investment,2005,2005-01-01,,http://repository.ust.hk/ir/Record/1783.1-11017,,,,,[object Object]; [object Object],2,article,0,0,0.52872774,false,false,closed,,"Auditing, Earnings Management, Governance; Impact of AI and Big Data on Business and Society; Financial Reporting and XBRL",2026-06-11T09:08:48.828518,2026-06-11T09:08:48.828518,openalex_orcid_only,official_orcid_to_openalex_author,high,false,false,,2026-08-29T03:05:16.957Z
unimelb-accounting-003,Professor Gary Biddle,A5090783442,W2895905261,Do Clawback Provisions influence Capital Investments,2017,2017-01-01,,http://hdl.handle.net/10722/245808,The HKU Scholars Hub (University of Hong Kong),,,,[object Object]; [object Object]; [object Object],3,conference-paper,0,0,0.51035987,false,false,closed,,Monetary Policy and Economic Impact; Financial Markets and Investment Strategies; Economic theories and models,2026-08-21T09:56:20.448147,2026-08-21T09:56:20.448147,openalex_orcid_only,official_orcid_to_openalex_author,high,false,false,,2026-08-29T03:05:16.957Z
unimelb-accounting-003,Professor Gary Biddle,A5090783442,W3045154043,Shades of Gray: Internal Control Reporting by U.S.-listed Chinese Firms,2018,2018-01-01,,https://findanexpert.unimelb.edu.au/scholarlywork/1332633-shades-of-gray--internal-control-reporting-by-u.s.-listed-chinese-firms,Accounting Horizons,0888-7993,1558-7975,0888-7993; 1558-7975,[object Object]; [object Object]; [object Object]; [object Object],4,article,0,0,0.43324235,false,false,closed,,"Auditing, Earnings Management, Governance",2026-06-11T09:08:48.828518,2026-06-11T09:08:48.828518,openalex_orcid_only,official_orcid_to_openalex_author,high,false,false,,2026-08-29T03:05:16.957Z
unimelb-accounting-003,Professor Gary Biddle,A5090783442,W3046514780,Further Analyses and Robustness Checks Addendum to: “Accounting Conservatism and Bankruptcy Risk”,2020,2020-07-31,10.1177/0148558x20945157,https://doi.org/10.1177/0148558x20945157,Journal of Accounting Auditing & Finance,0148-558X,2160-4061,0148-558X; 2160-4061,[object Object]; [object Object]; [object Object],3,article,0,0,0.12304364,false,false,closed,,Insurance and Financial Risk Management; Credit Risk and Financial Regulations,2026-08-28T12:50:07.497085,2026-08-28T12:50:07.497085,openalex_orcid_only,official_orcid_to_openalex_author,high,false,false,,2026-08-29T03:05:16.957Z
unimelb-accounting-003,Professor Gary Biddle,A5090783442,W3153894111,"If Slowing Growth, Unsound Financial Systems and the Coronavirus Don’t Trigger a Market Meltdown, Central Banks Will",2020,2020-02-20,,https://papers.ssrn.com/sol3/Delivery.cfm/SSRN_ID3551749_code17162.pdf?abstractid=3551749&mirid=1,SSRN Electronic Journal,1556-5068,,1556-5068,[object Object],1,preprint,0,,,false,true,green,https://papers.ssrn.com/sol3/Delivery.cfm/SSRN_ID3551749_code17162.pdf?abstractid=3551749&mirid=1,COVID-19 Pandemic Impacts,2026-07-14T23:32:53.992493,2026-07-14T23:32:53.992493,openalex_orcid_only,official_orcid_to_openalex_author,high,false,false,,2026-08-29T03:05:16.957Z
unimelb-accounting-003,Professor Gary Biddle,A5090783442,W3178217991,"Comments On ‘Legal Institutions, Ownership Concentration, and Stock Repurchases around the World: Signal Mimicking?’",2013,2013-02-11,,https://papers.ssrn.com/sol3/papers.cfm?abstract_id=2697340,SSRN Electronic Journal,1556-5068,,1556-5068,[object Object],1,preprint,0,,,false,true,green,https://papers.ssrn.com/sol3/papers.cfm?abstract_id=2697340,Corporate Finance and Governance,2026-07-14T23:32:53.992493,2026-07-14T23:32:53.992493,openalex_orcid_only,official_orcid_to_openalex_author,high,false,false,,2026-08-29T03:05:16.957Z
unimelb-accounting-003,Professor Gary Biddle,A5090783442,W4241591820,Book Reviews,2016,2016-01-01,10.2308/accr-10510,https://doi.org/10.2308/accr-10510,The Accounting Review,0001-4826,1558-7967,0001-4826; 1558-7967,[object Object],1,book-review,0,,,false,false,closed,,Accounting Education and Careers; Educational Reforms and Innovations; Accounting and Organizational Management,2026-07-14T23:27:15.235271,2026-07-14T23:27:15.235271,openalex_orcid_only,official_orcid_to_openalex_author,high,false,false,,2026-08-29T03:05:16.957Z
unimelb-accounting-003,Professor Gary Biddle,A5090783442,W4248881327,Appsolutely amazing: A strategic review of the app industry,2011,2011-01-01,10.1037/e605342012-013,https://doi.org/10.1037/e605342012-013,PsycEXTRA Dataset,,,,[object Object],1,dataset,0,,,false,false,closed,,"Technology Adoption and User Behaviour; Digital Platforms and Economics; FinTech, Crowdfunding, Digital Finance",2026-07-15T18:14:33.161393,2026-07-15T18:14:33.161393,openalex_orcid_only,official_orcid_to_openalex_author,high,false,false,,2026-08-29T03:05:16.957Z
unimelb-accounting-003,Professor Gary Biddle,A5090783442,W4320902529,Evidence on EVA,2023,2023-01-01,10.2139/ssrn.4357566,https://doi.org/10.2139/ssrn.4357566,SSRN Electronic Journal,1556-5068,,1556-5068,[object Object]; [object Object]; [object Object],3,preprint,0,,,false,true,green,https://doi.org/10.2139/ssrn.4357566,Space Exploration and Technology,2026-08-21T09:56:20.448147,2026-08-21T09:56:20.448147,openalex_orcid_only,official_orcid_to_openalex_author,high,false,false,,2026-08-29T03:05:16.957Z
unimelb-accounting-003,Professor Gary Biddle,A5090783442,W4413849581,Status as a Mechanism to Co-opt the Board: Evidence from Two Hong Kong Natural Experiments,2025,2025-01-01,10.2139/ssrn.5420832,https://doi.org/10.2139/ssrn.5420832,SSRN Electronic Journal,1556-5068,,1556-5068,[object Object]; [object Object],2,preprint,0,,,false,true,green,https://doi.org/10.2139/ssrn.5420832,Political Influence and Corporate Strategies,2026-08-04T08:18:43.703281,2026-08-04T08:18:43.703281,openalex_orcid_only,official_orcid_to_openalex_author,high,false,false,,2026-08-29T03:05:16.957Z
unimelb-accounting-003,Professor Gary Biddle,A5090783442,W7137257120,Corporate Financial Disclosure (Book).,1988,1988-07-01,10.2308/tar-4491639,https://doi.org/10.2308/tar-4491639,The Accounting Review,0001-4826,1558-7967,0001-4826; 1558-7967,[object Object]; [object Object],2,article,0,0,0.81927155,false,false,closed,,"Auditing, Earnings Management, Governance; Accounting Theory and Financial Reporting; Corporate Social Responsibility Reporting",2026-06-11T09:08:48.828518,2026-06-11T09:08:48.828518,openalex_orcid_only,official_orcid_to_openalex_author,high,false,false,,2026-08-29T03:05:16.957Z
unimelb-accounting-004,Dr Stuart Black,A5102782564,W4318825617,Data governance and the secondary use of data: The board influence,2023,2023-02-01,10.1016/j.infoandorg.2023.100447,https://doi.org/10.1016/j.infoandorg.2023.100447,Information and Organization,1471-7727,1873-7919,1471-7727; 1873-7919,[object Object]; [object Object]; [object Object]; [object Object],4,article,18,4.5431,0.94376037,false,true,green,https://figshare.com/articles/journal_contribution/Data_governance_and_the_secondary_use_of_data_The_board_influence/27570384,Big Data and Business Intelligence; Data Quality and Management; Insurance and Financial Risk Management,2026-08-28T12:50:07.497085,2026-08-28T12:50:07.497085,openalex_orcid_only,official_orcid_to_openalex_author,high,false,false,,2026-08-29T03:05:16.957Z
unimelb-accounting-004,Dr Stuart Black,A5102782564,W2090376855,Social welfare in rural Europe,1994,1994-10-01,10.1016/0743-0167(94)90044-2,https://doi.org/10.1016/0743-0167(94)90044-2,Journal of Rural Studies,0743-0167,1873-1392,0743-0167; 1873-1392,[object Object]; [object Object]; [object Object]; [object Object],4,article,19,0,0.31898084,false,false,closed,,Rural development and sustainability; Agricultural Economics and Policy; Regional Development and Policy,2026-08-21T09:56:20.448147,2026-08-21T09:56:20.448147,openalex_orcid_only,official_orcid_to_openalex_author,high,false,false,,2026-08-29T03:05:16.957Z
unimelb-accounting-004,Dr Stuart Black,A5102782564,W4283820995,Business Model Transformation,2022,2022-07-05,10.4324/9781003255529,https://doi.org/10.4324/9781003255529,,,,,[object Object]; [object Object]; [object Object],3,book,3,0.3751,0.56675749,false,false,closed,,Big Data and Business Intelligence; Business Process Modeling and Analysis; Digital Innovation in Industries,2026-08-21T09:56:20.448147,2026-08-21T09:56:20.448147,openalex_orcid_only,official_orcid_to_openalex_author,high,false,false,,2026-08-29T03:05:16.957Z
unimelb-accounting-004,Dr Stuart Black,A5102782564,W7154083807,GenAI as a Posthuman Creative Collaborator – Evidence from Artistic Exploration,2026,2026-04-13,10.1007/s10796-026-10719-1,https://doi.org/10.1007/s10796-026-10719-1,Information Systems Frontiers,1387-3326,1572-9419,1387-3326; 1572-9419,[object Object]; [object Object]; [object Object],3,article,1,6.8502,0.96581633,false,true,hybrid,https://link.springer.com/content/pdf/10.1007/s10796-026-10719-1.pdf,Ethics and Social Impacts of AI; Innovative Human-Technology Interaction; Open Source Software Innovations,2026-08-26T07:47:46.906454,2026-08-26T07:47:46.906454,openalex_orcid_only,official_orcid_to_openalex_author,high,false,false,,2026-08-29T03:05:16.957Z
unimelb-accounting-004,Dr Stuart Black,A5102782564,W2095546254,Highlands and Islands Enterprise: Strategies for economic and social development,1993,1993-05-01,10.1080/02690949308726174,https://doi.org/10.1080/02690949308726174,Local Economy The Journal of the Local Economy Policy Unit,0269-0942,1470-9325,0269-0942; 1470-9325,[object Object]; [object Object],2,article,8,3.8597,0.94124009,false,false,closed,,Island Studies and Pacific Affairs,2026-08-21T09:56:20.448147,2026-08-21T09:56:20.448147,openalex_orcid_only,official_orcid_to_openalex_author,high,false,false,,2026-08-29T03:05:16.957Z
unimelb-accounting-004,Dr Stuart Black,A5102782564,W2084157073,The European Community's LEADER programme in the Highlands and Islands,1996,1996-06-01,10.1080/14702549608554455,https://doi.org/10.1080/14702549608554455,Scottish Geographical Magazine,0036-9225,,0036-9225,[object Object]; [object Object],2,article,11,1.8565,0.87014493,false,false,closed,,Rural development and sustainability,2026-08-15T07:11:24.734988,2026-08-15T07:11:24.734988,openalex_orcid_only,official_orcid_to_openalex_author,high,false,false,,2026-08-29T03:05:16.957Z
unimelb-accounting-004,Dr Stuart Black,A5102782564,W1992980595,Community-Led rural development policies in the highlands and islands: The European Community's leader programme,1995,1995-11-01,10.1080/02690949508726285,https://doi.org/10.1080/02690949508726285,Local Economy The Journal of the Local Economy Policy Unit,0269-0942,1470-9325,0269-0942; 1470-9325,[object Object]; [object Object],2,article,7,3.6644,0.91892438,false,false,closed,,Rural development and sustainability,2026-08-21T09:56:20.448147,2026-08-21T09:56:20.448147,openalex_orcid_only,official_orcid_to_openalex_author,high,false,false,,2026-08-29T03:05:16.957Z
unimelb-accounting-004,Dr Stuart Black,A5102782564,W3032939329,Opportunity or threat: Board perspectives on the secondary use of data,2020,2020-01-01,,https://aisel.aisnet.org/pacis2020/112,Journal of the Association for Information Systems,1536-9323,,1536-9323,[object Object]; [object Object]; [object Object]; [object Object],4,article,1,0,0.08133317,false,false,closed,,Insurance and Financial Risk Management; Risk Management in Financial Firms; Big Data and Business Intelligence,2026-08-01T09:00:35.917206,2026-08-01T09:00:35.917206,openalex_orcid_only,official_orcid_to_openalex_author,high,false,false,,2026-08-29T03:05:16.957Z
unimelb-accounting-004,Dr Stuart Black,A5102782564,W2227088513,Financial Structures: A Key to Managing Risks for Australian Farm Businesses,2000,2000-01-01,,http://search.informit.com.au/documentSummary;dn=641675985212922;res=IELBUS;subject=Social%20Sciences,,,,,[object Object]; [object Object],2,article,2,0.7968,0.79812716,false,false,closed,,Livestock Management and Performance Improvement; Agricultural risk and resilience; Agricultural Innovations and Practices,2026-06-11T09:08:48.828518,2026-06-11T09:08:48.828518,openalex_orcid_only,official_orcid_to_openalex_author,high,false,false,,2026-08-29T03:05:16.957Z
unimelb-accounting-004,Dr Stuart Black,A5102782564,W4283815041,Innovation,2022,2022-07-05,10.4324/9781003255529-6,https://doi.org/10.4324/9781003255529-6,,,,,[object Object]; [object Object]; [object Object],3,book-chapter,1,,,false,false,closed,,,2026-07-29T09:40:50.615796,2026-07-29T09:40:50.615796,openalex_orcid_only,official_orcid_to_openalex_author,high,false,false,,2026-08-29T03:05:16.957Z
unimelb-accounting-004,Dr Stuart Black,A5102782564,W4402254585,AJIS Thinking Differently in Service of The Community,2024,2024-09-05,10.3127/ajis.v28.5427,https://doi.org/10.3127/ajis.v28.5427,AJIS. Australasian journal of information systems/AJIS. Australian journal of information systems/Australian journal of information systems,1039-7841,1326-2238,1039-7841; 1326-2238; 1449-8618,[object Object]; [object Object],2,editorial,1,,,false,true,diamond,https://ajis.aaisnet.org/index.php/ajis/article/download/5427/1487,Edcuational Technology Systems; AI in Service Interactions; Web and Library Services,2026-08-23T07:36:19.812096,2026-08-23T07:36:19.812096,openalex_orcid_only,official_orcid_to_openalex_author,high,false,false,,2026-08-29T03:05:16.957Z
unimelb-accounting-004,Dr Stuart Black,A5102782564,W2111530292,"In Memoriam: Robert B. Nett, Jr. MD (1954–2012)",2012,2012-05-01,10.1111/j.1526-4610.2012.02158_2.x,https://doi.org/10.1111/j.1526-4610.2012.02158_2.x,Headache The Journal of Head and Face Pain,0017-8748,1526-4610,0017-8748; 1526-4610,[object Object],1,other,0,,,false,false,closed,,Healthcare Policy and Management; Diversity and Career in Medicine; Primary Care and Health Outcomes,2026-08-21T09:56:20.448147,2026-08-21T09:56:20.448147,openalex_orcid_only,official_orcid_to_openalex_author,high,false,false,,2026-08-29T03:05:16.957Z
unimelb-accounting-004,Dr Stuart Black,A5102782564,W2263269027,Building your business advisory practice - practice management tips for SMPS : practice management,2014,2014-01-01,,https://journals.co.za/content/account/2014/22/EJC161876,The Accountant,1680-7537,,1680-7537,[object Object]; [object Object],2,article,0,0,0.17719411,false,false,closed,,Insurance and Financial Risk Management; Impact of AI and Big Data on Business and Society; Risk Management in Financial Firms,2026-06-11T09:08:48.828518,2026-06-11T09:08:48.828518,openalex_orcid_only,official_orcid_to_openalex_author,high,false,false,,2026-08-29T03:05:16.957Z
unimelb-accounting-004,Dr Stuart Black,A5102782564,W2266750122,Agency restructuring in the Highlands and Islands: a preliminary evaluation of the Local Enterprise Companies,1993,1993-03-01,,https://strathprints.strath.ac.uk/view/year/1993.html>),Strathprints: The University of Strathclyde institutional repository (University of Strathclyde),,,,[object Object]; [object Object],2,article,0,0,0.36373586,false,true,green,https://strathprints.strath.ac.uk/51443/1/FEC_18_3_1993_BlackS.pdf,Scottish History and National Identity; Regional Development and Policy,2026-08-25T07:29:55.448023,2026-08-25T07:29:55.448023,openalex_orcid_only,official_orcid_to_openalex_author,high,false,false,,2026-08-29T03:05:16.957Z
unimelb-accounting-004,Dr Stuart Black,A5102782564,W2272301588,Social media marketing may be the key to practice profitability,2013,2013-01-01,,https://journals.co.za/content/account/2013/4/EJC147495,The Accountant,1680-7537,,1680-7537,[object Object]; [object Object],2,article,0,0,0.25267143,false,false,closed,,Social Media in Health Education,2026-06-11T09:08:48.828518,2026-06-11T09:08:48.828518,openalex_orcid_only,official_orcid_to_openalex_author,high,false,false,,2026-08-29T03:05:16.957Z
unimelb-accounting-004,Dr Stuart Black,A5102782564,W2281745728,How to build your business advisory practice - practice management tips for SMPs : IFAC,2012,2012-01-01,,https://journals.co.za/content/taxpro/2012/3/EJC125948,Tax Professional,,,,[object Object]; [object Object],2,article,0,0,0.24388994,false,false,closed,,Organizational Change and Leadership,2026-06-11T09:08:48.828518,2026-06-11T09:08:48.828518,openalex_orcid_only,official_orcid_to_openalex_author,high,false,false,,2026-08-29T03:05:16.957Z
unimelb-accounting-004,Dr Stuart Black,A5102782564,W2314395154,Can Fee for Service Be Sustained?,2012,2012-05-01,10.1016/s1097-8690(12)70365-7,https://doi.org/10.1016/s1097-8690(12)70365-7,Internal Medicine News,1097-8690,,1097-8690,[object Object],1,article,0,0,0.32858997,false,false,closed,,Service and Product Innovation,2025-11-06T03:46:38.306776,2025-11-06T03:46:38.306776,openalex_orcid_only,official_orcid_to_openalex_author,high,false,false,,2026-08-29T03:05:16.957Z
unimelb-accounting-004,Dr Stuart Black,A5102782564,W2963577900,How accounting practices can support the globalisation of small business : SMEs,2014,2014-01-01,,https://journals.co.za/content/account/2014/22/EJC161874,The Accountant,1680-7537,,1680-7537,[object Object]; [object Object],2,article,0,0,0.46325525,false,false,closed,,Family Business Performance and Succession; Entrepreneurship Studies and Influences,2026-06-11T09:08:48.828518,2026-06-11T09:08:48.828518,openalex_orcid_only,official_orcid_to_openalex_author,high,false,false,,2026-08-29T03:05:16.957Z
unimelb-accounting-004,Dr Stuart Black,A5102782564,W4283804982,"The board, executive and leadership's role in BMT",2022,2022-07-05,10.4324/9781003255529-7,https://doi.org/10.4324/9781003255529-7,,,,,[object Object]; [object Object]; [object Object],3,book-chapter,0,0,0.21718174,false,false,closed,,"Economic, financial, and policy analysis",2026-07-29T09:40:50.615796,2026-07-29T09:40:50.615796,openalex_orcid_only,official_orcid_to_openalex_author,high,false,false,,2026-08-29T03:05:16.957Z
unimelb-accounting-004,Dr Stuart Black,A5102782564,W4283809213,Local case studies,2022,2022-07-05,10.4324/9781003255529-3,https://doi.org/10.4324/9781003255529-3,,,,,[object Object]; [object Object]; [object Object],3,book-chapter,0,0,0.23138971,false,false,closed,,"Water Governance and Infrastructure; Urban Planning and Governance; Conservation, Biodiversity, and Resource Management",2026-07-29T09:40:50.615796,2026-07-29T09:40:50.615796,openalex_orcid_only,official_orcid_to_openalex_author,high,false,false,,2026-08-29T03:05:16.957Z
unimelb-accounting-004,Dr Stuart Black,A5102782564,W4283812663,International leading practice 1,2022,2022-07-05,10.4324/9781003255529-4,https://doi.org/10.4324/9781003255529-4,,,,,[object Object]; [object Object]; [object Object],3,book-chapter,0,0,0.22411307,false,false,closed,,Research in Social Sciences; Evaluation and Performance Assessment,2026-08-21T09:56:20.448147,2026-08-21T09:56:20.448147,openalex_orcid_only,official_orcid_to_openalex_author,high,false,false,,2026-08-29T03:05:16.957Z
unimelb-accounting-004,Dr Stuart Black,A5102782564,W4283812984,So what should I do now?,2022,2022-07-05,10.4324/9781003255529-9,https://doi.org/10.4324/9781003255529-9,,,,,[object Object]; [object Object]; [object Object],3,book-chapter,0,0,0.22121153,false,false,closed,,"Educational Leadership and Practices; Dental Education, Practice, Research; Occupational Therapy Practice and Research",2026-07-29T09:40:50.615796,2026-07-29T09:40:50.615796,openalex_orcid_only,official_orcid_to_openalex_author,high,false,false,,2026-08-29T03:05:16.957Z
unimelb-accounting-004,Dr Stuart Black,A5102782564,W4283814921,Introduction to AI/Cloud-enabled business transformation,2022,2022-07-05,10.4324/9781003255529-1,https://doi.org/10.4324/9781003255529-1,,,,,[object Object]; [object Object]; [object Object],3,book-chapter,0,0,0.21706915,false,false,closed,,Big Data and Business Intelligence,2026-07-29T09:40:50.615796,2026-07-29T09:40:50.615796,openalex_orcid_only,official_orcid_to_openalex_author,high,false,false,,2026-08-29T03:05:16.957Z
unimelb-accounting-004,Dr Stuart Black,A5102782564,W4283814962,The business-relevant details behind AI and Cloud technology,2022,2022-07-05,10.4324/9781003255529-5,https://doi.org/10.4324/9781003255529-5,,,,,[object Object]; [object Object]; [object Object],3,book-chapter,0,0,0.21734358,false,false,closed,,Big Data and Business Intelligence; Digital Transformation in Industry; Impact of AI and Big Data on Business and Society,2026-07-29T09:40:50.615796,2026-07-29T09:40:50.615796,openalex_orcid_only,official_orcid_to_openalex_author,high,false,false,,2026-08-29T03:05:16.957Z
unimelb-accounting-004,Dr Stuart Black,A5102782564,W4283820740,What's next for AI- and Cloud-enabled innovation in the Australian business environment,2022,2022-07-05,10.4324/9781003255529-8,https://doi.org/10.4324/9781003255529-8,,,,,[object Object]; [object Object]; [object Object],3,book-chapter,0,0,0.18612922,false,false,closed,,Collaboration in agile enterprises; Impact of AI and Big Data on Business and Society,2026-07-29T09:40:50.615796,2026-07-29T09:40:50.615796,openalex_orcid_only,official_orcid_to_openalex_author,high,false,false,,2026-08-29T03:05:16.957Z
unimelb-accounting-004,Dr Stuart Black,A5102782564,W4283822504,Antecedent capabilities of AI- or Cloud-enabled business transformation,2022,2022-07-05,10.4324/9781003255529-2,https://doi.org/10.4324/9781003255529-2,,,,,[object Object]; [object Object]; [object Object],3,book-chapter,0,0,0.18777181,false,false,closed,,Digital Transformation in Industry; Big Data and Business Intelligence; Collaboration in agile enterprises,2026-07-29T09:40:50.615796,2026-07-29T09:40:50.615796,openalex_orcid_only,official_orcid_to_openalex_author,high,false,false,,2026-08-29T03:05:16.957Z
unimelb-accounting-004,Dr Stuart Black,A5102782564,W4412648643,Embracing New Insights,2025,2025-07-23,10.3127/ajis.v29.6003,https://doi.org/10.3127/ajis.v29.6003,AJIS. Australasian journal of information systems/AJIS. Australian journal of information systems/Australian journal of information systems,1039-7841,1326-2238,1039-7841; 1326-2238; 1449-8618,[object Object]; [object Object],2,article,0,0,0.20956557,false,true,diamond,https://ajis.aaisnet.org/index.php/ajis/article/download/6003/1513,Qualitative Research Methods and Ethics; Jewish Identity and Society; School Health and Nursing Education,2026-08-28T12:50:07.497085,2026-08-28T12:50:07.497085,openalex_orcid_only,official_orcid_to_openalex_author,high,false,false,,2026-08-29T03:05:16.957Z
unimelb-accounting-005,Dr Jonathan Black,A5043135149,W3195835080,Legal Expertise and the Role of Litigation Risk in Firms' Conservatism Choices,2021,2021-08-23,10.2308/tar-2019-0398,https://doi.org/10.2308/tar-2019-0398,The Accounting Review,0001-4826,1558-7967,0001-4826; 1558-7967,[object Object]; [object Object]; [object Object]; [object Object],4,article,30,4.1915,0.93854587,false,false,closed,,"Auditing, Earnings Management, Governance; Corporate Finance and Governance; Law, Economics, and Judicial Systems",2026-06-18T10:00:31.954636,2026-06-18T10:00:31.954636,openalex_orcid_only,official_orcid_to_openalex_author,high,false,false,,2026-08-29T03:05:16.957Z
unimelb-accounting-005,Dr Jonathan Black,A5043135149,W2765297961,The Association between SFAS No. 157 Fair Value Hierarchy Information and Conditional Accounting Conservatism,2017,2017-11-01,10.2308/accr-51963,https://doi.org/10.2308/accr-51963,The Accounting Review,0001-4826,1558-7967,0001-4826; 1558-7967,[object Object]; [object Object]; [object Object],3,article,36,5.0264,0.95054913,false,false,closed,,"Auditing, Earnings Management, Governance; Financial Markets and Investment Strategies; Corporate Finance and Governance",2026-06-11T09:08:48.828518,2026-06-11T09:08:48.828518,openalex_orcid_only,official_orcid_to_openalex_author,high,false,false,,2026-08-29T03:05:16.957Z
unimelb-accounting-005,Dr Jonathan Black,A5043135149,W3188147463,Managerial discretion and the comparability of fair value estimates,2021,2021-08-10,10.1016/j.jaccpubpol.2021.106878,https://doi.org/10.1016/j.jaccpubpol.2021.106878,Journal of Accounting and Public Policy,0278-4254,1873-2070,0278-4254; 1873-2070,[object Object]; [object Object]; [object Object],3,article,16,2.5224,0.89497392,false,false,closed,,"Auditing, Earnings Management, Governance; Financial Markets and Investment Strategies; Housing Market and Economics",2026-08-28T12:50:07.497085,2026-08-28T12:50:07.497085,openalex_orcid_only,official_orcid_to_openalex_author,high,false,false,,2026-08-29T03:05:16.957Z
unimelb-accounting-005,Dr Jonathan Black,A5043135149,W1812854723,Taxation and High Risk Ventures: Some Results Using an Expected Utility Approach,1982,1982-01-01,,https://econpapers.repec.org/RePEc:pfi:pubfin:v:37:y:1982:i:1:p:1-17,Public finance,0033-3476,,0033-3476,[object Object],1,article,5,0,0.23281756,false,false,closed,,Corporate Taxation and Avoidance; Financial Reporting and Valuation Research; Corporate Finance and Governance,2026-08-26T07:47:46.906454,2026-08-26T07:47:46.906454,openalex_orcid_only,official_orcid_to_openalex_author,high,false,false,,2026-08-29T03:05:16.957Z
unimelb-accounting-005,Dr Jonathan Black,A5043135149,W2809560859,Information Production and the Duration of Accounting Fraud,2021,2021-11-08,10.1561/108.00000054,https://doi.org/10.1561/108.00000054,Journal of Law Finance and Accounting,2380-5005,2380-5013,2380-5005; 2380-5013,[object Object]; [object Object]; [object Object]; [object Object],4,article,4,0.91,0.75677226,false,false,closed,,"Auditing, Earnings Management, Governance; Financial Markets and Investment Strategies; Corruption and Economic Development",2026-08-27T14:10:00.468798,2026-08-27T14:10:00.468798,openalex_orcid_only,official_orcid_to_openalex_author,high,false,false,,2026-08-29T03:05:16.957Z
unimelb-accounting-005,Dr Jonathan Black,A5043135149,W3210388868,Legal Expertise and the Role of Litigation Risk in Firms’ Conservatism Choices,2021,2021-01-01,10.2139/ssrn.3224887,https://doi.org/10.2139/ssrn.3224887,SSRN Electronic Journal,1556-5068,,1556-5068,[object Object]; [object Object]; [object Object]; [object Object],4,preprint,2,,,false,true,green,https://doi.org/10.2139/ssrn.3224887,"Law, Economics, and Judicial Systems; Auditing, Earnings Management, Governance; Corporate Finance and Governance",2026-08-04T08:18:43.703281,2026-08-04T08:18:43.703281,openalex_orcid_only,official_orcid_to_openalex_author,high,false,false,,2026-08-29T03:05:16.957Z
unimelb-accounting-005,Dr Jonathan Black,A5043135149,W3121382790,The Association between SFAS No. 157 Fair Value Hierarchy Information and Conditional Accounting Conservatism,2017,2017-11-06,,https://papers.ssrn.com/sol3/papers.cfm?abstract_id=3066009,SSRN Electronic Journal,1556-5068,,1556-5068,[object Object]; [object Object]; [object Object],3,preprint,1,,,false,true,green,https://papers.ssrn.com/sol3/papers.cfm?abstract_id=3066009,"Auditing, Earnings Management, Governance; Financial Markets and Investment Strategies; Corporate Finance and Governance",2026-07-14T23:32:53.992493,2026-07-14T23:32:53.992493,openalex_orcid_only,official_orcid_to_openalex_author,high,false,false,,2026-08-29T03:05:16.957Z
unimelb-accounting-005,Dr Jonathan Black,A5043135149,W3123189639,"Information Production, Misconduct Effort, and the Duration of Financial Misrepresentation",2018,2018-06-27,10.26509/frbc-wp-201613r,https://doi.org/10.26509/frbc-wp-201613r,Working paper,2573-7945,2573-7953,2573-7945; 2573-7953,[object Object]; [object Object]; [object Object]; [object Object],4,paratext,1,,,false,true,bronze,https://www.clevelandfed.org/~/media/content/newsroom and events/publications/working papers/2018/wp1613r.pdf,"Auditing, Earnings Management, Governance; Corruption and Economic Development; Corporate Governance and Financial Management",2026-08-19T15:00:24.278416,2026-08-19T15:00:24.278416,openalex_orcid_only,official_orcid_to_openalex_author,high,false,false,,2026-08-29T03:05:16.957Z
unimelb-accounting-005,Dr Jonathan Black,A5043135149,W3125375593,"Information Production, Misconduct Effort, and the Duration of Corporate Fraud",2016,2016-06-01,10.26509/frbc-wp-201613,https://doi.org/10.26509/frbc-wp-201613,Working paper,2573-7945,2573-7953,2573-7945; 2573-7953,[object Object]; [object Object]; [object Object]; [object Object],4,report,1,,,false,false,closed,,"Auditing, Earnings Management, Governance; Corruption and Economic Development",2026-08-06T08:24:18.245995,2026-08-06T08:24:18.245995,openalex_orcid_only,official_orcid_to_openalex_author,high,false,false,,2026-08-29T03:05:16.957Z
unimelb-accounting-005,Dr Jonathan Black,A5043135149,W2183018055,"Information Production, Misconduct Effort, and the Duration of Financial Misrepresentation",2014,2014-01-01,10.2139/ssrn.2485555,https://doi.org/10.2139/ssrn.2485555,SSRN Electronic Journal,1556-5068,,1556-5068,[object Object]; [object Object]; [object Object]; [object Object],4,preprint,0,,,false,true,green,https://doi.org/10.2139/ssrn.2485555,"Auditing, Earnings Management, Governance; Benford’s Law and Fraud Detection; Accounting Education and Careers",2026-08-21T09:56:20.448147,2026-08-21T09:56:20.448147,openalex_orcid_only,official_orcid_to_openalex_author,high,false,false,,2026-08-29T03:05:16.957Z
unimelb-accounting-005,Dr Jonathan Black,A5043135149,W2462650866,"Information Production, Misconduct Effort, and the Duration of Corporate Fraud",2016,2016-06-01,10.26509/wp-201613,https://doi.org/10.26509/wp-201613,Working paper,2573-7945,2573-7953,2573-7945; 2573-7953,[object Object]; [object Object]; [object Object]; [object Object],4,report,0,,,false,false,closed,,"Auditing, Earnings Management, Governance; Corruption and Economic Development; Corporate Finance and Governance",2026-08-18T07:49:30.821534,2026-08-18T07:49:30.821534,openalex_orcid_only,official_orcid_to_openalex_author,high,false,false,,2026-08-29T03:05:16.957Z
unimelb-accounting-005,Dr Jonathan Black,A5043135149,W2589374543,Nevinson the printmaker,2014,2014-01-01,,http://eprints.kingston.ac.uk/id/eprint/28923/,Research Repository (Kingston University London),,,,[object Object],1,book-chapter,0,0,0.3089246,false,false,closed,,"Hermeneutics and Narrative Identity; Aging, Elder Care, and Social Issues; Health, Medicine and Society",2026-07-02T06:18:51.028212,2026-07-02T06:18:51.028212,openalex_orcid_only,official_orcid_to_openalex_author,high,false,false,,2026-08-29T03:05:16.957Z
unimelb-accounting-005,Dr Jonathan Black,A5043135149,W2781910904,When are Fair Value Estimates Comparable? Evidence from the SFAS No. 157 Fair Value Hierarchy,2017,2017-08-31,,http://hdl.handle.net/10125/51964,ScholarSpace (University of Hawaii at Manoa),,,,[object Object]; [object Object]; [object Object],3,article,0,0,0.23554484,false,false,closed,,"Public Procurement and Policy; Innovation Policy and R&D; Law, Economics, and Judicial Systems",2026-08-27T14:10:00.468798,2026-08-27T14:10:00.468798,openalex_orcid_only,official_orcid_to_openalex_author,high,false,false,,2026-08-29T03:05:16.957Z
unimelb-accounting-005,Dr Jonathan Black,A5043135149,W2977328786,'The finest and best fellows' : Alfred Munnings with the Canadians in France in 1918,2018,2018-01-01,,https://eprints.kingston.ac.uk/id/eprint/43726/1/Black-J-43726-VoR.PDF,Research Repository (Kingston University London),,,,[object Object],1,book-chapter,0,0,0.30271573,false,false,closed,,"Hermeneutics and Narrative Identity; Aging, Elder Care, and Social Issues; Health, Medicine and Society",2026-08-27T14:10:00.468798,2026-08-27T14:10:00.468798,openalex_orcid_only,official_orcid_to_openalex_author,high,false,false,,2026-08-29T03:05:16.957Z
unimelb-accounting-005,Dr Jonathan Black,A5043135149,W2980609735,The life and portraiture of Sir Oswald Birley MC,2017,2017-01-01,,https://eprints.kingston.ac.uk/id/eprint/43738/7/Black-J-43738-VoR.pdf,,,,,[object Object],1,book-chapter,0,0,0.36776586,false,false,closed,,"Hermeneutics and Narrative Identity; Aging, Elder Care, and Social Issues; Health, Medicine and Society",2026-08-26T07:47:46.906454,2026-08-26T07:47:46.906454,openalex_orcid_only,official_orcid_to_openalex_author,high,false,false,,2026-08-29T03:05:16.957Z
unimelb-accounting-005,Dr Jonathan Black,A5043135149,W4286543954,Does Fair Value Accounting Affect How Banks Convey Information About Future Performance? Evidence from SFAS 115,2022,2022-01-01,10.2139/ssrn.4167267,https://doi.org/10.2139/ssrn.4167267,SSRN Electronic Journal,1556-5068,,1556-5068,[object Object]; [object Object]; [object Object],3,preprint,0,,,false,true,green,https://doi.org/10.2139/ssrn.4167267,"Auditing, Earnings Management, Governance; Corporate Finance and Governance; Financial Reporting and Valuation Research",2026-08-26T07:47:46.906454,2026-08-26T07:47:46.906454,openalex_orcid_only,official_orcid_to_openalex_author,high,false,false,,2026-08-29T03:05:16.957Z
unimelb-accounting-014,Professor Michael Davern,A5046388347,W1500275622,Discovering Potential and Realizing Value from Information Technology Investments,2000,2000-03-01,10.1080/07421222.2000.11518268,https://doi.org/10.1080/07421222.2000.11518268,Journal of Management Information Systems,0742-1222,1557-928X,0742-1222; 1557-928X,[object Object]; [object Object],2,article,333,17.1936,0.99329881,false,true,green,https://ink.library.smu.edu.sg/sis_research/2151,Big Data and Business Intelligence; Information Technology Governance and Strategy; Business Process Modeling and Analysis,2026-08-15T07:11:24.734988,2026-08-15T07:11:24.734988,openalex_orcid_only,official_orcid_to_openalex_author,high,false,false,,2026-08-29T03:05:16.957Z
unimelb-accounting-014,Professor Michael Davern,A5046388347,W2019102798,Nonresponse Rates are a Problematic Indicator of Nonresponse Bias in Survey Research,2013,2013-05-09,10.1111/1475-6773.12070,https://doi.org/10.1111/1475-6773.12070,Health Services Research,0017-9124,1475-6773,0017-9124; 1475-6773,[object Object],1,article,222,47.9082,0.99823271,false,true,hybrid,https://onlinelibrary.wiley.com/doi/pdfdirect/10.1111/1475-6773.12070,Survey Methodology and Nonresponse; Patient Satisfaction in Healthcare; Healthcare Policy and Management,2026-08-21T09:56:20.448147,2026-08-21T09:56:20.448147,openalex_orcid_only,official_orcid_to_openalex_author,high,false,false,,2026-08-29T03:05:16.957Z
unimelb-accounting-014,Professor Michael Davern,A5046388347,W2091542510,Transition to Adulthood: Delays and Unmet Needs among Adolescents and Young Adults with Asthma,2008,2008-02-22,10.1016/j.jpeds.2007.10.004,https://doi.org/10.1016/j.jpeds.2007.10.004,The Journal of Pediatrics,0022-3476,1085-8695,0022-3476; 1085-8695; 1097-6833,[object Object]; [object Object]; [object Object]; [object Object],4,article,139,30.5577,0.99781719,false,false,closed,,Adolescent and Pediatric Healthcare; Healthcare Policy and Management; Childhood Cancer Survivors' Quality of Life,2026-08-21T09:56:20.448147,2026-08-21T09:56:20.448147,openalex_orcid_only,official_orcid_to_openalex_author,high,false,false,,2026-08-29T03:05:16.957Z
unimelb-accounting-014,Professor Michael Davern,A5046388347,W195192084,Cognition Matters: Enduring Questions in Cognitive IS Research,2012,2012-04-01,10.17705/1jais.00290,https://doi.org/10.17705/1jais.00290,Journal of the Association for Information Systems,1536-9323,,1536-9323,[object Object]; [object Object]; [object Object],3,article,109,33.6678,0.99652858,false,true,bronze,https://aisel.aisnet.org/cgi/viewcontent.cgi?article=1607&context=jais,Information Systems Theories and Implementation; Big Data and Business Intelligence; Complex Systems and Decision Making,2026-08-01T09:00:35.917206,2026-08-01T09:00:35.917206,openalex_orcid_only,official_orcid_to_openalex_author,high,false,false,,2026-08-29T03:05:16.957Z
unimelb-accounting-014,Professor Michael Davern,A5046388347,W2946216980,Ethical Issues in Big Data Analytics: A Stakeholder Perspective,2019,2019-01-01,10.17705/1cais.04434,https://doi.org/10.17705/1cais.04434,Communications of the Association for Information Systems,1529-3181,,1529-3181,[object Object]; [object Object]; [object Object]; [object Object],4,article,90,8.6983,0.97705443,false,false,closed,,Big Data and Business Intelligence; Competitive and Knowledge Intelligence; Ethics and Social Impacts of AI,2026-08-28T12:50:07.497085,2026-08-28T12:50:07.497085,openalex_orcid_only,official_orcid_to_openalex_author,high,false,false,,2026-08-29T03:05:16.957Z
unimelb-accounting-014,Professor Michael Davern,A5046388347,W1995795306,"Disparities in Public Use Data Availability for Race, Ethnic, and Immigrant Groups",2010,2010-10-19,10.1097/mlr.0b013e3181ef984e,https://doi.org/10.1097/mlr.0b013e3181ef984e,Medical Care,0025-7079,1537-1948,0025-7079; 1537-1948,[object Object]; [object Object]; [object Object],3,article,47,2.4344,0.88960995,false,false,closed,,"Food Security and Health in Diverse Populations; Healthcare Policy and Management; Migration, Health and Trauma",2026-08-21T09:56:20.448147,2026-08-21T09:56:20.448147,openalex_orcid_only,official_orcid_to_openalex_author,high,false,false,,2026-08-29T03:05:16.957Z
unimelb-accounting-014,Professor Michael Davern,A5046388347,W2131206485,Enhancing the Business Value of Business Intelligence: The Role of Shared Knowledge and Assimilation,2013,2013-07-01,10.2308/isys-50563,https://doi.org/10.2308/isys-50563,Journal of Information Systems,0888-7985,1558-7959,0888-7985; 1558-7959,[object Object]; [object Object]; [object Object]; [object Object]; [object Object],5,article,124,15.2055,0.9916789,false,true,green,https://stars.library.ucf.edu/scopus2010/5751,Big Data and Business Intelligence; Competitive and Knowledge Intelligence; Information Technology Governance and Strategy,2026-07-02T09:51:11.867554,2026-07-02T09:51:11.867554,openalex_orcid_only,official_orcid_to_openalex_author,high,false,false,,2026-08-29T03:05:16.957Z
unimelb-accounting-014,Professor Michael Davern,A5046388347,W1927111086,Are Lower Response Rates Hazardous to Your Health Survey? An Analysis of Three State Telephone Health Surveys,2010,2010-06-22,10.1111/j.1475-6773.2010.01128.x,https://doi.org/10.1111/j.1475-6773.2010.01128.x,Health Services Research,0017-9124,1475-6773,0017-9124; 1475-6773,[object Object]; [object Object]; [object Object]; [object Object]; [object Object]; [object Object],6,article,90,16.9047,0.98734822,false,true,bronze,https://onlinelibrary.wiley.com/doi/pdfdirect/10.1111/j.1475-6773.2010.01128.x,Survey Methodology and Nonresponse; Survey Sampling and Estimation Techniques; Census and Population Estimation,2026-08-21T09:56:20.448147,2026-08-21T09:56:20.448147,openalex_orcid_only,official_orcid_to_openalex_author,high,false,false,,2026-08-29T03:05:16.957Z
unimelb-accounting-014,Professor Michael Davern,A5046388347,W1512381163,Social Networks and Economic Sociology,1997,1997-07-01,10.1111/j.1536-7150.1997.tb03359.x,https://doi.org/10.1111/j.1536-7150.1997.tb03359.x,American Journal of Economics and Sociology,0002-9246,1536-7150,0002-9246; 1536-7150,[object Object],1,article,84,3.7995,0.92955186,false,false,closed,,Social Capital and Networks; Social and Cultural Dynamics; Opinion Dynamics and Social Influence,2026-08-21T09:56:20.448147,2026-08-21T09:56:20.448147,openalex_orcid_only,official_orcid_to_openalex_author,high,false,false,,2026-08-29T03:05:16.957Z
unimelb-accounting-014,Professor Michael Davern,A5046388347,W1891720098,"The Effect of Income Question Design in Health Surveys on Family Income, Poverty and Eligibility Estimates",2005,2005-05-24,10.1111/j.1475-6773.2005.00416.x,https://doi.org/10.1111/j.1475-6773.2005.00416.x,Health Services Research,0017-9124,1475-6773,0017-9124; 1475-6773,[object Object]; [object Object]; [object Object]; [object Object],4,article,68,7.734,0.96487806,false,true,bronze,https://onlinelibrary.wiley.com/doi/pdfdirect/10.1111/j.1475-6773.2005.00416.x,"Survey Methodology and Nonresponse; Income, Poverty, and Inequality; Food Security and Health in Diverse Populations",2026-08-21T09:56:20.448147,2026-08-21T09:56:20.448147,openalex_orcid_only,official_orcid_to_openalex_author,high,false,false,,2026-08-29T03:05:16.957Z
unimelb-accounting-014,Professor Michael Davern,A5046388347,W2093983069,An Examination of the Medicaid Undercount in the Current Population Survey: Preliminary Results from Record Linking,2009,2009-01-31,10.1111/j.1475-6773.2008.00941.x,https://doi.org/10.1111/j.1475-6773.2008.00941.x,Health Services Research,0017-9124,1475-6773,0017-9124; 1475-6773,[object Object]; [object Object]; [object Object]; [object Object]; [object Object],5,article,65,11.2024,0.97967283,false,true,bronze,https://onlinelibrary.wiley.com/doi/pdfdirect/10.1111/j.1475-6773.2008.00941.x,Healthcare Policy and Management; Survey Methodology and Nonresponse; Geriatric Care and Nursing Homes,2026-08-21T09:56:20.448147,2026-08-21T09:56:20.448147,openalex_orcid_only,official_orcid_to_openalex_author,high,false,false,,2026-08-29T03:05:16.957Z
unimelb-accounting-014,Professor Michael Davern,A5046388347,W1533461985,Agreement between Self‐Reported and Administrative Race and Ethnicity Data among Medicaid Enrollees in Minnesota,2007,2007-08-16,10.1111/j.1475-6773.2007.00771.x,https://doi.org/10.1111/j.1475-6773.2007.00771.x,Health Services Research,0017-9124,1475-6773,0017-9124; 1475-6773,[object Object]; [object Object]; [object Object]; [object Object],4,article,58,4.8921,0.94816856,false,true,bronze,https://onlinelibrary.wiley.com/doi/pdfdirect/10.1111/j.1475-6773.2007.00771.x,"Racial and Ethnic Identity Research; Global Cancer Incidence and Screening; Migration, Health and Trauma",2026-08-21T09:56:20.448147,2026-08-21T09:56:20.448147,openalex_orcid_only,official_orcid_to_openalex_author,high,false,false,,2026-08-29T03:05:16.957Z
unimelb-accounting-014,Professor Michael Davern,A5046388347,W1660198077,Medicaid Undercount and Bias to Estimates of Uninsurance: New Estimates and Existing Evidence,2007,2007-11-26,10.1111/j.1475-6773.2007.00808.x,https://doi.org/10.1111/j.1475-6773.2007.00808.x,Health Services Research,0017-9124,1475-6773,0017-9124; 1475-6773,[object Object]; [object Object]; [object Object]; [object Object],4,article,57,12.6794,0.98159335,false,true,bronze,https://onlinelibrary.wiley.com/doi/pdfdirect/10.1111/j.1475-6773.2007.00808.x,Healthcare Policy and Management; Geriatric Care and Nursing Homes; Survey Methodology and Nonresponse,2026-08-21T09:56:20.448147,2026-08-21T09:56:20.448147,openalex_orcid_only,official_orcid_to_openalex_author,high,false,false,,2026-08-29T03:05:16.957Z
unimelb-accounting-014,Professor Michael Davern,A5046388347,W2143373012,Missing Data and Interpretation of Cancer Surgery Outcomes at the American College of Surgeons National Surgical Quality Improvement Program,2011,2011-08-25,10.1016/j.jamcollsurg.2011.05.010,https://doi.org/10.1016/j.jamcollsurg.2011.05.010,Journal of the American College of Surgeons,1072-7515,1879-1190,1072-7515; 1879-1190,[object Object]; [object Object]; [object Object]; [object Object]; [object Object],5,article,43,1.4545,0.83958603,false,false,closed,,"Cardiac, Anesthesia and Surgical Outcomes; Colorectal Cancer Surgical Treatments; Pancreatic and Hepatic Oncology Research",2026-08-27T14:10:00.468798,2026-08-27T14:10:00.468798,openalex_orcid_only,official_orcid_to_openalex_author,high,false,false,,2026-08-29T03:05:16.957Z
unimelb-accounting-014,Professor Michael Davern,A5046388347,W2912665711,Reconceptualizing synergy to explain the value of business analytics systems,2019,2019-02-01,10.1177/0268396218816210,https://doi.org/10.1177/0268396218816210,Journal of Information Technology,0268-3962,1466-4437,0268-3962; 1466-4437,[object Object]; [object Object]; [object Object],3,article,37,4.4894,0.94154831,false,false,closed,,Big Data and Business Intelligence; Customer churn and segmentation; Customer Service Quality and Loyalty,2026-08-28T12:50:07.497085,2026-08-28T12:50:07.497085,openalex_orcid_only,official_orcid_to_openalex_author,high,false,false,,2026-08-29T03:05:16.957Z
unimelb-accounting-014,Professor Michael Davern,A5046388347,W2035229408,Understanding The Current Population Survey's Insurance Estimates And The Medicaid ‘Undercount’,2009,2009-01-01,10.1377/hlthaff.28.6.w991,https://doi.org/10.1377/hlthaff.28.6.w991,Health Affairs,0278-2715,1544-5208,0278-2715; 1544-5208; 2694-233X,[object Object]; [object Object]; [object Object]; [object Object]; [object Object],5,article,36,5.1703,0.95340092,false,false,closed,,Healthcare Policy and Management; Primary Care and Health Outcomes; Health disparities and outcomes,2026-08-21T09:56:20.448147,2026-08-21T09:56:20.448147,openalex_orcid_only,official_orcid_to_openalex_author,high,false,false,,2026-08-29T03:05:16.957Z
unimelb-accounting-014,Professor Michael Davern,A5046388347,W2152165683,Estimating Regression Standard Errors with Data from the Current Population Survey's Public Use File,2007,2007-05-01,10.5034/inquiryjrnl_44.2.211,https://doi.org/10.5034/inquiryjrnl_44.2.211,INQUIRY The Journal of Health Care Organization Provision and Financing,0046-9580,1945-7243,0046-9580; 1945-7243,[object Object]; [object Object]; [object Object]; [object Object]; [object Object],5,article,36,3.7595,0.92887145,false,false,closed,,demographic modeling and climate adaptation; Food Security and Health in Diverse Populations; Healthcare Policy and Management,2026-08-21T09:56:20.448147,2026-08-21T09:56:20.448147,openalex_orcid_only,official_orcid_to_openalex_author,high,false,false,,2026-08-29T03:05:16.957Z
unimelb-accounting-014,Professor Michael Davern,A5046388347,W2129453048,Personalization and choice behavior,2008,2008-10-22,10.1145/1453794.1453800,https://doi.org/10.1145/1453794.1453800,ACM SIGMIS Database the DATABASE for Advances in Information Systems,0095-0033,1532-0936,0095-0033; 1532-0936; 2331-1584; 2331-1622,[object Object]; [object Object]; [object Object],3,article,30,7.56,0.96721427,false,false,closed,,Digital Marketing and Social Media; Customer Service Quality and Loyalty; Technology Adoption and User Behaviour,2026-07-07T14:30:12.667765,2026-07-07T14:30:12.667765,openalex_orcid_only,official_orcid_to_openalex_author,high,false,false,,2026-08-29T03:05:16.957Z
unimelb-accounting-014,Professor Michael Davern,A5046388347,W2983732840,Longitudinal evidence of the impact of dog ownership and dog walking on mental health,2019,2019-08-13,10.1093/pubmed/fdz094,https://doi.org/10.1093/pubmed/fdz094,Journal of Public Health,0943-1853,1613-2238,0943-1853; 1613-2238; 1741-3842; 1741-3850; 2198-1833,[object Object]; [object Object]; [object Object]; [object Object],4,article,20,1.1566,0.80448515,false,true,green,https://admin.research-repository.uwa.edu.au/en/publications/9a2b1567-caf0-4c2e-ac4b-0ace2f047247,Human-Animal Interaction Studies; Rabies epidemiology and control; Geographies of human-animal interactions,2026-08-28T12:50:07.497085,2026-08-28T12:50:07.497085,openalex_orcid_only,official_orcid_to_openalex_author,high,false,false,,2026-08-29T03:05:16.957Z
unimelb-accounting-014,Professor Michael Davern,A5046388347,W4318825617,Data governance and the secondary use of data: The board influence,2023,2023-02-01,10.1016/j.infoandorg.2023.100447,https://doi.org/10.1016/j.infoandorg.2023.100447,Information and Organization,1471-7727,1873-7919,1471-7727; 1873-7919,[object Object]; [object Object]; [object Object]; [object Object],4,article,18,4.5431,0.94376037,false,true,green,https://figshare.com/articles/journal_contribution/Data_governance_and_the_secondary_use_of_data_The_board_influence/27570384,Big Data and Business Intelligence; Data Quality and Management; Insurance and Financial Risk Management,2026-08-28T12:50:07.497085,2026-08-28T12:50:07.497085,openalex_orcid_only,official_orcid_to_openalex_author,high,false,false,,2026-08-29T03:05:16.957Z
unimelb-accounting-014,Professor Michael Davern,A5046388347,W4323519788,Configuring Relationships between Analytics and Business Domain Groups for Knowledge Integration,2023,2023-01-01,10.17705/1jais.00782,https://doi.org/10.17705/1jais.00782,Journal of the Association for Information Systems,1536-9323,,1536-9323,[object Object]; [object Object]; [object Object]; [object Object],4,article,17,4.3596,0.94191975,false,false,closed,,Big Data and Business Intelligence; Innovation and Knowledge Management; Business Strategy and Innovation,2026-08-01T09:00:35.917206,2026-08-01T09:00:35.917206,openalex_orcid_only,official_orcid_to_openalex_author,high,false,false,,2026-08-29T03:05:16.957Z
unimelb-accounting-014,Professor Michael Davern,A5046388347,W2105140685,"The Effectiveness of an Interactive Small Group Diabetes Intervention in Improving Knowledge, Feeling of Control, and Behavior",2005,2005-07-01,10.1177/1524839903260846,https://doi.org/10.1177/1524839903260846,Health Promotion Practice,1524-8399,1552-6372,1524-8399; 1552-6372,[object Object]; [object Object]; [object Object]; [object Object]; [object Object]; [object Object]; [object Object]; [object Object],8,article,48,1.0476,0.76699461,false,false,closed,,"Diabetes Management and Education; Diabetes Management and Research; Diabetes, Cardiovascular Risks, and Lipoproteins",2026-08-21T09:56:20.448147,2026-08-21T09:56:20.448147,openalex_orcid_only,official_orcid_to_openalex_author,high,false,false,,2026-08-29T03:05:16.957Z
unimelb-accounting-014,Professor Michael Davern,A5046388347,W2164936000,Validating Health Insurance Coverage Survey Estimates: A Comparison of Self-Reported Coverage and Administrative Data Records,2008,2008-05-02,10.1093/poq/nfn013,https://doi.org/10.1093/poq/nfn013,Public Opinion Quarterly,0033-362X,1537-5331,0033-362X; 1537-5331,[object Object]; [object Object]; [object Object]; [object Object]; [object Object]; [object Object],6,article,48,5.8872,0.96004362,false,false,closed,,Healthcare Policy and Management; Primary Care and Health Outcomes; Patient Satisfaction in Healthcare,2026-08-21T09:56:20.448147,2026-08-21T09:56:20.448147,openalex_orcid_only,official_orcid_to_openalex_author,high,false,false,,2026-08-29T03:05:16.957Z
unimelb-accounting-014,Professor Michael Davern,A5046388347,W1499222648,Are the Current Population Survey Uninsurance Estimates Too High? An Examination of the Imputation Process,2007,2007-02-16,10.1111/j.1475-6773.2007.00703.x,https://doi.org/10.1111/j.1475-6773.2007.00703.x,Health Services Research,0017-9124,1475-6773,0017-9124; 1475-6773,[object Object]; [object Object]; [object Object]; [object Object],4,article,39,18.5901,0.98917836,false,true,bronze,https://onlinelibrary.wiley.com/doi/pdfdirect/10.1111/j.1475-6773.2007.00703.x,Survey Methodology and Nonresponse; Healthcare Policy and Management; Census and Population Estimation,2026-08-21T09:56:20.448147,2026-08-21T09:56:20.448147,openalex_orcid_only,official_orcid_to_openalex_author,high,false,false,,2026-08-29T03:05:16.957Z
unimelb-accounting-014,Professor Michael Davern,A5046388347,W2104340631,The American Community Survey and Health Insurance Coverage Estimates: Possibilities and Challenges for Health Policy Researchers,2008,2008-11-24,10.1111/j.1475-6773.2008.00921.x,https://doi.org/10.1111/j.1475-6773.2008.00921.x,Health Services Research,0017-9124,1475-6773,0017-9124; 1475-6773,[object Object]; [object Object]; [object Object]; [object Object],4,article,39,7.8496,0.96859331,false,true,bronze,https://onlinelibrary.wiley.com/doi/pdfdirect/10.1111/j.1475-6773.2008.00921.x,Healthcare Policy and Management; Healthcare Systems and Reforms; Food Security and Health in Diverse Populations,2026-08-21T09:56:20.448147,2026-08-21T09:56:20.448147,openalex_orcid_only,official_orcid_to_openalex_author,high,false,false,,2026-08-29T03:05:16.957Z
unimelb-accounting-014,Professor Michael Davern,A5046388347,W1990646816,Prepaid Monetary Incentives and Data Quality in Face-to-Face Interviews,2003,2003-01-01,10.1086/346012,https://doi.org/10.1086/346012,Public Opinion Quarterly,0033-362X,1537-5331,0033-362X; 1537-5331,[object Object]; [object Object]; [object Object]; [object Object],4,article,36,3.5552,0.93188089,false,false,closed,,Survey Methodology and Nonresponse; Data Quality and Management; Patient Satisfaction in Healthcare,2026-08-27T14:10:00.468798,2026-08-27T14:10:00.468798,openalex_orcid_only,official_orcid_to_openalex_author,high,false,false,,2026-08-29T03:05:16.957Z
unimelb-accounting-014,Professor Michael Davern,A5046388347,W2119914501,Meeting the Need for State‐Level Estimates of Health Insurance Coverage: Use of State and Federal Survey Data,2006,2006-04-21,10.1111/j.1475-6773.2006.00543.x,https://doi.org/10.1111/j.1475-6773.2006.00543.x,Health Services Research,0017-9124,1475-6773,0017-9124; 1475-6773,[object Object]; [object Object],2,article,34,8.4815,0.97004615,false,true,bronze,https://onlinelibrary.wiley.com/doi/pdfdirect/10.1111/j.1475-6773.2006.00543.x,Healthcare Policy and Management; Primary Care and Health Outcomes; Food Security and Health in Diverse Populations,2026-08-21T09:56:20.448147,2026-08-21T09:56:20.448147,openalex_orcid_only,official_orcid_to_openalex_author,high,false,false,,2026-08-29T03:05:16.957Z
unimelb-accounting-014,Professor Michael Davern,A5046388347,W1545967109,The Role of Information and Influence in Social Networks,2006,2006-04-01,10.1111/j.1536-7150.2006.00451.x,https://doi.org/10.1111/j.1536-7150.2006.00451.x,American Journal of Economics and Sociology,0002-9246,1536-7150,0002-9246; 1536-7150,[object Object]; [object Object],2,article,33,5.1935,0.94802647,false,false,closed,,Social Capital and Networks; Social Media and Politics; Social and Cultural Dynamics,2026-08-21T09:56:20.448147,2026-08-21T09:56:20.448147,openalex_orcid_only,official_orcid_to_openalex_author,high,false,false,,2026-08-29T03:05:16.957Z
unimelb-accounting-014,Professor Michael Davern,A5046388347,W2009548393,The Prevalence of Unrecognized Tobacco Use Among Young Adults,2010,2010-05-01,10.5993/ajhb.34.3.6,https://doi.org/10.5993/ajhb.34.3.6,American Journal of Health Behavior,1087-3244,1945-7359,1087-3244; 1945-7359,[object Object]; [object Object]; [object Object]; [object Object]; [object Object]; [object Object]; [object Object]; [object Object]; [object Object]; [object Object],10,article,25,0.9657,0.73531328,false,false,closed,,"Smoking Behavior and Cessation; Substance Abuse Treatment and Outcomes; Obesity, Physical Activity, Diet",2026-08-21T09:56:20.448147,2026-08-21T09:56:20.448147,openalex_orcid_only,official_orcid_to_openalex_author,high,false,false,,2026-08-29T03:05:16.957Z
unimelb-accounting-014,Professor Michael Davern,A5046388347,W1539914922,When Good Fit is Bad: The Dynamics of Perceived Fit.,1996,1996-01-01,,http://aisel.aisnet.org/icis1996/8,Journal of the Association for Information Systems,1536-9323,,1536-9323,[object Object],1,article,24,0,0.09473684,false,false,closed,,Complex Systems and Decision Making; Cognitive Science and Mapping; Competitive and Knowledge Intelligence,2026-08-21T09:56:20.448147,2026-08-21T09:56:20.448147,openalex_orcid_only,official_orcid_to_openalex_author,high,false,false,,2026-08-29T03:05:16.957Z
unimelb-accounting-014,Professor Michael Davern,A5046388347,W2045832229,Accuracy in Self-Reported Health Insurance Coverage among Medicaid Enrollees,2008,2008-11-01,10.5034/inquiryjrnl_45.04.438,https://doi.org/10.5034/inquiryjrnl_45.04.438,INQUIRY The Journal of Health Care Organization Provision and Financing,0046-9580,1945-7243,0046-9580; 1945-7243,[object Object]; [object Object]; [object Object]; [object Object]; [object Object]; [object Object],6,article,23,2.9436,0.92811651,false,false,closed,,Healthcare Policy and Management; Primary Care and Health Outcomes; Patient Satisfaction in Healthcare,2026-08-21T09:56:20.448147,2026-08-21T09:56:20.448147,openalex_orcid_only,official_orcid_to_openalex_author,high,false,false,,2026-08-29T03:05:16.957Z
unimelb-accounting-014,Professor Michael Davern,A5046388347,W2554174465,Ethical Implications of Big Data Analytics,2016,2016-01-01,,https://aisel.aisnet.org/cgi/viewcontent.cgi?article=1016&context=ecis2016_rip,European Conference on Information Systems,,,,[object Object]; [object Object]; [object Object]; [object Object],4,conference-paper,18,3.8807,0.93951413,false,false,closed,,Big Data and Business Intelligence,2026-08-12T21:12:35.861297,2026-08-12T21:12:35.861297,openalex_orcid_only,official_orcid_to_openalex_author,high,false,false,,2026-08-29T03:05:16.957Z
unimelb-accounting-014,Professor Michael Davern,A5046388347,W2065316480,"Persistent Disparities in Health Insurance Coverage: Hispanic Children, 1996 to 2005",2008,2008-11-01,10.1353/hpu.0.0069,https://doi.org/10.1353/hpu.0.0069,Journal of Health Care for the Poor and Underserved,1049-2089,1548-6869,1049-2089; 1548-6869,[object Object]; [object Object]; [object Object]; [object Object],4,article,16,4.906,0.95102307,false,false,closed,,Healthcare Policy and Management; Food Security and Health in Diverse Populations; Primary Care and Health Outcomes,2026-08-21T09:56:20.448147,2026-08-21T09:56:20.448147,openalex_orcid_only,official_orcid_to_openalex_author,high,false,false,,2026-08-29T03:05:16.957Z
unimelb-accounting-014,Professor Michael Davern,A5046388347,W1893571800,Counting Uninsurance and Means‐Tested Coverage in the American Community Survey: A Comparison to the Current Population Survey,2010,2010-10-28,10.1111/j.1475-6773.2010.01193.x,https://doi.org/10.1111/j.1475-6773.2010.01193.x,Health Services Research,0017-9124,1475-6773,0017-9124; 1475-6773,[object Object]; [object Object]; [object Object]; [object Object]; [object Object],5,article,13,6.831,0.96279551,false,true,bronze,https://onlinelibrary.wiley.com/doi/pdfdirect/10.1111/j.1475-6773.2010.01193.x,Healthcare Policy and Management; Healthcare Systems and Reforms; Advanced Causal Inference Techniques,2026-08-21T09:56:20.448147,2026-08-21T09:56:20.448147,openalex_orcid_only,official_orcid_to_openalex_author,high,false,false,,2026-08-29T03:05:16.957Z
unimelb-accounting-014,Professor Michael Davern,A5046388347,W3035521357,Technology and the Future of the Profession,2019,2019-01-01,,https://findanexpert.unimelb.edu.au/scholarlywork/1420591-technology-and-the-future-of-the-profession,,,,,[object Object]; [object Object]; [object Object],3,article,10,0.9101,0.81596675,false,false,closed,,Business Process Modeling and Analysis; Big Data and Business Intelligence; Robotic Process Automation Applications,2026-06-11T09:08:48.828518,2026-06-11T09:08:48.828518,openalex_orcid_only,official_orcid_to_openalex_author,high,false,false,,2026-08-29T03:05:16.957Z
unimelb-accounting-014,Professor Michael Davern,A5046388347,W2017493672,Monitoring the Uninsured: A State Policy Perspective,2004,2004-02-01,10.1215/03616878-29-1-107,https://doi.org/10.1215/03616878-29-1-107,Journal of Health Politics Policy and Law,0361-6878,1527-1927,0361-6878; 1527-1927,[object Object]; [object Object]; [object Object]; [object Object],4,article,31,4.8653,0.95044715,false,false,closed,,European Monetary and Fiscal Policies; State Capitalism and Financial Governance,2026-08-27T14:10:00.468798,2026-08-27T14:10:00.468798,openalex_orcid_only,official_orcid_to_openalex_author,high,false,false,,2026-08-29T03:05:16.957Z
unimelb-accounting-014,Professor Michael Davern,A5046388347,W2013380691,The Polls-Review: Inaccurate Age and Sex Data in the Census Pums Files: Evidence and Implications,2010,2010-08-15,10.1093/poq/nfq033,https://doi.org/10.1093/poq/nfq033,Public Opinion Quarterly,0033-362X,1537-5331,0033-362X; 1537-5331,[object Object]; [object Object]; [object Object],3,article,24,4.673,0.9474867,false,true,bronze,https://academic.oup.com/poq/article-pdf/74/3/551/5399247/nfq033.pdf,"Financial Literacy, Pension, Retirement Analysis; Gender, Labor, and Family Dynamics; Healthcare Policy and Management",2026-08-21T09:56:20.448147,2026-08-21T09:56:20.448147,openalex_orcid_only,official_orcid_to_openalex_author,high,false,false,,2026-08-29T03:05:16.957Z
unimelb-accounting-014,Professor Michael Davern,A5046388347,W3141055764,An Exploratory Model of Decision Quality and its Antecedents for Category Novices Using Multiple-Stage Shopping Engines,2005,2005-01-01,10.2979/esj.2005.4.1.3,https://doi.org/10.2979/esj.2005.4.1.3,e-Service Journal,1528-8226,1528-8234,1528-8226; 1528-8234,[object Object]; [object Object],2,article,24,1.376,0.8949266,false,false,closed,,Technology Adoption and User Behaviour; Consumer Retail Behavior Studies; Customer Service Quality and Loyalty,2026-06-11T09:08:48.828518,2026-06-11T09:08:48.828518,openalex_orcid_only,official_orcid_to_openalex_author,high,false,false,,2026-08-29T03:05:16.957Z
unimelb-accounting-014,Professor Michael Davern,A5046388347,W2118386309,Estimates Of Health Insurance Coverage: Comparing State Surveys With The Current Population Survey,2007,2007-01-01,10.1377/hlthaff.26.1.269,https://doi.org/10.1377/hlthaff.26.1.269,Health Affairs,0278-2715,1544-5208,0278-2715; 1544-5208; 2694-233X,[object Object]; [object Object]; [object Object],3,article,23,8.1511,0.97023928,false,false,closed,,Healthcare Policy and Management; Primary Care and Health Outcomes; Food Security and Health in Diverse Populations,2026-08-21T09:56:20.448147,2026-08-21T09:56:20.448147,openalex_orcid_only,official_orcid_to_openalex_author,high,false,false,,2026-08-29T03:05:16.957Z
unimelb-accounting-014,Professor Michael Davern,A5046388347,W2031506528,Mixed-mode administration reduced bias and enhanced poststratification adjustments in a health behavior survey,2007,2007-06-30,10.1016/j.jclinepi.2007.02.011,https://doi.org/10.1016/j.jclinepi.2007.02.011,Journal of Clinical Epidemiology,0895-4356,1878-5921,0895-4356; 1878-5921,[object Object]; [object Object]; [object Object]; [object Object],4,article,22,0.9784,0.86003117,false,false,closed,,Survey Methodology and Nonresponse; Smoking Behavior and Cessation; Racial and Ethnic Identity Research,2026-08-21T09:56:20.448147,2026-08-21T09:56:20.448147,openalex_orcid_only,official_orcid_to_openalex_author,high,false,false,,2026-08-29T03:05:16.957Z
unimelb-accounting-014,Professor Michael Davern,A5046388347,W2165773983,Personalizing to product category knowledge: exploring the mediating effect of shopping tools on decision confidence,2004,2004-01-01,10.1109/hicss.2004.1265476,https://doi.org/10.1109/hicss.2004.1265476,,,,,[object Object]; [object Object],2,conference-paper,22,8.5485,0.95611285,false,false,closed,,Consumer Retail Behavior Studies; Consumer Market Behavior and Pricing; Consumer Behavior in Brand Consumption and Identification,2026-08-26T07:47:46.906454,2026-08-26T07:47:46.906454,openalex_orcid_only,official_orcid_to_openalex_author,high,false,false,,2026-08-29T03:05:16.957Z
unimelb-accounting-014,Professor Michael Davern,A5046388347,W2317508693,Unstable Inferences? An Examination of Complex Survey Sample Design Adjustments Using the Current Population Survey for Health Services Research,2006,2006-08-01,10.5034/inquiryjrnl_43.3.283,https://doi.org/10.5034/inquiryjrnl_43.3.283,INQUIRY The Journal of Health Care Organization Provision and Financing,0046-9580,1945-7243,0046-9580; 1945-7243,[object Object]; [object Object]; [object Object]; [object Object]; [object Object],5,article,18,4.7119,0.95074552,false,true,green,https://doaj.org/article/4d4f7d90160c4278a548cfa52389f304,Healthcare Policy and Management; Food Security and Health in Diverse Populations; Health disparities and outcomes,2026-08-21T09:56:20.448147,2026-08-21T09:56:20.448147,openalex_orcid_only,official_orcid_to_openalex_author,high,false,false,,2026-08-29T03:05:16.957Z
unimelb-accounting-014,Professor Michael Davern,A5046388347,W34957250,Bias in Telephone Surveys That do not Sample Cell Phones,2011,2011-04-01,10.1097/mlr.0b013e3182028ac7,https://doi.org/10.1097/mlr.0b013e3182028ac7,Medical Care,0025-7079,1537-1948,0025-7079; 1537-1948,[object Object]; [object Object]; [object Object]; [object Object]; [object Object],5,article,17,4.6714,0.94245882,false,false,closed,,"Survey Methodology and Nonresponse; Health, Environment, Cognitive Aging; Data-Driven Disease Surveillance",2026-08-21T09:56:20.448147,2026-08-21T09:56:20.448147,openalex_orcid_only,official_orcid_to_openalex_author,high,false,false,,2026-08-29T03:05:16.957Z
unimelb-accounting-014,Professor Michael Davern,A5046388347,W1601133843,A partially corrected estimate of medicaid enrollment and uninsurance: Results from an imputational model developed off linked survey and administrative data,2009,2009-11-01,10.3233/jem-2009-0324,https://doi.org/10.3233/jem-2009-0324,Journal of Economic and Social Measurement,0747-9662,1875-8932,0747-9662; 1875-8932,[object Object]; [object Object]; [object Object]; [object Object]; [object Object],5,article,16,5.1703,0.95139155,false,false,closed,,Healthcare Policy and Management; Global Health Care Issues; Health disparities and outcomes,2026-08-21T09:56:20.448147,2026-08-21T09:56:20.448147,openalex_orcid_only,official_orcid_to_openalex_author,high,false,false,,2026-08-29T03:05:16.957Z
unimelb-accounting-014,Professor Michael Davern,A5046388347,W2052977251,Evolving innovations through design and use,2008,2008-12-01,10.1145/1409360.1409390,https://doi.org/10.1145/1409360.1409390,Communications of the ACM,0001-0782,1557-7317,0001-0782; 1557-7317,[object Object]; [object Object],2,article,15,3.1463,0.92327698,false,false,closed,,Innovative Approaches in Technology and Social Development; Knowledge Management and Sharing; Information Systems Theories and Implementation,2026-06-11T09:08:48.828518,2026-06-11T09:08:48.828518,openalex_orcid_only,official_orcid_to_openalex_author,high,false,false,,2026-08-29T03:05:16.957Z
unimelb-accounting-014,Professor Michael Davern,A5046388347,W1900400286,Social Networks and Prestige Attainment,1999,1999-10-01,10.1111/j.1536-7150.1999.tb03397.x,https://doi.org/10.1111/j.1536-7150.1999.tb03397.x,American Journal of Economics and Sociology,0002-9246,1536-7150,0002-9246; 1536-7150,[object Object],1,article,14,0,0.1787495,false,false,closed,,Social Capital and Networks; Opinion Dynamics and Social Influence; Complex Network Analysis Techniques,2026-08-21T09:56:20.448147,2026-08-21T09:56:20.448147,openalex_orcid_only,official_orcid_to_openalex_author,high,false,false,,2026-08-29T03:05:16.957Z
unimelb-accounting-014,Professor Michael Davern,A5046388347,W2972513120,"Towards a Unified Theory of Fit: Task, Technology and Individual",2007,2007-11-01,10.22459/isftrr.11.2007.03,https://doi.org/10.22459/isftrr.11.2007.03,ANU Press eBooks,,,,[object Object],1,book-chapter,14,4.2061,0.95444947,false,true,bronze,https://doi.org/10.22459/isftrr.11.2007.03,Information Systems Theories and Implementation; Complex Systems and Decision Making; Usability and User Interface Design,2026-08-25T07:29:55.448023,2026-08-25T07:29:55.448023,openalex_orcid_only,official_orcid_to_openalex_author,high,false,false,,2026-08-29T03:05:16.957Z
unimelb-accounting-014,Professor Michael Davern,A5046388347,W2936722985,Implementing AASB 15 revenue from contracts with customers: the preparer perspective,2019,2019-04-15,10.1108/arj-03-2018-0055,https://doi.org/10.1108/arj-03-2018-0055,Accounting Research Journal,1030-9616,1839-5465,1030-9616; 1839-5465,[object Object]; [object Object]; [object Object]; [object Object],4,article,13,3.1558,0.91583666,false,false,closed,,"Auditing, Earnings Management, Governance; Corporate Finance and Governance; Financial Reporting and Valuation Research",2026-06-26T08:34:08.712188,2026-06-26T08:34:08.712188,openalex_orcid_only,official_orcid_to_openalex_author,high,false,false,,2026-08-29T03:05:16.957Z
unimelb-accounting-014,Professor Michael Davern,A5046388347,W1991272541,"Covering Kids: Variation In Health Insurance Coverage Trends By State, 1996–2002",2004,2004-11-01,10.1377/hlthaff.23.6.170,https://doi.org/10.1377/hlthaff.23.6.170,Health Affairs,0278-2715,1544-5208,0278-2715; 1544-5208; 2694-233X,[object Object]; [object Object]; [object Object],3,article,11,4.946,0.94734343,false,false,closed,,Healthcare Policy and Management; Primary Care and Health Outcomes; Food Security and Health in Diverse Populations,2026-08-21T09:56:20.448147,2026-08-21T09:56:20.448147,openalex_orcid_only,official_orcid_to_openalex_author,high,false,false,,2026-08-29T03:05:16.957Z
unimelb-accounting-014,Professor Michael Davern,A5046388347,W2896950729,On the Ethical Implications of Big Data in Service Systems,2018,2018-10-16,10.1007/978-3-319-98512-1_29,https://doi.org/10.1007/978-3-319-98512-1_29,Service science: research and innovations in the service economy,1865-4924,1865-4932,1865-4924; 1865-4932,[object Object]; [object Object]; [object Object]; [object Object],4,book-chapter,11,6.7967,0.96549708,false,false,closed,,Service and Product Innovation; Big Data and Business Intelligence; Customer Service Quality and Loyalty,2026-08-26T07:47:46.906454,2026-08-26T07:47:46.906454,openalex_orcid_only,official_orcid_to_openalex_author,high,false,false,,2026-08-29T03:05:16.957Z
unimelb-accounting-014,Professor Michael Davern,A5046388347,W2047410209,Complex Sample Design Effects and Health Insurance Variance Estimation,2009,2009-06-01,10.1111/j.1745-6606.2009.01143.x,https://doi.org/10.1111/j.1745-6606.2009.01143.x,Journal of Consumer Affairs,0022-0078,1745-6606,0022-0078; 1745-6606,[object Object]; [object Object]; [object Object]; [object Object],4,article,10,2.5852,0.92215144,false,false,closed,,Healthcare Policy and Management; Food Security and Health in Diverse Populations; Primary Care and Health Outcomes,2026-08-21T09:56:20.448147,2026-08-21T09:56:20.448147,openalex_orcid_only,official_orcid_to_openalex_author,high,false,false,,2026-08-29T03:05:16.957Z
unimelb-accounting-014,Professor Michael Davern,A5046388347,W2552591245,The role of synergy in using enterprise architecture for business transformation,2016,2016-01-01,,https://aisel.aisnet.org/cgi/viewcontent.cgi?article=1066&context=ecis2016_rip,European Conference on Information Systems,,,,[object Object]; [object Object]; [object Object]; [object Object],4,conference-paper,8,0.9731,0.72614928,false,false,closed,,Information Technology Governance and Strategy; ERP Systems Implementation and Impact; Collaboration in agile enterprises,2026-07-29T14:22:42.915294,2026-07-29T14:22:42.915294,openalex_orcid_only,official_orcid_to_openalex_author,high,false,false,,2026-08-29T03:05:16.957Z
unimelb-accounting-014,Professor Michael Davern,A5046388347,W4400044955,The details matter: SEC regulatory guidance and informativeness in non-GAAP disclosure decisions,2024,2024-06-26,10.1108/medar-04-2023-1975,https://doi.org/10.1108/medar-04-2023-1975,Meditari Accountancy Research,1022-2529,2049-372X,1022-2529; 2049-372X; 2049-3738,[object Object]; [object Object],2,article,1,0.7238,0.73436576,false,false,closed,,"Auditing, Earnings Management, Governance; Corporate Finance and Governance; Law, Economics, and Judicial Systems",2026-08-05T07:39:15.569665,2026-08-05T07:39:15.569665,openalex_orcid_only,official_orcid_to_openalex_author,high,false,false,,2026-08-29T03:05:16.957Z
unimelb-accounting-014,Professor Michael Davern,A5046388347,W2068693881,EMPLOYMENT AND HEALTH INSURANCE COVERAGE FOR RURAL LATINO POPULATIONS,2005,2005-02-22,10.1007/s10900-004-1957-z,https://doi.org/10.1007/s10900-004-1957-z,Journal of Community Health,0094-5145,1573-3610,0094-5145; 1573-3610,[object Object]; [object Object]; [object Object],3,article,23,9.8641,0.97799638,false,false,closed,,Food Security and Health in Diverse Populations; Healthcare Policy and Management; Global Health Workforce Issues,2026-08-21T09:56:20.448147,2026-08-21T09:56:20.448147,openalex_orcid_only,official_orcid_to_openalex_author,high,false,false,,2026-08-29T03:05:16.957Z
unimelb-accounting-014,Professor Michael Davern,A5046388347,W1511001453,Content versus structure in information environments: a longitudinal analysis of website preferences,2000,2000-12-10,10.5555/359640.359815,https://doi.org/10.5555/359640.359815,Journal of the Association for Information Systems,1536-9323,,1536-9323,[object Object]; [object Object]; [object Object],3,article,17,1.9297,0.86893204,false,false,closed,,Data Visualization and Analytics; Technology Adoption and User Behaviour; Advanced Text Analysis Techniques,2026-08-21T09:56:20.448147,2026-08-21T09:56:20.448147,openalex_orcid_only,official_orcid_to_openalex_author,high,false,false,,2026-08-29T03:05:16.957Z
unimelb-accounting-014,Professor Michael Davern,A5046388347,W2148105898,Distributing State Children's Health Insurance Program Funds: A Critical Review of the Design and Implementation of the Funding Formula,2007,2007-05-23,10.1215/03616878-2007-010,https://doi.org/10.1215/03616878-2007-010,Journal of Health Politics Policy and Law,0361-6878,1527-1927,0361-6878; 1527-1927,[object Object]; [object Object],2,article,16,5.6232,0.95357834,false,false,closed,,"Food Security and Health in Diverse Populations; Gender, Labor, and Family Dynamics; Homelessness and Social Issues",2026-08-26T07:47:46.906454,2026-08-26T07:47:46.906454,openalex_orcid_only,official_orcid_to_openalex_author,high,false,false,,2026-08-29T03:05:16.957Z
unimelb-accounting-014,Professor Michael Davern,A5046388347,W2124491549,American Indian/Alaska Native Uninsurance Disparities: A Comparison of 3 Surveys,2010,2010-08-20,10.2105/ajph.2009.167247,https://doi.org/10.2105/ajph.2009.167247,American Journal of Public Health,0090-0036,0271-4353,0090-0036; 0271-4353; 1541-0048; 2330-9687,[object Object]; [object Object]; [object Object]; [object Object],4,article,14,2.4344,0.89780009,false,true,green,https://www.ncbi.nlm.nih.gov/pmc/articles/2936999,"Food Security and Health in Diverse Populations; Indigenous Health, Education, and Rights; Survey Methodology and Nonresponse",2026-08-21T09:56:20.448147,2026-08-21T09:56:20.448147,openalex_orcid_only,official_orcid_to_openalex_author,high,false,false,,2026-08-29T03:05:16.957Z
unimelb-accounting-014,Professor Michael Davern,A5046388347,W1509153858,IPUMS-International High Precision Population Census Microdata Samples: Balancing the Privacy-Quality Tradeoff by Means of Restricted Access Extracts,2006,2006-01-01,10.1007/11930242_31,https://doi.org/10.1007/11930242_31,Lecture notes in computer science,0302-9743,1611-3349,0302-9743; 1611-3349,[object Object]; [object Object]; [object Object]; [object Object]; [object Object],5,conference-paper,12,3.7179,0.91976064,false,true,green,https://www.ncbi.nlm.nih.gov/pmc/articles/5382989,Migration and Labor Dynamics; demographic modeling and climate adaptation; Health disparities and outcomes,2026-08-21T09:56:20.448147,2026-08-21T09:56:20.448147,openalex_orcid_only,official_orcid_to_openalex_author,high,false,false,,2026-08-29T03:05:16.957Z
unimelb-accounting-014,Professor Michael Davern,A5046388347,W2021698652,An Exploratory Model of Decision Quality and its Antecedents for Category Novices Using Multiple-Stage Shopping Engines,2004,2004-01-01,10.1353/esj.2006.0003,https://doi.org/10.1353/esj.2006.0003,e-Service Journal,1528-8226,1528-8234,1528-8226; 1528-8234,[object Object]; [object Object],2,article,12,0,0.14351459,false,false,closed,,Technology Adoption and User Behaviour; Digital Marketing and Social Media; Customer Service Quality and Loyalty,2026-08-01T09:00:35.917206,2026-08-01T09:00:35.917206,openalex_orcid_only,official_orcid_to_openalex_author,high,false,false,,2026-08-29T03:05:16.957Z
unimelb-accounting-014,Professor Michael Davern,A5046388347,W2013535666,A challenging success: a process audit perspective on change,2011,2011-11-08,10.1108/14637151111182675,https://doi.org/10.1108/14637151111182675,Business Process Management Journal,1463-7154,1758-4116,1463-7154; 1758-4116,[object Object]; [object Object],2,article,11,0.9473,0.79180705,false,false,closed,,Business Process Modeling and Analysis; Information Technology Governance and Strategy; Software Engineering Techniques and Practices,2026-08-12T21:12:35.861297,2026-08-12T21:12:35.861297,openalex_orcid_only,official_orcid_to_openalex_author,high,false,false,,2026-08-29T03:05:16.957Z
unimelb-accounting-014,Professor Michael Davern,A5046388347,W2103341337,Acceptance of post-adoption unanticipated is usage,2012,2012-08-20,10.1145/2351848.2351850,https://doi.org/10.1145/2351848.2351850,ACM SIGMIS Database the DATABASE for Advances in Information Systems,0095-0033,1532-0936,0095-0033; 1532-0936; 2331-1584; 2331-1622,[object Object]; [object Object],2,article,8,3.7605,0.93892783,false,false,closed,,Information Systems Theories and Implementation; Technology Adoption and User Behaviour; Knowledge Management and Sharing,2026-07-07T14:30:12.667765,2026-07-07T14:30:12.667765,openalex_orcid_only,official_orcid_to_openalex_author,high,false,false,,2026-08-29T03:05:16.957Z
unimelb-accounting-014,Professor Michael Davern,A5046388347,W2303471815,Using Auxiliary Sample Frame Information for Optimum Sampling of Rare Populations,2015,2015-12-01,10.1515/jos-2015-0034,https://doi.org/10.1515/jos-2015-0034,Journal of Official Statistics,0282-423X,2001-7367,0282-423X; 2001-7367,[object Object]; [object Object]; [object Object]; [object Object]; [object Object]; [object Object]; [object Object]; [object Object],8,article,7,0.217,0.63083692,false,true,diamond,https://sciendo.com/pdf/10.1515/jos-2015-0034,"HIV, Drug Use, Sexual Risk; Data-Driven Disease Surveillance; Vaccine Coverage and Hesitancy",2026-06-23T06:36:01.041984,2026-06-23T06:36:01.041984,openalex_orcid_only,official_orcid_to_openalex_author,high,false,false,,2026-08-29T03:05:16.957Z
unimelb-accounting-014,Professor Michael Davern,A5046388347,W1994158527,Are Surname Telephone Oversamples an Efficient Way to Better Understand the Health and Healthcare of Minority Group Members?,2007,2007-11-01,10.1097/mlr.0b013e3181271450,https://doi.org/10.1097/mlr.0b013e3181271450,Medical Care,0025-7079,1537-1948,0025-7079; 1537-1948,[object Object]; [object Object]; [object Object]; [object Object],4,article,6,0.9784,0.85549432,false,false,closed,,Survey Methodology and Nonresponse; Census and Population Estimation; Racial and Ethnic Identity Research,2026-08-21T09:56:20.448147,2026-08-21T09:56:20.448147,openalex_orcid_only,official_orcid_to_openalex_author,high,false,false,,2026-08-29T03:05:16.957Z
unimelb-accounting-014,Professor Michael Davern,A5046388347,W4294816479,Why Do Banks Find Business Process Compliance so Challenging? An Australian Perspective,2022,2022-01-01,10.1007/978-3-031-16171-1_1,https://doi.org/10.1007/978-3-031-16171-1_1,Lecture notes in business information processing,1865-1348,1865-1356,1865-1348; 1865-1356,[object Object]; [object Object]; [object Object]; [object Object],4,conference-paper,2,0.8929,0.68974359,false,false,closed,,Business Process Modeling and Analysis; Risk Management in Financial Firms; Outsourcing and Supply Chain Management,2026-08-21T09:56:20.448147,2026-08-21T09:56:20.448147,openalex_orcid_only,official_orcid_to_openalex_author,high,false,false,,2026-08-29T03:05:16.957Z
unimelb-accounting-014,Professor Michael Davern,A5046388347,W4403038468,Five guidelines to improve context-aware process selection: an Australian banking perspective,2024,2024-10-01,10.1108/bpmj-12-2023-0963,https://doi.org/10.1108/bpmj-12-2023-0963,Business Process Management Journal,1463-7154,1758-4116,1463-7154; 1758-4116,[object Object]; [object Object]; [object Object]; [object Object],4,article,2,0.9341,0.81786392,false,false,closed,,Business Process Modeling and Analysis; ERP Systems Implementation and Impact; Service-Oriented Architecture and Web Services,2026-06-11T09:08:48.828518,2026-06-11T09:08:48.828518,openalex_orcid_only,official_orcid_to_openalex_author,high,false,false,,2026-08-29T03:05:16.957Z
unimelb-accounting-014,Professor Michael Davern,A5046388347,W2412426246,The Polls--Review,2003,2003-01-01,10.1086/379088,https://doi.org/10.1086/379088,Public Opinion Quarterly,0033-362X,1537-5331,0033-362X; 1537-5331,[object Object]; [object Object]; [object Object]; [object Object],4,article,16,4.6547,0.94844569,false,false,closed,,Healthcare Policy and Management; Survey Methodology and Nonresponse; Census and Population Estimation,2026-08-21T09:56:20.448147,2026-08-21T09:56:20.448147,openalex_orcid_only,official_orcid_to_openalex_author,high,false,false,,2026-08-29T03:05:16.957Z
unimelb-accounting-014,Professor Michael Davern,A5046388347,W2781546439,Towards Ethical Big Data Artifacts: A Conceptual Design,2018,2018-01-01,10.24251/hicss.2018.571,https://doi.org/10.24251/hicss.2018.571,Proceedings of the ... Annual Hawaii International Conference on System Sciences/Proceedings of the Annual Hawaii International Conference on System Sciences,1530-1605,2572-6862,1530-1605; 2572-6862,[object Object]; [object Object]; [object Object]; [object Object]; [object Object]; [object Object]; [object Object],7,conference-paper,5,1.2351,0.73115634,false,true,bronze,http://scholarspace.manoa.hawaii.edu/bitstream/10125/50460/1/paper0573.pdf,Big Data and Business Intelligence; Ethics and Social Impacts of AI; Information Systems Theories and Implementation,2026-08-26T07:47:46.906454,2026-08-26T07:47:46.906454,openalex_orcid_only,official_orcid_to_openalex_author,high,false,false,,2026-08-29T03:05:16.957Z
unimelb-accounting-014,Professor Michael Davern,A5046388347,W1509396976,"Drawing statistical inferences from historical census data, 1850–1950",2009,2009-08-01,10.1353/dem.0.0062,https://doi.org/10.1353/dem.0.0062,Demography,0070-3370,1533-7790,0070-3370; 1533-7790,[object Object]; [object Object]; [object Object]; [object Object]; [object Object],5,article,15,3.658,0.92354125,false,true,green,https://www.ncbi.nlm.nih.gov/pmc/articles/2831349,"demographic modeling and climate adaptation; Urban, Neighborhood, and Segregation Studies; Health disparities and outcomes",2026-08-21T09:56:20.448147,2026-08-21T09:56:20.448147,openalex_orcid_only,official_orcid_to_openalex_author,high,false,false,,2026-08-29T03:05:16.957Z
unimelb-accounting-014,Professor Michael Davern,A5046388347,W116733054,Medicaid Under-reporting in the Current Population Survey and One Approach for a Partial Correction,2007,2007-10-21,,https://www.rand.org/content/dam/rand/pubs/working_papers/2007/RAND_WR532.pdf,,,,,[object Object]; [object Object]; [object Object],3,article,11,8.197,0.967916,false,false,closed,,Healthcare Policy and Management; Health disparities and outcomes; Food Security and Health in Diverse Populations,2026-08-13T07:04:57.449891,2026-08-13T07:04:57.449891,openalex_orcid_only,official_orcid_to_openalex_author,high,false,false,,2026-08-29T03:05:16.957Z
unimelb-accounting-014,Professor Michael Davern,A5046388347,W2092873056,"State Variation in SCHIP Allocations: How Much is There, What are its Sources, and Can it Be Reduced?",2003,2003-05-01,10.5034/inquiryjrnl_40.2.184,https://doi.org/10.5034/inquiryjrnl_40.2.184,INQUIRY The Journal of Health Care Organization Provision and Financing,0046-9580,1945-7243,0046-9580; 1945-7243,[object Object]; [object Object]; [object Object]; [object Object]; [object Object],5,article,11,1.8619,0.89945308,false,false,closed,,"Healthcare Policy and Management; Gender, Labor, and Family Dynamics; demographic modeling and climate adaptation",2026-08-21T09:56:20.448147,2026-08-21T09:56:20.448147,openalex_orcid_only,official_orcid_to_openalex_author,high,false,false,,2026-08-29T03:05:16.957Z
unimelb-accounting-014,Professor Michael Davern,A5046388347,W1966489715,Telephone Service Interruption Weighting Adjustments for State Health Insurance Surveys,2004,2004-09-01,10.1177/004695800404100305,https://doi.org/10.1177/004695800404100305,INQUIRY The Journal of Health Care Organization Provision and Financing,0046-9580,1945-7243,0046-9580; 1945-7243,[object Object]; [object Object]; [object Object]; [object Object]; [object Object]; [object Object]; [object Object]; [object Object],8,article,9,6.9244,0.96122291,false,true,green,https://doaj.org/article/6bbf836ec4a24f649ef2a956e510fd0c,Healthcare Policy and Management; Survey Methodology and Nonresponse; Health disparities and outcomes,2026-08-21T09:56:20.448147,2026-08-21T09:56:20.448147,openalex_orcid_only,official_orcid_to_openalex_author,high,false,false,,2026-08-29T03:05:16.957Z
unimelb-accounting-014,Professor Michael Davern,A5046388347,W2292746529,Drawing Statistical Inferences from International Census Data,2011,2011-01-01,10.18128/mpc2011-01,https://doi.org/10.18128/mpc2011-01,Institute for Social Research and Data Innovation,,,,[object Object]; [object Object]; [object Object],3,article,5,0.5584,0.728171,false,true,green,https://doi.org/10.18128/mpc2011-01,Census and Population Estimation; demographic modeling and climate adaptation; Statistical Methods and Bayesian Inference,2026-06-11T09:08:48.828518,2026-06-11T09:08:48.828518,openalex_orcid_only,official_orcid_to_openalex_author,high,false,false,,2026-08-29T03:05:16.957Z
unimelb-accounting-014,Professor Michael Davern,A5046388347,W115970689,More Enduring Questions in Cognitive IS Research: A Reply,2012,2012-12-01,10.17705/1jais.00317,https://doi.org/10.17705/1jais.00317,Journal of the Association for Information Systems,1536-9323,,1536-9323,[object Object]; [object Object]; [object Object],3,article,4,0.4641,0.68905133,false,true,bronze,https://aisel.aisnet.org/cgi/viewcontent.cgi?article=1633&context=jais,Big Data and Business Intelligence; Information Systems Theories and Implementation; Cognitive Science and Mapping,2026-08-01T09:00:35.917206,2026-08-01T09:00:35.917206,openalex_orcid_only,official_orcid_to_openalex_author,high,false,false,,2026-08-29T03:05:16.957Z
unimelb-accounting-014,Professor Michael Davern,A5046388347,W1567673345,How similar are different sources of CHIP enrollment data?,2011,2011-08-01,10.3233/jem-2011-0345,https://doi.org/10.3233/jem-2011-0345,Journal of Economic and Social Measurement,0747-9662,1875-8932,0747-9662; 1875-8932,[object Object]; [object Object]; [object Object],3,article,4,1.7577,0.89450932,false,false,closed,,Healthcare Policy and Management; Primary Care and Health Outcomes; Food Security and Health in Diverse Populations,2026-08-21T09:56:20.448147,2026-08-21T09:56:20.448147,openalex_orcid_only,official_orcid_to_openalex_author,high,false,false,,2026-08-29T03:05:16.957Z
unimelb-accounting-014,Professor Michael Davern,A5046388347,W648466352,Performance with information technology : individual fit and reliance on decision support systems,1999,1999-01-01,,http://ci.nii.ac.jp/ncid/BA66285572,Medical Entomology and Zoology,0424-7086,2185-5609,0424-7086; 2185-5609,[object Object],1,book,4,0,0.20763723,false,false,closed,,Big Data and Business Intelligence,2026-07-28T07:46:37.118299,2026-07-28T07:46:37.118299,openalex_orcid_only,official_orcid_to_openalex_author,high,false,false,,2026-08-29T03:05:16.957Z
unimelb-accounting-014,Professor Michael Davern,A5046388347,W2125627547,Measuring Adequacy of Coverage for the Privately Insured,2009,2009-01-16,10.1177/1077558708330426,https://doi.org/10.1177/1077558708330426,Medical Care Research and Review,1077-5587,1552-6801,1077-5587; 1552-6801,[object Object]; [object Object]; [object Object]; [object Object],4,article,3,0.8617,0.86239557,false,false,closed,,"Healthcare Policy and Management; Global Health Care Issues; Gender, Labor, and Family Dynamics",2026-08-21T09:56:20.448147,2026-08-21T09:56:20.448147,openalex_orcid_only,official_orcid_to_openalex_author,high,false,false,,2026-08-29T03:05:16.957Z
unimelb-accounting-014,Professor Michael Davern,A5046388347,W2883622591,Incommensurability in design science: which comes first—theory or artefact?,2010,2010-12-01,10.22459/isf.12.2010.04,https://doi.org/10.22459/isf.12.2010.04,ANU Press eBooks,,,,[object Object]; [object Object],2,book-chapter,3,2.1103,0.90206798,false,true,bronze,https://doi.org/10.22459/isf.12.2010.04,Design Education and Practice,2026-08-25T07:29:55.448023,2026-08-25T07:29:55.448023,openalex_orcid_only,official_orcid_to_openalex_author,high,false,false,,2026-08-29T03:05:16.957Z
unimelb-accounting-014,Professor Michael Davern,A5046388347,W1543958356,Transaction-Driven Personalization: The Moderating Effects of Personality Traits,2007,2007-01-01,,http://aisel.aisnet.org/pacis2007/9,Journal of the Association for Information Systems,1536-9323,,1536-9323,[object Object]; [object Object]; [object Object],3,article,2,0,0.1278474,false,true,green,http://aisel.aisnet.org/pacis2007/9,Digital Marketing and Social Media; Technology Adoption and User Behaviour; Customer Service Quality and Loyalty,2026-08-26T07:47:46.906454,2026-08-26T07:47:46.906454,openalex_orcid_only,official_orcid_to_openalex_author,high,false,false,,2026-08-29T03:05:16.957Z
unimelb-accounting-014,Professor Michael Davern,A5046388347,W1746568521,How Does Medicaid‐Managed Care Impact Reporting of Medicaid Status?,2010,2010-06-29,10.1111/j.1475-6773.2010.01133.x,https://doi.org/10.1111/j.1475-6773.2010.01133.x,Health Services Research,0017-9124,1475-6773,0017-9124; 1475-6773,[object Object]; [object Object]; [object Object],3,article,2,0,0.1274974,false,true,bronze,https://onlinelibrary.wiley.com/doi/pdfdirect/10.1111/j.1475-6773.2010.01133.x,Healthcare Policy and Management; Geriatric Care and Nursing Homes; Health disparities and outcomes,2026-08-21T09:56:20.448147,2026-08-21T09:56:20.448147,openalex_orcid_only,official_orcid_to_openalex_author,high,false,false,,2026-08-29T03:05:16.957Z
unimelb-accounting-014,Professor Michael Davern,A5046388347,W1174813795,Science and the IS Researcher: Building an Empire Without Walls,1997,1997-01-01,,http://aisel.aisnet.org/amcis1997/234,Journal of the Association for Information Systems,1536-9323,,1536-9323,[object Object]; [object Object],2,article,1,0,0.12182436,false,true,green,http://aisel.aisnet.org/amcis1997/234,Big Data and Business Intelligence; Information Systems Theories and Implementation,2026-08-18T07:49:30.821534,2026-08-18T07:49:30.821534,openalex_orcid_only,official_orcid_to_openalex_author,high,false,false,,2026-08-29T03:05:16.957Z
unimelb-accounting-014,Professor Michael Davern,A5046388347,W128764546,Innovation with Information Systems: An Appropriation Perspective,2004,2004-01-01,,http://aisel.aisnet.org/acis2004/65,Journal of the Association for Information Systems,1536-9323,,1536-9323,[object Object]; [object Object],2,article,1,0,0.03953632,false,true,green,http://aisel.aisnet.org/cgi/viewcontent.cgi?article=1184&context=acis2004,Information Systems Theories and Implementation; Innovative Approaches in Technology and Social Development; Open Source Software Innovations,2026-08-21T09:56:20.448147,2026-08-21T09:56:20.448147,openalex_orcid_only,official_orcid_to_openalex_author,high,false,false,,2026-08-29T03:05:16.957Z
unimelb-accounting-014,Professor Michael Davern,A5046388347,W2017617481,Trends in Employee Wage and Health Insurance Compensation for Employer-Sponsored Health Insurance (ESI) Coverage,2009,2009-05-21,10.1007/s12122-009-9071-8,https://doi.org/10.1007/s12122-009-9071-8,Journal of Labor Research,0195-3613,1936-4768,0195-3613; 1936-4768,[object Object]; [object Object]; [object Object]; [object Object],4,article,1,0,0.15783988,false,false,closed,,"Healthcare Policy and Management; Global Health Care Issues; Health Systems, Economic Evaluations, Quality of Life",2026-08-21T09:56:20.448147,2026-08-21T09:56:20.448147,openalex_orcid_only,official_orcid_to_openalex_author,high,false,false,,2026-08-29T03:05:16.957Z
unimelb-accounting-014,Professor Michael Davern,A5046388347,W2951253076,Information Systems Planning: The Search for Potential Value,2015,2015-03-12,10.4324/9781315701745-21,https://doi.org/10.4324/9781315701745-21,,,,,[object Object],1,book-chapter,1,0,0.43335901,false,false,closed,,Capital Investment and Risk Analysis; Spreadsheets and End-User Computing,2026-07-29T09:40:50.615796,2026-07-29T09:40:50.615796,openalex_orcid_only,official_orcid_to_openalex_author,high,false,false,,2026-08-29T03:05:16.957Z
unimelb-accounting-014,Professor Michael Davern,A5046388347,W3010259896,"Disparities in Public Use Data Availability for Race, Ethnic, and Immigrant Groups",2010,2010-01-01,10.13016/h3ie-xxhq,https://doi.org/10.13016/h3ie-xxhq,University Libraries (University of Maryland),,,,[object Object]; [object Object]; [object Object],3,article,1,0,0.56058994,false,true,green,https://doi.org/10.13016/h3ie-xxhq,"Privacy, Security, and Data Protection",2026-08-21T09:56:20.448147,2026-08-21T09:56:20.448147,openalex_orcid_only,official_orcid_to_openalex_author,high,false,false,,2026-08-29T03:05:16.957Z
unimelb-accounting-014,Professor Michael Davern,A5046388347,W3032939329,Opportunity or threat: Board perspectives on the secondary use of data,2020,2020-01-01,,https://aisel.aisnet.org/pacis2020/112,Journal of the Association for Information Systems,1536-9323,,1536-9323,[object Object]; [object Object]; [object Object]; [object Object],4,article,1,0,0.08133317,false,false,closed,,Insurance and Financial Risk Management; Risk Management in Financial Firms; Big Data and Business Intelligence,2026-08-01T09:00:35.917206,2026-08-01T09:00:35.917206,openalex_orcid_only,official_orcid_to_openalex_author,high,false,false,,2026-08-29T03:05:16.957Z
unimelb-accounting-014,Professor Michael Davern,A5046388347,W3026886070,Enhancing Fairness In Algorithmic Decision-Making Through Perspective Taking,2020,2020-01-01,,https://aisel.aisnet.org/ecis2020_rip/61,Journal of the Association for Information Systems,1536-9323,,1536-9323,[object Object]; [object Object]; [object Object],3,article,1,0.2531,0.6377496,false,false,closed,,Ethics and Social Impacts of AI; Impact of AI and Big Data on Business and Society; Decision-Making and Behavioral Economics,2026-08-26T07:47:46.906454,2026-08-26T07:47:46.906454,openalex_orcid_only,official_orcid_to_openalex_author,high,false,false,,2026-08-29T03:05:16.957Z
unimelb-accounting-014,Professor Michael Davern,A5046388347,W3123488447,Inaccurate Age and Sex Data in the Census PUMS Files: Evidence and Implications,2010,2010-01-01,10.2139/ssrn.1546969,https://doi.org/10.2139/ssrn.1546969,SSRN Electronic Journal,1556-5068,,1556-5068,[object Object]; [object Object]; [object Object],3,preprint,29,,,false,true,green,https://doi.org/10.2139/ssrn.1546969,"Health disparities and outcomes; Financial Literacy, Pension, Retirement Analysis; Retirement, Disability, and Employment",2026-08-21T09:56:20.448147,2026-08-21T09:56:20.448147,openalex_orcid_only,official_orcid_to_openalex_author,high,false,false,,2026-08-29T03:05:16.957Z
unimelb-accounting-014,Professor Michael Davern,A5046388347,W1808917207,Inaccurate age and sex data in the Census PUMS files: Evidence and Implications,2010,2010-01-01,10.3386/w15703,https://doi.org/10.3386/w15703,National Bureau of Economic Research,,,,[object Object]; [object Object]; [object Object],3,report,22,,,false,true,green,https://doi.org/10.3386/w15703,"Healthcare Policy and Management; Financial Literacy, Pension, Retirement Analysis; Health disparities and outcomes",2026-08-04T08:18:43.703281,2026-08-04T08:18:43.703281,openalex_orcid_only,official_orcid_to_openalex_author,high,false,false,,2026-08-29T03:05:16.957Z
unimelb-accounting-014,Professor Michael Davern,A5046388347,W2736417159,State variation in SCHIP allocations,2003,2003-01-01,,https://experts.umn.edu/en/publications/state-variation-in-schip-allocations(1b136b4a-7da0-4a4a-a8c1-681b126b62b2).html,Inquiry Critical Thinking Across the Disciplines,1093-1082,2153-9871,1093-1082; 2153-9871,[object Object]; [object Object]; [object Object]; [object Object]; [object Object],5,article,4,0.4413,0.7284682,false,false,closed,,Game Theory and Applications; Evolutionary Algorithms and Applications; Reinforcement Learning in Robotics,2026-06-11T09:08:48.828518,2026-06-11T09:08:48.828518,openalex_orcid_only,official_orcid_to_openalex_author,high,false,false,,2026-08-29T03:05:16.957Z
unimelb-accounting-014,Professor Michael Davern,A5046388347,W3124884717,Validating Health Insurance Coverage Survey Estimates: A Comparison of Self-Reported Coverage and Administrative Data Records,2009,2009-08-18,,https://papers.ssrn.com/sol3/papers.cfm?abstract_id=1455021,SSRN Electronic Journal,1556-5068,,1556-5068,[object Object]; [object Object]; [object Object]; [object Object]; [object Object],5,preprint,4,,,false,true,green,https://papers.ssrn.com/sol3/papers.cfm?abstract_id=1455021,Healthcare Policy and Management; Primary Care and Health Outcomes; Food Security and Health in Diverse Populations,2026-07-14T23:32:53.992493,2026-07-14T23:32:53.992493,openalex_orcid_only,official_orcid_to_openalex_author,high,false,false,,2026-08-29T03:05:16.957Z
unimelb-accounting-014,Professor Michael Davern,A5046388347,W4231523869,Telephone Service Interruption Weighting Adjustments for State Health Insurance Surveys,2004,2004-09-01,10.5034/inquiryjrnl_41.3.280,https://doi.org/10.5034/inquiryjrnl_41.3.280,INQUIRY The Journal of Health Care Organization Provision and Financing,0046-9580,1945-7243,0046-9580; 1945-7243,[object Object]; [object Object]; [object Object]; [object Object]; [object Object]; [object Object]; [object Object]; [object Object],8,article,4,3.9568,0.94473137,false,false,closed,,Healthcare Policy and Management; Survey Methodology and Nonresponse; Data-Driven Disease Surveillance,2026-08-21T09:56:20.448147,2026-08-21T09:56:20.448147,openalex_orcid_only,official_orcid_to_openalex_author,high,false,false,,2026-08-29T03:05:16.957Z
unimelb-accounting-014,Professor Michael Davern,A5046388347,W2963764769,Black Box Analytics and Ethical Decision Making,2019,2019-01-01,10.2139/ssrn.3318717,https://doi.org/10.2139/ssrn.3318717,SSRN Electronic Journal,1556-5068,,1556-5068,[object Object]; [object Object],2,preprint,2,,,false,true,green,https://doi.org/10.2139/ssrn.3318717,Experimental Behavioral Economics Studies; Psychology of Moral and Emotional Judgment; Decision-Making and Behavioral Economics,2026-07-14T23:27:15.235271,2026-07-14T23:27:15.235271,openalex_orcid_only,official_orcid_to_openalex_author,high,false,false,,2026-08-29T03:05:16.957Z
unimelb-accounting-014,Professor Michael Davern,A5046388347,W4226315481,On the Role of Process Mining in Business Process Compliance,2022,2022-01-01,10.2139/ssrn.4081558,https://doi.org/10.2139/ssrn.4081558,SSRN Electronic Journal,1556-5068,,1556-5068,[object Object]; [object Object]; [object Object]; [object Object],4,preprint,1,,,false,true,green,https://doi.org/10.2139/ssrn.4081558,Business Process Modeling and Analysis,2026-08-04T08:18:43.703281,2026-08-04T08:18:43.703281,openalex_orcid_only,official_orcid_to_openalex_author,high,false,false,,2026-08-29T03:05:16.957Z
unimelb-accounting-014,Professor Michael Davern,A5046388347,W4250520727,"Social Networks and Television Manager Turnover, 1997: [United States]",1999,1999-02-17,10.3886/icpsr02650,https://doi.org/10.3886/icpsr02650,ICPSR Data Holdings,,,,[object Object]; [object Object],2,dataset,1,,,false,false,closed,,ICT Impact and Policies,2026-08-13T07:04:57.449891,2026-08-13T07:04:57.449891,openalex_orcid_only,official_orcid_to_openalex_author,high,false,false,,2026-08-29T03:05:16.957Z
unimelb-accounting-014,Professor Michael Davern,A5046388347,W4402254585,AJIS Thinking Differently in Service of The Community,2024,2024-09-05,10.3127/ajis.v28.5427,https://doi.org/10.3127/ajis.v28.5427,AJIS. Australasian journal of information systems/AJIS. Australian journal of information systems/Australian journal of information systems,1039-7841,1326-2238,1039-7841; 1326-2238; 1449-8618,[object Object]; [object Object],2,editorial,1,,,false,true,diamond,https://ajis.aaisnet.org/index.php/ajis/article/download/5427/1487,Edcuational Technology Systems; AI in Service Interactions; Web and Library Services,2026-08-23T07:36:19.812096,2026-08-23T07:36:19.812096,openalex_orcid_only,official_orcid_to_openalex_author,high,false,false,,2026-08-29T03:05:16.957Z
unimelb-accounting-014,Professor Michael Davern,A5046388347,W133461212,Organizational assimilation of strategic information systems: Toward a comprehensive model,2008,2008-01-01,,https://openalex.org/W133461212,Queensland's institutional digital repository (The University of Queensland),,,,[object Object]; [object Object]; [object Object]; [object Object]; [object Object],5,conference-paper,0,0,0.02555313,false,false,closed,,Information Technology Governance and Strategy; Big Data and Business Intelligence,2026-08-26T07:47:46.906454,2026-08-26T07:47:46.906454,openalex_orcid_only,official_orcid_to_openalex_author,high,false,false,,2026-08-29T03:05:16.957Z
unimelb-accounting-014,Professor Michael Davern,A5046388347,W1482196500,Merging Survey Data with Administrative Data for Health Research Purposes,2014,2014-10-17,10.1002/9781118594629.ch27,https://doi.org/10.1002/9781118594629.ch27,,,,,[object Object]; [object Object]; [object Object],3,other,0,,,false,false,closed,,Data Quality and Management; Survey Methodology and Nonresponse; Census and Population Estimation,2026-08-18T07:49:30.821534,2026-08-18T07:49:30.821534,openalex_orcid_only,official_orcid_to_openalex_author,high,false,false,,2026-08-29T03:05:16.957Z
unimelb-accounting-014,Professor Michael Davern,A5046388347,W1559159290,User Behavior and Decision Making: The role of decisional Guidance in Decision Support,2008,2008-01-01,,http://aisel.aisnet.org/sighci2008/25,Journal of the Association for Information Systems,1536-9323,,1536-9323,[object Object]; [object Object],2,article,0,0,0.08424135,false,false,closed,,Technology Adoption and User Behaviour; Team Dynamics and Performance; Big Data and Business Intelligence,2026-08-18T07:49:30.821534,2026-08-18T07:49:30.821534,openalex_orcid_only,official_orcid_to_openalex_author,high,false,false,,2026-08-29T03:05:16.957Z
unimelb-accounting-014,Professor Michael Davern,A5046388347,W174365228,Leveraging Business Intelligence: Organizational Assimilation of Value-chain Strategic Information Systems,2008,2008-01-01,,https://openalex.org/W174365228,Queensland's institutional digital repository (The University of Queensland),,,,[object Object]; [object Object]; [object Object]; [object Object]; [object Object],5,conference-paper,0,0,0.03614833,false,false,closed,,Big Data and Business Intelligence,2026-08-26T07:47:46.906454,2026-08-26T07:47:46.906454,openalex_orcid_only,official_orcid_to_openalex_author,high,false,false,,2026-08-29T03:05:16.957Z
unimelb-accounting-014,Professor Michael Davern,A5046388347,W2157705803,The evolution of a conference: A message from the program chairs,2009,2009-12-01,10.25916/sut.26252954,https://doi.org/10.25916/sut.26252954,Swinburne figshare (Swinburne University of Technology),,,,[object Object]; [object Object],2,conference-paper,0,0,0.20468499,false,true,green,http://aisel.aisnet.org/acis2009/104,Conferences and Exhibitions Management,2026-08-25T07:29:55.448023,2026-08-25T07:29:55.448023,openalex_orcid_only,official_orcid_to_openalex_author,high,false,false,,2026-08-29T03:05:16.957Z
unimelb-accounting-014,Professor Michael Davern,A5046388347,W2552447966,AmericanIndian/AlaskaNativeUninsuranceDisparities: AComparisonof3Surveys,2010,2010-01-01,,https://ajph.aphapublications.org/doi/pdf/10.2105/AJPH.2009.167247,,,,,[object Object]; [object Object]; [object Object],3,article,0,0,0.42809603,false,false,closed,,Food Security and Health in Diverse Populations; Healthcare Policy and Management; Primary Care and Health Outcomes,2026-06-11T09:08:48.828518,2026-06-11T09:08:48.828518,openalex_orcid_only,official_orcid_to_openalex_author,high,false,false,,2026-08-29T03:05:16.957Z
unimelb-accounting-014,Professor Michael Davern,A5046388347,W2579735081,Methods for Patient Matching in Patient-Centered Outcomes Research.,2014,2014-01-01,,https://dblp.uni-trier.de/db/conf/amia/amia2014.html#MoiduddinDLZD14,AMIA,,,,[object Object]; [object Object]; [object Object]; [object Object]; [object Object],5,article,0,0,0.25246406,false,false,closed,,Machine Learning in Healthcare; Chronic Disease Management Strategies; Global Cancer Incidence and Screening,2026-06-11T09:08:48.828518,2026-06-11T09:08:48.828518,openalex_orcid_only,official_orcid_to_openalex_author,high,false,false,,2026-08-29T03:05:16.957Z
unimelb-accounting-014,Professor Michael Davern,A5046388347,W2971743899,"Decision-usefulness of financial reports, Research Report No 5: The decision-usefulness of financial reports and the future of (financial) reporting",2024,2024-01-01,10.25439/rmt.27401652,https://doi.org/10.25439/rmt.27401652,Monash University Research Portal (Monash University),,,,[object Object]; [object Object]; [object Object]; [object Object],4,book,0,0,0.00742358,false,true,green,https://research.monash.edu/en/publications/1c85af94-1512-487a-84eb-fe6aa6cb812c,Financial Reporting and Valuation Research; Accounting Theory and Financial Reporting,2026-08-18T07:49:30.821534,2026-08-18T07:49:30.821534,openalex_orcid_only,official_orcid_to_openalex_author,high,false,false,,2026-08-29T03:05:16.957Z
unimelb-accounting-014,Professor Michael Davern,A5046388347,W2972470968,"Decision-Usefulness in Financial Reports: Research Report No.4: The effect of company size, profitability and the introduction of IFRS on the relevance of financial reports for investor decision making",2024,2024-01-01,10.25439/rmt.27401898,https://doi.org/10.25439/rmt.27401898,Monash University Research Portal (Monash University),,,,[object Object]; [object Object]; [object Object]; [object Object],4,book,0,0,0.00786026,false,true,green,https://research.monash.edu/en/publications/f360da8d-1a1a-4979-8e45-48e0e042c211,Financial Reporting and Valuation Research,2026-08-18T07:49:30.821534,2026-08-18T07:49:30.821534,openalex_orcid_only,official_orcid_to_openalex_author,high,false,false,,2026-08-29T03:05:16.957Z
unimelb-accounting-014,Professor Michael Davern,A5046388347,W2972557426,Decision-Usefulness in Financial Reports: Research Report No.2: Relevance of Alternative Performance Measures and Non-Financial Information for Investor Decision Making in Australia,2024,2024-01-01,10.25439/rmt.27401544,https://doi.org/10.25439/rmt.27401544,Monash University Research Portal (Monash University),,,,[object Object]; [object Object]; [object Object]; [object Object],4,book,0,0,0.00829694,false,true,green,https://research.monash.edu/en/publications/d7c3e71a-05e3-4d35-99fb-282be2c730cc,Financial Reporting and Valuation Research,2026-08-18T07:49:30.821534,2026-08-18T07:49:30.821534,openalex_orcid_only,official_orcid_to_openalex_author,high,false,false,,2026-08-29T03:05:16.957Z
unimelb-accounting-014,Professor Michael Davern,A5046388347,W2973869600,Decision-Usefulness in Financial Reports: Research Report No.3: The effect of industry on the relevance of financial reports for investor decision making,2024,2024-01-01,10.25439/rmt.27402423,https://doi.org/10.25439/rmt.27402423,Monash University Research Portal (Monash University),,,,[object Object]; [object Object]; [object Object]; [object Object],4,book,0,0,0.00873362,false,true,green,https://researchmgt.monash.edu/ws/files/282406232/281980986_oa.pdf,Financial Reporting and Valuation Research,2026-08-18T07:49:30.821534,2026-08-18T07:49:30.821534,openalex_orcid_only,official_orcid_to_openalex_author,high,false,false,,2026-08-29T03:05:16.957Z
unimelb-accounting-014,Professor Michael Davern,A5046388347,W2974866757,"Decision-Usefulness in Financial Reports, Research Report No. 1: Are financial reports still useful to investors?",2024,2024-01-01,10.25439/rmt.27402231,https://doi.org/10.25439/rmt.27402231,Monash University Research Portal (Monash University),,,,[object Object]; [object Object]; [object Object]; [object Object],4,book,0,0,0.00917031,false,true,green,https://www.cpaaustralia.com.au/~/media/corporate/allfiles/document/professional-resources/reporting/are-financial-reports-still-relevant-to-investors.pdf?la=en,Financial Reporting and Valuation Research,2026-08-18T07:49:30.821534,2026-08-18T07:49:30.821534,openalex_orcid_only,official_orcid_to_openalex_author,high,false,false,,2026-08-29T03:05:16.957Z
unimelb-accounting-014,Professor Michael Davern,A5046388347,W2998736721,The decision-usefulness of financial reports and the future of (financial) reporting,2018,2018-01-01,,https://findanexpert.unimelb.edu.au/scholarlywork/1358835-the-decision-usefulness-of-financial-reports-and-the-future-of-(financial)-reporting,,,,,[object Object]; [object Object]; [object Object]; [object Object],4,article,0,0,0.40551363,false,false,closed,,"Financial Reporting and Valuation Research; Financial Distress and Bankruptcy Prediction; Auditing, Earnings Management, Governance",2026-06-11T09:08:48.828518,2026-06-11T09:08:48.828518,openalex_orcid_only,official_orcid_to_openalex_author,high,false,false,,2026-08-29T03:05:16.957Z
unimelb-accounting-014,Professor Michael Davern,A5046388347,W2999542864,Relevance of alternative performance measures and non-financial information for investor decision making in Australia,2018,2018-01-01,,https://findanexpert.unimelb.edu.au/scholarlywork/1358826-relevance-of-alternative-performance-measures-and-non-financial-information-for-investor-decision-making-in-australia,,,,,[object Object]; [object Object]; [object Object]; [object Object],4,article,0,0,0.39697797,false,false,closed,,Private Equity and Venture Capital; Financial Reporting and Valuation Research,2026-06-11T09:08:48.828518,2026-06-11T09:08:48.828518,openalex_orcid_only,official_orcid_to_openalex_author,high,false,false,,2026-08-29T03:05:16.957Z
unimelb-accounting-014,Professor Michael Davern,A5046388347,W3009889182,Implementing AASB 16 Leases: Are preparers ready?,2024,2024-01-01,10.25439/rmt.27401724,https://doi.org/10.25439/rmt.27401724,Minerva Access (University of Melbourne),,,,[object Object]; [object Object]; [object Object]; [object Object],4,report,0,,,false,true,green,http://hdl.handle.net/11343/233683,Insurance and Financial Risk Management; Financial Reporting and Valuation Research; Housing Market and Economics,2026-08-08T01:25:22.217667,2026-08-08T01:25:22.217667,openalex_orcid_only,official_orcid_to_openalex_author,high,false,false,,2026-08-29T03:05:16.957Z
unimelb-accounting-014,Professor Michael Davern,A5046388347,W3016860200,The effect of industry on the relevance of financial reports for investor decision making,2018,2018-01-01,,https://findanexpert.unimelb.edu.au/scholarlywork/1358829-the-effect-of-industry-on-the-relevance-of-financial-reports-for-investor-decision-making,,,,,[object Object]; [object Object]; [object Object]; [object Object],4,article,0,0,0.41487619,false,false,closed,,Private Equity and Venture Capital,2026-06-11T09:08:48.828518,2026-06-11T09:08:48.828518,openalex_orcid_only,official_orcid_to_openalex_author,high,false,false,,2026-08-29T03:05:16.957Z
unimelb-accounting-014,Professor Michael Davern,A5046388347,W3022511792,"The effect of company size, profitability and the introduction of IFRS on the relevance of financial reports for investor decision making",2018,2018-01-01,,https://findanexpert.unimelb.edu.au/scholarlywork/1358832-the-effect-of-company-size--profitability-and-the-introduction-of-ifrs-on-the-relevance-of-financial-reports-for-investor-decision-making,,,,,[object Object]; [object Object]; [object Object]; [object Object],4,article,0,0,0.4173913,false,false,closed,,"Auditing, Earnings Management, Governance",2026-06-11T09:08:48.828518,2026-06-11T09:08:48.828518,openalex_orcid_only,official_orcid_to_openalex_author,high,false,false,,2026-08-29T03:05:16.957Z
unimelb-accounting-014,Professor Michael Davern,A5046388347,W3139793189,Inaccurate age and sex data in the Census PUMS files: Evidence and Implications,2010,2010-01-01,,https://www.ifo.de/DocDL/cesifo1_wp2929.pdf,RePEc: Research Papers in Economics,,,,[object Object]; [object Object]; [object Object],3,preprint,0,,,false,true,green,http://www.nber.org/papers/w15703.pdf,"Health disparities and outcomes; Financial Literacy, Pension, Retirement Analysis; Healthcare Policy and Management",2026-08-22T07:34:49.880490,2026-08-22T07:34:49.880490,openalex_orcid_only,official_orcid_to_openalex_author,high,false,false,,2026-08-29T03:05:16.957Z
unimelb-accounting-014,Professor Michael Davern,A5046388347,W3162118474,Impact of a Sequential Mixed Mode Strategy on Response Rates and Reporting Errors in a Sample of US Veterans who applied for Department of Veterans Affairs Disability Benefits for Posttraumatic Stress Disorder,2019,2019-04-02,10.31234/osf.io/ja26p,https://doi.org/10.31234/osf.io/ja26p,,,,,[object Object]; [object Object]; [object Object]; [object Object]; [object Object],5,preprint,0,,,false,true,gold,https://doi.org/10.31234/osf.io/ja26p,"Survey Methodology and Nonresponse; Migration, Health and Trauma; Primary Care and Health Outcomes",2026-08-21T09:56:20.448147,2026-08-21T09:56:20.448147,openalex_orcid_only,official_orcid_to_openalex_author,high,false,false,,2026-08-29T03:05:16.957Z
unimelb-accounting-014,Professor Michael Davern,A5046388347,W3162346224,AASB 16 Leases: Investor Perspectives,2024,2024-01-01,10.25439/rmt.27402363,https://doi.org/10.25439/rmt.27402363,Figshare,,,,[object Object]; [object Object]; [object Object]; [object Object],4,report,0,,,false,true,green,https://figshare.com/articles/report/AASB_16_Leases_Investor_Perspectives/27402363,"Economic, financial, and policy analysis",2026-08-26T07:47:46.906454,2026-08-26T07:47:46.906454,openalex_orcid_only,official_orcid_to_openalex_author,high,false,false,,2026-08-29T03:05:16.957Z
unimelb-accounting-014,Professor Michael Davern,A5046388347,W4221167828,Why Do Banks Find Business Process Compliance So Challenging? An Australian Case Study,2022,2022-03-24,10.48550/arxiv.2203.14904,https://doi.org/10.48550/arxiv.2203.14904,RePEc: Research Papers in Economics,,,,[object Object]; [object Object]; [object Object]; [object Object],4,preprint,0,,,false,true,green,https://arxiv.org/pdf/2203.14904,Business Process Modeling and Analysis; Risk Management in Financial Firms; Outsourcing and Supply Chain Management,2026-08-26T07:47:46.906454,2026-08-26T07:47:46.906454,openalex_orcid_only,official_orcid_to_openalex_author,high,false,false,,2026-08-29T03:05:16.957Z
unimelb-accounting-014,Professor Michael Davern,A5046388347,W4237833614,"Social Networks and Television Manager Turnover, 1997: [United States]",1999,1999-02-17,10.3886/icpsr02650.v1,https://doi.org/10.3886/icpsr02650.v1,ICPSR Data Holdings,,,,[object Object]; [object Object],2,dataset,0,,,false,false,closed,,ICT Impact and Policies,2026-08-13T07:04:57.449891,2026-08-13T07:04:57.449891,openalex_orcid_only,official_orcid_to_openalex_author,high,false,false,,2026-08-29T03:05:16.957Z
unimelb-accounting-014,Professor Michael Davern,A5046388347,W4365205346,Five guidelines to improve context-aware process selection: an Australian banking perspective,2023,2023-04-11,10.48550/arxiv.2304.05033,https://doi.org/10.48550/arxiv.2304.05033,RePEc: Research Papers in Economics,,,,[object Object]; [object Object]; [object Object]; [object Object],4,preprint,0,,,false,true,green,https://arxiv.org/pdf/2304.05033,Business Process Modeling and Analysis; Service and Product Innovation; Quality and Supply Management,2026-08-26T07:47:46.906454,2026-08-26T07:47:46.906454,openalex_orcid_only,official_orcid_to_openalex_author,high,false,false,,2026-08-29T03:05:16.957Z
unimelb-accounting-014,Professor Michael Davern,A5046388347,W4401073557,The details matter: SEC regulatory guidance and informativeness in non-GAAP disclosure decisions,2024,2024-01-01,10.2139/ssrn.4879066,https://doi.org/10.2139/ssrn.4879066,SSRN Electronic Journal,1556-5068,,1556-5068,[object Object]; [object Object],2,preprint,0,,,false,true,green,http://dx.doi.org/10.2139/ssrn.4879066,"Auditing, Earnings Management, Governance; Legal and Constitutional Studies",2026-08-21T09:56:20.448147,2026-08-21T09:56:20.448147,openalex_orcid_only,official_orcid_to_openalex_author,high,false,false,,2026-08-29T03:05:16.957Z
unimelb-accounting-014,Professor Michael Davern,A5046388347,W4412648643,Embracing New Insights,2025,2025-07-23,10.3127/ajis.v29.6003,https://doi.org/10.3127/ajis.v29.6003,AJIS. Australasian journal of information systems/AJIS. Australian journal of information systems/Australian journal of information systems,1039-7841,1326-2238,1039-7841; 1326-2238; 1449-8618,[object Object]; [object Object],2,article,0,0,0.20956557,false,true,diamond,https://ajis.aaisnet.org/index.php/ajis/article/download/6003/1513,Qualitative Research Methods and Ethics; Jewish Identity and Society; School Health and Nursing Education,2026-08-28T12:50:07.497085,2026-08-28T12:50:07.497085,openalex_orcid_only,official_orcid_to_openalex_author,high,false,false,,2026-08-29T03:05:16.957Z
unimelb-accounting-014,Professor Michael Davern,A5046388347,W4413539997,It’s company earnings season. What does that mean – and why does it matter?,2024,2024-08-20,10.64628/aa.9p9n5kdwn,https://doi.org/10.64628/aa.9p9n5kdwn,,,,,[object Object]; [object Object],2,other,0,,,false,false,closed,,Risk Management in Financial Firms; Economic Analysis and Policy; Socio-economic Development and Sustainability,2026-07-14T23:27:15.235271,2026-07-14T23:27:15.235271,openalex_orcid_only,official_orcid_to_openalex_author,high,false,false,,2026-08-29T03:05:16.957Z
unimelb-accounting-014,Professor Michael Davern,A5046388347,W4413634220,The Crowdstrike outage showed that risk management is essential. Why are so many businesses reluctant to do it?,2024,2024-07-22,10.64628/aa.hmpw9u5xa,https://doi.org/10.64628/aa.hmpw9u5xa,,,,,[object Object],1,other,0,,,false,false,closed,,Risk Management in Financial Firms,2026-07-14T23:27:15.235271,2026-07-14T23:27:15.235271,openalex_orcid_only,official_orcid_to_openalex_author,high,false,false,,2026-08-29T03:05:16.957Z
unimelb-accounting-014,Professor Michael Davern,A5046388347,W7128703805,AI threatens to eat business software – and it could change the way we work,2026,2026-02-12,10.64628/aa.prda5s5pr,https://doi.org/10.64628/aa.prda5s5pr,,,,,[object Object]; [object Object],2,other,0,,,false,false,closed,,AI in Service Interactions; Ethics and Social Impacts of AI; Artificial Intelligence in Healthcare and Education,2026-07-14T23:27:15.235271,2026-07-14T23:27:15.235271,openalex_orcid_only,official_orcid_to_openalex_author,high,false,false,,2026-08-29T03:05:16.957Z
unimelb-accounting-017,Dr Patrick Ferguson,A5008577121,W2142527120,Detection of pharmaceuticals and personal care products (PPCPs) in near-shore habitats of southern Lake Michigan,2013,2013-05-04,10.1016/j.scitotenv.2013.04.024,https://doi.org/10.1016/j.scitotenv.2013.04.024,The Science of The Total Environment,0048-9697,1879-1026,0048-9697; 1879-1026,[object Object]; [object Object]; [object Object]; [object Object],4,article,130,6.5404,0.97538937,false,false,closed,,Pharmaceutical and Antibiotic Environmental Impacts; Water Treatment and Disinfection; Analytical chemistry methods development,2026-08-21T09:56:20.448147,2026-08-21T09:56:20.448147,openalex_orcid_only,official_orcid_to_openalex_author,high,false,false,,2026-08-29T03:05:16.957Z
unimelb-accounting-017,Dr Patrick Ferguson,A5008577121,W2041924396,Management control in an area of the NCB: Rationales of accounting practices in a public enterprise,1985,1985-01-01,10.1016/0361-3682(85)90028-5,https://doi.org/10.1016/0361-3682(85)90028-5,Accounting Organizations and Society,0361-3682,1873-6289,0361-3682; 1873-6289,[object Object]; [object Object]; [object Object]; [object Object]; [object Object]; [object Object],6,article,278,12.2356,0.98767773,false,true,green,https://figshare.com/articles/journal_contribution/Management_control_in_an_area_of_the_NCB_rationales_of_accounting_practices_in_a_public_enterprise/23486444,Accounting and Organizational Management; Management and Organizational Studies,2026-08-27T14:10:00.468798,2026-08-27T14:10:00.468798,openalex_orcid_only,official_orcid_to_openalex_author,high,false,false,,2026-08-29T03:05:16.957Z
unimelb-accounting-017,Dr Patrick Ferguson,A5008577121,W2120869411,Enhancing the Accessibility of Accounting and Business Archives: The Role of Technology in Informing Research in Accounting and Business,2013,2013-08-26,10.1111/abac.12009,https://doi.org/10.1111/abac.12009,Abacus,0001-3072,1467-6281,0001-3072; 1467-6281,[object Object]; [object Object]; [object Object]; [object Object]; [object Object]; [object Object]; [object Object],7,article,13,1.492,0.85213021,false,false,closed,,"Accounting and Organizational Management; Auditing, Earnings Management, Governance",2026-08-21T09:56:20.448147,2026-08-21T09:56:20.448147,openalex_orcid_only,official_orcid_to_openalex_author,high,false,false,,2026-08-29T03:05:16.957Z
unimelb-accounting-017,Dr Patrick Ferguson,A5008577121,W4382447968,Consuming Contests: The Effect of Outcome Uncertainty on Spectator Attendance in the Australian Football League*,2023,2023-05-08,10.1111/1475-4932.12735,https://doi.org/10.1111/1475-4932.12735,Economic Record,0013-0249,1475-4932,0013-0249; 1475-4932,[object Object]; [object Object],2,article,3,0.6212,0.79941107,false,true,hybrid,https://onlinelibrary.wiley.com/doi/pdfdirect/10.1111/1475-4932.12735,"Sports Analytics and Performance; Sports, Gender, and Society; Sport and Mega-Event Impacts",2026-08-28T12:50:07.497085,2026-08-28T12:50:07.497085,openalex_orcid_only,official_orcid_to_openalex_author,high,false,false,,2026-08-29T03:05:16.957Z
unimelb-accounting-017,Dr Patrick Ferguson,A5008577121,W2782572953,INVARIANT LINE STRAIN AND NEEDLE-PRECIPITATE GROWTH DIRECTIONS,1983,1983-08-01,,https://escholarship.org/uc/item/8hg9035z,eScholarship (California Digital Library),,,,[object Object]; [object Object]; [object Object],3,article,2,0,0.36214653,false,true,green,https://escholarship.org/uc/item/8hg9035z,Stochastic processes and financial applications,2026-08-26T07:47:46.906454,2026-08-26T07:47:46.906454,openalex_orcid_only,official_orcid_to_openalex_author,high,false,false,,2026-08-29T03:05:16.957Z
unimelb-accounting-017,Dr Patrick Ferguson,A5008577121,W3149743904,Consuming Contests: The Effect of Outcome Uncertainty on Spectator Attendance in the Australian Football League,2021,2021-01-01,10.2139/ssrn.3783339,https://doi.org/10.2139/ssrn.3783339,SSRN Electronic Journal,1556-5068,,1556-5068,[object Object]; [object Object],2,preprint,6,,,false,true,green,https://doi.org/10.2139/ssrn.3783339,"Sports Analytics and Performance; Sport and Mega-Event Impacts; Sports, Gender, and Society",2026-08-21T09:56:20.448147,2026-08-21T09:56:20.448147,openalex_orcid_only,official_orcid_to_openalex_author,high,false,false,,2026-08-29T03:05:16.957Z
unimelb-accounting-017,Dr Patrick Ferguson,A5008577121,W4301343596,Who Pays Attention to Sustainability Reports and Why? Evidence from Google Search Activity,2022,2022-01-01,10.2139/ssrn.4182067,https://doi.org/10.2139/ssrn.4182067,SSRN Electronic Journal,1556-5068,,1556-5068,[object Object]; [object Object]; [object Object],3,preprint,4,,,false,true,green,https://doi.org/10.2139/ssrn.4182067,Digital Marketing and Social Media; Environmental Sustainability in Business; Technology Adoption and User Behaviour,2026-07-22T07:51:19.307946,2026-07-22T07:51:19.307946,openalex_orcid_only,official_orcid_to_openalex_author,high,false,false,,2026-08-29T03:05:16.957Z
unimelb-accounting-017,Dr Patrick Ferguson,A5008577121,W3187693780,When and Why Do Supervisors’ Evaluations Overweight Subordinates’ Performance Outcomes? Evidence From a Team Setting in the Field,2021,2021-01-01,10.2139/ssrn.3894211,https://doi.org/10.2139/ssrn.3894211,SSRN Electronic Journal,1556-5068,,1556-5068,[object Object],1,preprint,2,,,false,true,green,https://doi.org/10.2139/ssrn.3894211,Experimental Behavioral Economics Studies; Corporate Social Responsibility Reporting; Corporate Finance and Governance,2026-08-21T09:56:20.448147,2026-08-21T09:56:20.448147,openalex_orcid_only,official_orcid_to_openalex_author,high,false,false,,2026-08-29T03:05:16.957Z
unimelb-accounting-017,Dr Patrick Ferguson,A5008577121,W4387478920,Who Pays Attention to Sustainability Reports and Why? Evidence from Google Search Activity,2023,2023-01-01,10.2139/ssrn.4572702,https://doi.org/10.2139/ssrn.4572702,SSRN Electronic Journal,1556-5068,,1556-5068,[object Object]; [object Object]; [object Object],3,preprint,2,,,false,true,green,https://doi.org/10.2139/ssrn.4572702,Environmental Sustainability in Business; Corporate Social Responsibility Reporting; Digital Marketing and Social Media,2026-08-21T09:56:20.448147,2026-08-21T09:56:20.448147,openalex_orcid_only,official_orcid_to_openalex_author,high,false,false,,2026-08-29T03:05:16.957Z
unimelb-accounting-017,Dr Patrick Ferguson,A5008577121,W4366387118,How Firms Internally Drive Value: A Measurement Approach,2023,2023-01-01,10.2139/ssrn.4413808,https://doi.org/10.2139/ssrn.4413808,SSRN Electronic Journal,1556-5068,,1556-5068,[object Object]; [object Object]; [object Object]; [object Object],4,preprint,1,,,false,true,green,https://doi.org/10.2139/ssrn.4413808,Financial Reporting and Valuation Research,2026-08-21T09:56:20.448147,2026-08-21T09:56:20.448147,openalex_orcid_only,official_orcid_to_openalex_author,high,false,false,,2026-08-29T03:05:16.957Z
unimelb-accounting-017,Dr Patrick Ferguson,A5008577121,W3200449986,"Less Information, More Comparison, and Better Performance: Evidence from a Field Experiment",2021,2021-05-01,,http://eprints.lse.ac.uk/109789/1/1475_679X.12362.pdf,London School of Economics and Political Science Research Online (London School of Economics and Political Science),,,,[object Object]; [object Object]; [object Object],3,article,0,0,0.21313645,false,true,green,http://eprints.lse.ac.uk/111032/1/1475_679X.12362.pdf,"Auditing, Earnings Management, Governance; Experimental Behavioral Economics Studies; Accounting and Organizational Management",2026-08-26T07:47:46.906454,2026-08-26T07:47:46.906454,openalex_orcid_only,official_orcid_to_openalex_author,high,false,false,,2026-08-29T03:05:16.957Z
unimelb-accounting-017,Dr Patrick Ferguson,A5008577121,W3208671381,"Contests for control, contests for consumption: Empirical evidence from professional sports on contest theory",2021,2021-05-17,,https://nrs.harvard.edu/URN-3:HUL.INSTREPOS:37368511,Digital Access to Scholarship at Harvard (DASH) (Harvard University),,,,[object Object],1,dissertation,0,,,false,false,closed,,"Sports, Gender, and Society; Sport and Mega-Event Impacts; Sports Analytics and Performance",2026-07-02T09:51:11.867554,2026-07-02T09:51:11.867554,openalex_orcid_only,official_orcid_to_openalex_author,high,false,false,,2026-08-29T03:05:16.957Z
unimelb-accounting-017,Dr Patrick Ferguson,A5008577121,W4404176507,When and Why Do Supervisors’ Evaluations Overweight Subordinates’ Performance Outcomes? Evidence from a Team Setting in the Field,2024,2024-11-08,10.2308/tar-2021-0672,https://doi.org/10.2308/tar-2021-0672,The Accounting Review,0001-4826,1558-7967,0001-4826; 1558-7967,[object Object],1,article,0,0,0.18084902,false,true,bronze,https://publications.aaahq.org/accounting-review/article-pdf/doi/10.2308/TAR-2021-0672/113851/tar-2021-0672.pdf,Sports Analytics and Performance; Experimental Behavioral Economics Studies; Decision-Making and Behavioral Economics,2026-08-18T07:49:30.821534,2026-08-18T07:49:30.821534,openalex_orcid_only,official_orcid_to_openalex_author,high,false,false,,2026-08-29T03:05:16.957Z
unimelb-accounting-017,Dr Patrick Ferguson,A5008577121,W897830082,Abundance of pharmaceuticals and personal care products in near-shore habitats of Lake Michigan,2012,2012-05-05,,http://cardinalscholar.bsu.edu/handle/123456789/195892,Cardinal Scholar (Ball State University),,,,[object Object],1,article,0,0,0.03222145,false,true,green,http://cardinalscholar.bsu.edu/handle/123456789/195892,Pharmaceutical and Antibiotic Environmental Impacts; Wastewater Treatment and Reuse; Chemical Analysis and Environmental Impact,2026-08-27T14:10:00.468798,2026-08-27T14:10:00.468798,openalex_orcid_only,official_orcid_to_openalex_author,high,false,false,,2026-08-29T03:05:16.957Z
unimelb-accounting-018,Professor Jennifer Grafton,A5002897815,W2018989413,The role of performance measurement and evaluation in building organizational capabilities and performance,2010,2010-08-26,10.1016/j.aos.2010.07.004,https://doi.org/10.1016/j.aos.2010.07.004,Accounting Organizations and Society,0361-3682,1873-6289,0361-3682; 1873-6289,[object Object]; [object Object]; [object Object],3,article,291,21.2234,0.9958529,false,false,closed,,"Accounting and Organizational Management; Efficiency Analysis Using DEA; Auditing, Earnings Management, Governance",2026-08-25T07:29:55.448023,2026-08-25T07:29:55.448023,openalex_orcid_only,official_orcid_to_openalex_author,high,false,false,,2026-08-29T03:05:16.957Z
unimelb-accounting-018,Professor Jennifer Grafton,A5002897815,W1966592855,Mixed methods research in accounting,2011,2011-04-12,10.1108/11766091111124676,https://doi.org/10.1108/11766091111124676,Qualitative Research in Accounting & Management,1176-6093,1758-7654,1176-6093; 1758-7654,[object Object]; [object Object]; [object Object],3,article,90,6.8019,0.96106218,false,false,closed,,"Accounting and Organizational Management; Accounting Education and Careers; Auditing, Earnings Management, Governance",2026-07-02T09:51:11.867554,2026-07-02T09:51:11.867554,openalex_orcid_only,official_orcid_to_openalex_author,high,false,false,,2026-08-29T03:05:16.957Z
unimelb-accounting-018,Professor Jennifer Grafton,A5002897815,W2078311698,Organisational design choices in response to public sector reforms: A case study of mandated hospital networks,2011,2011-07-24,10.1016/j.mar.2011.06.001,https://doi.org/10.1016/j.mar.2011.06.001,Management Accounting Research,1044-5005,1096-1224,1044-5005; 1096-1224,[object Object]; [object Object]; [object Object],3,article,84,7.7225,0.97371692,false,false,closed,,Public Policy and Administration Research; Management and Organizational Studies; Accounting and Organizational Management,2026-08-21T09:56:20.448147,2026-08-21T09:56:20.448147,openalex_orcid_only,official_orcid_to_openalex_author,high,false,false,,2026-08-29T03:05:16.957Z
unimelb-accounting-018,Professor Jennifer Grafton,A5002897815,W3167076806,The Influence of Institutional Differences on Control Mechanisms in Alliances,2021,2021-05-28,10.2308/tar-2018-0216,https://doi.org/10.2308/tar-2018-0216,The Accounting Review,0001-4826,1558-7967,0001-4826; 1558-7967,[object Object]; [object Object]; [object Object]; [object Object],4,article,9,0.9463,0.80995654,false,true,green,https://research.vu.nl/en/publications/9bbaca20-1659-434e-928f-57b9d07c8678,Business Strategy and Innovation; Innovation and Knowledge Management; Wine Industry and Tourism,2026-08-26T07:47:46.906454,2026-08-26T07:47:46.906454,openalex_orcid_only,official_orcid_to_openalex_author,high,false,false,,2026-08-29T03:05:16.957Z
unimelb-accounting-018,Professor Jennifer Grafton,A5002897815,W2498192666,Relational contracting and the myth of trust: Control in a co-opetitive setting,2016,2016-08-04,10.1016/j.mar.2016.07.008,https://doi.org/10.1016/j.mar.2016.07.008,Management Accounting Research,1044-5005,1096-1224,1044-5005; 1096-1224,[object Object]; [object Object],2,article,6,1.1606,0.86297774,false,true,green,https://papers.ssrn.com/sol3/Delivery.cfm/SSRN_ID2835715_code475377.pdf?abstractid=2835715&mirid=1,Business Strategy and Innovation; Outsourcing and Supply Chain Management; Digital Platforms and Economics,2026-08-21T09:56:20.448147,2026-08-21T09:56:20.448147,openalex_orcid_only,official_orcid_to_openalex_author,high,false,false,,2026-08-29T03:05:16.957Z
unimelb-accounting-018,Professor Jennifer Grafton,A5002897815,W4403399254,Embedding sustainability agendas within organizations: A performance measurement and management control perspective,2024,2024-01-01,10.1590/1808-057x20249046.en,https://doi.org/10.1590/1808-057x20249046.en,Revista Contabilidade & Finanças,1519-7077,1808-057X,1519-7077; 1808-057X,[object Object],1,article,2,0.6537,0.77798209,false,true,diamond,https://doi.org/10.1590/1808-057x20249046.en,Environmental Sustainability in Business; Complex Systems and Decision Making; Corporate Social Responsibility Reporting,2026-08-23T07:36:19.812096,2026-08-23T07:36:19.812096,openalex_orcid_only,official_orcid_to_openalex_author,high,false,false,,2026-08-29T03:05:16.957Z
unimelb-accounting-018,Professor Jennifer Grafton,A5002897815,W4404584097,"Capturing the wisdom of the field: trends, opportunities, and threats in positivist field study research",2024,2024-11-19,10.4337/9781803920672.00030,https://doi.org/10.4337/9781803920672.00030,Edward Elgar Publishing eBooks,,,,[object Object]; [object Object],2,book-chapter,1,4.9797,0.95462917,false,false,closed,,Qualitative Research Methods and Ethics,2026-06-11T09:08:48.828518,2026-06-11T09:08:48.828518,openalex_orcid_only,official_orcid_to_openalex_author,high,false,false,,2026-08-29T03:05:16.957Z
unimelb-accounting-018,Professor Jennifer Grafton,A5002897815,W4404584680,The contemporary landscape of performance measurement research: overview of Research Handbook content and reader navigation,2024,2024-11-19,10.4337/9781803920672.00010,https://doi.org/10.4337/9781803920672.00010,Edward Elgar Publishing eBooks,,,,[object Object]; [object Object],2,book-chapter,1,0.9876,0.82081062,false,false,closed,,Accounting and Organizational Management,2026-07-15T18:14:33.161393,2026-07-15T18:14:33.161393,openalex_orcid_only,official_orcid_to_openalex_author,high,false,false,,2026-08-29T03:05:16.957Z
unimelb-accounting-018,Professor Jennifer Grafton,A5002897815,W2122352796,The Role of Performance Management and Control Systems in Public‐Sector Reform: Victorian Health Care Networks,2005,2005-11-01,10.1111/j.1835-2561.2005.tb00300.x,https://doi.org/10.1111/j.1835-2561.2005.tb00300.x,Australian Accounting Review,1035-6908,1835-2561,1035-6908; 1835-2561,[object Object]; [object Object],2,article,6,0.4563,0.73826794,false,false,closed,,Accounting and Organizational Management; Healthcare Quality and Management; Public Policy and Administration Research,2026-08-21T09:56:20.448147,2026-08-21T09:56:20.448147,openalex_orcid_only,official_orcid_to_openalex_author,high,false,false,,2026-08-29T03:05:16.957Z
unimelb-accounting-018,Professor Jennifer Grafton,A5002897815,W2992162615,"Political correctness, surface tension and passive racism: a preliminary analysis of students' lived experiences of cultural diversity at the University of Melbourne.",2000,2000-09-01,,https://search.informit.com.au/documentSummary;dn=200102567;res=IELAPA,Youth studies Australia,1038-2569,1839-4914,1038-2569; 1839-4914,[object Object]; [object Object],2,article,3,0,0.55633846,false,false,closed,,Education Systems and Policy; Service-Learning and Community Engagement; Higher Education Research Studies,2026-06-11T09:08:48.828518,2026-06-11T09:08:48.828518,openalex_orcid_only,official_orcid_to_openalex_author,high,false,false,,2026-08-29T03:05:16.957Z
unimelb-accounting-018,Professor Jennifer Grafton,A5002897815,W3044114307,Collaboration and Control: Managing tensions in competitive inter-organisational relationships,2011,2011-01-01,,https://findanexpert.unimelb.edu.au/scholarlywork/330163-collaboration-and-control--managing-tensions-in-competitive-inter-organisational-relationships,,,,,[object Object]; [object Object],2,article,1,0,0.6087849,false,false,closed,,Business Strategy and Innovation,2026-06-11T09:08:48.828518,2026-06-11T09:08:48.828518,openalex_orcid_only,official_orcid_to_openalex_author,high,false,false,,2026-08-29T03:05:16.957Z
unimelb-accounting-018,Professor Jennifer Grafton,A5002897815,W3124438040,Organisational Design Choices in Response to Public Sector Reforms: A Case Study of Mandated Hospital Networks,2011,2011-11-15,,https://papers.ssrn.com/sol3/papers.cfm?abstract_id=1959727,SSRN Electronic Journal,1556-5068,,1556-5068,[object Object]; [object Object]; [object Object],3,preprint,1,,,false,true,green,https://papers.ssrn.com/sol3/papers.cfm?abstract_id=1959727,Public Policy and Administration Research; Management and Organizational Studies; Accounting and Organizational Management,2026-07-14T23:32:53.992493,2026-07-14T23:32:53.992493,openalex_orcid_only,official_orcid_to_openalex_author,high,false,false,,2026-08-29T03:05:16.957Z
unimelb-accounting-018,Professor Jennifer Grafton,A5002897815,W3140760376,The Influence of Performance Measurement on the Processual Dynamics of Strategic Change,2020,2020-06-11,,https://papers.ssrn.com/sol3/papers.cfm?abstract_id=3650461,SSRN Electronic Journal,1556-5068,,1556-5068,[object Object]; [object Object]; [object Object],3,preprint,1,,,false,true,green,https://papers.ssrn.com/sol3/papers.cfm?abstract_id=3650461,Accounting and Organizational Management,2026-07-14T23:32:53.992493,2026-07-14T23:32:53.992493,openalex_orcid_only,official_orcid_to_openalex_author,high,false,false,,2026-08-29T03:05:16.957Z
unimelb-accounting-018,Professor Jennifer Grafton,A5002897815,W4401173719,"Performance measurement, strategy, and strategic change",2024,2024-01-01,10.2139/ssrn.4899619,https://doi.org/10.2139/ssrn.4899619,SSRN Electronic Journal,1556-5068,,1556-5068,[object Object],1,preprint,1,,,false,true,green,http://dx.doi.org/10.2139/ssrn.4899619,Human Resource Development and Performance Evaluation; Accounting and Organizational Management,2026-08-04T08:18:43.703281,2026-08-04T08:18:43.703281,openalex_orcid_only,official_orcid_to_openalex_author,high,false,false,,2026-08-29T03:05:16.957Z
unimelb-accounting-018,Professor Jennifer Grafton,A5002897815,W2288670722,The institutional and technical antecedents of organisational design: a case study in the Victorian metropolitan hospital system,2002,2002-01-01,,http://hdl.handle.net/11343/36358,Minerva Access (University of Melbourne),,,,[object Object],1,dissertation,0,,,false,false,closed,,Quality and Supply Management; Accounting and Organizational Management; Management and Organizational Studies,2026-08-26T07:47:46.906454,2026-08-26T07:47:46.906454,openalex_orcid_only,official_orcid_to_openalex_author,high,false,false,,2026-08-29T03:05:16.957Z
unimelb-accounting-018,Professor Jennifer Grafton,A5002897815,W3122632383,Mixed Methods Research in Accounting,2011,2011-05-05,10.1108/11766091111124676.html,https://doi.org/10.1108/11766091111124676.html,SSRN Electronic Journal,1556-5068,,1556-5068,[object Object]; [object Object]; [object Object],3,preprint,0,,,false,true,green,https://papers.ssrn.com/sol3/papers.cfm?abstract_id=1832949,Construction Project Management and Performance; Quality and Supply Management; Big Data and Business Intelligence,2026-08-26T07:47:46.906454,2026-08-26T07:47:46.906454,openalex_orcid_only,official_orcid_to_openalex_author,high,false,false,,2026-08-29T03:05:16.957Z
unimelb-accounting-018,Professor Jennifer Grafton,A5002897815,W3164677417,"Abstracts From the 24th Annual Health Care Systems Research Network Conference, April 11–13, 2018, Minneapolis, Minnesota : Improving Health and Well-Being: Connecting Research and Practice",2018,2018-01-01,,https://europepmc.org/articles/PMC6664338,Journal of patient-centered research and reviews,2330-068X,2330-0698,2330-068X; 2330-0698,[object Object]; [object Object]; [object Object]; [object Object]; [object Object]; [object Object]; [object Object]; [object Object]; [object Object]; [object Object]; [object Object]; [object Object]; [object Object]; [object Object]; [object Object]; [object Object]; [object Object]; [object Object]; [object Object]; [object Object]; [object Object]; [object Object]; [object Object]; [object Object]; [object Object]; [object Object]; [object Object]; [object Object]; [object Object]; [object Object]; [object Object]; [object Object]; [object Object]; [object Object]; [object Object]; [object Object]; [object Object]; [object Object]; [object Object]; [object Object]; [object Object]; [object Object]; [object Object]; [object Object]; [object Object]; [object Object]; [object Object]; [object Object]; [object Object]; [object Object]; [object Object]; [object Object]; [object Object]; [object Object]; [object Object]; [object Object]; [object Object]; [object Object]; [object Object]; [object Object]; [object Object]; [object Object]; [object Object]; [object Object]; [object Object]; [object Object]; [object Object]; [object Object]; [object Object]; [object Object]; [object Object]; [object Object]; [object Object]; [object Object]; [object Object]; [object Object]; [object Object]; [object Object]; [object Object]; [object Object]; [object Object]; [object Object]; [object Object]; [object Object]; [object Object]; [object Object]; [object Object]; [object Object]; [object Object]; [object Object]; [object Object]; [object Object]; [object Object]; [object Object]; [object Object]; [object Object]; [object Object]; [object Object]; [object Object]; [object Object],100,conference-abstract,0,,,false,true,green,https://europepmc.org/articles/PMC6664338,"Primary Care and Health Outcomes; Health Systems, Economic Evaluations, Quality of Life; Health Policy Implementation Science",2026-07-14T23:32:53.992493,2026-07-14T23:32:53.992493,openalex_orcid_only,official_orcid_to_openalex_author,high,false,false,,2026-08-29T03:05:16.957Z
unimelb-accounting-018,Professor Jennifer Grafton,A5002897815,W4247064624,"Competition, Collaboration and Control: Managing Tensions in Inter-Organisational Relationships",2009,2009-01-01,10.2139/ssrn.1445200,https://doi.org/10.2139/ssrn.1445200,SSRN Electronic Journal,1556-5068,,1556-5068,[object Object]; [object Object],2,preprint,0,,,false,true,green,https://doi.org/10.2139/ssrn.1445200,Business Strategy and Innovation,2026-08-21T09:56:20.448147,2026-08-21T09:56:20.448147,openalex_orcid_only,official_orcid_to_openalex_author,high,false,false,,2026-08-29T03:05:16.957Z
unimelb-accounting-018,Professor Jennifer Grafton,A5002897815,W4401182635,"Capturing the wisdom of the field: trends, opportunities and threats in positivist field study research",2024,2024-01-01,10.2139/ssrn.4899621,https://doi.org/10.2139/ssrn.4899621,SSRN Electronic Journal,1556-5068,,1556-5068,[object Object]; [object Object],2,preprint,0,,,false,true,green,http://dx.doi.org/10.2139/ssrn.4899621,Qualitative Research Methods and Ethics,2026-08-04T08:18:43.703281,2026-08-04T08:18:43.703281,openalex_orcid_only,official_orcid_to_openalex_author,high,false,false,,2026-08-29T03:05:16.957Z
unimelb-accounting-018,Professor Jennifer Grafton,A5002897815,W4403399337,Incorporando agendas de sustentabilidade nas organizações: uma perspectiva de mensuração de desempenho e controle gerencial,2024,2024-01-01,10.1590/1808-057x20249046.pt,https://doi.org/10.1590/1808-057x20249046.pt,Revista Contabilidade & Finanças,1519-7077,1808-057X,1519-7077; 1808-057X,[object Object],1,article,0,0,0.19632109,false,true,diamond,https://doi.org/10.1590/1808-057x20249046.pt,Business and Management Studies; Environmental Sustainability in Business,2025-12-22T23:10:17.713674,2025-12-22T23:10:17.713674,openalex_orcid_only,official_orcid_to_openalex_author,high,false,false,,2026-08-29T03:05:16.957Z
unimelb-accounting-018,Professor Jennifer Grafton,A5002897815,W4404584004,"Performance measurement, strategy, and strategic change",2024,2024-11-19,10.4337/9781803920672.00020,https://doi.org/10.4337/9781803920672.00020,Edward Elgar Publishing eBooks,,,,[object Object],1,book-chapter,0,0,0.61373661,false,false,closed,,Human Resource Development and Performance Evaluation; Accounting and Organizational Management,2025-11-06T03:46:38.306776,2025-11-06T03:46:38.306776,openalex_orcid_only,official_orcid_to_openalex_author,high,false,false,,2026-08-29T03:05:16.957Z
unimelb-accounting-021,Associate Professor Chung-Yu Hung,A5010418326,W4379740318,Mobilizing Text As Data,2023,2023-06-07,10.1080/09638180.2023.2218423,https://doi.org/10.1080/09638180.2023.2218423,European Accounting Review,0963-8180,1468-4497,0963-8180; 1468-4497,[object Object]; [object Object]; [object Object],3,article,33,7.5718,0.97362676,false,true,hybrid,https://www.tandfonline.com/doi/pdf/10.1080/09638180.2023.2218423?download=true,"Financial Reporting and XBRL; Auditing, Earnings Management, Governance; Semantic Web and Ontologies",2026-08-28T12:50:07.497085,2026-08-28T12:50:07.497085,openalex_orcid_only,official_orcid_to_openalex_author,high,false,false,,2026-08-29T03:05:16.957Z
unimelb-accounting-021,Associate Professor Chung-Yu Hung,A5010418326,W4397014659,Managers' career preferences and corporate culture,2024,2024-05-16,10.1111/1911-3846.12948,https://doi.org/10.1111/1911-3846.12948,Contemporary Accounting Research,0823-9150,1911-3846,0823-9150; 1911-3846,[object Object]; [object Object]; [object Object],3,article,11,5.5043,0.95486915,false,true,bronze,https://onlinelibrary.wiley.com/doi/pdfdirect/10.1111/1911-3846.12948,Job Satisfaction and Organizational Behavior; Corporate Finance and Governance; Corporate Social Responsibility Reporting,2026-08-28T12:50:07.497085,2026-08-28T12:50:07.497085,openalex_orcid_only,official_orcid_to_openalex_author,high,false,false,,2026-08-29T03:05:16.957Z
unimelb-accounting-021,Associate Professor Chung-Yu Hung,A5010418326,W4281639703,Does Referral-Based Hiring Exacerbate Agency Problems?,2022,2022-06-02,10.2308/tar-2020-0173,https://doi.org/10.2308/tar-2020-0173,The Accounting Review,0001-4826,1558-7967,0001-4826; 1558-7967,[object Object]; [object Object]; [object Object],3,article,7,1.5946,0.84536385,false,false,closed,,Experimental Behavioral Economics Studies; Corporate Finance and Governance; Auction Theory and Applications,2026-06-11T09:08:48.828518,2026-06-11T09:08:48.828518,openalex_orcid_only,official_orcid_to_openalex_author,high,false,false,,2026-08-29T03:05:16.957Z
unimelb-accounting-021,Associate Professor Chung-Yu Hung,A5010418326,W3122614100,The effects of macroeconomic factors on implicit taxes: Evidence from an emerging economy,2010,2010-01-01,10.1016/j.intaccaudtax.2010.07.001,https://doi.org/10.1016/j.intaccaudtax.2010.07.001,Journal of International Accounting Auditing and Taxation,1061-9518,1879-1603,1061-9518; 1879-1603,[object Object]; [object Object],2,article,4,0.6676,0.85862058,false,false,closed,,Corporate Taxation and Avoidance; Taxation and Compliance Studies; Fiscal Policy and Economic Growth,2026-08-21T09:56:20.448147,2026-08-21T09:56:20.448147,openalex_orcid_only,official_orcid_to_openalex_author,high,false,false,,2026-08-29T03:05:16.957Z
unimelb-accounting-021,Associate Professor Chung-Yu Hung,A5010418326,W4387784139,Peer-Specific Knowledge and Peer Group Properties in Relative Performance Evaluation,2023,2023-10-19,10.2308/jmar-2022-013,https://doi.org/10.2308/jmar-2022-013,Journal of Management Accounting Research,1049-2127,1558-8033,1049-2127; 1558-8033,[object Object]; [object Object],2,article,1,0.4541,0.69155067,false,false,closed,,"Auditing, Earnings Management, Governance; Corporate Finance and Governance; Accounting and Organizational Management",2026-06-11T09:08:48.828518,2026-06-11T09:08:48.828518,openalex_orcid_only,official_orcid_to_openalex_author,high,false,false,,2026-08-29T03:05:16.957Z
unimelb-accounting-021,Associate Professor Chung-Yu Hung,A5010418326,W4285817670,Mobilizing text as data,2022,2022-01-01,10.2139/ssrn.4162594,https://doi.org/10.2139/ssrn.4162594,SSRN Electronic Journal,1556-5068,,1556-5068,[object Object]; [object Object]; [object Object],3,preprint,3,,,false,true,green,https://doi.org/10.2139/ssrn.4162594,"Auditing, Earnings Management, Governance; Financial Reporting and XBRL; Advanced Text Analysis Techniques",2026-08-26T07:47:46.906454,2026-08-26T07:47:46.906454,openalex_orcid_only,official_orcid_to_openalex_author,high,false,false,,2026-08-29T03:05:16.957Z
unimelb-accounting-021,Associate Professor Chung-Yu Hung,A5010418326,W2073442854,The Effects of Macroeconomic Factors on Implicit Taxes: Evidence from an Emerging Economy,2010,2010-01-01,10.2139/ssrn.1591711,https://doi.org/10.2139/ssrn.1591711,SSRN Electronic Journal,1556-5068,,1556-5068,[object Object]; [object Object],2,preprint,2,,,false,true,green,https://doi.org/10.2139/ssrn.1591711,Corporate Taxation and Avoidance; Taxation and Compliance Studies; Fiscal Policy and Economic Growth,2026-08-21T09:56:20.448147,2026-08-21T09:56:20.448147,openalex_orcid_only,official_orcid_to_openalex_author,high,false,false,,2026-08-29T03:05:16.957Z
unimelb-accounting-021,Associate Professor Chung-Yu Hung,A5010418326,W3034733530,Status and Discretionary Bonus Payments: Evidence from a Large Private Chinese Hospital,2012,2012-01-01,10.2139/ssrn.2131171,https://doi.org/10.2139/ssrn.2131171,SSRN Electronic Journal,1556-5068,,1556-5068,[object Object]; [object Object]; [object Object],3,preprint,1,,,false,true,green,https://doi.org/10.2139/ssrn.2131171,Healthcare Policy and Management; Patient Satisfaction in Healthcare,2026-07-22T07:51:19.307946,2026-07-22T07:51:19.307946,openalex_orcid_only,official_orcid_to_openalex_author,high,false,false,,2026-08-29T03:05:16.957Z
unimelb-accounting-021,Associate Professor Chung-Yu Hung,A5010418326,W4399569487,Seeing People: The Selective Attention of Financial Analysts in their Research Output,2024,2024-01-01,10.2139/ssrn.4862556,https://doi.org/10.2139/ssrn.4862556,SSRN Electronic Journal,1556-5068,,1556-5068,[object Object]; [object Object]; [object Object]; [object Object],4,preprint,1,,,false,true,green,http://dx.doi.org/10.2139/ssrn.4862556,"Financial Markets and Investment Strategies; Market Dynamics and Volatility; Auditing, Earnings Management, Governance",2026-08-04T08:18:43.703281,2026-08-04T08:18:43.703281,openalex_orcid_only,official_orcid_to_openalex_author,high,false,false,,2026-08-29T03:05:16.957Z
unimelb-accounting-021,Associate Professor Chung-Yu Hung,A5010418326,W3089989074,Benefits of independent agents' entrepreneurship: Evidence from the loan market,2019,2019-01-01,10.2139/ssrn.3492407,https://doi.org/10.2139/ssrn.3492407,SSRN Electronic Journal,1556-5068,,1556-5068,[object Object]; [object Object]; [object Object]; [object Object],4,preprint,0,,,false,true,green,https://doi.org/10.2139/ssrn.3492407,"Auction Theory and Applications; Experimental Behavioral Economics Studies; Law, Economics, and Judicial Systems",2026-08-21T09:56:20.448147,2026-08-21T09:56:20.448147,openalex_orcid_only,official_orcid_to_openalex_author,high,false,false,,2026-08-29T03:05:16.957Z
unimelb-accounting-021,Associate Professor Chung-Yu Hung,A5010418326,W3122708702,Expertise and Discretionary Bonus Decisions,2018,2018-01-01,10.2139/ssrn.3214065,https://doi.org/10.2139/ssrn.3214065,SSRN Electronic Journal,1556-5068,,1556-5068,[object Object]; [object Object]; [object Object],3,preprint,0,,,false,true,green,https://doi.org/10.2139/ssrn.3214065,"Experimental Behavioral Economics Studies; Auction Theory and Applications; Auditing, Earnings Management, Governance",2026-07-22T07:51:19.307946,2026-07-22T07:51:19.307946,openalex_orcid_only,official_orcid_to_openalex_author,high,false,false,,2026-08-29T03:05:16.957Z
unimelb-accounting-021,Associate Professor Chung-Yu Hung,A5010418326,W3127427714,"Group Identity, Performance Transparency, and Employee Performance",2019,2019-10-22,,https://papers.ssrn.com/sol3/Delivery.cfm/SSRN_ID3492525_code2114101.pdf?abstractid=3492525&mirid=1,SSRN Electronic Journal,1556-5068,,1556-5068,[object Object]; [object Object]; [object Object],3,preprint,0,,,false,true,green,https://papers.ssrn.com/sol3/Delivery.cfm/SSRN_ID3492525_code2114101.pdf?abstractid=3492525&mirid=1,Experimental Behavioral Economics Studies; Corporate Finance and Governance,2026-07-14T23:32:53.992493,2026-07-14T23:32:53.992493,openalex_orcid_only,official_orcid_to_openalex_author,high,false,false,,2026-08-29T03:05:16.957Z
unimelb-accounting-021,Associate Professor Chung-Yu Hung,A5010418326,W3133933601,Peer-Specific Knoweldge and Relative Performance Evaluation,2020,2020-09-05,,https://papers.ssrn.com/sol3/papers.cfm?abstract_id=3687291,SSRN Electronic Journal,1556-5068,,1556-5068,[object Object]; [object Object],2,preprint,0,,,false,true,green,https://papers.ssrn.com/sol3/papers.cfm?abstract_id=3687291,"Corporate Finance and Governance; Auditing, Earnings Management, Governance; Experimental Behavioral Economics Studies",2026-07-14T23:32:53.992493,2026-07-14T23:32:53.992493,openalex_orcid_only,official_orcid_to_openalex_author,high,false,false,,2026-08-29T03:05:16.957Z
unimelb-accounting-021,Associate Professor Chung-Yu Hung,A5010418326,W3149013122,Does referral-based hiring exacerbate agency problems?,2020,2020-01-01,10.2139/ssrn.3557857,https://doi.org/10.2139/ssrn.3557857,SSRN Electronic Journal,1556-5068,,1556-5068,[object Object]; [object Object]; [object Object],3,preprint,0,,,false,true,green,https://doi.org/10.2139/ssrn.3557857,"Financial Markets and Investment Strategies; Banking stability, regulation, efficiency; Auction Theory and Applications",2026-08-21T09:56:20.448147,2026-08-21T09:56:20.448147,openalex_orcid_only,official_orcid_to_openalex_author,high,false,false,,2026-08-29T03:05:16.957Z
unimelb-accounting-021,Associate Professor Chung-Yu Hung,A5010418326,W3180144722,Travel Distance and Corporate Investment Policy,2019,2019-01-01,10.2139/ssrn.3316839,https://doi.org/10.2139/ssrn.3316839,SSRN Electronic Journal,1556-5068,,1556-5068,[object Object]; [object Object],2,preprint,0,,,false,true,green,https://doi.org/10.2139/ssrn.3316839,Aviation Industry Analysis and Trends; Corporate Finance and Governance; Corporate Taxation and Avoidance,2026-08-21T09:56:20.448147,2026-08-21T09:56:20.448147,openalex_orcid_only,official_orcid_to_openalex_author,high,false,false,,2026-08-29T03:05:16.957Z
unimelb-accounting-021,Associate Professor Chung-Yu Hung,A5010418326,W3200433369,Does Peer-Specific Knowledge Improve Relative Performance Evaluation?,2018,2018-08-17,,https://papers.ssrn.com/sol3/Delivery.cfm/SSRN_ID3233445_code1470252.pdf?abstractid=3233445&mirid=1,SSRN Electronic Journal,1556-5068,,1556-5068,[object Object]; [object Object]; [object Object],3,preprint,0,,,false,true,green,https://papers.ssrn.com/sol3/Delivery.cfm/SSRN_ID3233445_code1470252.pdf?abstractid=3233445&mirid=1,"Corporate Finance and Governance; Auditing, Earnings Management, Governance",2026-07-14T23:32:53.992493,2026-07-14T23:32:53.992493,openalex_orcid_only,official_orcid_to_openalex_author,high,false,false,,2026-08-29T03:05:16.957Z
unimelb-accounting-021,Associate Professor Chung-Yu Hung,A5010418326,W3207238663,Do Management Career Preferences Influence Corporate Culture Building,2020,2020-10-10,,https://autopapers.ssrn.com/sol3/papers.cfm?abstract_id=3741963,SSRN Electronic Journal,1556-5068,,1556-5068,[object Object]; [object Object]; [object Object],3,preprint,0,,,false,true,green,https://autopapers.ssrn.com/sol3/papers.cfm?abstract_id=3741963,Experimental Behavioral Economics Studies; Innovation and Knowledge Management,2026-07-14T23:32:53.992493,2026-07-14T23:32:53.992493,openalex_orcid_only,official_orcid_to_openalex_author,high,false,false,,2026-08-29T03:05:16.957Z
unimelb-accounting-021,Associate Professor Chung-Yu Hung,A5010418326,W4212926591,Benefits of Independent Agents' Entrepreneurship: Evidence From the Loan Market,2022,2022-02-17,10.2308/jmar-2020-042,https://doi.org/10.2308/jmar-2020-042,Journal of Management Accounting Research,1049-2127,1558-8033,1049-2127; 1558-8033,[object Object]; [object Object]; [object Object]; [object Object],4,article,0,0,0.0177762,false,false,closed,,"Corporate Finance and Governance; Banking stability, regulation, efficiency; Auction Theory and Applications",2026-08-06T08:24:18.245995,2026-08-06T08:24:18.245995,openalex_orcid_only,official_orcid_to_openalex_author,high,false,false,,2026-08-29T03:05:16.957Z
unimelb-accounting-021,Associate Professor Chung-Yu Hung,A5010418326,W4232150572,"Worker Selection, Group Composition, and Incentive Contracts: Evidence from a Manufacturing Plant",2013,2013-01-01,10.2139/ssrn.2312041,https://doi.org/10.2139/ssrn.2312041,SSRN Electronic Journal,1556-5068,,1556-5068,[object Object]; [object Object],2,preprint,0,,,false,true,green,https://doi.org/10.2139/ssrn.2312041,Corporate Finance and Governance,2026-08-04T08:18:43.703281,2026-08-04T08:18:43.703281,openalex_orcid_only,official_orcid_to_openalex_author,high,false,false,,2026-08-29T03:05:16.957Z
unimelb-accounting-021,Associate Professor Chung-Yu Hung,A5010418326,W7170078747,AI Camera as a Control Technology: Evidence from the Field,2026,2026-01-01,10.2139/ssrn.7153058,https://doi.org/10.2139/ssrn.7153058,SSRN Electronic Journal,1556-5068,,1556-5068,[object Object]; [object Object]; [object Object]; [object Object],4,preprint,0,,,false,true,green,https://doi.org/10.2139/ssrn.7153058,Ethics and Social Impacts of AI; Digital Economy and Work Transformation; Robotic Process Automation Applications,2026-08-11T07:18:39.950985,2026-08-11T07:18:39.950985,openalex_orcid_only,official_orcid_to_openalex_author,high,false,false,,2026-08-29T03:05:16.957Z
unimelb-accounting-021,Associate Professor Chung-Yu Hung,A5010418326,W7172254203,AI Camera as a Control Technology: Evidence from the Field,2026,2026-01-01,10.2139/ssrn.7153001,https://doi.org/10.2139/ssrn.7153001,SSRN Electronic Journal,1556-5068,,1556-5068,[object Object]; [object Object]; [object Object]; [object Object],4,preprint,0,,,false,true,green,https://doi.org/10.2139/ssrn.7153001,Ethics and Social Impacts of AI; Digital Economy and Work Transformation; Robotic Process Automation Applications,2026-08-04T08:18:43.703281,2026-08-04T08:18:43.703281,openalex_orcid_only,official_orcid_to_openalex_author,high,false,false,,2026-08-29T03:05:16.957Z
unimelb-accounting-022,Dr Xue Jia,A5064614057,W4312645451,Voluntary versus Mandatory Disclosure of Liability Insurance Coverage Limit,2022,2022-01-01,10.2139/ssrn.4298640,https://doi.org/10.2139/ssrn.4298640,SSRN Electronic Journal,1556-5068,,1556-5068,[object Object]; [object Object],2,preprint,1,,,false,true,green,https://doi.org/10.2139/ssrn.4298640,"Insurance and Financial Risk Management; Law, Economics, and Judicial Systems; Medical Malpractice and Liability Issues",2026-08-04T08:18:43.703281,2026-08-04T08:18:43.703281,openalex_orcid_only,official_orcid_to_openalex_author,high,false,false,,2026-08-29T03:05:16.957Z
unimelb-accounting-022,Dr Xue Jia,A5064614057,W4385246827,"Voluntary Disclosure, Activist Communication and Intervention",2023,2023-01-01,10.2139/ssrn.4516350,https://doi.org/10.2139/ssrn.4516350,SSRN Electronic Journal,1556-5068,,1556-5068,[object Object]; [object Object],2,preprint,1,,,false,true,green,https://doi.org/10.2139/ssrn.4516350,Political Influence and Corporate Strategies; Management and Organizational Studies; Nonprofit Sector and Volunteering,2026-08-21T09:56:20.448147,2026-08-21T09:56:20.448147,openalex_orcid_only,official_orcid_to_openalex_author,high,false,false,,2026-08-29T03:05:16.957Z
unimelb-accounting-022,Dr Xue Jia,A5064614057,W4413220285,On the Valuation Implications of Unbundled Disclosure,2025,2025-01-01,10.2139/ssrn.5386480,https://doi.org/10.2139/ssrn.5386480,SSRN Electronic Journal,1556-5068,,1556-5068,[object Object]; [object Object],2,preprint,0,,,false,true,green,https://doi.org/10.2139/ssrn.5386480,"Auditing, Earnings Management, Governance; Financial Reporting and Valuation Research; Financial Markets and Investment Strategies",2026-08-21T09:56:20.448147,2026-08-21T09:56:20.448147,openalex_orcid_only,official_orcid_to_openalex_author,high,false,false,,2026-08-29T03:05:16.957Z
unimelb-accounting-023,Associate Professor Like Jiang,A5091492510,W3124345947,The Validity of Auditor Industry Specialization Measures,2015,2015-06-01,10.2308/ajpt-51176,https://doi.org/10.2308/ajpt-51176,Auditing A Journal of Practice & Theory,0278-0380,1558-7991,0278-0380; 1558-7991,[object Object]; [object Object]; [object Object],3,article,146,25.5069,0.99402466,false,false,closed,,"Auditing, Earnings Management, Governance; Financial Reporting and Valuation Research; Accounting and Organizational Management",2026-08-27T14:10:00.468798,2026-08-27T14:10:00.468798,openalex_orcid_only,official_orcid_to_openalex_author,high,false,false,,2026-08-29T03:05:16.957Z
unimelb-accounting-023,Associate Professor Like Jiang,A5091492510,W4402576233,"A mini review on coated pipes: Materials, manufacturing and anti-corrosion protection",2024,2024-09-16,10.1177/1478422x241278895,https://doi.org/10.1177/1478422x241278895,Corrosion Engineering Science and Technology The International Journal of Corrosion Processes and Corrosion Control,1478-422X,1743-2782,1478-422X; 1743-2782,[object Object]; [object Object]; [object Object]; [object Object]; [object Object]; [object Object]; [object Object],7,article,21,1.8451,0.89050928,false,false,closed,,Corrosion Behavior and Inhibition; Surface Modification and Superhydrophobicity; Material Selection and Properties,2026-08-28T12:50:07.497085,2026-08-28T12:50:07.497085,openalex_orcid_only,official_orcid_to_openalex_author,high,false,false,,2026-08-29T03:05:16.957Z
unimelb-accounting-023,Associate Professor Like Jiang,A5091492510,W2971127592,The Association between Internal Audit Operations-Related Services and Firm Operating Performance,2019,2019-09-20,10.2308/ajpt-52565,https://doi.org/10.2308/ajpt-52565,Auditing A Journal of Practice & Theory,0278-0380,1558-7991,0278-0380; 1558-7991,[object Object]; [object Object]; [object Object],3,article,71,14.7451,0.98982621,false,false,closed,,"Auditing, Earnings Management, Governance; Risk Management in Financial Firms; Accounting and Organizational Management",2026-08-12T21:12:35.861297,2026-08-12T21:12:35.861297,openalex_orcid_only,official_orcid_to_openalex_author,high,false,false,,2026-08-29T03:05:16.957Z
unimelb-accounting-023,Associate Professor Like Jiang,A5091492510,W2960364728,Can organizational identification mitigate the CEO horizon problem?,2019,2019-07-12,10.1016/j.aos.2019.07.002,https://doi.org/10.1016/j.aos.2019.07.002,Accounting Organizations and Society,0361-3682,1873-6289,0361-3682; 1873-6289,[object Object]; [object Object]; [object Object],3,article,47,7.9163,0.97132367,false,false,closed,,"Corporate Finance and Governance; Auditing, Earnings Management, Governance; Corporate Social Responsibility Reporting",2026-08-28T12:50:07.497085,2026-08-28T12:50:07.497085,openalex_orcid_only,official_orcid_to_openalex_author,high,false,false,,2026-08-29T03:05:16.957Z
unimelb-accounting-023,Associate Professor Like Jiang,A5091492510,W2777274599,An international study of internal audit function quality,2017,2017-12-19,10.1080/00014788.2017.1357461,https://doi.org/10.1080/00014788.2017.1357461,Accounting and Business Research,0001-4788,2159-4260,0001-4788; 2159-4260,[object Object]; [object Object]; [object Object],3,article,46,6.1967,0.96157394,false,false,closed,,"Auditing, Earnings Management, Governance; Corporate Finance and Governance; Risk Management in Financial Firms",2026-08-26T07:47:46.906454,2026-08-26T07:47:46.906454,openalex_orcid_only,official_orcid_to_openalex_author,high,false,false,,2026-08-29T03:05:16.957Z
unimelb-accounting-023,Associate Professor Like Jiang,A5091492510,W2996714432,Dealing with Ethical Dilemmas: A Look at Financial Reporting by Firms Facing Product Harm Crises,2019,2019-12-23,10.1007/s10551-019-04375-6,https://doi.org/10.1007/s10551-019-04375-6,Journal of Business Ethics,0167-4544,1573-0697,0167-4544; 1573-0697,[object Object]; [object Object]; [object Object]; [object Object],4,article,31,5.4164,0.95520246,false,false,closed,,"Auditing, Earnings Management, Governance; Corporate Social Responsibility Reporting; Ethics in Business and Education",2026-08-28T12:50:07.497085,2026-08-28T12:50:07.497085,openalex_orcid_only,official_orcid_to_openalex_author,high,false,false,,2026-08-29T03:05:16.957Z
unimelb-accounting-023,Associate Professor Like Jiang,A5091492510,W4319311666,Magneto-mechanical properties of anisotropic magnetorheological elastomers with tilt angle of magnetic chain under compression mode,2023,2023-02-06,10.1016/j.jmmm.2023.170441,https://doi.org/10.1016/j.jmmm.2023.170441,Journal of Magnetism and Magnetic Materials,0304-8853,1873-4766,0304-8853; 1873-4766,[object Object]; [object Object]; [object Object]; [object Object],4,article,24,2.7241,0.89692152,false,false,closed,,Vibration Control and Rheological Fluids; Structural Engineering and Vibration Analysis; Seismic Performance and Analysis,2026-08-28T12:50:07.497085,2026-08-28T12:50:07.497085,openalex_orcid_only,official_orcid_to_openalex_author,high,false,false,,2026-08-29T03:05:16.957Z
unimelb-accounting-023,Associate Professor Like Jiang,A5091492510,W3135366423,Auditor‐client reciprocity: Evidence from forecast‐issuing brokerage houses and forecasted companies sharing the same auditor,2023,2023-02-08,10.1111/1911-3846.12856,https://doi.org/10.1111/1911-3846.12856,Contemporary Accounting Research,0823-9150,1911-3846,0823-9150; 1911-3846,[object Object]; [object Object]; [object Object]; [object Object]; [object Object],5,article,13,4.397,0.93946188,false,true,green,https://figshare.com/articles/journal_contribution/Auditor-client_reciprocity_Evidence_from_forecast-issuing_brokerage_houses_and_forecasted_companies_sharing_the_same_auditor/20614911,"Auditing, Earnings Management, Governance; Corporate Finance and Governance; Financial Markets and Investment Strategies",2026-08-28T12:50:07.497085,2026-08-28T12:50:07.497085,openalex_orcid_only,official_orcid_to_openalex_author,high,false,false,,2026-08-29T03:05:16.957Z
unimelb-accounting-023,Associate Professor Like Jiang,A5091492510,W4397014659,Managers' career preferences and corporate culture,2024,2024-05-16,10.1111/1911-3846.12948,https://doi.org/10.1111/1911-3846.12948,Contemporary Accounting Research,0823-9150,1911-3846,0823-9150; 1911-3846,[object Object]; [object Object]; [object Object],3,article,11,5.5043,0.95486915,false,true,bronze,https://onlinelibrary.wiley.com/doi/pdfdirect/10.1111/1911-3846.12948,Job Satisfaction and Organizational Behavior; Corporate Finance and Governance; Corporate Social Responsibility Reporting,2026-08-28T12:50:07.497085,2026-08-28T12:50:07.497085,openalex_orcid_only,official_orcid_to_openalex_author,high,false,false,,2026-08-29T03:05:16.957Z
unimelb-accounting-023,Associate Professor Like Jiang,A5091492510,W4400453872,Partner-Level Cumulative Industry Expertise and Audit Quality,2024,2024-07-09,10.2308/ajpt-2022-047,https://doi.org/10.2308/ajpt-2022-047,Auditing A Journal of Practice & Theory,0278-0380,1558-7991,0278-0380; 1558-7991,[object Object]; [object Object]; [object Object]; [object Object],4,article,7,4.6795,0.94679675,false,false,closed,,Innovation Policy and R&D,2026-08-15T07:11:24.734988,2026-08-15T07:11:24.734988,openalex_orcid_only,official_orcid_to_openalex_author,high,false,false,,2026-08-29T03:05:16.957Z
unimelb-accounting-023,Associate Professor Like Jiang,A5091492510,W4292379349,Financial reporting consequences of natural disasters: Evidence from the impact of resource constraints at audit offices on non-affected clients,2022,2022-08-19,10.1016/j.jaccpubpol.2022.107012,https://doi.org/10.1016/j.jaccpubpol.2022.107012,Journal of Accounting and Public Policy,0278-4254,1873-2070,0278-4254; 1873-2070,[object Object]; [object Object]; [object Object]; [object Object],4,article,18,4.1518,0.94066067,false,false,closed,,"Auditing, Earnings Management, Governance; Risk Management in Financial Firms; Insurance and Financial Risk Management",2026-08-28T12:50:07.497085,2026-08-28T12:50:07.497085,openalex_orcid_only,official_orcid_to_openalex_author,high,false,false,,2026-08-29T03:05:16.957Z
unimelb-accounting-023,Associate Professor Like Jiang,A5091492510,W4390990333,A four-point bending technique for characterizing the interface fracture toughness between soft thin films and stiff substrates,2024,2024-01-18,10.1016/j.engfracmech.2024.109881,https://doi.org/10.1016/j.engfracmech.2024.109881,Engineering Fracture Mechanics,0013-7944,1873-7315,0013-7944; 1873-7315,[object Object]; [object Object]; [object Object]; [object Object],4,article,5,0.8634,0.62670772,false,false,closed,,"Mechanical Behavior of Composites; Mechanical stress and fatigue analysis; Adhesion, Friction, and Surface Interactions",2026-08-28T12:50:07.497085,2026-08-28T12:50:07.497085,openalex_orcid_only,official_orcid_to_openalex_author,high,false,false,,2026-08-29T03:05:16.957Z
unimelb-accounting-023,Associate Professor Like Jiang,A5091492510,W4353044480,Internal auditors in corporations and ethics,2023,2023-03-17,10.4337/9781800881020.00016,https://doi.org/10.4337/9781800881020.00016,Edward Elgar Publishing eBooks,,,,[object Object],1,book-chapter,4,5.9169,0.96058362,false,false,closed,,Ethics in Business and Education,2025-11-06T03:46:38.306776,2025-11-06T03:46:38.306776,openalex_orcid_only,official_orcid_to_openalex_author,high,false,false,,2026-08-29T03:05:16.957Z
unimelb-accounting-023,Associate Professor Like Jiang,A5091492510,W4388213721,Local government official competition and financial analyst forecasts,2023,2023-11-02,10.1111/eufm.12467,https://doi.org/10.1111/eufm.12467,European Financial Management,1354-7798,1468-036X,1354-7798; 1468-036X,[object Object]; [object Object]; [object Object]; [object Object]; [object Object],5,article,1,0.3106,0.75367649,false,true,bronze,https://onlinelibrary.wiley.com/doi/pdfdirect/10.1111/eufm.12467,"Fiscal Policies and Political Economy; Auditing, Earnings Management, Governance; Financial Markets and Investment Strategies",2026-08-28T12:50:07.497085,2026-08-28T12:50:07.497085,openalex_orcid_only,official_orcid_to_openalex_author,high,false,false,,2026-08-29T03:05:16.957Z
unimelb-accounting-023,Associate Professor Like Jiang,A5091492510,W1570843535,Who are Industry Specialist Auditors?,2012,2012-01-01,10.2139/ssrn.1984960,https://doi.org/10.2139/ssrn.1984960,SSRN Electronic Journal,1556-5068,,1556-5068,[object Object]; [object Object]; [object Object],3,preprint,8,,,false,true,green,https://doi.org/10.2139/ssrn.1984960,"Auditing, Earnings Management, Governance; Corporate Finance and Governance; Financial Reporting and Valuation Research",2026-08-21T09:56:20.448147,2026-08-21T09:56:20.448147,openalex_orcid_only,official_orcid_to_openalex_author,high,false,false,,2026-08-29T03:05:16.957Z
unimelb-accounting-023,Associate Professor Like Jiang,A5091492510,W2105328888,The Validity of Auditor Industry Specialization Measures,2013,2013-01-01,10.2139/ssrn.2292534,https://doi.org/10.2139/ssrn.2292534,SSRN Electronic Journal,1556-5068,,1556-5068,[object Object]; [object Object]; [object Object],3,preprint,8,,,false,true,green,https://doi.org/10.2139/ssrn.2292534,"Auditing, Earnings Management, Governance",2026-08-21T09:56:20.448147,2026-08-21T09:56:20.448147,openalex_orcid_only,official_orcid_to_openalex_author,high,false,false,,2026-08-29T03:05:16.957Z
unimelb-accounting-023,Associate Professor Like Jiang,A5091492510,W2564945128,The Effects of Internal Audit Consulting Services on Firm Performance,2016,2016-01-01,10.2139/ssrn.2882787,https://doi.org/10.2139/ssrn.2882787,SSRN Electronic Journal,1556-5068,,1556-5068,[object Object]; [object Object],2,preprint,8,,,false,true,green,https://doi.org/10.2139/ssrn.2882787,"Auditing, Earnings Management, Governance; Risk Management in Financial Firms; Corporate Finance and Governance",2026-07-22T07:51:19.307946,2026-07-22T07:51:19.307946,openalex_orcid_only,official_orcid_to_openalex_author,high,false,false,,2026-08-29T03:05:16.957Z
unimelb-accounting-023,Associate Professor Like Jiang,A5091492510,W3207347557,The Importance of Business Development Incentives to Audit Partner Independence: Evidence from The Propensity to Issue Modified Opinions to Group-affiliated Audit Clients,2021,2021-02-05,,https://autopapers.ssrn.com/sol3/papers.cfm?abstract_id=3633931,SSRN Electronic Journal,1556-5068,,1556-5068,[object Object]; [object Object]; [object Object]; [object Object],4,preprint,3,,,false,true,green,https://autopapers.ssrn.com/sol3/papers.cfm?abstract_id=3633931,"Auditing, Earnings Management, Governance; Corporate Finance and Governance",2026-08-15T07:11:24.734988,2026-08-15T07:11:24.734988,openalex_orcid_only,official_orcid_to_openalex_author,high,false,false,,2026-08-29T03:05:16.957Z
unimelb-accounting-023,Associate Professor Like Jiang,A5091492510,W3125717592,Are Investors Warned by Disclosure of Conflicts of Interest? The Moderating Effect of Investment Horizon,2019,2019-01-01,10.2139/ssrn.3432838,https://doi.org/10.2139/ssrn.3432838,SSRN Electronic Journal,1556-5068,,1556-5068,[object Object]; [object Object]; [object Object]; [object Object],4,preprint,2,,,false,true,green,https://doi.org/10.2139/ssrn.3432838,Pharmaceutical industry and healthcare; Decision-Making and Behavioral Economics,2026-07-22T07:51:19.307946,2026-07-22T07:51:19.307946,openalex_orcid_only,official_orcid_to_openalex_author,high,false,false,,2026-08-29T03:05:16.957Z
unimelb-accounting-023,Associate Professor Like Jiang,A5091492510,W2797428202,Damage Control : Earnings Management by Firms Facing Product Harm Crises,2018,2018-01-22,,https://cirano.qc.ca/files/publications/2018s-01.pdf,RePEc: Research Papers in Economics,,,,[object Object]; [object Object]; [object Object]; [object Object],4,preprint,1,,,false,false,closed,,"Auditing, Earnings Management, Governance; Corruption and Economic Development; Risk Management in Financial Firms",2026-08-11T07:18:39.950985,2026-08-11T07:18:39.950985,openalex_orcid_only,official_orcid_to_openalex_author,high,false,false,,2026-08-29T03:05:16.957Z
unimelb-accounting-023,Associate Professor Like Jiang,A5091492510,W2386750313,Yi & Han Two Nationalities Male Students' Physique Contrast and Analysis in Xichang College,2013,2013-01-01,,https://openalex.org/W2386750313,,,,,[object Object],1,article,0,0,0.34296899,false,false,closed,,Cardiovascular Health and Risk Factors,2025-11-06T04:12:42.849631,2025-11-06T04:12:42.849631,openalex_orcid_only,official_orcid_to_openalex_author,high,false,false,,2026-08-29T03:05:16.957Z
unimelb-accounting-023,Associate Professor Like Jiang,A5091492510,W2579717703,Determinants and consequences of internal audit function quality,2015,2015-06-29,,http://www.theses.fr/2015ESEC0003/document,theses.fr (ABES),,,,[object Object],1,dissertation,0,,,false,true,green,http://www.theses.fr/2015ESEC0003/document,"Risk Management in Financial Firms; Auditing, Earnings Management, Governance; Credit Risk and Financial Regulations",2026-08-26T07:47:46.906454,2026-08-26T07:47:46.906454,openalex_orcid_only,official_orcid_to_openalex_author,high,false,false,,2026-08-29T03:05:16.957Z
unimelb-accounting-023,Associate Professor Like Jiang,A5091492510,W2756702463,The Impact of CEO Risk-taking Personality on Product Harm Crises (WITHDRAWN),2017,2017-08-01,10.5465/ambpp.2017.14532abstract,https://doi.org/10.5465/ambpp.2017.14532abstract,Academy of Management Proceedings,0065-0668,2151-6561,0065-0668; 2151-6561; 2376-7197,[object Object]; [object Object]; [object Object],3,conference-abstract,0,,,false,false,closed,,Corporate Finance and Governance; Risk Management in Financial Firms,2026-07-23T08:03:31.855105,2026-07-23T08:03:31.855105,openalex_orcid_only,official_orcid_to_openalex_author,high,false,false,,2026-08-29T03:05:16.957Z
unimelb-accounting-023,Associate Professor Like Jiang,A5091492510,W2970236299,Are auditors more inclined to issue going-concern modifications post Arthur Andersen's demise? Evidence from Australia,2006,2006-01-01,,https://openalex.org/W2970236299,,,,,[object Object]; [object Object]; [object Object],3,article,0,0,0.58983008,false,false,closed,,"Auditing, Earnings Management, Governance; Housing Market and Economics",2026-06-11T09:08:48.828518,2026-06-11T09:08:48.828518,openalex_orcid_only,official_orcid_to_openalex_author,high,false,false,,2026-08-29T03:05:16.957Z
unimelb-accounting-023,Associate Professor Like Jiang,A5091492510,W3089096508,Resource Constraints at Audit Offices and Audit Quality: Evidence from Auditing Clients with Natural Disasters,2019,2019-08-14,,https://scholars.ln.edu.hk/en/publications/resource-constraints-at-audit-offices-and-audit-quality-evidence-,,,,,[object Object]; [object Object]; [object Object]; [object Object],4,article,0,0,0.2737436,false,false,closed,,Insurance and Financial Risk Management; Disaster Management and Resilience,2026-06-11T09:08:48.828518,2026-06-11T09:08:48.828518,openalex_orcid_only,official_orcid_to_openalex_author,high,false,false,,2026-08-29T03:05:16.957Z
unimelb-accounting-023,Associate Professor Like Jiang,A5091492510,W3123371779,Who are Industry Specialist Auditors,2012,2012-05-21,,http://citeseerx.ist.psu.edu/viewdoc/summary?doi=10.1.1.397.6808,HAL (Le Centre pour la Communication Scientifique Directe),,,,[object Object]; [object Object]; [object Object],3,article,0,0,0.5987976,false,true,green,https://hal.science/hal-00691057,"Auditing, Earnings Management, Governance; Corporate Finance and Governance; Financial Reporting and Valuation Research",2026-08-26T07:47:46.906454,2026-08-26T07:47:46.906454,openalex_orcid_only,official_orcid_to_openalex_author,high,false,false,,2026-08-29T03:05:16.957Z
unimelb-accounting-023,Associate Professor Like Jiang,A5091492510,W3137048990,Dealing with Ethical Dilemmas: A Look at Financial Reporting by Firms Facing Product Harm Crises,2019,2019-08-10,,https://openalex.org/W3137048990,,,,,[object Object]; [object Object]; [object Object]; [object Object],4,article,0,0,0.38478056,false,false,closed,,"Ethics in Business and Education; Auditing, Earnings Management, Governance; Corporate Social Responsibility Reporting",2026-06-11T09:08:48.828518,2026-06-11T09:08:48.828518,openalex_orcid_only,official_orcid_to_openalex_author,high,false,false,,2026-08-29T03:05:16.957Z
unimelb-accounting-023,Associate Professor Like Jiang,A5091492510,W3164615252,An International Study of Internal Audit Function Quality,2017,2017-10-04,,https://autopapers.ssrn.com/sol3/papers.cfm?abstract_id=3047900,SSRN Electronic Journal,1556-5068,,1556-5068,[object Object]; [object Object]; [object Object],3,preprint,0,,,false,true,green,https://autopapers.ssrn.com/sol3/papers.cfm?abstract_id=3047900,"Auditing, Earnings Management, Governance; Corporate Finance and Governance",2026-07-14T23:32:53.992493,2026-07-14T23:32:53.992493,openalex_orcid_only,official_orcid_to_openalex_author,high,false,false,,2026-08-29T03:05:16.957Z
unimelb-accounting-023,Associate Professor Like Jiang,A5091492510,W3207238663,Do Management Career Preferences Influence Corporate Culture Building,2020,2020-10-10,,https://autopapers.ssrn.com/sol3/papers.cfm?abstract_id=3741963,SSRN Electronic Journal,1556-5068,,1556-5068,[object Object]; [object Object]; [object Object],3,preprint,0,,,false,true,green,https://autopapers.ssrn.com/sol3/papers.cfm?abstract_id=3741963,Experimental Behavioral Economics Studies; Innovation and Knowledge Management,2026-07-14T23:32:53.992493,2026-07-14T23:32:53.992493,openalex_orcid_only,official_orcid_to_openalex_author,high,false,false,,2026-08-29T03:05:16.957Z
unimelb-accounting-023,Associate Professor Like Jiang,A5091492510,W4310614475,Research of noise reduction about sEMG signal for live working based on MEEMD and DFA,2022,2022-11-03,10.1109/ciycee55749.2022.9959026,https://doi.org/10.1109/ciycee55749.2022.9959026,2022 IEEE 3rd China International Youth Conference on Electrical Engineering (CIYCEE),,,,[object Object]; [object Object]; [object Object]; [object Object]; [object Object]; [object Object]; [object Object]; [object Object],8,conference-paper,0,0,0.13904552,false,false,closed,,Time Series Analysis and Forecasting; Phonocardiography and Auscultation Techniques; EEG and Brain-Computer Interfaces,2026-07-29T14:22:42.915294,2026-07-29T14:22:42.915294,openalex_orcid_only,official_orcid_to_openalex_author,high,false,false,,2026-08-29T03:05:16.957Z
unimelb-accounting-023,Associate Professor Like Jiang,A5091492510,W4320184195,From the costs of noise to the value of soundscape?,2023,2023-02-01,10.3397/in_2022_0168,https://doi.org/10.3397/in_2022_0168,NOISE-CON proceedings,0736-2935,2993-2548,0736-2935; 2993-2548,[object Object]; [object Object]; [object Object]; [object Object]; [object Object]; [object Object]; [object Object],7,conference-paper,0,0,0.04538422,false,true,green,https://discovery.ucl.ac.uk/id/eprint/10165706/1/Like%20Jiang.pdf,Noise Effects and Management; Hearing Loss and Rehabilitation,2026-08-23T07:36:19.812096,2026-08-23T07:36:19.812096,openalex_orcid_only,official_orcid_to_openalex_author,high,false,false,,2026-08-29T03:05:16.957Z
unimelb-accounting-023,Associate Professor Like Jiang,A5091492510,W4390055624,A Four-Point Bending Technique for Characterizing the Interface Fracture Toughness between Soft Thin Films and Stiff Substrates,2023,2023-01-01,10.2139/ssrn.4671574,https://doi.org/10.2139/ssrn.4671574,SSRN Electronic Journal,1556-5068,,1556-5068,[object Object]; [object Object]; [object Object]; [object Object],4,preprint,0,,,false,true,green,https://doi.org/10.2139/ssrn.4671574,"Metal and Thin Film Mechanics; Adhesion, Friction, and Surface Interactions; Electronic Packaging and Soldering Technologies",2026-08-21T09:56:20.448147,2026-08-21T09:56:20.448147,openalex_orcid_only,official_orcid_to_openalex_author,high,false,false,,2026-08-29T03:05:16.957Z
unimelb-accounting-023,Associate Professor Like Jiang,A5091492510,W4400454650,The Importance of Business Development Incentives to Audit Partners: Evidence from the Propensity to Issue Modified Opinions to Group-Affiliated Audit Clients,2024,2024-07-09,10.2308/ajpt-2022-050,https://doi.org/10.2308/ajpt-2022-050,Auditing A Journal of Practice & Theory,0278-0380,1558-7991,0278-0380; 1558-7991,[object Object]; [object Object]; [object Object]; [object Object],4,article,0,0,0.15210794,false,false,closed,,"Auditing, Earnings Management, Governance; Corporate Taxation and Avoidance",2026-06-11T09:08:48.828518,2026-06-11T09:08:48.828518,openalex_orcid_only,official_orcid_to_openalex_author,high,false,false,,2026-08-29T03:05:16.957Z
unimelb-accounting-023,Associate Professor Like Jiang,A5091492510,W7154590860,What do we know about auditor industry specialization?,2026,2026-04-16,10.4324/9781032651545-23,https://doi.org/10.4324/9781032651545-23,,,,,[object Object]; [object Object]; [object Object],3,book-chapter,0,0,0.59906152,false,false,closed,,"Auditing, Earnings Management, Governance; Accounting Education and Careers; Corporate Finance and Governance",2026-06-11T09:08:48.828518,2026-06-11T09:08:48.828518,openalex_orcid_only,official_orcid_to_openalex_author,high,false,false,,2026-08-29T03:05:16.957Z
unimelb-accounting-027,Professor Anne Lillis,A5036699592,W1990027200,The impact of manufacturing flexibility on management control system design,1995,1995-05-01,10.1016/0361-3682(94)e0014-l,https://doi.org/10.1016/0361-3682(94)e0014-l,Accounting Organizations and Society,0361-3682,1873-6289,0361-3682; 1873-6289,[object Object]; [object Object],2,article,452,2.5337,0.89359319,false,false,closed,,Accounting and Organizational Management; Quality and Supply Management; Customer Service Quality and Loyalty,2026-08-25T07:29:55.448023,2026-08-25T07:29:55.448023,openalex_orcid_only,official_orcid_to_openalex_author,high,false,false,,2026-08-29T03:05:16.957Z
unimelb-accounting-027,Professor Anne Lillis,A5036699592,W2018989413,The role of performance measurement and evaluation in building organizational capabilities and performance,2010,2010-08-26,10.1016/j.aos.2010.07.004,https://doi.org/10.1016/j.aos.2010.07.004,Accounting Organizations and Society,0361-3682,1873-6289,0361-3682; 1873-6289,[object Object]; [object Object]; [object Object],3,article,291,21.2234,0.9958529,false,false,closed,,"Accounting and Organizational Management; Efficiency Analysis Using DEA; Auditing, Earnings Management, Governance",2026-08-25T07:29:55.448023,2026-08-25T07:29:55.448023,openalex_orcid_only,official_orcid_to_openalex_author,high,false,false,,2026-08-29T03:05:16.957Z
unimelb-accounting-027,Professor Anne Lillis,A5036699592,W2129981171,A framework for the analysis of interview data from multiple field research sites,1999,1999-03-01,10.1111/1467-629x.00018,https://doi.org/10.1111/1467-629x.00018,Accounting and Finance,0810-5391,1467-629X,0810-5391; 1467-629X,[object Object],1,article,220,7.6823,0.97002334,false,false,closed,,Qualitative Research Methods and Applications,2026-08-26T07:47:46.906454,2026-08-26T07:47:46.906454,openalex_orcid_only,official_orcid_to_openalex_author,high,false,false,,2026-08-29T03:05:16.957Z
unimelb-accounting-027,Professor Anne Lillis,A5036699592,W1972749319,Managing multiple dimensions of manufacturing performance — an exploratory study,2002,2002-08-01,10.1016/s0361-3682(01)00032-0,https://doi.org/10.1016/s0361-3682(01)00032-0,Accounting Organizations and Society,0361-3682,1873-6289,0361-3682; 1873-6289,[object Object],1,article,196,5.4155,0.94989027,false,false,closed,,Accounting and Organizational Management; Financial Reporting and Valuation Research; Efficiency Analysis Using DEA,2026-08-25T07:29:55.448023,2026-08-25T07:29:55.448023,openalex_orcid_only,official_orcid_to_openalex_author,high,false,false,,2026-08-29T03:05:16.957Z
unimelb-accounting-027,Professor Anne Lillis,A5036699592,W1995602710,Interdependencies in Organization Design: A Test in Hospitals,2001,2001-01-01,10.2308/jmar.2001.13.1.107,https://doi.org/10.2308/jmar.2001.13.1.107,Journal of Management Accounting Research,1049-2127,1558-8033,1049-2127; 1558-8033,[object Object]; [object Object],2,article,163,4.1065,0.93235884,false,false,closed,,Accounting and Organizational Management; Customer Service Quality and Loyalty; Quality and Supply Management,2026-08-25T07:29:55.448023,2026-08-25T07:29:55.448023,openalex_orcid_only,official_orcid_to_openalex_author,high,false,false,,2026-08-29T03:05:16.957Z
unimelb-accounting-027,Professor Anne Lillis,A5036699592,W2072402819,Product diversity and costing system design choice: field study evidence,2001,2001-09-01,10.1006/mare.2001.0168,https://doi.org/10.1006/mare.2001.0168,Management Accounting Research,1044-5005,1096-1224,1044-5005; 1096-1224,[object Object]; [object Object]; [object Object]; [object Object],4,article,93,2.5878,0.8953125,false,false,closed,,"Accounting and Organizational Management; Management, Economics, and Public Policy",2026-08-21T09:56:20.448147,2026-08-21T09:56:20.448147,openalex_orcid_only,official_orcid_to_openalex_author,high,false,false,,2026-08-29T03:05:16.957Z
unimelb-accounting-027,Professor Anne Lillis,A5036699592,W1966592855,Mixed methods research in accounting,2011,2011-04-12,10.1108/11766091111124676,https://doi.org/10.1108/11766091111124676,Qualitative Research in Accounting & Management,1176-6093,1758-7654,1176-6093; 1758-7654,[object Object]; [object Object]; [object Object],3,article,90,6.8019,0.96106218,false,false,closed,,"Accounting and Organizational Management; Accounting Education and Careers; Auditing, Earnings Management, Governance",2026-07-02T09:51:11.867554,2026-07-02T09:51:11.867554,openalex_orcid_only,official_orcid_to_openalex_author,high,false,false,,2026-08-29T03:05:16.957Z
unimelb-accounting-027,Professor Anne Lillis,A5036699592,W2078311698,Organisational design choices in response to public sector reforms: A case study of mandated hospital networks,2011,2011-07-24,10.1016/j.mar.2011.06.001,https://doi.org/10.1016/j.mar.2011.06.001,Management Accounting Research,1044-5005,1096-1224,1044-5005; 1096-1224,[object Object]; [object Object]; [object Object],3,article,84,7.7225,0.97371692,false,false,closed,,Public Policy and Administration Research; Management and Organizational Studies; Accounting and Organizational Management,2026-08-21T09:56:20.448147,2026-08-21T09:56:20.448147,openalex_orcid_only,official_orcid_to_openalex_author,high,false,false,,2026-08-29T03:05:16.957Z
unimelb-accounting-027,Professor Anne Lillis,A5036699592,W2333063099,"Corporate Frugality: Theory, Measurement and Practice*",2011,2011-05-30,10.1111/j.1911-3846.2011.01107.x,https://doi.org/10.1111/j.1911-3846.2011.01107.x,Contemporary Accounting Research,0823-9150,1911-3846,0823-9150; 1911-3846,[object Object]; [object Object],2,article,62,5.6594,0.95762223,false,false,closed,,"Corporate Finance and Governance; Auditing, Earnings Management, Governance; Entrepreneurship Studies and Influences",2026-08-22T07:34:49.880490,2026-08-22T07:34:49.880490,openalex_orcid_only,official_orcid_to_openalex_author,high,false,false,,2026-08-29T03:05:16.957Z
unimelb-accounting-027,Professor Anne Lillis,A5036699592,W2170795223,Controls as Exit Barriers in Multiperiod Outsourcing Arrangements,2011,2011-05-01,10.2308/accr-10100,https://doi.org/10.2308/accr-10100,The Accounting Review,0001-4826,1558-7967,0001-4826; 1558-7967,[object Object]; [object Object]; [object Object],3,article,31,2.3661,0.89076035,false,false,closed,,Outsourcing and Supply Chain Management; Business Strategy and Innovation; Customer Service Quality and Loyalty,2026-08-13T07:04:57.449891,2026-08-13T07:04:57.449891,openalex_orcid_only,official_orcid_to_openalex_author,high,false,false,,2026-08-29T03:05:16.957Z
unimelb-accounting-027,Professor Anne Lillis,A5036699592,W2732427277,Simons’ Levers of Control Framework: Commensuration within and of the Framework,2017,2017-07-05,10.1108/s1474-787120170000028004,https://doi.org/10.1108/s1474-787120170000028004,Advances in management accounting,1474-7871,,1474-7871,[object Object]; [object Object]; [object Object],3,book-chapter,29,7.8951,0.97319588,false,true,green,https://researchrepository.universityofgalway.ie/bitstreams/787562c7-d09f-4c1e-9960-ad9dd58b03dd/download,Accounting and Organizational Management,2026-08-21T09:56:20.448147,2026-08-21T09:56:20.448147,openalex_orcid_only,official_orcid_to_openalex_author,high,false,false,,2026-08-29T03:05:16.957Z
unimelb-accounting-027,Professor Anne Lillis,A5036699592,W4281639703,Does Referral-Based Hiring Exacerbate Agency Problems?,2022,2022-06-02,10.2308/tar-2020-0173,https://doi.org/10.2308/tar-2020-0173,The Accounting Review,0001-4826,1558-7967,0001-4826; 1558-7967,[object Object]; [object Object]; [object Object],3,article,7,1.5946,0.84536385,false,false,closed,,Experimental Behavioral Economics Studies; Corporate Finance and Governance; Auction Theory and Applications,2026-06-11T09:08:48.828518,2026-06-11T09:08:48.828518,openalex_orcid_only,official_orcid_to_openalex_author,high,false,false,,2026-08-29T03:05:16.957Z
unimelb-accounting-027,Professor Anne Lillis,A5036699592,W3167076806,The Influence of Institutional Differences on Control Mechanisms in Alliances,2021,2021-05-28,10.2308/tar-2018-0216,https://doi.org/10.2308/tar-2018-0216,The Accounting Review,0001-4826,1558-7967,0001-4826; 1558-7967,[object Object]; [object Object]; [object Object]; [object Object],4,article,9,0.9463,0.80995654,false,true,green,https://research.vu.nl/en/publications/9bbaca20-1659-434e-928f-57b9d07c8678,Business Strategy and Innovation; Innovation and Knowledge Management; Wine Industry and Tourism,2026-08-26T07:47:46.906454,2026-08-26T07:47:46.906454,openalex_orcid_only,official_orcid_to_openalex_author,high,false,false,,2026-08-29T03:05:16.957Z
unimelb-accounting-027,Professor Anne Lillis,A5036699592,W2791384391,Do the Motives for Adoption of the Balanced Scorecard Affect its Development and Use?,2018,2018-08-21,10.1108/s1479-351220180000033002,https://doi.org/10.1108/s1479-351220180000033002,,,,,[object Object]; [object Object],2,book-chapter,5,1.9413,0.85136661,false,false,closed,,"Accounting and Organizational Management; Auditing, Earnings Management, Governance; Management Theory and Practice",2026-07-02T09:51:11.867554,2026-07-02T09:51:11.867554,openalex_orcid_only,official_orcid_to_openalex_author,high,false,false,,2026-08-29T03:05:16.957Z
unimelb-accounting-027,Professor Anne Lillis,A5036699592,W2059950995,Sources of influence on capital expenditure decisions: a contextual study of accounting performance measurement,1992,1992-09-01,10.1016/s1044-5005(92)70012-2,https://doi.org/10.1016/s1044-5005(92)70012-2,Management Accounting Research,1044-5005,1096-1224,1044-5005; 1096-1224,[object Object],1,article,8,0,0.26093169,false,false,closed,,"Accounting and Organizational Management; Auditing, Earnings Management, Governance; Financial Reporting and Valuation Research",2026-08-21T09:56:20.448147,2026-08-21T09:56:20.448147,openalex_orcid_only,official_orcid_to_openalex_author,high,false,false,,2026-08-29T03:05:16.957Z
unimelb-accounting-027,Professor Anne Lillis,A5036699592,W4404584097,"Capturing the wisdom of the field: trends, opportunities, and threats in positivist field study research",2024,2024-11-19,10.4337/9781803920672.00030,https://doi.org/10.4337/9781803920672.00030,Edward Elgar Publishing eBooks,,,,[object Object]; [object Object],2,book-chapter,1,4.9797,0.95462917,false,false,closed,,Qualitative Research Methods and Ethics,2026-06-11T09:08:48.828518,2026-06-11T09:08:48.828518,openalex_orcid_only,official_orcid_to_openalex_author,high,false,false,,2026-08-29T03:05:16.957Z
unimelb-accounting-027,Professor Anne Lillis,A5036699592,W4404584680,The contemporary landscape of performance measurement research: overview of Research Handbook content and reader navigation,2024,2024-11-19,10.4337/9781803920672.00010,https://doi.org/10.4337/9781803920672.00010,Edward Elgar Publishing eBooks,,,,[object Object]; [object Object],2,book-chapter,1,0.9876,0.82081062,false,false,closed,,Accounting and Organizational Management,2026-07-15T18:14:33.161393,2026-07-15T18:14:33.161393,openalex_orcid_only,official_orcid_to_openalex_author,high,false,false,,2026-08-29T03:05:16.957Z
unimelb-accounting-027,Professor Anne Lillis,A5036699592,W2122352796,The Role of Performance Management and Control Systems in Public‐Sector Reform: Victorian Health Care Networks,2005,2005-11-01,10.1111/j.1835-2561.2005.tb00300.x,https://doi.org/10.1111/j.1835-2561.2005.tb00300.x,Australian Accounting Review,1035-6908,1835-2561,1035-6908; 1835-2561,[object Object]; [object Object],2,article,6,0.4563,0.73826794,false,false,closed,,Accounting and Organizational Management; Healthcare Quality and Management; Public Policy and Administration Research,2026-08-21T09:56:20.448147,2026-08-21T09:56:20.448147,openalex_orcid_only,official_orcid_to_openalex_author,high,false,false,,2026-08-29T03:05:16.957Z
unimelb-accounting-027,Professor Anne Lillis,A5036699592,W2480132971,"Performance measurement, evaluation, and reward: The role and impact of subjectivity",2015,2015-01-01,,http://gala.gre.ac.uk/id/eprint/15322/1/15322_Mundy_Performance%20measurement%2C%20evaluation%20%28pub%20PDF%29%202015.pdf,Greenwich Academic Literature Archive (University of Greenwich),,,,[object Object]; [object Object]; [object Object],3,book,2,0,0.12692308,false,false,closed,,Accounting and Organizational Management; Human Resource Development and Performance Evaluation; Management Theory and Practice,2026-08-11T07:18:39.950985,2026-08-11T07:18:39.950985,openalex_orcid_only,official_orcid_to_openalex_author,high,false,false,,2026-08-29T03:05:16.957Z
unimelb-accounting-027,Professor Anne Lillis,A5036699592,W1961871722,"Corporate Frugality: Theory, Measurement and Practice",2011,2011-01-01,10.2139/ssrn.1742115,https://doi.org/10.2139/ssrn.1742115,SSRN Electronic Journal,1556-5068,,1556-5068,[object Object]; [object Object],2,preprint,14,,,false,true,green,https://doi.org/10.2139/ssrn.1742115,Innovation and Socioeconomic Development; Entrepreneurship Studies and Influences,2026-08-21T09:56:20.448147,2026-08-21T09:56:20.448147,openalex_orcid_only,official_orcid_to_openalex_author,high,false,false,,2026-08-29T03:05:16.957Z
unimelb-accounting-027,Professor Anne Lillis,A5036699592,W2338543852,Cross-Sectional Field Studies in Management Accounting Research - Closing the Gaps between Surveys and Case Studies Forthcoming – JMAR 2005,2005,2005-01-01,,https://papers.ssrn.com/sol3/Delivery.cfm/SSRN_ID719841_code42136.pdf?abstractid=719841&mirid=2,SSRN Electronic Journal,1556-5068,,1556-5068,[object Object]; [object Object],2,preprint,8,,,false,true,green,https://papers.ssrn.com/sol3/Delivery.cfm/SSRN_ID719841_code42136.pdf?abstractid=719841&mirid=2,"Accounting and Organizational Management; Accounting Education and Careers; Auditing, Earnings Management, Governance",2026-07-14T23:32:53.992493,2026-07-14T23:32:53.992493,openalex_orcid_only,official_orcid_to_openalex_author,high,false,false,,2026-08-29T03:05:16.957Z
unimelb-accounting-027,Professor Anne Lillis,A5036699592,W3124078501,Profits Versus Losses: Does Reporting an Accounting Loss Act as a Heuristic Trigger to Exercise the Abandonment Option and Divest Employees,2007,2007-07-03,,https://autopapers.ssrn.com/sol3/papers.cfm?abstract_id=997968,SSRN Electronic Journal,1556-5068,,1556-5068,[object Object]; [object Object],2,preprint,8,,,false,true,green,https://autopapers.ssrn.com/sol3/papers.cfm?abstract_id=997968,"Auditing, Earnings Management, Governance; Law, Economics, and Judicial Systems",2026-07-14T23:32:53.992493,2026-07-14T23:32:53.992493,openalex_orcid_only,official_orcid_to_openalex_author,high,false,false,,2026-08-29T03:05:16.957Z
unimelb-accounting-027,Professor Anne Lillis,A5036699592,W1489305597,Building Performance Models from Expert Knowledge,2003,2003-01-01,10.2139/ssrn.403220,https://doi.org/10.2139/ssrn.403220,SSRN Electronic Journal,1556-5068,,1556-5068,[object Object]; [object Object]; [object Object]; [object Object]; [object Object],5,preprint,5,,,false,true,green,https://doi.org/10.2139/ssrn.403220,Complex Systems and Decision Making; Accounting and Organizational Management; Cognitive Science and Mapping,2026-08-26T07:47:46.906454,2026-08-26T07:47:46.906454,openalex_orcid_only,official_orcid_to_openalex_author,high,false,false,,2026-08-29T03:05:16.957Z
unimelb-accounting-027,Professor Anne Lillis,A5036699592,W2618786652,Rendering subjectivity informative: Field study evidence of subjectivity and bias mitigation in performance measurement and reward systems,2017,2017-06-28,,https://papers.ssrn.com/sol3/papers.cfm?abstract_id=2998471,SSRN Electronic Journal,1556-5068,,1556-5068,[object Object]; [object Object]; [object Object],3,preprint,2,,,false,true,green,https://papers.ssrn.com/sol3/papers.cfm?abstract_id=2998471,Experimental Behavioral Economics Studies; Accounting and Organizational Management; Psychology of Social Influence,2026-07-14T23:32:53.992493,2026-07-14T23:32:53.992493,openalex_orcid_only,official_orcid_to_openalex_author,high,false,false,,2026-08-29T03:05:16.957Z
unimelb-accounting-027,Professor Anne Lillis,A5036699592,W2580669626,Manufacturing strategy and performance measurement system design,1998,1998-01-01,,http://hdl.handle.net/11343/35560,Minerva Access (University of Melbourne),,,,[object Object],1,dissertation,1,,,false,false,closed,,Manufacturing Process and Optimization,2026-08-26T07:47:46.906454,2026-08-26T07:47:46.906454,openalex_orcid_only,official_orcid_to_openalex_author,high,false,false,,2026-08-29T03:05:16.957Z
unimelb-accounting-027,Professor Anne Lillis,A5036699592,W3033734786,EDP Audits of Operating Systems--An Exploratory Study of the Determinants of the Prior Probabilities of Risk.,1985,1985-03-01,10.2308/ajpt-4683848,https://doi.org/10.2308/ajpt-4683848,Auditing A Journal of Practice & Theory,0278-0380,1558-7991,0278-0380; 1558-7991,[object Object]; [object Object],2,article,1,0,0.55936132,false,false,closed,,Risk Management in Financial Firms,2026-06-15T08:34:33.830935,2026-06-15T08:34:33.830935,openalex_orcid_only,official_orcid_to_openalex_author,high,false,false,,2026-08-29T03:05:16.957Z
unimelb-accounting-027,Professor Anne Lillis,A5036699592,W3124438040,Organisational Design Choices in Response to Public Sector Reforms: A Case Study of Mandated Hospital Networks,2011,2011-11-15,,https://papers.ssrn.com/sol3/papers.cfm?abstract_id=1959727,SSRN Electronic Journal,1556-5068,,1556-5068,[object Object]; [object Object]; [object Object],3,preprint,1,,,false,true,green,https://papers.ssrn.com/sol3/papers.cfm?abstract_id=1959727,Public Policy and Administration Research; Management and Organizational Studies; Accounting and Organizational Management,2026-07-14T23:32:53.992493,2026-07-14T23:32:53.992493,openalex_orcid_only,official_orcid_to_openalex_author,high,false,false,,2026-08-29T03:05:16.957Z
unimelb-accounting-027,Professor Anne Lillis,A5036699592,W2268370477,Capital expenditure decision making in divisionalised companies: a study of the role of managerial performance measures and other contextual influences,1990,1990-01-01,,http://hdl.handle.net/11343/35634,Minerva Access (University of Melbourne),,,,[object Object],1,dissertation,0,,,false,false,closed,,Corporate Finance and Governance; Corporate Taxation and Avoidance; Financial Reporting and Valuation Research,2026-08-26T07:47:46.906454,2026-08-26T07:47:46.906454,openalex_orcid_only,official_orcid_to_openalex_author,high,false,false,,2026-08-29T03:05:16.957Z
unimelb-accounting-027,Professor Anne Lillis,A5036699592,W2610460946,"Field study evidence of subjectivity, bias mitigation, residual bias, and interdependencies in performance measurement and reward systems",2017,2017-01-31,,http://gala.gre.ac.uk/id/eprint/16711/7/16711%20MUNDY_Field_Study_Evidence_of_Subjectivity_2017.pdf,Greenwich Academic Literature Archive (University of Greenwich),,,,[object Object]; [object Object]; [object Object],3,book,0,0,0.05023364,false,false,closed,,"Accounting and Organizational Management; Experimental Behavioral Economics Studies; Law, Economics, and Judicial Systems",2026-08-11T07:18:39.950985,2026-08-11T07:18:39.950985,openalex_orcid_only,official_orcid_to_openalex_author,high,false,false,,2026-08-29T03:05:16.957Z
unimelb-accounting-027,Professor Anne Lillis,A5036699592,W2914010834,Modifying Outsourcing Relationships Post-Formation: The Role of Controls,2015,2015-01-01,10.2139/ssrn.2645095,https://doi.org/10.2139/ssrn.2645095,SSRN Electronic Journal,1556-5068,,1556-5068,[object Object]; [object Object],2,preprint,0,,,false,true,green,https://doi.org/10.2139/ssrn.2645095,Outsourcing and Supply Chain Management; Global and Cross-Cultural Management,2026-08-21T09:56:20.448147,2026-08-21T09:56:20.448147,openalex_orcid_only,official_orcid_to_openalex_author,high,false,false,,2026-08-29T03:05:16.957Z
unimelb-accounting-027,Professor Anne Lillis,A5036699592,W3044528209,The real investment decisions of loss firms,2005,2005-01-01,,https://findanexpert.unimelb.edu.au/scholarlywork/276281-the-real-investment-decisions-of-loss-firms,,,,,[object Object]; [object Object],2,article,0,0,0.45530327,false,false,closed,,Capital Investment and Risk Analysis,2026-06-11T09:08:48.828518,2026-06-11T09:08:48.828518,openalex_orcid_only,official_orcid_to_openalex_author,high,false,false,,2026-08-29T03:05:16.957Z
unimelb-accounting-027,Professor Anne Lillis,A5036699592,W3087923591,"Firm Demand for Labour, Capital Market Incentives and the Discontinuity at Zero Profit and Loss Threshold in Real Investment",2005,2005-01-01,,https://findanexpert.unimelb.edu.au/scholarlywork/276286-firm-demand-for-labour--capital-market-incentives-and-the-discontinuity-at-zero-profit-and-loss-threshold-in-real-investment,,,,,[object Object]; [object Object],2,article,0,0,0.63567276,false,false,closed,,Corporate Finance and Governance,2026-06-11T09:08:48.828518,2026-06-11T09:08:48.828518,openalex_orcid_only,official_orcid_to_openalex_author,high,false,false,,2026-08-29T03:05:16.957Z
unimelb-accounting-027,Professor Anne Lillis,A5036699592,W3122632383,Mixed Methods Research in Accounting,2011,2011-05-05,10.1108/11766091111124676.html,https://doi.org/10.1108/11766091111124676.html,SSRN Electronic Journal,1556-5068,,1556-5068,[object Object]; [object Object]; [object Object],3,preprint,0,,,false,true,green,https://papers.ssrn.com/sol3/papers.cfm?abstract_id=1832949,Construction Project Management and Performance; Quality and Supply Management; Big Data and Business Intelligence,2026-08-26T07:47:46.906454,2026-08-26T07:47:46.906454,openalex_orcid_only,official_orcid_to_openalex_author,high,false,false,,2026-08-29T03:05:16.957Z
unimelb-accounting-027,Professor Anne Lillis,A5036699592,W3149013122,Does referral-based hiring exacerbate agency problems?,2020,2020-01-01,10.2139/ssrn.3557857,https://doi.org/10.2139/ssrn.3557857,SSRN Electronic Journal,1556-5068,,1556-5068,[object Object]; [object Object]; [object Object],3,preprint,0,,,false,true,green,https://doi.org/10.2139/ssrn.3557857,"Financial Markets and Investment Strategies; Banking stability, regulation, efficiency; Auction Theory and Applications",2026-08-21T09:56:20.448147,2026-08-21T09:56:20.448147,openalex_orcid_only,official_orcid_to_openalex_author,high,false,false,,2026-08-29T03:05:16.957Z
unimelb-accounting-027,Professor Anne Lillis,A5036699592,W3198648675,Performance measurement and managerial behaviour,2009,2009-10-22,10.2307/j.ctv1wmz4c2.14,https://doi.org/10.2307/j.ctv1wmz4c2.14,Sydney University Press eBooks,,,,[object Object],1,book-chapter,0,0,0.40604274,false,false,closed,,Accounting and Organizational Management; Human Resource Development and Performance Evaluation,2025-11-06T03:46:38.306776,2025-11-06T03:46:38.306776,openalex_orcid_only,official_orcid_to_openalex_author,high,false,false,,2026-08-29T03:05:16.957Z
unimelb-accounting-027,Professor Anne Lillis,A5036699592,W4235141841,Influence of Control Choices on Multi-period Outsourcing Arrangements,2008,2008-01-01,10.2139/ssrn.1194062,https://doi.org/10.2139/ssrn.1194062,SSRN Electronic Journal,1556-5068,,1556-5068,[object Object]; [object Object]; [object Object],3,preprint,0,,,false,true,green,https://doi.org/10.2139/ssrn.1194062,Supply Chain and Inventory Management; Outsourcing and Supply Chain Management,2026-08-21T09:56:20.448147,2026-08-21T09:56:20.448147,openalex_orcid_only,official_orcid_to_openalex_author,high,false,false,,2026-08-29T03:05:16.957Z
unimelb-accounting-027,Professor Anne Lillis,A5036699592,W4389227124,The interdependence between the choice of fixed-term professional workers and the control environment,2023,2023-12-01,10.1016/j.aos.2023.101525,https://doi.org/10.1016/j.aos.2023.101525,Accounting Organizations and Society,0361-3682,1873-6289,0361-3682; 1873-6289,[object Object]; [object Object]; [object Object]; [object Object],4,article,0,0,0.1842908,false,true,hybrid,https://doi.org/10.1016/j.aos.2023.101525,Labor Movements and Unions; Labor market dynamics and wage inequality; Employment and Welfare Studies,2026-08-28T12:50:07.497085,2026-08-28T12:50:07.497085,openalex_orcid_only,official_orcid_to_openalex_author,high,false,false,,2026-08-29T03:05:16.957Z
unimelb-accounting-027,Professor Anne Lillis,A5036699592,W4401182635,"Capturing the wisdom of the field: trends, opportunities and threats in positivist field study research",2024,2024-01-01,10.2139/ssrn.4899621,https://doi.org/10.2139/ssrn.4899621,SSRN Electronic Journal,1556-5068,,1556-5068,[object Object]; [object Object],2,preprint,0,,,false,true,green,http://dx.doi.org/10.2139/ssrn.4899621,Qualitative Research Methods and Ethics,2026-08-04T08:18:43.703281,2026-08-04T08:18:43.703281,openalex_orcid_only,official_orcid_to_openalex_author,high,false,false,,2026-08-29T03:05:16.957Z
unimelb-accounting-027,Professor Anne Lillis,A5036699592,W4401250075,SUBJECTIVITY IN PERFORMANCE MEASUREMENT PRACTICE: FIELD STUDY EVIDENCE OF A ROLE FOR RELATIONAL CONTRACTING,2024,2024-01-01,10.2139/ssrn.4904010,https://doi.org/10.2139/ssrn.4904010,SSRN Electronic Journal,1556-5068,,1556-5068,[object Object],1,preprint,0,,,false,true,green,http://dx.doi.org/10.2139/ssrn.4904010,Accounting and Organizational Management,2026-08-21T09:56:20.448147,2026-08-21T09:56:20.448147,openalex_orcid_only,official_orcid_to_openalex_author,high,false,false,,2026-08-29T03:05:16.957Z
unimelb-accounting-027,Professor Anne Lillis,A5036699592,W4404583974,Subjectivity in performance measurement practice: field study evidence of a role for relational contracting,2024,2024-11-19,10.4337/9781803920672.00019,https://doi.org/10.4337/9781803920672.00019,Edward Elgar Publishing eBooks,,,,[object Object],1,book-chapter,0,0,0.53939841,false,false,closed,,Accounting and Organizational Management,2025-11-06T03:46:38.306776,2025-11-06T03:46:38.306776,openalex_orcid_only,official_orcid_to_openalex_author,high,false,false,,2026-08-29T03:05:16.957Z
unimelb-accounting-027,Professor Anne Lillis,A5036699592,W7128166908,Nonfinancial Rewards in Times of Change,2026,2026-02-06,10.2308/jmar-2023-010,https://doi.org/10.2308/jmar-2023-010,Journal of Management Accounting Research,1049-2127,1558-8033,1049-2127; 1558-8033,[object Object]; [object Object]; [object Object],3,article,0,0,0.09186352,false,true,bronze,https://publications.aaahq.org/jmar/article-pdf/doi/10.2308/JMAR-2023-010/155672/jmar-2023-010.pdf,Job Satisfaction and Organizational Behavior; Workplace Spirituality and Leadership; Human Resource and Talent Management,2026-08-26T07:47:46.906454,2026-08-26T07:47:46.906454,openalex_orcid_only,official_orcid_to_openalex_author,high,false,false,,2026-08-29T03:05:16.957Z
unimelb-accounting-034,Professor Vic Naiker,A5043038059,W2032299477,The Effect of Board Characteristics on Firm Environmental Performance,2011,2011-06-23,10.1177/0149206311411506,https://doi.org/10.1177/0149206311411506,Journal of Management,0149-2063,1557-1211,0149-2063; 1557-1211,[object Object]; [object Object]; [object Object],3,article,1189,40.1919,0.99762166,false,false,closed,,Corporate Social Responsibility Reporting; Environmental Sustainability in Business; Corporate Finance and Governance,2026-08-26T07:47:46.906454,2026-08-26T07:47:46.906454,openalex_orcid_only,official_orcid_to_openalex_author,high,false,false,,2026-08-29T03:05:16.957Z
unimelb-accounting-034,Professor Vic Naiker,A5043038059,W3121991680,The Association Between Accruals Quality and the Characteristics of Accounting Experts and Mix of Expertise on Audit Committees*,2010,2010-08-04,10.1111/j.1911-3846.2010.01027.x,https://doi.org/10.1111/j.1911-3846.2010.01027.x,Contemporary Accounting Research,0823-9150,1911-3846,0823-9150; 1911-3846,[object Object]; [object Object]; [object Object],3,article,646,43.9836,0.99771259,false,true,green,https://hdl.handle.net/2292/13536,"Auditing, Earnings Management, Governance; Accounting Education and Careers; Accounting Theory and Financial Reporting",2026-08-26T07:47:46.906454,2026-08-26T07:47:46.906454,openalex_orcid_only,official_orcid_to_openalex_author,high,false,false,,2026-08-29T03:05:16.957Z
unimelb-accounting-034,Professor Vic Naiker,A5043038059,W2286138398,Are CSR Disclosures Value Relevant? Cross-Country Evidence,2015,2015-07-21,10.1080/09638180.2015.1064009,https://doi.org/10.1080/09638180.2015.1064009,European Accounting Review,0963-8180,1468-4497,0963-8180; 1468-4497,[object Object]; [object Object]; [object Object]; [object Object]; [object Object],5,article,486,53.3804,0.99855485,false,true,green,https://repository.up.ac.za/bitstream/2263/59246/1/Cahan_Are_2016.pdf,"Auditing, Earnings Management, Governance; Corporate Finance and Governance; Corporate Social Responsibility Reporting",2026-08-25T07:29:55.448023,2026-08-25T07:29:55.448023,openalex_orcid_only,official_orcid_to_openalex_author,high,false,false,,2026-08-29T03:05:16.957Z
unimelb-accounting-034,Professor Vic Naiker,A5043038059,W2094152406,Does Auditor Industry Specialization Matter? Evidence from Market Reaction to Auditor Switches,2007,2007-05-01,10.2308/aud.2007.26.1.19,https://doi.org/10.2308/aud.2007.26.1.19,Auditing A Journal of Practice & Theory,0278-0380,1558-7991,0278-0380; 1558-7991,[object Object]; [object Object]; [object Object],3,article,294,12.5831,0.98215934,false,false,closed,,"Auditing, Earnings Management, Governance; Corporate Finance and Governance; Financial Reporting and Valuation Research",2026-08-26T07:47:46.906454,2026-08-26T07:47:46.906454,openalex_orcid_only,official_orcid_to_openalex_author,high,false,false,,2026-08-29T03:05:16.957Z
unimelb-accounting-034,Professor Vic Naiker,A5043038059,W3033703147,Does media coverage deter firms from withholding bad news? Evidence from stock price crash risk,2020,2020-06-06,10.1016/j.jcorpfin.2020.101664,https://doi.org/10.1016/j.jcorpfin.2020.101664,Journal of Corporate Finance,0929-1199,1872-6313,0929-1199; 1872-6313,[object Object]; [object Object]; [object Object]; [object Object],4,article,291,39.5781,0.99932598,false,true,green,https://figshare.com/articles/journal_contribution/Does_media_coverage_deter_firms_from_withholding_bad_news_Evidence_from_stock_price_crash_risk/20684608,"Auditing, Earnings Management, Governance; Corporate Finance and Governance; Financial Markets and Investment Strategies",2026-08-28T12:50:07.497085,2026-08-28T12:50:07.497085,openalex_orcid_only,official_orcid_to_openalex_author,high,false,false,,2026-08-29T03:05:16.957Z
unimelb-accounting-034,Professor Vic Naiker,A5043038059,W2100354353,Former Audit Partners on the Audit Committee and Internal Control Deficiencies,2009,2009-03-01,10.2308/accr.2009.84.2.559,https://doi.org/10.2308/accr.2009.84.2.559,The Accounting Review,0001-4826,1558-7967,0001-4826; 1558-7967,[object Object]; [object Object],2,article,275,19.8168,0.99011951,false,true,green,https://hdl.handle.net/2292/13533,"Auditing, Earnings Management, Governance; Corporate Finance and Governance; Corporate Taxation and Avoidance",2026-08-26T07:47:46.906454,2026-08-26T07:47:46.906454,openalex_orcid_only,official_orcid_to_openalex_author,high,false,false,,2026-08-29T03:05:16.957Z
unimelb-accounting-034,Professor Vic Naiker,A5043038059,W2160469269,Determinants of Audit Committee Meeting Frequency: Evidence from a Voluntary Governance System,2009,2009-08-28,10.2308/acch.2009.23.3.245,https://doi.org/10.2308/acch.2009.23.3.245,Accounting Horizons,0888-7993,1558-7975,0888-7993; 1558-7975,[object Object]; [object Object]; [object Object],3,article,237,21.6651,0.99161899,false,false,closed,,"Corporate Finance and Governance; Auditing, Earnings Management, Governance; Risk Management in Financial Firms",2026-08-14T07:06:38.338062,2026-08-14T07:06:38.338062,openalex_orcid_only,official_orcid_to_openalex_author,high,false,false,,2026-08-29T03:05:16.957Z
unimelb-accounting-034,Professor Vic Naiker,A5043038059,W1970067848,Institutional ownership and corporate value,2006,2006-03-01,10.1108/03074350610646753,https://doi.org/10.1108/03074350610646753,Managerial Finance,0307-4358,1758-7743,0307-4358; 1758-7743,[object Object]; [object Object],2,article,131,5.3093,0.95205676,false,false,closed,,"Corporate Finance and Governance; Financial Reporting and Valuation Research; Auditing, Earnings Management, Governance",2026-08-13T07:04:57.449891,2026-08-13T07:04:57.449891,openalex_orcid_only,official_orcid_to_openalex_author,high,false,false,,2026-08-29T03:05:16.957Z
unimelb-accounting-034,Professor Vic Naiker,A5043038059,W2055005782,Are All Industry Specialist Auditors the Same?,2011,2011-11-01,10.2308/ajpt-10181,https://doi.org/10.2308/ajpt-10181,Auditing A Journal of Practice & Theory,0278-0380,1558-7991,0278-0380; 1558-7991,[object Object]; [object Object]; [object Object],3,article,130,7.6407,0.96730815,false,false,closed,,"Auditing, Earnings Management, Governance; Corporate Finance and Governance; Financial Reporting and Valuation Research",2026-08-14T07:06:38.338062,2026-08-14T07:06:38.338062,openalex_orcid_only,official_orcid_to_openalex_author,high,false,false,,2026-08-29T03:05:16.957Z
unimelb-accounting-034,Professor Vic Naiker,A5043038059,W3152508790,Audit Office Labor Market Proximity and Audit Quality,2021,2021-04-13,10.2308/tar-2018-0496,https://doi.org/10.2308/tar-2018-0496,The Accounting Review,0001-4826,1558-7967,0001-4826; 1558-7967,[object Object]; [object Object]; [object Object],3,article,64,9.4339,0.98209932,false,false,closed,,"Auditing, Earnings Management, Governance; Corporate Finance and Governance; Corporate Taxation and Avoidance",2026-08-26T07:47:46.906454,2026-08-26T07:47:46.906454,openalex_orcid_only,official_orcid_to_openalex_author,high,false,false,,2026-08-29T03:05:16.957Z
unimelb-accounting-034,Professor Vic Naiker,A5043038059,W3152656940,The Association between Auditor Provided Tax Planning and Tax Compliance Services and Tax Avoidance and Tax Risk,2021,2021-04-22,10.2308/jata-19-041,https://doi.org/10.2308/jata-19-041,Journal of the American Taxation Association,0198-9073,1558-8017,0198-9073; 1558-8017,[object Object]; [object Object]; [object Object]; [object Object],4,article,50,10.4061,0.98501718,false,false,closed,,"Corporate Taxation and Avoidance; Taxation and Compliance Studies; Auditing, Earnings Management, Governance",2026-08-22T07:34:49.880490,2026-08-22T07:34:49.880490,openalex_orcid_only,official_orcid_to_openalex_author,high,false,false,,2026-08-29T03:05:16.957Z
unimelb-accounting-034,Professor Vic Naiker,A5043038059,W2159212006,Do Former Audit Firm Partners on Audit Committees Procure Greater Nonaudit Services from the Auditor?,2012,2012-08-01,10.2308/accr-50271,https://doi.org/10.2308/accr-50271,The Accounting Review,0001-4826,1558-7967,0001-4826; 1558-7967,[object Object]; [object Object]; [object Object],3,article,89,10.0414,0.97832808,false,false,closed,,"Auditing, Earnings Management, Governance; Corporate Finance and Governance; Corporate Taxation and Avoidance",2026-08-26T07:47:46.906454,2026-08-26T07:47:46.906454,openalex_orcid_only,official_orcid_to_openalex_author,high,false,false,,2026-08-29T03:05:16.957Z
unimelb-accounting-034,Professor Vic Naiker,A5043038059,W2120253959,Options Trading and the Cost of Equity Capital,2012,2012-08-01,10.2308/accr-50275,https://doi.org/10.2308/accr-50275,The Accounting Review,0001-4826,1558-7967,0001-4826; 1558-7967,[object Object]; [object Object]; [object Object],3,article,80,2.6965,0.91638761,false,false,closed,,Financial Markets and Investment Strategies; Corporate Finance and Governance; Financial Reporting and Valuation Research,2026-06-24T13:16:06.693445,2026-06-24T13:16:06.693445,openalex_orcid_only,official_orcid_to_openalex_author,high,false,false,,2026-08-29T03:05:16.957Z
unimelb-accounting-034,Professor Vic Naiker,A5043038059,W2738842740,Auditor-Provided Tax Nonaudit Services and the Implied Cost of Equity Capital,2017,2017-07-01,10.2308/ajpt-51866,https://doi.org/10.2308/ajpt-51866,Auditing A Journal of Practice & Theory,0278-0380,1558-7991,0278-0380; 1558-7991,[object Object]; [object Object]; [object Object]; [object Object],4,article,33,1.8857,0.88191709,false,false,closed,,"Auditing, Earnings Management, Governance; Corporate Taxation and Avoidance; Taxation and Compliance Studies",2026-06-23T13:55:30.953635,2026-06-23T13:55:30.953635,openalex_orcid_only,official_orcid_to_openalex_author,high,false,false,,2026-08-29T03:05:16.957Z
unimelb-accounting-034,Professor Vic Naiker,A5043038059,W4380789841,Stealth Acquisitions and Product Market Competition,2023,2023-06-15,10.1111/jofi.13256,https://doi.org/10.1111/jofi.13256,The Journal of Finance,0022-1082,1540-6261,0022-1082; 1540-6261,[object Object]; [object Object]; [object Object],3,article,31,11.1922,0.98499003,false,true,hybrid,https://onlinelibrary.wiley.com/doi/pdfdirect/10.1111/jofi.13256,"Corporate Finance and Governance; Auditing, Earnings Management, Governance; Corporate Taxation and Avoidance",2026-08-28T12:50:07.497085,2026-08-28T12:50:07.497085,openalex_orcid_only,official_orcid_to_openalex_author,high,false,false,,2026-08-29T03:05:16.957Z
unimelb-accounting-034,Professor Vic Naiker,A5043038059,W4400453872,Partner-Level Cumulative Industry Expertise and Audit Quality,2024,2024-07-09,10.2308/ajpt-2022-047,https://doi.org/10.2308/ajpt-2022-047,Auditing A Journal of Practice & Theory,0278-0380,1558-7991,0278-0380; 1558-7991,[object Object]; [object Object]; [object Object]; [object Object],4,article,7,4.6795,0.94679675,false,false,closed,,Innovation Policy and R&D,2026-08-15T07:11:24.734988,2026-08-15T07:11:24.734988,openalex_orcid_only,official_orcid_to_openalex_author,high,false,false,,2026-08-29T03:05:16.957Z
unimelb-accounting-034,Professor Vic Naiker,A5043038059,W2160416196,The Agency Cost Effects of Unionization on Firm Value,2008,2008-01-01,10.2308/jmar.2008.20.1.133,https://doi.org/10.2308/jmar.2008.20.1.133,Journal of Management Accounting Research,1049-2127,1558-8033,1049-2127; 1558-8033,[object Object]; [object Object]; [object Object],3,article,35,2.0489,0.87027979,false,false,closed,,Labor Movements and Unions; Corporate Finance and Governance; Cooperative Studies and Economics,2026-08-27T14:10:00.468798,2026-08-27T14:10:00.468798,openalex_orcid_only,official_orcid_to_openalex_author,high,false,false,,2026-08-29T03:05:16.957Z
unimelb-accounting-034,Professor Vic Naiker,A5043038059,W1965753816,Earnings quality and Rule 10b-5 securities class action lawsuits,2011,2011-08-31,10.1016/j.jaccpubpol.2011.08.007,https://doi.org/10.1016/j.jaccpubpol.2011.08.007,Journal of Accounting and Public Policy,0278-4254,1873-2070,0278-4254; 1873-2070,[object Object]; [object Object]; [object Object],3,article,28,5.2259,0.95089213,false,false,closed,,"Auditing, Earnings Management, Governance; Corporate Finance and Governance; Law, Economics, and Judicial Systems",2026-08-27T14:10:00.468798,2026-08-27T14:10:00.468798,openalex_orcid_only,official_orcid_to_openalex_author,high,false,false,,2026-08-29T03:05:16.957Z
unimelb-accounting-034,Professor Vic Naiker,A5043038059,W2169089612,Impact of the Minimum Wage on Expected Profits,2006,2006-08-28,10.1080/02692170600874077,https://doi.org/10.1080/02692170600874077,International Review of Applied Economics,0269-2171,1465-3486,0269-2171; 1465-3486,[object Object]; [object Object],2,article,16,1.8846,0.90746079,false,false,closed,,Labor market dynamics and wage inequality; Education Systems and Policy; Labor Movements and Unions,2026-08-15T07:11:24.734988,2026-08-15T07:11:24.734988,openalex_orcid_only,official_orcid_to_openalex_author,high,false,false,,2026-08-29T03:05:16.957Z
unimelb-accounting-034,Professor Vic Naiker,A5043038059,W2809182561,Business Strategy and the Cost of Equity Capital: An Evaluation of Pure versus Hybrid Business Strategies,2018,2018-06-01,10.2308/jmar-52171,https://doi.org/10.2308/jmar-52171,Journal of Management Accounting Research,1049-2127,1558-8033,1049-2127; 1558-8033,[object Object]; [object Object]; [object Object]; [object Object],4,article,14,0.9326,0.79665018,false,true,green,https://figshare.com/articles/journal_contribution/Business_strategy_and_the_cost_of_equity_capital_an_evaluation_of_pure_versus_hybrid_business_strategies/20800558,Corporate Finance and Governance; Firm Innovation and Growth; Financial Reporting and Valuation Research,2026-08-26T07:47:46.906454,2026-08-26T07:47:46.906454,openalex_orcid_only,official_orcid_to_openalex_author,high,false,false,,2026-08-29T03:05:16.957Z
unimelb-accounting-034,Professor Vic Naiker,A5043038059,W4308150149,Foreign exchange exposure and analysts’ earnings forecasts,2022,2022-11-02,10.1016/j.jbankfin.2022.106715,https://doi.org/10.1016/j.jbankfin.2022.106715,Journal of Banking & Finance,0378-4266,1872-6372,0378-4266; 1872-6372,[object Object]; [object Object]; [object Object]; [object Object]; [object Object],5,article,12,3.0447,0.91684935,false,true,bronze,https://www.sciencedirect.com/science/article/pii/S0378426622002953,"Risk Management in Financial Firms; Auditing, Earnings Management, Governance; Corporate Finance and Governance",2026-08-28T12:50:07.497085,2026-08-28T12:50:07.497085,openalex_orcid_only,official_orcid_to_openalex_author,high,false,false,,2026-08-29T03:05:16.957Z
unimelb-accounting-034,Professor Vic Naiker,A5043038059,W4301395285,Separating Auditor-Provided Tax Planning and Tax Compliance Services: Audit Quality Implications,2022,2022-10-04,10.2308/ajpt-2019-519,https://doi.org/10.2308/ajpt-2019-519,Auditing A Journal of Practice & Theory,0278-0380,1558-7991,0278-0380; 1558-7991,[object Object]; [object Object]; [object Object],3,article,11,2.9445,0.91444243,false,false,closed,,"Auditing, Earnings Management, Governance; Taxation and Compliance Studies; Corporate Taxation and Avoidance",2026-06-11T09:08:48.828518,2026-06-11T09:08:48.828518,openalex_orcid_only,official_orcid_to_openalex_author,high,false,false,,2026-08-29T03:05:16.957Z
unimelb-accounting-034,Professor Vic Naiker,A5043038059,W1815627683,The Effect of Audit Specialists on the Informativeness of Discretionary Accruals,2010,2010-01-01,10.1177/0148558x1002500103,https://doi.org/10.1177/0148558x1002500103,Journal of Accounting Auditing & Finance,0148-558X,2160-4061,0148-558X; 2160-4061,[object Object]; [object Object]; [object Object],3,article,29,4.0055,0.93952213,false,false,closed,,"Auditing, Earnings Management, Governance; Financial Reporting and Valuation Research; Law, Economics, and Judicial Systems",2026-08-21T09:56:20.448147,2026-08-21T09:56:20.448147,openalex_orcid_only,official_orcid_to_openalex_author,high,false,false,,2026-08-29T03:05:16.957Z
unimelb-accounting-034,Professor Vic Naiker,A5043038059,W2137389503,Comprehensive versus partial deferred tax liabilities and equity market values,2011,2011-07-03,10.1111/j.1467-629x.2011.00430.x,https://doi.org/10.1111/j.1467-629x.2011.00430.x,Accounting and Finance,0810-5391,1467-629X,0810-5391; 1467-629X,[object Object]; [object Object]; [object Object],3,article,9,1.3938,0.88022055,false,false,closed,,"Auditing, Earnings Management, Governance; Financial Reporting and Valuation Research; Financial Markets and Investment Strategies",2026-08-26T07:47:46.906454,2026-08-26T07:47:46.906454,openalex_orcid_only,official_orcid_to_openalex_author,high,false,false,,2026-08-29T03:05:16.957Z
unimelb-accounting-034,Professor Vic Naiker,A5043038059,W4389836323,Why do audit clients voluntarily disclose the compliance and planning components of auditor provided tax services?,2023,2023-12-16,10.1016/j.jaccpubpol.2023.107160,https://doi.org/10.1016/j.jaccpubpol.2023.107160,Journal of Accounting and Public Policy,0278-4254,1873-2070,0278-4254; 1873-2070,[object Object]; [object Object]; [object Object]; [object Object],4,article,4,1.5989,0.86615595,false,false,closed,,"Corporate Taxation and Avoidance; Auditing, Earnings Management, Governance; Taxation and Compliance Studies",2026-08-28T12:50:07.497085,2026-08-28T12:50:07.497085,openalex_orcid_only,official_orcid_to_openalex_author,high,false,false,,2026-08-29T03:05:16.957Z
unimelb-accounting-034,Professor Vic Naiker,A5043038059,W4401072807,Audit Office Effectiveness and Efficiency,2024,2024-07-29,10.2308/ajpt-2020-064,https://doi.org/10.2308/ajpt-2020-064,Auditing A Journal of Practice & Theory,0278-0380,1558-7991,0278-0380; 1558-7991,[object Object]; [object Object]; [object Object]; [object Object]; [object Object],5,article,2,1.7153,0.89907468,false,true,green,https://figshare.com/articles/journal_contribution/Audit_Office_Effectiveness_and_Efficiency/26420050,Fiscal Policies and Political Economy,2026-07-02T09:51:11.867554,2026-07-02T09:51:11.867554,openalex_orcid_only,official_orcid_to_openalex_author,high,false,false,,2026-08-29T03:05:16.957Z
unimelb-accounting-034,Professor Vic Naiker,A5043038059,W2014392560,SECURITIES PRICE EFFECTS OF UNIONIZATION LEGISLATION,2006,2006-01-25,10.1111/j.1475-6803.2006.00166.x,https://doi.org/10.1111/j.1475-6803.2006.00166.x,The Journal of Financial Research,0270-2592,1475-6803,0270-2592; 1475-6803,[object Object]; [object Object],2,article,7,0.6737,0.84619742,false,false,closed,,"Corporate Finance and Governance; Corporate Taxation and Avoidance; Auditing, Earnings Management, Governance",2026-08-21T09:56:20.448147,2026-08-21T09:56:20.448147,openalex_orcid_only,official_orcid_to_openalex_author,high,false,false,,2026-08-29T03:05:16.957Z
unimelb-accounting-034,Professor Vic Naiker,A5043038059,W2102821603,Equity value implications of the SEC Exchange Act Rule 13a-14: a litigation cost perspective,2012,2012-04-01,10.1177/0312896211430846,https://doi.org/10.1177/0312896211430846,Australian Journal of Management,0312-8962,1327-2020,0312-8962; 1327-2020,[object Object]; [object Object]; [object Object],3,article,5,1.4578,0.87762573,false,false,closed,,"Auditing, Earnings Management, Governance; Corporate Finance and Governance; Financial Reporting and Valuation Research",2026-08-21T09:56:20.448147,2026-08-21T09:56:20.448147,openalex_orcid_only,official_orcid_to_openalex_author,high,false,false,,2026-08-29T03:05:16.957Z
unimelb-accounting-034,Professor Vic Naiker,A5043038059,W1518190437,Securities Price Effects of Napster-Related Events,2005,2005-04-01,10.1177/0148558x0502000204,https://doi.org/10.1177/0148558x0502000204,Journal of Accounting Auditing & Finance,0148-558X,2160-4061,0148-558X; 2160-4061,[object Object]; [object Object]; [object Object],3,article,2,0,0.14337302,false,false,closed,,Copyright and Intellectual Property; Digital Platforms and Economics; Digital Rights Management and Security,2026-08-21T09:56:20.448147,2026-08-21T09:56:20.448147,openalex_orcid_only,official_orcid_to_openalex_author,high,false,false,,2026-08-29T03:05:16.957Z
unimelb-accounting-034,Professor Vic Naiker,A5043038059,W4385544345,Do professional ties enhance board seat prospects of independent directors with tainted reputations?,2023,2023-08-03,10.1016/j.jbankfin.2023.106972,https://doi.org/10.1016/j.jbankfin.2023.106972,Journal of Banking & Finance,0378-4266,1872-6372,0378-4266; 1872-6372,[object Object]; [object Object]; [object Object]; [object Object],4,article,2,0.7994,0.76276781,false,true,hybrid,https://doi.org/10.1016/j.jbankfin.2023.106972,"Auditing, Earnings Management, Governance; Corporate Finance and Governance; Financial Markets and Investment Strategies",2026-08-28T12:50:07.497085,2026-08-28T12:50:07.497085,openalex_orcid_only,official_orcid_to_openalex_author,high,false,false,,2026-08-29T03:05:16.957Z
unimelb-accounting-034,Professor Vic Naiker,A5043038059,W2125159965,The Association Between Accruals Quality and the Characteristics of Accounting Experts and Mix of Expertise on Audit Committees,2010,2010-01-01,10.2139/ssrn.1548766,https://doi.org/10.2139/ssrn.1548766,SSRN Electronic Journal,1556-5068,,1556-5068,[object Object]; [object Object]; [object Object],3,preprint,164,,,false,true,green,https://doi.org/10.2139/ssrn.1548766,"Auditing, Earnings Management, Governance; Financial Reporting and Valuation Research; Corporate Finance and Governance",2026-08-21T09:56:20.448147,2026-08-21T09:56:20.448147,openalex_orcid_only,official_orcid_to_openalex_author,high,false,false,,2026-08-29T03:05:16.957Z
unimelb-accounting-034,Professor Vic Naiker,A5043038059,W2108045837,"Audit Committee Financial Expertise, Corporate Governance and Accruals Quality: An Empirical Analysis",2006,2006-01-01,10.2139/ssrn.906690,https://doi.org/10.2139/ssrn.906690,SSRN Electronic Journal,1556-5068,,1556-5068,[object Object]; [object Object]; [object Object],3,preprint,138,,,false,true,green,https://doi.org/10.2139/ssrn.906690,"Auditing, Earnings Management, Governance; Corporate Finance and Governance; Financial Reporting and Valuation Research",2026-08-26T07:47:46.906454,2026-08-26T07:47:46.906454,openalex_orcid_only,official_orcid_to_openalex_author,high,false,false,,2026-08-29T03:05:16.957Z
unimelb-accounting-034,Professor Vic Naiker,A5043038059,W3128960484,Stealth Acquisitions and Product Market Competition,2020,2020-01-01,10.2139/ssrn.3733994,https://doi.org/10.2139/ssrn.3733994,SSRN Electronic Journal,1556-5068,,1556-5068,[object Object]; [object Object]; [object Object],3,preprint,18,,,false,true,green,https://doi.org/10.2139/ssrn.3733994,Corporate Finance and Governance; Merger and Competition Analysis; Corporate Taxation and Avoidance,2026-07-22T07:51:19.307946,2026-07-22T07:51:19.307946,openalex_orcid_only,official_orcid_to_openalex_author,high,false,false,,2026-08-29T03:05:16.957Z
unimelb-accounting-034,Professor Vic Naiker,A5043038059,W2151306553,The Influence of the Audit Committee on Auditor Provided Tax Planning Services,2013,2013-01-01,10.2139/ssrn.2259314,https://doi.org/10.2139/ssrn.2259314,SSRN Electronic Journal,1556-5068,,1556-5068,[object Object]; [object Object]; [object Object]; [object Object],4,preprint,11,,,false,true,green,https://doi.org/10.2139/ssrn.2259314,"Corporate Taxation and Avoidance; Auditing, Earnings Management, Governance; Taxation and Compliance Studies",2026-07-14T23:27:15.235271,2026-07-14T23:27:15.235271,openalex_orcid_only,official_orcid_to_openalex_author,high,false,false,,2026-08-29T03:05:16.957Z
unimelb-accounting-034,Professor Vic Naiker,A5043038059,W2090011994,Discussion of ‘Strange bedfellows? Voluntary CSR disclosure and politics’,2013,2013-11-07,10.1111/acfi.12052,https://doi.org/10.1111/acfi.12052,Accounting and Finance,0810-5391,1467-629X,0810-5391; 1467-629X,[object Object],1,editorial,2,,,false,true,bronze,https://onlinelibrary.wiley.com/doi/pdfdirect/10.1111/acfi.12052,"Corporate Social Responsibility Reporting; Auditing, Earnings Management, Governance; Corporate Finance and Governance",2026-08-21T09:56:20.448147,2026-08-21T09:56:20.448147,openalex_orcid_only,official_orcid_to_openalex_author,high,false,false,,2026-08-29T03:05:16.957Z
unimelb-accounting-034,Professor Vic Naiker,A5043038059,W3147714581,Greater Reliance on Major Customers and Auditor Going Concern Opinions,2019,2019-01-01,10.2139/ssrn.3402521,https://doi.org/10.2139/ssrn.3402521,SSRN Electronic Journal,1556-5068,,1556-5068,[object Object]; [object Object]; [object Object]; [object Object],4,preprint,2,,,false,true,green,https://doi.org/10.2139/ssrn.3402521,Risk Management in Financial Firms; Supply Chain Resilience and Risk Management,2026-07-22T07:51:19.307946,2026-07-22T07:51:19.307946,openalex_orcid_only,official_orcid_to_openalex_author,high,false,false,,2026-08-29T03:05:16.957Z
unimelb-accounting-034,Professor Vic Naiker,A5043038059,W3043587697,Audit committee accounting expertise and financial reporting quality,2008,2008-01-01,,https://hdl.handle.net/2292/52114,ResearchSpace (University of Auckland),,,,[object Object],1,dissertation,0,,,false,false,closed,,"Hermeneutics and Narrative Identity; Aging, Elder Care, and Social Issues; Health, Medicine and Society",2026-08-26T07:47:46.906454,2026-08-26T07:47:46.906454,openalex_orcid_only,official_orcid_to_openalex_author,high,false,false,,2026-08-29T03:05:16.957Z
unimelb-accounting-034,Professor Vic Naiker,A5043038059,W3122272128,The Agency Cost Effects of Unionization on Firm Value,2008,2008-12-01,,https://papers.ssrn.com/sol3/Delivery.cfm/SSRN_ID1553456_code782800.pdf?abstractid=1120070&mirid=1,SSRN Electronic Journal,1556-5068,,1556-5068,[object Object]; [object Object]; [object Object],3,preprint,0,,,false,true,green,https://papers.ssrn.com/sol3/Delivery.cfm/SSRN_ID1553456_code782800.pdf?abstractid=1120070&mirid=1,Corporate Finance and Governance; Labor Movements and Unions; Firm Innovation and Growth,2026-08-26T07:47:46.906454,2026-08-26T07:47:46.906454,openalex_orcid_only,official_orcid_to_openalex_author,high,false,false,,2026-08-29T03:05:16.957Z
unimelb-accounting-034,Professor Vic Naiker,A5043038059,W3125390267,Equity Value Implications of the Sec Exchange Act Rule 13a-14: A Litigation Cost Perspective,2012,2012-04-04,,https://papers.ssrn.com/sol3/papers.cfm?abstract_id=2050449,SSRN Electronic Journal,1556-5068,,1556-5068,[object Object]; [object Object]; [object Object],3,preprint,0,,,false,true,green,https://papers.ssrn.com/sol3/papers.cfm?abstract_id=2050449,"Auditing, Earnings Management, Governance; Corporate Finance and Governance; Law, Economics, and Judicial Systems",2026-07-14T23:32:53.992493,2026-07-14T23:32:53.992493,openalex_orcid_only,official_orcid_to_openalex_author,high,false,false,,2026-08-29T03:05:16.957Z
unimelb-accounting-034,Professor Vic Naiker,A5043038059,W3125776463,Securities Price Effects of Unionization Legislation,2005,2005-01-26,,https://papers.ssrn.com/sol3/papers.cfm?abstract_id=654663,SSRN Electronic Journal,1556-5068,,1556-5068,[object Object]; [object Object],2,preprint,0,,,false,true,green,https://papers.ssrn.com/sol3/papers.cfm?abstract_id=654663,Corporate Finance and Governance; New Zealand Economic and Social Studies,2026-07-14T23:32:53.992493,2026-07-14T23:32:53.992493,openalex_orcid_only,official_orcid_to_openalex_author,high,false,false,,2026-08-29T03:05:16.957Z
unimelb-accounting-034,Professor Vic Naiker,A5043038059,W3155306399,The Association between Auditor Provided Tax Planning and Tax Compliance Services and Tax Avoidance and Tax Risk,2021,2021-04-07,,https://papers.ssrn.com/sol3/Delivery.cfm/SSRN_ID3821858_code1858169.pdf?abstractid=3821858&mirid=1,SSRN Electronic Journal,1556-5068,,1556-5068,[object Object]; [object Object]; [object Object]; [object Object],4,preprint,0,,,false,true,green,https://papers.ssrn.com/sol3/Delivery.cfm/SSRN_ID3821858_code1858169.pdf?abstractid=3821858&mirid=1,"Taxation and Compliance Studies; Corporate Taxation and Avoidance; Auditing, Earnings Management, Governance",2026-07-14T23:32:53.992493,2026-07-14T23:32:53.992493,openalex_orcid_only,official_orcid_to_openalex_author,high,false,false,,2026-08-29T03:05:16.957Z
unimelb-accounting-034,Professor Vic Naiker,A5043038059,W4404394368,Innovation Spillover Through Information Acquisition of SEC Filings,2024,2024-01-01,10.2139/ssrn.5020404,https://doi.org/10.2139/ssrn.5020404,SSRN Electronic Journal,1556-5068,,1556-5068,[object Object]; [object Object]; [object Object]; [object Object],4,preprint,0,,,false,true,green,https://doi.org/10.2139/ssrn.5020404,Economic Growth and Development; Economic Growth and Productivity; Intellectual Capital and Performance Analysis,2026-08-21T09:56:20.448147,2026-08-21T09:56:20.448147,openalex_orcid_only,official_orcid_to_openalex_author,high,false,false,,2026-08-29T03:05:16.957Z
unimelb-accounting-034,Professor Vic Naiker,A5043038059,W4410492586,Labor Market Consequences of Accounting Scandals at Audit Clients for Audit Professionals,2025,2025-01-01,10.2139/ssrn.5256655,https://doi.org/10.2139/ssrn.5256655,SSRN Electronic Journal,1556-5068,,1556-5068,[object Object]; [object Object]; [object Object],3,preprint,0,,,false,true,green,https://doi.org/10.2139/ssrn.5256655,Economic Development and Regional Competitiveness,2026-08-04T08:18:43.703281,2026-08-04T08:18:43.703281,openalex_orcid_only,official_orcid_to_openalex_author,high,false,false,,2026-08-29T03:05:16.957Z
unimelb-accounting-034,Professor Vic Naiker,A5043038059,W7171712839,Auditor-Affiliated Tax Employees: Hiring Tax Professionals from the External Audit Firm,2026,2026-01-01,10.2139/ssrn.6823760,https://doi.org/10.2139/ssrn.6823760,SSRN Electronic Journal,1556-5068,,1556-5068,[object Object]; [object Object]; [object Object]; [object Object],4,preprint,0,,,false,true,green,https://doi.org/10.2139/ssrn.6823760,"Corporate Taxation and Avoidance; Auditing, Earnings Management, Governance; Taxation and Compliance Studies",2026-08-21T09:56:20.448147,2026-08-21T09:56:20.448147,openalex_orcid_only,official_orcid_to_openalex_author,high,false,false,,2026-08-29T03:05:16.957Z
unimelb-accounting-035,Dr Sujay Nair,A5101993639,W4225153986,Can Technology-Enabled Advanced Monitoring Systems Influence Individual Performance and Team Dynamics?,2022,2022-04-29,10.1080/09638180.2022.2060845,https://doi.org/10.1080/09638180.2022.2060845,European Accounting Review,0963-8180,1468-4497,0963-8180; 1468-4497,[object Object]; [object Object]; [object Object]; [object Object],4,article,6,1.2865,0.85526734,false,false,closed,,Sports Analytics and Performance; Experimental Behavioral Economics Studies; Educational Games and Gamification,2026-08-15T07:11:24.734988,2026-08-15T07:11:24.734988,openalex_orcid_only,official_orcid_to_openalex_author,high,false,false,,2026-08-29T03:05:16.957Z
unimelb-accounting-035,Dr Sujay Nair,A5101993639,W4410192247,Competition and Reward Practices: Evidence from Public Schools,2025,2025-05-08,10.2308/tar-2024-0041,https://doi.org/10.2308/tar-2024-0041,The Accounting Review,0001-4826,1558-7967,0001-4826; 1558-7967,[object Object]; [object Object],2,article,3,4.4574,0.93979072,false,true,bronze,https://publications.aaahq.org/accounting-review/article-pdf/doi/10.2308/TAR-2024-0041/119353/tar-2024-0041.pdf,"Merger and Competition Analysis; Economic Policies and Impacts; Auditing, Earnings Management, Governance",2026-08-21T09:56:20.448147,2026-08-21T09:56:20.448147,openalex_orcid_only,official_orcid_to_openalex_author,high,false,false,,2026-08-29T03:05:16.957Z
unimelb-accounting-035,Dr Sujay Nair,A5101993639,W2551743650,In Search of Money and Fame: Narcissistic Managers and MCS Incentive Design,2015,2015-01-01,,https://accounting.aalto.fi/en/midcom-serveattachmentguid-1e4a78bf2efc692a78b11e4a4c76bd5a3144dcb4dcb/do_managers_manipulate_earnings_prior_to_management_buyouts-maorenneboog.pdf,,,,,[object Object]; [object Object]; [object Object],3,article,2,0.5909,0.82728848,false,false,closed,,Consumer Behavior in Brand Consumption and Identification; Evolutionary Psychology and Human Behavior; Consumer Market Behavior and Pricing,2026-06-11T09:08:48.828518,2026-06-11T09:08:48.828518,openalex_orcid_only,official_orcid_to_openalex_author,high,false,false,,2026-08-29T03:05:16.957Z
unimelb-accounting-035,Dr Sujay Nair,A5101993639,W3213570181,Growth Mind-Set vs. Fixed Mind-Set Managers,2021,2021-01-01,,https://findanexpert.unimelb.edu.au/scholarlywork/1604247-growth-mind-set-vs.-fixed-mind-set-managers,Strategic finance,1524-833X,,1524-833X,[object Object]; [object Object]; [object Object]; [object Object],4,article,2,0.3585,0.6524932,false,false,closed,,Complex Systems and Decision Making; Emotional Intelligence and Performance,2026-06-11T09:08:48.828518,2026-06-11T09:08:48.828518,openalex_orcid_only,official_orcid_to_openalex_author,high,false,false,,2026-08-29T03:05:16.957Z
unimelb-accounting-035,Dr Sujay Nair,A5101993639,W3135584644,Manager Growth Mindset and Resource Management Practices,2020,2020-01-01,10.2139/ssrn.3728366,https://doi.org/10.2139/ssrn.3728366,SSRN Electronic Journal,1556-5068,,1556-5068,[object Object]; [object Object]; [object Object]; [object Object],4,preprint,3,,,false,true,green,https://doi.org/10.2139/ssrn.3728366,"Psychological and Educational Research Studies; Education, Achievement, and Giftedness; Knowledge Management and Sharing",2026-07-22T07:51:19.307946,2026-07-22T07:51:19.307946,openalex_orcid_only,official_orcid_to_openalex_author,high,false,false,,2026-08-29T03:05:16.957Z
unimelb-accounting-035,Dr Sujay Nair,A5101993639,W4389227124,The interdependence between the choice of fixed-term professional workers and the control environment,2023,2023-12-01,10.1016/j.aos.2023.101525,https://doi.org/10.1016/j.aos.2023.101525,Accounting Organizations and Society,0361-3682,1873-6289,0361-3682; 1873-6289,[object Object]; [object Object]; [object Object]; [object Object],4,article,0,0,0.1842908,false,true,hybrid,https://doi.org/10.1016/j.aos.2023.101525,Labor Movements and Unions; Labor market dynamics and wage inequality; Employment and Welfare Studies,2026-08-28T12:50:07.497085,2026-08-28T12:50:07.497085,openalex_orcid_only,official_orcid_to_openalex_author,high,false,false,,2026-08-29T03:05:16.957Z
unimelb-accounting-035,Dr Sujay Nair,A5101993639,W4409317080,Competition and Reward Practices: Evidence from Public Schools,2025,2025-01-01,10.2139/ssrn.5184246,https://doi.org/10.2139/ssrn.5184246,SSRN Electronic Journal,1556-5068,,1556-5068,[object Object]; [object Object],2,preprint,0,,,false,true,green,https://doi.org/10.2139/ssrn.5184246,"Merger and Competition Analysis; Economic Policies and Impacts; Auditing, Earnings Management, Governance",2026-08-21T09:56:20.448147,2026-08-21T09:56:20.448147,openalex_orcid_only,official_orcid_to_openalex_author,high,false,false,,2026-08-29T03:05:16.957Z
unimelb-accounting-035,Dr Sujay Nair,A5101993639,W7128166908,Nonfinancial Rewards in Times of Change,2026,2026-02-06,10.2308/jmar-2023-010,https://doi.org/10.2308/jmar-2023-010,Journal of Management Accounting Research,1049-2127,1558-8033,1049-2127; 1558-8033,[object Object]; [object Object]; [object Object],3,article,0,0,0.09186352,false,true,bronze,https://publications.aaahq.org/jmar/article-pdf/doi/10.2308/JMAR-2023-010/155672/jmar-2023-010.pdf,Job Satisfaction and Organizational Behavior; Workplace Spirituality and Leadership; Human Resource and Talent Management,2026-08-26T07:47:46.906454,2026-08-26T07:47:46.906454,openalex_orcid_only,official_orcid_to_openalex_author,high,false,false,,2026-08-29T03:05:16.957Z
unimelb-accounting-036,Professor Matthew Pinnuck,A5005219052,W2086252996,Impact of on-field football success on the off-field financial performance of AFL football clubs,2006,2006-08-18,10.1111/j.1467-629x.2006.00179.x,https://doi.org/10.1111/j.1467-629x.2006.00179.x,Accounting and Finance,0810-5391,1467-629X,0810-5391; 1467-629X,[object Object]; [object Object],2,article,73,3.7695,0.93812745,false,false,closed,,"Sports Analytics and Performance; Sports, Gender, and Society; Sport and Mega-Event Impacts",2026-08-21T09:56:20.448147,2026-08-21T09:56:20.448147,openalex_orcid_only,official_orcid_to_openalex_author,high,false,false,,2026-08-29T03:05:16.957Z
unimelb-accounting-036,Professor Matthew Pinnuck,A5005219052,W2115079207,The Valuation Relevance of Greenhouse Gas Emissions under the European Union Carbon Emissions Trading Scheme,2014,2014-06-19,10.1080/09638180.2014.927782,https://doi.org/10.1080/09638180.2014.927782,European Accounting Review,0963-8180,1468-4497,0963-8180; 1468-4497,[object Object]; [object Object]; [object Object]; [object Object],4,article,51,5.7177,0.96070472,false,true,green,https://utoronto.scholaris.ca/bitstreams/e23eb4ec-a3c9-4c40-87db-3f97780d5c67/download,"Climate Change Policy and Economics; Energy, Environment, Economic Growth; Energy, Environment, and Transportation Policies",2026-08-26T07:47:46.906454,2026-08-26T07:47:46.906454,openalex_orcid_only,official_orcid_to_openalex_author,high,false,false,,2026-08-29T03:05:16.957Z
unimelb-accounting-036,Professor Matthew Pinnuck,A5005219052,W1820542087,A Review of the Role of Financial Reporting in the Global Financial Crisis,2012,2012-03-01,10.1111/j.1835-2561.2011.00155.x,https://doi.org/10.1111/j.1835-2561.2011.00155.x,Australian Accounting Review,1035-6908,1835-2561,1035-6908; 1835-2561,[object Object],1,article,48,4.9977,0.95347066,false,false,closed,,"Banking stability, regulation, efficiency; Financial Markets and Investment Strategies; Auditing, Earnings Management, Governance",2026-08-21T09:56:20.448147,2026-08-21T09:56:20.448147,openalex_orcid_only,official_orcid_to_openalex_author,high,false,false,,2026-08-29T03:05:16.957Z
unimelb-accounting-036,Professor Matthew Pinnuck,A5005219052,W2066013777,Stock preferences and derivative activities of Australian fund managers,2004,2004-02-24,10.1111/j.1467-629x.2004.00102.x,https://doi.org/10.1111/j.1467-629x.2004.00102.x,Accounting and Finance,0810-5391,1467-629X,0810-5391; 1467-629X,[object Object],1,article,49,4.2539,0.94429484,false,false,closed,,Financial Markets and Investment Strategies; Corporate Finance and Governance; Monetary Policy and Economic Impact,2026-08-21T09:56:20.448147,2026-08-21T09:56:20.448147,openalex_orcid_only,official_orcid_to_openalex_author,high,false,false,,2026-08-29T03:05:16.957Z
unimelb-accounting-036,Professor Matthew Pinnuck,A5005219052,W2036804129,The quality and conservatism of the accounting earnings of local governments,2009,2009-09-12,10.1016/j.jaccpubpol.2009.08.002,https://doi.org/10.1016/j.jaccpubpol.2009.08.002,Journal of Accounting and Public Policy,0278-4254,1873-2070,0278-4254; 1873-2070,[object Object]; [object Object],2,article,42,6.4822,0.96120397,false,false,closed,,"Auditing, Earnings Management, Governance; Accounting and Organizational Management; Fiscal Policies and Political Economy",2026-08-21T09:56:20.448147,2026-08-21T09:56:20.448147,openalex_orcid_only,official_orcid_to_openalex_author,high,false,false,,2026-08-29T03:05:16.957Z
unimelb-accounting-036,Professor Matthew Pinnuck,A5005219052,W2062579449,What is the Abnormal Return Performance of Mutual Funds due to Private Earnings Information?,2005,2005-12-01,10.1016/s1815-5669(10)70009-6,https://doi.org/10.1016/s1815-5669(10)70009-6,Journal of Contemporary Accounting & Economics,1815-5669,2352-3298,1815-5669; 2352-3298,[object Object],1,article,19,0.7731,0.78855234,false,false,closed,,Financial Markets and Investment Strategies; Corporate Finance and Governance; Housing Market and Economics,2026-08-21T09:56:20.448147,2026-08-21T09:56:20.448147,openalex_orcid_only,official_orcid_to_openalex_author,high,false,false,,2026-08-29T03:05:16.957Z
unimelb-accounting-036,Professor Matthew Pinnuck,A5005219052,W2901499921,A review of the impact of Ball and Brown (1968) on research in the Asia-Pacific Basin,2018,2018-11-15,10.1016/j.pacfin.2018.11.004,https://doi.org/10.1016/j.pacfin.2018.11.004,Pacific-Basin Finance Journal,0927-538X,1879-0585,0927-538X; 1879-0585,[object Object]; [object Object]; [object Object],3,article,8,3.0815,0.91966832,false,true,green,https://figshare.com/articles/journal_contribution/A_review_of_the_impact_of_Ball_and_Brown_1968_on_research_in_the_Asia-Pacific_Basin/20582301,"Auditing, Earnings Management, Governance; Financial Markets and Investment Strategies; Corporate Finance and Governance",2026-08-27T14:10:00.468798,2026-08-27T14:10:00.468798,openalex_orcid_only,official_orcid_to_openalex_author,high,false,false,,2026-08-29T03:05:16.957Z
unimelb-accounting-036,Professor Matthew Pinnuck,A5005219052,W3123792738,The New York TimesandWall Street Journal: Does Their Coverage of Earnings Announcements Cause “Stale” News to Become “New” News?,2014,2014-04-03,10.1080/15427560.2014.908881,https://doi.org/10.1080/15427560.2014.908881,Journal of Behavioral Finance,1520-8834,1532-7760,1520-8834; 1532-7760; 1542-7560; 1542-7579,[object Object],1,article,13,1.2534,0.84878547,false,false,closed,,"Financial Markets and Investment Strategies; Auditing, Earnings Management, Governance; Corporate Finance and Governance",2026-08-21T09:56:20.448147,2026-08-21T09:56:20.448147,openalex_orcid_only,official_orcid_to_openalex_author,high,false,false,,2026-08-29T03:05:16.957Z
unimelb-accounting-036,Professor Matthew Pinnuck,A5005219052,W2417147786,Audit pricing and the emergence of the Big 4: Evidence from Australia*,2013,2013-01-01,,http://www.capana.net/conference2013/SKINNER2013May.pdf,,,,,[object Object]; [object Object]; [object Object],3,article,5,1.7005,0.89802025,false,false,closed,,"Corporate Finance and Governance; Auditing, Earnings Management, Governance; Financial Reporting and Valuation Research",2026-06-11T09:08:48.828518,2026-06-11T09:08:48.828518,openalex_orcid_only,official_orcid_to_openalex_author,high,false,false,,2026-08-29T03:05:16.957Z
unimelb-accounting-036,Professor Matthew Pinnuck,A5005219052,W2002995634,The profit versus loss heuristic and firm financing decisions,2013,2013-08-01,10.1016/j.aos.2013.09.003,https://doi.org/10.1016/j.aos.2013.09.003,Accounting Organizations and Society,0361-3682,1873-6289,0361-3682; 1873-6289,[object Object]; [object Object],2,article,15,2.3651,0.90572578,false,false,closed,,"Corporate Finance and Governance; Financial Reporting and Valuation Research; Auditing, Earnings Management, Governance",2026-08-21T09:56:20.448147,2026-08-21T09:56:20.448147,openalex_orcid_only,official_orcid_to_openalex_author,high,false,false,,2026-08-29T03:05:16.957Z
unimelb-accounting-036,Professor Matthew Pinnuck,A5005219052,W4311117488,Earnings management: Who do managers consider and what is the relative importance of ethics?,2022,2022-12-02,10.1177/03128962221137235,https://doi.org/10.1177/03128962221137235,Australian Journal of Management,0312-8962,1327-2020,0312-8962; 1327-2020,[object Object]; [object Object]; [object Object],3,article,5,1.3839,0.8363192,false,false,closed,,"Auditing, Earnings Management, Governance; Corporate Finance and Governance; Law, Economics, and Judicial Systems",2026-08-28T12:50:07.497085,2026-08-28T12:50:07.497085,openalex_orcid_only,official_orcid_to_openalex_author,high,false,false,,2026-08-29T03:05:16.957Z
unimelb-accounting-036,Professor Matthew Pinnuck,A5005219052,W2023006130,Competition among exchanges through simplified disclosure requirements: evidence from the American and Global Depositary Receipts,2013,2013-12-07,10.1080/00014788.2013.849193,https://doi.org/10.1080/00014788.2013.849193,Accounting and Business Research,0001-4788,2159-4260,0001-4788; 2159-4260,[object Object]; [object Object],2,article,4,0,0.20680419,false,true,green,https://papers.ssrn.com/sol3/Delivery.cfm/SSRN_ID2467840_code82281.pdf?abstractid=2467840&mirid=1&type=2,"Auditing, Earnings Management, Governance; Financial Markets and Investment Strategies; Corporate Finance and Governance",2026-08-15T07:11:24.734988,2026-08-15T07:11:24.734988,openalex_orcid_only,official_orcid_to_openalex_author,high,false,false,,2026-08-29T03:05:16.957Z
unimelb-accounting-036,Professor Matthew Pinnuck,A5005219052,W4293228577,"The association between quarter length, forecast errors, and firms’ voluntary disclosures",2022,2022-02-28,10.1111/acfi.12933,https://doi.org/10.1111/acfi.12933,Accounting and Finance,0810-5391,1467-629X,0810-5391; 1467-629X,[object Object]; [object Object]; [object Object],3,article,2,0.5536,0.68997405,false,true,hybrid,https://doi.org/10.1111/acfi.12933,"Auditing, Earnings Management, Governance; Financial Markets and Investment Strategies; Corporate Finance and Governance",2026-08-28T12:50:07.497085,2026-08-28T12:50:07.497085,openalex_orcid_only,official_orcid_to_openalex_author,high,false,false,,2026-08-29T03:05:16.957Z
unimelb-accounting-036,Professor Matthew Pinnuck,A5005219052,W2011722224,Does the change of accounting regulation on employee share options give rise to greater scope for earnings management?,2011,2011-11-22,10.1108/01140581111185526,https://doi.org/10.1108/01140581111185526,Pacific Accounting Review,0114-0582,2041-5494,0114-0582; 2041-5494,[object Object]; [object Object],2,article,3,0.6969,0.81854176,false,false,closed,,"Auditing, Earnings Management, Governance; Financial Reporting and Valuation Research; Corporate Finance and Governance",2026-08-26T07:47:46.906454,2026-08-26T07:47:46.906454,openalex_orcid_only,official_orcid_to_openalex_author,high,false,false,,2026-08-29T03:05:16.957Z
unimelb-accounting-036,Professor Matthew Pinnuck,A5005219052,W2155115549,Market risk exposure of merger arbitrage in Australia,2011,2011-10-31,10.1111/j.1467-629x.2011.00453.x,https://doi.org/10.1111/j.1467-629x.2011.00453.x,Accounting and Finance,0810-5391,1467-629X,0810-5391; 1467-629X,[object Object]; [object Object]; [object Object],3,article,2,0,0.19906333,false,true,bronze,https://onlinelibrary.wiley.com/doi/pdfdirect/10.1111/j.1467-629X.2011.00453.x,Financial Markets and Investment Strategies; Corporate Finance and Governance; Insurance and Financial Risk Management,2026-08-26T07:47:46.906454,2026-08-26T07:47:46.906454,openalex_orcid_only,official_orcid_to_openalex_author,high,false,false,,2026-08-29T03:05:16.957Z
unimelb-accounting-036,Professor Matthew Pinnuck,A5005219052,W2113416833,Auditor Style and Financial Statement Comparability,2013,2013-01-01,10.2139/ssrn.2287631,https://doi.org/10.2139/ssrn.2287631,SSRN Electronic Journal,1556-5068,,1556-5068,[object Object]; [object Object]; [object Object],3,preprint,111,,,false,true,green,https://doi.org/10.2139/ssrn.2287631,"Auditing, Earnings Management, Governance; Financial Reporting and XBRL; Financial Reporting and Valuation Research",2026-08-26T07:47:46.906454,2026-08-26T07:47:46.906454,openalex_orcid_only,official_orcid_to_openalex_author,high,false,false,,2026-08-29T03:05:16.957Z
unimelb-accounting-036,Professor Matthew Pinnuck,A5005219052,W2171914903,Why Did the Big 4 Get So Large? Evidence from Australia,2014,2014-01-01,10.2139/ssrn.2431727,https://doi.org/10.2139/ssrn.2431727,SSRN Electronic Journal,1556-5068,,1556-5068,[object Object]; [object Object]; [object Object],3,preprint,17,,,false,true,green,https://doi.org/10.2139/ssrn.2431727,"Corporate Finance and Governance; Auditing, Earnings Management, Governance; Firm Innovation and Growth",2026-08-21T09:56:20.448147,2026-08-21T09:56:20.448147,openalex_orcid_only,official_orcid_to_openalex_author,high,false,false,,2026-08-29T03:05:16.957Z
unimelb-accounting-036,Professor Matthew Pinnuck,A5005219052,W3124451950,"Restatement of CSR Reports: Frequency, Magnitude, and Determinants",2018,2018-01-01,10.2139/ssrn.3095090,https://doi.org/10.2139/ssrn.3095090,SSRN Electronic Journal,1556-5068,,1556-5068,[object Object]; [object Object]; [object Object]; [object Object],4,preprint,9,,,false,true,green,https://doi.org/10.2139/ssrn.3095090,"Auditing, Earnings Management, Governance; Corporate Finance and Governance; Corporate Social Responsibility Reporting",2026-08-21T09:56:20.448147,2026-08-21T09:56:20.448147,openalex_orcid_only,official_orcid_to_openalex_author,high,false,false,,2026-08-29T03:05:16.957Z
unimelb-accounting-036,Professor Matthew Pinnuck,A5005219052,W3124078501,Profits Versus Losses: Does Reporting an Accounting Loss Act as a Heuristic Trigger to Exercise the Abandonment Option and Divest Employees,2007,2007-07-03,,https://autopapers.ssrn.com/sol3/papers.cfm?abstract_id=997968,SSRN Electronic Journal,1556-5068,,1556-5068,[object Object]; [object Object],2,preprint,8,,,false,true,green,https://autopapers.ssrn.com/sol3/papers.cfm?abstract_id=997968,"Auditing, Earnings Management, Governance; Law, Economics, and Judicial Systems",2026-07-14T23:32:53.992493,2026-07-14T23:32:53.992493,openalex_orcid_only,official_orcid_to_openalex_author,high,false,false,,2026-08-29T03:05:16.957Z
unimelb-accounting-036,Professor Matthew Pinnuck,A5005219052,W3122444781,Stock Preferences and Derivative Activities of Australian Fund Managers,2004,2004-04-30,,https://autopapers.ssrn.com/sol3/papers.cfm?abstract_id=513263,SSRN Electronic Journal,1556-5068,,1556-5068,[object Object],1,preprint,5,,,false,true,green,https://autopapers.ssrn.com/sol3/papers.cfm?abstract_id=513263,"Financial Markets and Investment Strategies; Corporate Finance and Governance; Auditing, Earnings Management, Governance",2026-07-14T23:32:53.992493,2026-07-14T23:32:53.992493,openalex_orcid_only,official_orcid_to_openalex_author,high,false,false,,2026-08-29T03:05:16.957Z
unimelb-accounting-036,Professor Matthew Pinnuck,A5005219052,W2556257752,Earnings Management: The Role of Economics and Ethics on Managers' Decision Making,2016,2016-01-01,10.2139/ssrn.2868350,https://doi.org/10.2139/ssrn.2868350,SSRN Electronic Journal,1556-5068,,1556-5068,[object Object]; [object Object],2,preprint,4,,,false,true,green,https://doi.org/10.2139/ssrn.2868350,"Auditing, Earnings Management, Governance; Corporate Finance and Governance; Financial Markets and Investment Strategies",2026-07-14T23:27:15.235271,2026-07-14T23:27:15.235271,openalex_orcid_only,official_orcid_to_openalex_author,high,false,false,,2026-08-29T03:05:16.957Z
unimelb-accounting-036,Professor Matthew Pinnuck,A5005219052,W4301343596,Who Pays Attention to Sustainability Reports and Why? Evidence from Google Search Activity,2022,2022-01-01,10.2139/ssrn.4182067,https://doi.org/10.2139/ssrn.4182067,SSRN Electronic Journal,1556-5068,,1556-5068,[object Object]; [object Object]; [object Object],3,preprint,4,,,false,true,green,https://doi.org/10.2139/ssrn.4182067,Digital Marketing and Social Media; Environmental Sustainability in Business; Technology Adoption and User Behaviour,2026-07-22T07:51:19.307946,2026-07-22T07:51:19.307946,openalex_orcid_only,official_orcid_to_openalex_author,high,false,false,,2026-08-29T03:05:16.957Z
unimelb-accounting-036,Professor Matthew Pinnuck,A5005219052,W2009000354,Unit Trust Investment Products: Is the rate of return reported by fund managers to investors reliable and comparable?,1999,1999-03-01,10.1111/j.1835-2561.1999.tb00099.x,https://doi.org/10.1111/j.1835-2561.1999.tb00099.x,Australian Accounting Review,1035-6908,1835-2561,1035-6908; 1835-2561,[object Object],1,article,3,0.4324,0.71144103,false,false,closed,,Financial Markets and Investment Strategies; Housing Market and Economics; Corporate Finance and Governance,2026-08-21T09:56:20.448147,2026-08-21T09:56:20.448147,openalex_orcid_only,official_orcid_to_openalex_author,high,false,false,,2026-08-29T03:05:16.957Z
unimelb-accounting-036,Professor Matthew Pinnuck,A5005219052,W3123635019,Top Management Turnover: An Examination of Portfolio Holdings and Fund Performance,2005,2005-01-01,10.2139/ssrn.653462,https://doi.org/10.2139/ssrn.653462,SSRN Electronic Journal,1556-5068,,1556-5068,[object Object]; [object Object]; [object Object],3,preprint,3,,,false,true,green,https://doi.org/10.2139/ssrn.653462,"Financial Markets and Investment Strategies; Corporate Finance and Governance; Auditing, Earnings Management, Governance",2026-08-21T09:56:20.448147,2026-08-21T09:56:20.448147,openalex_orcid_only,official_orcid_to_openalex_author,high,false,false,,2026-08-29T03:05:16.957Z
unimelb-accounting-036,Professor Matthew Pinnuck,A5005219052,W4387478920,Who Pays Attention to Sustainability Reports and Why? Evidence from Google Search Activity,2023,2023-01-01,10.2139/ssrn.4572702,https://doi.org/10.2139/ssrn.4572702,SSRN Electronic Journal,1556-5068,,1556-5068,[object Object]; [object Object]; [object Object],3,preprint,2,,,false,true,green,https://doi.org/10.2139/ssrn.4572702,Environmental Sustainability in Business; Corporate Social Responsibility Reporting; Digital Marketing and Social Media,2026-08-21T09:56:20.448147,2026-08-21T09:56:20.448147,openalex_orcid_only,official_orcid_to_openalex_author,high,false,false,,2026-08-29T03:05:16.957Z
unimelb-accounting-036,Professor Matthew Pinnuck,A5005219052,W1533504392,Institutional Trading Around Earnings Announcements,2007,2007-01-01,10.2139/ssrn.972653,https://doi.org/10.2139/ssrn.972653,SSRN Electronic Journal,1556-5068,,1556-5068,[object Object]; [object Object]; [object Object],3,preprint,1,,,false,true,green,https://doi.org/10.2139/ssrn.972653,"Financial Markets and Investment Strategies; Auditing, Earnings Management, Governance; Corporate Finance and Governance",2026-08-21T09:56:20.448147,2026-08-21T09:56:20.448147,openalex_orcid_only,official_orcid_to_openalex_author,high,false,false,,2026-08-29T03:05:16.957Z
unimelb-accounting-036,Professor Matthew Pinnuck,A5005219052,W2140287546,The financial performance of AFL football clubs,2004,2004-01-01,,https://www.deakin.edu.au/__data/assets/pdf_file/0006/402639/swp2004_15.pdf,RePEc: Research Papers in Economics,,,,[object Object]; [object Object],2,preprint,1,,,false,true,green,https://figshare.com/articles/report/The_financial_performance_of_AFL_football_clubs/20821546,"Sports Analytics and Performance; Sports, Gender, and Society; Sport and Mega-Event Impacts",2026-08-26T07:47:46.906454,2026-08-26T07:47:46.906454,openalex_orcid_only,official_orcid_to_openalex_author,high,false,false,,2026-08-29T03:05:16.957Z
unimelb-accounting-036,Professor Matthew Pinnuck,A5005219052,W3121952074,The Quality and Conservatism of the Accounting Earnings of Local Governments,2006,2006-01-01,,https://autopapers.ssrn.com/sol3/papers.cfm?abstract_id=895416,SSRN Electronic Journal,1556-5068,,1556-5068,[object Object]; [object Object],2,preprint,1,,,false,true,green,https://autopapers.ssrn.com/sol3/papers.cfm?abstract_id=895416,"Public Policy and Administration Research; Auditing, Earnings Management, Governance; Accounting and Organizational Management",2026-07-14T23:32:53.992493,2026-07-14T23:32:53.992493,openalex_orcid_only,official_orcid_to_openalex_author,high,false,false,,2026-08-29T03:05:16.957Z
unimelb-accounting-036,Professor Matthew Pinnuck,A5005219052,W12385027,Do investors value disclosed versus recognised employee share options differently,2010,2010-01-01,,http://www.afaanz.org/openconf/2010/modules/request.php?module=oc_program,Deakin Research Online (Deakin University),,,,[object Object]; [object Object],2,conference-paper,0,0,0.00234375,false,false,closed,,"Auditing, Earnings Management, Governance; Financial Reporting and Valuation Research; Financial Markets and Investment Strategies",2026-08-21T09:56:20.448147,2026-08-21T09:56:20.448147,openalex_orcid_only,official_orcid_to_openalex_author,high,false,false,,2026-08-29T03:05:16.957Z
unimelb-accounting-036,Professor Matthew Pinnuck,A5005219052,W1565849735,To What Extent has Financial Accounting Contributed to the Global Financial Crisis?,2011,2011-03-01,10.1111/j.1835-2561.2010.00125.x,https://doi.org/10.1111/j.1835-2561.2010.00125.x,Australian Accounting Review,1035-6908,1835-2561,1035-6908; 1835-2561,[object Object],1,article,0,0,0.16996583,false,false,closed,,"Commonwealth, Australian Politics and Federalism; Australian History and Society; Geological and Geophysical Studies",2026-08-21T09:56:20.448147,2026-08-21T09:56:20.448147,openalex_orcid_only,official_orcid_to_openalex_author,high,false,false,,2026-08-29T03:05:16.957Z
unimelb-accounting-036,Professor Matthew Pinnuck,A5005219052,W1993903137,The New York Times and Wall Street Journal: Does Their Coverage of Earnings Announcements Cause 'Stale' News to Become 'New' News?,2014,2014-01-01,10.2139/ssrn.2465445,https://doi.org/10.2139/ssrn.2465445,SSRN Electronic Journal,1556-5068,,1556-5068,[object Object],1,preprint,0,,,false,true,green,https://doi.org/10.2139/ssrn.2465445,"Financial Markets and Investment Strategies; Auditing, Earnings Management, Governance; Corporate Finance and Governance",2026-08-21T09:56:20.448147,2026-08-21T09:56:20.448147,openalex_orcid_only,official_orcid_to_openalex_author,high,false,false,,2026-08-29T03:05:16.957Z
unimelb-accounting-036,Professor Matthew Pinnuck,A5005219052,W2135659429,Do the trades and stockholdings of fund managers reveal private information,2001,2001-05-11,,http://hdl.handle.net/10523/1506,Otago University Research Archive (University of Otago),,,,[object Object],1,conference-paper,0,0,0.25545171,false,true,green,http://hdl.handle.net/10523/1506,Financial Markets and Investment Strategies; Market Dynamics and Volatility; Stock Market Forecasting Methods,2026-08-26T07:47:46.906454,2026-08-26T07:47:46.906454,openalex_orcid_only,official_orcid_to_openalex_author,high,false,false,,2026-08-29T03:05:16.957Z
unimelb-accounting-036,Professor Matthew Pinnuck,A5005219052,W2971743899,"Decision-usefulness of financial reports, Research Report No 5: The decision-usefulness of financial reports and the future of (financial) reporting",2024,2024-01-01,10.25439/rmt.27401652,https://doi.org/10.25439/rmt.27401652,Monash University Research Portal (Monash University),,,,[object Object]; [object Object]; [object Object]; [object Object],4,book,0,0,0.00742358,false,true,green,https://research.monash.edu/en/publications/1c85af94-1512-487a-84eb-fe6aa6cb812c,Financial Reporting and Valuation Research; Accounting Theory and Financial Reporting,2026-08-18T07:49:30.821534,2026-08-18T07:49:30.821534,openalex_orcid_only,official_orcid_to_openalex_author,high,false,false,,2026-08-29T03:05:16.957Z
unimelb-accounting-036,Professor Matthew Pinnuck,A5005219052,W2972470968,"Decision-Usefulness in Financial Reports: Research Report No.4: The effect of company size, profitability and the introduction of IFRS on the relevance of financial reports for investor decision making",2024,2024-01-01,10.25439/rmt.27401898,https://doi.org/10.25439/rmt.27401898,Monash University Research Portal (Monash University),,,,[object Object]; [object Object]; [object Object]; [object Object],4,book,0,0,0.00786026,false,true,green,https://research.monash.edu/en/publications/f360da8d-1a1a-4979-8e45-48e0e042c211,Financial Reporting and Valuation Research,2026-08-18T07:49:30.821534,2026-08-18T07:49:30.821534,openalex_orcid_only,official_orcid_to_openalex_author,high,false,false,,2026-08-29T03:05:16.957Z
unimelb-accounting-036,Professor Matthew Pinnuck,A5005219052,W2972557426,Decision-Usefulness in Financial Reports: Research Report No.2: Relevance of Alternative Performance Measures and Non-Financial Information for Investor Decision Making in Australia,2024,2024-01-01,10.25439/rmt.27401544,https://doi.org/10.25439/rmt.27401544,Monash University Research Portal (Monash University),,,,[object Object]; [object Object]; [object Object]; [object Object],4,book,0,0,0.00829694,false,true,green,https://research.monash.edu/en/publications/d7c3e71a-05e3-4d35-99fb-282be2c730cc,Financial Reporting and Valuation Research,2026-08-18T07:49:30.821534,2026-08-18T07:49:30.821534,openalex_orcid_only,official_orcid_to_openalex_author,high,false,false,,2026-08-29T03:05:16.957Z
unimelb-accounting-036,Professor Matthew Pinnuck,A5005219052,W2973869600,Decision-Usefulness in Financial Reports: Research Report No.3: The effect of industry on the relevance of financial reports for investor decision making,2024,2024-01-01,10.25439/rmt.27402423,https://doi.org/10.25439/rmt.27402423,Monash University Research Portal (Monash University),,,,[object Object]; [object Object]; [object Object]; [object Object],4,book,0,0,0.00873362,false,true,green,https://researchmgt.monash.edu/ws/files/282406232/281980986_oa.pdf,Financial Reporting and Valuation Research,2026-08-18T07:49:30.821534,2026-08-18T07:49:30.821534,openalex_orcid_only,official_orcid_to_openalex_author,high,false,false,,2026-08-29T03:05:16.957Z
unimelb-accounting-036,Professor Matthew Pinnuck,A5005219052,W2974866757,"Decision-Usefulness in Financial Reports, Research Report No. 1: Are financial reports still useful to investors?",2024,2024-01-01,10.25439/rmt.27402231,https://doi.org/10.25439/rmt.27402231,Monash University Research Portal (Monash University),,,,[object Object]; [object Object]; [object Object]; [object Object],4,book,0,0,0.00917031,false,true,green,https://www.cpaaustralia.com.au/~/media/corporate/allfiles/document/professional-resources/reporting/are-financial-reports-still-relevant-to-investors.pdf?la=en,Financial Reporting and Valuation Research,2026-08-18T07:49:30.821534,2026-08-18T07:49:30.821534,openalex_orcid_only,official_orcid_to_openalex_author,high,false,false,,2026-08-29T03:05:16.957Z
unimelb-accounting-036,Professor Matthew Pinnuck,A5005219052,W2998736721,The decision-usefulness of financial reports and the future of (financial) reporting,2018,2018-01-01,,https://findanexpert.unimelb.edu.au/scholarlywork/1358835-the-decision-usefulness-of-financial-reports-and-the-future-of-(financial)-reporting,,,,,[object Object]; [object Object]; [object Object]; [object Object],4,article,0,0,0.40551363,false,false,closed,,"Financial Reporting and Valuation Research; Financial Distress and Bankruptcy Prediction; Auditing, Earnings Management, Governance",2026-06-11T09:08:48.828518,2026-06-11T09:08:48.828518,openalex_orcid_only,official_orcid_to_openalex_author,high,false,false,,2026-08-29T03:05:16.957Z
unimelb-accounting-036,Professor Matthew Pinnuck,A5005219052,W2999542864,Relevance of alternative performance measures and non-financial information for investor decision making in Australia,2018,2018-01-01,,https://findanexpert.unimelb.edu.au/scholarlywork/1358826-relevance-of-alternative-performance-measures-and-non-financial-information-for-investor-decision-making-in-australia,,,,,[object Object]; [object Object]; [object Object]; [object Object],4,article,0,0,0.39697797,false,false,closed,,Private Equity and Venture Capital; Financial Reporting and Valuation Research,2026-06-11T09:08:48.828518,2026-06-11T09:08:48.828518,openalex_orcid_only,official_orcid_to_openalex_author,high,false,false,,2026-08-29T03:05:16.957Z
unimelb-accounting-036,Professor Matthew Pinnuck,A5005219052,W3016860200,The effect of industry on the relevance of financial reports for investor decision making,2018,2018-01-01,,https://findanexpert.unimelb.edu.au/scholarlywork/1358829-the-effect-of-industry-on-the-relevance-of-financial-reports-for-investor-decision-making,,,,,[object Object]; [object Object]; [object Object]; [object Object],4,article,0,0,0.41487619,false,false,closed,,Private Equity and Venture Capital,2026-06-11T09:08:48.828518,2026-06-11T09:08:48.828518,openalex_orcid_only,official_orcid_to_openalex_author,high,false,false,,2026-08-29T03:05:16.957Z
unimelb-accounting-036,Professor Matthew Pinnuck,A5005219052,W3022511792,"The effect of company size, profitability and the introduction of IFRS on the relevance of financial reports for investor decision making",2018,2018-01-01,,https://findanexpert.unimelb.edu.au/scholarlywork/1358832-the-effect-of-company-size--profitability-and-the-introduction-of-ifrs-on-the-relevance-of-financial-reports-for-investor-decision-making,,,,,[object Object]; [object Object]; [object Object]; [object Object],4,article,0,0,0.4173913,false,false,closed,,"Auditing, Earnings Management, Governance",2026-06-11T09:08:48.828518,2026-06-11T09:08:48.828518,openalex_orcid_only,official_orcid_to_openalex_author,high,false,false,,2026-08-29T03:05:16.957Z
unimelb-accounting-036,Professor Matthew Pinnuck,A5005219052,W3172555151,"The Association between Quarter Length, Forecast Errors, and Firms’ Voluntary Disclosures",2018,2018-01-01,10.2139/ssrn.3237142,https://doi.org/10.2139/ssrn.3237142,SSRN Electronic Journal,1556-5068,,1556-5068,[object Object]; [object Object]; [object Object]; [object Object],4,preprint,0,,,false,true,green,https://doi.org/10.2139/ssrn.3237142,"Auditing, Earnings Management, Governance; Financial Markets and Investment Strategies; Corporate Finance and Governance",2026-08-04T08:18:43.703281,2026-08-04T08:18:43.703281,openalex_orcid_only,official_orcid_to_openalex_author,high,false,false,,2026-08-29T03:05:16.957Z
unimelb-accounting-036,Professor Matthew Pinnuck,A5005219052,W4238435885,Reporting a Loss: Does its Use as a Heuristic Have an Impact on the Raising of External Finance?,2010,2010-01-01,10.2139/ssrn.1536246,https://doi.org/10.2139/ssrn.1536246,SSRN Electronic Journal,1556-5068,,1556-5068,[object Object]; [object Object],2,preprint,0,,,false,true,green,https://doi.org/10.2139/ssrn.1536246,Insurance and Financial Risk Management,2026-08-21T09:56:20.448147,2026-08-21T09:56:20.448147,openalex_orcid_only,official_orcid_to_openalex_author,high,false,false,,2026-08-29T03:05:16.957Z
unimelb-accounting-036,Professor Matthew Pinnuck,A5005219052,W4255556756,The Profit versus Loss Heuristic: What is its Impact on the Raising of External Finance?,2008,2008-01-01,10.2139/ssrn.1253683,https://doi.org/10.2139/ssrn.1253683,SSRN Electronic Journal,1556-5068,,1556-5068,[object Object]; [object Object],2,preprint,0,,,false,true,green,https://doi.org/10.2139/ssrn.1253683,"Corporate Finance and Governance; Auditing, Earnings Management, Governance; Financial Markets and Investment Strategies",2026-08-21T09:56:20.448147,2026-08-21T09:56:20.448147,openalex_orcid_only,official_orcid_to_openalex_author,high,false,false,,2026-08-29T03:05:16.957Z
unimelb-accounting-036,Professor Matthew Pinnuck,A5005219052,W4413539997,It’s company earnings season. What does that mean – and why does it matter?,2024,2024-08-20,10.64628/aa.9p9n5kdwn,https://doi.org/10.64628/aa.9p9n5kdwn,,,,,[object Object]; [object Object],2,other,0,,,false,false,closed,,Risk Management in Financial Firms; Economic Analysis and Policy; Socio-economic Development and Sustainability,2026-07-14T23:27:15.235271,2026-07-14T23:27:15.235271,openalex_orcid_only,official_orcid_to_openalex_author,high,false,false,,2026-08-29T03:05:16.957Z
unimelb-accounting-036,Professor Matthew Pinnuck,A5005219052,W7132938291,Should Issuers Be Required to Improve their Climate-related Financial Disclosures?,2017,2017-01-01,,http://hdl.handle.net/1807/138347,TSpace (University of Toronto),,,,[object Object]; [object Object]; [object Object]; [object Object]; [object Object]; [object Object]; [object Object]; [object Object],8,other,0,,,false,true,green,https://utoronto.scholaris.ca/bitstreams/a8fdce9b-58b9-458d-9fab-fcc75b0003be/download,,2026-08-24T07:32:12.397491,2026-08-24T07:32:12.397491,openalex_orcid_only,official_orcid_to_openalex_author,high,false,false,,2026-08-29T03:05:16.957Z
unimelb-accounting-038,Associate Professor Bo Qin,A5063126679,W2008061591,The Influence of CEO Power on Compensation Contract Design,2014,2014-10-01,10.2308/accr-50971,https://doi.org/10.2308/accr-50971,The Accounting Review,0001-4826,1558-7967,0001-4826; 1558-7967,[object Object]; [object Object]; [object Object],3,article,241,21.6139,0.99230751,false,false,closed,,"Corporate Finance and Governance; Financial Reporting and Valuation Research; Auditing, Earnings Management, Governance",2026-08-26T07:47:46.906454,2026-08-26T07:47:46.906454,openalex_orcid_only,official_orcid_to_openalex_author,high,false,false,,2026-08-29T03:05:16.957Z
unimelb-accounting-038,Associate Professor Bo Qin,A5063126679,W3124497724,Credit Ratings and CEO Risk‐Taking Incentives,2012,2012-09-30,10.1111/1911-3846.12005,https://doi.org/10.1111/1911-3846.12005,Contemporary Accounting Research,0823-9150,1911-3846,0823-9150; 1911-3846,[object Object]; [object Object],2,article,108,3.5074,0.93655289,false,true,green,https://pure.uva.nl/ws/files/1688979/137690_Kuang_Qin_CAR_2013_UvA.pdf,"Credit Risk and Financial Regulations; Corporate Finance and Governance; Auditing, Earnings Management, Governance",2026-08-27T14:10:00.468798,2026-08-27T14:10:00.468798,openalex_orcid_only,official_orcid_to_openalex_author,high,false,false,,2026-08-29T03:05:16.957Z
unimelb-accounting-038,Associate Professor Bo Qin,A5063126679,W4220967246,CSR contracting and performance-induced CEO turnover,2022,2022-03-14,10.1016/j.jcorpfin.2022.102173,https://doi.org/10.1016/j.jcorpfin.2022.102173,Journal of Corporate Finance,0929-1199,1872-6313,0929-1199; 1872-6313,[object Object]; [object Object],2,article,80,17.9912,0.99538892,false,false,closed,,"Corporate Finance and Governance; Corporate Social Responsibility Reporting; Auditing, Earnings Management, Governance",2026-08-28T12:50:07.497085,2026-08-28T12:50:07.497085,openalex_orcid_only,official_orcid_to_openalex_author,high,false,false,,2026-08-29T03:05:16.957Z
unimelb-accounting-038,Associate Professor Bo Qin,A5063126679,W2588195263,Does obfuscating excessive CEO pay work? The influence of remuneration report readability on say-on-pay votes,2017,2017-03-13,10.1080/00014788.2017.1300516,https://doi.org/10.1080/00014788.2017.1300516,Accounting and Business Research,0001-4788,2159-4260,0001-4788; 2159-4260,[object Object]; [object Object]; [object Object],3,article,78,13.8123,0.98612089,false,true,green,https://research.rug.nl/files/47097430/Does_obfuscating_excessive_CEO_pay_work.pdf,"Corporate Finance and Governance; Auditing, Earnings Management, Governance; Corporate Social Responsibility Reporting",2026-08-21T09:56:20.448147,2026-08-21T09:56:20.448147,openalex_orcid_only,official_orcid_to_openalex_author,high,false,false,,2026-08-29T03:05:16.957Z
unimelb-accounting-038,Associate Professor Bo Qin,A5063126679,W2111137740,Performance-vested stock options and interest alignment,2008,2008-10-31,10.1016/j.bar.2008.10.001,https://doi.org/10.1016/j.bar.2008.10.001,The British Accounting Review,0890-8389,1095-8347,0890-8389; 1095-8347,[object Object]; [object Object],2,article,66,4.7247,0.95343069,false,false,closed,,"Corporate Finance and Governance; Financial Reporting and Valuation Research; Auditing, Earnings Management, Governance",2026-08-21T09:56:20.448147,2026-08-21T09:56:20.448147,openalex_orcid_only,official_orcid_to_openalex_author,high,false,false,,2026-08-29T03:05:16.957Z
unimelb-accounting-038,Associate Professor Bo Qin,A5063126679,W2152851220,CEO Origin and Accrual-Based Earnings Management,2014,2014-05-01,10.2308/acch-50810,https://doi.org/10.2308/acch-50810,Accounting Horizons,0888-7993,1558-7975,0888-7993; 1558-7975,[object Object]; [object Object]; [object Object],3,article,60,7.6721,0.97019726,false,false,closed,,"Auditing, Earnings Management, Governance; Financial Reporting and Valuation Research; Corporate Finance and Governance",2026-08-27T14:10:00.468798,2026-08-27T14:10:00.468798,openalex_orcid_only,official_orcid_to_openalex_author,high,false,false,,2026-08-29T03:05:16.957Z
unimelb-accounting-038,Associate Professor Bo Qin,A5063126679,W2053072790,Say-on-Pay Votes: The Role of the Media,2015,2015-04-22,10.1080/09638180.2015.1034152,https://doi.org/10.1080/09638180.2015.1034152,European Accounting Review,0963-8180,1468-4497,0963-8180; 1468-4497,[object Object]; [object Object]; [object Object],3,article,42,11.2013,0.98049322,false,true,green,https://pure.rug.nl/ws/files/98863980/Say_on_Pay_Votes_The_Role_of_the_Media.pdf,"Corporate Finance and Governance; Auditing, Earnings Management, Governance; Financial Markets and Investment Strategies",2026-08-26T07:47:46.906454,2026-08-26T07:47:46.906454,openalex_orcid_only,official_orcid_to_openalex_author,high,false,false,,2026-08-29T03:05:16.957Z
unimelb-accounting-038,Associate Professor Bo Qin,A5063126679,W1849030139,CEO Overconfidence and Cost Stickiness,2015,2015-01-01,,https://openalex.org/W1849030139,,,,,[object Object]; [object Object]; [object Object],3,article,35,4.7601,0.94636655,false,false,closed,,"Auditing, Earnings Management, Governance; Corporate Finance and Governance; Securities Regulation and Market Practices",2026-06-11T09:08:48.828518,2026-06-11T09:08:48.828518,openalex_orcid_only,official_orcid_to_openalex_author,high,false,false,,2026-08-29T03:05:16.957Z
unimelb-accounting-038,Associate Professor Bo Qin,A5063126679,W3041389137,CFO social ties to non-CEO senior managers and financial restatements,2020,2020-07-29,10.1080/00014788.2020.1793719,https://doi.org/10.1080/00014788.2020.1793719,Accounting and Business Research,0001-4788,2159-4260,0001-4788; 2159-4260,[object Object]; [object Object]; [object Object]; [object Object],4,article,35,3.9611,0.93381393,false,false,closed,,"Corporate Finance and Governance; Corporate Social Responsibility Reporting; Auditing, Earnings Management, Governance",2026-08-19T15:00:24.278416,2026-08-19T15:00:24.278416,openalex_orcid_only,official_orcid_to_openalex_author,high,false,false,,2026-08-29T03:05:16.957Z
unimelb-accounting-038,Associate Professor Bo Qin,A5063126679,W2984305684,Does government report readability matter? Evidence from market reactions to AAERs,2019,2019-11-18,10.1016/j.jaccpubpol.2019.106697,https://doi.org/10.1016/j.jaccpubpol.2019.106697,Journal of Accounting and Public Policy,0278-4254,1873-2070,0278-4254; 1873-2070,[object Object]; [object Object]; [object Object],3,article,23,2.9165,0.91399211,false,false,closed,,"Auditing, Earnings Management, Governance; Corporate Finance and Governance; Financial Markets and Investment Strategies",2026-08-28T12:50:07.497085,2026-08-28T12:50:07.497085,openalex_orcid_only,official_orcid_to_openalex_author,high,false,false,,2026-08-29T03:05:16.957Z
unimelb-accounting-038,Associate Professor Bo Qin,A5063126679,W4214577390,Death is a law: Death of former colleagues and management forecasts,2022,2022-03-01,10.1016/j.aos.2022.101350,https://doi.org/10.1016/j.aos.2022.101350,Accounting Organizations and Society,0361-3682,1873-6289,0361-3682; 1873-6289,[object Object]; [object Object]; [object Object]; [object Object],4,article,15,2.6811,0.90193666,false,true,green,https://unsworks.unsw.edu.au/bitstreams/f2958cea-3759-4420-97fd-9346ee7ef969/download,Financial Markets and Investment Strategies; Experimental Behavioral Economics Studies; Market Dynamics and Volatility,2026-08-28T12:50:07.497085,2026-08-28T12:50:07.497085,openalex_orcid_only,official_orcid_to_openalex_author,high,false,false,,2026-08-29T03:05:16.957Z
unimelb-accounting-038,Associate Professor Bo Qin,A5063126679,W4320733823,Economic Value Added in performance measurement: A simulation approach and empirical evidence,2023,2023-02-13,10.1111/acfi.13053,https://doi.org/10.1111/acfi.13053,Accounting and Finance,0810-5391,1467-629X,0810-5391; 1467-629X,[object Object]; [object Object]; [object Object],3,article,15,3.3718,0.920486,false,true,hybrid,https://onlinelibrary.wiley.com/doi/pdfdirect/10.1111/acfi.13053,Financial Reporting and Valuation Research; Accounting and Organizational Management; Capital Investment and Risk Analysis,2026-08-28T12:50:07.497085,2026-08-28T12:50:07.497085,openalex_orcid_only,official_orcid_to_openalex_author,high,false,false,,2026-08-29T03:05:16.957Z
unimelb-accounting-038,Associate Professor Bo Qin,A5063126679,W4404067741,Urban Transportation Data Research Overview: A Bibliometric Analysis Based on CiteSpace,2024,2024-11-05,10.3390/su16229615,https://doi.org/10.3390/su16229615,Sustainability,2071-1050,,2071-1050,[object Object]; [object Object]; [object Object]; [object Object]; [object Object],5,article,10,1.7098,0.8247624,false,true,gold,https://doi.org/10.3390/su16229615,Traffic Prediction and Management Techniques; Transportation Planning and Optimization; Transportation Systems and Logistics,2026-08-28T12:50:07.497085,2026-08-28T12:50:07.497085,openalex_orcid_only,official_orcid_to_openalex_author,high,false,false,,2026-08-29T03:05:16.957Z
unimelb-accounting-038,Associate Professor Bo Qin,A5063126679,W2070730099,The influence of firm and executive characteristics on performance-vested stock option grants,2011,2011-11-16,10.1016/j.ibusrev.2011.10.004,https://doi.org/10.1016/j.ibusrev.2011.10.004,International Business Review,0969-5931,1873-6149,0969-5931; 1873-6149,[object Object],1,article,27,3.4846,0.93236743,false,true,green,https://research.rug.nl/en/publications/91d08bfb-97f1-4e33-96f1-9e173f31c2c0,Corporate Finance and Governance; Financial Markets and Investment Strategies; Financial Reporting and Valuation Research,2026-08-26T07:47:46.906454,2026-08-26T07:47:46.906454,openalex_orcid_only,official_orcid_to_openalex_author,high,false,false,,2026-08-29T03:05:16.957Z
unimelb-accounting-038,Associate Professor Bo Qin,A5063126679,W4309914108,We are under attack: Terrorist attacks and director turnover,2022,2022-11-24,10.1016/j.bar.2022.101150,https://doi.org/10.1016/j.bar.2022.101150,The British Accounting Review,0890-8389,1095-8347,0890-8389; 1095-8347,[object Object]; [object Object]; [object Object],3,article,6,1.3839,0.83573966,false,false,closed,,Islamic Finance and Banking Studies; Corporate Finance and Governance; Risk Management in Financial Firms,2026-08-28T12:50:07.497085,2026-08-28T12:50:07.497085,openalex_orcid_only,official_orcid_to_openalex_author,high,false,false,,2026-08-29T03:05:16.957Z
unimelb-accounting-038,Associate Professor Bo Qin,A5063126679,W4296127752,Firm Strategy and CEO−VP Pay Differentials in Equity Compensation,2022,2022-09-14,10.1080/09638180.2022.2119153,https://doi.org/10.1080/09638180.2022.2119153,European Accounting Review,0963-8180,1468-4497,0963-8180; 1468-4497,[object Object]; [object Object]; [object Object]; [object Object]; [object Object],5,article,4,0.8261,0.75671702,false,false,closed,,"Corporate Finance and Governance; Auditing, Earnings Management, Governance; Experimental Behavioral Economics Studies",2026-08-15T07:11:24.734988,2026-08-15T07:11:24.734988,openalex_orcid_only,official_orcid_to_openalex_author,high,false,false,,2026-08-29T03:05:16.957Z
unimelb-accounting-038,Associate Professor Bo Qin,A5063126679,W4403450850,"The Impact of the National Civilized City Program on the Environmental, Social and Governance Performance of Enterprises: Evidence from China",2024,2024-10-14,10.3390/su16208888,https://doi.org/10.3390/su16208888,Sustainability,2071-1050,,2071-1050,[object Object]; [object Object]; [object Object],3,article,3,0.9452,0.8104007,false,true,gold,https://www.mdpi.com/2071-1050/16/20/8888/pdf?version=1728903420,Environmental Sustainability in Business,2026-08-28T12:50:07.497085,2026-08-28T12:50:07.497085,openalex_orcid_only,official_orcid_to_openalex_author,high,false,false,,2026-08-29T03:05:16.957Z
unimelb-accounting-038,Associate Professor Bo Qin,A5063126679,W4408541282,Skin in the game: Does outside directors’ equity-based compensation induce or mitigate stock price crash risk?,2025,2025-03-18,10.1016/j.jaccpubpol.2025.107308,https://doi.org/10.1016/j.jaccpubpol.2025.107308,Journal of Accounting and Public Policy,0278-4254,1873-2070,0278-4254; 1873-2070,[object Object]; [object Object]; [object Object]; [object Object],4,article,3,6.369,0.95474788,false,false,closed,,"Corporate Finance and Governance; Financial Markets and Investment Strategies; Auditing, Earnings Management, Governance",2026-08-21T09:56:20.448147,2026-08-21T09:56:20.448147,openalex_orcid_only,official_orcid_to_openalex_author,high,false,false,,2026-08-29T03:05:16.957Z
unimelb-accounting-038,Associate Professor Bo Qin,A5063126679,W4404366485,Internal and External Social Capital of Big 4 Audit Offices,2024,2024-11-14,10.2308/ajpt-2022-188,https://doi.org/10.2308/ajpt-2022-188,Auditing A Journal of Practice & Theory,0278-0380,1558-7991,0278-0380; 1558-7991,[object Object]; [object Object]; [object Object]; [object Object]; [object Object],5,article,1,0.7155,0.85286839,false,true,green,https://research.tilburguniversity.edu/en/publications/730c09b0-2a4f-420a-a302-52aa4f324f9b,Housing Market and Economics,2026-08-27T14:10:00.468798,2026-08-27T14:10:00.468798,openalex_orcid_only,official_orcid_to_openalex_author,high,false,false,,2026-08-29T03:05:16.957Z
unimelb-accounting-038,Associate Professor Bo Qin,A5063126679,W2586722930,"Executive compensation practices in the UK: A guide to governance, taxation and accounting",2011,2011-01-01,,https://research.rug.nl/en/publications/33bc3b3d-0f90-4e28-9353-b256d293bff3,University of Groningen research database (University of Groningen / Centre for Information Technology),,,,[object Object]; [object Object]; [object Object],3,book-chapter,3,2.511,0.95014837,false,false,closed,,Corporate Finance and Governance,2026-08-26T07:47:46.906454,2026-08-26T07:47:46.906454,openalex_orcid_only,official_orcid_to_openalex_author,high,false,false,,2026-08-29T03:05:16.957Z
unimelb-accounting-038,Associate Professor Bo Qin,A5063126679,W2536854772,The influence of managerial power on the choice of performance targets in incentive contracts,2012,2012-01-01,,https://research.rug.nl/en/publications/486a843c-ccf0-4c8d-bc13-4f89319c3440,University of Groningen research database (University of Groningen / Centre for Information Technology),,,,[object Object]; [object Object],2,article,1,0.4669,0.76172224,false,false,closed,,Outsourcing and Supply Chain Management; Public Procurement and Policy,2026-08-26T07:47:46.906454,2026-08-26T07:47:46.906454,openalex_orcid_only,official_orcid_to_openalex_author,high,false,false,,2026-08-29T03:05:16.957Z
unimelb-accounting-038,Associate Professor Bo Qin,A5063126679,W3123935579,CEO overconfidence and cost stickiness,2015,2015-01-01,,http://repository.nyenrode.nl/record/frisid:12753,Data Archiving and Networked Services (DANS),,,,[object Object]; [object Object]; [object Object],3,article,1,0.8805,0.86459282,false,true,green,https://dare.uva.nl/personal/pure/en/publications/ceo-overconfidence-and-cost-stickiness(83612c0a-072b-4acb-af3e-3999def8bd1c).html,"Auditing, Earnings Management, Governance; Corporate Finance and Governance; Securities Regulation and Market Practices",2026-08-28T12:50:07.497085,2026-08-28T12:50:07.497085,openalex_orcid_only,official_orcid_to_openalex_author,high,false,false,,2026-08-29T03:05:16.957Z
unimelb-accounting-038,Associate Professor Bo Qin,A5063126679,W3137942237,Cybersecurity Challenges from the Perspective of Emergence,2020,2020-04-01,10.7544/issn1000-1239.2020.20190379,https://doi.org/10.7544/issn1000-1239.2020.20190379,Journal of Computer Research and Development,1000-1239,,1000-1239,[object Object]; [object Object]; [object Object]; [object Object]; [object Object],5,article,1,0.2797,0.72250344,false,false,closed,,Information and Cyber Security,2026-07-23T05:56:39.545243,2026-07-23T05:56:39.545243,openalex_orcid_only,official_orcid_to_openalex_author,high,false,false,,2026-08-29T03:05:16.957Z
unimelb-accounting-038,Associate Professor Bo Qin,A5063126679,W2257330658,The Influence of Audit Committee Financial Expertise on Earnings Quality: U.S. Evidence,2007,2007-01-01,,https://papers.ssrn.com/sol3/papers.cfm?abstract_id=799645,SSRN Electronic Journal,1556-5068,,1556-5068,[object Object],1,preprint,24,,,false,true,green,https://papers.ssrn.com/sol3/papers.cfm?abstract_id=799645,"Auditing, Earnings Management, Governance; Risk Management in Financial Firms; Corporate Finance and Governance",2026-08-26T07:47:46.906454,2026-08-26T07:47:46.906454,openalex_orcid_only,official_orcid_to_openalex_author,high,false,false,,2026-08-29T03:05:16.957Z
unimelb-accounting-038,Associate Professor Bo Qin,A5063126679,W3123206305,CEO Origin and Accrual-Based Earnings Management,2014,2014-01-01,,http://papers.ssrn.com/sol3/papers.cfm?abstract_id=2513192,SSRN Electronic Journal,1556-5068,,1556-5068,[object Object]; [object Object]; [object Object],3,preprint,5,,,false,true,green,http://papers.ssrn.com/sol3/papers.cfm?abstract_id=2513192,"Auditing, Earnings Management, Governance; Corporate Finance and Governance; Financial Reporting and Valuation Research",2026-07-14T23:32:53.992493,2026-07-14T23:32:53.992493,openalex_orcid_only,official_orcid_to_openalex_author,high,false,false,,2026-08-29T03:05:16.957Z
unimelb-accounting-038,Associate Professor Bo Qin,A5063126679,W1542308785,Performance-vested Stock Options and Pay-Performance Sensitivity,2006,2006-01-01,,https://repository.tilburguniversity.edu/bitstreams/c6ae7dc2-9be0-48c9-a529-84f6d3ec45e5/download,RePEc: Research Papers in Economics,,,,[object Object]; [object Object],2,preprint,4,,,false,false,closed,,Corporate Finance and Governance; Financial Markets and Investment Strategies; Financial Reporting and Valuation Research,2026-08-25T07:29:55.448023,2026-08-25T07:29:55.448023,openalex_orcid_only,official_orcid_to_openalex_author,high,false,false,,2026-08-29T03:05:16.957Z
unimelb-accounting-038,Associate Professor Bo Qin,A5063126679,W2108961013,Credit Ratings and CEO Risk-Taking Incentives,2009,2009-01-01,10.2139/ssrn.1445339,https://doi.org/10.2139/ssrn.1445339,SSRN Electronic Journal,1556-5068,,1556-5068,[object Object]; [object Object],2,preprint,4,,,false,true,green,https://doi.org/10.2139/ssrn.1445339,Corporate Finance and Governance; Credit Risk and Financial Regulations; Financial Reporting and Valuation Research,2026-08-26T07:47:46.906454,2026-08-26T07:47:46.906454,openalex_orcid_only,official_orcid_to_openalex_author,high,false,false,,2026-08-29T03:05:16.957Z
unimelb-accounting-038,Associate Professor Bo Qin,A5063126679,W3121968927,The Influence of CEO Power on Compensation Contract Design,2015,2015-01-01,,https://papers.ssrn.com/sol3/papers.cfm?abstract_id=2513185,SSRN Electronic Journal,1556-5068,,1556-5068,[object Object]; [object Object]; [object Object],3,preprint,4,,,false,true,green,https://papers.ssrn.com/sol3/papers.cfm?abstract_id=2513185,"Corporate Finance and Governance; Financial Reporting and Valuation Research; Auditing, Earnings Management, Governance",2026-08-13T07:04:57.449891,2026-08-13T07:04:57.449891,openalex_orcid_only,official_orcid_to_openalex_author,high,false,false,,2026-08-29T03:05:16.957Z
unimelb-accounting-038,Associate Professor Bo Qin,A5063126679,W4295951485,Firm Strategy and CEO−VP Pay Differentials in Equity Compensation,2022,2022-01-01,10.2139/ssrn.4200815,https://doi.org/10.2139/ssrn.4200815,SSRN Electronic Journal,1556-5068,,1556-5068,[object Object]; [object Object]; [object Object]; [object Object]; [object Object],5,preprint,4,,,false,true,green,https://doi.org/10.2139/ssrn.4200815,Corporate Finance and Governance; Financial Reporting and Valuation Research; Corporate Taxation and Avoidance,2026-07-22T07:51:19.307946,2026-07-22T07:51:19.307946,openalex_orcid_only,official_orcid_to_openalex_author,high,false,false,,2026-08-29T03:05:16.957Z
unimelb-accounting-038,Associate Professor Bo Qin,A5063126679,W2020185596,A Practical Electronic Auction with Bids Confidential,2006,2006-01-01,10.1360/crad20060105,https://doi.org/10.1360/crad20060105,Journal of Computer Research and Development,1000-1239,,1000-1239,[object Object],1,article,3,0.8425,0.75663551,false,false,closed,,Auction Theory and Applications; Consumer Market Behavior and Pricing,2025-11-06T03:46:38.306776,2025-11-06T03:46:38.306776,openalex_orcid_only,official_orcid_to_openalex_author,high,false,false,,2026-08-29T03:05:16.957Z
unimelb-accounting-038,Associate Professor Bo Qin,A5063126679,W3122477953,"The Relation between Strategy, CEO Selection, and Firm Performance",2018,2018-07-04,,https://papers.ssrn.com/sol3/papers.cfm?abstract_id=3225219,SSRN Electronic Journal,1556-5068,,1556-5068,[object Object]; [object Object]; [object Object],3,preprint,2,,,false,true,green,https://papers.ssrn.com/sol3/papers.cfm?abstract_id=3225219,Corporate Finance and Governance,2026-07-14T23:32:53.992493,2026-07-14T23:32:53.992493,openalex_orcid_only,official_orcid_to_openalex_author,high,false,false,,2026-08-29T03:05:16.957Z
unimelb-accounting-038,Associate Professor Bo Qin,A5063126679,W3129859165,Does Government Report Readability Matter? Evidence from Market Reactions to AAERs,2019,2019-01-01,10.2139/ssrn.3495151,https://doi.org/10.2139/ssrn.3495151,SSRN Electronic Journal,1556-5068,,1556-5068,[object Object]; [object Object]; [object Object],3,preprint,2,,,false,true,green,https://doi.org/10.2139/ssrn.3495151,"Auditing, Earnings Management, Governance; Corporate Finance and Governance; Financial Reporting and Valuation Research",2026-07-14T23:27:15.235271,2026-07-14T23:27:15.235271,openalex_orcid_only,official_orcid_to_openalex_author,high,false,false,,2026-08-29T03:05:16.957Z
unimelb-accounting-038,Associate Professor Bo Qin,A5063126679,W1545144495,Do Compensation Consultants Assist in Setting Easy Targets in Performance-Vested Equity Plans for CEOs?,2014,2014-01-01,,https://papers.ssrn.com/sol3/papers.cfm?abstract_id=2388728,SSRN Electronic Journal,1556-5068,,1556-5068,[object Object]; [object Object]; [object Object],3,preprint,1,,,false,true,green,https://papers.ssrn.com/sol3/papers.cfm?abstract_id=2388728,"Corporate Finance and Governance; Auditing, Earnings Management, Governance; Financial Markets and Investment Strategies",2026-08-15T07:11:24.734988,2026-08-15T07:11:24.734988,openalex_orcid_only,official_orcid_to_openalex_author,high,false,false,,2026-08-29T03:05:16.957Z
unimelb-accounting-038,Associate Professor Bo Qin,A5063126679,W3121391683,Say-on-Pay Votes: The Role of the Media,2015,2015-03-01,,https://papers.ssrn.com/sol3/papers.cfm?abstract_id=2589333,SSRN Electronic Journal,1556-5068,,1556-5068,[object Object]; [object Object]; [object Object],3,preprint,1,,,false,true,green,https://papers.ssrn.com/sol3/papers.cfm?abstract_id=2589333,"Corporate Finance and Governance; Auditing, Earnings Management, Governance; Corporate Taxation and Avoidance",2026-07-14T23:32:53.992493,2026-07-14T23:32:53.992493,openalex_orcid_only,official_orcid_to_openalex_author,high,false,false,,2026-08-29T03:05:16.957Z
unimelb-accounting-038,Associate Professor Bo Qin,A5063126679,W3123502753,Performance-Vested Stock Options and Interest Alignment,2014,2014-10-23,,https://research.tilburguniversity.edu/en/publications/c1bbfe68-2f4a-4706-aa5e-be210abc2cd6,Research portal (Tilburg University),,,,[object Object]; [object Object],2,article,1,0,0.59734683,false,true,green,https://papers.ssrn.com/sol3/papers.cfm?abstract_id=2513194,Corporate Finance and Governance; Financial Reporting and Valuation Research; Financial Markets and Investment Strategies,2026-08-18T07:49:30.821534,2026-08-18T07:49:30.821534,openalex_orcid_only,official_orcid_to_openalex_author,high,false,false,,2026-08-29T03:05:16.957Z
unimelb-accounting-038,Associate Professor Bo Qin,A5063126679,W3123846534,The Influence of Firm and Executive Characteristics on Performance-Vested Stock Option Grants,2012,2012-01-01,,https://papers.ssrn.com/sol3/papers.cfm?abstract_id=2513222,SSRN Electronic Journal,1556-5068,,1556-5068,[object Object],1,preprint,1,,,false,true,green,https://papers.ssrn.com/sol3/papers.cfm?abstract_id=2513222,Corporate Finance and Governance; Financial Markets and Investment Strategies; Financial Reporting and Valuation Research,2026-07-14T23:32:53.992493,2026-07-14T23:32:53.992493,openalex_orcid_only,official_orcid_to_openalex_author,high,false,false,,2026-08-29T03:05:16.957Z
unimelb-accounting-038,Associate Professor Bo Qin,A5063126679,W3183505421,CFO Social Ties to Non-CEO Senior Managers and Financial Restatements,2020,2020-01-01,10.2139/ssrn.3631562,https://doi.org/10.2139/ssrn.3631562,SSRN Electronic Journal,1556-5068,,1556-5068,[object Object]; [object Object]; [object Object]; [object Object],4,preprint,1,,,false,true,green,https://doi.org/10.2139/ssrn.3631562,Corporate Finance and Governance,2026-08-21T09:56:20.448147,2026-08-21T09:56:20.448147,openalex_orcid_only,official_orcid_to_openalex_author,high,false,false,,2026-08-29T03:05:16.957Z
unimelb-accounting-038,Associate Professor Bo Qin,A5063126679,W4408815438,Navigating ESG Storms: The Role of ESG Pay and Earnings-based Incentive in CEO Compensation,2025,2025-01-01,10.2139/ssrn.5172011,https://doi.org/10.2139/ssrn.5172011,SSRN Electronic Journal,1556-5068,,1556-5068,[object Object]; [object Object]; [object Object],3,preprint,1,,,false,true,green,https://doi.org/10.2139/ssrn.5172011,State Capitalism and Financial Governance; Sustainable Finance and Green Bonds; Corporate Finance and Governance,2026-08-21T09:56:20.448147,2026-08-21T09:56:20.448147,openalex_orcid_only,official_orcid_to_openalex_author,high,false,false,,2026-08-29T03:05:16.957Z
unimelb-accounting-038,Associate Professor Bo Qin,A5063126679,W7140290151,Saving Face or Sustainability? Face Culture and ESG Decoupling in China,2026,2026-01-01,10.2139/ssrn.6467380,https://doi.org/10.2139/ssrn.6467380,SSRN Electronic Journal,1556-5068,,1556-5068,[object Object]; [object Object]; [object Object],3,preprint,1,,,false,true,green,https://doi.org/10.2139/ssrn.6467380,"Corporate Social Responsibility Reporting; Auditing, Earnings Management, Governance; Corporate Identity and Reputation",2026-08-21T09:56:20.448147,2026-08-21T09:56:20.448147,openalex_orcid_only,official_orcid_to_openalex_author,high,false,false,,2026-08-29T03:05:16.957Z
unimelb-accounting-038,Associate Professor Bo Qin,A5063126679,W2121987636,A Theory Model of the Existence Stable Measure for the Industrial Technology Innovation Strategy Alliance,2013,2013-09-03,10.4028/www.scientific.net/amm.401-403.2193,https://doi.org/10.4028/www.scientific.net/amm.401-403.2193,Applied Mechanics and Materials,1660-9336,1662-7482,1660-9336; 1662-7482; 2297-8941,[object Object]; [object Object]; [object Object],3,article,0,0,0.24284878,false,true,hybrid,https://doi.org/10.4028/www.scientific.net/amm.401-403.2193,Innovation and Knowledge Management; Business Strategy and Innovation; Competitive and Knowledge Intelligence,2026-06-26T08:34:08.712188,2026-06-26T08:34:08.712188,openalex_orcid_only,official_orcid_to_openalex_author,high,false,false,,2026-08-29T03:05:16.957Z
unimelb-accounting-038,Associate Professor Bo Qin,A5063126679,W2495602426,Essays on performance-vested stock options and corporate governance,2010,2010-01-01,,https://research.rug.nl/en/publications/9e93034f-c73b-46a9-a1c8-e92ab0bbdf8b,University of Groningen research database (University of Groningen / Centre for Information Technology),,,,[object Object]; [object Object],2,book,0,0,0.31151616,false,false,closed,,Corporate Finance and Governance,2026-08-26T07:47:46.906454,2026-08-26T07:47:46.906454,openalex_orcid_only,official_orcid_to_openalex_author,high,false,false,,2026-08-29T03:05:16.957Z
unimelb-accounting-038,Associate Professor Bo Qin,A5063126679,W2507381862,Underrepresentation of female directors in the boardroom,2011,2011-01-01,,https://research.rug.nl/en/publications/11f02a39-e86b-432e-9211-9668fa954193,University of Groningen research database (University of Groningen / Centre for Information Technology),,,,[object Object]; [object Object],2,article,0,0,0.38791659,false,false,closed,,Gender Diversity and Inequality; Corporate Finance and Governance,2026-08-26T07:47:46.906454,2026-08-26T07:47:46.906454,openalex_orcid_only,official_orcid_to_openalex_author,high,false,false,,2026-08-29T03:05:16.957Z
unimelb-accounting-038,Associate Professor Bo Qin,A5063126679,W2761797326,CFO Social Ties and Financial Reporting Quality: Examination of Mistake Financial Restatements,2017,2017-08-01,10.5465/ambpp.2017.13690abstract,https://doi.org/10.5465/ambpp.2017.13690abstract,Academy of Management Proceedings,0065-0668,2151-6561,0065-0668; 2151-6561; 2376-7197,[object Object]; [object Object]; [object Object]; [object Object],4,conference-abstract,0,,,false,false,closed,,"Auditing, Earnings Management, Governance; Corporate Social Responsibility Reporting",2026-07-23T08:03:31.855105,2026-07-23T08:03:31.855105,openalex_orcid_only,official_orcid_to_openalex_author,high,false,false,,2026-08-29T03:05:16.957Z
unimelb-accounting-038,Associate Professor Bo Qin,A5063126679,W2779621796,Credit ratings and managerial incentives,2009,2009-01-01,,https://research.vu.nl/en/publications/37eb0527-d6ef-4377-b9ba-2162bb7c1051,Data Archiving and Networked Services (DANS),,,,[object Object]; [object Object],2,article,0,0,0.40253645,false,false,closed,,"Banking stability, regulation, efficiency",2026-08-15T07:11:24.734988,2026-08-15T07:11:24.734988,openalex_orcid_only,official_orcid_to_openalex_author,high,false,false,,2026-08-29T03:05:16.957Z
unimelb-accounting-038,Associate Professor Bo Qin,A5063126679,W3124815787,"Whistleblowing Allegations, Audit Fees, and Internal Control Deficiencies",2020,2020-05-12,,https://papers.ssrn.com/sol3/papers.cfm?abstract_id=3635523,SSRN Electronic Journal,1556-5068,,1556-5068,[object Object]; [object Object]; [object Object],3,preprint,0,,,false,true,green,https://papers.ssrn.com/sol3/papers.cfm?abstract_id=3635523,"Auditing, Earnings Management, Governance; Corruption and Economic Development; Ethics in Business and Education",2026-07-14T23:32:53.992493,2026-07-14T23:32:53.992493,openalex_orcid_only,official_orcid_to_openalex_author,high,false,false,,2026-08-29T03:05:16.957Z
unimelb-accounting-038,Associate Professor Bo Qin,A5063126679,W3125886877,Does Obfuscating Excessive CEO Pay Work? The Influence of Remuneration Report Readability on Say-on-Pay Votes,2017,2017-08-10,,https://papers.ssrn.com/sol3/papers.cfm?abstract_id=2900877,SSRN Electronic Journal,1556-5068,,1556-5068,[object Object]; [object Object]; [object Object],3,preprint,0,,,false,true,green,https://papers.ssrn.com/sol3/papers.cfm?abstract_id=2900877,"Auditing, Earnings Management, Governance; Corporate Finance and Governance; Corporate Taxation and Avoidance",2026-07-14T23:32:53.992493,2026-07-14T23:32:53.992493,openalex_orcid_only,official_orcid_to_openalex_author,high,false,false,,2026-08-29T03:05:16.957Z
unimelb-accounting-038,Associate Professor Bo Qin,A5063126679,W3214733897,Does Board Patience Pay Off?,2019,2019-01-01,10.2139/ssrn.3231901,https://doi.org/10.2139/ssrn.3231901,SSRN Electronic Journal,1556-5068,,1556-5068,[object Object]; [object Object]; [object Object],3,preprint,0,,,false,true,green,https://doi.org/10.2139/ssrn.3231901,Corporate Finance and Governance; Gender Diversity and Inequality,2026-08-04T08:18:43.703281,2026-08-04T08:18:43.703281,openalex_orcid_only,official_orcid_to_openalex_author,high,false,false,,2026-08-29T03:05:16.957Z
unimelb-accounting-038,Associate Professor Bo Qin,A5063126679,W4399748806,Exploring the Laotian Perspective on the “Belt and Road” Initiative: An Empirical Investigation,2024,2024-01-01,10.4108/eai.15-3-2024.2346521,https://doi.org/10.4108/eai.15-3-2024.2346521,,,,,[object Object]; [object Object],2,conference-paper,0,0,0.05213904,false,true,gold,http://eudl.eu/pdf/10.4108/eai.15-3-2024.2346521,Indian and Buddhist Studies; Eurasian Exchange Networks; Chinese history and philosophy,2026-08-24T07:32:12.397491,2026-08-24T07:32:12.397491,openalex_orcid_only,official_orcid_to_openalex_author,high,false,false,,2026-08-29T03:05:16.957Z
unimelb-accounting-038,Associate Professor Bo Qin,A5063126679,W4402402925,Skin in the Game: Does Outside Directors’ Equity-Based Compensation Induce or Mitigate Stock Price Crash Risk?,2024,2024-01-01,10.2139/ssrn.4952597,https://doi.org/10.2139/ssrn.4952597,SSRN Electronic Journal,1556-5068,,1556-5068,[object Object]; [object Object]; [object Object]; [object Object],4,preprint,0,,,false,true,green,http://dx.doi.org/10.2139/ssrn.4952597,Corporate Finance and Governance,2026-08-04T08:18:43.703281,2026-08-04T08:18:43.703281,openalex_orcid_only,official_orcid_to_openalex_author,high,false,false,,2026-08-29T03:05:16.957Z
unimelb-accounting-038,Associate Professor Bo Qin,A5063126679,W4407973592,CEO Psychological Ownership and Corporate Investment Decision-Making,2025,2025-01-01,10.2139/ssrn.5155945,https://doi.org/10.2139/ssrn.5155945,SSRN Electronic Journal,1556-5068,,1556-5068,[object Object]; [object Object]; [object Object],3,preprint,0,,,false,true,green,https://doi.org/10.2139/ssrn.5155945,Corporate Finance and Governance,2026-07-14T23:27:15.235271,2026-07-14T23:27:15.235271,openalex_orcid_only,official_orcid_to_openalex_author,high,false,false,,2026-08-29T03:05:16.957Z
unimelb-accounting-038,Associate Professor Bo Qin,A5063126679,W4416921129,From Bytes to Bucks: The Influence of Social Media Commentary on Private Placements in Chinese Listed Companies,2025,2025-01-01,10.2139/ssrn.5819342,https://doi.org/10.2139/ssrn.5819342,SSRN Electronic Journal,1556-5068,,1556-5068,[object Object]; [object Object]; [object Object]; [object Object],4,preprint,0,,,false,true,green,https://doi.org/10.2139/ssrn.5819342,"Auditing, Earnings Management, Governance; Corporate Finance and Governance; FinTech, Crowdfunding, Digital Finance",2026-08-21T09:56:20.448147,2026-08-21T09:56:20.448147,openalex_orcid_only,official_orcid_to_openalex_author,high,false,false,,2026-08-29T03:05:16.957Z
unimelb-accounting-038,Associate Professor Bo Qin,A5063126679,W7155387486,SaFeBridge: Consensus-Agnostic Asset Transfer with Slow-Approval Fast-Exit Principles,2026,2026-01-01,10.1007/978-3-032-23447-6_7,https://doi.org/10.1007/978-3-032-23447-6_7,"Lecture notes of the Institute for Computer Sciences, Social Informatics and Telecommunications Engineering",1867-8211,1867-822X,1867-8211; 1867-822X,[object Object]; [object Object]; [object Object]; [object Object]; [object Object],5,conference-paper,0,0,0.38337182,false,false,closed,,Credit Risk and Financial Regulations; Corporate Insolvency and Governance; Economic and Financial Impacts of Cancer,2026-08-21T09:56:20.448147,2026-08-21T09:56:20.448147,openalex_orcid_only,official_orcid_to_openalex_author,high,false,false,,2026-08-29T03:05:16.957Z
unimelb-accounting-038,Associate Professor Bo Qin,A5063126679,W7155556752,"Trending Now, Vision Later: Influencer CEOs and Managerial Myopia",2026,2026-01-01,10.2139/ssrn.6625958,https://doi.org/10.2139/ssrn.6625958,SSRN Electronic Journal,1556-5068,,1556-5068,[object Object]; [object Object]; [object Object]; [object Object],4,preprint,0,,,false,true,green,https://doi.org/10.2139/ssrn.6625958,"Auditing, Earnings Management, Governance; Digital Marketing and Social Media; Corporate Social Responsibility Reporting",2026-08-21T09:56:20.448147,2026-08-21T09:56:20.448147,openalex_orcid_only,official_orcid_to_openalex_author,high,false,false,,2026-08-29T03:05:16.957Z
unimelb-accounting-038,Associate Professor Bo Qin,A5063126679,W7156501252,Beyond Symbolic ESG Pay: CEO Compensation Redesign After ESG Scandals,2026,2026-01-01,10.2139/ssrn.6658139,https://doi.org/10.2139/ssrn.6658139,SSRN Electronic Journal,1556-5068,,1556-5068,[object Object]; [object Object]; [object Object],3,preprint,0,,,false,true,green,https://doi.org/10.2139/ssrn.6658139,"Corporate Social Responsibility Reporting; Corporate Finance and Governance; Auditing, Earnings Management, Governance",2026-08-21T09:56:20.448147,2026-08-21T09:56:20.448147,openalex_orcid_only,official_orcid_to_openalex_author,high,false,false,,2026-08-29T03:05:16.957Z
unimelb-accounting-038,Associate Professor Bo Qin,A5063126679,W7160078117,From Red Tape to Efficiency: The Influence of Professional Managers on Audit Report Lag in Chinese State‐owned Enterprises,2026,2026-04-29,10.1111/abac.70038,https://doi.org/10.1111/abac.70038,Abacus,0001-3072,1467-6281,0001-3072; 1467-6281,[object Object]; [object Object]; [object Object],3,article,0,0,0.40278149,false,true,hybrid,https://doi.org/10.1111/abac.70038,"Auditing, Earnings Management, Governance; Corporate Finance and Governance; Corporate Taxation and Avoidance",2026-08-21T09:56:20.448147,2026-08-21T09:56:20.448147,openalex_orcid_only,official_orcid_to_openalex_author,high,false,false,,2026-08-29T03:05:16.957Z
unimelb-accounting-038,Associate Professor Bo Qin,A5063126679,W7166016125,Adapt to Endure: Climate-Adaptive Cities and the Stability of Corporate Customer Relationships,2026,2026-01-01,10.2139/ssrn.7002140,https://doi.org/10.2139/ssrn.7002140,SSRN Electronic Journal,1556-5068,,1556-5068,[object Object]; [object Object]; [object Object]; [object Object],4,preprint,0,,,false,true,green,https://doi.org/10.2139/ssrn.7002140,Supply Chain Resilience and Risk Management; COVID-19 Pandemic Impacts; Sustainable Supply Chain Management,2026-07-14T23:27:15.235271,2026-07-14T23:27:15.235271,openalex_orcid_only,official_orcid_to_openalex_author,high,false,false,,2026-08-29T03:05:16.957Z
unimelb-accounting-038,Associate Professor Bo Qin,A5063126679,W7171636162,Adapt to Endure: Climate-Adaptive Cities and the Stability of Corporate Customer Relationships,2026,2026-01-01,10.2139/ssrn.6986500,https://doi.org/10.2139/ssrn.6986500,SSRN Electronic Journal,1556-5068,,1556-5068,[object Object]; [object Object]; [object Object]; [object Object],4,preprint,0,,,false,true,green,https://doi.org/10.2139/ssrn.6986500,Supply Chain Resilience and Risk Management; COVID-19 Pandemic Impacts; Corporate Social Responsibility Reporting,2026-07-30T17:31:21.811387,2026-07-30T17:31:21.811387,openalex_orcid_only,official_orcid_to_openalex_author,high,false,false,,2026-08-29T03:05:16.957Z
unimelb-accounting-038,Associate Professor Bo Qin,A5063126679,W7202346918,The consumer side of political capital: evidence from customer complaints,2026,2026-08-13,10.1016/j.irfa.2026.105339,https://doi.org/10.1016/j.irfa.2026.105339,International Review of Financial Analysis,1057-5219,1873-8079,1057-5219; 1873-8079,[object Object]; [object Object]; [object Object]; [object Object]; [object Object],5,article,0,0,0.90348154,false,false,closed,,Political Influence and Corporate Strategies; Corporate Social Responsibility Reporting; Media Influence and Politics,2026-08-21T09:56:20.448147,2026-08-21T09:56:20.448147,openalex_orcid_only,official_orcid_to_openalex_author,high,false,false,,2026-08-29T03:05:16.957Z
unimelb-accounting-040,Associate Professor Stefan Schantl,A5044819531,W2965228121,Deterrence of financial misreporting when public and private enforcement strategically interact,2020,2020-03-08,10.1016/j.jacceco.2020.101311,https://doi.org/10.1016/j.jacceco.2020.101311,Journal of Accounting and Economics,0165-4101,1879-1980,0165-4101; 1879-1980,[object Object]; [object Object],2,article,65,11.1313,0.98470806,false,false,closed,,"Auditing, Earnings Management, Governance; Corporate Finance and Governance; Law, Economics, and Judicial Systems",2026-08-28T12:50:07.497085,2026-08-28T12:50:07.497085,openalex_orcid_only,official_orcid_to_openalex_author,high,false,false,,2026-08-29T03:05:16.957Z
unimelb-accounting-040,Associate Professor Stefan Schantl,A5044819531,W3108548112,"Optimal internal control regulation: Standards, penalties, and leniency in enforcement",2020,2020-12-01,10.1016/j.jaccpubpol.2020.106803,https://doi.org/10.1016/j.jaccpubpol.2020.106803,Journal of Accounting and Public Policy,0278-4254,1873-2070,0278-4254; 1873-2070,[object Object]; [object Object],2,article,37,6.8025,0.9669096,false,false,closed,,"Auditing, Earnings Management, Governance; Corporate Finance and Governance; Corporate Taxation and Avoidance",2026-08-28T12:50:07.497085,2026-08-28T12:50:07.497085,openalex_orcid_only,official_orcid_to_openalex_author,high,false,false,,2026-08-29T03:05:16.957Z
unimelb-accounting-040,Associate Professor Stefan Schantl,A5044819531,W3199520032,Machine Learning Assisted Visible Light Sensing of the Rotation of a Robotic Arm,2021,2021-01-01,10.1109/access.2021.3112297,https://doi.org/10.1109/access.2021.3112297,IEEE Access,2169-3536,,2169-3536,[object Object]; [object Object]; [object Object]; [object Object]; [object Object],5,article,11,0.8129,0.69650584,false,true,gold,https://ieeexplore.ieee.org/ielx7/6287639/6514899/09536581.pdf,Optical Wireless Communication Technologies; Impact of Light on Environment and Health; Neural Networks and Reservoir Computing,2026-08-28T12:50:07.497085,2026-08-28T12:50:07.497085,openalex_orcid_only,official_orcid_to_openalex_author,high,false,false,,2026-08-29T03:05:16.957Z
unimelb-accounting-040,Associate Professor Stefan Schantl,A5044819531,W2494636542,Analyst information acquisition and the relative informativeness of analyst forecasts and managed earnings,2016,2016-07-21,10.1080/00014788.2016.1204215,https://doi.org/10.1080/00014788.2016.1204215,Accounting and Business Research,0001-4788,2159-4260,0001-4788; 2159-4260,[object Object],1,article,6,1.4308,0.86542714,false,false,closed,,"Auditing, Earnings Management, Governance; Financial Markets and Investment Strategies; Corporate Finance and Governance",2026-08-15T07:11:24.734988,2026-08-15T07:11:24.734988,openalex_orcid_only,official_orcid_to_openalex_author,high,false,false,,2026-08-29T03:05:16.957Z
unimelb-accounting-040,Associate Professor Stefan Schantl,A5044819531,W4416095859,When do corporate penalties for financial misreporting enhance long-term firm value?,2025,2025-11-10,10.1007/s11142-025-09925-0,https://doi.org/10.1007/s11142-025-09925-0,Review of Accounting Studies,1380-6653,1573-7136,1380-6653; 1573-7136,[object Object]; [object Object],2,article,1,2.1121,0.9042052,false,true,hybrid,https://link.springer.com/content/pdf/10.1007/s11142-025-09925-0.pdf,"Auditing, Earnings Management, Governance; Corporate Finance and Governance; Corporate Social Responsibility Reporting",2026-08-23T07:36:19.812096,2026-08-23T07:36:19.812096,openalex_orcid_only,official_orcid_to_openalex_author,high,false,false,,2026-08-29T03:05:16.957Z
unimelb-accounting-040,Associate Professor Stefan Schantl,A5044819531,W4292846866,Economic Effects of Litigation Risk on Corporate Disclosure and Innovation,2022,2022-01-01,10.2139/ssrn.4193663,https://doi.org/10.2139/ssrn.4193663,SSRN Electronic Journal,1556-5068,,1556-5068,[object Object]; [object Object],2,preprint,5,,,false,true,green,https://doi.org/10.2139/ssrn.4193663,"Law, Economics, and Judicial Systems; Auditing, Earnings Management, Governance; Insurance and Financial Risk Management",2026-08-21T09:56:20.448147,2026-08-21T09:56:20.448147,openalex_orcid_only,official_orcid_to_openalex_author,high,false,false,,2026-08-29T03:05:16.957Z
unimelb-accounting-040,Associate Professor Stefan Schantl,A5044819531,W3122505966,Financial Reporting and Credit Ratings: On the Effects of Competition in the Rating Industry and Rating Agencies' Gatekeeper Role,2018,2018-01-01,10.2139/ssrn.3177465,https://doi.org/10.2139/ssrn.3177465,SSRN Electronic Journal,1556-5068,,1556-5068,[object Object]; [object Object],2,preprint,2,,,false,true,green,https://doi.org/10.2139/ssrn.3177465,"Credit Risk and Financial Regulations; Banking stability, regulation, efficiency; Corporate Finance and Governance",2026-07-22T07:51:19.307946,2026-07-22T07:51:19.307946,openalex_orcid_only,official_orcid_to_openalex_author,high,false,false,,2026-08-29T03:05:16.957Z
unimelb-accounting-040,Associate Professor Stefan Schantl,A5044819531,W3029408770,"The Performance-Activism Relation: Financial Reporting, Governance Transparency, and Activists' Strategic Target Selection",2020,2020-01-01,10.2139/ssrn.3552312,https://doi.org/10.2139/ssrn.3552312,SSRN Electronic Journal,1556-5068,,1556-5068,[object Object],1,preprint,1,,,false,true,green,https://doi.org/10.2139/ssrn.3552312,"Auditing, Earnings Management, Governance; Corporate Finance and Governance; Financial Markets and Investment Strategies",2026-08-04T08:18:43.703281,2026-08-04T08:18:43.703281,openalex_orcid_only,official_orcid_to_openalex_author,high,false,false,,2026-08-29T03:05:16.957Z
unimelb-accounting-040,Associate Professor Stefan Schantl,A5044819531,W3121613941,Deterrence of Financial Misreporting When Public and Private Enforcement Strategically Interact,2018,2018-01-01,10.2139/ssrn.3177487,https://doi.org/10.2139/ssrn.3177487,SSRN Electronic Journal,1556-5068,,1556-5068,[object Object]; [object Object],2,preprint,1,,,false,true,green,https://doi.org/10.2139/ssrn.3177487,"Auditing, Earnings Management, Governance; Corporate Finance and Governance; Corruption and Economic Development",2026-08-21T09:56:20.448147,2026-08-21T09:56:20.448147,openalex_orcid_only,official_orcid_to_openalex_author,high,false,false,,2026-08-29T03:05:16.957Z
unimelb-accounting-040,Associate Professor Stefan Schantl,A5044819531,W4366309792,Conversations Between Managers and Investors,2023,2023-01-01,10.2139/ssrn.4412167,https://doi.org/10.2139/ssrn.4412167,SSRN Electronic Journal,1556-5068,,1556-5068,[object Object]; [object Object],2,preprint,1,,,false,true,green,https://doi.org/10.2139/ssrn.4412167,"Auditing, Earnings Management, Governance; Financial Markets and Investment Strategies; Corporate Finance and Governance",2026-08-21T09:56:20.448147,2026-08-21T09:56:20.448147,openalex_orcid_only,official_orcid_to_openalex_author,high,false,false,,2026-08-29T03:05:16.957Z
unimelb-accounting-040,Associate Professor Stefan Schantl,A5044819531,W2923832030,"Optimal Internal Control Regulation: Standards, Penalties, and Leniency in Enforcement",2018,2018-01-01,10.2139/ssrn.3117980,https://doi.org/10.2139/ssrn.3117980,SSRN Electronic Journal,1556-5068,,1556-5068,[object Object]; [object Object],2,preprint,0,,,false,true,green,https://doi.org/10.2139/ssrn.3117980,"Auditing, Earnings Management, Governance; Corporate Finance and Governance; Corporate Taxation and Avoidance",2026-08-21T09:56:20.448147,2026-08-21T09:56:20.448147,openalex_orcid_only,official_orcid_to_openalex_author,high,false,false,,2026-08-29T03:05:16.957Z
unimelb-accounting-040,Associate Professor Stefan Schantl,A5044819531,W3036848165,The Requirements of Visible Light Sensing on the Receiver Design,2020,2020-05-01,10.1109/isse49702.2020.9121018,https://doi.org/10.1109/isse49702.2020.9121018,,,,,[object Object]; [object Object]; [object Object]; [object Object]; [object Object],5,conference-paper,0,0,0.06505375,false,false,closed,,Optical Wireless Communication Technologies; Impact of Light on Environment and Health; Semiconductor Lasers and Optical Devices,2026-07-29T14:22:42.915294,2026-07-29T14:22:42.915294,openalex_orcid_only,official_orcid_to_openalex_author,high,false,false,,2026-08-29T03:05:16.957Z
unimelb-accounting-040,Associate Professor Stefan Schantl,A5044819531,W3115260582,VitaLight—Light to Support Vital Signs,2020,2020-12-24,10.3390/proceedings2020056027,https://doi.org/10.3390/proceedings2020056027,,,,,[object Object]; [object Object]; [object Object],3,conference-paper,0,0,0.27661643,false,true,gold,https://www.mdpi.com/2504-3900/56/1/27/pdf?version=1608774289,Impact of Light on Environment and Health,2026-08-27T14:10:00.468798,2026-08-27T14:10:00.468798,openalex_orcid_only,official_orcid_to_openalex_author,high,false,false,,2026-08-29T03:05:16.957Z
unimelb-accounting-040,Associate Professor Stefan Schantl,A5044819531,W3175844098,On the Ex Ante Effects of Public Enforcement for Financial Reporting and Firm Valuation,2018,2018-01-01,10.2139/ssrn.3306891,https://doi.org/10.2139/ssrn.3306891,SSRN Electronic Journal,1556-5068,,1556-5068,[object Object],1,preprint,0,,,false,true,green,https://doi.org/10.2139/ssrn.3306891,"Auditing, Earnings Management, Governance; Corporate Finance and Governance",2026-08-04T08:18:43.703281,2026-08-04T08:18:43.703281,openalex_orcid_only,official_orcid_to_openalex_author,high,false,false,,2026-08-29T03:05:16.957Z
unimelb-accounting-040,Associate Professor Stefan Schantl,A5044819531,W3200581459,The determinants of the firm coverage and earnings forecasting behavior of sell-side equity analysts / Stefan Schantl,2014,2014-01-01,,https://unipub.uni-graz.at/obvugrhs/content/titleinfo/243052/full.pdf,,,,,[object Object],1,article,0,0,0.62503771,false,false,closed,,"Financial Reporting and Valuation Research; Auditing, Earnings Management, Governance",2025-11-06T04:12:42.849631,2025-11-06T04:12:42.849631,openalex_orcid_only,official_orcid_to_openalex_author,high,false,false,,2026-08-29T03:05:16.957Z
unimelb-accounting-040,Associate Professor Stefan Schantl,A5044819531,W4246200459,"Private Litigation in Financial Markets: Information Processing, Informed Trading, and Financial Misreporting",2021,2021-01-01,10.2139/ssrn.3911641,https://doi.org/10.2139/ssrn.3911641,SSRN Electronic Journal,1556-5068,,1556-5068,[object Object],1,preprint,0,,,false,true,green,https://doi.org/10.2139/ssrn.3911641,Corporate Finance and Governance; Insurance and Financial Risk Management; Risk Management in Financial Firms,2026-08-04T08:18:43.703281,2026-08-04T08:18:43.703281,openalex_orcid_only,official_orcid_to_openalex_author,high,false,false,,2026-08-29T03:05:16.957Z
unimelb-accounting-040,Associate Professor Stefan Schantl,A5044819531,W4318480501,When do corporate penalties for financial misreporting enhance long-term firm value?,2023,2023-01-01,10.2139/ssrn.4337009,https://doi.org/10.2139/ssrn.4337009,SSRN Electronic Journal,1556-5068,,1556-5068,[object Object]; [object Object],2,preprint,0,,,false,true,green,https://doi.org/10.2139/ssrn.4337009,"Auditing, Earnings Management, Governance; Corporate Finance and Governance; Law, Economics, and Judicial Systems",2026-08-21T09:56:20.448147,2026-08-21T09:56:20.448147,openalex_orcid_only,official_orcid_to_openalex_author,high,false,false,,2026-08-29T03:05:16.957Z
unimelb-accounting-040,Associate Professor Stefan Schantl,A5044819531,W4415505218,Economic Effects of Sustainability Reporting Regulation when Social Activism Amplifies Transition Risks,2025,2025-01-01,10.2139/ssrn.5647110,https://doi.org/10.2139/ssrn.5647110,SSRN Electronic Journal,1556-5068,,1556-5068,[object Object]; [object Object],2,preprint,0,,,false,true,green,https://doi.org/10.2139/ssrn.5647110,"Climate Change Policy and Economics; Fiscal Policy and Economic Growth; Energy, Environment, and Transportation Policies",2026-08-04T08:18:43.703281,2026-08-04T08:18:43.703281,openalex_orcid_only,official_orcid_to_openalex_author,high,false,false,,2026-08-29T03:05:16.957Z
unimelb-accounting-042,Professor Naomi Soderstrom,A5034786987,W2058285581,Measuring corporate environmental performance,1998,1998-12-01,10.1016/s0278-4254(98)10012-1,https://doi.org/10.1016/s0278-4254(98)10012-1,Journal of Accounting and Public Policy,0278-4254,1873-2070,0278-4254; 1873-2070,[object Object]; [object Object]; [object Object],3,article,482,20.269,0.99140527,false,false,closed,,Corporate Social Responsibility Reporting; Environmental Sustainability in Business; Sustainable Supply Chain Management,2026-08-25T07:29:55.448023,2026-08-25T07:29:55.448023,openalex_orcid_only,official_orcid_to_openalex_author,high,false,false,,2026-08-29T03:05:16.957Z
unimelb-accounting-042,Professor Naomi Soderstrom,A5034786987,W3121160405,The Accuracy of Proportional Cost Models: Evidence from Hospital Service Departments,1997,1997-03-01,10.1023/a:1018325711417,https://doi.org/10.1023/a:1018325711417,Review of Accounting Studies,1380-6653,1573-7136,1380-6653; 1573-7136,[object Object]; [object Object],2,article,272,2.1189,0.90899944,false,false,closed,,"Healthcare Policy and Management; Insurance and Financial Risk Management; Economic, Social, and Health Studies",2026-08-21T09:56:20.448147,2026-08-21T09:56:20.448147,openalex_orcid_only,official_orcid_to_openalex_author,high,false,false,,2026-08-29T03:05:16.957Z
unimelb-accounting-042,Professor Naomi Soderstrom,A5034786987,W2094524928,IFRS Adoption and Accounting Quality: A Review,2007,2007-12-01,10.1080/09638180701706732,https://doi.org/10.1080/09638180701706732,European Accounting Review,0963-8180,1468-4497,0963-8180; 1468-4497,[object Object]; [object Object],2,article,264,14.8917,0.98567006,false,true,green,https://papers.ssrn.com/sol3/Delivery.cfm/SSRN_ID1008416_code517532.pdf?abstractid=1008416&mirid=1,"Auditing, Earnings Management, Governance; Corporate Finance and Governance; Financial Reporting and Valuation Research",2026-08-15T07:11:24.734988,2026-08-15T07:11:24.734988,openalex_orcid_only,official_orcid_to_openalex_author,high,false,false,,2026-08-29T03:05:16.957Z
unimelb-accounting-042,Professor Naomi Soderstrom,A5034786987,W2111978931,Does Capacity Utilization Affect the “Stickiness” of Cost?,2004,2004-07-01,10.1177/0148558x0401900303,https://doi.org/10.1177/0148558x0401900303,Journal of Accounting Auditing & Finance,0148-558X,2160-4061,0148-558X; 2160-4061,[object Object]; [object Object]; [object Object],3,article,256,8.9029,0.9722054,false,false,closed,,Fiscal Policy and Economic Growth; Monetary Policy and Economic Impact; Efficiency Analysis Using DEA,2026-08-21T09:56:20.448147,2026-08-21T09:56:20.448147,openalex_orcid_only,official_orcid_to_openalex_author,high,false,false,,2026-08-29T03:05:16.957Z
unimelb-accounting-042,Professor Naomi Soderstrom,A5034786987,W59168935,Are overhead costs strictly proportional to activity?,1994,1994-01-01,10.1016/0165-4101(94)90012-4,https://doi.org/10.1016/0165-4101(94)90012-4,Journal of Accounting and Economics,0165-4101,1879-1980,0165-4101; 1879-1980,[object Object]; [object Object]; [object Object],3,article,234,9.6139,0.97459098,false,false,closed,,Healthcare Policy and Management; Patient Satisfaction in Healthcare,2026-08-21T09:56:20.448147,2026-08-21T09:56:20.448147,openalex_orcid_only,official_orcid_to_openalex_author,high,false,false,,2026-08-29T03:05:16.957Z
unimelb-accounting-042,Professor Naomi Soderstrom,A5034786987,W3123017429,Cost Structure and Sticky Costs,2014,2014-06-01,10.2308/jmar-50831,https://doi.org/10.2308/jmar-50831,Journal of Management Accounting Research,1049-2127,1558-8033,1049-2127; 1558-8033,[object Object]; [object Object]; [object Object],3,article,225,32.7803,0.99632865,false,false,closed,,"Auditing, Earnings Management, Governance; Financial Reporting and Valuation Research; Corporate Finance and Governance",2026-08-25T07:29:55.448023,2026-08-25T07:29:55.448023,openalex_orcid_only,official_orcid_to_openalex_author,high,false,false,,2026-08-29T03:05:16.957Z
unimelb-accounting-042,Professor Naomi Soderstrom,A5034786987,W2953340967,Firm-specific climate risk and market valuation,2024,2024-03-23,10.1016/j.aos.2024.101547,https://doi.org/10.1016/j.aos.2024.101547,Accounting Organizations and Society,0361-3682,1873-6289,0361-3682; 1873-6289,[object Object]; [object Object]; [object Object],3,article,213,69.4081,0.99995547,false,false,closed,,Financial Markets and Investment Strategies; Corporate Finance and Governance; Financial Reporting and Valuation Research,2026-08-28T12:50:07.497085,2026-08-28T12:50:07.497085,openalex_orcid_only,official_orcid_to_openalex_author,high,false,false,,2026-08-29T03:05:16.957Z
unimelb-accounting-042,Professor Naomi Soderstrom,A5034786987,W2072129759,Earnings Management Using Real Activities: Evidence from Nonprofit Hospitals,2011,2011-05-01,10.2308/accr-10095,https://doi.org/10.2308/accr-10095,The Accounting Review,0001-4826,1558-7967,0001-4826; 1558-7967,[object Object]; [object Object]; [object Object]; [object Object],4,article,203,17.3918,0.98890031,false,false,closed,,"Auditing, Earnings Management, Governance; Financial Reporting and Valuation Research; Accounting and Organizational Management",2026-08-25T07:29:55.448023,2026-08-25T07:29:55.448023,openalex_orcid_only,official_orcid_to_openalex_author,high,false,false,,2026-08-29T03:05:16.957Z
unimelb-accounting-042,Professor Naomi Soderstrom,A5034786987,W2900622889,Cybersecurity awareness and market valuations,2018,2018-11-01,10.1016/j.jaccpubpol.2018.10.003,https://doi.org/10.1016/j.jaccpubpol.2018.10.003,Journal of Accounting and Public Policy,0278-4254,1873-2070,0278-4254; 1873-2070,[object Object]; [object Object]; [object Object]; [object Object],4,article,201,15.207,0.98856127,false,true,green,http://hdl.handle.net/2292/46155,"Information and Cyber Security; Cybercrime and Law Enforcement Studies; Auditing, Earnings Management, Governance",2026-08-21T09:56:20.448147,2026-08-21T09:56:20.448147,openalex_orcid_only,official_orcid_to_openalex_author,high,false,false,,2026-08-29T03:05:16.957Z
unimelb-accounting-042,Professor Naomi Soderstrom,A5034786987,W2330321938,Earnings Smoothing Activities of Firms to Manage Credit Ratings*,2012,2012-03-19,10.1111/j.1911-3846.2012.01170.x,https://doi.org/10.1111/j.1911-3846.2012.01170.x,Contemporary Accounting Research,0823-9150,1911-3846,0823-9150; 1911-3846,[object Object]; [object Object]; [object Object],3,article,198,19.6803,0.99104578,false,false,closed,,"Auditing, Earnings Management, Governance; Financial Reporting and Valuation Research; Corporate Finance and Governance",2026-08-21T09:56:20.448147,2026-08-21T09:56:20.448147,openalex_orcid_only,official_orcid_to_openalex_author,high,false,false,,2026-08-29T03:05:16.957Z
unimelb-accounting-042,Professor Naomi Soderstrom,A5034786987,W4300003098,Task Force on Climate‐related Financial Disclosures (TCFD) Implementation: An Overview and Insights from the Australian Accounting Standards Board Dialogue Series,2022,2022-09-01,10.1111/auar.12388,https://doi.org/10.1111/auar.12388,Australian Accounting Review,1035-6908,1835-2561,1035-6908; 1835-2561,[object Object]; [object Object]; [object Object]; [object Object]; [object Object],5,article,63,9.8981,0.981374,false,true,hybrid,https://doi.org/10.1111/auar.12388,Corporate Social Responsibility Reporting,2026-08-28T12:50:07.497085,2026-08-28T12:50:07.497085,openalex_orcid_only,official_orcid_to_openalex_author,high,false,false,,2026-08-29T03:05:16.957Z
unimelb-accounting-042,Professor Naomi Soderstrom,A5034786987,W4284889587,The impact of country institutional factors on firm disclosure: Cybersecurity disclosures in Chinese cross-listed firms,2022,2022-07-06,10.1016/j.jaccpubpol.2022.106998,https://doi.org/10.1016/j.jaccpubpol.2022.106998,Journal of Accounting and Public Policy,0278-4254,1873-2070,0278-4254; 1873-2070,[object Object]; [object Object]; [object Object],3,article,35,8.5804,0.97938872,false,false,closed,,"Auditing, Earnings Management, Governance; Risk Management in Financial Firms; Financial Distress and Bankruptcy Prediction",2026-08-28T12:50:07.497085,2026-08-28T12:50:07.497085,openalex_orcid_only,official_orcid_to_openalex_author,high,false,false,,2026-08-29T03:05:16.957Z
unimelb-accounting-042,Professor Naomi Soderstrom,A5034786987,W2134425656,The Value Relevance of Greenhouse Gas Emissions Allowances: An Exploratory Study in the Related United States SO2Market,2008,2008-10-23,10.1080/09638180802481615,https://doi.org/10.1080/09638180802481615,European Accounting Review,0963-8180,1468-4497,0963-8180; 1468-4497,[object Object]; [object Object]; [object Object],3,article,123,7.2456,0.97140304,false,false,closed,,Capital Investment and Risk Analysis; Climate Change Policy and Economics; Economic and Environmental Valuation,2026-08-21T09:56:20.448147,2026-08-21T09:56:20.448147,openalex_orcid_only,official_orcid_to_openalex_author,high,false,false,,2026-08-29T03:05:16.957Z
unimelb-accounting-042,Professor Naomi Soderstrom,A5034786987,W2059761817,Managing in a Complex World: Accounting and Governance Choices in Hospitals,2013,2013-11-05,10.1080/09638180.2013.842493,https://doi.org/10.1080/09638180.2013.842493,European Accounting Review,0963-8180,1468-4497,0963-8180; 1468-4497,[object Object]; [object Object],2,article,79,6.8856,0.96680901,false,false,closed,,Accounting and Organizational Management; Healthcare Quality and Management; Patient Satisfaction in Healthcare,2026-08-15T07:11:24.734988,2026-08-15T07:11:24.734988,openalex_orcid_only,official_orcid_to_openalex_author,high,false,false,,2026-08-29T03:05:16.957Z
unimelb-accounting-042,Professor Naomi Soderstrom,A5034786987,W2470835825,Accounting System Management by Hospitals Operating in a Changing Regulatory Environment.,1996,1996-01-01,10.2308/tar-9602190347,https://doi.org/10.2308/tar-9602190347,The Accounting Review,0001-4826,1558-7967,0001-4826; 1558-7967,[object Object]; [object Object],2,article,79,7.9666,0.97119195,false,false,closed,,Healthcare Policy and Management; Patient Satisfaction in Healthcare; Accounting and Organizational Management,2026-06-11T09:08:48.828518,2026-06-11T09:08:48.828518,openalex_orcid_only,official_orcid_to_openalex_author,high,false,false,,2026-08-29T03:05:16.957Z
unimelb-accounting-042,Professor Naomi Soderstrom,A5034786987,W2027345684,Executive compensation and non-financial risk: An empirical examination,2007,2007-06-27,10.1016/j.jaccpubpol.2007.05.001,https://doi.org/10.1016/j.jaccpubpol.2007.05.001,Journal of Accounting and Public Policy,0278-4254,1873-2070,0278-4254; 1873-2070,[object Object]; [object Object]; [object Object]; [object Object],4,article,78,4.0635,0.94148793,false,false,closed,,"Corporate Social Responsibility Reporting; Corporate Finance and Governance; Auditing, Earnings Management, Governance",2026-08-21T09:56:20.448147,2026-08-21T09:56:20.448147,openalex_orcid_only,official_orcid_to_openalex_author,high,false,false,,2026-08-29T03:05:16.957Z
unimelb-accounting-042,Professor Naomi Soderstrom,A5034786987,W2089818795,Behavioral changes following the collaborative development of an accounting information system,2009,2009-08-04,10.1016/j.aos.2009.07.005,https://doi.org/10.1016/j.aos.2009.07.005,Accounting Organizations and Society,0361-3682,1873-6289,0361-3682; 1873-6289,[object Object]; [object Object]; [object Object]; [object Object],4,article,78,4.9791,0.9460592,false,false,closed,,Accounting and Organizational Management; Patient Satisfaction in Healthcare; Technology Adoption and User Behaviour,2026-08-26T07:47:46.906454,2026-08-26T07:47:46.906454,openalex_orcid_only,official_orcid_to_openalex_author,high,false,false,,2026-08-29T03:05:16.957Z
unimelb-accounting-042,Professor Naomi Soderstrom,A5034786987,W3124732963,Disclosure of Private Information and Reduction of Uncertainty: Environmental Liabilities in the Chemical Industry,2003,2003-11-21,10.1023/b:requ.0000004783.24513.ea,https://doi.org/10.1023/b:requ.0000004783.24513.ea,Review of Quantitative Finance and Accounting,0924-865X,1573-7179,0924-865X; 1573-7179,[object Object]; [object Object]; [object Object],3,article,78,1.2099,0.90138473,false,false,closed,,"Auditing, Earnings Management, Governance; Housing Market and Economics; Financial Markets and Investment Strategies",2026-08-21T09:56:20.448147,2026-08-21T09:56:20.448147,openalex_orcid_only,official_orcid_to_openalex_author,high,false,false,,2026-08-29T03:05:16.957Z
unimelb-accounting-042,Professor Naomi Soderstrom,A5034786987,W2732221777,Sustainability/CSR Research in Management Accounting: A Review of the Literature,2017,2017-07-05,10.1108/s1474-787120170000028003,https://doi.org/10.1108/s1474-787120170000028003,Advances in management accounting,1474-7871,,1474-7871,[object Object]; [object Object]; [object Object],3,book-chapter,62,23.6818,0.99456099,false,false,closed,,Corporate Social Responsibility Reporting; Accounting and Organizational Management; Environmental Sustainability in Business,2026-07-15T18:14:33.161393,2026-07-15T18:14:33.161393,openalex_orcid_only,official_orcid_to_openalex_author,high,false,false,,2026-08-29T03:05:16.957Z
unimelb-accounting-042,Professor Naomi Soderstrom,A5034786987,W2901673943,Firm value and government commitment to combating climate change,2018,2018-11-17,10.1016/j.pacfin.2018.11.003,https://doi.org/10.1016/j.pacfin.2018.11.003,Pacific-Basin Finance Journal,0927-538X,1879-0585,0927-538X; 1879-0585,[object Object]; [object Object]; [object Object],3,article,47,3.3233,0.92430297,false,true,green,https://hdl.handle.net/2292/45835,"Financial Markets and Investment Strategies; Risk Management in Financial Firms; Auditing, Earnings Management, Governance",2026-08-21T09:56:20.448147,2026-08-21T09:56:20.448147,openalex_orcid_only,official_orcid_to_openalex_author,high,false,false,,2026-08-29T03:05:16.957Z
unimelb-accounting-042,Professor Naomi Soderstrom,A5034786987,W4289767619,Evolution of climate-related disclosure guidance and application of climate risk measurement in research,2022,2022-07-21,10.4337/9781800373518.00032,https://doi.org/10.4337/9781800373518.00032,Edward Elgar Publishing eBooks,,,,[object Object]; [object Object],2,book-chapter,17,27.3336,0.99587841,false,false,closed,,Sustainable Finance and Green Bonds,2026-06-11T09:08:48.828518,2026-06-11T09:08:48.828518,openalex_orcid_only,official_orcid_to_openalex_author,high,false,false,,2026-08-29T03:05:16.957Z
unimelb-accounting-042,Professor Naomi Soderstrom,A5034786987,W4387190873,Management Accounting Research Opportunities in Climate Change Reporting,2023,2023-09-29,10.2308/jmar-2023-022,https://doi.org/10.2308/jmar-2023-022,Journal of Management Accounting Research,1049-2127,1558-8033,1049-2127; 1558-8033,[object Object]; [object Object],2,article,14,3.6372,0.93098385,false,false,closed,,Accounting and Organizational Management; Corporate Social Responsibility Reporting; Environmental Sustainability in Business,2026-07-15T18:14:33.161393,2026-07-15T18:14:33.161393,openalex_orcid_only,official_orcid_to_openalex_author,high,false,false,,2026-08-29T03:05:16.957Z
unimelb-accounting-042,Professor Naomi Soderstrom,A5034786987,W4388112614,Sustainability and Management Accounting Research,2023,2023-10-01,10.2308/jmar-2023-054,https://doi.org/10.2308/jmar-2023-054,Journal of Management Accounting Research,1049-2127,1558-8033,1049-2127; 1558-8033,[object Object]; [object Object]; [object Object],3,article,9,2.2795,0.89257324,false,true,green,https://doi.org/10.2308/JMAR-2023-054,Accounting and Organizational Management; Environmental Sustainability in Business; Corporate Social Responsibility Reporting,2026-08-26T07:47:46.906454,2026-08-26T07:47:46.906454,openalex_orcid_only,official_orcid_to_openalex_author,high,false,false,,2026-08-29T03:05:16.957Z
unimelb-accounting-042,Professor Naomi Soderstrom,A5034786987,W4252693553,,1997,1997-01-01,10.1023/a:1018377728256,https://doi.org/10.1023/a:1018377728256,Review of Accounting Studies,1380-6653,1573-7136,1380-6653; 1573-7136,[object Object]; [object Object],2,article,8,0,0.52457507,false,false,closed,,Healthcare Policy and Management,2026-08-21T09:56:20.448147,2026-08-21T09:56:20.448147,openalex_orcid_only,official_orcid_to_openalex_author,high,false,false,,2026-08-29T03:05:16.957Z
unimelb-accounting-042,Professor Naomi Soderstrom,A5034786987,W2075073351,"Site uncertainty, allocation uncertainty, and superfund liability valuation",1998,1998-12-01,10.1016/s0278-4254(98)10009-1,https://doi.org/10.1016/s0278-4254(98)10009-1,Journal of Accounting and Public Policy,0278-4254,1873-2070,0278-4254; 1873-2070,[object Object]; [object Object]; [object Object],3,article,50,6.0289,0.96255686,false,false,closed,,"Auditing, Earnings Management, Governance; Housing Market and Economics; Financial Markets and Investment Strategies",2026-08-21T09:56:20.448147,2026-08-21T09:56:20.448147,openalex_orcid_only,official_orcid_to_openalex_author,high,false,false,,2026-08-29T03:05:16.957Z
unimelb-accounting-042,Professor Naomi Soderstrom,A5034786987,W2049142966,Hospital behavior under Medicare incentives,1993,1993-06-01,10.1016/0278-4254(93)90010-9,https://doi.org/10.1016/0278-4254(93)90010-9,Journal of Accounting and Public Policy,0278-4254,1873-2070,0278-4254; 1873-2070,[object Object],1,article,37,1.1615,0.83605392,false,false,closed,,Healthcare Policy and Management; Global Health Care Issues; Housing Market and Economics,2026-08-21T09:56:20.448147,2026-08-21T09:56:20.448147,openalex_orcid_only,official_orcid_to_openalex_author,high,false,false,,2026-08-29T03:05:16.957Z
unimelb-accounting-042,Professor Naomi Soderstrom,A5034786987,W2156077826,The Cost of System Congestion: Evidence from the Healthcare Sector,2000,2000-01-01,10.2308/jmar.2000.12.1.97,https://doi.org/10.2308/jmar.2000.12.1.97,Journal of Management Accounting Research,1049-2127,1558-8033,1049-2127; 1558-8033,[object Object]; [object Object],2,article,34,1.1774,0.88137046,false,false,closed,,Healthcare Policy and Management; Patient Satisfaction in Healthcare; Global Health Care Issues,2026-06-11T09:08:48.828518,2026-06-11T09:08:48.828518,openalex_orcid_only,official_orcid_to_openalex_author,high,false,false,,2026-08-29T03:05:16.957Z
unimelb-accounting-042,Professor Naomi Soderstrom,A5034786987,W2073047611,Spending Patterns with Lapsing Budgets: Evidence from U.S. Army Hospitals,2007,2007-01-01,10.2308/jmar.2007.19.1.1,https://doi.org/10.2308/jmar.2007.19.1.1,Journal of Management Accounting Research,1049-2127,1558-8033,1049-2127; 1558-8033,[object Object]; [object Object]; [object Object],3,article,29,2.1939,0.91924128,false,false,closed,,Healthcare Policy and Management; Global Health Care Issues; Insurance and Financial Risk Management,2026-06-11T09:08:48.828518,2026-06-11T09:08:48.828518,openalex_orcid_only,official_orcid_to_openalex_author,high,false,false,,2026-08-29T03:05:16.957Z
unimelb-accounting-042,Professor Naomi Soderstrom,A5034786987,W2606031682,Market response to expected regulatory costs related to haze,2017,2017-04-13,10.1016/j.jaccpubpol.2017.03.002,https://doi.org/10.1016/j.jaccpubpol.2017.03.002,Journal of Accounting and Public Policy,0278-4254,1873-2070,0278-4254; 1873-2070,[object Object]; [object Object]; [object Object],3,article,25,5.372,0.95094784,false,false,closed,,"Corporate Social Responsibility Reporting; Energy, Environment, Economic Growth; Sustainable Finance and Green Bonds",2026-08-21T09:56:20.448147,2026-08-21T09:56:20.448147,openalex_orcid_only,official_orcid_to_openalex_author,high,false,false,,2026-08-29T03:05:16.957Z
unimelb-accounting-042,Professor Naomi Soderstrom,A5034786987,W2326550460,Success of Commonly Used Operating Room Management Tools in Reducing Tardiness of First Case of the Day Starts,2012,2012-06-23,10.1213/ane.0b013e31825c0486,https://doi.org/10.1213/ane.0b013e31825c0486,Anesthesia & Analgesia,0003-2999,1526-7598,0003-2999; 1526-7598,[object Object]; [object Object]; [object Object]; [object Object]; [object Object],5,article,22,2.8323,0.90025639,false,false,closed,,Healthcare Operations and Scheduling Optimization; Nausea and vomiting management; Emergency and Acute Care Studies,2026-08-21T09:56:20.448147,2026-08-21T09:56:20.448147,openalex_orcid_only,official_orcid_to_openalex_author,high,false,false,,2026-08-29T03:05:16.957Z
unimelb-accounting-042,Professor Naomi Soderstrom,A5034786987,W2945389690,Responsible science: Celebrating the 50-year legacy of using a registration-based framework,2019,2019-05-13,10.1016/j.pacfin.2019.05.002,https://doi.org/10.1016/j.pacfin.2019.05.002,Pacific-Basin Finance Journal,0927-538X,1879-0585,0927-538X; 1879-0585,[object Object]; [object Object]; [object Object]; [object Object]; [object Object]; [object Object]; [object Object]; [object Object]; [object Object]; [object Object]; [object Object]; [object Object]; [object Object]; [object Object]; [object Object]; [object Object]; [object Object]; [object Object]; [object Object]; [object Object]; [object Object]; [object Object]; [object Object]; [object Object]; [object Object]; [object Object]; [object Object]; [object Object],28,article,20,1.4743,0.84666779,false,true,green,https://eprints.lancs.ac.uk/id/eprint/134892/1/LeadArticle_PBFJ_RegisteredPitch_SpecialIssue_20190417_MW.pdf,scientometrics and bibliometrics research,2026-08-28T12:50:07.497085,2026-08-28T12:50:07.497085,openalex_orcid_only,official_orcid_to_openalex_author,high,false,false,,2026-08-29T03:05:16.957Z
unimelb-accounting-042,Professor Naomi Soderstrom,A5034786987,W2136753103,The Influence of Institutional Constraints on Outsourcing,2010,2010-04-05,10.1111/j.1475-679x.2010.00381.x,https://doi.org/10.1111/j.1475-679x.2010.00381.x,Journal of Accounting Research,0021-8456,1475-679X,0021-8456; 1475-679X,[object Object]; [object Object]; [object Object]; [object Object],4,article,14,1.3549,0.8418358,false,true,green,https://papers.ssrn.com/sol3/Delivery.cfm/SSRN_ID1574404_code75268.pdf?abstractid=1574404&mirid=1,"Outsourcing and Supply Chain Management; Law, Economics, and Judicial Systems; Public Procurement and Policy",2026-08-26T07:47:46.906454,2026-08-26T07:47:46.906454,openalex_orcid_only,official_orcid_to_openalex_author,high,false,false,,2026-08-29T03:05:16.957Z
unimelb-accounting-042,Professor Naomi Soderstrom,A5034786987,W4225153986,Can Technology-Enabled Advanced Monitoring Systems Influence Individual Performance and Team Dynamics?,2022,2022-04-29,10.1080/09638180.2022.2060845,https://doi.org/10.1080/09638180.2022.2060845,European Accounting Review,0963-8180,1468-4497,0963-8180; 1468-4497,[object Object]; [object Object]; [object Object]; [object Object],4,article,6,1.2865,0.85526734,false,false,closed,,Sports Analytics and Performance; Experimental Behavioral Economics Studies; Educational Games and Gamification,2026-08-15T07:11:24.734988,2026-08-15T07:11:24.734988,openalex_orcid_only,official_orcid_to_openalex_author,high,false,false,,2026-08-29T03:05:16.957Z
unimelb-accounting-042,Professor Naomi Soderstrom,A5034786987,W2012574680,Nuclear decommissioning costs: The impact of recoverability risk on valuation,2000,2000-04-01,10.1016/s0165-4101(00)00020-3,https://doi.org/10.1016/s0165-4101(00)00020-3,Journal of Accounting and Economics,0165-4101,1879-1980,0165-4101; 1879-1980,[object Object]; [object Object]; [object Object],3,article,26,1.8788,0.85687689,false,false,closed,,"Risk and Safety Analysis; Marine and Offshore Engineering Studies; Graphite, nuclear technology, radiation studies",2026-08-21T09:56:20.448147,2026-08-21T09:56:20.448147,openalex_orcid_only,official_orcid_to_openalex_author,high,false,false,,2026-08-29T03:05:16.957Z
unimelb-accounting-042,Professor Naomi Soderstrom,A5034786987,W2144237570,When do stock analysts find bond rating changes informative?,2015,2015-08-27,10.1080/00014788.2015.1014464,https://doi.org/10.1080/00014788.2015.1014464,Accounting and Business Research,0001-4788,2159-4260,0001-4788; 2159-4260,[object Object]; [object Object]; [object Object],3,article,5,0.4443,0.71992062,false,false,closed,,"Credit Risk and Financial Regulations; Auditing, Earnings Management, Governance; Banking stability, regulation, efficiency",2026-08-15T07:11:24.734988,2026-08-15T07:11:24.734988,openalex_orcid_only,official_orcid_to_openalex_author,high,false,false,,2026-08-29T03:05:16.957Z
unimelb-accounting-042,Professor Naomi Soderstrom,A5034786987,W4306939818,"Career Concerns, Contract Choice, and “Unpaid” Executives",2022,2022-10-20,10.2308/jmar-2020-004,https://doi.org/10.2308/jmar-2020-004,Journal of Management Accounting Research,1049-2127,1558-8033,1049-2127; 1558-8033,[object Object]; [object Object]; [object Object],3,article,2,0.2759,0.58355887,false,false,closed,,Corporate Finance and Governance; Corporate Taxation and Avoidance; Economic Policies and Impacts,2026-08-26T07:47:46.906454,2026-08-26T07:47:46.906454,openalex_orcid_only,official_orcid_to_openalex_author,high,false,false,,2026-08-29T03:05:16.957Z
unimelb-accounting-042,Professor Naomi Soderstrom,A5034786987,W1430078793,"Managing care, incentives, and information: an exploratory look inside the ""black box"" of hospital efficiency.",1996,1996-08-01,,https://pubmed.ncbi.nlm.nih.gov/8698584,PubMed,,,,[object Object]; [object Object]; [object Object]; [object Object]; [object Object]; [object Object]; [object Object]; [object Object]; [object Object]; [object Object],10,article,43,13.0348,0.98406892,false,true,green,https://www.ncbi.nlm.nih.gov/pmc/articles/1070118,Healthcare Policy and Management; Primary Care and Health Outcomes; Heart Failure Treatment and Management,2026-08-21T09:56:20.448147,2026-08-21T09:56:20.448147,openalex_orcid_only,official_orcid_to_openalex_author,high,false,false,,2026-08-29T03:05:16.957Z
unimelb-accounting-042,Professor Naomi Soderstrom,A5034786987,W2144778043,Exploring the Challenges of Broadening Accounting Reports,2014,2014-10-02,10.1093/oxfordhb/9780190650230.013.15,https://doi.org/10.1093/oxfordhb/9780190650230.013.15,Oxford University Press eBooks,,,,[object Object]; [object Object],2,book,6,0.9108,0.77813163,false,false,closed,,"Corporate Social Responsibility Reporting; Accounting and Organizational Management; Auditing, Earnings Management, Governance",2026-08-08T01:25:22.217667,2026-08-08T01:25:22.217667,openalex_orcid_only,official_orcid_to_openalex_author,high,false,false,,2026-08-29T03:05:16.957Z
unimelb-accounting-042,Professor Naomi Soderstrom,A5034786987,W2956428704,Putting some “sense” into our research,2019,2019-02-12,10.1108/medar-11-2018-0396,https://doi.org/10.1108/medar-11-2018-0396,Meditari Accountancy Research,1022-2529,2049-372X,1022-2529; 2049-372X; 2049-3738,[object Object],1,article,2,0.1596,0.61200858,false,false,closed,,Advanced Text Analysis Techniques,2026-07-23T08:03:31.855105,2026-07-23T08:03:31.855105,openalex_orcid_only,official_orcid_to_openalex_author,high,false,false,,2026-08-29T03:05:16.957Z
unimelb-accounting-042,Professor Naomi Soderstrom,A5034786987,W2598358620,Investigating accounting issues and incentives in a DRG-setting,2006,2006-01-01,,https://arizona.pure.elsevier.com/en/publications/investigating-accounting-issues-and-incentives-in-a-drg-setting,Betriebswirtschaftliche Forschung und Praxis,0340-5370,,0340-5370,[object Object]; [object Object]; [object Object],3,article,4,0,0.47905152,false,false,closed,,Healthcare Quality and Management,2026-08-14T07:06:38.338062,2026-08-14T07:06:38.338062,openalex_orcid_only,official_orcid_to_openalex_author,high,false,false,,2026-08-29T03:05:16.957Z
unimelb-accounting-042,Professor Naomi Soderstrom,A5034786987,W2551743650,In Search of Money and Fame: Narcissistic Managers and MCS Incentive Design,2015,2015-01-01,,https://accounting.aalto.fi/en/midcom-serveattachmentguid-1e4a78bf2efc692a78b11e4a4c76bd5a3144dcb4dcb/do_managers_manipulate_earnings_prior_to_management_buyouts-maorenneboog.pdf,,,,,[object Object]; [object Object]; [object Object],3,article,2,0.5909,0.82728848,false,false,closed,,Consumer Behavior in Brand Consumption and Identification; Evolutionary Psychology and Human Behavior; Consumer Market Behavior and Pricing,2026-06-11T09:08:48.828518,2026-06-11T09:08:48.828518,openalex_orcid_only,official_orcid_to_openalex_author,high,false,false,,2026-08-29T03:05:16.957Z
unimelb-accounting-042,Professor Naomi Soderstrom,A5034786987,W16861975,The Accuracy of Proportional Cost Models: Evidence from Hospital Service Departments,1997,1997-08-13,,https://papers.ssrn.com/sol3/papers.cfm?abstract_id=10615,SSRN Electronic Journal,1556-5068,,1556-5068,[object Object]; [object Object],2,preprint,83,,,false,true,green,https://papers.ssrn.com/sol3/papers.cfm?abstract_id=10615,Healthcare Policy and Management,2026-08-13T07:04:57.449891,2026-08-13T07:04:57.449891,openalex_orcid_only,official_orcid_to_openalex_author,high,false,false,,2026-08-29T03:05:16.957Z
unimelb-accounting-042,Professor Naomi Soderstrom,A5034786987,W2157250599,Earnings Smoothing Activities of Firms to Manage Credit Ratings,2008,2008-01-01,10.2139/ssrn.1089790,https://doi.org/10.2139/ssrn.1089790,SSRN Electronic Journal,1556-5068,,1556-5068,[object Object]; [object Object]; [object Object],3,preprint,61,,,false,true,green,https://doi.org/10.2139/ssrn.1089790,"Auditing, Earnings Management, Governance; Credit Risk and Financial Regulations; Financial Reporting and Valuation Research",2026-08-21T09:56:20.448147,2026-08-21T09:56:20.448147,openalex_orcid_only,official_orcid_to_openalex_author,high,false,false,,2026-08-29T03:05:16.957Z
unimelb-accounting-042,Professor Naomi Soderstrom,A5034786987,W4234168107,Cybersecurity Awareness and Market Valuations,2018,2018-01-01,10.2139/ssrn.3180538,https://doi.org/10.2139/ssrn.3180538,SSRN Electronic Journal,1556-5068,,1556-5068,[object Object]; [object Object]; [object Object]; [object Object],4,preprint,50,,,false,true,green,https://doi.org/10.2139/ssrn.3180538,Information and Cyber Security,2026-07-14T23:27:15.235271,2026-07-14T23:27:15.235271,openalex_orcid_only,official_orcid_to_openalex_author,high,false,false,,2026-08-29T03:05:16.957Z
unimelb-accounting-042,Professor Naomi Soderstrom,A5034786987,W1519650246,Earnings and Price Discovery in the Post-Reg. Fd Information Environment: A Preliminary Analysis,2001,2001-01-01,10.2139/ssrn.291082,https://doi.org/10.2139/ssrn.291082,SSRN Electronic Journal,1556-5068,,1556-5068,[object Object]; [object Object]; [object Object],3,preprint,49,,,false,true,green,https://doi.org/10.2139/ssrn.291082,"Auditing, Earnings Management, Governance; Financial Markets and Investment Strategies; Corporate Finance and Governance",2026-08-21T09:56:20.448147,2026-08-21T09:56:20.448147,openalex_orcid_only,official_orcid_to_openalex_author,high,false,false,,2026-08-29T03:05:16.957Z
unimelb-accounting-042,Professor Naomi Soderstrom,A5034786987,W2111789411,Cost Structure and Sticky Costs,2010,2010-01-01,10.2139/ssrn.1562726,https://doi.org/10.2139/ssrn.1562726,SSRN Electronic Journal,1556-5068,,1556-5068,[object Object]; [object Object]; [object Object],3,preprint,44,,,false,true,green,https://doi.org/10.2139/ssrn.1562726,Economic Theory and Institutions; Economic theories and models; Economic Theory and Policy,2026-08-21T09:56:20.448147,2026-08-21T09:56:20.448147,openalex_orcid_only,official_orcid_to_openalex_author,high,false,false,,2026-08-29T03:05:16.957Z
unimelb-accounting-042,Professor Naomi Soderstrom,A5034786987,W2027394713,Disclosure of Private Information and Reduction of Uncertainty: Environmental Liabilities in the Chemical Industry,2001,2001-01-01,10.2139/ssrn.269223,https://doi.org/10.2139/ssrn.269223,SSRN Electronic Journal,1556-5068,,1556-5068,[object Object]; [object Object]; [object Object],3,preprint,28,,,false,true,green,https://doi.org/10.2139/ssrn.269223,"Auditing, Earnings Management, Governance; Housing Market and Economics",2026-08-26T07:47:46.906454,2026-08-26T07:47:46.906454,openalex_orcid_only,official_orcid_to_openalex_author,high,false,false,,2026-08-29T03:05:16.957Z
unimelb-accounting-042,Professor Naomi Soderstrom,A5034786987,W3123630400,Earnings Management Using Real Activities: Evidence from Nonprofit Hospitals,2011,2011-02-01,,https://papers.ssrn.com/sol3/Delivery.cfm/SSRN_ID1819381_code95221.pdf?abstractid=1004180&mirid=1,SSRN Electronic Journal,1556-5068,,1556-5068,[object Object]; [object Object]; [object Object]; [object Object],4,preprint,13,,,false,true,green,https://papers.ssrn.com/sol3/Delivery.cfm/SSRN_ID1819381_code95221.pdf?abstractid=1004180&mirid=1,"Healthcare Policy and Management; Auditing, Earnings Management, Governance; Insurance and Financial Risk Management",2026-07-14T23:32:53.992493,2026-07-14T23:32:53.992493,openalex_orcid_only,official_orcid_to_openalex_author,high,false,false,,2026-08-29T03:05:16.957Z
unimelb-accounting-042,Professor Naomi Soderstrom,A5034786987,W3123213987,The Value Relevance of Greenhouse Gas Emissions Allowances: An Exploratory Study in the Related United States SO2 Market,2008,2008-09-02,,https://papers.ssrn.com/sol3/Delivery.cfm?abstractid=1262508,SSRN Electronic Journal,1556-5068,,1556-5068,[object Object]; [object Object]; [object Object],3,preprint,11,,,false,true,green,https://papers.ssrn.com/sol3/Delivery.cfm?abstractid=1262508,Climate Change Policy and Economics; Capital Investment and Risk Analysis; Economic and Environmental Valuation,2026-08-12T07:12:00.856984,2026-08-12T07:12:00.856984,openalex_orcid_only,official_orcid_to_openalex_author,high,false,false,,2026-08-29T03:05:16.957Z
unimelb-accounting-042,Professor Naomi Soderstrom,A5034786987,W3124451950,"Restatement of CSR Reports: Frequency, Magnitude, and Determinants",2018,2018-01-01,10.2139/ssrn.3095090,https://doi.org/10.2139/ssrn.3095090,SSRN Electronic Journal,1556-5068,,1556-5068,[object Object]; [object Object]; [object Object]; [object Object],4,preprint,9,,,false,true,green,https://doi.org/10.2139/ssrn.3095090,"Auditing, Earnings Management, Governance; Corporate Finance and Governance; Corporate Social Responsibility Reporting",2026-08-21T09:56:20.448147,2026-08-21T09:56:20.448147,openalex_orcid_only,official_orcid_to_openalex_author,high,false,false,,2026-08-29T03:05:16.957Z
unimelb-accounting-042,Professor Naomi Soderstrom,A5034786987,W3198551420,The Impact of Country Institutional Factors on Firm Disclosure: Cybersecurity Disclosures in Chinese Cross-Listed Firms,2021,2021-01-01,10.2139/ssrn.3916525,https://doi.org/10.2139/ssrn.3916525,SSRN Electronic Journal,1556-5068,,1556-5068,[object Object]; [object Object]; [object Object],3,preprint,9,,,false,true,green,https://doi.org/10.2139/ssrn.3916525,"Auditing, Earnings Management, Governance; Corporate Finance and Governance; Financial Distress and Bankruptcy Prediction",2026-08-21T09:56:20.448147,2026-08-21T09:56:20.448147,openalex_orcid_only,official_orcid_to_openalex_author,high,false,false,,2026-08-29T03:05:16.957Z
unimelb-accounting-042,Professor Naomi Soderstrom,A5034786987,W3125894270,Dividend and Share Changes: Is There a Financing Hierarchy?,1986,1986-01-01,,http://www.nber.org/papers/w2029.pdf,RePEc: Research Papers in Economics,,,,[object Object]; [object Object],2,preprint,7,,,false,false,closed,,Fiscal Policy and Economic Growth; Corporate Finance and Governance; Corporate Taxation and Avoidance,2026-08-11T07:18:39.950985,2026-08-11T07:18:39.950985,openalex_orcid_only,official_orcid_to_openalex_author,high,false,false,,2026-08-29T03:05:16.957Z
unimelb-accounting-042,Professor Naomi Soderstrom,A5034786987,W1496137042,Dividend and Share Changes: Is There a Financing Hierarchy?,1986,1986-09-01,10.3386/w2029,https://doi.org/10.3386/w2029,National Bureau of Economic Research,,,,[object Object]; [object Object],2,report,5,,,false,true,green,https://doi.org/10.3386/w2029,"Corporate Finance and Governance; Banking stability, regulation, efficiency; State Capitalism and Financial Governance",2026-08-21T09:56:20.448147,2026-08-21T09:56:20.448147,openalex_orcid_only,official_orcid_to_openalex_author,high,false,false,,2026-08-29T03:05:16.957Z
unimelb-accounting-042,Professor Naomi Soderstrom,A5034786987,W4385820195,Sustainability and Management Accounting Research,2023,2023-01-01,10.2139/ssrn.4530005,https://doi.org/10.2139/ssrn.4530005,SSRN Electronic Journal,1556-5068,,1556-5068,[object Object]; [object Object]; [object Object],3,preprint,4,,,false,true,green,https://doi.org/10.2139/ssrn.4530005,Corporate Social Responsibility Reporting,2026-08-21T09:56:20.448147,2026-08-21T09:56:20.448147,openalex_orcid_only,official_orcid_to_openalex_author,high,false,false,,2026-08-29T03:05:16.957Z
unimelb-accounting-042,Professor Naomi Soderstrom,A5034786987,W2510266610,"Approaching Research Broadly, Not Just Deeply: The Case of Real Activities Manipulation",2016,2016-07-02,10.1080/21697213.2016.1218634,https://doi.org/10.1080/21697213.2016.1218634,China Journal of Accounting Studies,2169-7213,2169-7221,2169-7213; 2169-7221,[object Object]; [object Object],2,editorial,3,,,false,false,closed,,"Auditing, Earnings Management, Governance; Accounting and Organizational Management; Financial Reporting and Valuation Research",2026-08-15T07:11:24.734988,2026-08-15T07:11:24.734988,openalex_orcid_only,official_orcid_to_openalex_author,high,false,false,,2026-08-29T03:05:16.957Z
unimelb-accounting-042,Professor Naomi Soderstrom,A5034786987,W2949083609,Measurement and Market Valuation of Climate Risk,2018,2018-06-06,,https://papers.ssrn.com/sol3/Delivery.cfm/SSRN_ID2775552_code2425488.pdf?abstractid=2775552&mirid=1&type=2,SSRN Electronic Journal,1556-5068,,1556-5068,[object Object]; [object Object]; [object Object],3,preprint,3,,,false,true,green,https://papers.ssrn.com/sol3/Delivery.cfm/SSRN_ID2775552_code2425488.pdf?abstractid=2775552&mirid=1&type=2,Climate Change Policy and Economics; Financial Markets and Investment Strategies; Insurance and Financial Risk Management,2026-07-14T23:32:53.992493,2026-07-14T23:32:53.992493,openalex_orcid_only,official_orcid_to_openalex_author,high,false,false,,2026-08-29T03:05:16.957Z
unimelb-accounting-042,Professor Naomi Soderstrom,A5034786987,W3124152300,Career Concerns and 'Unpaid' Executives,2016,2016-01-01,10.2139/ssrn.2822979,https://doi.org/10.2139/ssrn.2822979,SSRN Electronic Journal,1556-5068,,1556-5068,[object Object]; [object Object]; [object Object],3,preprint,3,,,false,true,green,https://papers.ssrn.com/sol3/Delivery.cfm?abstractid=2822979,Corporate Finance and Governance,2026-08-21T09:56:20.448147,2026-08-21T09:56:20.448147,openalex_orcid_only,official_orcid_to_openalex_author,high,false,false,,2026-08-29T03:05:16.957Z
unimelb-accounting-042,Professor Naomi Soderstrom,A5034786987,W4365793987,Management Accounting Research Opportunities in Climate Change Reporting,2023,2023-01-01,10.2139/ssrn.4384686,https://doi.org/10.2139/ssrn.4384686,SSRN Electronic Journal,1556-5068,,1556-5068,[object Object]; [object Object],2,preprint,3,,,false,true,green,https://doi.org/10.2139/ssrn.4384686,"Economic, financial, and policy analysis; Climate Change Policy and Economics; Accounting and Organizational Management",2026-08-21T09:56:20.448147,2026-08-21T09:56:20.448147,openalex_orcid_only,official_orcid_to_openalex_author,high,false,false,,2026-08-29T03:05:16.957Z
unimelb-accounting-042,Professor Naomi Soderstrom,A5034786987,W175187602,"Site Hazard, Settlement Activity, and Superfund Liability Valuation",1996,1996-08-01,,https://papers.ssrn.com/sol3/papers.cfm?abstract_id=10144,SSRN Electronic Journal,1556-5068,,1556-5068,[object Object]; [object Object]; [object Object],3,preprint,2,,,false,true,green,https://papers.ssrn.com/sol3/papers.cfm?abstract_id=10144,"Law, Economics, and Judicial Systems; Insurance and Financial Risk Management",2026-07-14T23:32:53.992493,2026-07-14T23:32:53.992493,openalex_orcid_only,official_orcid_to_openalex_author,high,false,false,,2026-08-29T03:05:16.957Z
unimelb-accounting-042,Professor Naomi Soderstrom,A5034786987,W1839426835,Environmental Performance and Executive Compensation,1995,1995-11-01,,https://papers.ssrn.com/sol3/Delivery.cfm?abstractid=2545,SSRN Electronic Journal,1556-5068,,1556-5068,[object Object]; [object Object],2,preprint,2,,,false,true,green,https://papers.ssrn.com/sol3/Delivery.cfm?abstractid=2545,Environmental Sustainability in Business; Corporate Social Responsibility Reporting,2026-07-14T23:32:53.992493,2026-07-14T23:32:53.992493,openalex_orcid_only,official_orcid_to_openalex_author,high,false,false,,2026-08-29T03:05:16.957Z
unimelb-accounting-042,Professor Naomi Soderstrom,A5034786987,W2297830797,Estimation Bias and Monitoring in Clean Development Mechanism Projects,2015,2015-01-01,10.2139/ssrn.2597443,https://doi.org/10.2139/ssrn.2597443,SSRN Electronic Journal,1556-5068,,1556-5068,[object Object]; [object Object]; [object Object],3,preprint,2,,,false,true,green,https://doi.org/10.2139/ssrn.2597443,Climate Change Policy and Economics; Forecasting Techniques and Applications,2026-08-21T09:56:20.448147,2026-08-21T09:56:20.448147,openalex_orcid_only,official_orcid_to_openalex_author,high,false,false,,2026-08-29T03:05:16.957Z
unimelb-accounting-042,Professor Naomi Soderstrom,A5034786987,W3136401905,Digital Insiders and Informed Trading Before Earnings Announcements,2018,2018-01-01,10.2139/ssrn.3180531,https://doi.org/10.2139/ssrn.3180531,SSRN Electronic Journal,1556-5068,,1556-5068,[object Object]; [object Object]; [object Object]; [object Object],4,preprint,2,,,false,true,green,https://doi.org/10.2139/ssrn.3180531,"Financial Markets and Investment Strategies; Auditing, Earnings Management, Governance; Corporate Finance and Governance",2026-08-21T09:56:20.448147,2026-08-21T09:56:20.448147,openalex_orcid_only,official_orcid_to_openalex_author,high,false,false,,2026-08-29T03:05:16.957Z
unimelb-accounting-042,Professor Naomi Soderstrom,A5034786987,W3204080800,Effect of CSR Information Presentation Order on Stakeholder Decision-Making,2021,2021-01-01,10.2139/ssrn.3934065,https://doi.org/10.2139/ssrn.3934065,SSRN Electronic Journal,1556-5068,,1556-5068,[object Object]; [object Object],2,preprint,2,,,false,true,green,https://doi.org/10.2139/ssrn.3934065,Corporate Social Responsibility Reporting; Environmental Sustainability in Business,2026-08-21T09:56:20.448147,2026-08-21T09:56:20.448147,openalex_orcid_only,official_orcid_to_openalex_author,high,false,false,,2026-08-29T03:05:16.957Z
unimelb-accounting-042,Professor Naomi Soderstrom,A5034786987,W1494129437,Informational Effects of Regulation Fair Disclosure on Equity Analysts' Responses to Debt Rating Changes,2006,2006-01-01,10.2139/ssrn.907487,https://doi.org/10.2139/ssrn.907487,SSRN Electronic Journal,1556-5068,,1556-5068,[object Object]; [object Object]; [object Object],3,preprint,1,,,false,true,green,https://doi.org/10.2139/ssrn.907487,"Auditing, Earnings Management, Governance; Financial Markets and Investment Strategies; Law, Economics, and Judicial Systems",2026-08-21T09:56:20.448147,2026-08-21T09:56:20.448147,openalex_orcid_only,official_orcid_to_openalex_author,high,false,false,,2026-08-29T03:05:16.957Z
unimelb-accounting-042,Professor Naomi Soderstrom,A5034786987,W2389891615,Market Response to Regulatory Costs Related to Haze,2016,2016-01-01,10.2139/ssrn.2777455,https://doi.org/10.2139/ssrn.2777455,SSRN Electronic Journal,1556-5068,,1556-5068,[object Object]; [object Object]; [object Object],3,preprint,1,,,false,true,green,https://doi.org/10.2139/ssrn.2777455,"Financial Markets and Investment Strategies; Insurance and Financial Risk Management; Auditing, Earnings Management, Governance",2026-08-21T09:56:20.448147,2026-08-21T09:56:20.448147,openalex_orcid_only,official_orcid_to_openalex_author,high,false,false,,2026-08-29T03:05:16.957Z
unimelb-accounting-042,Professor Naomi Soderstrom,A5034786987,W2508641212,Career Concerns and 'Unpaid' Executives,2016,2016-01-01,10.2139/ssrn.2822622,https://doi.org/10.2139/ssrn.2822622,SSRN Electronic Journal,1556-5068,,1556-5068,[object Object]; [object Object]; [object Object],3,preprint,1,,,false,true,green,https://papers.ssrn.com/sol3/Delivery.cfm?abstractid=2822622,"Corporate Finance and Governance; Banking stability, regulation, efficiency",2026-08-21T09:56:20.448147,2026-08-21T09:56:20.448147,openalex_orcid_only,official_orcid_to_openalex_author,high,false,false,,2026-08-29T03:05:16.957Z
unimelb-accounting-042,Professor Naomi Soderstrom,A5034786987,W4404447012,Are Climate Scenario Analysis Disclosures Valued by Investors?,2024,2024-01-01,10.2139/ssrn.5023235,https://doi.org/10.2139/ssrn.5023235,SSRN Electronic Journal,1556-5068,,1556-5068,[object Object]; [object Object]; [object Object]; [object Object],4,preprint,1,,,false,true,green,http://dx.doi.org/10.2139/ssrn.5023235,Sustainable Finance and Green Bonds; Corporate Social Responsibility Reporting; Insurance and Financial Risk Management,2026-08-04T08:18:43.703281,2026-08-04T08:18:43.703281,openalex_orcid_only,official_orcid_to_openalex_author,high,false,false,,2026-08-29T03:05:16.957Z
unimelb-accounting-042,Professor Naomi Soderstrom,A5034786987,W584056231,The response of hospitals to incentives : the case of the Medicare Prospective Payment System,1990,1990-01-01,,http://ci.nii.ac.jp/ncid/BB01199461,Medical Entomology and Zoology,0424-7086,2185-5609,0424-7086; 2185-5609,[object Object],1,book,1,1.0598,0.81963572,false,false,closed,,Healthcare Policy and Management,2026-07-28T07:46:37.118299,2026-07-28T07:46:37.118299,openalex_orcid_only,official_orcid_to_openalex_author,high,false,false,,2026-08-29T03:05:16.957Z
unimelb-accounting-042,Professor Naomi Soderstrom,A5034786987,W2014134597,The effects of information on incentives in health care,1986,1986-07-01,10.1145/1113523.1113537,https://doi.org/10.1145/1113523.1113537,ACM SIGMIS Database the DATABASE for Advances in Information Systems,0095-0033,1532-0936,0095-0033; 1532-0936; 2331-1584; 2331-1622,[object Object],1,article,0,0,0.2458281,false,false,closed,,Intellectual Capital and Performance Analysis,2026-07-07T14:30:12.667765,2026-07-07T14:30:12.667765,openalex_orcid_only,official_orcid_to_openalex_author,high,false,false,,2026-08-29T03:05:16.957Z
unimelb-accounting-042,Professor Naomi Soderstrom,A5034786987,W2026934946,ISO 14010 Environmental Auditing: Tools and Techniques,1997,1997-01-01,10.1080/00139157.1997.10544048,https://doi.org/10.1080/00139157.1997.10544048,Environment Science and Policy for Sustainable Development,0013-9157,1939-9154,0013-9157; 1939-9154,[object Object],1,article,0,0,0.28466733,false,false,closed,,Quality and Management Systems; Sustainable Supply Chain Management,2026-08-15T07:11:24.734988,2026-08-15T07:11:24.734988,openalex_orcid_only,official_orcid_to_openalex_author,high,false,false,,2026-08-29T03:05:16.957Z
unimelb-accounting-042,Professor Naomi Soderstrom,A5034786987,W2259031239,The Behavior of Overhead Costs: Evidence from Hospital Service Departments,1995,1995-08-07,,https://papers.ssrn.com/sol3/papers.cfm?abstract_id=55770,SSRN Electronic Journal,1556-5068,,1556-5068,[object Object]; [object Object],2,preprint,0,,,false,true,green,https://papers.ssrn.com/sol3/papers.cfm?abstract_id=55770,Accounting and Organizational Management; Financial Reporting and Valuation Research; Healthcare Policy and Management,2026-07-14T23:32:53.992493,2026-07-14T23:32:53.992493,openalex_orcid_only,official_orcid_to_openalex_author,high,false,false,,2026-08-29T03:05:16.957Z
unimelb-accounting-042,Professor Naomi Soderstrom,A5034786987,W235336731,Meltdown - or Not? for Utilities,2000,2000-03-01,,https://www.questia.com/library/journal/1G1-61234509/meltdown-or-not-for-utilities,Journal of accountancy online/Journal of accountancy,0021-8448,,0021-8448,[object Object]; [object Object]; [object Object]; [object Object],4,article,0,0,0.01673007,false,false,closed,,"Graphite, nuclear technology, radiation studies; Marine and Offshore Engineering Studies; Nuclear and radioactivity studies",2026-06-11T09:08:48.828518,2026-06-11T09:08:48.828518,openalex_orcid_only,official_orcid_to_openalex_author,high,false,false,,2026-08-29T03:05:16.957Z
unimelb-accounting-042,Professor Naomi Soderstrom,A5034786987,W2395852645,"Uncertainty, Real Options, and Cost Behavior: Evidence from Washington State Hospitals",2005,2005-01-01,,https://papers.ssrn.com/abstract=876687,SSRN Electronic Journal,1556-5068,,1556-5068,[object Object]; [object Object]; [object Object]; [object Object]; [object Object]; [object Object]; [object Object]; [object Object]; [object Object],9,preprint,0,,,false,true,green,https://papers.ssrn.com/abstract=876687,Capital Investment and Risk Analysis; Climate Change Policy and Economics; Economic and Environmental Valuation,2026-07-14T23:32:53.992493,2026-07-14T23:32:53.992493,openalex_orcid_only,official_orcid_to_openalex_author,high,false,false,,2026-08-29T03:05:16.957Z
unimelb-accounting-042,Professor Naomi Soderstrom,A5034786987,W3006170677,Subjectivity and Heaping of Executive Compensation,2015,2015-01-01,,https://findanexpert.unimelb.edu.au/scholarlywork/984905-subjectivity-and-heaping-of-executive-compensation,,,,,[object Object]; [object Object]; [object Object],3,article,0,0,0.32373482,false,false,closed,,Occupational and Professional Licensing Regulation; Property Rights and Legal Doctrine; Free Will and Agency,2026-06-11T09:08:48.828518,2026-06-11T09:08:48.828518,openalex_orcid_only,official_orcid_to_openalex_author,high,false,false,,2026-08-29T03:05:16.957Z
unimelb-accounting-042,Professor Naomi Soderstrom,A5034786987,W3124354726,When Do Stock Analysts Find Bond Rating Changes Informative,2015,2015-01-29,,https://papers.ssrn.com/sol3/papers.cfm?abstract_id=2557815,SSRN Electronic Journal,1556-5068,,1556-5068,[object Object]; [object Object]; [object Object],3,preprint,0,,,false,true,green,https://papers.ssrn.com/sol3/papers.cfm?abstract_id=2557815,Financial Reporting and Valuation Research; Insurance and Financial Risk Management; Forecasting Techniques and Applications,2026-07-14T23:32:53.992493,2026-07-14T23:32:53.992493,openalex_orcid_only,official_orcid_to_openalex_author,high,false,false,,2026-08-29T03:05:16.957Z
unimelb-accounting-042,Professor Naomi Soderstrom,A5034786987,W3125371076,Firm Value and Government Commitment to Combating Climate Change,2019,2019-07-15,,https://papers.ssrn.com/sol3/papers.cfm?abstract_id=3420466,SSRN Electronic Journal,1556-5068,,1556-5068,[object Object]; [object Object]; [object Object],3,preprint,0,,,false,true,green,https://papers.ssrn.com/sol3/papers.cfm?abstract_id=3420466,"Corporate Social Responsibility Reporting; Sustainable Finance and Green Bonds; Energy, Environment, Economic Growth",2026-07-14T23:32:53.992493,2026-07-14T23:32:53.992493,openalex_orcid_only,official_orcid_to_openalex_author,high,false,false,,2026-08-29T03:05:16.957Z
unimelb-accounting-042,Professor Naomi Soderstrom,A5034786987,W3125613831,Air Pollution and Analyst Information Production,2018,2018-01-01,10.2139/ssrn.3253449,https://doi.org/10.2139/ssrn.3253449,SSRN Electronic Journal,1556-5068,,1556-5068,[object Object]; [object Object]; [object Object],3,preprint,0,,,false,true,green,https://doi.org/10.2139/ssrn.3253449,"Forecasting Techniques and Applications; Economic and Environmental Valuation; Auditing, Earnings Management, Governance",2026-07-14T23:27:15.235271,2026-07-14T23:27:15.235271,openalex_orcid_only,official_orcid_to_openalex_author,high,false,false,,2026-08-29T03:05:16.957Z
unimelb-accounting-042,Professor Naomi Soderstrom,A5034786987,W3134116073,Reporting Bias and Monitoring in Clean Development Mechanism Projects,2021,2021-01-01,10.18154/rwth-2020-11463,https://doi.org/10.18154/rwth-2020-11463,Zurich Open Repository and Archive (University of Zurich),,,,[object Object]; [object Object]; [object Object],3,article,0,0,0.03412571,false,true,green,https://www.zora.uzh.ch/id/eprint/265003/1/Contemporary_Accting_Res___2020___Chen___Reporting_Bias_and_Monitoring_in_Clean_Development_Mechanism_Projects.pdf,"Climate Change Policy and Economics; Energy, Environment, Economic Growth; Fiscal Policy and Economic Growth",2026-08-26T07:47:46.906454,2026-08-26T07:47:46.906454,openalex_orcid_only,official_orcid_to_openalex_author,high,false,false,,2026-08-29T03:05:16.957Z
unimelb-accounting-042,Professor Naomi Soderstrom,A5034786987,W3158839064,Smoke haze hurts financial markets as well as the environment,2019,2019-11-21,10.64628/aa.nc9dtx7ta,https://doi.org/10.64628/aa.nc9dtx7ta,,,,,[object Object]; [object Object],2,other,0,,,false,false,closed,,"Insurance, Mortality, Demography, Risk Management",2026-07-14T23:27:15.235271,2026-07-14T23:27:15.235271,openalex_orcid_only,official_orcid_to_openalex_author,high,false,false,,2026-08-29T03:05:16.957Z
unimelb-accounting-042,Professor Naomi Soderstrom,A5034786987,W4406208436,Corporate Cybersecurity and the Impact of State-Level Cyber Laws,2025,2025-01-01,10.2139/ssrn.5090305,https://doi.org/10.2139/ssrn.5090305,SSRN Electronic Journal,1556-5068,,1556-5068,[object Object]; [object Object]; [object Object],3,preprint,0,,,false,true,green,https://doi.org/10.2139/ssrn.5090305,Regulation and Compliance Studies,2026-08-04T08:18:43.703281,2026-08-04T08:18:43.703281,openalex_orcid_only,official_orcid_to_openalex_author,high,false,false,,2026-08-29T03:05:16.957Z
unimelb-accounting-042,Professor Naomi Soderstrom,A5034786987,W51706785,Trident Utility,2000,2000-03-01,10.1016/s0748-5751(00)00012-9,https://doi.org/10.1016/s0748-5751(00)00012-9,Journal of Accounting Education,0748-5751,1873-1996,0748-5751; 1873-1996,[object Object]; [object Object]; [object Object],3,article,0,0,0.02138244,false,false,closed,,"Auditing, Earnings Management, Governance; Metallurgical Processes and Thermodynamics",2026-08-21T09:56:20.448147,2026-08-21T09:56:20.448147,openalex_orcid_only,official_orcid_to_openalex_author,high,false,false,,2026-08-29T03:05:16.957Z
unimelb-accounting-042,Professor Naomi Soderstrom,A5034786987,W595176797,Unusual patterns in executive compensation,2013,2013-09-05,,http://eprints.lse.ac.uk/51409/,London School of Economics and Political Science Research Online (London School of Economics and Political Science),,,,[object Object]; [object Object]; [object Object],3,book,0,0,0.06807352,false,false,closed,,"Corporate Finance and Governance; Auditing, Earnings Management, Governance; Financial Reporting and Valuation Research",2026-08-27T14:10:00.468798,2026-08-27T14:10:00.468798,openalex_orcid_only,official_orcid_to_openalex_author,high,false,false,,2026-08-29T03:05:16.957Z
unimelb-accounting-042,Professor Naomi Soderstrom,A5034786987,W67562527,Cost Center or Profit Center? Hospital Behavior in a Conflicting Regulatory Environment,1995,1995-10-01,,https://openalex.org/W67562527,,,,,[object Object]; [object Object]; [object Object],3,article,0,0,0.00945728,false,false,closed,,Healthcare Policy and Management,2026-06-11T09:08:48.828518,2026-06-11T09:08:48.828518,openalex_orcid_only,official_orcid_to_openalex_author,high,false,false,,2026-08-29T03:05:16.957Z
unimelb-accounting-042,Professor Naomi Soderstrom,A5034786987,W7127169886,Sustainability Reporting: A Management Accounting Perspective,2025,2025-03-05,10.7274/28543742.v1,https://doi.org/10.7274/28543742.v1,Figshare,,,,[object Object],1,article,0,0,0.6995431,false,true,green,https://figshare.com/articles/journal_contribution/Sustainability_Reporting_A_Management_Accounting_Perspective/28543742,Corporate Social Responsibility Reporting; Sustainable Development and Environmental Policy; Accounting and Organizational Management,2026-08-26T07:47:46.906454,2026-08-26T07:47:46.906454,openalex_orcid_only,official_orcid_to_openalex_author,high,false,false,,2026-08-29T03:05:16.957Z
unimelb-accounting-048,Dr Martin Weisner,A5008643332,W2096041963,Using Construal Level Theory to Motivate Accounting Research: A Literature Review,2015,2015-02-01,10.2308/bria-51063,https://doi.org/10.2308/bria-51063,Behavioral Research in Accounting,1050-4753,1558-8009,1050-4753; 1558-8009,[object Object],1,article,38,1.0446,0.78938828,false,true,green,https://stars.library.ucf.edu/scopus2015/2178,Behavioral Health and Interventions; Environmental Education and Sustainability; Motivation and Self-Concept in Sports,2026-07-15T18:14:33.161393,2026-07-15T18:14:33.161393,openalex_orcid_only,official_orcid_to_openalex_author,high,false,false,,2026-08-29T03:05:16.957Z
unimelb-accounting-048,Dr Martin Weisner,A5008643332,W4309791146,Advice Utilization From Predictive Analytics Tools: The Trend is Your Friend,2022,2022-11-23,10.1080/09638180.2022.2138934,https://doi.org/10.1080/09638180.2022.2138934,European Accounting Review,0963-8180,1468-4497,0963-8180; 1468-4497,[object Object]; [object Object]; [object Object],3,article,26,4.1296,0.94229826,false,false,closed,,Big Data and Business Intelligence; Forecasting Techniques and Applications; Advanced Text Analysis Techniques,2026-08-15T07:11:24.734988,2026-08-15T07:11:24.734988,openalex_orcid_only,official_orcid_to_openalex_author,high,false,false,,2026-08-29T03:05:16.957Z
unimelb-accounting-048,Dr Martin Weisner,A5008643332,W1982560372,Lessons from the Literature on the Theory of Technology Dominance: Possibilities for an Extended Research Framework,2014,2014-12-01,10.2308/jeta-51078,https://doi.org/10.2308/jeta-51078,Journal of Emerging Technologies in Accounting,1554-1908,1558-7940,1554-1908; 1558-7940,[object Object]; [object Object],2,article,25,2.5088,0.91935613,false,true,green,https://stars.library.ucf.edu/scopus2010/8320,Technology Adoption and User Behaviour; Digital Marketing and Social Media; Innovation Diffusion and Forecasting,2026-08-04T08:18:43.703281,2026-08-04T08:18:43.703281,openalex_orcid_only,official_orcid_to_openalex_author,high,false,false,,2026-08-29T03:05:16.957Z
unimelb-accounting-048,Dr Martin Weisner,A5008643332,W3123998462,When the world isn't always flat: The impact of psychological distance on auditors' reliance on specialists,2015,2015-01-22,10.1016/j.accinf.2014.11.001,https://doi.org/10.1016/j.accinf.2014.11.001,International Journal of Accounting Information Systems,1467-0895,1873-4723,1467-0895; 1873-4723,[object Object]; [object Object],2,article,25,3.366,0.924986,false,true,green,https://stars.library.ucf.edu/facultybib2010/6868,Job Satisfaction and Organizational Behavior; Decision-Making and Behavioral Economics; Experimental Behavioral Economics Studies,2026-08-21T09:56:20.448147,2026-08-21T09:56:20.448147,openalex_orcid_only,official_orcid_to_openalex_author,high,false,false,,2026-08-29T03:05:16.957Z
unimelb-accounting-048,Dr Martin Weisner,A5008643332,W3179585173,Data analytics (ab) use in healthcare fraud audits,2021,2021-07-07,10.1016/j.accinf.2021.100523,https://doi.org/10.1016/j.accinf.2021.100523,International Journal of Accounting Information Systems,1467-0895,1873-4723,1467-0895; 1873-4723,[object Object]; [object Object]; [object Object],3,article,22,6.4763,0.96376412,false,false,closed,,Corruption and Economic Development; Regulation and Compliance Studies; Ethics in Business and Education,2026-08-28T12:50:07.497085,2026-08-28T12:50:07.497085,openalex_orcid_only,official_orcid_to_openalex_author,high,false,false,,2026-08-29T03:05:16.957Z
unimelb-accounting-048,Dr Martin Weisner,A5008643332,W4396643307,Avatars and organizational knowledge sharing,2024,2024-05-04,10.1016/j.dss.2024.114245,https://doi.org/10.1016/j.dss.2024.114245,Decision Support Systems,0167-9236,1873-5797,0167-9236; 1873-5797,[object Object]; [object Object],2,article,9,5.989,0.95780426,false,false,closed,,Knowledge Management and Sharing; Digital Marketing and Social Media; Team Dynamics and Performance,2026-08-28T12:50:07.497085,2026-08-28T12:50:07.497085,openalex_orcid_only,official_orcid_to_openalex_author,high,false,false,,2026-08-29T03:05:16.957Z
unimelb-accounting-048,Dr Martin Weisner,A5008643332,W3123988104,Perspectives on Past and Future AIS Research as the Journal of Information Systems Turns Thirty,2016,2016-06-01,10.2308/isys-51495,https://doi.org/10.2308/isys-51495,Journal of Information Systems,0888-7985,1558-7959,0888-7985; 1558-7959,[object Object]; [object Object]; [object Object]; [object Object]; [object Object],5,article,32,5.3074,0.95396657,false,false,closed,,"Financial Reporting and XBRL; Auditing, Earnings Management, Governance; Accounting Education and Careers",2026-08-21T09:56:20.448147,2026-08-21T09:56:20.448147,openalex_orcid_only,official_orcid_to_openalex_author,high,false,false,,2026-08-29T03:05:16.957Z
unimelb-accounting-048,Dr Martin Weisner,A5008643332,W3035521357,Technology and the Future of the Profession,2019,2019-01-01,,https://findanexpert.unimelb.edu.au/scholarlywork/1420591-technology-and-the-future-of-the-profession,,,,,[object Object]; [object Object]; [object Object],3,article,10,0.9101,0.81596675,false,false,closed,,Business Process Modeling and Analysis; Big Data and Business Intelligence; Robotic Process Automation Applications,2026-06-11T09:08:48.828518,2026-06-11T09:08:48.828518,openalex_orcid_only,official_orcid_to_openalex_author,high,false,false,,2026-08-29T03:05:16.957Z
unimelb-accounting-048,Dr Martin Weisner,A5008643332,W4224997265,Spatial Distance and Risk Category Effects in Enterprise Risk Management Practice,2022,2022-04-26,10.2308/jmar-2021-016,https://doi.org/10.2308/jmar-2021-016,Journal of Management Accounting Research,1049-2127,1558-8033,1049-2127; 1558-8033,[object Object]; [object Object]; [object Object],3,article,4,0.8556,0.75008883,false,false,closed,,"Auditing, Earnings Management, Governance; Risk Management in Financial Firms; Decision-Making and Behavioral Economics",2026-07-02T09:51:11.867554,2026-07-02T09:51:11.867554,openalex_orcid_only,official_orcid_to_openalex_author,high,false,false,,2026-08-29T03:05:16.957Z
unimelb-accounting-048,Dr Martin Weisner,A5008643332,W4385972401,The Influence of Controllability and Outcome Valence on Cost-Shifting,2023,2023-08-18,10.2308/jmar-2021-030,https://doi.org/10.2308/jmar-2021-030,Journal of Management Accounting Research,1049-2127,1558-8033,1049-2127; 1558-8033,[object Object]; [object Object]; [object Object]; [object Object],4,article,2,0.8157,0.76895744,false,false,closed,,"Auditing, Earnings Management, Governance; Accounting and Organizational Management; Experimental Behavioral Economics Studies",2026-08-21T09:56:20.448147,2026-08-21T09:56:20.448147,openalex_orcid_only,official_orcid_to_openalex_author,high,false,false,,2026-08-29T03:05:16.957Z
unimelb-accounting-048,Dr Martin Weisner,A5008643332,W2940235715,The cost stickiness of information technology material weaknesses: An intertemporal comparison between it-related and other material weaknesses,2020,2020-05-17,10.1016/j.accinf.2020.100454,https://doi.org/10.1016/j.accinf.2020.100454,International Journal of Accounting Information Systems,1467-0895,1873-4723,1467-0895; 1873-4723,[object Object]; [object Object]; [object Object]; [object Object],4,article,3,0.3092,0.60135647,false,false,closed,,"Auditing, Earnings Management, Governance; Financial Distress and Bankruptcy Prediction; Imbalanced Data Classification Techniques",2026-08-28T12:50:07.497085,2026-08-28T12:50:07.497085,openalex_orcid_only,official_orcid_to_openalex_author,high,false,false,,2026-08-29T03:05:16.957Z
unimelb-accounting-048,Dr Martin Weisner,A5008643332,W2770271829,Avatars and Knowledge Sharing,2017,2017-01-01,,http://www.alexandria.unisg.ch/267287/,Alexandria (UniSG) (University of St.Gallen),,,,[object Object]; [object Object],2,conference-paper,2,0.4231,0.69555302,false,false,closed,,Knowledge Management and Sharing; Innovative Teaching and Learning Methods; Team Dynamics and Performance,2026-08-21T09:56:20.448147,2026-08-21T09:56:20.448147,openalex_orcid_only,official_orcid_to_openalex_author,high,false,false,,2026-08-29T03:05:16.957Z
unimelb-accounting-048,Dr Martin Weisner,A5008643332,W2597525020,Three Studies Examining the Effects of Psychological Distance on Judgment and Decision Making in Accounting,2015,2015-01-01,,https://stars.library.ucf.edu/etd/1316,Journal of International Crisis and Risk Communication Research,2576-0017,2576-0025,2576-0017; 2576-0025,[object Object],1,article,1,0.2619,0.68535524,false,true,green,https://stars.library.ucf.edu/etd/1316,Behavioral Health and Interventions; Decision-Making and Behavioral Economics; Psychological and Temporal Perspectives Research,2026-08-18T07:49:30.821534,2026-08-18T07:49:30.821534,openalex_orcid_only,official_orcid_to_openalex_author,high,false,false,,2026-08-29T03:05:16.957Z
unimelb-accounting-048,Dr Martin Weisner,A5008643332,W2888129115,Using Sociological Theories and Concepts in Accounting Information Systems Research: A Framework for Team Research,2018,2018-08-01,10.2308/jeta-52236,https://doi.org/10.2308/jeta-52236,Journal of Emerging Technologies in Accounting,1554-1908,1558-7940,1554-1908; 1558-7940,[object Object],1,article,1,0,0.10864348,false,false,closed,,Accounting and Organizational Management; Accounting Education and Careers; Management and Organizational Studies,2026-05-21T06:26:12.895304,2026-05-21T06:26:12.895304,openalex_orcid_only,official_orcid_to_openalex_author,high,false,false,,2026-08-29T03:05:16.957Z
unimelb-accounting-048,Dr Martin Weisner,A5008643332,W2403372030,Perspectives on Past and Future AIS Research as the Journal of Information Systems Turns Thirty,2016,2016-01-01,10.2139/ssrn.2734940,https://doi.org/10.2139/ssrn.2734940,SSRN Electronic Journal,1556-5068,,1556-5068,[object Object]; [object Object]; [object Object]; [object Object]; [object Object],5,preprint,13,,,false,true,green,https://doi.org/10.2139/ssrn.2734940,"Financial Reporting and XBRL; Auditing, Earnings Management, Governance; Big Data and Business Intelligence",2026-08-21T09:56:20.448147,2026-08-21T09:56:20.448147,openalex_orcid_only,official_orcid_to_openalex_author,high,false,false,,2026-08-29T03:05:16.957Z
unimelb-accounting-048,Dr Martin Weisner,A5008643332,W3122676350,The Cost Stickiness of Information Technology Material Weaknesses: An Intertemporal Comparison between IT-Related and Other Material Weaknesses,2018,2018-01-01,10.2139/ssrn.3177292,https://doi.org/10.2139/ssrn.3177292,SSRN Electronic Journal,1556-5068,,1556-5068,[object Object]; [object Object]; [object Object]; [object Object],4,preprint,1,,,false,true,green,https://doi.org/10.2139/ssrn.3177292,"Innovation Diffusion and Forecasting; Intellectual Capital and Performance Analysis; Auditing, Earnings Management, Governance",2026-07-28T07:46:37.118299,2026-07-28T07:46:37.118299,openalex_orcid_only,official_orcid_to_openalex_author,high,false,false,,2026-08-29T03:05:16.957Z
unimelb-accounting-048,Dr Martin Weisner,A5008643332,W2042406856,When the World Isnnt Always Flat: The Impact of Psychological Distance on Auditorss Reliance on Specialists,2014,2014-01-01,10.2139/ssrn.2505505,https://doi.org/10.2139/ssrn.2505505,SSRN Electronic Journal,1556-5068,,1556-5068,[object Object]; [object Object],2,preprint,0,,,false,true,green,https://doi.org/10.2139/ssrn.2505505,"Auditing, Earnings Management, Governance",2026-08-04T08:18:43.703281,2026-08-04T08:18:43.703281,openalex_orcid_only,official_orcid_to_openalex_author,high,false,false,,2026-08-29T03:05:16.957Z
unimelb-accounting-048,Dr Martin Weisner,A5008643332,W263636018,Net Bet Debt,2000,2000-01-01,,https://digitalcommons.fiu.edu/cgi/viewcontent.cgi?article=1332&context=hospitalityreview,FIU hospitality review,0739-7011,,0739-7011,[object Object]; [object Object],2,article,0,0,0.11535049,false,false,closed,,EU Law and Policy Analysis,2026-06-11T09:08:48.828518,2026-06-11T09:08:48.828518,openalex_orcid_only,official_orcid_to_openalex_author,high,false,false,,2026-08-29T03:05:16.957Z
unimelb-accounting-048,Dr Martin Weisner,A5008643332,W3152667537,Risk Category and Spatial Distance Effects in Enterprise Risk Management Practice,2020,2020-04-22,,https://autopapers.ssrn.com/sol3/papers.cfm?abstract_id=3582288,SSRN Electronic Journal,1556-5068,,1556-5068,[object Object]; [object Object]; [object Object],3,preprint,0,,,false,true,green,https://autopapers.ssrn.com/sol3/papers.cfm?abstract_id=3582288,"Auditing, Earnings Management, Governance; Risk Management in Financial Firms",2026-07-14T23:32:53.992493,2026-07-14T23:32:53.992493,openalex_orcid_only,official_orcid_to_openalex_author,high,false,false,,2026-08-29T03:05:16.957Z
unimelb-accounting-048,Dr Martin Weisner,A5008643332,W4388531080,Social Media Data for Budgeting,2023,2023-01-01,10.15358/0935-0381-2023-4-49,https://doi.org/10.15358/0935-0381-2023-4-49,Controlling,0935-0381,,0935-0381,[object Object]; [object Object]; [object Object],3,article,0,0,0.18875693,false,false,closed,,"FinTech, Crowdfunding, Digital Finance; Corporate Governance and Management; Knowledge Management and Sharing",2026-08-21T09:56:20.448147,2026-08-21T09:56:20.448147,openalex_orcid_only,official_orcid_to_openalex_author,high,false,false,,2026-08-29T03:05:16.957Z
unimelb-accounting-048,Dr Martin Weisner,A5008643332,W633159431,STEP INTO THE FUTURE: THE FUTURE OF COLLABORATIVE DECISION MAKING.,2005,2005-01-01,,https://trid.trb.org/view/738092,Traffic Technology International,1356-9252,2397-5970,1356-9252; 2397-5970,[object Object]; [object Object],2,article,0,0,0.06895984,false,false,closed,,Open Education and E-Learning,2026-06-11T09:08:48.828518,2026-06-11T09:08:48.828518,openalex_orcid_only,official_orcid_to_openalex_author,high,false,false,,2026-08-29T03:05:16.957Z
unimelb-accounting-048,Dr Martin Weisner,A5008643332,W7134428299,Net Bet Debt,2000,2000-01-01,,https://digitalcommons.fiu.edu/hospitalityreview/vol18/iss2/6,Florida International University Digital Commons (Florida International University),,,,[object Object]; [object Object],2,article,0,0,0.64582335,false,true,green,https://digitalcommons.fiu.edu/cgi/viewcontent.cgi?article=1332&context=hospitalityreview,Gambling Behavior and Treatments; Sports Analytics and Performance; Sharing Economy and Platforms,2026-08-18T07:49:30.821534,2026-08-18T07:49:30.821534,openalex_orcid_only,official_orcid_to_openalex_author,high,false,false,,2026-08-29T03:05:16.957Z
unimelb-accounting-048,Dr Martin Weisner,A5008643332,W7171810725,"Gaze Behavior, Motivational Factors, and Organizational Knowledge Sharing",2026,2026-01-01,10.17705/1cais.05846,https://doi.org/10.17705/1cais.05846,Communications of the Association for Information Systems,1529-3181,,1529-3181,[object Object]; [object Object],2,article,0,0,0.85851664,false,true,bronze,https://aisel.aisnet.org/cgi/viewcontent.cgi?article=4765&context=cais,Knowledge Management and Sharing; Personal Information Management and User Behavior; Team Dynamics and Performance,2026-08-22T07:34:49.880490,2026-08-22T07:34:49.880490,openalex_orcid_only,official_orcid_to_openalex_author,high,false,false,,2026-08-29T03:05:16.957Z
unimelb-accounting-050,Dr Qingbo Yuan,A5058942007,W1988545222,Excess perks and stock price crash risk: Evidence from China,2014,2014-01-23,10.1016/j.jcorpfin.2014.01.006,https://doi.org/10.1016/j.jcorpfin.2014.01.006,Journal of Corporate Finance,0929-1199,1872-6313,0929-1199; 1872-6313,[object Object]; [object Object]; [object Object]; [object Object],4,article,666,32.3934,0.99570391,false,false,closed,,"Corporate Finance and Governance; Auditing, Earnings Management, Governance; Financial Markets and Investment Strategies",2026-08-27T14:10:00.468798,2026-08-27T14:10:00.468798,openalex_orcid_only,official_orcid_to_openalex_author,high,false,false,,2026-08-29T03:05:16.957Z
unimelb-accounting-050,Dr Qingbo Yuan,A5058942007,W2766981670,Institutional investors' corporate site visits and corporate innovation,2017,2017-10-24,10.1016/j.jcorpfin.2017.09.019,https://doi.org/10.1016/j.jcorpfin.2017.09.019,Journal of Corporate Finance,0929-1199,1872-6313,0929-1199; 1872-6313,[object Object]; [object Object],2,article,427,18.0897,0.99132622,false,false,closed,,"Corporate Finance and Governance; Financial Markets and Investment Strategies; Auditing, Earnings Management, Governance",2026-08-28T12:50:07.497085,2026-08-28T12:50:07.497085,openalex_orcid_only,official_orcid_to_openalex_author,high,false,false,,2026-08-29T03:05:16.957Z
unimelb-accounting-050,Dr Qingbo Yuan,A5058942007,W2088987741,"Founder's political connections, second generation involvement, and family firm performance: Evidence from China",2015,2015-01-15,10.1016/j.jcorpfin.2015.01.004,https://doi.org/10.1016/j.jcorpfin.2015.01.004,Journal of Corporate Finance,0929-1199,1872-6313,0929-1199; 1872-6313,[object Object]; [object Object]; [object Object]; [object Object],4,article,238,30.6672,0.99552958,false,false,closed,,Corporate Finance and Governance; Family Business Performance and Succession; Private Equity and Venture Capital,2026-08-24T07:32:12.397491,2026-08-24T07:32:12.397491,openalex_orcid_only,official_orcid_to_openalex_author,high,false,false,,2026-08-29T03:05:16.957Z
unimelb-accounting-050,Dr Qingbo Yuan,A5058942007,W1655366670,"Political Connections, Financing Friction, and Corporate Investment: Evidence from Chinese Listed Family Firms",2011,2011-05-26,10.1111/j.1468-036x.2011.00591.x,https://doi.org/10.1111/j.1468-036x.2011.00591.x,European Financial Management,1354-7798,1468-036X,1354-7798; 1468-036X,[object Object]; [object Object]; [object Object],3,article,207,6.9692,0.96263491,false,false,closed,,Corporate Finance and Governance; Family Business Performance and Succession; Corporate Taxation and Avoidance,2026-08-26T07:47:46.906454,2026-08-26T07:47:46.906454,openalex_orcid_only,official_orcid_to_openalex_author,high,false,false,,2026-08-29T03:05:16.957Z
unimelb-accounting-050,Dr Qingbo Yuan,A5058942007,W2524793615,Do Banks Price Litigation Risk in Debt Contracting? Evidence from Class Action Lawsuits,2015,2015-10-02,10.1111/jbfa.12164,https://doi.org/10.1111/jbfa.12164,Journal of Business Finance &amp Accounting,0306-686X,1468-5957,0306-686X; 1468-5957,[object Object]; [object Object],2,article,61,15.2409,0.98600902,false,false,closed,,"Law, Economics, and Judicial Systems; Corporate Finance and Governance; Credit Risk and Financial Regulations",2026-08-21T09:56:20.448147,2026-08-21T09:56:20.448147,openalex_orcid_only,official_orcid_to_openalex_author,high,false,false,,2026-08-29T03:05:16.957Z
unimelb-accounting-050,Dr Qingbo Yuan,A5058942007,W2006791990,The real effects of corporate fraud: evidence from class action lawsuits,2014,2014-10-06,10.1111/acfi.12090,https://doi.org/10.1111/acfi.12090,Accounting and Finance,0810-5391,1467-629X,0810-5391; 1467-629X,[object Object]; [object Object],2,article,38,3.2621,0.92817263,false,false,closed,,"Auditing, Earnings Management, Governance; Corporate Finance and Governance; Law, Economics, and Judicial Systems",2026-08-21T09:56:20.448147,2026-08-21T09:56:20.448147,openalex_orcid_only,official_orcid_to_openalex_author,high,false,false,,2026-08-29T03:05:16.957Z
unimelb-accounting-050,Dr Qingbo Yuan,A5058942007,W2584079093,Lab-on-PCB-based micro-cytometer for circulating tumor cells detection and enumeration,2017,2017-02-01,10.1007/s10404-017-1854-2,https://doi.org/10.1007/s10404-017-1854-2,Microfluidics and Nanofluidics,1613-4982,1613-4990,1613-4982; 1613-4990,[object Object]; [object Object]; [object Object],3,article,36,1.9848,0.85200654,false,false,closed,,Microfluidic and Bio-sensing Technologies; Microfluidic and Capillary Electrophoresis Applications; Nanopore and Nanochannel Transport Studies,2026-08-21T09:56:20.448147,2026-08-21T09:56:20.448147,openalex_orcid_only,official_orcid_to_openalex_author,high,false,false,,2026-08-29T03:05:16.957Z
unimelb-accounting-050,Dr Qingbo Yuan,A5058942007,W2338958200,Mutual-Fund-Affiliated Analysts and Stock Price Synchronicity: Evidence From China,2016,2016-07-17,10.1177/0148558x16658372,https://doi.org/10.1177/0148558x16658372,Journal of Accounting Auditing & Finance,0148-558X,2160-4061,0148-558X; 2160-4061,[object Object]; [object Object]; [object Object]; [object Object],4,article,24,0.8493,0.77718135,false,false,closed,,"Financial Markets and Investment Strategies; Auditing, Earnings Management, Governance; Corporate Finance and Governance",2026-08-21T09:56:20.448147,2026-08-21T09:56:20.448147,openalex_orcid_only,official_orcid_to_openalex_author,high,false,false,,2026-08-29T03:05:16.957Z
unimelb-accounting-050,Dr Qingbo Yuan,A5058942007,W2062301337,A New Model of Information Content for Measuring the Semantic Similarity between Concepts,2013,2013-12-01,10.1109/cloudcom-asia.2013.25,https://doi.org/10.1109/cloudcom-asia.2013.25,,,,,[object Object]; [object Object]; [object Object],3,conference-paper,18,0.6864,0.68950322,false,false,closed,,Advanced Text Analysis Techniques; Topic Modeling; Biomedical Text Mining and Ontologies,2026-07-29T14:22:42.915294,2026-07-29T14:22:42.915294,openalex_orcid_only,official_orcid_to_openalex_author,high,false,false,,2026-08-29T03:05:16.957Z
unimelb-accounting-050,Dr Qingbo Yuan,A5058942007,W4414448532,Cultivating Integrity? The Role of Employee Directors in Mitigating Corporate Financial Misconduct,2025,2025-09-24,10.1007/s10551-025-06143-1,https://doi.org/10.1007/s10551-025-06143-1,Journal of Business Ethics,0167-4544,1573-0697,0167-4544; 1573-0697,[object Object]; [object Object]; [object Object],3,article,2,4.246,0.94453224,false,false,closed,,"Auditing, Earnings Management, Governance; Corporate Finance and Governance; Insurance and Financial Risk Management",2026-08-21T09:56:20.448147,2026-08-21T09:56:20.448147,openalex_orcid_only,official_orcid_to_openalex_author,high,false,false,,2026-08-29T03:05:16.957Z
unimelb-accounting-050,Dr Qingbo Yuan,A5058942007,W1581706221,Dark Side of Institutional Shareholder Activism in Emerging Markets: Evidence from China’s Split Share Structure Reform*,2011,2011-04-01,10.1111/j.2041-6156.2011.01041.x,https://doi.org/10.1111/j.2041-6156.2011.01041.x,Asia-Pacific Journal of Financial Studies,2041-6156,2041-9945,2041-6156; 2041-9945,[object Object]; [object Object]; [object Object],3,article,14,3.5384,0.92998386,false,true,bronze,https://onlinelibrary.wiley.com/doi/pdfdirect/10.1111/j.2041-6156.2011.01041.x,Corporate Finance and Governance; Credit Risk and Financial Regulations; Private Equity and Venture Capital,2026-08-21T09:56:20.448147,2026-08-21T09:56:20.448147,openalex_orcid_only,official_orcid_to_openalex_author,high,false,false,,2026-08-29T03:05:16.957Z
unimelb-accounting-050,Dr Qingbo Yuan,A5058942007,W4311317808,Risk-preparedness mechanism and audit quality: Evidence from mandatory increase of professional indemnity insurance and professional risk fund,2022,2022-12-13,10.1016/j.cjar.2022.100284,https://doi.org/10.1016/j.cjar.2022.100284,China Journal of Accounting Research,1755-3091,2214-1421,1755-3091; 2214-1421,[object Object]; [object Object],2,article,5,1.1018,0.80568118,false,true,gold,https://doi.org/10.1016/j.cjar.2022.100284,"Auditing, Earnings Management, Governance; Corporate Finance and Governance; Credit Risk and Financial Regulations",2026-07-29T09:40:50.615796,2026-07-29T09:40:50.615796,openalex_orcid_only,official_orcid_to_openalex_author,high,false,false,,2026-08-29T03:05:16.957Z
unimelb-accounting-050,Dr Qingbo Yuan,A5058942007,W1958650270,"Public Governance, Political Connectedness, and CEO Turnover: Evidence from Chinese State-Owned Enterprises",2011,2011-01-01,10.2139/ssrn.1911863,https://doi.org/10.2139/ssrn.1911863,SSRN Electronic Journal,1556-5068,,1556-5068,[object Object],1,preprint,10,,,false,true,green,https://doi.org/10.2139/ssrn.1911863,Political Influence and Corporate Strategies; Corporate Finance and Governance; Corruption and Economic Development,2026-08-21T09:56:20.448147,2026-08-21T09:56:20.448147,openalex_orcid_only,official_orcid_to_openalex_author,high,false,false,,2026-08-29T03:05:16.957Z
unimelb-accounting-050,Dr Qingbo Yuan,A5058942007,W2107303407,Do Banks Price Litigation Risk in Debt Contracting? Evidence from Class Action Lawsuits,2015,2015-01-01,10.2139/ssrn.2670474,https://doi.org/10.2139/ssrn.2670474,SSRN Electronic Journal,1556-5068,,1556-5068,[object Object]; [object Object],2,preprint,10,,,false,true,green,https://doi.org/10.2139/ssrn.2670474,"Law, Economics, and Judicial Systems; Corporate Finance and Governance; Regulation and Compliance Studies",2026-08-21T09:56:20.448147,2026-08-21T09:56:20.448147,openalex_orcid_only,official_orcid_to_openalex_author,high,false,false,,2026-08-29T03:05:16.957Z
unimelb-accounting-050,Dr Qingbo Yuan,A5058942007,W1835211536,"Ownership Structure, Share Transferability, and Corporate Risk-Taking",2011,2011-01-01,10.2139/ssrn.1786581,https://doi.org/10.2139/ssrn.1786581,SSRN Electronic Journal,1556-5068,,1556-5068,[object Object]; [object Object]; [object Object],3,preprint,0,,,false,true,green,https://doi.org/10.2139/ssrn.1786581,Corporate Finance and Governance; Private Equity and Venture Capital; Family Business Performance and Succession,2026-08-04T08:18:43.703281,2026-08-04T08:18:43.703281,openalex_orcid_only,official_orcid_to_openalex_author,high,false,false,,2026-08-29T03:05:16.957Z
unimelb-accounting-050,Dr Qingbo Yuan,A5058942007,W2032778096,CAN bus application in deep-sea drilling measurement and control system,2014,2014-04-01,10.1109/oceans-taipei.2014.6964582,https://doi.org/10.1109/oceans-taipei.2014.6964582,,,,,[object Object]; [object Object]; [object Object]; [object Object],4,conference-paper,0,0,0.10210858,false,false,closed,,Advanced Computational Techniques and Applications; Advanced Sensor and Control Systems; Advanced Algorithms and Applications,2026-07-29T14:22:42.915294,2026-07-29T14:22:42.915294,openalex_orcid_only,official_orcid_to_openalex_author,high,false,false,,2026-08-29T03:05:16.957Z
unimelb-accounting-050,Dr Qingbo Yuan,A5058942007,W585875149,"Public governance, political connectedness, and CEO turnover : evidence from the transitional economy of China",2008,2008-01-01,,http://ci.nii.ac.jp/ncid/BB10002910,Medical Entomology and Zoology,0424-7086,2185-5609,0424-7086; 2185-5609,[object Object],1,book,0,0,0.09633508,false,false,closed,,Corporate Finance and Governance,2026-07-28T07:46:37.118299,2026-07-28T07:46:37.118299,openalex_orcid_only,official_orcid_to_openalex_author,high,false,false,,2026-08-29T03:05:16.957Z
unimelb-accounting-050,Dr Qingbo Yuan,A5058942007,W597970495,Identification and functional analysis of a novel flowering time gene Ef7 in rice,2009,2009-03-23,,http://hdl.handle.net/2433/123997,Kyoto University Research Information Repository (Kyoto University),,,,[object Object],1,dissertation,0,,,false,true,green,http://hdl.handle.net/2433/123997,GABA and Rice Research; Plant Molecular Biology Research,2026-08-18T07:49:30.821534,2026-08-18T07:49:30.821534,openalex_orcid_only,official_orcid_to_openalex_author,high,false,false,,2026-08-29T03:05:16.957Z
unimelb-accounting-050,Dr Qingbo Yuan,A5058942007,W7167206182,When Some Investors Have Superior AI: Evidence from China's Stock Connect Programs,2026,2026-01-01,10.2139/ssrn.7049101,https://doi.org/10.2139/ssrn.7049101,SSRN Electronic Journal,1556-5068,,1556-5068,[object Object]; [object Object]; [object Object]; [object Object],4,preprint,0,,,false,true,green,https://doi.org/10.2139/ssrn.7049101,Stock Market Forecasting Methods; Artificial Intelligence in Healthcare and Education; Financial Markets and Investment Strategies,2026-07-14T23:27:15.235271,2026-07-14T23:27:15.235271,openalex_orcid_only,official_orcid_to_openalex_author,high,false,false,,2026-08-29T03:05:16.957Z
