"item_uuid","handle","item_url","title","authors","melbourne_authors","internal_author_ids","issued_date","publication_year","article_url","available_date","item_type","doi","issn","eissn","journal","volume","issue","pages","publisher","departments","faculties","citation_text","license","open_access_status","open_access_url","last_modified"
"9715e3bb-e16d-45da-82f7-6ec56aea40ab","11343/370225","https://hdl.handle.net/11343/370225","Secure task offloading strategy optimization of UAV-aided outdoor mobile high-definition live streaming","YAN, M; ZHANG, Y; CHAN, CA; GYGAX, AF; LI, C","Chan, Chien Aun; Gygax, Andre","Chan, Chien Aun; 7634; 0000-0001-7188-3478; Gygax, Andre; 223; 0000-0001-7265-9400","2025-10-01","2025","https://doi.org/10.1016/j.cja.2025.103454","2026-06-23T02:09:33Z","Journal Article","10.1016/j.cja.2025.103454","1000-9361","","Hangkong Xuebao/Acta Aeronautica et Astronautica Sinica","38","10","103454-103454","Elsevier BV","Finance","Business & Economics; Engineering and Information Technology","YAN, M., ZHANG, Y., CHAN, C. A., GYGAX, A. F. & LI, C. (2025). Secure task offloading strategy optimization of UAV-aided outdoor mobile high-definition live streaming. Chinese Journal of Aeronautics, 38 (10), pp.103454-103454. https://doi.org/10.1016/j.cja.2025.103454.","cc-by-nc-nd","Published Version","https://doi.org/10.1016/j.cja.2025.103454","2026-07-15T00:25:49.815+00:00"
"749deaf3-09d4-4e43-8950-1f6cd757cf5c","11343/370038","https://hdl.handle.net/11343/370038","AI’s predictable memory in financial analysis","Didisheim, A; Fraschini, M; Somoza, L","Didisheim, Antoine","Didisheim, Antoine; 182622; 0009-0004-2846-1957","2025-10","2025","https://doi.org/10.1016/j.econlet.2025.112602","2026-06-23T01:53:29Z","Journal Article","10.1016/j.econlet.2025.112602","0165-1765","","Economics Letters","256","","","Elsevier BV","Finance","Business & Economics","Didisheim, A., Fraschini, M. & Somoza, L. (2025). AI’s predictable memory in financial analysis. Economics Letters, 256, https://doi.org/10.1016/j.econlet.2025.112602.","cc-by","Published Version","https://doi.org/10.1016/j.econlet.2025.112602","2026-06-28T20:47:03.704+00:00"
"626a9246-3c06-413e-a52f-bf1a88836d20","11343/369867","https://hdl.handle.net/11343/369867","When we want to know the bad news: exploring information-seeking for unavoidable pain stimuli","Bode, S; Varsamis, A; Xu, ZA; Jiwa, M; Andrabi, H; Egorova-Brumley, N; Morawetz, C","Brumley, Natalia; Jiwa, Matthew; Andrabi, Syed","Brumley, Natalia; 121748; 0000-0002-9244-2900; Jiwa, Matthew; 147301; 0000-0002-4785-6389; Andrabi, Syed; 163847; 0000-0003-3929-5195","2025-01-01","2025","https://doi.org/10.1080/02699931.2025.2597887","2026-06-22T04:58:19Z","Journal Article","10.1080/02699931.2025.2597887","0269-9931","1464-0600","Cognition and Emotion","ahead-of-print","ahead-of-print","1-14","Informa UK Limited","Finance; Melbourne School of Psychological Sciences","Business & Economics; Medicine, Dentistry & Health Sciences","Bode, S., Varsamis, A., Xu, Z. A., Jiwa, M., Andrabi, H., Egorova-Brumley, N. & Morawetz, C. (2025). When we want to know the bad news: exploring information-seeking for unavoidable pain stimuli. Cognition and Emotion, ahead-of-print (ahead-of-print), pp.1-14. https://doi.org/10.1080/02699931.2025.2597887.","CC BY","Published Version","https://doi.org/10.1080/02699931.2025.2597887","2026-07-04T17:02:52.348+00:00"
"dcf57376-c44a-47a4-aa8b-dd5d39f90bb0","11343/368080","https://hdl.handle.net/11343/368080","Whom do we prefer to learn from in observational reinforcement learning?","Morishita, G; Murawski, C; Yadav, N; Suzuki, S","Suzuki, Shinsuke; Murawski, Carsten; Morishita, Gota; Yadav, Nitin","Suzuki, Shinsuke; 149050; 0000-0002-9816-9423; Murawski, Carsten; 5544; 0000-0002-1237-9535; Morishita, Gota; 173252; 0000-0002-3221-4746; Yadav, Nitin; 127160; 0000-0003-0132-1028","2025-12-08","2025","https://doi.org/10.1371/journal.pcbi.1013143","2026-03-13T02:25:47Z","Journal Article","10.1371/journal.pcbi.1013143","1553-734X","1553-7358","PLoS Computational Biology","21","12","1-21","Public Library of Science (PLoS)","Finance","Business & Economics","Morishita, G., Murawski, C., Yadav, N. & Suzuki, S. (2025). Whom do we prefer to learn from in observational reinforcement learning?. Plos Computational Biology, 21 (12), pp.1-21. https://doi.org/10.1371/journal.pcbi.1013143.","CC BY","","","2026-06-29T05:49:48.104+00:00"
"b9931365-22de-4c46-94f1-3e22407a2887","11343/367756","https://hdl.handle.net/11343/367756","Predicting individual food valuation via vision-language embedding model","Kojima, H; Toyama, A; Suzuki, S; Yamashita, Y","Suzuki, Shinsuke","Suzuki, Shinsuke; 149050; 0000-0002-9816-9423","2025-10-01","2025","https://doi.org/10.1371/journal.pdig.0001044","2026-03-13T02:13:49Z","Journal Article","10.1371/journal.pdig.0001044","2767-3170","2767-3170","PLOS Digital Health","4","10 October","e0001044-","Public Library of Science (PLoS)","Finance","Business & Economics","Kojima, H., Toyama, A., Suzuki, S. & Yamashita, Y. (2025). Predicting individual food valuation via vision-language embedding model. Plos Digital Health, 4 (10 October), pp.e0001044-. https://doi.org/10.1371/journal.pdig.0001044.","CC BY","","","2026-07-04T12:15:10.226+00:00"
"e32e374a-5c37-4d0f-aeb8-6ce3a6dc27dc","11343/367719","https://hdl.handle.net/11343/367719","Neural mechanisms underlying reward processing and social cognition: A replication study with a Japanese sample","Ohnishi, K; Sugawara, M; Mano, Y; Suzuki, S","Suzuki, Shinsuke","Suzuki, Shinsuke; 149050; 0000-0002-9816-9423","2025-10-01","2025","https://doi.org/10.1371/journal.pone.0328424","2026-03-13T02:13:44Z","Journal Article","10.1371/journal.pone.0328424","1932-6203","1932-6203","PLoS ONE","20","10 October","","Public Library of Science (PLoS)","Finance","Business & Economics","Ohnishi, K., Sugawara, M., Mano, Y. & Suzuki, S. (2025). Neural mechanisms underlying reward processing and social cognition: A replication study with a Japanese sample. PLoS ONE, 20 (10 October), https://doi.org/10.1371/journal.pone.0328424.","CC BY","","","2026-06-28T20:17:28.990+00:00"
"41ec8f58-fee9-4224-a55f-e33bace6fc70","11343/367306","https://hdl.handle.net/11343/367306","Acute stress impairs decision-making at varying levels of decision complexity","Doroc, K; Yadav, N; Murawski, C","Murawski, Carsten; Doroc, Karlo; Yadav, Nitin","Murawski, Carsten; 5544; 0000-0002-1237-9535; Doroc, Karlo; 128313; 0000-0003-0736-7131; Yadav, Nitin; 127160; 0000-0003-0132-1028","2025","2025","https://doi.org/10.1038/s44271-025-00355-x","2026-03-02T00:08:06Z","Journal Article","10.1038/s44271-025-00355-x","2731-9121","2731-9121","Communications Psychology","3","1","179-","Nature Portfolio","Accounting; Finance","Business & Economics","Doroc, K., Yadav, N. & Murawski, C. (2025). Acute stress impairs decision-making at varying levels of decision complexity. Communications Psychology, 3 (1), https://doi.org/10.1038/s44271-025-00355-x.","CC BY-NC-ND","Published version","https://doi.org/10.1038/s44271-025-00355-x","2026-07-13T14:25:38.508+00:00"
"67d7cf04-569c-4446-ada7-969e6ec569ad","11343/366607","https://hdl.handle.net/11343/366607","Compositionality and Sentence Meaning: Comparing Semantic Parsing and Transformers on a Challenging Sentence Similarity Dataset","Fodor, J; Deyne, SD; Suzuki, S","De Deyne, Simon; Suzuki, Shinsuke","De Deyne, Simon; 133899; 0000-0002-7899-6210; Suzuki, Shinsuke; 149050; 0000-0002-9816-9423","2025-03-15","2025","https://doi.org/10.1162/coli_a_00536","2026-01-11T21:51:34Z","Journal Article","10.1162/coli_a_00536","0891-2017","1530-9312","Computational Linguistics","51","1","139-190","MIT Press","Finance; Melbourne School of Psychological Sciences","Business & Economics; Medicine, Dentistry & Health Sciences","Fodor, J., Deyne, S. D. & Suzuki, S. (2025). Compositionality and Sentence Meaning: Comparing Semantic Parsing and Transformers on a Challenging Sentence Similarity Dataset. Computational Linguistics, 51 (1), pp.139-190. https://doi.org/10.1162/coli_a_00536.","CC-BY-NC-ND","Published Version","https://doi.org/10.1162/coli_a_00536","2026-06-26T02:53:04.604+00:00"
"54217096-52d7-42ac-8e00-54649c093644","11343/366469","https://hdl.handle.net/11343/366469","Estimating background risk hedging demands from cross-sectional data","Brugler, J; Inkmann, J; Rizzo, A","Inkmann, Joachim; Brugler, James","Inkmann, Joachim; 10095; 0000-0002-5526-7648; Brugler, James; 117315; 0000-0002-3905-6007","2025-06-01","2025","https://doi.org/10.1111/jfir.12432","2026-01-11T21:48:09Z","Journal Article","10.1111/jfir.12432","0270-2592","1475-6803","Journal of Financial Research","48","2","579-604","WILEY","Finance","Business & Economics","Brugler, J., Inkmann, J. & Rizzo, A. (2025). Estimating background risk hedging demands from cross-sectional data. Journal of Financial Research, 48 (2), pp.579-604. https://doi.org/10.1111/jfir.12432.","CC-BY","Published Version","https://doi.org/10.1111/jfir.12432","2026-07-03T08:14:03.233+00:00"
"42581fad-e99c-42ca-807a-e3dff40cddc7","11343/366386","https://hdl.handle.net/11343/366386","Evolution of Debt Financing Toward Less-Regulated Financial Intermediaries in the United States","Erel, I; Inozemtsev, E","Inozemtsev, Eduard","Inozemtsev, Eduard; 184695; 0009-0005-3542-0392","2025-05-01","2025","https://doi.org/10.1017/S0022109024000206","2026-01-11T21:44:43Z","Journal Article","10.1017/S0022109024000206","0022-1090","1756-6916","Journal of Financial and Quantitative Analysis","60","3","1234-1271","CAMBRIDGE UNIV PRESS","Finance","Business & Economics","Erel, I. & Inozemtsev, E. (2025). Evolution of Debt Financing Toward Less-Regulated Financial Intermediaries in the United States. Journal of Financial and Quantitative Analysis, 60 (3), pp.1234-1271. https://doi.org/10.1017/S0022109024000206.","CC-BY","Published Version","https://doi.org/10.1017/s0022109024000206","2026-07-17T16:20:10.054+00:00"
"56a90d97-c423-4bf5-8b87-84040f55eeb7","11343/366342","https://hdl.handle.net/11343/366342","Benchmarking benchmarks","Brugler, J; Khomyn, M; Putniņs̆, T","Malcolm, Lyle; Brugler, James","Malcolm, Lyle; 4623; 0000-0003-1664-3927; Brugler, James; 117315; 0000-0002-3905-6007","2025-06-01","2025","https://doi.org/10.1016/j.jfineco.2025.104018","2026-01-11T21:44:41Z","Conference Paper","10.1016/j.jfineco.2025.104018","0304-405X","","Journal of Financial Economics","168","","104018-104018","Elsevier BV","Finance; School of Agriculture, Food and Ecosystem Sciences","Business & Economics; Science","Brugler, J., Khomyn, M. & Putniņs̆, T. (2025). Benchmarking benchmarks. Journal of Financial Economics, 168, pp.104018-104018. Elsevier BV. https://doi.org/10.1016/j.jfineco.2025.104018.","CC-BY","Published Version","https://doi.org/10.1016/j.jfineco.2025.104018","2026-07-02T18:35:01.757+00:00"
"76fcbb14-b0a2-4962-94f6-708b889e8c0b","11343/366060","https://hdl.handle.net/11343/366060","Acquiring divestors","Vo, V; Nguyen, G; Pham, H","Pham, Hung Viet","Pham, Hung Viet; 182729; 0000-0001-8163-4010","2025-03","2025","https://doi.org/10.1016/j.iref.2025.103844","2026-01-08T05:26:16Z","Journal Article","10.1016/j.iref.2025.103844","1059-0560","1873-8036","International Review of Economics and Finance","98","","","Elsevier","Finance","Business & Economics","Vo, V., Nguyen, G. & Pham, H. (2025). Acquiring divestors. International Review of Economics and Finance, 98, https://doi.org/10.1016/j.iref.2025.103844.","CC-BY-NC-ND","Published Version","https://doi.org/10.1016/j.iref.2025.103844","2026-07-14T01:24:45.145+00:00"
"f6176a98-5cc2-4087-8fb0-7e5fadc75e8e","11343/365931","https://hdl.handle.net/11343/365931","Intensity of exploitation-exploration innovation strategies and credit ratings","Balachandran, B; Bhagawan, P; Krishnamurti, C; Zhou, Y","Zhou, Yun","Zhou, Yun; 195949; 0000-0003-0115-3124","2025-10","2025","https://doi.org/10.1016/j.econmod.2025.107169","2026-01-08T05:21:00Z","Journal Article","10.1016/j.econmod.2025.107169","0264-9993","","Economic Modelling","151","","107169-107169","Elsevier BV","Finance","Business & Economics","Balachandran, B., Bhagawan, P., Krishnamurti, C. & Zhou, Y. (2025). Intensity of exploitation-exploration innovation strategies and credit ratings. Economic Modelling, 151, pp.107169-107169. https://doi.org/10.1016/j.econmod.2025.107169.","CC-BY","Published Version","https://doi.org/10.1016/j.econmod.2025.107169","2026-07-04T09:03:18.394+00:00"
"145ecbfa-d18d-4198-98e4-abbc697fa606","11343/365152","https://hdl.handle.net/11343/365152","An inexpensive method to measure latent toxoplasmosis and its behavioral consequences","Achtziger, A; Alós-Ferrer, C; Garagnani, M","Garagnani, Michele","Garagnani, Michele; 184696; 0000-0002-2510-7109","2025-04-01","2025","https://doi.org/10.1016/j.actpsy.2025.104814","2026-01-07T02:26:45Z","Journal Article","10.1016/j.actpsy.2025.104814","0001-6918","1873-6297","Acta Psychologica","254","","104814-","Elsevier BV","Finance","Business & Economics","Achtziger, A., Alós-Ferrer, C. & Garagnani, M. (2025). An inexpensive method to measure latent toxoplasmosis and its behavioral consequences. Acta Psychologica, 254, pp.104814-. https://doi.org/10.1016/j.actpsy.2025.104814.","CC BY-NC-ND","Published Version","https://doi.org/10.1016/j.actpsy.2025.104814","2026-07-15T00:33:56.870+00:00"
"4850e66d-aa6d-4752-acde-29a18f97ccd4","11343/365005","https://hdl.handle.net/11343/365005","Investigating the effects of orexin receptor 1 antagonism on decision making under uncertainty","Metha, JA; Bertheau, M; Murawski, C; Hoyer, D; Jacobson, LH","Jacobson, Laura; Murawski, Carsten; Hoyer, Daniel; Metha, Jeremy","Jacobson, Laura; 28636; 0000-0003-2910-8659; Murawski, Carsten; 5544; 0000-0002-1237-9535; Hoyer, Daniel; 24805; 0000-0002-1405-7089; Metha, Jeremy; 130351","2025-09-13","2025","https://doi.org/10.1016/j.bbr.2025.115691","2026-01-07T02:20:21Z","Journal Article","10.1016/j.bbr.2025.115691","0166-4328","1872-7549","Behavioural Brain Research","493","","115691-","Elsevier BV","Finance; Biochemistry and Pharmacology","Business & Economics; Medicine, Dentistry & Health Sciences","Metha, J. A., Bertheau, M., Murawski, C., Hoyer, D. & Jacobson, L. H. (2025). Investigating the effects of orexin receptor 1 antagonism on decision making under uncertainty. Behavioural Brain Research, 493, pp.115691-. https://doi.org/10.1016/j.bbr.2025.115691.","CC BY","Published Version","https://doi.org/10.1016/j.bbr.2025.115691","2026-07-13T21:04:31.390+00:00"
"dbca89f4-1503-4db5-a90e-902655aca2e3","11343/364882","https://hdl.handle.net/11343/364882","Economic Consequences of Numerical Adaptation","Garagnani, M; Vieider, FM","Garagnani, Michele","Garagnani, Michele; 184696; 0000-0002-2510-7109","2025-06-01","2025","https://doi.org/10.1177/09567976251339195","2026-01-07T02:16:14Z","Journal Article","10.1177/09567976251339195","0956-7976","1467-9280","Psychological Science","36","6","407-420","SAGE Publications","Finance","Business & Economics","Garagnani, M. & Vieider, F. M. (2025). Economic Consequences of Numerical Adaptation. Psychological Science, 36 (6), pp.407-420. https://doi.org/10.1177/09567976251339195.","CC BY-NC","Published Version","https://doi.org/10.1177/09567976251339195","2026-07-22T10:05:44.578+00:00"
"32d5b9c8-d8fd-41a6-b937-2bd49ff5cdea","11343/364339","https://hdl.handle.net/11343/364339","Themeda: Predicting Land Cover Change Using Deep Learning","Turnbull, R; Mannion, DJ; Wells, JA; Shrestha, KM; Balogh, A; Runting, RK","Mannion, Damien; Runting, Rebecca; Balogh, Attila; Manandhar Shrestha, Kabir; Wells, Jessie; Turnbull, Robert","Mannion, Damien; 180913; 0000-0001-5520-632X; Runting, Rebecca; 144869; 0000-0003-0614-1456; Balogh, Attila; 172695; 0000-0002-7026-1965; Manandhar Shrestha, Kabir; 163051; 0009-0001-2059-1683; Wells, Jessie; 154161; 0000-0002-3555-5108; Turnbull, Robert; 157842; 0000-0003-1274-6750","2025","2025","https://doi.org/10.34133/remotesensing.0780","2026-01-06T03:08:01Z","Journal Article","10.34133/remotesensing.0780","2694-1589","2694-1589","Journal of Remote Sensing","5","","","American Association for the Advancement of Science (AAAS)","School of Geography, Earth and Atmospheric Sciences; Finance; Computing and Information Systems","Science; Business & Economics; Engineering and Information Technology","Turnbull, R., Mannion, D. J., Wells, J. A., Shrestha, K. M., Balogh, A. & Runting, R. K. (2025). Themeda: Predicting Land Cover Change Using Deep Learning. Journal of Remote Sensing, 5, https://doi.org/10.34133/remotesensing.0780.","CC-BY","Published Version","https://doi.org/10.34133/remotesensing.0780","2026-07-05T02:03:54.350+00:00"
"f19fc2f7-4fee-4158-8c2d-2981a2f3417c","11343/364042","https://hdl.handle.net/11343/364042","Firm uncertainty and households: Spending, savings, and risks","Alfaro, I; Park, H","Park, Hoonsuk","Park, Hoonsuk; 158952; 0000-0003-1271-4804","2025-10","2025","https://doi.org/10.1016/j.jfineco.2025.104143","2026-01-06T02:20:28Z","Journal Article","10.1016/j.jfineco.2025.104143","0304-405X","1879-2774","Journal of Financial Economics","172","","","Elsevier","Finance","Business & Economics","Alfaro, I. & Park, H. (2025). Firm uncertainty and households: Spending, savings, and risks. Journal of Financial Economics, 172, https://doi.org/10.1016/j.jfineco.2025.104143.","CC-BY","Published Version","https://doi.org/10.1016/j.jfineco.2025.104143","2026-07-14T12:31:17.914+00:00"
"a433af42-53de-412d-b6e9-c3c84f38e7ab","11343/363667","https://hdl.handle.net/11343/363667","Improving numerical measures of human feelings: The case of pain","Garagnani, M; Schweinhardt, P; Tobler, PN; Alós-Ferrer, C","Garagnani, Michele","Garagnani, Michele; 184696; 0000-0002-2510-7109","2025-11","2025","https://doi.org/10.1016/j.socscimed.2025.118472","2025-12-19T04:44:09Z","Journal Article","10.1016/j.socscimed.2025.118472","0277-9536","1873-5347","Social Science and Medicine","384","","","Elsevier","Finance","Business & Economics","Garagnani, M., Schweinhardt, P., Tobler, P. N. & Alós-Ferrer, C. (2025). Improving numerical measures of human feelings: The case of pain. Social Science and Medicine, 384, https://doi.org/10.1016/j.socscimed.2025.118472.","CC BY","Published Version","https://doi.org/10.1016/j.socscimed.2025.118472","2026-07-13T22:57:13.232+00:00"
"2edd3638-a15b-4cbf-9050-b08b40cafd3e","11343/362767","https://hdl.handle.net/11343/362767","Daily entry and exit triggers for open market repurchases","Brown, C; Pinder, S","Pinder, Sean","Pinder, Sean; 321; 0000-0003-3083-6047","2026-06-01","2026","https://doi.org/10.1111/jfir.12470","2025-12-01T02:31:03Z","Journal Article","10.1111/jfir.12470","0270-2592","1475-6803","Journal of Financial Research","49","2","422-451","Wiley","Finance","Business & Economics","Brown, C. & Pinder, S. (2026). Daily entry and exit triggers for open market repurchases. Journal of Financial Research, 49 (2), pp.422-451. https://doi.org/10.1111/jfir.12470.","CC-BY-NC-ND","","","2026-06-27T20:02:05.355+00:00"
"2be3db05-f52f-4e4c-8cac-435d0cdb1409","11343/362196","https://hdl.handle.net/11343/362196","Improving risky choices: The effect of cognitive offloading on risky decisions","Gao, Y; Garagnani, M","Garagnani, Michele","Garagnani, Michele; 184696; 0000-0002-2510-7109","2025-04-01","2025","https://doi.org/10.1007/s11166-025-09451-z","2025-11-28T02:45:51Z","Journal Article","10.1007/s11166-025-09451-z","0895-5646","1573-0476","Journal of Risk and Uncertainty","70","2","105-128","Springer Science and Business Media LLC","Finance","Business & Economics","Gao, Y. & Garagnani, M. (2025). Improving risky choices: The effect of cognitive offloading on risky decisions. Journal of Risk and Uncertainty, 70 (2), pp.105-128. https://doi.org/10.1007/s11166-025-09451-z.","CC-BY","","","2026-07-22T04:13:44.786+00:00"
"39bc6bdc-d3c2-4d29-abb3-ab8794a5fc2b","11343/362105","https://hdl.handle.net/11343/362105","The framing of elections: cooperation vs. competition","Alós-Ferrer, C; Garagnani, M; García-Segarra, J","Garagnani, Michele","Garagnani, Michele; 184696; 0000-0002-2510-7109","2025-09-01","2025","https://doi.org/10.1007/s00355-024-01580-9","2025-11-28T02:41:30Z","Journal Article","10.1007/s00355-024-01580-9","0176-1714","1432-217X","Social Choice and Welfare","65","2","363-385","SPRINGER","Finance","Business & Economics","Alós-Ferrer, C., Garagnani, M. & García-Segarra, J. (2025). The framing of elections: cooperation vs. competition. Social Choice and Welfare, 65 (2), pp.363-385. https://doi.org/10.1007/s00355-024-01580-9.","CC-BY","","","2026-07-14T03:21:06.213+00:00"
"f88487f0-96a5-48e1-9238-bbf3517d3409","11343/360074","https://hdl.handle.net/11343/360074","The Relationship Between Schizotypal Personality Traits and Temporal Discounting: The Role of the Date/Delay Effect","Keidel, K; Murawski, C; Pantelis, C; Ettinger, U","Pantelis, Christos; Murawski, Carsten; Keidel, Kristof","Pantelis, Christos; 628; 0000-0002-9565-0238; Murawski, Carsten; 5544; 0000-0002-1237-9535; Keidel, Kristof; 168424; 0000-0002-1561-0157","2025-03-01","2025","https://doi.org/10.1093/schbul/sbad110","2025-09-18T00:54:49Z","Journal Article","10.1093/schbul/sbad110","0586-7614","1745-1701","Schizophrenia Bulletin","51","Suppl 2","S64-S73","Oxford University Press (OUP)","Finance; Psychiatry","Business & Economics; Medicine, Dentistry & Health Sciences","Keidel, K., Murawski, C., Pantelis, C. & Ettinger, U. (2025). The Relationship Between Schizotypal Personality Traits and Temporal Discounting: The Role of the Date/Delay Effect. Schizophrenia Bulletin, 51 (Suppl 2), pp.S64-S73. https://doi.org/10.1093/schbul/sbad110.","CC BY-NC","","","2026-07-03T04:58:56.392+00:00"
"c895da5f-9a24-437a-be43-df6feee43aa3","11343/359685","https://hdl.handle.net/11343/359685","Estimating self-performance when making complex decisions","Lu, X; Murawski, C; Bossaerts, P; Suzuki, S","Murawski, Carsten; Suzuki, Shinsuke; Bossaerts, Peter","Murawski, Carsten; 5544; 0000-0002-1237-9535; Suzuki, Shinsuke; 149050; 0000-0002-9816-9423; Bossaerts, Peter; 27438; 0000-0003-2308-2603","2025-12-01","2025","https://doi.org/10.1038/s41598-025-87601-8","2025-09-11T23:49:02Z","Journal Article","10.1038/s41598-025-87601-8","2045-2322","2045-2322","Scientific Reports","15","1","","Nature Portfolio","Finance","Business & Economics","Lu, X., Murawski, C., Bossaerts, P. & Suzuki, S. (2025). Estimating self-performance when making complex decisions. Scientific Reports, 15 (1), https://doi.org/10.1038/s41598-025-87601-8.","CC BY-NC-ND","","","2026-06-28T13:26:22.376+00:00"
"5d6f103d-25cf-4e38-9e6a-96f8d2435f7c","11343/359542","https://hdl.handle.net/11343/359542","Media ownership and ideological slant: Evidence from Australian newspaper mergers","Ananyev, M; Volkova, E","Volkova, Ekaterina; Ananyev, Maxim","Volkova, Ekaterina; 133551; 0000-0002-6589-0433; Ananyev, Maxim; 147478; 0000-0003-1749-4396","2024-12-01","2024","https://doi.org/10.1371/journal.pone.0315137","2025-09-11T23:45:20Z","Journal Article","10.1371/journal.pone.0315137","1932-6203","1932-6203","PLoS ONE","19","12 December","e0315137-","Public Library of Science (PLoS)","Finance","Business & Economics","Ananyev, M. & Volkova, E. (2024). Media ownership and ideological slant: Evidence from Australian newspaper mergers. Plos One, 19 (12 December), pp.e0315137-. https://doi.org/10.1371/journal.pone.0315137.","CC BY","","","2026-06-25T07:04:55.792+00:00"
"288b1f86-b4b6-47e3-b0da-04dd34f92c2a","11343/358814","https://hdl.handle.net/11343/358814","The neural dynamics associated with computational complexity","Franco, JP; Bossaerts, P; Murawski, C","Bossaerts, Peter; Murawski, Carsten; Franco Ulloa, Juan Pablo","Bossaerts, Peter; 27438; 0000-0003-2308-2603; Murawski, Carsten; 5544; 0000-0002-1237-9535; Franco Ulloa, Juan Pablo; 130354; 0000-0003-2608-2035","2024-09-01","2024","https://doi.org/10.1371/journal.pcbi.1012447","2025-09-11T04:38:53Z","Journal Article","10.1371/journal.pcbi.1012447","1553-734X","1553-7358","PLoS Computational Biology","20","9","","PUBLIC LIBRARY SCIENCE","Finance","Business & Economics","Franco, J. P., Bossaerts, P. & Murawski, C. (2024). The neural dynamics associated with computational complexity. Plos Computational Biology, 20 (9), https://doi.org/10.1371/journal.pcbi.1012447.","CC BY","","","2026-07-09T01:13:43.440+00:00"
"47dd37eb-f2e0-4c84-9fe5-117f0c62b4e7","11343/358089","https://hdl.handle.net/11343/358089","Tobacco endgame intervention impacts on health gains and Mā ori:non-Mā ori health inequity: A simulation study of the Aotearoa/New Zealand Tobacco Action Plan","Ait Ouakrim, D; Wilson, T; Waa, A; Maddox, R; Andrabi, H; Mishra, SR; Summers, JA; Gartner, CE; Lovett, R; Edwards, R; Wilson, N; Blakely, T","Blakely, Antony; Ait Ouakrim, Driss; Mishra, Shiva Raj; Wilson, Timothy; Andrabi, Syed","Blakely, Antony; 120297; 0000-0002-6995-4369; Ait Ouakrim, Driss; 1593; 0000-0001-7715-2561; Mishra, Shiva Raj; 162495; 0000-0002-2993-3504; Wilson, Timothy; 160737; 0000-0002-8252-3133; Andrabi, Syed; 163847; 0000-0003-3929-5195","2024-11-10","2024","https://doi.org/10.1136/tc-2022-057655","2025-09-09T00:44:40Z","Journal Article","10.1136/tc-2022-057655","0964-4563","1468-3318","Tobacco Control","33","e2","e173-e184","BMJ PUBLISHING GROUP","Melbourne School of Population and Global Health; Finance","Medicine, Dentistry & Health Sciences; Business & Economics","Ait Ouakrim, D., Wilson, T., Waa, A., Maddox, R., Andrabi, H., Mishra, S. R., Summers, J. A., Gartner, C. E., Lovett, R., Edwards, R., Wilson, N. & Blakely, T. (2024). Tobacco endgame intervention impacts on health gains and Mā ori:non-Mā ori health inequity: A simulation study of the Aotearoa/New Zealand Tobacco Action Plan. Tobacco Control, 33 (e2), pp.e173-e184. https://doi.org/10.1136/tc-2022-057655.","CC BY-NC","","","2026-07-03T07:05:00.530+00:00"
"c7153359-30a3-4c6e-9d10-93ffe84eca03","11343/356785","https://hdl.handle.net/11343/356785","Differential access to dark markets and execution outcomes","Brugler, J; Comerton-Forde, C","Comerton-Forde, Carole; Brugler, James","Comerton-Forde, Carole; 25276; 0000-0002-1618-0371; Brugler, James; 117315; 0000-0002-3905-6007","2025-09","2025","https://doi.org/10.1016/j.jfineco.2025.104086","2025-06-17T01:26:38Z","Journal Article","10.1016/j.jfineco.2025.104086","0304-405X","1879-2774","Journal of Financial Economics","171","","1-16","Elsevier","Finance","Business & Economics","Brugler, J. & Comerton-Forde, C. (2025). Differential access to dark markets and execution outcomes. Journal of Financial Economics, 171, pp.1-16. https://doi.org/10.1016/j.jfineco.2025.104086.","CC BY","","","2026-07-14T10:15:52.384+00:00"
"99b8dd10-d19b-491a-8eb5-cef93379f3ca","11343/356784","https://hdl.handle.net/11343/356784","ETF effects: The role of primary versus secondary market activities","Comerton-Forde, C; Marta, T","Comerton-Forde, Carole","Comerton-Forde, Carole; 25276; 0000-0002-1618-0371","2025","2025","https://doi.org/10.1016/j.finmar.2025.100983","2025-06-17T01:23:16Z","Journal Article","10.1016/j.finmar.2025.100983","1386-4181","1878-576X","Journal of financial markets","75","","100983-100983","Elsevier","Finance","Business & Economics","Comerton-Forde, C. & Marta, T. (2025). ETF effects: The role of primary versus secondary market activities. Journal of financial markets, 75, https://doi.org/10.1016/j.finmar.2025.100983.","CC BY-NC-ND","","","2026-07-14T10:14:28.858+00:00"
"f57ff04c-7175-498f-a82f-83eedde34046","11343/354032","https://hdl.handle.net/11343/354032","Listing exchanges versus other lit venues: Liquidity and order book dynamics","Aramian, F; Comerton-Forde, C","Comerton-Forde, Carole; Aramian, Fatemeh","Comerton-Forde, Carole; 25276; 0000-0002-1618-0371; Aramian, Fatemeh; 172447; 0009-0004-1050-9457","2024-09-01","2024","https://hdl.handle.net/11343/354032","2024-10-25T05:26:39Z","Report","","","","Listing exchanges versus other lit venues: Liquidity and order book dynamics","","","","","Finance","Business & Economics","Aramian, F. & Comerton-Forde, C. (2024). Listing exchanges versus other lit venues: Liquidity and order book dynamics","","","","2026-07-21T08:21:15.627+00:00"
"431b4f20-048d-4f1c-9bb9-1039ac9f51a0","11343/354031","https://hdl.handle.net/11343/354031","Listing exchanges versus other lit venues: Price formation","Comerton-Forde, C; Aramian, F","Comerton-Forde, Carole; Aramian, Fatemeh","Comerton-Forde, Carole; 25276; 0000-0002-1618-0371; Aramian, Fatemeh; 172447; 0009-0004-1050-9457","2024-10-01","2024","https://hdl.handle.net/11343/354031","2024-10-25T05:21:49Z","Report","","","","Listing exchanges versus other lit venues: Price formation","","","","","Finance","Business & Economics","Comerton-Forde, C. & Aramian, F. (2024). Listing exchanges versus other lit venues: Price formation","","","","2026-07-21T08:21:03.620+00:00"
"1e848c5a-331f-4b0f-a7e9-4600eeb7dc66","11343/353421","https://hdl.handle.net/11343/353421","Association of temporal discounting with transdiagnostic symptom dimensions","Keidel, K; Lu, X; Suzuki, S; Murawski, C; Ettinger, U","Suzuki, Shinsuke; Murawski, Carsten; Keidel, Kristof","Suzuki, Shinsuke; 149050; 0000-0002-9816-9423; Murawski, Carsten; 5544; 0000-0002-1237-9535; Keidel, Kristof; 168424; 0000-0002-1561-0157","2024-04-16","2024","https://doi.org/10.1038/s44184-024-00060-3","2024-10-14T05:04:18Z","Journal Article","10.1038/s44184-024-00060-3","2731-4251","2731-4251","npj Mental Health Research","3","1","","Nature Portfolio","Finance","Business & Economics","Keidel, K., Lu, X., Suzuki, S., Murawski, C. & Ettinger, U. (2024). Association of temporal discounting with transdiagnostic symptom dimensions. npj Mental Health Research, 3 (1), https://doi.org/10.1038/s44184-024-00060-3.","CC BY","published version","","2026-07-07T03:21:20.410+00:00"
"94b67687-f8aa-4a5a-a25b-68695dac9e53","11343/352412","https://hdl.handle.net/11343/352412","Hypocretin-1 receptor antagonism improves inhibitory control during the Go/No-Go task in highly motivated, impulsive male mice","Metha, J; Ji, Y; Braun, C; Nicholson, JR; De Lecea, L; Murawski, C; Hoyer, D; Jacobson, LH","Jacobson, Laura; Murawski, Carsten; Hoyer, Daniel; Metha, Jeremy","Jacobson, Laura; 28636; 0000-0003-2910-8659; Murawski, Carsten; 5544; 0000-0002-1237-9535; Hoyer, Daniel; 24805; 0000-0002-1405-7089; Metha, Jeremy; 130351","2024-10-01","2024","https://doi.org/10.1007/s00213-024-06628-3","2024-10-07T02:56:30Z","Journal Article","10.1007/s00213-024-06628-3","0033-3158","1432-2072","Psychopharmacology","241","10","2171-2187","SPRINGER","Finance; Biochemistry and Pharmacology; Chancellery Research","Business & Economics; Medicine, Dentistry & Health Sciences; Chancellery","Metha, J., Ji, Y., Braun, C., Nicholson, J. R., De Lecea, L., Murawski, C., Hoyer, D. & Jacobson, L. H. (2024). Hypocretin-1 receptor antagonism improves inhibitory control during the Go/No-Go task in highly motivated, impulsive male mice. Psychopharmacology, 241 (10), pp.2171-2187. https://doi.org/10.1007/s00213-024-06628-3.","CC BY","published version","","2026-07-05T08:03:34.913+00:00"
"b8210b9a-3b8f-429f-9558-d0bf3f1acc04","11343/351798","https://hdl.handle.net/11343/351798","Complementarity of sovereign and corporate debt issuance: mind the gap","Grundy, BD; van Bekkum, S; Verwijmeren, P","Grundy, Bruce; Verwijmeren, Patrick","Grundy, Bruce; 6588; 0000-0002-7438-1374; Verwijmeren, Patrick; 1439; 0000-0002-1437-0665","2024-07-01","2024","https://doi.org/10.1093/rof/rfae006","2024-10-03T22:18:50Z","Journal Article","10.1093/rof/rfae006","1572-3097","1573-692X","Review of Finance","28","4","1187-1213","Oxford University Press (OUP)","Finance","Business & Economics","Grundy, B. D., van Bekkum, S. & Verwijmeren, P. (2024). Complementarity of sovereign and corporate debt issuance: mind the gap. Review of Finance, 28 (4), pp.1187-1213. https://doi.org/10.1093/rof/rfae006.","cc-by","published version","","2026-07-22T03:44:01.650+00:00"
"1d2900ae-9154-4a2e-9120-cf5142aa389d","11343/351546","https://hdl.handle.net/11343/351546","Perceptions of social media harms and potential management strategies: vaping case study","Jancey, J; Crawford, G; Bowman, E; Wolf, K; Leaver, T; Bialous, S; Mccausland, K","Bowman, Elizabeth","Bowman, Elizabeth; 14076; 0000-0002-6876-6446","2024-03-21","2024","https://doi.org/10.1186/s12889-024-18362-8","2024-10-03T22:12:57Z","Journal Article","10.1186/s12889-024-18362-8","1471-2458","1471-2458","BMC Public Health","24","1","","BMC","Finance","Business & Economics","Jancey, J., Crawford, G., Bowman, E., Wolf, K., Leaver, T., Bialous, S. & Mccausland, K. (2024). Perceptions of social media harms and potential management strategies: vaping case study. BMC PUBLIC HEALTH, 24 (1), https://doi.org/10.1186/s12889-024-18362-8.","CC BY","published version","","2026-07-11T18:37:41.441+00:00"
"36db91f5-26e9-4e68-b878-ad66b9a9a953","11343/351421","https://hdl.handle.net/11343/351421","Nonstandard Errors","Menkveld, AJ; Dreber, A; Holzmeister, F; Huber, J; Johannesson, M; Kirchler, M; Neusüß, S; Razen, M; Weitzel, U; Abad-Díaz, D; Abudy, M; Adrian, T; Ait-Sahalia, Y; Akmansoy, O; Alcock, JT; Alexeev, V; Aloosh, A; Amato, L; Amaya, D; Angel, JJ; Avetikian, AT; Bach, A; Baidoo, E; Bakalli, G; Bao, L; Barbon, A; Bashchenko, O; Bindra, PC; Bjønnes, GH; Black, JR; Black, BS; Bogoev, D; Correa, SB; Bondarenko, O; Bos, CS; Bosch-Rosa, C; Bouri, E; Brownlees, C; Calamia, A; Cao, VN; Capelle-Blancard, G; Romero, LMC; Caporin, M; Carrion, A; Caskurlu, T; Chakrabarty, B; Chen, J; Chernov, M; Cheung, W; Chincarini, LB; Chordia, T; Chow, SC; Clapham, B; Colliard, JE; Comerton-Forde, C; Curran, E; Dao, T; Dare, W; Davies, RJ; Blasis, RD; Nard, GFD; Declerck, F; Deev, O; Degryse, H; Deku, SY; Desagre, C; Dijk, MAV; Dim, C; Dimpfl, T; Dong, YJ; Drummond, PA; Dudda, T; Duevski, T; Dumitrescu, A; Dyakov, T; Dyhrberg, AH; Dzieliński, M; Eksi, A; Kalak, IE; Ellen, ST; Eugster, N; Evans, MDD; Farrell, M; Felez-Vinas, E; Ferrara, G; Ferrouhi, EM; Flori, A; Fluharty-Jaidee, JT; Foley, SDV; Fong, KYL; Foucault, T; Franus, T; Franzoni, F; Frijns, B; Frömmel, M; Fu, SM; Füllbrunn, SC; Gan, B; Gao, G; Gehrig, TP","Verwijmeren, Patrick; Comerton-Forde, Carole; Zhong, Zhuo","Verwijmeren, Patrick; 1439; 0000-0002-1437-0665; Comerton-Forde, Carole; 25276; 0000-0002-1618-0371; Zhong, Zhuo; 54898; 0000-0001-6251-2552","2024-06-01","2024","https://doi.org/10.1111/jofi.13337","2024-10-03T03:14:53Z","Journal Article","10.1111/jofi.13337","0022-1082","1540-6261","Journal of Finance","79","3","2339-2390","WILEY","Finance","Business & Economics","Menkveld, A. J., Dreber, A., Holzmeister, F., Huber, J., Johannesson, M., Kirchler, M., Neusüß, S., Razen, M., Weitzel, U., Abad-Díaz, D., Abudy, M., Adrian, T., Ait-Sahalia, Y., Akmansoy, O., Alcock, J. T., Alexeev, V., Aloosh, A., Amato, L., Amaya, D. ,... Gehrig, T. P. (2024). Nonstandard Errors. Journal of Finance, 79 (3), pp.2339-2390. https://doi.org/10.1111/jofi.13337.","cc-by","published version","","2026-07-13T20:02:01.298+00:00"
"434b1283-cf04-44a9-86af-6ab14b0e64c1","11343/350976","https://hdl.handle.net/11343/350976","Does the market value corporate impact investing and socially responsible investing?","Ng, AC; Rezaee, Z","Ng, Chi Yeung Anthony","Ng, Chi Yeung Anthony; 172980; 0000-0002-5098-5616","2024-10-01","2024","https://doi.org/10.1002/rfe.1209","2024-09-26T04:40:34Z","Journal Article","10.1002/rfe.1209","1058-3300","1873-5924","Review of Financial Economics","42","4","399-441","Wiley","Finance","Business & Economics","Ng, A. C. & Rezaee, Z. (2024). Does the market value corporate impact investing and socially responsible investing?. Review of Financial Economics, 42 (4), pp.399-441. https://doi.org/10.1002/rfe.1209.","","","","2026-07-02T17:46:12.455+00:00"
"b1cf9520-c3a7-49a6-a8e7-7bdad2a64112","11343/350929","https://hdl.handle.net/11343/350929","The date/delay effect in intertemporal choice: A combined fMRI and eye-tracking study","Keidel, K; Schroeder, R; Trautner, P; Radbruch, A; Murawski, C; Ettinger, U","Keidel, Kristof; Murawski, Carsten","Keidel, Kristof; 168424; 0000-0002-1561-0157; Murawski, Carsten; 5544; 0000-0002-1237-9535","2024-02-15","2024","https://doi.org/10.1002/hbm.26585","2024-09-25T02:57:40Z","Journal Article","10.1002/hbm.26585","1065-9471","1065-9471","Human Brain Mapping","45","3","","Wiley","Finance","Business & Economics","Keidel, K., Schroeder, R., Trautner, P., Radbruch, A., Murawski, C. & Ettinger, U. (2024). The date/delay effect in intertemporal choice: A combined fMRI and eye-tracking study. Human Brain Mapping, 45 (3), https://doi.org/10.1002/hbm.26585.","CC BY","published version","","2026-07-09T10:13:21.779+00:00"
"adae5c2a-6d32-4188-b129-1e045d25ea7a","11343/350223","https://hdl.handle.net/11343/350223","Improving Risky-Choice Predictions Using Response Times","Alós-Ferrer, C; Garagnani, M","Garagnani, Michele","Garagnani, Michele; 184696; 0000-0002-2510-7109","2024-05-01","2024","https://doi.org/10.1086/728666","2024-08-21T04:35:23Z","Journal Article","10.1086/728666","2832-9368","2832-9376","Journal of Political Economy Microeconomics","2","2","335-354","University of Chicago Press","Finance","Business & Economics","Alós-Ferrer, C. & Garagnani, M. (2024). Improving Risky-Choice Predictions Using Response Times. Journal of Political Economy Microeconomics, 2 (2), pp.335-354. https://doi.org/10.1086/728666.","","accepted version","https://eprints.lancs.ac.uk/id/eprint/217842/8/TWTPrediction-AuthorAccepted.pdf","2026-07-15T18:06:42.690+00:00"
"02b39fb0-f936-4704-8220-154cdf27add7","11343/349832","https://hdl.handle.net/11343/349832","Ricote, or the protest denied","Gargano, A","Gargano, Antonio","Gargano, Antonio; 605544A; 29212; 0000-0001-8542-6446; 0000-0002-0686-0576","2024-01-01","2024","https://doi.org/10.15581/017.28.61-72","2024-08-21T03:07:31Z","Journal Article","10.15581/017.28.61-72","1138-6363","2254-6359","Perinola","28","","61-72","UNIV NAVARRA, SERVICIO PUBLICACIONES","Finance","Business & Economics","Gargano, A. (2024). Ricote, or the protest denied. Perinola, 28, pp.61-72. https://doi.org/10.15581/017.28.61-72.","cc-by-nc-nd","published version","https://doi.org/10.15581/017.28.61-72","2026-06-28T04:41:33.090+00:00"
"54fd27b7-2399-4d80-b225-1b5d40f146e2","11343/349243","https://hdl.handle.net/11343/349243","Non-standard errors in asset pricing: Mind your sorts","Soebhag, A; Van Vliet, B; Verwijmeren, P","Verwijmeren, Patrick","Verwijmeren, Patrick; 1439; 0000-0002-1437-0665","2024-09","2024","https://doi.org/10.1016/j.jempfin.2024.101517","2024-08-21T02:12:48Z","Journal Article","10.1016/j.jempfin.2024.101517","0927-5398","1879-1727","Journal of Empirical Finance","78","","","Elsevier","Finance","Business & Economics","Soebhag, A., Van Vliet, B. & Verwijmeren, P. (2024). Non-standard errors in asset pricing: Mind your sorts. Journal of Empirical Finance, 78, https://doi.org/10.1016/j.jempfin.2024.101517.","cc-by","published version","https://doi.org/10.1016/j.jempfin.2024.101517","2026-07-13T21:47:24.038+00:00"
"d91a05e8-be52-4a56-9b65-96763f58c199","11343/348640","https://hdl.handle.net/11343/348640","Aggregate portfolio choice","Inkmann, J","Inkmann, Joachim","Inkmann, Joachim; 10095; 0000-0002-5526-7648","2024-06","2024","https://doi.org/10.1016/j.jempfin.2024.101494","2024-08-20T05:26:17Z","Journal Article","10.1016/j.jempfin.2024.101494","0927-5398","1879-1727","Journal of Empirical Finance","77","","","Elsevier","Finance","Business & Economics","Inkmann, J. (2024). Aggregate portfolio choice. Journal of Empirical Finance, 77, https://doi.org/10.1016/j.jempfin.2024.101494.","CC BY","published version","https://doi.org/10.1016/j.jempfin.2024.101494","2026-07-17T16:03:44.120+00:00"
"460ac501-f875-463f-a453-b5435b19cf65","11343/348527","https://hdl.handle.net/11343/348527","Intermediary frictions and convertible bond pricing","Grundy, BD; Verwijmeren, P; Yang, A","Grundy, Bruce; Verwijmeren, Patrick","Grundy, Bruce; 6588; 0000-0002-7438-1374; Verwijmeren, Patrick; 1439; 0000-0002-1437-0665","2024-04","2024","https://doi.org/10.1016/j.jfi.2024.101085","2024-08-20T05:23:31Z","Journal Article","10.1016/j.jfi.2024.101085","1042-9573","1042-9573","Journal of Financial Intermediation","58","","","Elsevier","Finance","Business & Economics","Grundy, B. D., Verwijmeren, P. & Yang, A. (2024). Intermediary frictions and convertible bond pricing. Journal of Financial Intermediation, 58, https://doi.org/10.1016/j.jfi.2024.101085.","CC BY","published version","https://doi.org/10.1016/j.jfi.2024.101085","2026-07-17T15:45:00.752+00:00"
"e5bf691f-6a47-4e21-ac62-f9c417e255d0","11343/348291","https://hdl.handle.net/11343/348291","Price formation in field prediction markets: The wisdom in the crowd","Bossaerts, F; Yadav, N; Bossaerts, P; Nash, C; Todd, T; Rudolf, T; Hutchins, R; Ponsonby, A-L; Mattingly, K","Bossaerts, Peter; Yadav, Nitin; Ponsonby, Anne-Louise","Bossaerts, Peter; 27438; 0000-0003-2308-2603; Yadav, Nitin; 127160; 0000-0003-0132-1028; Ponsonby, Anne-Louise; 10056; 0000-0002-6581-3657","2024-03","2024","https://doi.org/10.1016/j.finmar.2023.100881","2024-08-20T05:17:27Z","Journal Article","10.1016/j.finmar.2023.100881","1386-4181","1386-4181","Journal of financial markets","68","","","Elsevier","Finance; Florey Department of Neuroscience and Mental Health","Business & Economics; Medicine, Dentistry & Health Sciences","Bossaerts, F., Yadav, N., Bossaerts, P., Nash, C., Todd, T., Rudolf, T., Hutchins, R., Ponsonby, A. -L. & Mattingly, K. (2024). Price formation in field prediction markets: The wisdom in the crowd. Journal of Financial Markets, 68, https://doi.org/10.1016/j.finmar.2023.100881.","cc-by-nc-nd","published version","https://doi.org/10.1016/j.finmar.2023.100881","2026-07-15T22:01:02.450+00:00"
"984c300a-f176-446f-9352-614a0eecbfb9","11343/348288","https://hdl.handle.net/11343/348288","An adaptive long memory conditional correlation model","Dark, J","Dark, Jonathan","Dark, Jonathan; 12012; 0000-0002-7688-0193","2024-01-01","2024","https://doi.org/10.1016/j.jempfin.2023.101463","2024-08-20T05:17:27Z","Journal Article","10.1016/j.jempfin.2023.101463","0927-5398","1879-1727","Journal of Empirical Finance","75","","","ELSEVIER","Finance","Business & Economics","Dark, J. (2024). An adaptive long memory conditional correlation model. Journal of Empirical Finance, 75, https://doi.org/10.1016/j.jempfin.2023.101463.","cc-by","published version","https://doi.org/10.1016/j.jempfin.2023.101463","2026-07-15T22:01:42.882+00:00"
"0c0ffc01-f69f-41f0-ad58-065f68719b1b","11343/348252","https://hdl.handle.net/11343/348252","Equity in capital raising? Empirical evidence from structured private placements","Au Yong, HH; Brown, C; Ho, CY; Shekhar, C","Shekhar, Chander","Shekhar, Chander; 105; 0000-0003-4689-5172","2024-02","2024","https://doi.org/10.1016/j.jbankfin.2023.107074","2024-08-20T05:14:27Z","Journal Article","10.1016/j.jbankfin.2023.107074","0378-4266","0378-4266","Journal of Banking & Finance","159","","","Elsevier","Finance","Business & Economics","Au Yong, H. H., Brown, C., Ho, C. Y. & Shekhar, C. (2024). Equity in capital raising? Empirical evidence from structured private placements. Journal of Banking and Finance, 159, https://doi.org/10.1016/j.jbankfin.2023.107074.","cc-by","published version","https://doi.org/10.1016/j.jbankfin.2023.107074","2026-06-28T01:23:36.285+00:00"
"da1d9a4a-415d-4412-818f-d53080f61a05","11343/345873","https://hdl.handle.net/11343/345873","Would Managers Sacrifice Conservative Financial Reporting to Meet/Beat Market Earnings Expectations?","Ng, AC; Xin, HC; Jaggi, B","Ng, Chi Yeung Anthony","Ng, Chi Yeung Anthony; 172980; 0000-0002-5098-5616","2024","2024","https://doi.org/10.3390/jrfm17070280","2024-07-10T01:24:35Z","Journal Article","10.3390/jrfm17070280","1911-8066","1911-8074","Journal of Risk and Financial Management","17","7","280-280","MDPI AG","Finance","Business & Economics","Ng, A. C., Xin, H. C. & Jaggi, B. (2024). Would Managers Sacrifice Conservative Financial Reporting to Meet/Beat Market Earnings Expectations?. Journal of Risk and Financial Management, 17 (7), https://doi.org/10.3390/jrfm17070280.","CC BY","","","2026-07-02T17:48:59.132+00:00"
"6faffcf8-5c58-4098-9dec-d7e7b762e5af","11343/345667","https://hdl.handle.net/11343/345667","Are Speed Bumps Beneficial?","Aramian, F; Comerton-Forde, C","Comerton-Forde, Carole; Aramian, Fatemeh","Comerton-Forde, Carole; 25276; 0000-0002-1618-0371; Aramian, Fatemeh; 172447; 0009-0004-1050-9457","2023","2023","https://hdl.handle.net/11343/345667","2024-06-19T02:17:45Z","Report","","","","","","","","University of Melbourne","Finance","Business & Economics","Aramian, F. & Comerton-Forde, C. (2023). Are Speed Bumps Beneficial?. University of Melbourne.","","","","2026-07-21T07:31:50.749+00:00"
"9d9db198-925f-4600-9ce3-81eecd576d0f","11343/345368","https://hdl.handle.net/11343/345368","Humans in charge of trading robots: The first experiment","Asparouhova, E; Bossaerts, P; Cai, X; Rotaru, K; Yadav, N; Yang, W","Bossaerts, Peter; Yadav, Nitin","Bossaerts, Peter; 27438; 0000-0003-2308-2603; Yadav, Nitin; 127160; 0000-0003-0132-1028","2024-07","2024","https://doi.org/10.1093/rof/rfae007","2024-06-03T02:42:32Z","Journal Article","10.1093/rof/rfae007","1572-3097","1875-824X","Review of Finance","28","4","1215-1244","Oxford University Press (OUP)","Finance","Business & Economics","Asparouhova, E., Bossaerts, P., Cai, X., Rotaru, K., Yadav, N. & Yang, W. (2024). Humans in charge of trading robots: The first experiment. Review of Finance, 28 (4), pp.1215-1244. https://doi.org/10.1093/rof/rfae007.","CC BY","","","2026-07-11T21:03:33.256+00:00"
"a74add9d-eb93-4ecf-8177-0fbf30faa3c3","11343/345131","https://hdl.handle.net/11343/345131","Resource allocation, computational complexity, and market design","Bossaerts, P; Bowman, E; Fattinger, F; Huang, H; Lee, M; Murawski, C; Suthakar, A; Tang, S; Yadav, N","Yadav, Nitin; Murawski, Carsten; Bowman, Elizabeth; Bossaerts, Peter; Lee, Min Shiuang","Yadav, Nitin; 127160; 0000-0003-0132-1028; Murawski, Carsten; 5544; 0000-0002-1237-9535; Bowman, Elizabeth; 14076; 0000-0002-6876-6446; Bossaerts, Peter; 27438; 0000-0003-2308-2603; Lee, Min Shiuang; 145733; 0000-0003-0440-7716","2024-06","2024","https://doi.org/10.1016/j.jbef.2024.100906","2024-05-15T23:30:32Z","Journal Article","10.1016/j.jbef.2024.100906","2214-6369","2214-6369","Journal of Behavioral and Experimental Finance","42","","100906-100906","Elsevier","Finance","Business & Economics","Bossaerts, P., Bowman, E., Fattinger, F., Huang, H., Lee, M., Murawski, C., Suthakar, A., Tang, S. & Yadav, N. (2024). Resource allocation, computational complexity, and market design. Journal of behavioral and experimental finance, 42, https://doi.org/10.1016/j.jbef.2024.100906.","CC BY","published version","https://doi.org/10.1016/j.jbef.2024.100906","2026-07-17T15:47:09.884+00:00"
"03fcc1c0-6d50-4e0a-b7df-16d00d9a3ab2","11343/345087","https://hdl.handle.net/11343/345087","Financial Advisers’ and Key Informants’ Perspectives on the Australian Industry-Led Moratorium on Genetic Tests in Life Insurance","Haining, CM; Tiller, J; Otlowski, M; Gleeson, P; Murawski, C; Barlow-Stewart, K; Lacaze, P; McInerney-Leo, A; Keogh, LA","Haining, Casey; Keogh, Louise; Murawski, Carsten","Haining, Casey; 144592; 0000-0002-9596-6654; Keogh, Louise; 13571; 0000-0003-2963-6451; Murawski, Carsten; 5544; 0000-0002-1237-9535","2023","2023","https://doi.org/10.1159/000533532","2024-05-15T23:30:30Z","Journal Article","10.1159/000533532","1422-2795","1422-2795","Public Health Genomics","26","1","123-134","Karger Publishers","Finance; Melbourne School of Population and Global Health","Business & Economics; Medicine, Dentistry & Health Sciences","Haining, C. M., Tiller, J., Otlowski, M., Gleeson, P., Murawski, C., Barlow-Stewart, K., Lacaze, P., McInerney-Leo, A. & Keogh, L. A. (2023). Financial Advisers’ and Key Informants’ Perspectives on the Australian Industry-Led Moratorium on Genetic Tests in Life Insurance. Public Health Genomics, 26 (1), pp.123-134. https://doi.org/10.1159/000533532.","CC BY-NC","published version","https://doi.org/10.1159/000533532","2026-06-27T21:59:54.809+00:00"
"364f1394-63f8-4798-b082-66d571efc617","11343/339773","https://hdl.handle.net/11343/339773","Emotional Engagement and Trading Performance","Bossaerts, P; Fattinger, F; Rotaru, K; Xu, K","Fattinger, Felix; Bossaerts, Peter","Fattinger, Felix; 134770; 0000-0002-3635-9432; Bossaerts, Peter; 27438; 0000-0003-2308-2603","2024-06-01","2024","https://doi.org/10.1287/mnsc.2023.4883","2024-01-22T03:14:14Z","Journal Article","10.1287/mnsc.2023.4883","0025-1909","1526-5501","Management science","70","6","3381-3397","Institute for Operations Research and Management Sciences","Finance","Business & Economics","Bossaerts, P., Fattinger, F., Rotaru, K. & Xu, K. (2024). Emotional Engagement and Trading Performance. Management science, 70 (6), pp.3381-3397. https://doi.org/10.1287/mnsc.2023.4883.","","Published version","https://www.repository.cam.ac.uk/bitstreams/bb694ec6-075a-4590-9aa5-0c87119ebcdf/download","2026-07-07T05:38:32.408+00:00"
"ab73805c-b35d-49e7-ba77-9148e5d99fdc","11343/339651","https://hdl.handle.net/11343/339651","The value of growth: Changes in profitability and future stock returns","Lim, B; Sotes-Paladino, J; Wang, GJ; Yao, Y","Lim, Bryan; Sotes-Paladino, Juan","Lim, Bryan; 7805; 0000-0003-3756-3651; Sotes-Paladino, Juan; 8446; 0000-0003-2447-7498","2024-01-01","2024","https://doi.org/10.1016/j.jbankfin.2023.107036","2024-01-22T01:28:01Z","Journal Article","10.1016/j.jbankfin.2023.107036","0378-4266","","Journal of Banking & Finance","158","","107036-107036","Elsevier BV","Finance","Business & Economics","Lim, B., Sotes-Paladino, J., Wang, G. J. & Yao, Y. (2024). The value of growth: Changes in profitability and future stock returns. Journal of Banking and Finance, 158, pp.107036-107036. https://doi.org/10.1016/j.jbankfin.2023.107036.","","Published version","https://doi.org/10.1016/j.jbankfin.2023.107036","2026-07-08T12:36:33.597+00:00"
"1dc444d7-f38a-45c3-be8d-23e26eb81496","11343/336902","https://hdl.handle.net/11343/336902","Closing Mechanisms in European Equities","Aramian, F; Comerton-Forde, C","Comerton-Forde, Carole; Aramian, Fatemeh","Comerton-Forde, Carole; 25276; 0000-0002-1618-0371; Aramian, Fatemeh; 172447; 0009-0004-1050-9457","2023-06-01","2023","https://hdl.handle.net/11343/336902","2023-08-09T23:50:20Z","Working Paper","","","","","","","1-28","The University of Melbourne","Finance","Business & Economics","Aramian, F. & Comerton-Forde, C. (2023). Closing Mechanisms in European Equities. The University of Melbourne.","","","","2026-07-21T05:33:05.547+00:00"
"5de270b0-5f26-4e9c-9f4d-2afeb21570c1","11343/336781","https://hdl.handle.net/11343/336781","Dissecting the listing gap: Mergers, private equity, or regulation?","Lattanzio, G; Megginson, WL; Sanati, A","Lattanzio, Gabriele","Lattanzio, Gabriele; 182846; 0000-0003-1592-433X","2023-05","2023","https://doi.org/10.1016/j.finmar.2023.100836","2023-07-31T22:27:35Z","Journal Article","10.1016/j.finmar.2023.100836","1386-4181","","Journal of financial markets","65","","100836-100836","Elsevier BV","Finance","Business & Economics","Lattanzio, G., Megginson, W. L. & Sanati, A. (2023). Dissecting the listing gap: Mergers, private equity, or regulation?. Journal of Financial Markets, 65, pp.100836-100836. https://doi.org/10.1016/j.finmar.2023.100836.","","","","2026-07-14T03:13:21.429+00:00"
"29fa2648-045b-4d6f-b8ff-d160f5dbd514","11343/335030","https://hdl.handle.net/11343/335030","The effect of action contingency on social perception is independent of person-like appearance and is related to deactivation of the frontal component of the self-agency network","Hamamoto, Y; Takahara, Y; dos Santos Kawata, KH; Kikuchi, T; Suzuki, S; Kawashima, R; Sugiura, M","Suzuki, Shinsuke","Suzuki, Shinsuke; 149050; 0000-0002-9816-9423","2022-12-01","2022","https://doi.org/10.1038/s41598-022-22278-x","2023-07-10T23:45:18Z","Journal Article","10.1038/s41598-022-22278-x","2045-2322","2045-2322","Scientific Reports","12","1","17326-","Springer Science and Business Media LLC","Minerva Elements","Collected Works","Hamamoto, Y., Takahara, Y., dos Santos Kawata, K. H., Kikuchi, T., Suzuki, S., Kawashima, R. & Sugiura, M. (2022). The effect of action contingency on social perception is independent of person-like appearance and is related to deactivation of the frontal component of the self-agency network. Scientific Reports, 12 (1), pp.17326-. https://doi.org/10.1038/s41598-022-22278-x.","CC BY","","","2026-06-27T01:44:23.860+00:00"
"e5a5de51-c64f-43f4-bd8d-f00d5e0e72b3","11343/329715","https://hdl.handle.net/11343/329715","Retail Trading in European Equity Markets","Aramian, F; Comerton-Forde, C","Comerton-Forde, Carole; Aramian, Fatemeh","Comerton-Forde, Carole; 25276; 0000-0002-1618-0371; Aramian, Fatemeh; 172447; 0009-0004-1050-9457","2023","2023","https://hdl.handle.net/11343/329715","2023-05-01T05:06:36Z","Working Paper","","","","","","","","University of Melbourne, Faculty of Business and Economics","Finance","Business & Economics","Aramian, F. & Comerton-Forde, C. (2023). Retail Trading in European Equity Markets. University of Melbourne, Faculty of Business and Economics.","","","","2026-07-21T05:00:47.889+00:00"
"eeb51e20-b6e8-49e2-b15a-85bdf34d3f5b","11343/329701","https://hdl.handle.net/11343/329701","Insider trading","Balogh, A","Balogh, Attila","Balogh, Attila; 172695; 0000-0002-7026-1965","2023","2023","https://doi.org/10.1038/s41597-023-02147-6","2023-04-28T06:36:47Z","Journal Article","10.1038/s41597-023-02147-6","2052-4463","2052-4463","Scientific Data","10","1","237-","Springer Science and Business Media LLC","Finance","Business & Economics","Balogh, A. (2023). Insider trading. Scientific Data, 10 (1), https://doi.org/10.1038/s41597-023-02147-6.","CC BY","Published version","https://doi.org/10.1038/s41597-023-02147-6","2026-06-27T10:34:53.986+00:00"
"a1d75d66-8e2d-4818-b0fc-57172abc8a34","11343/320454","https://hdl.handle.net/11343/320454","Permanent private equity: Market performance and transactions","McCourt, M","McCourt, Maurice","McCourt, Maurice; 141610; 0000-0002-1808-8675","2022-06-01","2022","https://doi.org/10.1111/jfir.12277","2022-11-03T22:30:37Z","Journal Article","10.1111/jfir.12277","0270-2592","1475-6803","Journal of Financial Research","45","2","339-383","WILEY","Finance","Business & Economics","McCourt, M. (2022). Permanent private equity: Market performance and transactions. Journal of Financial Research, 45 (2), pp.339-383. https://doi.org/10.1111/jfir.12277.","CC BY-NC-ND","","","2026-07-08T19:13:51.082+00:00"
"f49cc2d0-5a4d-4b37-a4d9-a5bb931468ad","11343/318083","https://hdl.handle.net/11343/318083","Forecasting variance swap payoffs","Dark, J; Gao, X; van der Heijden, T; Nardari, F","Dark, Jonathan; Nardari, Federico; van der Heijden, Thijs","Dark, Jonathan; 12012; 0000-0002-7688-0193; Nardari, Federico; 25842; 0000-0002-8654-9285; van der Heijden, Thijs; 6041; 0000-0001-5999-9398","2022-12-01","2022","https://doi.org/10.1002/fut.22371","2022-10-25T03:06:04Z","Journal Article","10.1002/fut.22371","0270-7314","1096-9934","Journal of Futures Markets, The","42","12","2135-2164","WILEY","Finance","Business & Economics","Dark, J., Gao, X., van der Heijden, T. & Nardari, F. (2022). Forecasting variance swap payoffs. JOURNAL OF FUTURES MARKETS, 42 (12), pp.2135-2164. https://doi.org/10.1002/fut.22371.","CC BY-NC-ND","","","2026-07-15T14:44:47.891+00:00"
"2329b5f0-643d-4229-9639-5ab636d53028","11343/317102","https://hdl.handle.net/11343/317102","Task-independent metrics of computational hardness predict human cognitive performance","Franco, JP; Doroc, K; Yadav, N; Bossaerts, P; Murawski, C","Yadav, Nitin; Murawski, Carsten; Bossaerts, Peter; Franco Ulloa, Juan Pablo; Doroc, Karlo","Yadav, Nitin; 127160; 0000-0003-0132-1028; Murawski, Carsten; 5544; 0000-0002-1237-9535; Bossaerts, Peter; 27438; 0000-0003-2308-2603; Franco Ulloa, Juan Pablo; 130354; 0000-0003-2608-2035; Doroc, Karlo; 128313; 0000-0003-0736-7131","2022-12-01","2022","https://doi.org/10.1038/s41598-022-16565-w","2022-10-06T02:16:54Z","Journal Article","10.1038/s41598-022-16565-w","2045-2322","2045-2322","Scientific Reports","12","1","","NATURE PORTFOLIO","Finance","Business & Economics","Franco, J. P., Doroc, K., Yadav, N., Bossaerts, P. & Murawski, C. (2022). Task-independent metrics of computational hardness predict human cognitive performance. Scientific Reports, 12 (1), https://doi.org/10.1038/s41598-022-16565-w.","CC BY","","","2026-07-08T18:20:10.754+00:00"
"86ee360b-fc6a-4f84-a1b2-188e3bc72c06","11343/316427","https://hdl.handle.net/11343/316427","Caloric Primary Rewards Systematically Alter Time Perception","Fung, BJ; Murawski, C; Bode, S","Bode, Stefan; Murawski, Carsten","Bode, Stefan; 1642; 0000-0002-0258-7795; Murawski, Carsten; 5544; 0000-0002-1237-9535","2017-04-26","2017","https://doi.org/10.31234/osf.io/aps6u","2022-09-30T07:57:45Z","Preprint","10.31234/osf.io/aps6u","","","Journal of Experimental Psychology: Human Perception and Performance","","","","","Finance; Melbourne School of Psychological Sciences","Business & Economics; Medicine, Dentistry & Health Sciences","Fung, B. J., Murawski, C. & Bode, S. (2017). Caloric Primary Rewards Systematically Alter Time Perception. Center for Open Science, https://doi.org/10.31234/osf.io/aps6u.","","Submitted version","https://psyarxiv.com/aps6u/","2026-07-17T07:56:53.920+00:00"
"fab217a6-11bc-41a2-9d3e-e223e5ff9693","11343/316127","https://hdl.handle.net/11343/316127","Inferences regarding oneself and others in the human brain","Suzuki, S","Suzuki, Shinsuke","Suzuki, Shinsuke; 149050; 0000-0002-9816-9423","2022-05-01","2022","https://doi.org/10.1371/journal.pbio.3001662","2022-09-29T07:01:25Z","Journal Article","10.1371/journal.pbio.3001662","1544-9173","1545-7885","PLoS Biology","20","5","e3001662-","Public Library of Science (PLoS)","Finance","Business & Economics","Suzuki, S. (2022). Inferences regarding oneself and others in the human brain. Plos Biology, 20 (5), pp.e3001662-. https://doi.org/10.1371/journal.pbio.3001662.","CC BY","","","2026-07-08T04:54:32.543+00:00"
"69e5988a-605f-4bcf-ab98-5be5e953efa8","11343/311517","https://hdl.handle.net/11343/311517","Time to acquire: Regulatory burden and M&A activity","Balogh, A; Creedy, U; Wright, D","Balogh, Attila","Balogh, Attila; 172695; 0000-0002-7026-1965","2022-07","2022","https://doi.org/10.1016/j.irfa.2022.102047","2022-07-13T04:53:18Z","Journal Article","10.1016/j.irfa.2022.102047","1057-5219","1873-8079","International Review of Financial Analysis","82","","102047-102047","Elsevier BV","Finance","Business & Economics","Balogh, A., Creedy, U. & Wright, D. (2022). Time to acquire: Regulatory burden and M&A activity. International Review of Financial Analysis, 82, https://doi.org/10.1016/j.irfa.2022.102047.","","","","2026-06-26T12:08:41.713+00:00"
"722c195d-7cd8-47b3-81f4-0a1a7e7eb782","11343/310609","https://hdl.handle.net/11343/310609","Evolution of a dealer trading network and its effects on art auction prices","De Silva, DG; Gertsberg, M; Kosmopoulou, G; Pownall, RAJ","Gertsberg, Marina","Gertsberg, Marina; 169936; 0000-0003-4682-3654","2022-05-01","2022","https://doi.org/10.1016/j.euroecorev.2022.104083","2022-06-23T00:31:20Z","Journal Article","10.1016/j.euroecorev.2022.104083","0014-2921","1873-572X","European Economic Review","144","","","ELSEVIER","Finance","Business & Economics","De Silva, D. G., Gertsberg, M., Kosmopoulou, G. & Pownall, R. A. J. (2022). Evolution of a dealer trading network and its effects on art auction prices. European Economic Review, 144, https://doi.org/10.1016/j.euroecorev.2022.104083.","CC BY-NC-ND","Published version","https://doi.org/10.1016/j.euroecorev.2022.104083","2026-07-17T23:46:56.636+00:00"
"918ab751-8ae1-4cf0-bda3-b82b1a0a8333","11343/309360","https://hdl.handle.net/11343/309360","Do state visits affect cross-border mergers and acquisitions?","Aleksanyan, M; Hao, Z; Vagenas-Nanos, E; Verwijmeren, P","Verwijmeren, Patrick","Verwijmeren, Patrick; 1439; 0000-0002-1437-0665","2021-02-01","2021","https://doi.org/10.1016/j.jcorpfin.2020.101800","2022-06-21T01:15:00Z","Journal Article","10.1016/j.jcorpfin.2020.101800","0929-1199","1872-6313","Journal of Corporate Finance","66","","","ELSEVIER","Finance","Business & Economics","Aleksanyan, M., Hao, Z., Vagenas-Nanos, E. & Verwijmeren, P. (2021). Do state visits affect cross-border mergers and acquisitions?. Journal of Corporate Finance, 66, https://doi.org/10.1016/j.jcorpfin.2020.101800.","CC BY","Published version","https://doi.org/10.1016/j.jcorpfin.2020.101800","2026-07-15T19:19:38.173+00:00"
"6b512642-1a79-44b2-976b-86b5285abf7c","11343/308183","https://hdl.handle.net/11343/308183","Measuring Financial Wellbeing with Self-Reported and Bank Record Data*","Comerton-Forde, C; de New, J; Salamanca, N; Ribar, DC; Nicastro, A; Ross, J","Salamanca Acosta, Nicolas; Comerton-Forde, Carole; Ribar, David; de New, John","Salamanca Acosta, Nicolas; 54892; 0000-0002-6596-843X; Comerton-Forde, Carole; 25276; 0000-0002-1618-0371; Ribar, David; 32969; 0000-0002-0465-4875; de New, John; 16700; 0000-0002-9198-1814","2022-06-01","2022","https://doi.org/10.1111/1475-4932.12664","2022-06-10T04:34:01Z","Journal Article","10.1111/1475-4932.12664","0013-0249","1475-4932","Economic Record","98","321","133-151","WILEY","Melbourne Institute of Applied Economic and Social Research; Finance","Business & Economics","Comerton-Forde, C., de New, J., Salamanca, N., Ribar, D. C., Nicastro, A. & Ross, J. (2022). Measuring Financial Wellbeing with Self-Reported and Bank Record Data*. Economic Record, 98 (321), pp.133-151. https://doi.org/10.1111/1475-4932.12664.","CC BY-NC","","","2026-06-25T21:38:15.948+00:00"
"e81824d8-dd55-4700-ac6c-d39c49eaca2b","11343/307738","https://hdl.handle.net/11343/307738","Gendered Prices","Adams, RB; Kräussl, R; Navone, M; Verwijmeren, P","Verwijmeren, Patrick","Verwijmeren, Patrick; 1439; 0000-0002-1437-0665","2021-08-01","2021","https://doi.org/10.1093/rfs/hhab046","2022-06-09T23:52:31Z","Journal Article","10.1093/rfs/hhab046","0893-9454","1465-7368","The Review of financial studies","34","8","3789-3839","OXFORD UNIV PRESS INC","Finance","Business & Economics","Adams, R. B., Kräussl, R., Navone, M. & Verwijmeren, P. (2021). Gendered Prices. Review of Financial Studies, 34 (8), pp.3789-3839. https://doi.org/10.1093/rfs/hhab046.","CC BY","","","2026-07-16T03:14:42.766+00:00"
"70a49b7a-41cd-419c-a163-d86b5f230a70","11343/305645","https://hdl.handle.net/11343/305645","Two components of body-image disturbance are differentially associated with distinct eating disorder characteristics in healthy young women","Hamamoto, YN; Suzuki, SN; Sugiura, MN","Suzuki, Shinsuke","Suzuki, Shinsuke; 149050; 0000-0002-9816-9423","2022-01-12","2022","https://doi.org/10.1371/journal.pone.0262513","2022-05-24T00:49:18Z","Journal Article","10.1371/journal.pone.0262513","1932-6203","1932-6203","PLoS ONE","17","1","1-16","PUBLIC LIBRARY SCIENCE","Finance","Business & Economics","Hamamoto, Y. N., Suzuki, S. N. & Sugiura, M. N. (2022). Two components of body-image disturbance are differentially associated with distinct eating disorder characteristics in healthy young women. PLOS ONE, 17 (1), pp.1-16. https://doi.org/10.1371/journal.pone.0262513.","CC BY","","","2026-07-08T04:58:45.296+00:00"
"e0f8467b-4314-4cb6-95bf-18a755b96b8a","11343/302369","https://hdl.handle.net/11343/302369","An empirical analysis of price differences for male and female artists in the global art market","Bocart, FYRP; Gertsberg, M; Pownall, RAJ","Gertsberg, Marina","Gertsberg, Marina; 169936; 0000-0003-4682-3654","2022-09-01","2022","https://doi.org/10.1007/s10824-020-09403-2","2022-04-29T00:32:58Z","Journal Article","10.1007/s10824-020-09403-2","0885-2545","1573-6997","Journal of Cultural Economics","46","3","543-565","SPRINGER","Finance","Business & Economics","Bocart, F. Y. R. P., Gertsberg, M. & Pownall, R. A. J. (2022). An empirical analysis of price differences for male and female artists in the global art market. Journal of Cultural Economics, 46 (3), pp.543-565. https://doi.org/10.1007/s10824-020-09403-2.","CC BY","","","2026-06-26T10:50:49.218+00:00"
"47d8d9ee-9849-488b-8e6b-7375be7dfccd","11343/302121","https://hdl.handle.net/11343/302121","How Do Options Add Value? Evidence from the Convertible Bond Market*","Lee, I; Renjie, RW; Verwijmeren, P","Verwijmeren, Patrick","Verwijmeren, Patrick; 1439; 0000-0002-1437-0665","2023-02","2023","https://doi.org/10.1093/rof/rfac001","2022-04-29T00:31:21Z","Journal Article","10.1093/rof/rfac001","1572-3097","1573-692X","Review of Finance","27","1","189-222","OXFORD UNIV PRESS","Finance","Business & Economics","Lee, I., Renjie, R. W. & Verwijmeren, P. (2023). How Do Options Add Value? Evidence from the Convertible Bond Market*. REVIEW OF FINANCE, 27 (1), pp.189-222. https://doi.org/10.1093/rof/rfac001.","CC BY","","","2026-07-17T20:56:53.467+00:00"
"a32eab58-d16b-4efb-a3ac-4eb0f21edc29","11343/300042","https://hdl.handle.net/11343/300042","Caloric Primary Rewards Systematically Alter Time Perception","Fung, BJ; Murawski, C; Bode, S","Murawski, Carsten; Fung, Bowen; Bode, Stefan","Murawski, Carsten; 5544; 0000-0002-1237-9535; Fung, Bowen; 75331; Bode, Stefan; 1642; 0000-0002-0258-7795","2017-11-01","2017","https://doi.org/10.1037/xhp0000418","2022-04-03T06:34:20Z","Journal Article","10.1037/xhp0000418","0096-1523","1939-1277","Journal of Experimental Psychology: Human Perception and Performance","43","11","1925-1936","American Psychological Association","Finance; Melbourne School of Psychological Sciences","Business & Economics; Medicine, Dentistry & Health Sciences","Fung, B. J., Murawski, C. & Bode, S. (2017). Caloric Primary Rewards Systematically Alter Time Perception. Journal of Experimental Psychology: Human Perception and Performance, 43 (11), pp.1925-1936. https://doi.org/10.1037/xhp0000418.","","","","2026-06-30T09:34:41.979+00:00"
"c728cb06-a87f-4c9d-a51a-5f83879a4ef1","11343/300041","https://hdl.handle.net/11343/300041","Endogenous formation of preferences: Choices systematically change willingness-to-pay for goods","Voigt, K; Murawski, C; Bode, S","Murawski, Carsten; Bode, Stefan; Voigt, Katharina","Murawski, Carsten; 5544; 0000-0002-1237-9535; Bode, Stefan; 1642; 0000-0002-0258-7795; Voigt, Katharina; 106104; 0000-0002-1027-9223","2017-12","2017","https://doi.org/10.1037/xlm0000415","2022-04-03T06:32:07Z","Journal Article","10.1037/xlm0000415","0278-7393","1939-1285","Journal of Experimental Psychology: Learning Memory and Cognition","43","12","1872-1882","American Psychological Association","Finance; Melbourne School of Psychological Sciences","Business & Economics; Medicine, Dentistry & Health Sciences","Voigt, K., Murawski, C. & Bode, S. (2017). Endogenous formation of preferences: Choices systematically change willingness-to-pay for goods. Journal of Experimental Psychology: Learning, Memory, and Cognition, 43 (12), pp.1872-1882. https://doi.org/10.1037/xlm0000415.","","","","2026-06-30T09:35:23.740+00:00"
"15a983b1-da72-4396-917b-1939565fe1f9","11343/300040","https://hdl.handle.net/11343/300040","Feedback discounting in probabilistic categorization: Converging evidence from EEG and cognitive modelling","Sewell, DK; Warren, HA; Rosenblatt, D; Lyons, M; Bode, S","Bode, Stefan; Rosenblatt, Daniel; Sewell, David; WARREN, HAYLEY; Rosenblatt, Daniel; Bennett, Daniel","Bode, Stefan; 1642; 0000-0002-0258-7795; Rosenblatt, Daniel; 55297; 0000-0002-2284-2036; Sewell, David; 7865; WARREN, HAYLEY; 109549; Rosenblatt, Daniel; 76640; Bennett, Daniel; 73780; 0000-0001-6608-9026","2018","2018","https://doi.org/10.1007/s42113-018-0012-6","2022-04-03T06:31:11Z","Journal Article","10.1007/s42113-018-0012-6","2522-0861","2522-087X","Computational Brain and Behavior","1","2","165-183","Springer International Publishing","Finance; Melbourne School of Psychological Sciences","Business & Economics; Medicine, Dentistry & Health Sciences","Sewell, D. K., Warren, H. A., Rosenblatt, D., Lyons, M. & Bode, S. (2018). Feedback discounting in probabilistic categorization: Converging evidence from EEG and cognitive modelling. Computational Brain & Behavior, 1 (2), pp.165-183. https://doi.org/10.1007/s42113-018-0012-6.","","","","2026-07-16T02:32:14.103+00:00"
"a3723d3b-eda0-4bf1-9149-04ccc9e9b039","11343/300039","https://hdl.handle.net/11343/300039","Dissociating neural variability related to stimulus quality and response times in perceptual decision-making","Bode, S; Bennett, D; Sewell, DK; Paton, B; Egan, GF; Smith, PL; Murawski, C","Egan, Gary; Bode, Stefan; Smith, Philip; Bennett, Daniel; Murawski, Carsten; Sewell, David","Egan, Gary; 12861; 0000-0002-3186-4026; Bode, Stefan; 1642; 0000-0002-0258-7795; Smith, Philip; 625; 0000-0002-2381-9372; Bennett, Daniel; 73780; 0000-0001-6608-9026; Murawski, Carsten; 5544; 0000-0002-1237-9535; Sewell, David; 94025","2018-03-01","2018","https://doi.org/10.1016/j.neuropsychologia.2018.01.040","2022-04-03T06:30:11Z","Journal Article","10.1016/j.neuropsychologia.2018.01.040","0028-3932","1873-3514","Neuropsychologia","111","","190-200","Elsevier","Finance; Melbourne School of Psychological Sciences; Anatomy and Neuroscience","Business & Economics; Medicine, Dentistry & Health Sciences","Bode, S., Bennett, D., Sewell, D. K., Paton, B., Egan, G. F., Smith, P. L. & Murawski, C. (2018). Dissociating neural variability related to stimulus quality and response times in perceptual decision-making. Neuropsychologia, 111, pp.190-200. https://doi.org/10.1016/j.neuropsychologia.2018.01.040.","","","","2026-06-30T09:34:52.440+00:00"
"c2586a40-7ca1-40eb-a782-3d77cf3e564e","11343/300038","https://hdl.handle.net/11343/300038","Health warnings promote healthier dietary decision making: Effects of positive versus negative message framing and graphic versus text-based warnings","Rosenblatt, DH; Bode, S; Dixon, H; Murawski, C; Summerell, P; Ng, A; Wakefield, M","Murawski, Carsten; Wakefield, Melanie; Rosenblatt, Daniel; Bode, Stefan; Dixon, Helen; Summerell, Patrick","Murawski, Carsten; 5544; 0000-0002-1237-9535; Wakefield, Melanie; 2240; Rosenblatt, Daniel; 76640; Bode, Stefan; 1642; 0000-0002-0258-7795; Dixon, Helen; 11028; 0000-0002-5365-9605; Summerell, Patrick; 128498","2018-08-01","2018","https://doi.org/10.1016/j.appet.2018.05.006","2022-04-03T06:29:21Z","Journal Article","10.1016/j.appet.2018.05.006","0195-6663","1095-8304","Appetite","127","","280-288","Elsevier","Finance; Melbourne School of Psychological Sciences","Business & Economics; Medicine, Dentistry & Health Sciences","Rosenblatt, D. H., Bode, S., Dixon, H., Murawski, C., Summerell, P., Ng, A. & Wakefield, M. (2018). Health warnings promote healthier dietary decision making: Effects of positive versus negative message framing and graphic versus text-based warnings. Appetite, 127, pp.280-288. https://doi.org/10.1016/j.appet.2018.05.006.","","","","2026-07-04T05:50:58.030+00:00"
"bef64326-d962-4ab7-a24b-3df8da819920","11343/300036","https://hdl.handle.net/11343/300036","Hard Decisions Shape the Neural Coding of Preferences","Voigt, K; Murawski, C; Speer, S; Bode, S","Bode, Stefan; Murawski, Carsten; Voigt, Katharina; SPEER, SEBASTIAN","Bode, Stefan; 1642; 0000-0002-0258-7795; Murawski, Carsten; 5544; 0000-0002-1237-9535; Voigt, Katharina; 131701; SPEER, SEBASTIAN; 117960","2019-01-23","2019","https://doi.org/10.1523/JNEUROSCI.1681-18.2018","2022-04-03T06:25:22Z","Journal Article","10.1523/JNEUROSCI.1681-18.2018","0270-6474","1529-2401","Journal of Neuroscience","39","4","718-726","Society for Neuroscience","Finance; Melbourne School of Psychological Sciences","Business & Economics; Medicine, Dentistry & Health Sciences","Voigt, K., Murawski, C., Speer, S. & Bode, S. (2019). Hard Decisions Shape the Neural Coding of Preferences. The Journal of Neuroscience, 39 (4), pp.718-726. https://doi.org/10.1523/JNEUROSCI.1681-18.2018.","CC BY-NC-SA","","","2026-07-10T05:23:12.652+00:00"
"a55586e0-1a6a-5e73-986f-90ff632d8489","11343/296990","https://hdl.handle.net/11343/296990","Psychiatric symptoms influence reward-seeking and loss-avoidance decision-making through common and distinct computational processes","Suzuki, S; Yamashita, Y; Katahira, K","Suzuki, Shinsuke","Suzuki, Shinsuke; 149050; 0000-0002-9816-9423","2021-09-01","2021","https://doi.org/10.1111/pcn.13279","2022-01-21T00:57:45Z","Journal Article","10.1111/pcn.13279","1323-1316","1440-1819","Psychiatry and Clinical Neurosciences","75","9","277-285","WILEY","Finance","Business & Economics","Suzuki, S., Yamashita, Y. & Katahira, K. (2021). Psychiatric symptoms influence reward-seeking and loss-avoidance decision-making through common and distinct computational processes. Psychiatry and Clinical Neurosciences, 75 (9), pp.277-285. https://doi.org/10.1111/pcn.13279.","CC BY","","","2026-06-26T16:25:05.486+00:00"
"7becd993-b391-5851-a837-1686c857f252","11343/296556","https://hdl.handle.net/11343/296556","Epilepsy and ecstatic experiences: The role of the insula","Picard, F; Bossaerts, P; Bartolomei, F","Bossaerts, Peter","Bossaerts, Peter; 27438; 0000-0003-2308-2603","2021-11-01","2021","https://doi.org/10.3390/brainsci11111384","2022-01-20T02:33:04Z","Journal Article","10.3390/brainsci11111384","2076-3425","2076-3425","Brain Sciences","11","11","","MDPI","Finance","Business & Economics","Picard, F., Bossaerts, P. & Bartolomei, F. (2021). Epilepsy and ecstatic experiences: The role of the insula. Brain Sciences, 11 (11), https://doi.org/10.3390/brainsci11111384.","CC BY","","","2026-06-29T09:42:38.240+00:00"
"d2c2df48-724e-5eb7-beb1-292ee6c2f983","11343/296305","https://hdl.handle.net/11343/296305","Transferring cognitive talent across domains to reduce the disposition effect in investment","Rotaru, K; Kalev, PS; Yadav, N; Bossaerts, P","Bossaerts, Peter; Yadav, Nitin","Bossaerts, Peter; 27438; 0000-0003-2308-2603; Yadav, Nitin; 127160; 0000-0003-0132-1028","2021-12-01","2021","https://doi.org/10.1038/s41598-021-02596-2","2022-01-20T01:57:17Z","Journal Article","10.1038/s41598-021-02596-2","2045-2322","2045-2322","Scientific Reports","11","1","","NATURE PORTFOLIO","Finance","Business & Economics","Rotaru, K., Kalev, P. S., Yadav, N. & Bossaerts, P. (2021). Transferring cognitive talent across domains to reduce the disposition effect in investment. Scientific Reports, 11 (1), https://doi.org/10.1038/s41598-021-02596-2.","CC BY","","","2026-06-29T09:42:50.165+00:00"
"22b66ec6-990d-5205-ad1a-059524894cd2","11343/293483","https://hdl.handle.net/11343/293483","Documenting the functional form of dynamic risk-taking behaviour in a real options context using sporting contests","Pinder, S; Easton, S; Stern, S","Pinder, Sean; Easton, Stephen","Pinder, Sean; 321; 0000-0003-3083-6047; Easton, Stephen; 32413; 0000-0001-7855-8379","2018-11-01","2018","https://doi.org/10.1111/acfi.12298","2021-11-29T23:19:00Z","Journal Article","10.1111/acfi.12298","0810-5391","1467-629X","Accounting and Finance","58","S1","159-178","Wiley","Finance","Business & Economics","Pinder, S., Easton, S. & Stern, S. (2018). Documenting the functional form of dynamic risk-taking behaviour in a real options context using sporting contests. Accounting and Finance, 58 (S1), pp.159-178. https://doi.org/10.1111/acfi.12298.","","","","2026-07-15T07:38:48.278+00:00"
"8dd5e60b-4a94-5c2a-862e-2691a7de51f5","11343/293280","https://hdl.handle.net/11343/293280","Measuring the Adequacy of Retirement Savings","MURAWSKI, C; Burnett, J; Davis, KEVIN; Wilkins, ROGER; Wilkinson, N","Murawski, Carsten; Davis, Kevin; Wilkins, Roger","Murawski, Carsten; 5544; 0000-0002-1237-9535; Davis, Kevin; 4668; 0000-0002-5810-7172; Wilkins, Roger; 12765; 0000-0002-8548-757X","2018-12-01","2018","https://doi.org/10.1111/roiw.12307","2021-11-29T22:47:29Z","Journal Article","10.1111/roiw.12307","0034-6586","1475-4991","Review of Income and Wealth, The","64","4","900-927","Wiley","Melbourne Institute of Applied Economic and Social Research; Finance","Business & Economics","MURAWSKI, C., Burnett, J., Davis, K. E. V. I. N., Wilkins, R. O. G. E. R. & Wilkinson, N. (2018). Measuring the Adequacy of Retirement Savings. Review of Income and Wealth, 64 (4), pp.900-927. https://doi.org/10.1111/roiw.12307.","","","","2026-07-08T17:22:30.499+00:00"
"addb4596-2202-54ca-abac-1fc7cd5f58d5","11343/292472","https://hdl.handle.net/11343/292472","THE POWER OF RESILIENCE","Coleman, L","Coleman, Patrick","Coleman, Patrick; 5196; 0000-0002-2728-6139","2017-06","2017","https://doi.org/10.1111/1468-5973.12167","2021-11-25T23:17:48Z","Journal Article","10.1111/1468-5973.12167","0966-0879","1468-5973","Journal of Contingencies and Crisis Management","25","2","114-115","WILEY","Finance","Business & Economics","Coleman, L. (2017). THE POWER OF RESILIENCE. JOURNAL OF CONTINGENCIES AND CRISIS MANAGEMENT, 25 (2), pp.114-115. https://doi.org/10.1111/1468-5973.12167.","","","","2026-07-17T09:13:02.696+00:00"
"42b1ed6f-cd8d-5208-9014-a95ed8b5a56d","11343/292240","https://hdl.handle.net/11343/292240","Do brokers' recommendation changes generate brokerage? Evidence from a central limit order market","Chan, HWH; Faff, RW; Ho, YK; Brown, R","Chan, Howard; Brown, Robert","Chan, Howard; 13717; 0000-0001-9288-0727; Brown, Robert; 11184; 0000-0002-7424-4599","2019-03-01","2019","https://doi.org/10.1111/acfi.12255","2021-11-25T22:42:40Z","Journal Article","10.1111/acfi.12255","0810-5391","1467-629X","Accounting and Finance","59","1","115-142","Wiley","Finance","Business & Economics","Chan, H. W. H., Faff, R. W., Ho, Y. K. & Brown, R. (2019). Do brokers' recommendation changes generate brokerage? Evidence from a central limit order market. Accounting and Finance, 59 (1), pp.115-142. https://doi.org/10.1111/acfi.12255.","","","","2026-07-13T20:48:00.824+00:00"
"ac7917c6-b605-5af6-8d56-db61e1b7f920","11343/291876","https://hdl.handle.net/11343/291876","Under weighting of Private Information by Top Analysts","Aharoni, G; Einhorn, E; Zeng, Q","Aharoni, Gil; Zeng, Qi","Aharoni, Gil; 1207; 0000-0001-5792-7171; Zeng, Qi; 11502; 0000-0003-1228-0794","2017-06-01","2017","https://doi.org/10.1111/1475-679X.12152","2021-11-16T23:47:45Z","Journal Article","10.1111/1475-679X.12152","0021-8456","1475-679X","Journal of Accounting Research","55","3","551-590","WILEY","Finance","Business & Economics","Aharoni, G., Einhorn, E. & Zeng, Q. (2017). Under weighting of Private Information by Top Analysts. Journal of Accounting Research, 55 (3), pp.551-590. https://doi.org/10.1111/1475-679X.12152.","","","","2026-07-17T10:11:17.694+00:00"
"213ca492-742b-5857-a51c-f1ee9a5e40af","11343/291748","https://hdl.handle.net/11343/291748","Macroeconomic Expectations and the Size, Value, and Momentum Factors","Bergbrant, MC; Kelly, PJ","Kelly, Patrick","Kelly, Patrick; 30764; 0000-0002-8540-7488","2016-12-01","2016","https://doi.org/10.1111/fima.12140","2021-11-16T23:29:23Z","Journal Article","10.1111/fima.12140","0046-3892","1755-053X","Financial Management","45","4","809-844","WILEY-BLACKWELL","Finance","Business & Economics","Bergbrant, M. C. & Kelly, P. J. (2016). Macroeconomic Expectations and the Size, Value, and Momentum Factors. Financial Management, 45 (4), pp.809-844. https://doi.org/10.1111/fima.12140.","","","","2026-07-15T12:27:22.989+00:00"
"f63bcbae-f2cc-5819-bc29-23bd376ba2c8","11343/290969","https://hdl.handle.net/11343/290969","CHANGING ORGANIZATIONAL FORM: DEMUTUALIZATION AND THE PRIVATIZATION OF COMMUNAL WEALTH – AUSTRALIAN CREDIT UNION EXPERIENCES","Davis, K","Davis, Kevin","Davis, Kevin; 4668; 0000-0002-5810-7172","2016-12-01","2016","https://doi.org/10.1111/apce.12128","2021-11-11T23:53:14Z","Journal Article","10.1111/apce.12128","1370-4788","1467-8292","Annals of Public and Cooperative Economics","87","4","603-621","WILEY","Finance","Business & Economics","Davis, K. (2016). CHANGING ORGANIZATIONAL FORM: DEMUTUALIZATION AND THE PRIVATIZATION OF COMMUNAL WEALTH – AUSTRALIAN CREDIT UNION EXPERIENCES. Annals of Public and Cooperative Economics, 87 (4), pp.603-621. https://doi.org/10.1111/apce.12128.","","","","2026-07-18T01:14:11.076+00:00"
"5efd5268-b323-51b4-bda9-161af940a272","11343/290773","https://hdl.handle.net/11343/290773","Industry Expertise, Information Leakage and the Choice of M&A Advisors","Chang, X; Shekhar, C; Tam, LHK; Yao, J","Shekhar, Chander","Shekhar, Chander; 105; 0000-0003-4689-5172","2016-01-01","2016","https://doi.org/10.1111/jbfa.12165","2021-11-11T22:40:34Z","Journal Article","10.1111/jbfa.12165","0306-686X","1468-5957","Journal of Business Finance & Accounting","43","1-2","191-225","WILEY-BLACKWELL","Finance","Business & Economics","Chang, X., Shekhar, C., Tam, L. H. K. & Yao, J. (2016). Industry Expertise, Information Leakage and the Choice of M&A Advisors. Journal of Business Finance and Accounting, 43 (1-2), pp.191-225. https://doi.org/10.1111/jbfa.12165.","","","","2026-07-18T05:45:47.020+00:00"
"84406a60-2c93-568d-8296-6751130f8395","11343/289962","https://hdl.handle.net/11343/289962","The Earnings Expectations Game and the Dispersion Anomaly","Veenman, D; Verwijmeren, P","Verwijmeren, Patrick","Verwijmeren, Patrick; 1439; 0000-0002-1437-0665","2022-04-01","2022","https://doi.org/10.1287/mnsc.2021.3983","2021-10-26T00:12:54Z","Journal Article","10.1287/mnsc.2021.3983","0025-1909","1526-5501","Management science","68","4","3129-3149","INFORMS","Finance","Business & Economics","Veenman, D. & Verwijmeren, P. (2022). The Earnings Expectations Game and the Dispersion Anomaly. Management Science, 68 (4), pp.3129-3149. https://doi.org/10.1287/mnsc.2021.3983.","","Accepted version","http://eprints.gla.ac.uk/227834/1/227834.pdf","2026-07-09T06:31:29.288+00:00"
"bd09e520-d124-5447-a570-9a3a0d037f95","11343/289788","https://hdl.handle.net/11343/289788","Additional solar system gravitational anomalies","Coleman, L","Coleman, Patrick","Coleman, Patrick; 5196; 0000-0002-2728-6139","2021-09-01","2021","https://doi.org/10.3390/sym13091696","2021-10-25T04:06:00Z","Journal Article","10.3390/sym13091696","2073-8994","2073-8994","Symmetry","13","9","","MDPI","Finance","Business & Economics","Coleman, L. (2021). Additional solar system gravitational anomalies. Symmetry, 13 (9), https://doi.org/10.3390/sym13091696.","CC BY","","","2026-07-04T20:38:15.470+00:00"
"d49500bf-c745-5246-8114-9c67fb6458d8","11343/287527","https://hdl.handle.net/11343/287527","How Neurobiology Elucidates the Role of Emotions in Financial Decision-Making","Bossaerts, P","Bossaerts, Peter","Bossaerts, Peter; 27438; 0000-0003-2308-2603","2021-07-19","2021","https://doi.org/10.3389/fpsyg.2021.697375","2021-10-12T00:41:14Z","Journal Article","10.3389/fpsyg.2021.697375","1664-1078","1664-1078","Frontiers in Psychology","12","","","FRONTIERS MEDIA SA","Finance","Business & Economics","Bossaerts, P. (2021). How Neurobiology Elucidates the Role of Emotions in Financial Decision-Making. Frontiers in Psychology, 12, https://doi.org/10.3389/fpsyg.2021.697375.","CC BY","","","2026-06-28T01:10:55.594+00:00"
"ce0e1ebb-840e-57f2-8dd7-6708a3581131","11343/286893","https://hdl.handle.net/11343/286893","Monetary feedback modulates performance and electrophysiological indices of belief updating in reward learning.","Bennett, D; Sasmita, K; Maloney, RT; Murawski, C; Bode, S","Bode, Stefan; Murawski, Carsten; Maloney, Ryan; Bennett, Daniel; Bennett, Daniel","Bode, Stefan; 1642; 0000-0002-0258-7795; Murawski, Carsten; 5544; 0000-0002-1237-9535; Maloney, Ryan; 37670; 0000-0001-5075-6875; Bennett, Daniel; 20395; 0000-0001-6608-9026; Bennett, Daniel; 73780; 0000-0001-6608-9026","2019-07-05","2019","https://doi.org/10.1111/psyp.13431","2021-10-07T01:41:19Z","Journal Article","10.1111/psyp.13431","0048-5772","1540-5958","Psychophysiology","56","10","e13431-e13431","Wiley","Finance; Melbourne School of Psychological Sciences","Business & Economics; Medicine, Dentistry & Health Sciences","Bennett, D., Sasmita, K., Maloney, R. T., Murawski, C. & Bode, S. (2019). Monetary feedback modulates performance and electrophysiological indices of belief updating in reward learning.. Psychophysiology, 56 (10), pp.e13431-e13431. https://doi.org/10.1111/psyp.13431.","","","","2026-07-05T03:59:15.880+00:00"
"34ae6a5e-4a3c-5146-bf60-849e06f0e93d","11343/286849","https://hdl.handle.net/11343/286849","Depositor Protection and Bank Liquidity Regulation: Distortions Affecting Superannuation","Davis, K; Maddock, R","Davis, Kevin","Davis, Kevin; 4668; 0000-0002-5810-7172","2019-06-01","2019","https://doi.org/10.1111/1467-8462.12321","2021-10-07T01:34:08Z","Journal Article","10.1111/1467-8462.12321","0004-9018","1467-8462","Australian Economic Review, The","52","2","149-157","Wiley","Finance","Business & Economics","Davis, K. & Maddock, R. (2019). Depositor Protection and Bank Liquidity Regulation: Distortions Affecting Superannuation. The Australian Economic Review, 52 (2), pp.149-157. https://doi.org/10.1111/1467-8462.12321.","","","","2026-07-15T08:18:34.869+00:00"
"7fa4f029-6adb-52da-bec5-cf50caa6e7c7","11343/286846","https://hdl.handle.net/11343/286846","Good Bids Come to Those Who Wait: The Value of Late Bidding in Online Auctions","Lim, B; Shemesh, J","Lim, Bryan","Lim, Bryan; 7805; 0000-0003-3756-3651","2019-06-01","2019","https://doi.org/10.1111/1475-4932.12456","2021-10-07T01:33:42Z","Journal Article","10.1111/1475-4932.12456","0013-0249","1475-4932","Economic Record","95","309","248-261","WILEY","Finance","Business & Economics","Lim, B. & Shemesh, J. (2019). Good Bids Come to Those Who Wait: The Value of Late Bidding in Online Auctions. Economic Record, 95 (309), pp.248-261. https://doi.org/10.1111/1475-4932.12456.","","","","2026-07-15T16:06:42.714+00:00"
"edc6d73f-e34e-559c-bde4-3766cb26d9fc","11343/285129","https://hdl.handle.net/11343/285129","Does secrecy signal skill? Own-investor secrecy and hedge fund performance","Gorovyy, S; Kelly, PJ; Kuzmina, O","Kelly, Patrick","Kelly, Patrick; 30764; 0000-0002-8540-7488","2021-12-01","2021","https://doi.org/10.1016/j.jbankfin.2021.106288","2021-09-28T23:25:43Z","Journal Article","10.1016/j.jbankfin.2021.106288","0378-4266","1872-6372","Journal of Banking & Finance","133","","106288-106288","Elsevier","Finance","Business & Economics","Gorovyy, S., Kelly, P. J. & Kuzmina, O. (2021). Does secrecy signal skill? Own-investor secrecy and hedge fund performance. Journal of Banking and Finance, 133, https://doi.org/10.1016/j.jbankfin.2021.106288.","","","","2026-07-17T06:21:22.497+00:00"
"43a33754-3a06-5e5a-884c-e62d3cc84999","11343/284708","https://hdl.handle.net/11343/284708","Watch Your Basket - to Determine CEO Compensation","Galpin, N; Jung, HWH; Moore, L; Volkova, E","Volkova, Ekaterina; Moore, Lyndon; Galpin, Neal; Jung, Hae Won","Volkova, Ekaterina; 133551; 0000-0002-6589-0433; Moore, Lyndon; 1901; 0000-0003-3149-0682; Galpin, Neal; 14725; 0000-0002-7187-0308; Jung, Hae Won; 8445; 0000-0002-7268-7505","2019-09-01","2019","https://doi.org/10.1111/fima.12243","2021-09-27T23:04:16Z","Journal Article","10.1111/fima.12243","0046-3892","1755-053X","Financial Management","48","3","945-971","Wiley","Finance","Business & Economics","Galpin, N., Jung, H. W. H., Moore, L. & Volkova, E. (2019). Watch Your Basket - to Determine CEO Compensation. Financial Management, 48 (3), pp.945-971. https://doi.org/10.1111/fima.12243.","","","","2026-07-15T15:56:27.971+00:00"
"e808bbf5-b58a-51c9-b95b-68998c297185","11343/284491","https://hdl.handle.net/11343/284491","An efficient market? Going public in London, 1891-1911","Fjesme, S; Galpin, N; Moore, L","Moore, Lyndon; Galpin, Neal","Moore, Lyndon; 1901; 0000-0003-3149-0682; Galpin, Neal; 14725; 0000-0002-7187-0308","2019-08-01","2019","https://doi.org/10.1111/ehr.12783","2021-09-27T00:51:48Z","Journal Article","10.1111/ehr.12783","0013-0117","1468-0289","The Economic History Review","72","3","1008-1027","Wiley","Finance","Business & Economics","Fjesme, S., Galpin, N. & Moore, L. (2019). An efficient market? Going public in London, 1891-1911. Economic History Review: a journal of economic and social history, 72 (3), pp.1008-1027. https://doi.org/10.1111/ehr.12783.","","","","2026-07-15T15:39:02.646+00:00"
"5adbd4f1-df65-507b-a9db-784b7a60bccd","11343/283439","https://hdl.handle.net/11343/283439","Downside Risk Aversion and the Downside Risk Premium","Zeng, Q; Stapleton, RC","Zeng, Qi","Zeng, Qi; 11502; 0000-0003-1228-0794","2018-06-01","2018","https://doi.org/10.1111/jori.12241","2021-09-17T00:38:00Z","Journal Article","10.1111/jori.12241","0022-4367","1539-6975","Journal of Risk and Insurance","85","2","379-395","Wiley","Finance","Business & Economics","Zeng, Q. & Stapleton, R. C. (2018). Downside Risk Aversion and the Downside Risk Premium. Journal of Risk and Insurance, 85 (2), pp.379-395. https://doi.org/10.1111/jori.12241.","","","","2026-07-16T03:16:50.875+00:00"
"e8cb74b9-0a51-5da2-a0fd-f9cc67af2bca","11343/282674","https://hdl.handle.net/11343/282674","Succession financing in family firms","Koropp, C; Grichnik, D; Gygax, AF","Gygax, Andre","Gygax, Andre; 223; 0000-0001-7265-9400","2013-08-01","2013","https://doi.org/10.1007/s11187-012-9442-z","2021-09-08T23:44:06Z","Journal Article","10.1007/s11187-012-9442-z","0921-898X","1573-0913","Small Business Economics","41","2","315-334","SPRINGER","Finance","Business & Economics","Koropp, C., Grichnik, D. & Gygax, A. F. (2013). Succession financing in family firms. Small Business Economics, 41 (2), pp.315-334. https://doi.org/10.1007/s11187-012-9442-z.","","","","2026-07-18T01:49:54.378+00:00"
"cda8cb71-2a38-5347-bc06-fcb90724f5fd","11343/280689","https://hdl.handle.net/11343/280689","Ventral–Dorsal Subregions in the Posterior Cingulate Cortex Represent Pay and Interest, Two Key Attributes of Job Value","Matsuura, S; Suzuki, S; Motoki, K; Yamazaki, S; Kawashima, R; Sugiura, M","Suzuki, Shinsuke","Suzuki, Shinsuke; 149050; 0000-0002-9816-9423","2021-04-01","2021","https://doi.org/10.1093/texcom/tgab018","2021-08-18T04:44:15Z","Journal Article","10.1093/texcom/tgab018","2632-7376","2632-7376","Cerebral Cortex Communications","2","2","tgab018-","Oxford University Press","Finance","Business & Economics","Matsuura, S., Suzuki, S., Motoki, K., Yamazaki, S., Kawashima, R. & Sugiura, M. (2021). Ventral–Dorsal Subregions in the Posterior Cingulate Cortex Represent Pay and Interest, Two Key Attributes of Job Value. Cerebral Cortex Communications, 2 (2), pp.tgab018-. https://doi.org/10.1093/texcom/tgab018.","CC BY","","","2026-06-26T06:30:50.356+00:00"
"e3fb1fb2-bf30-5124-b05f-9633d868f1f5","11343/280367","https://hdl.handle.net/11343/280367","The 'Oumuamua Encounter: How Modern Cosmology Handled Its First Black Swan","Coleman, L","Coleman, Patrick","Coleman, Patrick; 5196; 0000-0002-2728-6139","2021-03-01","2021","https://doi.org/10.3390/sym13030510","2021-08-15T23:43:14Z","Journal Article","10.3390/sym13030510","2073-8994","2073-8994","Symmetry","13","3","","MDPI","Finance","Business & Economics","Coleman, L. (2021). The 'Oumuamua Encounter: How Modern Cosmology Handled Its First Black Swan. SYMMETRY-BASEL, 13 (3), https://doi.org/10.3390/sym13030510.","CC BY","","","2026-07-15T21:03:56.419+00:00"
"4e1db179-aa6e-46e3-a474-6d62df1817df","11343/302991","https://hdl.handle.net/11343/302991","The lead of oil price rises on US equity market beliefs and preferences","Dark, J","Dark, Jonathan","Dark, Jonathan; 12012; 0000-0002-7688-0193","2021-11-01","2021","https://doi.org/10.1002/fut.22247","2021-07-20T02:02:06Z","Journal Article","10.1002/fut.22247","0270-7314","1096-9934","Journal of Futures Markets, The","41","11","1861-1887","WILEY","Finance","Business & Economics","Dark, J. (2021). The lead of oil price rises on US equity market beliefs and preferences. Journal of Futures Markets, 41 (11), pp.1861-1887. https://doi.org/10.1002/fut.22247.","","","","2026-06-28T00:02:00.148+00:00"
"e8818a61-9265-5d07-a580-e513bf7e555b","11343/278168","https://hdl.handle.net/11343/278168","Individual Differences in Intertemporal Choice","Keidel, K; Rramani, Q; Weber, B; Murawski, C; Ettinger, U","Murawski, Carsten; Keidel, Kristof","Murawski, Carsten; 5544; 0000-0002-1237-9535; Keidel, Kristof; 168424; 0000-0002-1561-0157","2021-04-08","2021","https://doi.org/10.3389/fpsyg.2021.643670","2021-07-13T23:04:51Z","Journal Article","10.3389/fpsyg.2021.643670","1664-1078","1664-1078","Frontiers in Psychology","12","","1-19","Frontiers Media","Finance","Business & Economics","Keidel, K., Rramani, Q., Weber, B., Murawski, C. & Ettinger, U. (2021). Individual Differences in Intertemporal Choice. Frontiers in Psychology, 12, pp.1-19. https://doi.org/10.3389/fpsyg.2021.643670.","CC BY","","","2026-06-27T11:47:47.599+00:00"
"0e8b6742-4d76-53dc-8fc6-17ae59f6f04b","11343/277880","https://hdl.handle.net/11343/277880","Introducing a national essential diagnostics list in India.","Vijay, S; Gangakhedkar, RR; Shekhar, C; Walia, K","Shekhar, Chander","Shekhar, Chander; 105; 0000-0003-4689-5172","2021-03-01","2021","https://doi.org/10.2471/BLT.20.268037","2021-07-13T00:37:48Z","Journal Article","10.2471/BLT.20.268037","0042-9686","1564-0604","Bulletin of the World Health Organization","99","3","236-238","World Health Organization","Finance","Business & Economics","Vijay, S., Gangakhedkar, R. R., Shekhar, C. & Walia, K. (2021). Introducing a national essential diagnostics list in India.. Bulletin of the World Health Organization, 99 (3), pp.236-238. https://doi.org/10.2471/BLT.20.268037.","CC BY","","","2026-06-27T18:58:34.102+00:00"
"7c0e716b-c7e8-5a62-b047-492015e8de41","11343/277513","https://hdl.handle.net/11343/277513","The incidence of abortion and unintended pregnancy in India, 2015.","Singh, S; Shekhar, C; Acharya, R; Moore, AM; Stillman, M; Pradhan, MR; Frost, JJ; Sahoo, H; Alagarajan, M; Hussain, R; Sundaram, A; Vlassoff, M; Kalyanwala, S; Browne, A","Shekhar, Chander","Shekhar, Chander; 105; 0000-0003-4689-5172","2018-01","2018","https://doi.org/10.1016/S2214-109X(17)30453-9","2021-07-12T01:09:38Z","Journal Article","10.1016/S2214-109X(17)30453-9","2214-109X","2214-109X","The Lancet Global Health","6","1","e111-e120","Elsevier BV","Finance","Business & Economics","Singh, S., Shekhar, C., Acharya, R., Moore, A. M., Stillman, M., Pradhan, M. R., Frost, J. J., Sahoo, H., Alagarajan, M., Hussain, R., Sundaram, A., Vlassoff, M., Kalyanwala, S. & Browne, A. (2018). The incidence of abortion and unintended pregnancy in India, 2015.. Lancet Glob Health, 6 (1), pp.e111-e120. https://doi.org/10.1016/S2214-109X(17)30453-9.","CC BY-NC-ND","","","2026-06-27T17:49:22.497+00:00"
"389e2b58-e37f-5b4c-bec9-4f29548cb6ca","11343/277325","https://hdl.handle.net/11343/277325","Level, Trend and Correlates of Mistimed and Unwanted Pregnancies among Currently Pregnant Ever Married Women in India.","Dutta, M; Shekhar, C; Prashad, L","Shekhar, Chander","Shekhar, Chander; 105; 0000-0003-4689-5172","2015","2015","https://doi.org/10.1371/journal.pone.0144400","2021-07-12T00:32:17Z","Journal Article","10.1371/journal.pone.0144400","1932-6203","1932-6203","PLoS ONE","10","12","e0144400-","Public Library of Science (PLoS)","Finance","Business & Economics","Dutta, M., Shekhar, C. & Prashad, L. (2015). Level, Trend and Correlates of Mistimed and Unwanted Pregnancies among Currently Pregnant Ever Married Women in India.. PLoS One, 10 (12), pp.e0144400-. https://doi.org/10.1371/journal.pone.0144400.","CC BY","","","2026-06-27T20:01:55.595+00:00"
"3b70ef0c-5300-5725-b6d4-b72b146894c3","11343/277205","https://hdl.handle.net/11343/277205","Malaria prevalence among pregnant women in two districts with differing endemicity in Chhattisgarh, India.","Singh, N; Singh, MP; Wylie, BJ; Hussain, M; Kojo, YA; Shekhar, C; Sabin, L; Desai, M; Udhayakumar, V; Hamer, DH","Shekhar, Chander","Shekhar, Chander; 105; 0000-0003-4689-5172","2012-08-10","2012","https://doi.org/10.1186/1475-2875-11-274","2021-07-12T00:10:04Z","Journal Article","10.1186/1475-2875-11-274","1475-2875","1475-2875","Malaria Journal","11","1","274-","Springer Science and Business Media LLC","Finance","Business & Economics","Singh, N., Singh, M. P., Wylie, B. J., Hussain, M., Kojo, Y. A., Shekhar, C., Sabin, L., Desai, M., Udhayakumar, V. & Hamer, D. H. (2012). Malaria prevalence among pregnant women in two districts with differing endemicity in Chhattisgarh, India.. Malar J, 11 (1), pp.274-. https://doi.org/10.1186/1475-2875-11-274.","CC BY","","","2026-07-21T18:14:37.318+00:00"
"1cb866e1-b64e-5956-a1b8-04c5c3b0409f","11343/277137","https://hdl.handle.net/11343/277137","Evaluation and management of patients with noncardiac chest pain.","Shekhar, C; Whorwell, PJ","Shekhar, Chander","Shekhar, Chander; 105; 0000-0003-4689-5172","2008","2008","https://doi.org/10.1155/2008/708218","2021-07-11T23:56:53Z","Journal Article","10.1155/2008/708218","1687-6121","1687-630X","Gastroenterology Research and Practice","2008","1","708218-","Hindawi Limited","Finance","Business & Economics","Shekhar, C. & Whorwell, P. J. (2008). Evaluation and management of patients with noncardiac chest pain.. Gastroenterol Res Pract, 2008 (1), pp.708218-. https://doi.org/10.1155/2008/708218.","CC BY","","","2026-06-27T20:33:22.124+00:00"
"87b7611d-591d-5b81-be82-c2e5ff1dd032","11343/274587","https://hdl.handle.net/11343/274587","Exploiting Distributional Temporal Difference Learning to Deal with Tail Risk","Bossaerts, P; Huang, S; Yadav, N","Huang, Shijie; Bossaerts, Peter; Yadav, Nitin","Huang, Shijie; 122702; 0000-0002-3641-6169; Bossaerts, Peter; 27438; 0000-0003-2308-2603; Yadav, Nitin; 127160; 0000-0003-0132-1028","2020-12-01","2020","https://doi.org/10.3390/risks8040113","2021-05-18T01:16:23Z","Journal Article","10.3390/risks8040113","2227-9091","2227-9091","Risks","8","4","1-20","MDPI AG","Finance","Business and Economics","Bossaerts, P., Huang, S. & Yadav, N. (2020). Exploiting Distributional Temporal Difference Learning to Deal with Tail Risk. Risks, 8 (4), pp.1-20. https://doi.org/10.3390/risks8040113.","CC BY","","","2026-07-02T09:18:50.901+00:00"
"1146a887-b0bf-56f6-99fc-7ce1b025c55d","11343/274080","https://hdl.handle.net/11343/274080","Testing the reinforcement learning hypothesis of social conformity","Levorsen, M; Ito, A; Suzuki, S; Izuma, K","Suzuki, Shinsuke","Suzuki, Shinsuke; 149050; 0000-0002-9816-9423","2021-04-01","2021","https://doi.org/10.1002/hbm.25296","2021-05-11T02:16:53Z","Journal Article","10.1002/hbm.25296","1065-9471","1097-0193","Human Brain Mapping","42","5","1328-1342","Wiley Open Access","Finance","Business and Economics","Levorsen, M., Ito, A., Suzuki, S. & Izuma, K. (2021). Testing the reinforcement learning hypothesis of social conformity. Human Brain Mapping, 42 (5), pp.1328-1342. https://doi.org/10.1002/hbm.25296.","CC BY-NC-ND","","","2026-06-29T09:39:50.836+00:00"
"da7dd345-54db-4b5c-8d9a-421798a56b38","11343/302964","https://hdl.handle.net/11343/302964","Loss aversion and high stakes","Easton, S; Pinder, S","Pinder, Sean; Easton, Stephen","Pinder, Sean; 321; 0000-0003-3083-6047; Easton, Stephen; 32413; 0000-0001-7855-8379","2022-03-01","2022","https://doi.org/10.1111/acfi.12802","2021-05-09T02:02:06Z","Journal Article","10.1111/acfi.12802","0810-5391","1467-629X","Accounting and Finance","62","1","645-665","WILEY","Finance","Business & Economics","Easton, S. & Pinder, S. (2022). Loss aversion and high stakes. ACCOUNTING AND FINANCE, 62 (1), pp.645-665. https://doi.org/10.1111/acfi.12802.","","","","2026-06-27T00:07:53.582+00:00"
"6bbf60a6-63f0-519f-9c4e-1e2992914299","11343/271505","https://hdl.handle.net/11343/271505","Indirect reciprocity is sensitive to costs of information transfer","Suzuki, S; Kimura, H","Suzuki, Shinsuke","Suzuki, Shinsuke; 149050; 0000-0002-9816-9423","2013-03-25","2013","https://doi.org/10.1038/srep01435","2021-04-30T02:05:33Z","Journal Article","10.1038/srep01435","2045-2322","2045-2322","Scientific Reports","3","1","1435-","Springer Science and Business Media LLC","Finance","Business and Economics","Suzuki, S. & Kimura, H. (2013). Indirect reciprocity is sensitive to costs of information transfer. Scientific Reports, 3 (1), pp.1435-. https://doi.org/10.1038/srep01435.","CC BY-NC-SA","","","2026-07-07T01:30:44.728+00:00"
"6cefd46b-36e0-5a13-904d-862734c5eb75","11343/270852","https://hdl.handle.net/11343/270852","Are Free Will Believers Nicer People? (Four Studies Suggest Not)","Crone, DL; Levy, NL","Crone, Damien; Crone, Damien Lucas","Crone, Damien; 74081; Crone, Damien Lucas; 20561; 0000-0003-3081-4710","2019-07-01","2019","https://doi.org/10.1177/1948550618780732","2021-04-29T00:46:05Z","Journal Article","10.1177/1948550618780732","1948-5506","1948-5514","Social Psychological and Personality Science","10","5","612-619","SAGE Publications","Finance","","Crone, D. L. & Levy, N. L. (2019). Are Free Will Believers Nicer People? (Four Studies Suggest Not). Social Psychological and Personality Science, 10 (5), pp.612-619. https://doi.org/10.1177/1948550618780732.","CC BY","","","2026-06-27T06:24:17.677+00:00"
"019282df-0d60-5e2f-8a96-298f8fd73b30","11343/269145","https://hdl.handle.net/11343/269145","Modeling the Evolution of Beliefs Using an Attentional Focus Mechanism","Marković, D; Gläscher, J; Bossaerts, P; O’Doherty, J; Kiebel, SJ","Bossaerts, Peter","Bossaerts, Peter; 27438; 0000-0003-2308-2603","2015-01-01","2015","https://doi.org/10.1371/journal.pcbi.1004558","2021-04-22T01:19:37Z","Journal Article","10.1371/journal.pcbi.1004558","1553-734X","1553-7358","PLoS Computational Biology","11","10","","PUBLIC LIBRARY SCIENCE","Finance","Business and Economics","Marković, D., Gläscher, J., Bossaerts, P., O’Doherty, J. & Kiebel, S. J. (2015). Modeling the Evolution of Beliefs Using an Attentional Focus Mechanism. Plos Computational Biology, 11 (10), https://doi.org/10.1371/journal.pcbi.1004558.","","Published version","https://europepmc.org/articles/PMC4619749?pdf=render","2026-07-13T08:35:58.025+00:00"
"4317b5e4-d73b-56fb-800c-b933b13db0a0","11343/269118","https://hdl.handle.net/11343/269118","The impact of disappointment in decision making: Inter-individual differences and electrical neuroimaging","Tzieropoulos, H; de Peralta, RG; Bossaerts, P; Gonzalez Andino, SL","Bossaerts, Peter","Bossaerts, Peter; 27438; 0000-0003-2308-2603","2010-01-01","2010","https://doi.org/10.3389/fnhum.2010.00235","2021-04-22T01:17:39Z","Journal Article","10.3389/fnhum.2010.00235","1662-5161","1662-5161","Frontiers in Human Neuroscience","4","","","FRONTIERS MEDIA SA","Finance","Business and Economics","Tzieropoulos, H., de Peralta, R. G., Bossaerts, P. & Gonzalez Andino, S. L. (2010). The impact of disappointment in decision making: Inter-individual differences and electrical neuroimaging. Frontiers in Human Neuroscience, 4, https://doi.org/10.3389/fnhum.2010.00235.","","Published version","https://europepmc.org/articles/PMC3020567?pdf=render","2026-07-08T01:24:18.298+00:00"
"ea52dce8-f592-5826-b560-c8a5eec33600","11343/269117","https://hdl.handle.net/11343/269117","Positive temporal dependence of the biological clock implies hyperbolic discounting","Ray, D; Bossaerts, P","Bossaerts, Peter","Bossaerts, Peter; 27438; 0000-0003-2308-2603","2011-12-01","2011","https://doi.org/10.3389/fnins.2011.00002","2021-04-22T01:17:35Z","Journal Article","10.3389/fnins.2011.00002","1662-4548","1662-453X","Frontiers in Neuroscience","5","1 JAN","","FRONTIERS RESEARCH FOUNDATION","Finance","Business and Economics","Ray, D. & Bossaerts, P. (2011). Positive temporal dependence of the biological clock implies hyperbolic discounting. Frontiers in Neuroscience, 5 (1 JAN), https://doi.org/10.3389/fnins.2011.00002.","","Published version","https://europepmc.org/articles/PMC3031993?pdf=render","2026-07-12T22:59:45.328+00:00"
"f7001bf4-82b1-4e96-95bc-2d6d3f0b3173","11343/302937","https://hdl.handle.net/11343/302937","Explaining mutual fund behavior through the structure-conduct-performance lens","Coleman, L","Coleman, Patrick","Coleman, Patrick; 5196; 0000-0002-2728-6139","2023-07-01","2023","https://doi.org/10.1002/ijfe.2568","2021-03-15T02:02:06Z","Journal Article","10.1002/ijfe.2568","1076-9307","1099-1158","International Journal of Finance and Economics","28","3","2874-2884","WILEY","Finance","Business & Economics","Coleman, L. (2023). Explaining mutual fund behavior through the structure-conduct-performance lens. International Journal of Finance and Economics, 28 (3), pp.2874-2884. https://doi.org/10.1002/ijfe.2568.","","","","2026-07-22T08:23:47.241+00:00"
"3fa003fa-a43a-4685-971c-88d4adf4ebac","11343/302933","https://hdl.handle.net/11343/302933","The expected investment growth premium","Li, J; Wang, H; Yu, J","Wang, Huijun","Wang, Huijun; 149546; 0000-0002-3598-5618","2021-12-01","2021","https://doi.org/10.1111/fima.12340","2021-03-03T02:02:06Z","Journal Article","10.1111/fima.12340","0046-3892","1755-053X","Financial Management","50","4","905-933","WILEY","Finance","Business & Economics","Li, J., Wang, H. & Yu, J. (2021). The expected investment growth premium. Financial Management, 50 (4), pp.905-933. https://doi.org/10.1111/fima.12340.","","","","2026-07-04T09:22:36.112+00:00"
"e8491562-e3d1-5c1b-ace8-3d0fbf9a70d3","11343/261956","https://hdl.handle.net/11343/261956","Neural Mechanisms behind Identification of Leptokurtic Noise and Adaptive Behavioral Response","D'Acremont, M; Bossaerts, P","Bossaerts, Peter","Bossaerts, Peter; 27438; 0000-0003-2308-2603","2016-04-01","2016","https://doi.org/10.1093/cercor/bhw013","2021-02-16T22:31:24Z","Journal Article","10.1093/cercor/bhw013","1047-3211","1460-2199","Cerebral Cortex","26","4","1818-1830","OXFORD UNIV PRESS INC","Finance","Business and Economics","D'Acremont, M. & Bossaerts, P. (2016). Neural Mechanisms behind Identification of Leptokurtic Noise and Adaptive Behavioral Response. Cerebral Cortex, 26 (4), pp.1818-1830. https://doi.org/10.1093/cercor/bhw013.","CC BY-NC","","","2026-07-12T15:36:40.712+00:00"
"bd22f9f9-5d0d-5b68-9528-8747661e12f0","11343/261874","https://hdl.handle.net/11343/261874","Longitudinal assessment of reflexive and volitional saccades in Niemann-Pick Type C disease during treatment with miglustat","Abel, LA; Walterfang, M; Stainer, MJ; Bowman, EA; Velakoulis, D","Abel, Larry; Walterfang, Mark; Velakoulis, Dennis; STAINER, MATTHEW; Bowman, Elizabeth","Abel, Larry; 11567; 0000-0002-2393-0644; Walterfang, Mark; 4503; 0000-0002-1389-3691; Velakoulis, Dennis; 14996; 0000-0002-8842-8479; STAINER, MATTHEW; 24337; Bowman, Elizabeth; 14076; 0000-0002-6876-6446","2015-12-21","2015","https://doi.org/10.1186/s13023-015-0377-8","2021-02-16T22:22:02Z","Journal Article","10.1186/s13023-015-0377-8","1750-1172","1750-1172","Orphanet Journal of Rare Diseases","10","1","","BMC","Psychiatry; Optometry and Vision Sciences; Finance","Business & Economics; Science; Medicine, Dentistry & Health Sciences","Abel, L. A., Walterfang, M., Stainer, M. J., Bowman, E. A. & Velakoulis, D. (2015). Longitudinal assessment of reflexive and volitional saccades in Niemann-Pick Type C disease during treatment with miglustat. Orphanet Journal of Rare Diseases, 10 (1), https://doi.org/10.1186/s13023-015-0377-8.","CC BY","","","2026-07-12T09:04:03.822+00:00"
"7d1fba24-fc67-52ba-9f83-75d639a44dce","11343/261712","https://hdl.handle.net/11343/261712","Review. Explicit neural signals reflecting reward uncertainty","Schultz, W; Preuschoff, K; Camerer, C; Hsu, M; Fiorillo, CD; Tobler, PN; Bossaerts, P","Bossaerts, Peter","Bossaerts, Peter; 27438; 0000-0003-2308-2603","2008-12-12","2008","https://doi.org/10.1098/rstb.2008.0152","2021-02-16T22:03:19Z","Journal Article","10.1098/rstb.2008.0152","0962-8436","1471-2970","Philosophical Transactions of the Royal Society of London. Biological Sciences","363","1511","3801-3811","ROYAL SOC","Finance","Business and Economics","Schultz, W., Preuschoff, K., Camerer, C., Hsu, M., Fiorillo, C. D., Tobler, P. N. & Bossaerts, P. (2008). Review. Explicit neural signals reflecting reward uncertainty. Philosophical Transactions of the Royal Society B Biological Sciences, 363 (1511), pp.3801-3811. https://doi.org/10.1098/rstb.2008.0152.","CC BY","","","2026-07-21T15:35:03.744+00:00"
"e8e631fb-3478-5daa-8dd5-b6fc5590a55b","11343/261711","https://hdl.handle.net/11343/261711","Evidence for Model-based Computations in the Human Amygdala during Pavlovian Conditioning","Prévost, C; McNamee, D; Jessup, RK; Bossaerts, P; O'Doherty, JP","Bossaerts, Peter","Bossaerts, Peter; 27438; 0000-0003-2308-2603","2013-01-01","2013","https://doi.org/10.1371/journal.pcbi.1002918","2021-02-16T22:03:12Z","Journal Article","10.1371/journal.pcbi.1002918","1553-734X","1553-7358","PLoS Computational Biology","9","2","","PUBLIC LIBRARY SCIENCE","Finance","Business and Economics","Prévost, C., McNamee, D., Jessup, R. K., Bossaerts, P. & O'Doherty, J. P. (2013). Evidence for Model-based Computations in the Human Amygdala during Pavlovian Conditioning. Plos Computational Biology, 9 (2), https://doi.org/10.1371/journal.pcbi.1002918.","CC BY","","","2026-07-12T23:14:30.785+00:00"
"c5ffd753-5f6e-5657-a437-099021789e15","11343/261595","https://hdl.handle.net/11343/261595","Do not bet on the unknown versus try to find out more: Estimation uncertainty and ""unexpected uncertainty"" both modulate exploration","Payzan-LeNestour, E; Bossaerts, P","Bossaerts, Peter","Bossaerts, Peter; 27438; 0000-0003-2308-2603","2012-12-17","2012","https://doi.org/10.3389/fnins.2012.00150","2021-02-16T00:33:38Z","Journal Article","10.3389/fnins.2012.00150","1662-4548","1662-453X","Frontiers in Neuroscience","6","OCT","","FRONTIERS RESEARCH FOUNDATION","Finance","Business and Economics","Payzan-LeNestour, E. & Bossaerts, P. (2012). Do not bet on the unknown versus try to find out more: Estimation uncertainty and ""unexpected uncertainty"" both modulate exploration. Frontiers in Neuroscience, 6 (OCT), https://doi.org/10.3389/fnins.2012.00150.","CC BY","","","2026-07-05T08:12:16.296+00:00"
"cfc697a5-6b8a-5b4a-8bb9-f79796b7426a","11343/261594","https://hdl.handle.net/11343/261594","The chronometry of risk processing in the human cortex","Symmonds, M; Moran, RJ; Wright, ND; Bossaerts, P; Barnes, G; Dolan, RJ","Bossaerts, Peter","Bossaerts, Peter; 27438; 0000-0003-2308-2603","2013-01-01","2013","https://doi.org/10.3389/fnins.2013.00146","2021-02-16T00:33:30Z","Journal Article","10.3389/fnins.2013.00146","1662-4548","1662-453X","Frontiers in Neuroscience","7","7 AUG","","FRONTIERS MEDIA SA","Finance","Business and Economics","Symmonds, M., Moran, R. J., Wright, N. D., Bossaerts, P., Barnes, G. & Dolan, R. J. (2013). The chronometry of risk processing in the human cortex. Frontiers in Neuroscience, 7 (7 AUG), https://doi.org/10.3389/fnins.2013.00146.","CC BY","","","2026-07-12T23:44:08.099+00:00"
"03e0efcc-d200-5459-a673-10a47be92643","11343/261582","https://hdl.handle.net/11343/261582","Risk, unexpected uncertainty, and estimation uncertainty: Bayesian learning in unstable settings","Payzan-Lenestour, E; Bossaerts, P","Bossaerts, Peter","Bossaerts, Peter; 27438; 0000-0003-2308-2603","2011-01-01","2011","https://doi.org/10.1371/journal.pcbi.1001048","2021-02-16T00:31:19Z","Journal Article","10.1371/journal.pcbi.1001048","1553-734X","1553-7358","PLoS Computational Biology","7","1","","PUBLIC LIBRARY SCIENCE","Finance","Business and Economics","Payzan-Lenestour, E. & Bossaerts, P. (2011). Risk, unexpected uncertainty, and estimation uncertainty: Bayesian learning in unstable settings. Plos Computational Biology, 7 (1), https://doi.org/10.1371/journal.pcbi.1001048.","CC BY","","","2026-07-11T02:04:52.028+00:00"
"2cb7d9c6-cb14-58ff-89a3-786ec6ca9efd","11343/261581","https://hdl.handle.net/11343/261581","The affective impact of financial skewness on neural activity and choice","Wu, CC; Bossaerts, P; Knutson, B","Bossaerts, Peter","Bossaerts, Peter; 27438; 0000-0003-2308-2603","2011-02-28","2011","https://doi.org/10.1371/journal.pone.0016838","2021-02-16T00:31:07Z","Journal Article","10.1371/journal.pone.0016838","1932-6203","1932-6203","PLoS ONE","6","2","","PUBLIC LIBRARY SCIENCE","Finance","Business and Economics","Wu, C. C., Bossaerts, P. & Knutson, B. (2011). The affective impact of financial skewness on neural activity and choice. Plos One, 6 (2), https://doi.org/10.1371/journal.pone.0016838.","CC BY","","","2026-07-22T02:38:25.887+00:00"
"0a725c53-1922-5c74-b73c-9906a8b02ffa","11343/261580","https://hdl.handle.net/11343/261580","Activity in Inferior Parietal and Medial Prefrontal Cortex Signals the Accumulation of Evidence in a Probability Learning Task","d'Acremont, M; Fornari, E; Bossaerts, P","Bossaerts, Peter","Bossaerts, Peter; 27438; 0000-0003-2308-2603","2013-01-01","2013","https://doi.org/10.1371/journal.pcbi.1002895","2021-02-16T00:30:56Z","Journal Article","10.1371/journal.pcbi.1002895","1553-734X","1553-7358","PLoS Computational Biology","9","1","","PUBLIC LIBRARY SCIENCE","Finance","Business and Economics","d'Acremont, M., Fornari, E. & Bossaerts, P. (2013). Activity in Inferior Parietal and Medial Prefrontal Cortex Signals the Accumulation of Evidence in a Probability Learning Task. Plos Computational Biology, 9 (1), https://doi.org/10.1371/journal.pcbi.1002895.","CC BY","","","2026-07-02T10:33:55.231+00:00"
"a9486dba-3da7-532f-b695-fd23382a1693","11343/261579","https://hdl.handle.net/11343/261579","In the mind of the market: Theory of mind biases value computation during financial bubbles","DeMartino, B; O'Doherty, JP; Ray, D; Bossaerts, P; Camerer, C","Bossaerts, Peter","Bossaerts, Peter; 27438; 0000-0003-2308-2603","2013-09-18","2013","https://doi.org/10.1016/j.neuron.2013.07.003","2021-02-16T00:30:48Z","Journal Article","10.1016/j.neuron.2013.07.003","0896-6273","1097-4199","Neuron","79","6","1222-1231","CELL PRESS","Finance","Business and Economics","DeMartino, B., O'Doherty, J. P., Ray, D., Bossaerts, P. & Camerer, C. (2013). In the mind of the market: Theory of mind biases value computation during financial bubbles. Neuron, 79 (6), pp.1222-1231. https://doi.org/10.1016/j.neuron.2013.07.003.","CC BY","","","2026-07-06T17:08:02.166+00:00"
"20584eb5-9c50-535e-81a9-61d6f843f655","11343/258764","https://hdl.handle.net/11343/258764","Do foreign investors insulate firms from local shocks? Evidence from the response of investable firms to monetary policy","Francis, BB; Hunter, DM; Kelly, PJ","Kelly, Patrick","Kelly, Patrick; 30764; 0000-0002-8540-7488","2020-09-01","2020","https://doi.org/10.1016/j.jempfin.2020.07.003","2021-01-20T22:11:49Z","Journal Article","10.1016/j.jempfin.2020.07.003","0927-5398","1879-1727","Journal of Empirical Finance","58","","386-411","Elsevier","Finance","","Francis, B. B., Hunter, D. M. & Kelly, P. J. (2020). Do foreign investors insulate firms from local shocks? Evidence from the response of investable firms to monetary policy. Journal of Empirical Finance, 58, pp.386-411. https://doi.org/10.1016/j.jempfin.2020.07.003.","","","","2026-07-01T15:04:24.694+00:00"
"003f3406-fb34-58a1-95a4-8ace42166ace","11343/258579","https://hdl.handle.net/11343/258579","Spreading the sin: An empirical assessment from corporate takeovers","Guidi, M; Sogiakas, V; Vagenas-Nanos, E; Verwijmeren, P","Verwijmeren, Patrick","Verwijmeren, Patrick; 1439; 0000-0002-1437-0665","2020-10-01","2020","https://doi.org/10.1016/j.irfa.2020.101535","2021-01-06T01:48:53Z","Journal Article","10.1016/j.irfa.2020.101535","1057-5219","1873-8079","International Review of Financial Analysis","71","","","Elsevier","Finance","","Guidi, M., Sogiakas, V., Vagenas-Nanos, E. & Verwijmeren, P. (2020). Spreading the sin: An empirical assessment from corporate takeovers. International Review of Financial Analysis, 71, https://doi.org/10.1016/j.irfa.2020.101535.","","","","2026-07-18T11:39:01.272+00:00"
"8f8cc4b7-deb0-5080-8fac-d0fa6772093e","11343/258574","https://hdl.handle.net/11343/258574","Wealth Effects of Seasoned Equity Offerings: A Meta-Analysis","Veld, C; Verwijmeren, P; Zabolotnyuk, Y","Verwijmeren, Patrick","Verwijmeren, Patrick; 1439; 0000-0002-1437-0665","2020-03-01","2020","https://doi.org/10.1111/irfi.12218","2021-01-06T01:43:55Z","Journal Article","10.1111/irfi.12218","1369-412X","1468-2443","International Review of Finance","20","1","77-131","Wiley","Finance","","Veld, C., Verwijmeren, P. & Zabolotnyuk, Y. (2020). Wealth Effects of Seasoned Equity Offerings: A Meta-Analysis. International Review of Finance, 20 (1), pp.77-131. https://doi.org/10.1111/irfi.12218.","","","","2026-07-02T20:11:03.171+00:00"
"25c05895-aa6b-5378-8afb-04620cc919cc","11343/258571","https://hdl.handle.net/11343/258571","Director attention and firm value","Renjie, RW; Verwijmeren, P","Verwijmeren, Patrick","Verwijmeren, Patrick; 1439; 0000-0002-1437-0665","2020","2020","https://doi.org/10.1111/fima.12259","2021-01-06T01:39:01Z","Journal Article","10.1111/fima.12259","0046-3892","1755-053X","Financial Management","49","2","361-387","Wiley","Finance","","Renjie, R. W. & Verwijmeren, P. (2020). Director attention and firm value. Financial Management, 49 (2), pp.361-387. https://doi.org/10.1111/fima.12259.","","","","2026-07-07T10:21:19.736+00:00"
"03582a53-5399-596c-9118-c474b5faeecb","11343/258569","https://hdl.handle.net/11343/258569","The fluctuating maturities of convertible bonds","Verwijmeren, P; Yang, A","Verwijmeren, Patrick","Verwijmeren, Patrick; 1439; 0000-0002-1437-0665","2020-06-01","2020","https://doi.org/10.1016/j.jcorpfin.2020.101576","2021-01-06T01:36:39Z","Journal Article","10.1016/j.jcorpfin.2020.101576","0929-1199","1872-6313","Journal of Corporate Finance","62","","","Elsevier","Finance","","Verwijmeren, P. & Yang, A. (2020). The fluctuating maturities of convertible bonds. Journal of Corporate Finance, 62, https://doi.org/10.1016/j.jcorpfin.2020.101576.","","","","2026-07-07T10:22:13.651+00:00"
"12757166-7cb2-5d93-a9e3-ca3f2b278835","11343/258565","https://hdl.handle.net/11343/258565","Hayne and The Future of the Australian Finance Sector","Davis, K","Davis, Kevin","Davis, Kevin; 4668; 0000-0002-5810-7172","2020-04-15","2020","https://hdl.handle.net/11343/258565","2021-01-06T01:02:24Z","Journal Article","","0313-5934","","JASSA","4","","17-24","The Financial Services Institute of Australasia (FINSIA)","Finance","","Davis, K. (2020). Hayne and The Future of the Australian Finance Sector. Australasian Journal of Applied Finance, 4, pp.17-24","","","","2026-07-20T00:39:17.594+00:00"
"7e63638c-3ea3-5460-a82a-afb2b36ba8d6","11343/258564","https://hdl.handle.net/11343/258564","Tax-driven Off-Market Buybacks (TOMBs): Time to Lay Them to Rest","Brown, C; Davis, K","Davis, Kevin","Davis, Kevin; 4668; 0000-0002-5810-7172","2020-07-01","2020","https://hdl.handle.net/11343/258564","2021-01-06T00:47:13Z","Journal Article","","0812-695X","","Australian Tax Forum: a journal of taxation policy, law and reform","35","2","232-257","The Tax Institute","Finance","","Brown, C. & Davis, K. (2020). Tax-driven Off-Market Buybacks (TOMBs): Time to Lay Them to Rest. Australian Tax Forum: a journal of taxation policy, law and reform, 35 (2), pp.232-257","","","","2026-07-20T00:39:05.878+00:00"
"c3208ffc-2b73-518c-ba6a-2dfe4a8acb78","11343/258563","https://hdl.handle.net/11343/258563","Regulatory changes to bank liability structures: implications for deposit insurance design","Davis, K","Davis, Kevin","Davis, Kevin; 4668; 0000-0002-5810-7172","2020-03-01","2020","https://doi.org/10.1057/s41261-019-00094-0","2021-01-06T00:30:01Z","Journal Article","10.1057/s41261-019-00094-0","1745-6452","1750-2071","Journal of Banking Regulation","21","1","95-106","Palgrave Macmillan (part of Springer Nature)","Finance","","Davis, K. (2020). Regulatory changes to bank liability structures: implications for deposit insurance design. Journal of Banking Regulation, 21 (1), pp.95-106. https://doi.org/10.1057/s41261-019-00094-0.","","","","2026-06-29T07:20:11.148+00:00"
"c3124668-933d-5613-bdf3-a7bd7696e284","11343/258562","https://hdl.handle.net/11343/258562","Financial Product Design, Retail Investor Sophistication and Issuer Incentives: A Case Study","Davis, K","Davis, Kevin","Davis, Kevin; 4668; 0000-0002-5810-7172","2020-09-01","2020","https://doi.org/10.1111/auar.12266","2021-01-06T00:25:25Z","Journal Article","10.1111/auar.12266","1035-6908","1835-2561","Australian Accounting Review","30","3","206-211","Wiley","Finance","","Davis, K. (2020). Financial Product Design, Retail Investor Sophistication and Issuer Incentives: A Case Study. Australian Accounting Review, 30 (3), pp.206-211. https://doi.org/10.1111/auar.12266.","","","","2026-07-07T10:20:14.909+00:00"
"edc765f4-8e10-5ad7-ac36-10071efc2aa3","11343/258561","https://hdl.handle.net/11343/258561","Comment on: Price Discovery in High Resolution","Brugler, J; Comerton-Forde, C","Brugler, James; Comerton-Forde, Carole","Brugler, James; 117315; 0000-0002-3905-6007; Comerton-Forde, Carole; 25276; 0000-0002-1618-0371","2021-01-01","2021","https://doi.org/10.1093/jjfinec/nbz005","2021-01-06T00:15:33Z","Journal Article","10.1093/jjfinec/nbz005","1479-8409","1479-8417","Journal of Financial Econometrics","19","3","431-438","OXFORD UNIV PRESS","Finance","","Brugler, J. & Comerton-Forde, C. (2021). Comment on: Price Discovery in High Resolution. Journal of Financial Econometrics, 19 (3), pp.431-438. https://doi.org/10.1093/jjfinec/nbz005.","","","","2026-07-03T23:20:43.015+00:00"
"579b6fda-2539-5e00-8cc9-e5919f3457ad","11343/258560","https://hdl.handle.net/11343/258560","Does Financial Market Structure Affect the Cost of Raising Capital?","Brugler, J; Comerton-Forde, C; Hendershott, T","Brugler, James; Comerton-Forde, Carole","Brugler, James; 117315; 0000-0002-3905-6007; Comerton-Forde, Carole; 25276; 0000-0002-1618-0371","2021-08-01","2021","https://doi.org/10.1017/S0022109020000381","2021-01-06T00:14:01Z","Journal Article","10.1017/S0022109020000381","0022-1090","1756-6916","Journal of Financial and Quantitative Analysis","56","5","1771-1808","CAMBRIDGE UNIV PRESS","Finance","","Brugler, J., Comerton-Forde, C. & Hendershott, T. (2021). Does Financial Market Structure Affect the Cost of Raising Capital?. Journal of Financial and Quantitative Analysis, 56 (5), pp.1771-1808. https://doi.org/10.1017/S0022109020000381.","","","","2026-07-07T00:56:23.393+00:00"
"876eb71f-4a3a-57d7-bf88-aae364b9a0b0","11343/257703","https://hdl.handle.net/11343/257703","Chimpanzee choice rates in competitive games match equilibrium game theory predictions","Martin, CF; Bhui, R; Bossaerts, P; Matsuzawa, T; Camerer, C","Bossaerts, Peter","Bossaerts, Peter; 27438; 0000-0003-2308-2603","2014-06-05","2014","https://doi.org/10.1038/srep05182","2020-12-22T02:44:49Z","Journal Article","10.1038/srep05182","2045-2322","2045-2322","Scientific Reports","4","1","","NATURE PORTFOLIO","Finance","","Martin, C. F., Bhui, R., Bossaerts, P., Matsuzawa, T. & Camerer, C. (2014). Chimpanzee choice rates in competitive games match equilibrium game theory predictions. Scientific Reports, 4 (1), https://doi.org/10.1038/srep05182.","CC BY","","","2026-07-11T04:11:50.845+00:00"
"81cafadc-26f0-5cba-8268-760aa3c0c14a","11343/257485","https://hdl.handle.net/11343/257485","Neural computations underlying inverse reinforcement learning in the human brain","Collette, S; Pauli, WM; Bossaerts, P; O’Doherty, J","Bossaerts, Peter","Bossaerts, Peter; 27438; 0000-0003-2308-2603","2017-10-30","2017","https://doi.org/10.7554/eLife.29718","2020-12-21T04:06:28Z","Journal Article","10.7554/eLife.29718","2050-084X","2050-084X","eLife","6","","","ELIFE SCIENCES PUBLICATIONS LTD","Finance","","Collette, S., Pauli, W. M., Bossaerts, P. & O’Doherty, J. (2017). Neural computations underlying inverse reinforcement learning in the human brain. Elife, 6, https://doi.org/10.7554/eLife.29718.","CC BY","","","2026-07-06T23:50:08.131+00:00"
"9e0f867e-4e5e-5e7b-8541-e54a53b5d3d7","11343/254895","https://hdl.handle.net/11343/254895","The anticipation and outcome phases of reward and loss processing: A neuroimaging meta-analysis of the monetary incentive delay task","Oldham, S; Murawski, C; Fornito, A; Youssef, G; Yücel, M; Lorenzetti, V","Fornito, Alexander; Yucel, Murat; Murawski, Carsten","Fornito, Alexander; 9588; Yucel, Murat; 6782; Murawski, Carsten; 5544; 0000-0002-1237-9535","2018-08-01","2018","https://doi.org/10.1002/hbm.24184","2020-12-17T03:27:36Z","Journal Article","10.1002/hbm.24184","1065-9471","1097-0193","Human Brain Mapping","39","8","3398-3418","WILEY","Finance; Psychiatry","","Oldham, S., Murawski, C., Fornito, A., Youssef, G., Yücel, M. & Lorenzetti, V. (2018). The anticipation and outcome phases of reward and loss processing: A neuroimaging meta-analysis of the monetary incentive delay task. Human Brain Mapping, 39 (8), pp.3398-3418. https://doi.org/10.1002/hbm.24184.","CC BY-NC-ND","","","2026-07-04T04:08:03.994+00:00"
"f9afb064-bca7-5a2e-9904-496ff994bd9e","11343/254059","https://hdl.handle.net/11343/254059","Aggregate expected investment growth and stock market returns","Li, J; Wang, H; Yu, J","Wang, Huijun","Wang, Huijun; 149546; 0000-0002-3598-5618","2021-01-01","2021","https://doi.org/10.1016/j.jmoneco.2020.03.016","2020-12-14T05:57:20Z","Journal Article","10.1016/j.jmoneco.2020.03.016","0304-3932","1873-1295","Journal of Monetary Economics","117","","618-638","ELSEVIER","Finance","","Li, J., Wang, H. & Yu, J. (2021). Aggregate expected investment growth and stock market returns. Journal of Monetary Economics, 117, pp.618-638. https://doi.org/10.1016/j.jmoneco.2020.03.016.","","Published version","https://www.econstor.eu/bitstream/10419/190229/1/adbi-wp808.pdf","2026-07-02T17:42:47.565+00:00"
"d5185f44-303b-5de2-a7ed-d22b6e1462b7","11343/253554","https://hdl.handle.net/11343/253554","Formalizing the function of anterior insula in rapid adaptation","Bossaerts, P","Bossaerts, Peter","Bossaerts, Peter; 27438; 0000-0003-2308-2603","2018-12-04","2018","https://doi.org/10.3389/fnint.2018.00061","2020-12-10T00:42:52Z","Journal Article","10.3389/fnint.2018.00061","1662-5145","1662-5145","Frontiers in Integrative Neuroscience","12","","","FRONTIERS MEDIA SA","Finance","","Bossaerts, P. (2018). Formalizing the function of anterior insula in rapid adaptation. Frontiers in Integrative Neuroscience, 12, https://doi.org/10.3389/fnint.2018.00061.","CC BY","","","2026-07-07T02:13:49.996+00:00"
"7b8d8a48-039c-54ee-bd3c-5d45fc9a7792","11343/252556","https://hdl.handle.net/11343/252556","A rundown of merger target run-ups","Dutordoir, M; Vagenas-Nanos, E; Verwijmeren, P; Wu, B","Verwijmeren, Patrick","Verwijmeren, Patrick; 1439; 0000-0002-1437-0665","2021","2021","https://doi.org/10.1111/fima.12331","2020-11-27T00:41:37Z","Journal Article","10.1111/fima.12331","0046-3892","1755-053X","Financial Management","50","2","487-518","Wiley","Finance","","Dutordoir, M., Vagenas-Nanos, E., Verwijmeren, P. & Wu, B. (2021). A rundown of merger target run-ups. Financial Management, 50 (2), pp.487-518. https://doi.org/10.1111/fima.12331.","cc-by-nc-nd","","","2026-07-07T11:39:53.193+00:00"
"4606d834-8b02-5887-857b-366f86952c6b","11343/252508","https://hdl.handle.net/11343/252508","Commentary: A robust data-driven approach identifies four personality types across four large data sets","Katahira, K; Kunisato, Y; Yamashita, Y; Suzuki, S","Suzuki, Shinsuke","Suzuki, Shinsuke; 149050; 0000-0002-9816-9423","2020","2020","https://doi.org/10.3389/fdata.2020.00008","2020-11-27T00:34:23Z","Journal Article","10.3389/fdata.2020.00008","2624-909X","2624-909X","Frontiers in Big Data","3","","8-","Frontiers Media SA","Finance","","Katahira, K., Kunisato, Y., Yamashita, Y. & Suzuki, S. (2020). Commentary: A robust data-driven approach identifies four personality types across four large data sets. Frontiers in Big Data, 3, pp.8-. https://doi.org/10.3389/fdata.2020.00008.","CC BY","","","2026-06-29T21:24:18.940+00:00"
"7d7b98fa-ba72-5d22-aa8b-aae8a6ec0f16","11343/250515","https://hdl.handle.net/11343/250515","Uncertainty and computational complexity","Bossaerts, P; Yadav, N; Murawski, C","Bossaerts, Peter; Yadav, Nitin; Murawski, Carsten","Bossaerts, Peter; 27438; 0000-0003-2308-2603; Yadav, Nitin; 127160; 0000-0003-0132-1028; Murawski, Carsten; 5544; 0000-0002-1237-9535","2018-12-31","2018","https://doi.org/10.1098/rstb.2018.0138","2020-11-09T23:41:44Z","Journal Article","10.1098/rstb.2018.0138","0962-8436","1471-2970","Philosophical Transactions of the Royal Society of London. Biological Sciences","374","1766","1-12","Royal Society, The","Finance","","Bossaerts, P., Yadav, N. & Murawski, C. (2018). Uncertainty and computational complexity. Philosophical Transactions B: Biological Sciences, 374 (1766), pp.1-12. https://doi.org/10.1098/rstb.2018.0138.","CC BY","","","2026-07-06T21:50:26.708+00:00"
"9df008da-9bb9-5e0e-aabb-7e9c6a4a68a7","11343/247671","https://hdl.handle.net/11343/247671","Extrinsic Factors Underlying Food Valuation in the Human Brain","Motoki, K; Suzuki, S","Suzuki, Shinsuke","Suzuki, Shinsuke; 149050; 0000-0002-9816-9423","2020","2020","https://doi.org/10.3389/fnbeh.2020.00131","2020-10-13T01:29:09Z","Journal Article","10.3389/fnbeh.2020.00131","1662-5153","1662-5153","Frontiers in Behavioral Neuroscience","14","","","Frontiers Media SA","Finance","","Motoki, K. & Suzuki, S. (2020). Extrinsic Factors Underlying Food Valuation in the Human Brain. Frontiers in Behavioral Neuroscience, 14, https://doi.org/10.3389/fnbeh.2020.00131.","CC BY","","","2026-06-27T17:11:07.503+00:00"
"fc26b957-3b3e-5838-a3d1-4d0da96639a0","11343/247519","https://hdl.handle.net/11343/247519","Defining Compulsive Behavior","Luigjes, J; Lorenzetti, V; de Haan, S; Youssef, GJ; Murawski, C; Sjoerds, Z; van den Brink, W; Denys, D; Fontenelle, LF; Yücel, M","Yucel, Murat; Murawski, Carsten; Lorenzetti, Valentina; YOUSSEF, GEORGE","Yucel, Murat; 6782; Murawski, Carsten; 5544; 0000-0002-1237-9535; Lorenzetti, Valentina; 11965; YOUSSEF, GEORGE; 59496","2019-03-15","2019","https://doi.org/10.1007/s11065-019-09404-9","2020-10-13T00:53:53Z","Journal Article","10.1007/s11065-019-09404-9","1040-7308","1573-6660","Neuropsychology Review","29","1","4-13","Springer Verlag","Psychiatry; Finance","","Luigjes, J., Lorenzetti, V., de Haan, S., Youssef, G. J., Murawski, C., Sjoerds, Z., van den Brink, W., Denys, D., Fontenelle, L. F. & Yücel, M. (2019). Defining Compulsive Behavior. Neuropsychology Review, 29 (1), pp.4-13. https://doi.org/10.1007/s11065-019-09404-9.","CC BY","","","2026-07-10T03:47:46.250+00:00"
"0c23787d-c7d7-55ee-8690-6fae8fb5de2e","11343/247337","https://hdl.handle.net/11343/247337","Separating Probability and Reversal Learning in a Novel Probabilistic Reversal Learning Task for Mice","Metha, JA; Brian, ML; Oberrauch, S; Barnes, SA; Featherby, TJ; Bossaerts, P; Murawski, C; Hoyer, D; Jacobson, LH","Bossaerts, Peter; Hoyer, Daniel; Jacobson, Laura; Murawski, Carsten; Brian, Maddison; Featherby, Travis; Oberrauch, Sara; Metha, Jeremy","Bossaerts, Peter; 27438; 0000-0003-2308-2603; Hoyer, Daniel; 24805; 0000-0002-1405-7089; Jacobson, Laura; 28636; 0000-0003-2910-8659; Murawski, Carsten; 5544; 0000-0002-1237-9535; Brian, Maddison; 127980; Featherby, Travis; 30107; Oberrauch, Sara; 130280; 0000-0002-6086-9707; Metha, Jeremy; 130351","2020-01-09","2020","https://doi.org/10.3389/fnbeh.2019.00270","2020-10-13T00:29:52Z","Journal Article","10.3389/fnbeh.2019.00270","1662-5153","1662-5153","Frontiers in Behavioral Neuroscience","13","","","Frontiers Media SA","Finance; Pharmacology and Therapeutics; Florey Department of Neuroscience and Mental Health","","Metha, J. A., Brian, M. L., Oberrauch, S., Barnes, S. A., Featherby, T. J., Bossaerts, P., Murawski, C., Hoyer, D. & Jacobson, L. H. (2020). Separating Probability and Reversal Learning in a Novel Probabilistic Reversal Learning Task for Mice. Frontiers in Behavioral Neuroscience, 13, https://doi.org/10.3389/fnbeh.2019.00270.","CC BY","","","2026-06-30T06:59:15.843+00:00"
"07f6a21e-2f48-5ade-8e99-38131d3bec40","11343/245916","https://hdl.handle.net/11343/245916","Collective Chasing Behavior between Cooperators and Defectors in the Spatial Prisoner's Dilemma","Ichinose, G; Saito, M; Suzuki, S","Suzuki, Shinsuke","Suzuki, Shinsuke; 149050; 0000-0002-9816-9423","2013-07-05","2013","https://doi.org/10.1371/journal.pone.0067702","2020-10-11T23:33:23Z","Journal Article","10.1371/journal.pone.0067702","1932-6203","1932-6203","PLoS ONE","8","7","e67702-","Public Library of Science (PLoS)","Finance","","Ichinose, G., Saito, M. & Suzuki, S. (2013). Collective Chasing Behavior between Cooperators and Defectors in the Spatial Prisoner's Dilemma. Plos One, 8 (7), pp.e67702-. https://doi.org/10.1371/journal.pone.0067702.","CC BY","","","2026-07-05T08:03:11.958+00:00"
"ebf70b3b-5237-5259-b8dd-340ff91ad6ba","11343/241369","https://hdl.handle.net/11343/241369","Led into temptation? rewarding brand logos bias the neural encoding of incidental economic decisions","Murawski, C; Harris, PG; Bode, S; D., JF; Egan, GF","Murawski, Carsten; Harris, Philip; Bode, Stefan; Egan, Gary; DOMINGUEZ, JUAN","Murawski, Carsten; 5544; 0000-0002-1237-9535; Harris, Philip; 12049; Bode, Stefan; 1642; 0000-0002-0258-7795; Egan, Gary; 12861; 0000-0002-3186-4026; DOMINGUEZ, JUAN; 57073","2012-03-30","2012","https://doi.org/10.1371/journal.pone.0034155","2020-07-07T04:22:46Z","Journal Article","10.1371/journal.pone.0034155","1932-6203","1932-6203","PLoS ONE","7","3","","PUBLIC LIBRARY SCIENCE","Finance; Management and Marketing; Melbourne School of Psychological Sciences; Anatomy and Neuroscience; School of Social and Political Sciences","","Murawski, C., Harris, P. G., Bode, S., D., J. F. & Egan, G. F. (2012). Led into temptation? rewarding brand logos bias the neural encoding of incidental economic decisions. Plos One, 7 (3), https://doi.org/10.1371/journal.pone.0034155.","CC BY","","","2026-07-11T23:07:08.378+00:00"
"e025fc7c-1323-5170-8942-fd73dba28674","11343/240638","https://hdl.handle.net/11343/240638","Effective brain connectivity at rest is associated with choice-induced preference formation.","Voigt, K; Murawski, C; Speer, S; Bode, S","Bode, Stefan; Murawski, Carsten","Bode, Stefan; 1642; 0000-0002-0258-7795; Murawski, Carsten; 5544; 0000-0002-1237-9535","2020-04-03","2020","https://doi.org/10.1002/hbm.24999","2020-06-23T05:34:19Z","Journal Article","10.1002/hbm.24999","1065-9471","1097-0193","Human Brain Mapping","41","11","3077-3088","Wiley","Finance; Melbourne School of Psychological Sciences","","Voigt, K., Murawski, C., Speer, S. & Bode, S. (2020). Effective brain connectivity at rest is associated with choice-induced preference formation.. Human Brain Mapping, 41 (11), pp.3077-3088. https://doi.org/10.1002/hbm.24999.","CC BY-NC","","","2026-06-30T19:27:26.706+00:00"
"2e518589-ad24-5c19-a046-fb7c79e9e76a","11343/240361","https://hdl.handle.net/11343/240361","The Cross-Sectional Spillovers of Single Stock Circuit Breakers","Brugler, J; Linton, O; Noss, J; Pedace, L","Brugler, James","Brugler, James; 117315; 0000-0002-3905-6007","2018-09-01","2018","https://doi.org/10.1142/S2382626619500084","2020-06-02T01:27:28Z","Journal Article","10.1142/S2382626619500084","2382-6266","2424-8037","Market Microstructure and Liquidity","4","3-4","","World Scientific Publ Co Pte Ltd","Finance","","Brugler, J., Linton, O., Noss, J. & Pedace, L. (2018). The Cross-Sectional Spillovers of Single Stock Circuit Breakers. Market Microstructure and Liquidity, 4 (3-4), https://doi.org/10.1142/S2382626619500084.","","","","2026-06-30T14:15:39.244+00:00"
"a540b771-3f86-5a25-962a-df783934ec48","11343/276867","https://hdl.handle.net/11343/276867","Rights issues: Retail shareholders and their participation decisions","Au Yong, HH; Brown, C; Ho, CY; Shekhar, C","Shekhar, Chander","Shekhar, Chander; 105; 0000-0003-4689-5172","2021-09-01","2021","https://doi.org/10.1111/irfi.12307","2020-05-04T01:22:29Z","Journal Article","10.1111/irfi.12307","1369-412X","1468-2443","International Review of Finance","21","3","917-944","WILEY","Finance","Business & Economics","Au Yong, H. H., Brown, C., Ho, C. Y. & Shekhar, C. (2021). Rights issues: Retail shareholders and their participation decisions. International Review of Finance, 21 (3), pp.917-944. https://doi.org/10.1111/irfi.12307.","","","","2026-06-30T21:48:54.620+00:00"
"14177d8c-f7f3-57cd-9225-adc5dbf51fac","11343/235605","https://hdl.handle.net/11343/235605","Why Do Option Prices Predict Stock Returns? The Role of Price Pressure in the Stock Market","Goncalves-Pinto, L; Grundy, BD; Hameed, A; van der Heijden, T; Zhu, Y","van der Heijden, Thijs; Grundy, Bruce","van der Heijden, Thijs; 6041; 0000-0001-5999-9398; Grundy, Bruce; 6588; 0000-0002-7438-1374","2020-09-01","2020","https://doi.org/10.1287/mnsc.2019.3398","2020-03-16T23:49:49Z","Journal Article","10.1287/mnsc.2019.3398","0025-1909","1526-5501","Management science","99","9","3903-3926","Institute for Operations Research and the Management Sciences (INFORMS)","Finance","","Goncalves-Pinto, L., Grundy, B. D., Hameed, A., van der Heijden, T. & Zhu, Y. (2020). Why Do Option Prices Predict Stock Returns? The Role of Price Pressure in the Stock Market. Management Science, 99 (9), pp.3903-3926. https://doi.org/10.1287/mnsc.2019.3398.","","","","2026-07-18T10:54:19.170+00:00"
"5980a868-0736-5a8b-a38c-cff713cc3f63","11343/234099","https://hdl.handle.net/11343/234099","A systematic examination of the use of Online social networking sites for sexual health promotion","Gold, J; Pedrana, AE; Sacks-Davis, R; Hellard, ME; Chang, S; Howard, S; Keogh, L; Hocking, JS; Stoove, MA","Hellard, Margaret; Chang, Shanton; Howard, Stephen; Keogh, Louise; Hocking, Jane; Sacks-Davis, Rachel","Hellard, Margaret; 11053; 0000-0002-5055-3266; Chang, Shanton; 8685; 0000-0002-2163-3910; Howard, Stephen; 10909; Keogh, Louise; 13571; 0000-0003-2963-6451; Hocking, Jane; 2246; 0000-0001-9329-8501; Sacks-Davis, Rachel; 114248","2011-07-26","2011","https://doi.org/10.1186/1471-2458-11-583","2020-02-06T04:20:21Z","Journal Article","10.1186/1471-2458-11-583","1471-2458","1471-2458","BMC Public Health","11","1","","BMC","Finance; Computing and Information Systems; Melbourne School of Population and Global Health; Medicine (RMH); Infectious Diseases","Business & Economics; Engineering and Information Technology; Medicine, Dentistry & Health Sciences","Gold, J., Pedrana, A. E., Sacks-Davis, R., Hellard, M. E., Chang, S., Howard, S., Keogh, L., Hocking, J. S. & Stoove, M. A. (2011). A systematic examination of the use of Online social networking sites for sexual health promotion. BMC Public Health, 11 (1), https://doi.org/10.1186/1471-2458-11-583.","CC BY","","","2026-07-11T21:19:38.748+00:00"
"1b33f750-4cc1-513e-aea1-bdc361e027cc","11343/233242","https://hdl.handle.net/11343/233242","Markowitz in the brain?","Preuschoff, K; Quartz, S; Bossaerts, P","Bossaerts, Peter","Bossaerts, Peter; 27438; 0000-0003-2308-2603","2008","2008","https://doi.org/10.3917/redp.181.0075","2019-11-24T01:23:03Z","Journal Article","10.3917/redp.181.0075","0373-2630","2105-2883","Revue d'Economie Politique","118","1","75-95","Editions Dalloz","Finance","","Preuschoff, K., Quartz, S. & Bossaerts, P. (2008). Markowitz in the brain?. Revue d'Economie Politique, 118 (1), pp.75-95. https://doi.org/10.3917/redp.181.0075.","","","","2026-06-29T20:21:52.289+00:00"
"f4c973d2-7044-5785-b44b-1abd847e9510","11343/227485","https://hdl.handle.net/11343/227485","Riding the Bubble with Convex Incentives","Sotes-Paladino, J; Zapatero, F","Sotes-Paladino, Juan","Sotes-Paladino, Juan; 8446; 0000-0003-2447-7498","2019-04-01","2019","https://doi.org/10.1093/rfs/hhy074","2019-09-02T00:56:39Z","Journal Article","10.1093/rfs/hhy074","0893-9454","1465-7368","The Review of financial studies","32","4","1416-1456","Oxford University Press (OUP)","Finance","","Sotes-Paladino, J. & Zapatero, F. (2019). Riding the Bubble with Convex Incentives. The Review of Financial Studies, 32 (4), pp.1416-1456. https://doi.org/10.1093/rfs/hhy074.","","","","2026-07-07T04:54:03.156+00:00"
"bd5b6752-7342-5612-8f19-f639eda1925b","11343/227055","https://hdl.handle.net/11343/227055","Can Socially Responsible Firms Survive Competition? An Analysis of Corporate Employee Matching Grant Schemes","Gong, N; Grundy, BD","Grundy, Bruce","Grundy, Bruce; 6588; 0000-0002-7438-1374","2019-02-01","2019","https://doi.org/10.1093/rof/rfx025","2019-08-07T03:50:46Z","Journal Article","10.1093/rof/rfx025","1572-3097","1573-692X","Review of Finance","23","1","199-243","Oxford University Press (OUP)","Finance","","Gong, N. & Grundy, B. D. (2019). Can Socially Responsible Firms Survive Competition? An Analysis of Corporate Employee Matching Grant Schemes. Review of Finance, 23 (1), pp.199-243. https://doi.org/10.1093/rof/rfx025.","","","","2026-07-17T15:17:29.141+00:00"
"7a4a6772-c929-5454-ac2c-e76f49f8d5f1","11343/225747","https://hdl.handle.net/11343/225747","Modeling the Total Energy Consumption of Mobile Network Services and Applications","Yan, M; Chan, CA; Gygax, AF; Yan, J; Campbell, L; Nirmalathas, A; Leckie, C","Gygax, Andre; Nirmalathas, Ampalavanapillai; Chan, Chien Aun; Leckie, Christopher; Campbell, Leith","Gygax, Andre; 223; 0000-0001-7265-9400; Nirmalathas, Ampalavanapillai; 2749; 0000-0001-7328-5359; Chan, Chien Aun; 7634; 0000-0001-7188-3478; Leckie, Christopher; 8791; 0000-0002-4388-0517; Campbell, Leith; 49132","2019-01-07","2019","https://doi.org/10.3390/en12010184","2019-07-18T06:19:26Z","Journal Article","10.3390/en12010184","1996-1073","1996-1073","Energies","12","1","","MDPI","Finance; Computing and Information Systems; Electrical and Electronic Engineering","","Yan, M., Chan, C. A., Gygax, A. F., Yan, J., Campbell, L., Nirmalathas, A. & Leckie, C. (2019). Modeling the Total Energy Consumption of Mobile Network Services and Applications. ENERGIES, 12 (1), https://doi.org/10.3390/en12010184.","","","","2026-07-06T20:34:25.698+00:00"
"83a7dbd8-6a31-5b1d-8902-3802139c60cb","11343/221447","https://hdl.handle.net/11343/221447","Venture capital and career concerns","Crain, NG","Crain, Nicholas","Crain, Nicholas; 140630; 0000-0002-4453-4309","2018-04","2018","https://doi.org/10.1016/j.jcorpfin.2017.12.004","2019-03-13T04:37:35Z","Journal Article","10.1016/j.jcorpfin.2017.12.004","0929-1199","1872-6313","Journal of Corporate Finance","49","","168-185","Elsevier","Finance","","Crain, N. G. (2018). Venture capital and career concerns. Journal of Corporate Finance, 49, pp.168-185. https://doi.org/10.1016/j.jcorpfin.2017.12.004.","","","","2026-07-14T06:42:21.179+00:00"
"c2463684-a9fa-5d35-abf9-c58c0d33cb56","11343/219240","https://hdl.handle.net/11343/219240","Rivals’ competitive activities, capital constraints, and firm growth","Bergbrant, MC; Hunter, DM; Kelly, PJ","Kelly, Patrick","Kelly, Patrick; 30764; 0000-0002-8540-7488","2018-12-01","2018","https://doi.org/10.1016/j.jbankfin.2018.09.020","2018-12-09T22:15:50Z","Journal Article","10.1016/j.jbankfin.2018.09.020","0378-4266","1872-6372","Journal of Banking & Finance","97","","87-108","Elsevier","Finance","","Bergbrant, M. C., Hunter, D. M. & Kelly, P. J. (2018). Rivals’ competitive activities, capital constraints, and firm growth. Journal of Banking and Finance, 97, pp.87-108. https://doi.org/10.1016/j.jbankfin.2018.09.020.","","","","2026-07-19T17:35:59.911+00:00"
"b01fc616-6664-5aa3-9a96-405757d90cfb","11343/219239","https://hdl.handle.net/11343/219239","Bond Return Predictability: Economic Value and Links to the Macroeconomy","Gargano, A; Pettenuzzo, D; Timmermann, A","Gargano, Antonio","Gargano, Antonio; 29212; 0000-0002-0686-0576","2019-02","2019","https://doi.org/10.1287/mnsc.2017.2829","2018-12-09T22:03:42Z","Journal Article","10.1287/mnsc.2017.2829","0025-1909","1526-5501","Management science","65","2","459-954","INFORMS","Finance","","Gargano, A., Pettenuzzo, D. & Timmermann, A. (2019). Bond Return Predictability: Economic Value and Links to the Macroeconomy. Management Science, 65 (2), pp.459-954. https://doi.org/10.1287/mnsc.2017.2829.","","","","2026-07-01T19:50:20.441+00:00"
"420bceac-9f03-5010-972f-a1543a070c5e","11343/219238","https://hdl.handle.net/11343/219238","Does It Pay to Pay Attention?","Gargano, A; Rossi, AG","Gargano, Antonio","Gargano, Antonio; 29212; 0000-0002-0686-0576","2018-12-01","2018","https://doi.org/10.1093/rfs/hhy050","2018-12-09T22:01:24Z","Journal Article","10.1093/rfs/hhy050","0893-9454","1465-7368","The Review of financial studies","31","12","4595-4649","Oxford University Press (OUP)","Finance","","Gargano, A. & Rossi, A. G. (2018). Does It Pay to Pay Attention?. The Review of Financial Studies, 31 (12), pp.4595-4649. https://doi.org/10.1093/rfs/hhy050.","","","","2026-06-30T19:03:46.733+00:00"
"f76d279c-41f4-52be-b638-5247e5b63bef","11343/214050","https://hdl.handle.net/11343/214050","Can VPIN forecast geopolitical events? Evidence from the 2014 Crimean Crisis","Silva, FBG; Volkova, E","Volkova, Ekaterina","Volkova, Ekaterina; 133551; 0000-0002-6589-0433","2018-02-01","2018","https://doi.org/10.1007/s10436-017-0314-z","2018-07-15T22:58:30Z","Journal Article","10.1007/s10436-017-0314-z","1614-2446","1614-2454","Annals of Finance","14","1","125-141","Springer Verlag","Finance","","Silva, F. B. G. & Volkova, E. (2018). Can VPIN forecast geopolitical events? Evidence from the 2014 Crimean Crisis. Annals of Finance, 14 (1), pp.125-141. https://doi.org/10.1007/s10436-017-0314-z.","","","","2026-07-15T07:52:03.016+00:00"
"4cdd8fdd-2603-523f-8b35-4d15a5c1a800","11343/212528","https://hdl.handle.net/11343/212528","The neural encoding of information prediction errors during non-instrumental information seeking","Brydevall, M; Bennett, D; Murawski, C; Bode, S","Murawski, Carsten; Bode, Stefan; Bennett, Daniel; Brydevall, Maja","Murawski, Carsten; 5544; 0000-0002-1237-9535; Bode, Stefan; 1642; 0000-0002-0258-7795; Bennett, Daniel; 73780; 0000-0001-6608-9026; Brydevall, Maja; 120681","2018-04-17","2018","https://doi.org/10.1038/s41598-018-24566-x","2018-05-28T23:02:54Z","Journal Article","10.1038/s41598-018-24566-x","2045-2322","2045-2322","Scientific Reports","8","1","","Nature Publishing Group","Finance; Melbourne School of Psychological Sciences","","Brydevall, M., Bennett, D., Murawski, C. & Bode, S. (2018). The neural encoding of information prediction errors during non-instrumental information seeking. Scientific Reports, 8 (1), https://doi.org/10.1038/s41598-018-24566-x.","CC BY","","","2026-07-03T22:11:34.017+00:00"
"44b7a1c8-58b8-5273-957f-0e489797ca00","11343/212077","https://hdl.handle.net/11343/212077","Food product health warnings promote dietary self-control through reductions in neural signals indexing food cue reactivity","Murawski, C; Bode, S; Rosenblatt, DH; Summerell, P; Ng, A; Dixon, H; Wakefield, M","Murawski, Carsten; Bode, Stefan; Rosenblatt, Daniel; Summerell, Patrick; Dixon, Helen; Wakefield, Melanie","Murawski, Carsten; 5544; 0000-0002-1237-9535; Bode, Stefan; 1642; 0000-0002-0258-7795; Rosenblatt, Daniel; 76640; Summerell, Patrick; 128498; Dixon, Helen; 11028; 0000-0002-5365-9605; Wakefield, Melanie; 2240","2018","2018","https://doi.org/10.1016/j.nicl.2018.03.004","2018-05-01T22:18:28Z","Journal Article","10.1016/j.nicl.2018.03.004","2213-1582","2213-1582","NeuroImage: Clinical","18","","702-712","Elsevier","Finance; Melbourne School of Psychological Sciences","","Murawski, C., Bode, S., Rosenblatt, D. H., Summerell, P., Ng, A., Dixon, H. & Wakefield, M. (2018). Food product health warnings promote dietary self-control through reductions in neural signals indexing food cue reactivity. NeuroImage: Clinical, 18, pp.702-712. https://doi.org/10.1016/j.nicl.2018.03.004.","CC BY-NC-ND","","","2026-07-03T21:09:30.442+00:00"
"43823b99-68c7-56a8-bf01-1bf21f852713","11343/208954","https://hdl.handle.net/11343/208954","The Socio-Moral Image Database (SMID): A novel stimulus set for the study of social, moral and affective processes","Murawski, C; Carone, DL; Bode, S; Laham, SM","Murawski, Carsten; Bode, Stefan; Laham, Simon; Crone, Damien Lucas","Murawski, Carsten; 5544; 0000-0002-1237-9535; Bode, Stefan; 1642; 0000-0002-0258-7795; Laham, Simon; 1342; 0000-0002-9101-9553; Crone, Damien Lucas; 20561; 0000-0003-3081-4710","2018-01-24","2018","https://doi.org/10.1371/journal.pone.0190954","2018-03-29T22:50:14Z","Journal Article","10.1371/journal.pone.0190954","1932-6203","1932-6203","PLoS ONE","13","1","1-34","Public Library of Science (PLoS)","Finance; Melbourne School of Psychological Sciences","","Murawski, C., Carone, D. L., Bode, S. & Laham, S. M. (2018). The Socio-Moral Image Database (SMID): A novel stimulus set for the study of social, moral and affective processes. PLoS ONE, 13 (1), pp.1-34. https://doi.org/10.1371/journal.pone.0190954.","CC BY","","","2026-06-30T10:14:22.970+00:00"
"ae65a76c-0bdd-5249-9c90-19bfe3dba7bc","11343/208951","https://hdl.handle.net/11343/208951","Cardiac signals are independently associated with temporal discounting and time perception","MURAWSKI, C; Fung, B; Crone, D; Bode, S","Murawski, Carsten; Fung, Bowen; Crone, Damien; Bode, Stefan; Crone, Damien Lucas","Murawski, Carsten; 5544; 0000-0002-1237-9535; Fung, Bowen; 75331; Crone, Damien; 74081; Bode, Stefan; 1642; 0000-0002-0258-7795; Crone, Damien Lucas; 20561; 0000-0003-3081-4710","2017","2017","https://doi.org/10.3389/fnbeh.2017.00001","2018-03-29T22:48:13Z","Journal Article","10.3389/fnbeh.2017.00001","1662-5153","1662-5153","Frontiers in Behavioral Neuroscience","11","","","Frontiers Media","Finance; Melbourne School of Psychological Sciences","","MURAWSKI, C., Fung, B., Crone, D. & Bode, S. (2017). Cardiac signals are independently associated with temporal discounting and time perception. Frontiers in Behavioral Neuroscience, 11, https://doi.org/10.3389/fnbeh.2017.00001.","CC BY","","","2026-06-30T04:13:01.518+00:00"
"3750c663-8791-5b1e-8550-bcf69caeba9f","11343/208950","https://hdl.handle.net/11343/208950","High monetary reward rates and caloric rewards decrease temporal persistence","Fung, B; Bode, S; Murawski, C","Murawski, Carsten; Bode, Stefan; Fung, Bowen","Murawski, Carsten; 5544; 0000-0002-1237-9535; Bode, Stefan; 1642; 0000-0002-0258-7795; Fung, Bowen; 75331","2017-02-22","2017","https://doi.org/10.1098/rspb.2016.2759","2018-03-29T22:47:26Z","Journal Article","10.1098/rspb.2016.2759","0962-8452","1471-2954","Proceedings of the Royal Society of London. Biological Sciences","284","1849","","Royal Society, The","Finance; Melbourne School of Psychological Sciences","","Fung, B., Bode, S. & Murawski, C. (2017). High monetary reward rates and caloric rewards decrease temporal persistence. Proceedings of the Royal Society B: Biological Sciences, 284 (1849), https://doi.org/10.1098/rspb.2016.2759.","CC BY","","","2026-06-30T09:34:08.867+00:00"
"ac02bb1e-7ff0-5f5e-9cd6-124cc10b03d1","11343/198400","https://hdl.handle.net/11343/198400","Banking Regulation: Has Complexity Worked?","Davis, K","Davis, Kevin","Davis, Kevin; 4668; 0000-0002-5810-7172","2017-12-01","2017","https://hdl.handle.net/11343/198400","2018-02-27T04:24:54Z","Journal Article","","0313-5934","","JASSA","","2","31-38","Financial Services Institute of Australasia","Finance","","Davis, K. (2017). Banking Regulation: Has Complexity Worked?. JASSA: The Finsia Journal of Applied Finance, (2), pp.31-38","","","","2026-07-19T15:40:01.803+00:00"
"f97cbfcd-241e-53d0-8e1f-96004326cc6c","11343/198243","https://hdl.handle.net/11343/198243","Longitudinal changes in white matter fractional anisotropy in adult-onset Niemann-Pick disease type C patients treated with miglustat","BOWMAN, E; Velakoulis, D; Walterfang, M","Bowman, Elizabeth; Desmond, Patricia; Velakoulis, Dennis; Walterfang, Mark","Bowman, Elizabeth; 14076; 0000-0002-6876-6446; Desmond, Patricia; 13368; 0000-0002-4803-6323; Velakoulis, Dennis; 14996; 0000-0002-8842-8479; Walterfang, Mark; 4503; 0000-0002-1389-3691","2018","2018","https://doi.org/10.1007/8904_2017_42","2018-02-11T23:06:20Z","Journal Article","10.1007/8904_2017_42","0141-8955","2192-8312","Journal of Inherited Metabolic Disease","39","","39-43","Springer Verlag","Finance; Psychiatry; Radiology","","BOWMAN, E., Velakoulis, D. & Walterfang, M. (2018). Longitudinal changes in white matter fractional anisotropy in adult-onset Niemann-Pick disease type C patients treated with miglustat. Journal of Inherited Metabolic Disease, 39, pp.39-43. https://doi.org/10.1007/8904_2017_42.","","","","2026-07-06T13:53:24.358+00:00"
"9f12f9c5-99ac-5098-9df5-0a0232065cb2","11343/197750","https://hdl.handle.net/11343/197750","On the measurement of socioeconomic inequality of health between countries","Erreygers, G; Clarke, P; Zheng, Q","Clarke, Philip; Erreygers, Guido; ZHENG, QIONG","Clarke, Philip; 14792; 0000-0002-7555-5348; Erreygers, Guido; 117660; 0000-0002-4512-9567; ZHENG, QIONG; 84111","2017-06-01","2017","https://doi.org/10.1007/s10888-016-9342-6","2018-01-11T03:47:14Z","Journal Article","10.1007/s10888-016-9342-6","1569-1721","1573-8701","Journal of Economic Inequality","15","2","175-193","SPRINGERNATURE","Finance; Melbourne School of Population and Global Health","","Erreygers, G., Clarke, P. & Zheng, Q. (2017). On the measurement of socioeconomic inequality of health between countries. Journal of Economic Inequality, 15 (2), pp.175-193. https://doi.org/10.1007/s10888-016-9342-6.","","","","2026-07-05T15:20:14.494+00:00"
"6054dd62-906f-5e8f-aa83-8f805e706177","11343/191352","https://hdl.handle.net/11343/191352","Single-trial event-related potential correlates of belief updating","Bennett, D; Murawski, C; Bode, S","Murawski, Carsten; Bennett, Daniel; Bode, Stefan","Murawski, Carsten; 5544; 0000-0002-1237-9535; Bennett, Daniel; 73780; 0000-0001-6608-9026; Bode, Stefan; 1642; 0000-0002-0258-7795","2015-01-01","2015","https://doi.org/10.1523/ENEURO.0076-15.2015","2017-08-04T01:46:00Z","Journal Article","10.1523/ENEURO.0076-15.2015","2373-2822","2373-2822","eNeuro","2","5","","SOC NEUROSCIENCE","Finance; Melbourne School of Psychological Sciences","","Bennett, D., Murawski, C. & Bode, S. (2015). Single-trial event-related potential correlates of belief updating. Eneuro, 2 (5), https://doi.org/10.1523/ENEURO.0076-15.2015.","CC BY","","","2026-07-13T00:17:31.715+00:00"
"6f30e9e0-23b0-5d3a-932b-12be17724912","11343/191144","https://hdl.handle.net/11343/191144","Network Energy Consumption Assessment of Conventional Mobile Services and Over-The-Top Instant Messaging Applications","Yan, M; Chan, CA; Li, W; Chih-Lin, I; Bian, S; Gygax, AF; Leckie, C; Hinton, K; Wong, E; Nirmalathas, A","Gygax, Andre; Chan, Chien Aun; Leckie, Christopher; Hinton, Kerry; Wong, Elaine; Nirmalathas, Ampalavanapillai","Gygax, Andre; 223; 0000-0001-7265-9400; Chan, Chien Aun; 7634; 0000-0001-7188-3478; Leckie, Christopher; 8791; 0000-0002-4388-0517; Hinton, Kerry; 2380; Wong, Elaine; 12968; 0000-0002-2561-3482; Nirmalathas, Ampalavanapillai; 2749; 0000-0001-7328-5359","2016-12-01","2016","https://doi.org/10.1109/JSAC.2016.2611978","2017-07-17T03:15:15Z","Journal Article","10.1109/JSAC.2016.2611978","0733-8716","1558-0008","IEEE Journal on Selected Areas in Communications","34","12","3168-3180","IEEE-INST ELECTRICAL ELECTRONICS ENGINEERS INC","Engineering Collected Works; Computing and Information Systems; Finance; Electrical and Electronic Engineering","Engineering; Business & Economics","Yan, M., Chan, C. A., Li, W., Chih-Lin, I., Bian, S., Gygax, A. F., Leckie, C., Hinton, K., Wong, E. & Nirmalathas, A. (2016). Network Energy Consumption Assessment of Conventional Mobile Services and Over-The-Top Instant Messaging Applications. IEEE Journal on Selected Areas in Communications, 34 (12), pp.3168-3180. https://doi.org/10.1109/JSAC.2016.2611978.","Publisher's own licence","","","2026-06-30T04:21:13.852+00:00"
"cb5c24d3-ecc2-5e00-949f-df0a470c0406","11343/172291","https://hdl.handle.net/11343/172291","Slow Diffusion of Information and Price Momentum in Stocks: Evidence from Options Markets","Chen, Z; LU, A","Lu, Andrea; CHEN, ZHUO","Lu, Andrea; 54873; 0000-0002-8635-2167; CHEN, ZHUO; 124286","2017-02","2017","https://doi.org/10.1016/j.jbankfin.2016.11.010","2017-06-18T23:50:53Z","Journal Article","10.1016/j.jbankfin.2016.11.010","0378-4266","1872-6372","Journal of Banking & Finance","75","","98-108","Elsevier","Finance; Management and Marketing","","Chen, Z. & LU, A. (2017). Slow Diffusion of Information and Price Momentum in Stocks: Evidence from Options Markets. Journal of Banking and Finance, 75, pp.98-108. https://doi.org/10.1016/j.jbankfin.2016.11.010.","","","","2026-07-17T10:12:01.456+00:00"
"f3f78073-8c70-5b0e-9546-33f73b9a71a4","11343/142363","https://hdl.handle.net/11343/142363","Intrinsic Valuation of Information in Decision Making under Uncertainty","Bennett, D; Bode, S; Brydevall, M; Warren, H; Murawski, C","Bode, Stefan; Murawski, Carsten; Bennett, Daniel; WARREN, HAYLEY; Brydevall, Maja; Bennett, Daniel","Bode, Stefan; 1642; 0000-0002-0258-7795; Murawski, Carsten; 5544; 0000-0002-1237-9535; Bennett, Daniel; 20395; 0000-0001-6608-9026; WARREN, HAYLEY; 109549; Brydevall, Maja; 120681; Bennett, Daniel; 73780; 0000-0001-6608-9026","2016-07-01","2016","https://doi.org/10.1371/journal.pcbi.1005020","2017-05-22T06:40:44Z","Journal Article","10.1371/journal.pcbi.1005020","1553-734X","1553-7358","PLoS Computational Biology","12","7","","PLOS","Finance; Melbourne School of Population and Global Health","","Bennett, D., Bode, S., Brydevall, M., Warren, H. & Murawski, C. (2016). Intrinsic Valuation of Information in Decision Making under Uncertainty. PLoS Computational Biology, 12 (7), https://doi.org/10.1371/journal.pcbi.1005020.","CC BY","Published version","https://www.ncbi.nlm.nih.gov/pubmed/27416034","2026-07-11T05:19:47.960+00:00"
"974aeb1a-01f7-50e0-bee3-9c84cfb2500b","11343/123864","https://hdl.handle.net/11343/123864","Disappearing Call Delay and Dividend-Protected Convertible Bonds","Grundy, BD; Verwijmeren, P","Verwijmeren, Patrick; Grundy, Bruce","Verwijmeren, Patrick; 1439; 0000-0002-1437-0665; Grundy, Bruce; 6588; 0000-0002-7438-1374","2016-02-01","2016","https://doi.org/10.1111/jofi.12363","2017-02-06T22:36:08Z","Journal Article","10.1111/jofi.12363","0022-1082","1540-6261","Journal of Finance","71","1","195-224","WILEY-BLACKWELL","Finance","","Grundy, B. D. & Verwijmeren, P. (2016). Disappearing Call Delay and Dividend-Protected Convertible Bonds. JOURNAL OF FINANCE, 71 (1), pp.195-224. https://doi.org/10.1111/jofi.12363.","","","","2026-07-17T10:48:51.040+00:00"
"48df2866-371c-5acf-b783-61abf3f0b971","11343/122052","https://hdl.handle.net/11343/122052","Assessing the information content of short-selling metrics using daily disclosures","Comerton-Forde, C; Binh, HD; Gray, P; Manton, T","Comerton-Forde, Carole; Gray, Philip","Comerton-Forde, Carole; 25276; 0000-0002-1618-0371; Gray, Philip; 182838; 0000-0002-5388-8248","2016-03-01","2016","https://doi.org/10.1016/j.jbankfin.2015.12.009","2016-12-06T04:10:50Z","Journal Article","10.1016/j.jbankfin.2015.12.009","0378-4266","1872-6372","Journal of Banking & Finance","64","","188-204","Elsevier","Finance","","Comerton-Forde, C., Binh, H. D., Gray, P. & Manton, T. (2016). Assessing the information content of short-selling metrics using daily disclosures. Journal of Banking & Finance, 64, pp.188-204. https://doi.org/10.1016/j.jbankfin.2015.12.009.","","","","2026-07-17T11:35:10.462+00:00"
"81f86261-0b5c-5cb8-b868-9dc0692dcd3d","11343/118591","https://hdl.handle.net/11343/118591","How Humans Solve Complex Problems: The Case of the Knapsack Problem","Murawski, C; Bossaerts, P","Murawski, Carsten; Bossaerts, Peter","Murawski, Carsten; 5544; 0000-0002-1237-9535; Bossaerts, Peter; 27438; 0000-0003-2308-2603","2016-10-07","2016","https://doi.org/10.1038/srep34851","2016-10-25T04:34:57Z","Journal Article","10.1038/srep34851","2045-2322","2045-2322","Scientific Reports","6","1","1-10","Nature","Finance","","Murawski, C. & Bossaerts, P. (2016). How Humans Solve Complex Problems: The Case of the Knapsack Problem. Scientific Reports, 6 (1), pp.1-10. https://doi.org/10.1038/srep34851.","CC BY","","","2026-07-01T08:52:52.569+00:00"
"8c27f92f-0148-5b4f-8425-c004dea2bec5","11343/115924","https://hdl.handle.net/11343/115924","Incidental rewarding cues influence economic decisions in people with obesity","Simmank, J; Murawski, C; Bode, S; Horstmann, A","Murawski, Carsten; Bode, Stefan","Murawski, Carsten; 5544; 0000-0002-1237-9535; Bode, Stefan; 1642; 0000-0002-0258-7795","2015-10-15","2015","https://doi.org/10.3389/fnbeh.2015.00278","2016-09-08T06:13:36Z","Journal Article","10.3389/fnbeh.2015.00278","1662-5153","1662-5153","Frontiers in Behavioral Neuroscience","9","OCT","","FRONTIERS MEDIA SA","Finance; Melbourne School of Psychological Sciences","","Simmank, J., Murawski, C., Bode, S. & Horstmann, A. (2015). Incidental rewarding cues influence economic decisions in people with obesity. FRONTIERS IN BEHAVIORAL NEUROSCIENCE, 9 (OCT), https://doi.org/10.3389/fnbeh.2015.00278.","CC BY","","","2026-07-12T08:01:08.724+00:00"
"1a34e7ec-9718-5540-a40a-67581a9f7d2c","11343/91757","https://hdl.handle.net/11343/91757","Telecommunications energy and greenhouse gas emissions management for future network growth","Chan, CA; Gygax, AF; Leckie, C; Wong, E; Nirmalathas, A; Hinton, K","Gygax, Andre; Chan, Chien Aun; Leckie, Christopher; Wong, Elaine; Nirmalathas, Ampalavanapillai; Hinton, Kerry","Gygax, Andre; 223; 0000-0001-7265-9400; Chan, Chien Aun; 7634; 0000-0001-7188-3478; Leckie, Christopher; 8791; 0000-0002-4388-0517; Wong, Elaine; 12968; 0000-0002-2561-3482; Nirmalathas, Ampalavanapillai; 2749; 0000-0001-7328-5359; Hinton, Kerry; 2380","2016-03-15","2016","https://doi.org/10.1016/j.apenergy.2016.01.007","2016-05-19T05:25:16Z","Journal Article","10.1016/j.apenergy.2016.01.007","0306-2619","1872-9118","Applied Energy","166","166","174-185","ELSEVIER SCI LTD","Finance; Computing and Information Systems; Electrical and Electronic Engineering","","Chan, C. A., Gygax, A. F., Leckie, C., Wong, E., Nirmalathas, A. & Hinton, K. (2016). Telecommunications energy and greenhouse gas emissions management for future network growth. Applied Energy, 166 (166), pp.174-185. https://doi.org/10.1016/j.apenergy.2016.01.007.","","","","2026-07-14T08:02:26.722+00:00"
"f8156629-f9d7-5894-a372-3708302d66e5","11343/56602","https://hdl.handle.net/11343/56602","Assessing network energy consumption of mobile applications","Chan, CA; Li, W; Bian, S; I, C-L; GYGAX, AF; Leckie, C; Yan, M; Hinton, K","Gygax, Andre; Chan, Chien Aun; Leckie, Christopher; YAN, MING; Hinton, Kerry","Gygax, Andre; 223; 0000-0001-7265-9400; Chan, Chien Aun; 7634; 0000-0001-7188-3478; Leckie, Christopher; 8791; 0000-0002-4388-0517; YAN, MING; 84315; Hinton, Kerry; 2380","2015-11-15","2015","https://doi.org/10.1109/MCOM.2015.7321989","2015-11-18T00:37:26Z","Journal Article","10.1109/MCOM.2015.7321989","0163-6804","1558-1896","IEEE Communications Magazine","53","11","182-191","Institute of Electrical and Electronics Engineers","Finance; Computing and Information Systems; Electrical and Electronic Engineering","","Chan, C. A., Li, W., Bian, S., I, C. -L., GYGAX, A. F., Leckie, C., Yan, M. & Hinton, K. (2015). Assessing network energy consumption of mobile applications. IEEE Communications Magazine, 53 (11), pp.182-191. https://doi.org/10.1109/MCOM.2015.7321989.","","","","2026-07-14T08:00:44.404+00:00"
"ad966e22-6f5c-5d7f-8142-4c22692599a2","11343/55686","https://hdl.handle.net/11343/55686","Stock price manipulation: Prevalence and determinants","Comerton-Forde, CA; Putnins, TJ","Comerton-Forde, Carole","Comerton-Forde, Carole; 25276; 0000-0002-1618-0371","2014","2014","https://doi.org/10.1093/rof/rfs040","2015-09-23T06:16:25Z","Journal Article","10.1093/rof/rfs040","1572-3097","1573-692X","Review of Finance","18","1","23-66","Oxford University Press","Finance","","Comerton-Forde, C. A. & Putnins, T. J. (2014). Stock price manipulation: Prevalence and determinants. Review of Finance, 18 (1), pp.23-66. https://doi.org/10.1093/rof/rfs040.","","Submitted version","http://papers.ssrn.com/sol3/papers.cfm?abstract_id=1243042","2026-07-17T14:04:29.920+00:00"
"899c4196-345c-554f-b437-5bb6d2aa8808","11343/55685","https://hdl.handle.net/11343/55685","Is Australia HFT-friendly?","Comerton-Forde, C","Comerton-Forde, Carole","Comerton-Forde, Carole; 25276; 0000-0002-1618-0371","2012","2012","https://www.finsia.com/docs/default-source/jassa-new/jassa-2012/jassa-2012-issue-3/is-australia-hft-friendly.pdf?sfvrsn=5","2015-09-23T06:14:45Z","Journal Article","","0313-5934","","JASSA","3","3","12-14","Financial Services Institute of Australasia","Finance","","Comerton-Forde, C. (2012). Is Australia HFT-friendly?. JASSA: the Finsia Journal of Applied Finance, 3 (3), pp.12-14","","Published version","https://www.finsia.com/docs/default-source/jassa-new/jassa-2012/jassa-2012-issue-3/is-australia-hft-friendly.pdf?sfvrsn=5","2026-07-18T10:49:15.051+00:00"
"a1412823-445c-59c6-9399-8ed2d3bbacd7","11343/55684","https://hdl.handle.net/11343/55684","Shorting at close range: a tale of two types","Comerton-Forde, C; Jones, CM; Putnins, TJ","Comerton-Forde, Carole","Comerton-Forde, Carole; 25276; 0000-0002-1618-0371","2016","2016","https://doi.org/10.1016/j.jfineco.2016.05.002","2015-09-23T06:10:57Z","Journal Article","10.1016/j.jfineco.2016.05.002","0304-405X","","Journal of Financial Economics","121","3","546-568","Elsevier","Finance","","Comerton-Forde, C., Jones, C. M. & Putnins, T. J. (2016). Shorting at close range: a tale of two types. Journal of Financial Economics, 121 (3), pp.546-568. https://doi.org/10.1016/j.jfineco.2016.05.002.","","","","2026-07-18T05:41:02.393+00:00"
"cdc58601-e99d-5e57-a4d0-72d392f48258","11343/55683","https://hdl.handle.net/11343/55683","Dark trading and price discovery","Comerton-Forde, C; Putniņš, TJ","Comerton-Forde, Carole","Comerton-Forde, Carole; 25276; 0000-0002-1618-0371","2015-10-01","2015","https://doi.org/10.1016/j.jfineco.2015.06.013","2015-09-23T06:08:20Z","Journal Article","10.1016/j.jfineco.2015.06.013","0304-405X","","Journal of Financial Economics","118","1","70-92","ELSEVIER SCIENCE SA","Finance","","Comerton-Forde, C. & Putniņš, T. J. (2015). Dark trading and price discovery. Journal of Financial Economics, 118 (1), pp.70-92. https://doi.org/10.1016/j.jfineco.2015.06.013.","","","","2026-07-15T03:40:11.862+00:00"
"c3a0bd75-d449-5f2a-b65f-3070e426fa8f","11343/55484","https://hdl.handle.net/11343/55484","Board interlocking network and financial decisions","Hazledine, M","Hazledine, Matthew","","2015-02-10","2015","https://minerva-access.unimelb.edu.au/handle/11343/45203","2015-08-27T00:38:47Z","PhD thesis","","","","","","","","","Finance","","Hazledine, M, Board interlocking network and financial decisions, 2015","","Published version","https://minerva-access.unimelb.edu.au/handle/11343/45203","2025-12-09T14:35:28.307+00:00"
"13935d12-3b2b-5994-81b7-db309ca9b154","11343/55324","https://hdl.handle.net/11343/55324","Essays in International Macro-Finance","HENKEL, S","HENKEL, SAMUEL","","2015","2015","https://hdl.handle.net/11343/55324","2015-08-04T06:41:42Z","PhD thesis","","","","","","","","","Finance","","HENKEL, S, Essays in International Macro-Finance, 2015","","","","2025-12-04T15:42:20.237+00:00"
"22d0ca3b-6ec8-538c-ba63-0f5f0db3468e","11343/52462","https://hdl.handle.net/11343/52462","Distributed patterns of event-related potentials predict subsequent ratings of abstract stimulus attributes","Bode, S; Bennett, D; Stahl, J; Murawski, C","Bode, Stefan; Bennett, Daniel; STAHL, JUTTA; Murawski, Carsten","Bode, Stefan; 1642; 0000-0002-0258-7795; Bennett, Daniel; 73780; 0000-0001-6608-9026; STAHL, JUTTA; 80953; Murawski, Carsten; 5544; 0000-0002-1237-9535","2014-10-01","2014","https://doi.org/10.1371/journal.pone.0109070","2015-04-07T22:46:18Z","Journal Article","10.1371/journal.pone.0109070","1932-6203","1932-6203","PLoS ONE","9","10","","PUBLIC LIBRARY SCIENCE","Finance; Melbourne School of Psychological Sciences","Medicine, Dentistry & Health Sciences; Business & Economics","Bode, S., Bennett, D., Stahl, J. & Murawski, C. (2014). Distributed patterns of event-related potentials predict subsequent ratings of abstract stimulus attributes. Plos One, 9 (10), https://doi.org/10.1371/journal.pone.0109070.","CC BY","","","2026-07-12T02:49:40.361+00:00"
"de4d25a8-e16b-554f-b371-dcc05a748fee","11343/45216","https://hdl.handle.net/11343/45216","Board interlocking network and the design of executive compensation packages","Wong, LHH; Gygax, AF; Wang, P","Gygax, Andre; WONG, LING","Gygax, Andre; 223; 0000-0001-7265-9400; WONG, LING; 33910","2015-05","2015","https://doi.org/10.1016/j.socnet.2014.12.002","2015-02-09T05:30:56Z","Conference Paper","10.1016/j.socnet.2014.12.002","0378-8733","","Social Networks","41","","85-100","Elsevier","Finance","","Wong, L. H. H., Gygax, A. F. & Wang, P. (2015). Board interlocking network and the design of executive compensation packages. Social Networks, 41, pp.85-100. Elsevier. https://doi.org/10.1016/j.socnet.2014.12.002.","","","","2026-07-17T02:48:21.213+00:00"
"e453c99a-6b7c-5cd1-ae89-755572d88bb5","11343/33207","https://hdl.handle.net/11343/33207","Can we treat empirical regularities as state variables in the ICAPM? Evidence from Australia","Docherty, P; Chan, H; Easton, S","Chan, Howard","Chan, Howard; 13717; 0000-0001-9288-0727","2013-04-01","2013","https://doi.org/10.1016/j.pacfin.2012.10.004","2014-05-22T08:20:51Z","Journal Article","10.1016/j.pacfin.2012.10.004","0927-538X","1879-0585","Pacific Basin Finance Journal","22","1","107-124","ELSEVIER","Finance","","Docherty, P., Chan, H. & Easton, S. (2013). Can we treat empirical regularities as state variables in the ICAPM? Evidence from Australia. Pacific Basin Finance Journal, 22 (1), pp.107-124. https://doi.org/10.1016/j.pacfin.2012.10.004.","","","","2026-07-17T11:28:55.693+00:00"
"778c5399-e57e-5f91-9f5f-661cb3c2bb45","11343/33206","https://hdl.handle.net/11343/33206","The effect of financial constraints, investment policy, product market competition and corporate governance on the value of cash holdings","CHAN, HOWARD; Lu, Yufei; ZHANG, HONG","Chan, Howard","","2013","2013","https://hdl.handle.net/11343/33206","2014-05-22T08:20:40Z","Journal Article","","","","Accounting and Finance","53","2","","","Finance","","Chan, H., Lu, Y., & ZHANG, H. (2013). The effect of financial constraints, investment policy, product market competition and corporate governance on the value of cash holdings. Accounting and Finance, 53(2).","","","","2021-02-03T21:38:11.184+00:00"
"4d2d9882-c77d-58e5-98b4-8d605aa05e8e","11343/33205","https://hdl.handle.net/11343/33205","Australian evidence on the implementation of the size and value premia","Docherty, Paul; CHAN, HOWARD; Easton, Steve","Chan, Howard","","2013","2013","https://hdl.handle.net/11343/33205","2014-05-22T08:20:29Z","Journal Article","","","","Accounting and Finance","53","2","","","Finance","","Docherty, P., Chan, H., & Easton, S. (2013). Australian evidence on the implementation of the size and value premia. Accounting and Finance, 53(2).","","","","2021-02-03T21:38:11.156+00:00"
"8f553c68-ff16-5bcc-8825-969b923babc7","11343/33096","https://hdl.handle.net/11343/33096","Factors predicting stomal wound closure infection rates","Mirbagheri, N; Dark, J; Skinner, S","Dark, Jonathan","Dark, Jonathan; 12012; 0000-0002-7688-0193","2013-04-01","2013","https://doi.org/10.1007/s10151-012-0908-4","2014-05-22T08:00:02Z","Journal Article","10.1007/s10151-012-0908-4","1123-6337","1128-045X","Techniques in Coloproctology","17","2","215-220","SPRINGER","Finance","","Mirbagheri, N., Dark, J. & Skinner, S. (2013). Factors predicting stomal wound closure infection rates. Techniques in Coloproctology, 17 (2), pp.215-220. https://doi.org/10.1007/s10151-012-0908-4.","","","","2026-07-06T13:19:26.205+00:00"
"5876b369-4d02-5257-9e50-b643cbae8b5e","11343/32893","https://hdl.handle.net/11343/32893","Saccadic Eye Movement Characteristics in Adult Niemann-Pick Type C Disease: Relationships with Disease Severity and Brain Structural Measures","Abel, LA; Bowman, EA; Velakoulis, D; Fahey, MC; Desmond, P; Macfarlane, MD; Looi, JCL; Adamson, CL; Walterfang, M","Walterfang, Mark; Abel, Larry; Desmond, Patricia; Velakoulis, Dennis; BOWMAN, ELIZABETH; Bowman, Elizabeth","Walterfang, Mark; 4503; 0000-0002-1389-3691; Abel, Larry; 11567; 0000-0002-2393-0644; Desmond, Patricia; 13368; 0000-0002-4803-6323; Velakoulis, Dennis; 14996; 0000-0002-8842-8479; BOWMAN, ELIZABETH; 19024; Bowman, Elizabeth; 14076; 0000-0002-6876-6446","2012-11-30","2012","https://doi.org/10.1371/journal.pone.0050947","2014-05-22T07:23:21Z","Journal Article","10.1371/journal.pone.0050947","1932-6203","1932-6203","PLoS ONE","7","11","","PUBLIC LIBRARY SCIENCE","Finance; Optometry and Vision Sciences; Psychiatry; Medicine and Radiology","Business & Economics; Science; Medicine, Dentistry & Health Sciences","Abel, L. A., Bowman, E. A., Velakoulis, D., Fahey, M. C., Desmond, P., Macfarlane, M. D., Looi, J. C. L., Adamson, C. L. & Walterfang, M. (2012). Saccadic Eye Movement Characteristics in Adult Niemann-Pick Type C Disease: Relationships with Disease Severity and Brain Structural Measures. Plos One, 7 (11), https://doi.org/10.1371/journal.pone.0050947.","CC BY","","","2026-07-11T03:44:17.953+00:00"
"ee1271d3-375e-5e17-83a5-15831a34f3eb","11343/32266","https://hdl.handle.net/11343/32266","Do option markets undo restrictions on short sales? Evidence from the 2008 short-sale ban","Grundy, BD; Lim, B; Verwijmeren, P","Grundy, Bruce; Lim, Bryan; Verwijmeren, Patrick","Grundy, Bruce; 6588; 0000-0002-7438-1374; Lim, Bryan; 7805; 0000-0003-3756-3651; Verwijmeren, Patrick; 1439; 0000-0002-1437-0665","2012-11-01","2012","https://doi.org/10.1016/j.jfineco.2012.05.013","2014-05-22T05:33:51Z","Conference Paper","10.1016/j.jfineco.2012.05.013","0304-405X","","Journal of Financial Economics","106","2","331-348","ELSEVIER SCIENCE SA","Finance","","Grundy, B. D., Lim, B. & Verwijmeren, P. (2012). Do option markets undo restrictions on short sales? Evidence from the 2008 short-sale ban. Journal of Financial Economics, 106, (2), pp.331-348. ELSEVIER SCIENCE SA. https://doi.org/10.1016/j.jfineco.2012.05.013.","","","","2026-07-06T11:42:29.377+00:00"
"9c62d926-cc57-5b6b-b230-a21034443ff5","11343/32265","https://hdl.handle.net/11343/32265","Informed trader usage of stock vs. option markets: Evidence from hedge fund investment advisors","Martin, JS; Aragon, GO","Martin, James","Martin, James; 10145; 0000-0001-5453-6001","2008","2008","https://hdl.handle.net/11343/32265","2014-05-22T05:33:41Z","Conference Paper","","","","68th Annual Meeting, American Finance Association","","","","SSRN Electronic Paper Collection","Finance","","Martin, J. S. & Aragon, G. O. (2008). Informed trader usage of stock vs. option markets: Evidence from hedge fund investment advisors. 68th Annual Meeting, American Finance Association, SSRN Electronic Paper Collection.","","","","2026-07-18T22:42:05.232+00:00"
"aa4eca6f-b560-5f64-9eeb-b776e80f1366","11343/32264","https://hdl.handle.net/11343/32264","Two Paths to Financial Distress","Aharoni, G; Brown, C; Zeng, Q","Aharoni, Gil; Zeng, Qi","Aharoni, Gil; 1207; 0000-0001-5792-7171; Zeng, Qi; 11502; 0000-0003-1228-0794","2008","2008","https://hdl.handle.net/11343/32264","2014-05-22T05:33:32Z","Conference Paper","","","","Proceedings of the 2008 European Financial Management Association","","","","European Financial Management Association","Finance","","Aharoni, G., Brown, C. & Zeng, Q. (2008). Two Paths to Financial Distress. Proceedings of the 2008 European Financial Management Association, European Financial Management Association.","","","","2026-07-19T00:07:22.085+00:00"
"d1357b9e-53d6-541e-96dc-ca8e6d8d4f2a","11343/32263","https://hdl.handle.net/11343/32263","Analysts&rsquo; recommendation changes or disagreements with market consensus: from which signal does the market take its lead?","Brown, RL; Chan, HWH; Ho, YK","Brown, Robert; Chan, Howard","Brown, Robert; 11184; 0000-0002-7424-4599; Chan, Howard; 13717; 0000-0001-9288-0727","2007","2007","https://hdl.handle.net/11343/32263","2014-05-22T05:33:24Z","Conference Paper","","","","Proceedings of the European Financial Management Association Conference, Vienna 2007","","","","European Financial Management Association","Finance","","Brown, R. L., Chan, H. W. H. & Ho, Y. K. (2007). Analysts&rsquo; recommendation changes or disagreements with market consensus: from which signal does the market take its lead?. Proceedings of the European Financial Management Association Conference, Vienna 2007, European Financial Management Association.","","","","2026-07-19T00:04:49.614+00:00"
"2df271cb-5dd1-5d59-ba5c-8f4b9bd15d49","11343/32261","https://hdl.handle.net/11343/32261","Managerial perspectives on corporate finance decisions","COLEMAN, L; MAHESWARAN, K; PINDER, S","Coleman, Patrick; Pinder, Sean; MAHESWARAN, KOGULAKRISHNAN","Coleman, Patrick; 5196; 0000-0002-2728-6139; Pinder, Sean; 321; 0000-0003-3083-6047; MAHESWARAN, KOGULAKRISHNAN; 33401","2008","2008","https://hdl.handle.net/11343/32261","2014-05-22T05:33:06Z","Conference Paper","","","","2008 AFAANZ Conference","","","","Accounting and Finance Association of Australia and New Zealand","Finance","","COLEMAN, L., MAHESWARAN, K. & PINDER, S. (2008). Managerial perspectives on corporate finance decisions. 2008 AFAANZ Conference, Accounting and Finance Association of Australia and New Zealand.","","","","2026-07-18T22:40:32.342+00:00"
"82c9222a-8207-5761-b2f8-62a3010fb4fe","11343/32260","https://hdl.handle.net/11343/32260","Time varying short-horizon return predictability","Henkel, SJ; Martin, JS; Nardari, F","Martin, James","Martin, James; 10145; 0000-0001-5453-6001","2008","2008","https://hdl.handle.net/11343/32260","2014-05-22T05:32:54Z","Conference Paper","","","","35th Annual Meeting, European Finance Association","","","","SSRN Electronic Paper Collection","Finance","","Henkel, S. J., Martin, J. S. & Nardari, F. (2008). Time varying short-horizon return predictability. 35th Annual Meeting, European Finance Association, SSRN Electronic Paper Collection.","","","","2026-07-18T22:42:17.015+00:00"
"e23a91fe-963d-5502-9558-a749609ea578","11343/31551","https://hdl.handle.net/11343/31551","THE RELATIONSHIP BETWEEN DIRECTOR INDEPENDENCE, REPUTATION AND MANAGEMENT EARNINGS FORECASTS","Chan, H; Faff, R; Mather, P; Ramsay, A","Chan, Howard","Chan, Howard; 13717; 0000-0001-9288-0727","2008","2008","https://doi.org/10.22495/cocv6i2c3p7","2014-05-22T03:39:03Z","Journal Article","10.22495/cocv6i2c3p7","1727-9232","","Corporate Ownership and Control","6","2","404-419","Virtus Interpress","Finance","","Chan, H., Faff, R., Mather, P. & Ramsay, A. (2008). THE RELATIONSHIP BETWEEN DIRECTOR INDEPENDENCE, REPUTATION AND MANAGEMENT EARNINGS FORECASTS. Corporate Ownership and Control, 6 (2), pp.404-419. https://doi.org/10.22495/cocv6i2c3p7.","","","","2026-07-17T01:56:29.707+00:00"
"b64fd7ee-0321-53ed-97b7-1b3b77bc5929","11343/31080","https://hdl.handle.net/11343/31080","Takeovers, Ownership, and Shareholder Wealth — The Australian Evidence","Shekhar, C; Torbey, V","Shekhar, Chander","Shekhar, Chander; 105; 0000-0003-4689-5172","2005-03-01","2005","https://doi.org/10.1108/eb043433","2014-05-22T02:29:07Z","Journal Article","10.1108/eb043433","1475-7702","","Review of Accounting and Finance","4","3","101-120","Emerald","Finance","","Shekhar, C. & Torbey, V. (2005). Takeovers, Ownership, and Shareholder Wealth — The Australian Evidence. Review of Accounting and Finance, 4 (3), pp.101-120. https://doi.org/10.1108/eb043433.","","","","2026-07-18T07:44:31.680+00:00"
"ce92bc77-dfbe-53d0-be60-0d3c3e3b6b1d","11343/29537","https://hdl.handle.net/11343/29537","Analysts' recommendations: From which signal does the market take its lead?","Brown, R; Chan, HWH; Ho, YK","Brown, Robert; Chan, Howard","Brown, Robert; 11184; 0000-0002-7424-4599; Chan, Howard; 13717; 0000-0001-9288-0727","2009-07-01","2009","https://doi.org/10.1007/s11156-009-0107-1","2014-05-21T23:16:06Z","Journal Article","10.1007/s11156-009-0107-1","0924-865X","1573-7179","Review of Quantitative Finance and Accounting","33","2","91-111","SPRINGER","Finance","","Brown, R., Chan, H. W. H. & Ho, Y. K. (2009). Analysts' recommendations: From which signal does the market take its lead?. Review of Quantitative Finance and Accounting, 33 (2), pp.91-111. https://doi.org/10.1007/s11156-009-0107-1.","","","","2026-07-13T23:09:37.638+00:00"
"f38072d3-6b8b-5889-8f37-b4c5b319a8b7","11343/29536","https://hdl.handle.net/11343/29536","An empirical investigation of whether Australian capital gains tax reforms influence individual investor behaviour","Hanlon, D; Pinder, S","Pinder, Sean","Pinder, Sean; 321; 0000-0003-3083-6047","2007-11-01","2007","https://doi.org/10.1016/j.pacfin.2006.12.001","2014-05-21T23:15:59Z","Journal Article","10.1016/j.pacfin.2006.12.001","0927-538X","","Pacific Basin Finance Journal","15","5","481-493","Elsevier BV","Finance","","Hanlon, D. & Pinder, S. (2007). An empirical investigation of whether Australian capital gains tax reforms influence individual investor behaviour. Pacific Basin Finance Journal, 15 (5), pp.481-493. https://doi.org/10.1016/j.pacfin.2006.12.001.","","","","2026-06-29T05:10:43.997+00:00"
"f9954b1e-1202-5277-bfda-826b748c99b1","11343/29535","https://hdl.handle.net/11343/29535","Credit unions and demutualisation","Davis, K","Davis, Kevin","Davis, Kevin; 4668; 0000-0002-5810-7172","2005-01-01","2005","https://doi.org/10.1108/03074350510769938","2014-05-21T23:15:53Z","Journal Article","10.1108/03074350510769938","0307-4358","1758-7743","Managerial Finance","31","11","6-25","EMERALD GROUP PUBLISHING LTD","Finance","","Davis, K. (2005). Credit unions and demutualisation. Managerial Finance, 31 (11), pp.6-25. https://doi.org/10.1108/03074350510769938.","","","","2026-07-16T03:10:15.316+00:00"
"7fecd637-bdf5-5dd5-897d-b2f6d9379f55","11343/29533","https://hdl.handle.net/11343/29533","Access regime design and required rates of return: Pitfalls in adjusting for inflation and tax effects","Davis, K","Davis, Kevin","Davis, Kevin; 4668; 0000-0002-5810-7172","2006-01-01","2006","https://doi.org/10.1007/s11149-005-5128-7","2014-05-21T23:15:41Z","Journal Article","10.1007/s11149-005-5128-7","0922-680X","1573-0468","Journal of Regulatory Economics","29","1","103-122","SPRINGER","Finance","","Davis, K. (2006). Access regime design and required rates of return: Pitfalls in adjusting for inflation and tax effects. Journal of Regulatory Economics, 29 (1), pp.103-122. https://doi.org/10.1007/s11149-005-5128-7.","","","","2026-06-28T09:08:26.665+00:00"
"9cbb6ef9-c6a2-5779-aeb9-cd886d2ab32f","11343/29532","https://hdl.handle.net/11343/29532","The market impact of trends and sequences in performance: New evidence","Durham, GR; Hertzel, MG; Martin, JS","Martin, James","Martin, James; 10145; 0000-0001-5453-6001","2005-10-01","2005","https://doi.org/10.1111/j.1540-6261.2005.00807.x","2014-05-21T23:15:36Z","Journal Article","10.1111/j.1540-6261.2005.00807.x","0022-1082","1540-6261","Journal of Finance","60","5","2551-2569","BLACKWELL PUBLISHING","Finance","","Durham, G. R., Hertzel, M. G. & Martin, J. S. (2005). The market impact of trends and sequences in performance: New evidence. Journal of Finance, 60 (5), pp.2551-2569. https://doi.org/10.1111/j.1540-6261.2005.00807.x.","","","","2026-06-28T01:08:01.089+00:00"
"2249b848-97d7-5a14-aaac-00e4f95f6b15","11343/29531","https://hdl.handle.net/11343/29531","International joint ventures and political risk","JANAKIRAMANAN, SJ; LAMBA, A; BAILEY, JB","Lamba, Asjeet","Lamba, Asjeet; 2727; 0000-0002-7541-967X","2005","2005","https://hdl.handle.net/11343/29531","2014-05-21T23:15:30Z","Journal Article","","1449-387X","","Journal of Business and Policy Research","1","1","1-19","","Finance","","JANAKIRAMANAN, S. J., LAMBA, A. & BAILEY, J. B. (2005). International joint ventures and political risk. Journal of Business and Policy Research, 1 (1), pp.1-19","","","","2026-07-18T14:21:18.494+00:00"
"2bffe561-a8fe-5039-8829-a5d3fdecff42","11343/29530","https://hdl.handle.net/11343/29530","Investor sentiment, executive compensation, and corporate investment","Grundy, BD; Li, H","Grundy, Bruce","Grundy, Bruce; 6588; 0000-0002-7438-1374","2010-10-01","2010","https://doi.org/10.1016/j.jbankfin.2010.03.020","2014-05-21T23:15:23Z","Journal Article","10.1016/j.jbankfin.2010.03.020","0378-4266","1872-6372","Journal of Banking & Finance","34","10","2439-2449","ELSEVIER SCIENCE BV","Finance","","Grundy, B. D. & Li, H. (2010). Investor sentiment, executive compensation, and corporate investment. Journal of Banking and Finance, 34 (10), pp.2439-2449. https://doi.org/10.1016/j.jbankfin.2010.03.020.","","","","2026-07-22T07:02:31.833+00:00"
"6864903c-0702-5075-b8ff-40d2f2c72f53","11343/29529","https://hdl.handle.net/11343/29529","Employee well-being, firm leverage, and bankruptcy risk","Verwijmeren, P; Derwall, J","Verwijmeren, Patrick","Verwijmeren, Patrick; 1439; 0000-0002-1437-0665","2010-05-01","2010","https://doi.org/10.1016/j.jbankfin.2009.10.006","2014-05-21T23:15:18Z","Journal Article","10.1016/j.jbankfin.2009.10.006","0378-4266","1872-6372","Journal of Banking & Finance","34","5","956-964","ELSEVIER","Finance","","Verwijmeren, P. & Derwall, J. (2010). Employee well-being, firm leverage, and bankruptcy risk. Journal of Banking and Finance, 34 (5), pp.956-964. https://doi.org/10.1016/j.jbankfin.2009.10.006.","","","","2026-07-05T19:30:56.550+00:00"
"e8838b4d-ac5c-5214-8f95-2204c4440679","11343/29528","https://hdl.handle.net/11343/29528","Index composition changes and the cost of incumbency","Gygax, AF; Otchere, I","Gygax, Andre","Gygax, Andre; 223; 0000-0001-7265-9400","2010-10-01","2010","https://doi.org/10.1016/j.jbankfin.2010.04.007","2014-05-21T23:15:11Z","Journal Article","10.1016/j.jbankfin.2010.04.007","0378-4266","1872-6372","Journal of Banking & Finance","34","10","2500-2509","ELSEVIER","Finance","","Gygax, A. F. & Otchere, I. (2010). Index composition changes and the cost of incumbency. Journal of Banking and Finance, 34 (10), pp.2500-2509. https://doi.org/10.1016/j.jbankfin.2010.04.007.","","","","2026-07-22T06:59:15.332+00:00"
"f09e649b-1856-5ca7-a193-e2f5a3cb9f7f","11343/29527","https://hdl.handle.net/11343/29527","Capital management in mutual financial institutions","Brown, C; Davis, K","Davis, Kevin; BROWN, CHRISTINE","Davis, Kevin; 4668; 0000-0002-5810-7172; BROWN, CHRISTINE; 33373","2009-03-01","2009","https://doi.org/10.1016/j.jbankfin.2008.08.016","2014-05-21T23:15:04Z","Journal Article","10.1016/j.jbankfin.2008.08.016","0378-4266","1872-6372","Journal of Banking & Finance","33","3","443-455","ELSEVIER","Finance","","Brown, C. & Davis, K. (2009). Capital management in mutual financial institutions. Journal of Banking and Finance, 33 (3), pp.443-455. https://doi.org/10.1016/j.jbankfin.2008.08.016.","","","","2026-07-13T19:57:31.821+00:00"
"a685bc64-c3be-574d-8f6a-87e262f56c55","11343/29525","https://hdl.handle.net/11343/29525","The sub-prime crisis down under","BROWN, C.; DAVIS, K.","BROWN, CHRISTINE; Davis, Kevin","","2008","2008","https://hdl.handle.net/11343/29525","2014-05-21T23:14:52Z","Journal Article","","1534-6668","","Journal of Applied Finance: theory, practice, education","18","Spring/Summer","16-28","","Finance","","","","","","2020-04-03T23:33:41.594+00:00"
"6b4ffc3b-9a5a-5907-b6b5-259acc255bd8","11343/29524","https://hdl.handle.net/11343/29524","Downturn credit portfolio risk, regulatory capital and prudential incentives","Roesch, D; SCHEULE, H","SCHEULE, HARALD","SCHEULE, HARALD; 13878","2010","2010","https://hdl.handle.net/11343/29524","2014-05-21T23:14:46Z","Journal Article","","1369-412X","","International Review of Finance","10","2","185-207","","Finance","","Roesch, D. & SCHEULE, H. (2010). Downturn credit portfolio risk, regulatory capital and prudential incentives. International Review of Finance, 10 (2), pp.185-207","","","","2026-07-18T22:37:49.902+00:00"
"9354f8a2-662b-511e-b7fe-698b800e0b3c","11343/29523","https://hdl.handle.net/11343/29523","The Role of Executive Stock Options in On‐Market Share Buybacks<sup>*</sup>","LAMBA, AS; MIRANDA, VM","Lamba, Asjeet","Lamba, Asjeet; 2727; 0000-0002-7541-967X","2010-09","2010","https://doi.org/10.1111/j.1468-2443.2010.01118.x","2014-05-21T23:14:40Z","Journal Article","10.1111/j.1468-2443.2010.01118.x","1369-412X","1468-2443","International Review of Finance","10","3","339-363","Wiley","Finance","","LAMBA, A. S. & MIRANDA, V. M. (2010). The Role of Executive Stock Options in On‐Market Share Buybacks<sup>*</sup>. International Review of Finance, 10 (3), pp.339-363. https://doi.org/10.1111/j.1468-2443.2010.01118.x.","","","","2026-07-17T12:38:54.665+00:00"
"6baf5718-deed-5da8-85f5-faa0fc6f9018","11343/29522","https://hdl.handle.net/11343/29522","The&nbsp;valuation effects of prime rate revisions: Is there an advantage of being first?","Ariff, M; LAMBA, A","Lamba, Asjeet","Lamba, Asjeet; 2727; 0000-0002-7541-967X","2006","2006","https://hdl.handle.net/11343/29522","2014-05-21T23:14:34Z","Journal Article","","1369-412X","","International Review of Finance","6","3/4","177-194","","Finance","","Ariff, M. & LAMBA, A. (2006). The&nbsp;valuation effects of prime rate revisions: Is there an advantage of being first?. International Review of Finance, 6 (3/4), pp.177-194","","","","2026-07-18T22:36:05.484+00:00"
"0206822e-64c3-5d8e-b219-b11936079c51","11343/29521","https://hdl.handle.net/11343/29521","Mismanagement or mismeasurement? Pitfalls and protocols for DEA studies in the financial services sector","BROWN, R.","Brown, Rayna","","2006","2006","https://hdl.handle.net/11343/29521","2014-05-21T23:14:28Z","Journal Article","","0377-2217","","European Journal of Operational Research","174","2","1100-1116","","Finance","","","","","","2020-04-03T23:33:04.069+00:00"
"d7010fb8-40cd-5efa-9f60-5dfeba2fbd6e","11343/29520","https://hdl.handle.net/11343/29520","Governance structures of initial public offerings in Australia","Shekhar, C; Stapledon, G","Shekhar, Chander; STAPLEDON, GEOFREY","Shekhar, Chander; 105; 0000-0003-4689-5172; STAPLEDON, GEOFREY; 10700","2007-01-01","2007","https://doi.org/10.1111/j.1467-8683.2007.00639.x","2014-05-21T23:14:22Z","Journal Article","10.1111/j.1467-8683.2007.00639.x","0964-8410","1467-8683","Corporate governance. An International Review","15","6","1177-1189","WILEY","Finance","","Shekhar, C. & Stapledon, G. (2007). Governance structures of initial public offerings in Australia. Corporate Governance an International Review, 15 (6), pp.1177-1189. https://doi.org/10.1111/j.1467-8683.2007.00639.x.","","","","2026-07-13T13:08:53.738+00:00"
"f16ea408-1ac2-55ef-a05f-686879e7f811","11343/29519","https://hdl.handle.net/11343/29519","Employee Entitlements and Secured Creditors: Assessing the Effects of the Maximum Priority Proposal","Anderson, J; Davis, K","Davis, Kevin","Davis, Kevin; 4668; 0000-0002-5810-7172","2009-01-01","2009","https://doi.org/10.1177/031289620903400104","2014-05-21T23:14:16Z","Journal Article","10.1177/031289620903400104","0312-8962","1327-2020","Australian Journal of Management","34","1","51-71","UNIV NEW SOUTH WALES, AUSTR GRAD SCH MANAGEMENT","Finance","","Anderson, J. & Davis, K. (2009). Employee Entitlements and Secured Creditors: Assessing the Effects of the Maximum Priority Proposal. Australian Journal of Management, 34 (1), pp.51-71. https://doi.org/10.1177/031289620903400104.","","","","2026-07-13T23:08:29.203+00:00"
"63b456a5-c8b1-52e6-893a-4e5da48d32a6","11343/29518","https://hdl.handle.net/11343/29518","Fund Size, Transaction Costs and Performance: Size Matters!","Chan, HWH; Faff, RW; Gallagher, DR; Looi, A","Chan, Howard","Chan, Howard; 13717; 0000-0001-9288-0727","2009-01-01","2009","https://doi.org/10.1177/031289620903400105","2014-05-21T23:14:08Z","Journal Article","10.1177/031289620903400105","0312-8962","1327-2020","Australian Journal of Management","34","1","73-96","UNIV NEW SOUTH WALES, AUSTR GRAD SCH MANAGEMENT","Finance","","Chan, H. W. H., Faff, R. W., Gallagher, D. R. & Looi, A. (2009). Fund Size, Transaction Costs and Performance: Size Matters!. Australian Journal of Management, 34 (1), pp.73-96. https://doi.org/10.1177/031289620903400105.","","","","2026-07-13T23:45:35.124+00:00"
"e7061878-9328-5e7d-a665-3586177dc48c","11343/29512","https://hdl.handle.net/11343/29512","Measurement of insider trading in wagering markets","Coleman, L","Coleman, Patrick","Coleman, Patrick; 5196; 0000-0002-2728-6139","2007-03-01","2007","https://doi.org/10.1080/09603100600675565","2014-05-21T23:13:32Z","Journal Article","10.1080/09603100600675565","0960-3107","1466-4305","Applied Financial Economics","17","5","351-356","Informa UK Limited","Finance","","Coleman, L. (2007). Measurement of insider trading in wagering markets. Applied Financial Economics, 17 (5), pp.351-356. https://doi.org/10.1080/09603100600675565.","","","","2026-06-28T19:55:14.316+00:00"
"b481a07d-0dc0-5169-a32b-23e5ad9befa1","11343/29509","https://hdl.handle.net/11343/29509","Pricing errors and estimates of risk premia in factor models","Sawyer, KR; Gygax, AF; Hazledine, M","Sawyer, Kim; Gygax, Andre; Hazledine, Matthew","Sawyer, Kim; 6884; 0000-0001-7049-9378; Gygax, Andre; 223; 0000-0001-7265-9400; Hazledine, Matthew; 58327","2010-07-01","2010","https://doi.org/10.1007/s10436-008-0116-4","2014-05-21T23:13:13Z","Journal Article","10.1007/s10436-008-0116-4","1614-2446","1614-2454","Annals of Finance","6","3","391-403","SPRINGER HEIDELBERG","Finance","","Sawyer, K. R., Gygax, A. F. & Hazledine, M. (2010). Pricing errors and estimates of risk premia in factor models. Annals of Finance, 6 (3), pp.391-403. https://doi.org/10.1007/s10436-008-0116-4.","","","","2026-07-15T14:48:13.455+00:00"
"c08c0c9d-830a-5446-bc39-f3015386b500","11343/29507","https://hdl.handle.net/11343/29507","The relation between R&D intensity and future market returns: Does expensing versus capitalization matter?","Chan, HWH; Faff, RW; Gharghori, P; Ho, YK","Chan, Howard","Chan, Howard; 13717; 0000-0001-9288-0727","2007-07-01","2007","https://doi.org/10.1007/s11156-007-0023-1","2014-05-21T23:13:02Z","Journal Article","10.1007/s11156-007-0023-1","0924-865X","1573-7179","Review of Quantitative Finance and Accounting","29","1","25-51","Springer Science and Business Media LLC","Finance","","Chan, H. W. H., Faff, R. W., Gharghori, P. & Ho, Y. K. (2007). The relation between R&D intensity and future market returns: Does expensing versus capitalization matter?. Review of Quantitative Finance and Accounting, 29 (1), pp.25-51. https://doi.org/10.1007/s11156-007-0023-1.","","","","2026-06-29T03:59:02.679+00:00"
"2fc2a85e-1906-5864-bf2a-ec12c960dc8c","11343/29506","https://hdl.handle.net/11343/29506","On the upper bound of a call option","Handley, JC","Handley, John","Handley, John; 14958; 0000-0003-0734-5119","2005-08-01","2005","https://doi.org/10.1007/s11147-005-0381-6","2014-05-21T23:12:56Z","Journal Article","10.1007/s11147-005-0381-6","1380-6645","1573-7144","Review of Derivatives Research","8","2","85-95","Springer Science and Business Media LLC","Finance","","Handley, J. C. (2005). On the upper bound of a call option. Review of Derivatives Research, 8 (2), pp.85-95. https://doi.org/10.1007/s11147-005-0381-6.","","","","2026-06-28T00:59:38.671+00:00"
"7251cf1c-0a37-5787-a8dd-df78d7a296b7","11343/29501","https://hdl.handle.net/11343/29501","Diversification, fee income, and credit union risk","Esho, N; Kofman, P; Sharpe, IG","Kofman, Paul","Kofman, Paul; 6753; 0000-0003-0479-5026","2005-09-01","2005","https://doi.org/10.1007/s10693-005-1804-0","2014-05-21T23:12:15Z","Journal Article","10.1007/s10693-005-1804-0","0920-8550","1573-0735","Journal of Financial Services Research","27","3","259-281","Springer Science and Business Media LLC","Finance","","Esho, N., Kofman, P. & Sharpe, I. G. (2005). Diversification, fee income, and credit union risk. Journal of Financial Services Research, 27 (3), pp.259-281. https://doi.org/10.1007/s10693-005-1804-0.","","","","2026-06-27T22:40:06.809+00:00"
"c6238a98-a3d5-5c1c-8ae3-7c8b8b37567e","11343/29129","https://hdl.handle.net/11343/29129","Measuring Contagion in the South‐East Asian Economic Crisis: An Exploration Using Artificial Neural Networks","Scott, C","SCOTT, CALLUM","","2006-12-01","2006","https://doi.org/10.1108/10309610680000684","2014-05-21T22:35:09Z","Journal Article","10.1108/10309610680000684","1030-9616","","Accounting Research Journal","19","2","139-152","Emerald","Finance","","Scott, C. (2006). Measuring Contagion in the South‐East Asian Economic Crisis: An Exploration Using Artificial Neural Networks. Accounting Research Journal, 19 (2), pp.139-152. https://doi.org/10.1108/10309610680000684.","","","","2026-07-17T15:08:13.043+00:00"
"5c73b8c4-2595-5cb1-841f-9259d41f8c76","11343/29125","https://hdl.handle.net/11343/29125","Australian evidence on the determinants and impact of takeover resistance","Maheswaran, K; Pinder, S","Pinder, Sean; MAHESWARAN, KOGULAKRISHNAN","Pinder, Sean; 321; 0000-0003-3083-6047; MAHESWARAN, KOGULAKRISHNAN; 33401","2005-12-01","2005","https://doi.org/10.1111/j.1467-629X.2005.00140.x","2014-05-21T22:34:47Z","Journal Article","10.1111/j.1467-629X.2005.00140.x","0810-5391","1467-629X","Accounting and Finance","45","4","613-633","Wiley","Finance","","Maheswaran, K. & Pinder, S. (2005). Australian evidence on the determinants and impact of takeover resistance. Accounting and Finance, 45 (4), pp.613-633. https://doi.org/10.1111/j.1467-629X.2005.00140.x.","","","","2026-06-28T08:53:52.145+00:00"
"4562ecd8-9e60-5a22-a068-76960b25151d","11343/29124","https://hdl.handle.net/11343/29124","Can the choice of interpolation method explain the difference between swap prices and futures prices?","Brown, R; Fang, V","Brown, Robert","Brown, Robert; 11184; 0000-0002-7424-4599","2005-07-01","2005","https://doi.org/10.1111/j.1467-629x.2004.00127.x","2014-05-21T22:34:42Z","Journal Article","10.1111/j.1467-629x.2004.00127.x","0810-5391","1467-629X","Accounting and Finance","45","2","199-216","Wiley","Finance","","Brown, R. & Fang, V. (2005). Can the choice of interpolation method explain the difference between swap prices and futures prices?. Accounting and Finance, 45 (2), pp.199-216. https://doi.org/10.1111/j.1467-629x.2004.00127.x.","","","","2026-06-27T20:45:37.783+00:00"
"aa0dbfeb-c97e-5dac-a06e-3c47c0e20f46","11343/29117","https://hdl.handle.net/11343/29117","Narratives in managers' corporate finance decisions","Coleman, L; Maheswaran, K; Pinder, S","Coleman, Patrick; Pinder, Sean; MAHESWARAN, KOGULAKRISHNAN","Coleman, Patrick; 5196; 0000-0002-2728-6139; Pinder, Sean; 321; 0000-0003-3083-6047; MAHESWARAN, KOGULAKRISHNAN; 33401","2010-09-01","2010","https://doi.org/10.1111/j.1467-629X.2010.00343.x","2014-05-21T22:34:02Z","Journal Article","10.1111/j.1467-629X.2010.00343.x","0810-5391","1467-629X","Accounting and Finance","50","3","605-633","WILEY","Finance","","Coleman, L., Maheswaran, K. & Pinder, S. (2010). Narratives in managers' corporate finance decisions. Accounting and Finance, 50 (3), pp.605-633. https://doi.org/10.1111/j.1467-629X.2010.00343.x.","","","","2026-07-15T15:11:23.306+00:00"
"ce10cc0e-d0f0-593c-9410-54121710831c","11343/29108","https://hdl.handle.net/11343/29108","The effects of forecast specificity on the asymmetric short-window share market response to management earnings forecasts","Chan, H; Faff, R; Ho, YK; Ramsay, A","Chan, Howard","Chan, Howard; 13717; 0000-0001-9288-0727","2009-09-13","2009","https://doi.org/10.1108/10309610911005572","2014-05-21T22:33:11Z","Journal Article","10.1108/10309610911005572","1030-9616","","Accounting Research Journal","22","3","237-261","Emerald","Finance","","Chan, H., Faff, R., Ho, Y. K. & Ramsay, A. (2009). The effects of forecast specificity on the asymmetric short-window share market response to management earnings forecasts. Accounting Research Journal, 22 (3), pp.237-261. https://doi.org/10.1108/10309610911005572.","","","","2026-07-15T13:14:37.034+00:00"
"f840f600-c121-571e-add8-726a81b49df0","11343/29105","https://hdl.handle.net/11343/29105","Re-examination of the historical equity risk premium in Australia","Brailsford, T; Handley, JC; Maheswaran, K","Handley, John","Handley, John; 14958; 0000-0003-0734-5119","2008-03-01","2008","https://doi.org/10.1111/j.1467-629X.2007.00231.x","2014-05-21T22:32:54Z","Journal Article","10.1111/j.1467-629X.2007.00231.x","0810-5391","1467-629X","Accounting and Finance","48","1","73-97","BLACKWELL PUBLISHING","Finance","","Brailsford, T., Handley, J. C. & Maheswaran, K. (2008). Re-examination of the historical equity risk premium in Australia. Accounting and Finance, 48 (1), pp.73-97. https://doi.org/10.1111/j.1467-629X.2007.00231.x.","","","","2026-06-29T14:06:19.717+00:00"
"0f42e149-5ec3-52eb-b583-ad8826ffbc0e","11343/29104","https://hdl.handle.net/11343/29104","Audit quality, auditor compensation and initial public offering underpricing","Chang, X; Gygax, AF; Oon, E; Zhang, HF","Gygax, Andre","Gygax, Andre; 223; 0000-0001-7265-9400","2008-09-01","2008","https://doi.org/10.1111/j.1467-629X.2008.00275.x","2014-05-21T22:32:49Z","Journal Article","10.1111/j.1467-629X.2008.00275.x","0810-5391","1467-629X","Accounting and Finance","48","3","391-416","WILEY","Finance","","Chang, X., Gygax, A. F., Oon, E. & Zhang, H. F. (2008). Audit quality, auditor compensation and initial public offering underpricing. Accounting and Finance, 48 (3), pp.391-416. https://doi.org/10.1111/j.1467-629X.2008.00275.x.","","","","2026-07-05T00:09:03.546+00:00"
"6105a873-1357-5568-a907-36390b5ddcde","11343/28057","https://hdl.handle.net/11343/28057","Understanding and representing the social prospects of hybrid urban spaces","Paay, J; Dave, B; Howard, S","DAVE, BHARAT; Howard, Stephen; PAAY, JENIECE MICHELLE","DAVE, BHARAT; 124; Howard, Stephen; 10909; PAAY, JENIECE MICHELLE; 99857","2007-01-01","2007","https://doi.org/10.1068/b3239","2014-05-21T21:06:14Z","Journal Article","10.1068/b3239","0265-8135","1472-3417","Environment and planning. B: Urban analytics and city science","34","3","446-465","PION LTD","Finance; Architecture Building and Planning","Business & Economics; Architecture, Building and Planning","Paay, J., Dave, B. & Howard, S. (2007). Understanding and representing the social prospects of hybrid urban spaces. Environment and Planning B Planning and Design, 34 (3), pp.446-465. https://doi.org/10.1068/b3239.","","","","2026-06-28T21:29:07.665+00:00"
"d067b0b3-96eb-58a2-85c1-521d36e7b809","11343/28009","https://hdl.handle.net/11343/28009","Intraday REIT liquidity","Bertin, W; Kofman, P; Michayluk, D; Prather, L","Kofman, Paul","Kofman, Paul; 6753; 0000-0003-0479-5026","2005-01-01","2005","https://doi.org/10.1080/10835547.2005.12091153","2014-05-21T21:02:46Z","Journal Article","10.1080/10835547.2005.12091153","0896-5803","2691-1175","Journal of Real Estate Research, The","27","2","155-176","Informa UK Limited","Finance","","Bertin, W., Kofman, P., Michayluk, D. & Prather, L. (2005). Intraday REIT liquidity. Journal of Real Estate Research, 27 (2), pp.155-176. https://doi.org/10.1080/10835547.2005.12091153.","","","","2026-06-27T06:20:41.256+00:00"
"4e46da84-39ba-5b5f-926a-75d1fe87a30c","11343/27938","https://hdl.handle.net/11343/27938","A Refutation of the Existence of the Other January Effect","Easton, S; PINDER, S","Pinder, Sean","Pinder, Sean; 321; 0000-0003-3083-6047","2007","2007","https://hdl.handle.net/11343/27938","2014-05-21T20:57:39Z","Journal Article","","1369-412X","","International Review of Finance","7","3-4","89-104","","Finance","","Easton, S. & PINDER, S. (2007). A Refutation of the Existence of the Other January Effect. International Review of Finance, 7 (3-4), pp.89-104","","","","2026-07-18T18:17:33.085+00:00"
"b2bef601-8075-5328-9f35-10a53dbf08b0","11343/27937","https://hdl.handle.net/11343/27937","Are the Fama-French Factors Proxying Default Risk?","Gharghori, P; Chan, H; Faff, R","Chan, Howard","Chan, Howard; 13717; 0000-0001-9288-0727","2007-01-01","2007","https://doi.org/10.1177/031289620703200204","2014-05-21T20:57:34Z","Journal Article","10.1177/031289620703200204","0312-8962","1327-2020","Australian Journal of Management","32","2","223-249","UNIV NEW SOUTH WALES, AUSTR GRAD SCH MANAGEMENT","Finance","","Gharghori, P., Chan, H. & Faff, R. (2007). Are the Fama-French Factors Proxying Default Risk?. Australian Journal of Management, 32 (2), pp.223-249. https://doi.org/10.1177/031289620703200204.","","","","2026-07-15T04:03:31.661+00:00"
"ab767b6e-6c9f-583c-b510-37b081a915d4","11343/27935","https://hdl.handle.net/11343/27935","Increasing correlations or just fat tails?","Campbell, RAJ; Forbes, CS; Koedijk, KG; Kofman, P","Kofman, Paul","Kofman, Paul; 6753; 0000-0003-0479-5026","2008-03-01","2008","https://doi.org/10.1016/j.jempfin.2007.01.001","2014-05-21T20:57:26Z","Journal Article","10.1016/j.jempfin.2007.01.001","0927-5398","1879-1727","Journal of Empirical Finance","15","2","287-309","ELSEVIER SCIENCE BV","Finance","","Campbell, R. A. J., Forbes, C. S., Koedijk, K. G. & Kofman, P. (2008). Increasing correlations or just fat tails?. Journal of Empirical Finance, 15 (2), pp.287-309. https://doi.org/10.1016/j.jempfin.2007.01.001.","","","","2026-06-29T11:50:39.945+00:00"
"a176d09d-002f-5e05-9d5f-cbb284df1eb0","11343/27934","https://hdl.handle.net/11343/27934","Integrating Stress Testing Frameworks","SCHEULE, H; Roesch,","SCHEULE, HARALD","SCHEULE, HARALD; 13878","2008","2008","https://hdl.handle.net/11343/27934","2014-05-21T20:57:22Z","Chapter","","","","Stress Testing for Financial Institutions- application, regulation and techniques","","","3-16","Risk Books","Finance","","SCHEULE, H. & Roesch, (2008). Integrating Stress Testing Frameworks. Stress Testing for Financial Institutions- application, regulation and techniques, (1), pp.3-16. Risk Books.","","","","2026-07-18T19:59:43.574+00:00"
"ca72b6b5-ea17-540c-a4c0-ac98ff0997cc","11343/27933","https://hdl.handle.net/11343/27933","The announcement effects of off-market share repurchases in Australia","Brown, C","BROWN, CHRISTINE","BROWN, CHRISTINE; 33373","2007-12","2007","https://doi.org/10.1177/031289620703200210","2014-05-21T20:57:18Z","Journal Article","10.1177/031289620703200210","0312-8962","1327-2020","Australian Journal of Management","32","2","369-385","UNIV NEW SOUTH WALES, AUSTR GRAD SCH MANAGEMENT","Finance","","Brown, C. (2007). The announcement effects of off-market share repurchases in Australia. AUSTRALIAN JOURNAL OF MANAGEMENT, 32 (2), pp.369-385. https://doi.org/10.1177/031289620703200210.","","","","2026-07-15T03:57:47.510+00:00"
"d632ac9b-fa8d-5629-9cd9-cd67210bcb70","11343/27931","https://hdl.handle.net/11343/27931","Dividend policy: Reconciling DD with MM","Handley, JC","Handley, John","Handley, John; 14958; 0000-0003-0734-5119","2008-02-01","2008","https://doi.org/10.1016/j.jfineco.2007.02.002","2014-05-21T20:57:10Z","Journal Article","10.1016/j.jfineco.2007.02.002","0304-405X","","Journal of Financial Economics","87","2","528-531","ELSEVIER SCIENCE SA","Finance","","Handley, J. C. (2008). Dividend policy: Reconciling DD with MM. Journal of Financial Economics, 87 (2), pp.528-531. https://doi.org/10.1016/j.jfineco.2007.02.002.","","","","2026-06-29T13:06:41.101+00:00"
"eae08bab-0a9e-5ada-95e4-901a2a3b3580","11343/27930","https://hdl.handle.net/11343/27930","An Empirical Test of the Pricing of VPO Contracts","Handley, JC","Handley, John","Handley, John; 14958; 0000-0003-0734-5119","2003-01-01","2003","https://doi.org/10.1177/031289620302800101","2014-05-21T20:57:06Z","Journal Article","10.1177/031289620302800101","0312-8962","1327-2020","Australian Journal of Management","28","1","1-21","SAGE Publications","Finance","","Handley, J. C. (2003). An Empirical Test of the Pricing of VPO Contracts. Australian Journal of Management, 28 (1), pp.1-21. https://doi.org/10.1177/031289620302800101.","","","","2026-07-08T22:00:22.712+00:00"
"414efcc5-d74d-5ac3-add6-13ae19a153d9","11343/27929","https://hdl.handle.net/11343/27929","Effect of Taxation on Equal Access Share Buybacks in Australia","BROWN, C; EFTHIM, KF","BROWN, CHRISTINE; EFTHIM, KATRINA FRANCES","BROWN, CHRISTINE; 33373; EFTHIM, KATRINA FRANCES; 96790","2006","2006","https://hdl.handle.net/11343/27929","2014-05-21T20:57:02Z","Journal Article","","1369-412X","","International Review of Finance","5","3-4","199-218","","Finance","","BROWN, C. & EFTHIM, K. F. (2006). Effect of Taxation on Equal Access Share Buybacks in Australia. International Review of Finance, 5 (3-4), pp.199-218","","","","2026-07-18T15:22:18.844+00:00"
"9c2addcf-458c-53f2-a15a-9a0e0f8513ba","11343/27926","https://hdl.handle.net/11343/27926","Using Multiple Imputation in the Analysis of Incomplete Observations in Finance","Kofman, P","Kofman, Paul","Kofman, Paul; 6753; 0000-0003-0479-5026","2003-06-01","2003","https://doi.org/10.1093/jjfinec/nbg013","2014-05-21T20:56:50Z","Journal Article","10.1093/jjfinec/nbg013","1479-8409","1479-8417","Journal of Financial Econometrics","1","2","216-249","Oxford University Press (OUP)","Finance","","Kofman, P. (2003). Using Multiple Imputation in the Analysis of Incomplete Observations in Finance. Journal of Financial Econometrics, 1 (2), pp.216-249. https://doi.org/10.1093/jjfinec/nbg013.","","","","2026-07-01T10:31:59.733+00:00"
"ac86f05b-c024-56cf-9b1f-e23c8b724843","11343/27925","https://hdl.handle.net/11343/27925","Asymmetric market reactions of growth and value firms with management earnings forecasts","CHAN, H; Faff, R; Ho, YK; Ramsay, A","Chan, Howard","Chan, Howard; 13717; 0000-0001-9288-0727","2007","2007","https://hdl.handle.net/11343/27925","2014-05-21T20:56:46Z","Journal Article","","1369-412X","","International Review of Finance","6","1-2","79-97","","Finance","","CHAN, H., Faff, R., Ho, Y. K. & Ramsay, A. (2007). Asymmetric market reactions of growth and value firms with management earnings forecasts. International Review of Finance, 6 (1-2), pp.79-97","","","","2026-07-18T17:00:46.832+00:00"
"ed25e9a5-f29b-5558-b7ab-79eb531333bc","11343/27924","https://hdl.handle.net/11343/27924","DESIGNING BANKING SECTOR SAFETY NETS: THE AUSTRALIAN EXPERIENCE","Davis, K","Davis, Kevin","Davis, Kevin; 4668; 0000-0002-5810-7172","2005","2005","https://doi.org/10.1007/0-387-24563-4_5","2014-05-21T20:56:42Z","Chapter","10.1007/0-387-24563-4_5","","","CAPITAL MARKETS, GLOBALIZATION, AND ECONOMIC DEVELOPMENT","15","","45-58","SPRINGER","Finance","","Davis, K. (2005). DESIGNING BANKING SECTOR SAFETY NETS: THE AUSTRALIAN EXPERIENCE. Gup, BE (Ed.). CAPITAL MARKETS, GLOBALIZATION, AND ECONOMIC DEVELOPMENT, (1), 15, pp.45-58. SPRINGER.","","","","2026-07-17T06:47:22.571+00:00"
"cb15a7c5-cac5-54e7-b497-7c944633e543","11343/27741","https://hdl.handle.net/11343/27741","Equilibrium stock return dynamics under alternative rules of learning about hidden states","Brandt, MW; Zeng, Q; Zhang, L","Zeng, Qi","Zeng, Qi; 11502; 0000-0003-1228-0794","2004-09-01","2004","https://doi.org/10.1016/j.jedc.2003.09.003","2014-05-21T20:44:29Z","Journal Article","10.1016/j.jedc.2003.09.003","0165-1889","1879-1743","Journal of Economic Dynamics and Control","28","10","1925-1954","ELSEVIER","Economics & Commerce - Finance","","Brandt, M. W., Zeng, Q. & Zhang, L. (2004). Equilibrium stock return dynamics under alternative rules of learning about hidden states. Journal of Economic Dynamics and Control, 28 (10), pp.1925-1954. https://doi.org/10.1016/j.jedc.2003.09.003.","","","","2026-06-27T14:47:03.669+00:00"
"b2ac7ce9-132b-55f1-b1ef-37757aad5578","11343/27726","https://hdl.handle.net/11343/27726","Appraisal smoothing and price discovery in real estate markets","Geltner, D; MacGregor, BD; Schwann, GM","Schwann, Gregory","Schwann, Gregory; 15317; 0000-0001-6224-8237","2003-05-01","2003","https://doi.org/10.1080/0042098032000074317","2014-05-21T20:43:29Z","Journal Article","10.1080/0042098032000074317","0042-0980","1360-063X","Urban Studies","40","5-6","1047-1064","CARFAX PUBLISHING","Economics & Commerce - Finance","","Geltner, D., MacGregor, B. D. & Schwann, G. M. (2003). Appraisal smoothing and price discovery in real estate markets. Urban Studies, 40 (5-6), pp.1047-1064. https://doi.org/10.1080/0042098032000074317.","","","","2026-06-26T08:47:34.254+00:00"
"66956db9-ff2e-5918-8949-003261630da4","11343/27725","https://hdl.handle.net/11343/27725","News Effects and Structural Shifts in Price Discovery in Hong Kong","Schwann, GM; Crau, KW","Schwann, Gregory","Schwann, Gregory; 15317; 0000-0001-6224-8237","2003-09-01","2003","https://doi.org/10.1023/A:1024732521745","2014-05-21T20:43:25Z","Journal Article","10.1023/A:1024732521745","0895-5638","1573-045X","Journal of Real Estate Finance and Economics","27","2","257-271","KLUWER ACADEMIC PUBL","Economics & Commerce - Finance","","Schwann, G. M. & Crau, K. W. (2003). News Effects and Structural Shifts in Price Discovery in Hong Kong. Journal of Real Estate Finance and Economics, 27 (2), pp.257-271. https://doi.org/10.1023/A:1024732521745.","","","","2026-06-26T08:44:41.387+00:00"
"eced601f-5505-55ec-95ad-fbbe4c203ae9","11343/27698","https://hdl.handle.net/11343/27698","Personal residential real estate investment in Australia: Investor characteristics and investment parameters","Brown, RM; Schwann, G; Scott, C","Brown, Rayna; Schwann, Gregory","Brown, Rayna; 2275; Schwann, Gregory; 15317; 0000-0001-6224-8237","2008-03-01","2008","https://doi.org/10.1111/j.1540-6229.2008.00210.x","2014-05-21T20:41:42Z","Journal Article","10.1111/j.1540-6229.2008.00210.x","1080-8620","1540-6229","Real Estate Economics","36","1","139-173","WILEY","Economics & Commerce - Finance","","Brown, R. M., Schwann, G. & Scott, C. (2008). Personal residential real estate investment in Australia: Investor characteristics and investment parameters. Real Estate Economics, 36 (1), pp.139-173. https://doi.org/10.1111/j.1540-6229.2008.00210.x.","","","","2026-06-29T11:25:57.798+00:00"
"5bae7c12-3251-500c-a258-6d67fc34a076","11343/27680","https://hdl.handle.net/11343/27680","Financial regulation after the global financial crisis","Davis, K","Davis, Kevin","Davis, Kevin; 4668; 0000-0002-5810-7172","2009-12-01","2009","https://doi.org/10.1111/j.1467-8462.2009.00568.x","2014-05-21T20:40:34Z","Journal Article","10.1111/j.1467-8462.2009.00568.x","0004-9018","1467-8462","Australian Economic Review, The","42","4","453-456","WILEY-BLACKWELL PUBLISHING, INC","Finance","","Davis, K. (2009). Financial regulation after the global financial crisis. Australian Economic Review, 42 (4), pp.453-456. https://doi.org/10.1111/j.1467-8462.2009.00568.x.","","","","2026-07-15T13:26:52.893+00:00"
"ce9d35b1-8a2a-52d6-91f3-43e3ed6c6b24","11343/27679","https://hdl.handle.net/11343/27679","Where has all the Money Gone?","Davis, K","Davis, Kevin","Davis, Kevin; 4668; 0000-0002-5810-7172","2009-09-01","2009","https://doi.org/10.1111/j.1759-3441.2009.00028.x","2014-05-21T20:40:30Z","Journal Article","10.1111/j.1759-3441.2009.00028.x","0812-0439","1759-3441","Economic Papers","28","3","217-225","WILEY","Finance","","Davis, K. (2009). Where has all the Money Gone?. Economic Papers, 28 (3), pp.217-225. https://doi.org/10.1111/j.1759-3441.2009.00028.x.","","","","2026-07-17T11:53:50.182+00:00"
