name,orcid,source_id,journal_name,title,year,author_count,authors,doi,article_url,link,quality_rank,sjr_quartile,citation_percentile,cited_by_count,fwci,oa_status,oa_url,publication_status,source
Susan Thorp,0000-0003-3462-0876,,Numeracy,Financial Literacy and Retirement Planning in Australia,2013,3.0,Julie R. Agnew; Hazel Bateman; Susan Thorp,10.5038/1936-4660.6.2.7,https://doi.org/10.5038/1936-4660.6.2.7,https://doi.org/10.5038/1936-4660.6.2.7,,Q4,,,,,,published,Numeracy
Susan Thorp,0000-0003-3462-0876,,Management Science,First Impressions Matter: An Experimental Investigation of Online Financial Advice,2016,6.0,Julie R. Agnew; Hazel Bateman; Christine Eckert; Fedor Iskhakov; Jordan J. Louviere; Susan Thorp,10.1287/mnsc.2016.2590,https://doi.org/10.1287/mnsc.2016.2590,https://doi.org/10.1287/mnsc.2016.2590,A*,Q1,,,,,,published,Management Science
Susan Thorp,0000-0003-3462-0876,,The Economic Record,Financial Competence and Expectations Formation: Evidence from Australia*,2011,6.0,Hazel Bateman; Christine Eckert; John Geweke; Jordan J. Louviere; Susan Thorp; Stephen Satchell,10.1111/j.1475-4932.2011.00766.x,https://doi.org/10.1111/j.1475-4932.2011.00766.x,https://doi.org/10.1111/j.1475-4932.2011.00766.x,A,Q2,,,,,,published,Economic Record
Susan Thorp,0000-0003-3462-0876,,"Journal of International Financial Markets, Institutions and Money","Financialization, crisis and commodity correlation dynamics",2012,2.0,Annastiina Silvennoinen; Susan Thorp,10.1016/j.intfin.2012.11.007,https://doi.org/10.1016/j.intfin.2012.11.007,https://doi.org/10.1016/j.intfin.2012.11.007,A,Q1,,,,,,published,Journal of International Financial Markets Institutions and Money
Susan Thorp,0000-0003-3462-0876,,Journal of Pension Economics and Finance,Annuitization and asset allocation with HARA utility,2005,2.0,Geoffrey Kingston; Susan Thorp,10.1017/s1474747205002088,https://doi.org/10.1017/s1474747205002088,https://doi.org/10.1017/s1474747205002088,B,Q2,,,,,,published,Journal of Pensions Economics and Finance
Susan Thorp,0000-0003-3462-0876,,Journal of Banking & Finance,Unobservable shocks as carriers of contagion,2009,3.0,Mardi Dungey; George Milunovich; Susan Thorp,10.1016/j.jbankfin.2009.11.006,https://doi.org/10.1016/j.jbankfin.2009.11.006,https://doi.org/10.1016/j.jbankfin.2009.11.006,A*,Q1,,,,,,published,Journal of Banking & Finance
Susan Thorp,0000-0003-3462-0876,,The Journal of Futures Markets,Crude Oil and Agricultural Futures: An Analysis of Correlation Dynamics,2016,2.0,Annastiina Silvennoinen; Susan Thorp,10.1002/fut.21770,https://doi.org/10.1002/fut.21770,https://doi.org/10.1002/fut.21770,A,Q2,,,,,,published,Journal of Futures Markets
Susan Thorp,0000-0003-3462-0876,,Journal of Economic Dynamics and Control,Cohort and target age effects on subjective survival probabilities: Implications for models of the retirement phase,2015,3.0,Shang Wu; Ralph Stevens; Susan Thorp,10.1016/j.jedc.2015.03.003,https://doi.org/10.1016/j.jedc.2015.03.003,https://doi.org/10.1016/j.jedc.2015.03.003,A*,Q1,,,,,,published,Journal of Economic Dynamics and Control
Susan Thorp,0000-0003-3462-0876,,Journal of Behavioral Finance,Retirement Investor Risk Tolerance in Tranquil and Crisis Periods: Experimental Survey Evidence,2011,5.0,Hazel Bateman; Towhidul Islam; Jordan J. Louviere; Stephen Satchell; Susan Thorp,10.1080/15427560.2011.620199,https://doi.org/10.1080/15427560.2011.620199,https://doi.org/10.1080/15427560.2011.620199,A,,,,,,,published,Journal of Behavioral Finance
Susan Thorp,0000-0003-3462-0876,,Journal of Economic Behavior and Organization,One size fits all? Tailoring retirement plan defaults,2017,5.0,Adam Butt; M. Scott Donald; F. Douglas Foster; Susan Thorp; Geoffrey J. Warren,10.1016/j.jebo.2017.11.022,https://doi.org/10.1016/j.jebo.2017.11.022,https://doi.org/10.1016/j.jebo.2017.11.022,A*,Q1,,,,,,published,Journal of Economic Behavior & Organization
Susan Thorp,0000-0003-3462-0876,,The Economic Record,Just Interested or Getting Involved? An Analysis of Superannuation Attitudes and Actions,2014,6.0,Hazel Bateman; J. Deetlefs; Loretti Dobrescu; Ben R. Newell; Andreas Ortmann; Susan Thorp,10.1111/1475-4932.12107,https://doi.org/10.1111/1475-4932.12107,https://doi.org/10.1111/1475-4932.12107,A,Q2,,,,,,published,Economic Record
Susan Thorp,0000-0003-3462-0876,,The Economic Journal,Retirement Savings: A Tale of Decisions and Defaults,2016,6.0,Loretti Dobrescu; Xiaodong Fan; Hazel Bateman; Ben R. Newell; Andreas Ortmann; Susan Thorp,10.1111/ecoj.12447,https://doi.org/10.1111/ecoj.12447,https://doi.org/10.1111/ecoj.12447,A*,Q1,,,,,,published,The Economic Journal
Susan Thorp,0000-0003-3462-0876,,The Economic Record,"Means‐Tested Public Pensions, Portfolio Choice and Decumulation in Retirement*",2013,4.0,Hardy Hulley; Rebecca McKibbin; Andreas Pedersen; Susan Thorp,10.1111/ecor.12002,https://doi.org/10.1111/ecor.12002,https://doi.org/10.1111/ecor.12002,A,Q2,,,,,,published,Economic Record
Susan Thorp,0000-0003-3462-0876,,European Financial Management,Infrastructure: Real Assets and Real Returns,2012,3.0,Ron Bird; Harry Liem; Susan Thorp,10.1111/j.1468-036x.2012.00650.x,https://doi.org/10.1111/j.1468-036x.2012.00650.x,https://doi.org/10.1111/j.1468-036x.2012.00650.x,A,Q1,,,,,,published,European Financial Management
Susan Thorp,0000-0003-3462-0876,,Journal of Banking & Finance,"Determinants of the crude oil futures curve: Inventory, consumption and volatility",2017,4.0,Christina Sklibosios Nikitopoulos; Matthew Squires; Susan Thorp; Danny Yeung,10.1016/j.jbankfin.2017.07.006,https://doi.org/10.1016/j.jbankfin.2017.07.006,https://doi.org/10.1016/j.jbankfin.2017.07.006,A*,Q1,,,,,,published,Journal of Banking & Finance
Susan Thorp,0000-0003-3462-0876,,Australian Journal of Management,"Age pensioner decumulation: Responses to incentives, uncertainty and family need",2017,4.0,Anthony Asher; Ramona Meyricke; Susan Thorp; Shang Wu,10.1177/0312896216682577,https://doi.org/10.1177/0312896216682577,https://doi.org/10.1177/0312896216682577,A,Q1,,,,,,published,Australian Journal of Management
Susan Thorp,0000-0003-3462-0876,,Journal of Risk and Insurance,Individual Capability and Effort in Retirement Benefit Choice,2016,6.0,Hazel Bateman; Christine Eckert; Fedor Iskhakov; Jordan J. Louviere; Stephen Satchell; Susan Thorp,10.1111/jori.12162,https://doi.org/10.1111/jori.12162,https://doi.org/10.1111/jori.12162,A,Q1,,,,,,published,Journal of Risk & Insurance
Susan Thorp,0000-0003-3462-0876,,Journal of Pension Economics and Finance,"Financial competence, risk presentation and retirement portfolio preferences",2013,6.0,Hazel Bateman; Christine Eckert; John Geweke; Jordan J. Louviere; Stephen Satchell; Susan Thorp,10.1017/s1474747213000188,https://doi.org/10.1017/s1474747213000188,https://doi.org/10.1017/s1474747213000188,B,Q2,,,,,,published,Journal of Pensions Economics and Finance
Susan Thorp,0000-0003-3462-0876,,The Economic Record,Optimal Annuity Purchases for Australian Retirees,2015,3.0,Fedor Iskhakov; Susan Thorp; Hazel Bateman,10.1111/1475-4932.12183,https://doi.org/10.1111/1475-4932.12183,https://doi.org/10.1111/1475-4932.12183,A,Q2,,,,,,published,Economic Record
Susan Thorp,0000-0003-3462-0876,,Australian Journal of Management,Default and naive diversification heuristics in annuity choice,2016,6.0,Hazel Bateman; Christine Eckert; Fedor Iskhakov; Jordan J. Louviere; Stephen Satchell; Susan Thorp,10.1177/0312896215617225,https://doi.org/10.1177/0312896215617225,https://doi.org/10.1177/0312896215617225,A,Q1,,,,,,published,Australian Journal of Management
Susan Thorp,0000-0003-3462-0876,,Journal of Pension Economics and Finance,Decentralized investment management: an analysis of non-profit pension funds,2007,2.0,Hazel Bateman; Susan Thorp,10.1017/s1474747206002484,https://doi.org/10.1017/s1474747206002484,https://doi.org/10.1017/s1474747206002484,B,Q2,,,,,,published,Journal of Pensions Economics and Finance
Susan Thorp,0000-0003-3462-0876,,The Economic Record,Superannuation in Australia: A Survey of the Literature,2018,2.0,Geoffrey Kingston; Susan Thorp,10.1111/1475-4932.12443,https://doi.org/10.1111/1475-4932.12443,https://doi.org/10.1111/1475-4932.12443,A,Q2,,,,,,published,Economic Record
Susan Thorp,0000-0003-3462-0876,,Journal of the Economics of Ageing,Determinants of early-access to retirement savings: Lessons from the COVID-19 pandemic,2023,5.0,Hazel Bateman; Loretti Dobrescu; Liu Junhao; Ben R. Newell; Susan Thorp,10.1016/j.jeoa.2023.100441,https://doi.org/10.1016/j.jeoa.2023.100441,https://doi.org/10.1016/j.jeoa.2023.100441,B,Q2,,,,,,published,The Journal of the Economics of Ageing
Susan Thorp,0000-0003-3462-0876,,Journal of Financial Literacy and Wellbeing,"Feeling comfortable with a mortgage: The impact of framing, financial literacy and advice",2023,6.0,Susan Thorp; Liu Junhao; Julie R. Agnew; Hazel Bateman; Christine Eckert; Fedor Iskhakov,10.1017/flw.2023.3,https://doi.org/10.1017/flw.2023.3,https://doi.org/10.1017/flw.2023.3,,,,,,,,published,Journal of Financial Literacy and Wellbeing
Susan Thorp,0000-0003-3462-0876,,Global Finance Journal,Valuing volatility spillovers,2006,2.0,George Milunovich; Susan Thorp,10.1016/j.gfj.2006.06.007,https://doi.org/10.1016/j.gfj.2006.06.007,https://doi.org/10.1016/j.gfj.2006.06.007,A,Q1,,,,,,published,Global Finance Journal
Susan Thorp,0000-0003-3462-0876,,European Finance Review,Risk Presentation and Portfolio Choice,2015,6.0,Hazel Bateman; Christine Eckert; John Geweke; Jordan J. Louviere; Stephen Satchell; Susan Thorp,10.1093/rof/rfv001,https://doi.org/10.1093/rof/rfv001,https://doi.org/10.1093/rof/rfv001,,,,,,,,published,European Finance Review
Susan Thorp,0000-0003-3462-0876,,Journal of Consumer Affairs,Investment Decisions for Retirement Savings,2010,5.0,Hazel Bateman; Jordan J. Louviere; Susan Thorp; Towhidul Islam; Stephen Satchell,10.1111/j.1745-6606.2010.01178.x,https://doi.org/10.1111/j.1745-6606.2010.01178.x,https://doi.org/10.1111/j.1745-6606.2010.01178.x,A,Q1,,,,,,published,Journal of Consumer Affairs
Susan Thorp,0000-0003-3462-0876,,Journal of Financial Research,SYMMETRIC VERSUS ASYMMETRIC CONDITIONAL COVARIANCE FORECASTS: DOES IT PAY TO SWITCH?,2007,2.0,Susan Thorp; George Milunovich,10.1111/j.1475-6803.2007.00218.x,https://doi.org/10.1111/j.1475-6803.2007.00218.x,https://doi.org/10.1111/j.1475-6803.2007.00218.x,A,Q2,,,,,,published,The Journal of Financial Research
Susan Thorp,0000-0003-3462-0876,,Accounting and Finance,Design of M y S uper default funds: influences and outcomes,2015,5.0,Adam Butt; M. Scott Donald; F. Douglas Foster; Susan Thorp; Geoffrey J. Warren,10.1111/acfi.12134,https://doi.org/10.1111/acfi.12134,https://doi.org/10.1111/acfi.12134,A,Q1,,,,,,published,Accounting and Finance
Susan Thorp,0000-0003-3462-0876,,Journal of Banking & Finance,Flicking the switch: Simplifying disclosure to improve retirement plan choices,2020,5.0,Susan Thorp; Hazel Bateman; Loretti Dobrescu; Ben R. Newell; Andreas Ortmann,10.1016/j.jbankfin.2020.105955,https://doi.org/10.1016/j.jbankfin.2020.105955,https://doi.org/10.1016/j.jbankfin.2020.105955,A*,Q1,,,,,,published,Journal of Banking & Finance
Susan Thorp,0000-0003-3462-0876,,Journal of Risk and Insurance,Flexible insurance for long‐term care: A study of stated preferences,2022,4.0,Shang Wu; Hazel Bateman; Ralph Stevens; Susan Thorp,10.1111/jori.12379,https://doi.org/10.1111/jori.12379,https://doi.org/10.1111/jori.12379,A,Q1,,,,,,published,Journal of Risk & Insurance
Susan Thorp,0000-0003-3462-0876,,Journal of Behavioral and Experimental Finance,"Defaults, disclosures, advice and calculators: One size does not fit all",2022,5.0,Nathan Wang-Ly; Hazel Bateman; Isabella Dobrescu; Ben R. Newell; Susan Thorp,10.1016/j.jbef.2022.100690,https://doi.org/10.1016/j.jbef.2022.100690,https://doi.org/10.1016/j.jbef.2022.100690,A,Q1,,,,,,published,Journal of Behavioral and Experimental Finance
Susan Thorp,0000-0003-3462-0876,,Journal of Banking & Finance,Reducing credit card delinquency using repayment reminders,2022,3.0,Daniel Campbell; Andrew Grant; Susan Thorp,10.1016/j.jbankfin.2022.106549,https://doi.org/10.1016/j.jbankfin.2022.106549,https://doi.org/10.1016/j.jbankfin.2022.106549,A*,Q1,,,,,,published,Journal of Banking & Finance
Susan Thorp,0000-0003-3462-0876,,Australian Journal of Management,Who starts a self-managed superannuation fund and why?,2018,6.0,Ron Bird; F. Douglas Foster; Jack Gray; Adrian Raftery; Susan Thorp; Danny Yeung,10.1177/0312896217747331,https://doi.org/10.1177/0312896217747331,https://doi.org/10.1177/0312896217747331,A,Q1,,,,,,published,Australian Journal of Management
Susan Thorp,0000-0003-3462-0876,,Journal of Economic Behavior and Organization,The impact of mortgage broker use on borrower confusion and preferences,2024,6.0,Sol Chung; Julie R. Agnew; Hazel Bateman; Christine Eckert; Junhao Liu; Susan Thorp,10.1016/j.jebo.2024.05.016,https://doi.org/10.1016/j.jebo.2024.05.016,https://doi.org/10.1016/j.jebo.2024.05.016,A*,Q1,,,,,,published,Journal of Economic Behavior & Organization
Susan Thorp,0000-0003-3462-0876,,Journal of Behavioral and Experimental Finance,Undefined benefit: Projections and anchors as guides to retirement decumulation,2025,6.0,Ben R. Newell; Hazel Bateman; Loretti Dobrescu; Jake Ryan Embrey; Rochelle Nian; Susan Thorp,10.1016/j.jbef.2025.101113,https://doi.org/10.1016/j.jbef.2025.101113,https://doi.org/10.1016/j.jbef.2025.101113,A,Q1,,,,,,published,Journal of Behavioral and Experimental Finance
Susan Thorp,0000-0003-3462-0876,,Human Evolution,"Pattern of dental eruption, skeletal maturation and stress in a Medieval Population from Sudanese Nubia",1986,3.0,Kim Moore; Susan Thorp; D. P. Van Gerven,10.1007/bf02436706,https://doi.org/10.1007/bf02436706,https://doi.org/10.1007/bf02436706,,Q4,,,,,,published,Human Evolution
Susan Thorp,0000-0003-3462-0876,,The Economic Record,Choices and Constraints over Retirement Income Streams: Comparing Rules and Regulations*,2008,2.0,Hazel Bateman; Susan Thorp,10.1111/j.1475-4932.2008.00480.x,https://doi.org/10.1111/j.1475-4932.2008.00480.x,https://doi.org/10.1111/j.1475-4932.2008.00480.x,A,Q2,,,,,,published,Economic Record
Susan Thorp,0000-0003-3462-0876,,Emerging Markets Review,Immunity and infection: Emerging and developed market sovereign spreads over the Global Financial Crisis,2017,3.0,Edgardo Cayón; Susan Thorp; Eliza Wu,10.1016/j.ememar.2017.11.006,https://doi.org/10.1016/j.ememar.2017.11.006,https://doi.org/10.1016/j.ememar.2017.11.006,A,Q1,,,,,,published,Emerging Markets Review
Susan Thorp,0000-0003-3462-0876,,Journal of Consumer Affairs,Explaining consumers' progress through life insurance decision states: The role of personal values and consumer characteristics,2023,4.0,Hazel Bateman; Paul Gerrans; Susan Thorp; Yunbo Zeng,10.1111/joca.12524,https://doi.org/10.1111/joca.12524,https://doi.org/10.1111/joca.12524,A,Q1,,,,,,published,Journal of Consumer Affairs
Susan Thorp,0000-0003-3462-0876,,unknown,Understanding how consumers make financial choices,2014,3.0,Hazel Bateman; Jordan J. Louviere; Susan Thorp,10.4324/9780203517390.ch4,https://doi.org/10.4324/9780203517390.ch4,https://doi.org/10.4324/9780203517390.ch4,,,,,,,,published,
Susan Thorp,0000-0003-3462-0876,,Australian Journal of Management,Experiences of current and former members of self-managed superannuation funds,2020,6.0,Susan Thorp; Ron Bird; F. Douglas Foster; Jack Gray; Adrian Raftery; Danny Yeung,10.1177/0312896220936338,https://doi.org/10.1177/0312896220936338,https://doi.org/10.1177/0312896220936338,A,Q1,,,,,,published,Australian Journal of Management
Susan Thorp,0000-0003-3462-0876,,The Journal of Portfolio Management,The Tortoise and the Hare: Risk Premiumversus Alternative Asset Portfolios,2013,3.0,Ron Bird; Harry Liem; Susan Thorp,10.3905/jpm.2013.39.3.112,https://doi.org/10.3905/jpm.2013.39.3.112,https://doi.org/10.3905/jpm.2013.39.3.112,A,Q2,,,,,,published,The Journal of Portfolio Management
Susan Thorp,0000-0003-3462-0876,,Insurance: Mathematics & Economics,The private value of public pensions,2008,2.0,Konstantin Petrichev; Susan Thorp,10.1016/j.insmatheco.2008.03.002,https://doi.org/10.1016/j.insmatheco.2008.03.002,https://doi.org/10.1016/j.insmatheco.2008.03.002,A*,Q1,,,,,,published,Insurance Mathematics and Economics
Susan Thorp,0000-0003-3462-0876,,Emerging Markets Finance and Trade,Financial Autarchy as Contagion Prevention: The Case of Colombian Pension Funds,2014,2.0,Edgardo Cayón; Susan Thorp,10.2753/ree1540-496x5003s307,https://doi.org/10.2753/ree1540-496x5003s307,https://doi.org/10.2753/ree1540-496x5003s307,B,,,,,,,published,Emerging Markets Finance and Trade
Susan Thorp,0000-0003-3462-0876,,Journal of Banking & Finance,Endogenous crisis dating and contagion using smooth transition structural GARCH,2015,4.0,Mardi Dungey; George Milunovich; Susan Thorp; Minxian Yang,10.1016/j.jbankfin.2015.04.006,https://doi.org/10.1016/j.jbankfin.2015.04.006,https://doi.org/10.1016/j.jbankfin.2015.04.006,A*,Q1,,,,,,published,Journal of Banking & Finance
Susan Thorp,0000-0003-3462-0876,,Australian Economic Papers,VAR FORECASTING MODELS OF THE AUSTRALIAN ECONOMY: A PRELIMINARY ANALYSIS*,1988,2.0,Robert G. Trevor; Susan Thorp,10.1111/j.1467-8454.1988.tb00697.x,https://doi.org/10.1111/j.1467-8454.1988.tb00697.x,https://doi.org/10.1111/j.1467-8454.1988.tb00697.x,B,Q2,,,,,,published,Australian Economic Papers
Susan Thorp,0000-0003-3462-0876,,The Economic Record,'That Courage is not Inconsistent with Caution': Currency Hedging for Superannuation Funds*,2005,1.0,Susan Thorp,10.1111/j.1475-4932.2005.00215.x,https://doi.org/10.1111/j.1475-4932.2005.00215.x,https://doi.org/10.1111/j.1475-4932.2005.00215.x,A,Q2,,,,,,published,Economic Record
Susan Thorp,0000-0003-3462-0876,,Teaching Statistics,An Array of Online Teaching Tools,2009,3.0,Stephen Bush; Gordon Menzies; Susan Thorp,10.1111/j.1467-9639.2009.00354.x,https://doi.org/10.1111/j.1467-9639.2009.00354.x,https://doi.org/10.1111/j.1467-9639.2009.00354.x,,Q2,,,,,,published,Teaching Statistics
Susan Thorp,0000-0003-3462-0876,,Journal of Multinational Financial Management,"Measuring equity market integration using uncorrelated information flows: Tokyo, London and New York",2007,2.0,George Milunovich; Susan Thorp,10.1016/j.mulfin.2007.02.001,https://doi.org/10.1016/j.mulfin.2007.02.001,https://doi.org/10.1016/j.mulfin.2007.02.001,B,Q1,,,,,,published,Journal of Multinational Financial Management
Susan Thorp,0000-0003-3462-0876,,Journal of Population Economics,Uncertain survival and time discounting: intertemporal consumption plans for family trusts,2009,2.0,Stephen Satchell; Susan Thorp,10.1007/s00148-009-0297-9,https://doi.org/10.1007/s00148-009-0297-9,https://doi.org/10.1007/s00148-009-0297-9,A*,Q1,,,,,,published,Journal of Population Economics
Susan Thorp,0000-0003-3462-0876,,Law and Financial Markets Review,The Australian superannuation system post Stronger Super: views from fund executives,2015,5.0,Adam Butt; M. Scott Donald; F. Douglas Foster; Susan Thorp; Geoffrey J. Warren,10.1080/17521440.2015.1052668,https://doi.org/10.1080/17521440.2015.1052668,https://doi.org/10.1080/17521440.2015.1052668,B,Q3,,,,,,published,Law and Financial Markets Review
Susan Thorp,0000-0003-3462-0876,,Practical Applications,Practical Applications of The Tortoise and the Hare: Risk Premium versus Alternative Asset Portfolios,2014,3.0,Ron Bird; Harry Liem; Susan Thorp,10.3905/pa.2014.2.1.054,https://doi.org/10.3905/pa.2014.2.1.054,https://doi.org/10.3905/pa.2014.2.1.054,,,,,,,,published,Practical Applications
Susan Thorp,0000-0003-3462-0876,,The Economic Record,"Means-Tested Public Pensions, Portfolio Choice and Decumulation in Retirement*",2013,4.0,Hardy Hulley; Rebecca McKibbin; Andreas Pedersen; Susan Thorp,10.1111/j.1475-4932.2012.12002.x,https://doi.org/10.1111/j.1475-4932.2012.12002.x,https://doi.org/10.1111/j.1475-4932.2012.12002.x,A,Q2,,,,,,published,Economic Record
Susan Thorp,0000-0003-3462-0876,,Journal of Economic Behavior and Organization,As easy as pie: How retirement savers use prescribed investment disclosures,2015,5.0,Hazel Bateman; Loretti Dobrescu; Ben R. Newell; Andreas Ortmann; Susan Thorp,10.1016/j.jebo.2015.10.020,https://doi.org/10.1016/j.jebo.2015.10.020,https://doi.org/10.1016/j.jebo.2015.10.020,A*,Q1,,,,,,published,Journal of Economic Behavior & Organization
Susan Thorp,0000-0003-3462-0876,,Applied Economics,Reversing disbursement rates to estimate stationary wealth processes for endowments with recursive preferences,2018,3.0,Stephen Satchell; Susan Thorp; Oliver Williams,10.1080/00036846.2018.1527462,https://doi.org/10.1080/00036846.2018.1527462,https://doi.org/10.1080/00036846.2018.1527462,A,Q2,,,,,,published,Applied Economics
Susan Thorp,0000-0003-3462-0876,,The Economic Record,How Portfolios Evolve after Retirement: Evidence from Australia,2016,3.0,Alexandra Spicer; Olena Stavrunova; Susan Thorp,10.1111/1475-4932.12255,https://doi.org/10.1111/1475-4932.12255,https://doi.org/10.1111/1475-4932.12255,A,Q2,,,,,,published,Economic Record
Susan Thorp,0000-0003-3462-0876,,Journal of Consumer Affairs,Engagement with retirement savings: It’s a matter of trust,2018,,,10.1111/joca.12208,https://doi.org/10.1111/joca.12208,https://doi.org/ https://doi.org/10.1111/joca.12208,A,Q1,,,,,,published,ORCID
Huu Duong,0000-0002-2252-2913,,Journal of Banking & Finance,Folklore narratives and IPO outcomes,2026,,,10.1016/j.jbankfin.2025.107578,https://doi.org/10.1016/j.jbankfin.2025.107578,https://doi.org/10.1016/j.jbankfin.2025.107578,A*,Q1,,,,,,published,ORCID
Huu Duong,0000-0002-2252-2913,,Journal of Financial Research,The value of social capital in small business lending: Evidence from the Small Business Administration program,2025,,,10.1111/jfir.12451,https://doi.org/10.1111/jfir.12451,https://doi.org/10.1111/jfir.12451,A,Q2,,,,,,published,ORCID
Huu Duong,0000-0002-2252-2913,,Journal of Banking & Finance,Corporate noncompliance: Do corporate violations affect bank loan contracting?,2024,,,10.1016/j.jbankfin.2024.107225,https://doi.org/10.1016/j.jbankfin.2024.107225,https://doi.org/10.1016/j.jbankfin.2024.107225,A*,Q1,,,,,,published,ORCID
Huu Duong,0000-0002-2252-2913,,Journal of Empirical Finance,Social Capital and the Pricing of Initial Public Offerings,2023,,,10.1016/j.jempfin.2023.101418,https://doi.org/10.1016/j.jempfin.2023.101418,https://doi.org/10.1016/j.jempfin.2023.101418,A,Q1,,,,,,published,ORCID
Huu Duong,0000-0002-2252-2913,,Journal of Corporate Finance,Collateral Shocks and M&A Decisions,2023,,,10.1016/j.jcorpfin.2023.102433,https://doi.org/10.1016/j.jcorpfin.2023.102433,https://doi.org/10.1016/j.jcorpfin.2023.102433,A*,Q1,,,,,,published,ORCID
Huu Duong,0000-0002-2252-2913,,Journal of Business Finance & Accounting,Does the threat of takeover affect default risk?,2023,,,10.1111/jbfa.12668,https://doi.org/10.1111/jbfa.12668,https://doi.org/10.1111/jbfa.12668,A*,Q1,,,,,,published,ORCID
Huu Duong,0000-0002-2252-2913,,Journal of Business Finance & Accounting,Bank risk in uncertain times: Do credit rationing and revenue diversification matter?,2023,,,10.1111/jbfa.12653,https://doi.org/10.1111/jbfa.12653,https://doi.org/10.1111/jbfa.12653,A*,Q1,,,,,,published,ORCID
Huu Duong,0000-0002-2252-2913,,Review of Accounting Studies,Does hedge fund activism improve investment efficiency?,2023,,,10.1007/s11142-023-09776-7,https://doi.org/10.1007/s11142-023-09776-7,https://doi.org/10.1007/s11142-023-09776-7,A*,Q1,,,,,,published,ORCID
Huu Duong,0000-0002-2252-2913,,Journal of Economic Dynamics and Control,"Short selling, divergence of opinion and volatility in the corporate bond market",2023,,,10.1016/j.jedc.2022.104592,https://doi.org/10.1016/j.jedc.2022.104592,https://doi.org/10.1016/j.jedc.2022.104592,A*,Q1,,,,,,published,ORCID
Huu Duong,0000-0002-2252-2913,,Journal of Financial Economics,Democracy and the pricing of initial public offerings around the world,2022,,,10.1016/j.jfineco.2021.07.010,https://doi.org/10.1016/j.jfineco.2021.07.010,https://doi.org/10.1016/j.jfineco.2021.07.010,A*,Q1,,,,,,published,ORCID
Huu Duong,0000-0002-2252-2913,,Journal of Economic Dynamics and Control,Does the bid–ask spread affect trading in exchange operated dark pools? Evidence from a natural experiment,2022,,,10.1016/j.jedc.2022.104436,https://doi.org/10.1016/j.jedc.2022.104436,https://doi.org/10.1016/j.jedc.2022.104436,A*,Q1,,,,,,published,ORCID
Huu Duong,0000-0002-2252-2913,,Review of Corporate Finance Studies,Golden Handcuffs and Corporate Innovation: Evidence from Defined Benefit Pension Plans,2022,,,10.1093/rcfs/cfab008,https://doi.org/10.1093/rcfs/cfab008,https://doi.org/10.1093/rcfs/cfab008,A*,Q1,,,,,,published,ORCID
Huu Duong,0000-0002-2252-2913,,Journal of Financial Markets,Stock liquidity and default risk around the world,2021,,,10.1016/j.finmar.2020.100597,https://doi.org/10.1016/j.finmar.2020.100597,https://doi.org/10.1016/j.finmar.2020.100597,A*,Q1,,,,,,published,ORCID
Huu Duong,0000-0002-2252-2913,,Journal of Corporate Finance,Market manipulation rules and IPO Underpricing,2021,,,10.1016/j.jcorpfin.2020.101846,https://doi.org/10.1016/j.jcorpfin.2020.101846,https://doi.org/10.1016/j.jcorpfin.2020.101846,A*,Q1,,,,,,published,ORCID
Huu Duong,0000-0002-2252-2913,,The European Accounting Review,Are Corporate General Counsels in Top Management Effective Monitors? Evidence from Stock Price Crash Risk,2021,,,10.1080/09638180.2020.1763819,https://doi.org/10.1080/09638180.2020.1763819,https://doi.org/10.1080/09638180.2020.1763819,A*,Q1,,,,,,published,ORCID
Huu Duong,0000-0002-2252-2913,,Journal of Economic Dynamics and Control,The effects of trade size and market depth on immediate price impact in a limit order book market,2020,,,10.1016/j.jedc.2020.103992,https://doi.org/10.1016/j.jedc.2020.103992,https://doi.org/10.1016/j.jedc.2020.103992,A*,Q1,,,,,,published,ORCID
Huu Duong,0000-0002-2252-2913,,Journal of Corporate Finance,Does takeover activity affect stock price crash risk? Evidence from international M&A laws,2020,,,10.1016/j.jcorpfin.2020.101697,https://doi.org/10.1016/j.jcorpfin.2020.101697,https://doi.org/10.1016/j.jcorpfin.2020.101697,A*,Q1,,,,,,published,ORCID
Huu Duong,0000-0002-2252-2913,,Journal of Corporate Finance,Navigating through economic policy uncertainty: The role of corporate cash holdings,2020,,,10.1016/j.jcorpfin.2020.101607,https://doi.org/10.1016/j.jcorpfin.2020.101607,https://doi.org/10.1016/j.jcorpfin.2020.101607,A*,Q1,,,,,,published,ORCID
Huu Duong,0000-0002-2252-2913,,Journal of Corporate Finance,Powerful CEOs and stock price crash risk,2020,,,10.1016/j.jcorpfin.2020.101582,https://doi.org/10.1016/j.jcorpfin.2020.101582,https://doi.org/10.1016/j.jcorpfin.2020.101582,A*,Q1,,,,,,published,ORCID
Huu Duong,0000-0002-2252-2913,,Pacific-Basin Finance Journal,Who trades in competing firms around earnings announcements,2020,,,10.1016/j.pacfin.2019.101219,https://doi.org/10.1016/j.pacfin.2019.101219,https://doi.org/10.1016/j.pacfin.2019.101219,A,Q1,,,,,,published,ORCID
Huu Duong,0000-0002-2252-2913,,Journal of Financial and Quantitative Analysis,Pension Deficits and the Design of Private Debt Contracts,2019,,,10.1017/s0022109018000935,https://doi.org/10.1017/s0022109018000935,https://doi.org/10.1017/s0022109018000935,A*,Q1,,,,,,published,ORCID
Huu Duong,0000-0002-2252-2913,,Energy Economics,Information content of the limit order book for crude oil futures price volatility,2019,,,10.1016/j.eneco.2019.04.026,https://doi.org/10.1016/j.eneco.2019.04.026,https://doi.org/10.1016/j.eneco.2019.04.026,A*,Q1,,,,,,published,ORCID
Huu Duong,0000-0002-2252-2913,,Pacific-Basin Finance Journal,The effect of anonymity on price efficiency: Evidence from the removal of broker identities,2018,,,10.1016/j.pacfin.2018.06.004,https://doi.org/10.1016/j.pacfin.2018.06.004,https://doi.org/10.1016/j.pacfin.2018.06.004,A,Q1,,,,,,published,ORCID
Huu Duong,0000-0002-2252-2913,,Journal of Financial Markets,Does exposure to foreign competition affect stock liquidity? Evidence from industry-level import data,2018,,,10.1016/j.finmar.2017.12.002,https://doi.org/10.1016/j.finmar.2017.12.002,https://doi.org/10.1016/j.finmar.2017.12.002,A*,Q1,,,,,,published,ORCID
Huu Duong,0000-0002-2252-2913,,Journal of Forecasting,A Comparison of the Forecasting Ability of Immediate Price Impact Models,2017,,,10.1002/for.2405,https://doi.org/10.1002/for.2405,https://doi.org/10.1002/for.2405,A,Q2,,,,,,published,ORCID
Huu Duong,0000-0002-2252-2913,,Pacific-Basin Finance Journal,The information content of special orders,2017,,,10.1016/j.pacfin.2016.05.012,https://doi.org/10.1016/j.pacfin.2016.05.012,https://doi.org/10.1016/j.pacfin.2016.05.012,A,Q1,,,,,,published,ORCID
Huu Duong,0000-0002-2252-2913,,International Review of Finance,Stock Market Liquidity and Firm Value: An Empirical Examination of the Australian Market,2016,,,10.1111/irfi.12082,https://doi.org/10.1111/irfi.12082,https://doi.org/10.1111/irfi.12082,A,Q2,,,,,,published,ORCID
Huu Duong,0000-0002-2252-2913,,Pacific-Basin Finance Journal,Information content of directors' trading around acquisitions,2016,,,10.1016/j.pacfin.2016.04.004,https://doi.org/10.1016/j.pacfin.2016.04.004,https://doi.org/10.1016/j.pacfin.2016.04.004,A,Q1,,,,,,published,ORCID
Huu Duong,0000-0002-2252-2913,,Pacific-Basin Finance Journal,Liquidity provision and informed trading by individual investors,2015,,,10.1016/j.pacfin.2014.11.005,https://doi.org/10.1016/j.pacfin.2014.11.005,https://doi.org/10.1016/j.pacfin.2014.11.005,A,Q1,,,,,,published,ORCID
Huu Duong,0000-0002-2252-2913,,Financial Review (US),"Information Asymmetry, Trade Size, and the Dynamic Volume-Return Relation: Evidence from the Australian Securities Exchange",2014,,,10.1111/fire.12048,https://doi.org/10.1111/fire.12048,https://doi.org/10.1111/fire.12048,A,Q2,,,,,,published,ORCID
Huu Duong,0000-0002-2252-2913,,"Journal of International Financial Markets, Institutions and Money","Trading volume, realized volatility and jumps in the Australian stock market",2014,,,10.1016/j.intfin.2014.04.009,https://doi.org/10.1016/j.intfin.2014.04.009,https://doi.org/10.1016/j.intfin.2014.04.009,A,Q1,,,,,,published,ORCID
Huu Duong,0000-0002-2252-2913,,"Journal of International Financial Markets, Institutions and Money",Anonymity and the Information Content of the Limit Order Book,2014,,,10.1016/j.intfin.2014.02.004,https://doi.org/10.1016/j.intfin.2014.02.004,https://doi.org/10.1016/j.intfin.2014.02.004,A,Q1,,,,,,published,ORCID
Huu Duong,0000-0002-2252-2913,,Pacific-Basin Finance Journal,Anonymity and order submissions,2013,,,10.1016/j.pacfin.2013.07.005,https://doi.org/10.1016/j.pacfin.2013.07.005,https://doi.org/10.1016/j.pacfin.2013.07.005,A,Q1,,,,,,published,ORCID
Huu Duong,0000-0002-2252-2913,,Pacific-Basin Finance Journal,Order aggressiveness of institutional and individual investors,2009,,,10.1016/j.pacfin.2009.05.001,https://doi.org/10.1016/j.pacfin.2009.05.001,https://doi.org/10.1016/j.pacfin.2009.05.001,A,Q1,,,,,,published,ORCID
Huu Duong,0000-0002-2252-2913,,The Journal of Futures Markets,A test of the Samuelson Hypothesis using realized range,2008,,,10.1002/fut.20328,https://doi.org/10.1002/fut.20328,https://doi.org/10.1002/fut.20328,A,Q2,,,,,,published,ORCID
Huu Duong,0000-0002-2252-2913,,Journal of Banking & Finance,The Samuelson hypothesis in futures markets: An analysis using intraday data,2008,,,10.1016/j.jbankfin.2007.06.011,https://doi.org/10.1016/j.jbankfin.2007.06.011,https://doi.org/10.1016/j.jbankfin.2007.06.011,A*,Q1,,,,,,published,ORCID
John Watson,0000-0001-6550-243X,,The World Economy,The global financial crisis and the mutual fund flow–performance relationship,2018,,,10.1111/twec.12673,https://doi.org/10.1111/twec.12673,https://doi.org/10.1111/twec.12673,A,Q1,,,,,,published,ORCID
Christine Brown,0000-0002-0306-2982,,Journal of Financial Research,Daily entry and exit triggers for open market repurchases,2026,,,10.1111/jfir.12470,https://doi.org/10.1111/jfir.12470,https://doi.org/10.1111/jfir.12470,A,Q2,,,,,,published,ORCID
Christine Brown,0000-0002-0306-2982,,Quantitative Finance,Partial differential equations for Asian option prices,2016,,,10.1080/14697688.2015.1052838,https://doi.org/10.1080/14697688.2015.1052838,https://doi.org/10.1080/14697688.2015.1052838,A,Q1,,,,,,published,ORCID
Christine Brown,0000-0002-0306-2982,,Journal of Financial Economic Policy,Regulatory change in Australia and New Zealand following the global financial crisis,2015,,,10.1108/jfep-11-2014-0072,https://doi.org/10.1108/jfep-11-2014-0072,https://doi.org/10.1108/jfep-11-2014-0072,B,Q2,,,,,,published,ORCID
Christine Brown,0000-0002-0306-2982,,Abacus,The dividend substitution hypothesis: Australian evidence,2015,,,10.1111/abac.12041,https://doi.org/10.1111/abac.12041,https://doi.org/10.1111/abac.12041,A,Q2,,,,,,published,ORCID
Christine Brown,0000-0002-0306-2982,,"Journal of International Financial Markets, Institutions and Money",Banking crises: Identifying dates and determinants,2014,,,10.1016/j.intfin.2014.05.004,https://doi.org/10.1016/j.intfin.2014.05.004,https://doi.org/10.1016/j.intfin.2014.05.004,A,Q1,,,,,,published,ORCID
Christine Brown,0000-0002-0306-2982,,International Review of Finance,Off-market buybacks in Australia: Evidence of abnormal trading around key dates,2014,,,10.1111/irfi.12037,https://doi.org/10.1111/irfi.12037,https://doi.org/10.1111/irfi.12037,A,Q2,,,,,,published,ORCID
Christine Brown,0000-0002-0306-2982,,The Journal of Futures Markets,The relation between market liquidity and anonymity in the presence of tick size constraints,2014,,,10.1002/fut.21580,https://doi.org/10.1002/fut.21580,https://doi.org/10.1002/fut.21580,A,Q2,,,,,,published,ORCID
Christine Brown,0000-0002-0306-2982,,The Journal of Futures Markets,A closer look at barrier exchange options,2013,,,10.1002/fut.20554,https://doi.org/10.1002/fut.20554,https://doi.org/10.1002/fut.20554,A,Q2,,,,,,published,ORCID
Christine Brown,0000-0002-0306-2982,,Accounting and Finance,"Taxes, tenders and the design of Australian off-market share repurchases",2012,,,10.1111/j.1467-629x.2011.00445.x,https://doi.org/10.1111/j.1467-629x.2011.00445.x,https://doi.org/10.1111/j.1467-629x.2011.00445.x,A,Q1,,,,,,published,ORCID
Christine Brown,0000-0002-0306-2982,,Australian Journal of Management,"The collapse of Pasminco: Misjudgment, misfortune and miscalculation",2011,,,10.1177/0312896211410795,https://doi.org/10.1177/0312896211410795,https://doi.org/10.1177/0312896211410795,A,Q1,,,,,,published,ORCID
Christine Brown,0000-0002-0306-2982,,The Journal of Futures Markets,"Exchange traded contracts for difference: Design, pricing, and effects",2010,,,10.1002/fut.20475,https://doi.org/10.1002/fut.20475,https://doi.org/10.1002/fut.20475,A,Q2,,,,,,published,ORCID
Christine Brown,0000-0002-0306-2982,,Accounting and Finance,Management choice of buyback method: Australian evidence,2010,,,10.1111/j.1467-629x.2010.00349.x,https://doi.org/10.1111/j.1467-629x.2010.00349.x,https://doi.org/10.1111/j.1467-629x.2010.00349.x,A,Q1,,,,,,published,ORCID
Christine Brown,0000-0002-0306-2982,,Journal of Banking & Finance,Capital management in mutual financial institutions,2009,,,10.1016/j.jbankfin.2008.08.016,https://doi.org/10.1016/j.jbankfin.2008.08.016,https://doi.org/10.1016/j.jbankfin.2008.08.016,A*,Q1,,,,,,published,ORCID
Christine Brown,0000-0002-0306-2982,,Journal of Financial Research,Keiretsu Affiliation and Stock-Market-Driven Acquisitions,2009,,,10.1111/j.1475-6803.2009.01258.x,https://doi.org/10.1111/j.1475-6803.2009.01258.x,https://doi.org/10.1111/j.1475-6803.2009.01258.x,A,Q2,,,,,,published,ORCID
Christine Brown,0000-0002-0306-2982,,Review of Financial Economics,"Public private partnerships: Incentives, risk transfer and real options",2007,,,10.1016/j.rfe.2007.03.002,https://doi.org/10.1016/j.rfe.2007.03.002,https://doi.org/10.1016/j.rfe.2007.03.002,B,Q3,,,,,,published,ORCID
Christine Brown,0000-0002-0306-2982,,The Australian Economic Review,Financing transport infrastructure: For whom the road tolls,2005,,,10.1111/j.1467-8462.2005.00386.x,https://doi.org/10.1111/j.1467-8462.2005.00386.x,https://doi.org/10.1111/j.1467-8462.2005.00386.x,B,Q3,,,,,,published,ORCID
Christine Brown,0000-0002-0306-2982,,International Review of Finance,The effect of taxation on equal access share buybacks in Australia,2005,,,10.1111/j.1468-2443.2006.00055x,https://doi.org/10.1111/j.1468-2443.2006.00055x,https://doi.org/10.1111/j.1468-2443.2006.00055x,A,Q2,,,,,,published,ORCID
Christine Brown,0000-0002-0306-2982,,Australian Accounting Review,Risk-adjusted discount rates and projects of unequal lives,2003,,,10.1111/j.1835-2561.2003.tb00220.x,https://doi.org/10.1111/j.1835-2561.2003.tb00220.x,https://doi.org/10.1111/j.1835-2561.2003.tb00220.x,B,Q2,,,,,,published,ORCID
Stephen Brown,0000-0002-0210-4562,,Journal of Financial Economics,Macroeconomic risk and hedge fund returns,2014,,,10.1016/j.jfineco.2014.06.008,https://doi.org/10.1016/j.jfineco.2014.06.008,https://doi.org/10.1016/j.jfineco.2014.06.008,A*,Q1,,,,,,published,ORCID
Stephen Brown,0000-0002-0210-4562,,Management Science,Do hedge funds outperform stocks and bonds?,2013,,,10.1287/mnsc.1120.1689,https://doi.org/10.1287/mnsc.1120.1689,https://doi.org/10.1287/mnsc.1120.1689,A*,Q1,,,,,,published,ORCID
Stephen Brown,0000-0002-0210-4562,,The Review of Financial Studies,Convertibles and hedge funds as distributors of equity exposure,2012,,,10.1093/rfs/hhs088,https://doi.org/10.1093/rfs/hhs088,https://doi.org/10.1093/rfs/hhs088,A*,Q1,,,,,,published,ORCID
Stephen Brown,0000-0002-0210-4562,,Journal of Banking & Finance,Estimating the cost of capital with basis assets,2012,,,10.1016/j.jbankfin.2012.07.002,https://doi.org/10.1016/j.jbankfin.2012.07.002,https://doi.org/10.1016/j.jbankfin.2012.07.002,A*,Q1,,,,,,published,ORCID
Stephen Brown,0000-0002-0210-4562,,Accounting and Finance,Quantitative measures of operational risk: An application to funds management,2012,,,10.1111/j.1467-629x.2012.00506.x,https://doi.org/10.1111/j.1467-629x.2012.00506.x,https://doi.org/10.1111/j.1467-629x.2012.00506.x,A,Q1,,,,,,published,ORCID
Stephen Brown,0000-0002-0210-4562,,Journal of Financial Economics,Systematic risk and the cross section of hedge fund returns,2012,,,10.1016/j.jfineco.2012.05.005,https://doi.org/10.1016/j.jfineco.2012.05.005,https://doi.org/10.1016/j.jfineco.2012.05.005,A*,Q1,,,,,,published,ORCID
Stephen Brown,0000-0002-0210-4562,,Journal of Financial Economics,Trust and delegation,2012,,,10.1016/j.jfineco.2011.09.004,https://doi.org/10.1016/j.jfineco.2011.09.004,https://doi.org/10.1016/j.jfineco.2011.09.004,A*,Q1,,,,,,published,ORCID
Stephen Brown,0000-0002-0210-4562,,Journal of Financial Economics,Do hedge funds' exposures to risk factors predict their future returns?,2011,,,10.1016/j.jfineco.2011.02.008,https://doi.org/10.1016/j.jfineco.2011.02.008,https://doi.org/10.1016/j.jfineco.2011.02.008,A*,Q1,,,,,,published,ORCID
Stephen Brown,0000-0002-0210-4562,,Accounting and Finance,The efficient markets hypothesis: The demise of the demon of chance?,2011,,,10.1111/j.1467-629x.2010.00366.x,https://doi.org/10.1111/j.1467-629x.2010.00366.x,https://doi.org/10.1111/j.1467-629x.2010.00366.x,A,Q1,,,,,,published,ORCID
Stephen Brown,0000-0002-0210-4562,,Financial Analysts Journal,Estimating operational risk for hedge funds: The ω-score,2009,,,10.2469/faj.v65.n1.8,https://doi.org/10.2469/faj.v65.n1.8,https://doi.org/10.2469/faj.v65.n1.8,A,Q1,,,,,,published,ORCID
Stephen Brown,0000-0002-0210-4562,,"Financial Markets, Institutions and Instruments",Hedge funds in the aftermath of the financial crisis: Chapter 6: Executive summary,2009,,,10.1111/j.1468-0416.2009.00147_10.x,https://doi.org/10.1111/j.1468-0416.2009.00147_10.x,https://doi.org/10.1111/j.1468-0416.2009.00147_10.x,A,Q1,,,,,,published,ORCID
Stephen Brown,0000-0002-0210-4562,,Pacific-Basin Finance Journal,Risk premia in international equity markets revisited,2009,,,10.1016/j.pacfin.2008.08.002,https://doi.org/10.1016/j.pacfin.2008.08.002,https://doi.org/10.1016/j.pacfin.2008.08.002,A,Q1,,,,,,published,ORCID
Stephen Brown,0000-0002-0210-4562,,International Journal of Forecasting,Elusive return predictability: Discussion,2008,,,10.1016/j.ijforecast.2007.08.003,https://doi.org/10.1016/j.ijforecast.2007.08.003,https://doi.org/10.1016/j.ijforecast.2007.08.003,A,Q1,,,,,,published,ORCID
Stephen Brown,0000-0002-0210-4562,,The Journal of Portfolio Management,Going negative: What to do with negative book equity stocks,2008,,,10.3905/jpm.2008.35.1.95,https://doi.org/10.3905/jpm.2008.35.1.95,https://doi.org/10.3905/jpm.2008.35.1.95,A,Q2,,,,,,published,ORCID
Stephen Brown,0000-0002-0210-4562,,The Journal of Finance,Mandatory disclosure and operational risk: Evidence from hedge fund registration,2008,,,10.1111/j.1540-6261.2008.01413.x,https://doi.org/10.1111/j.1540-6261.2008.01413.x,https://doi.org/10.1111/j.1540-6261.2008.01413.x,A*,Q1,,,,,,published,ORCID
Stephen Brown,0000-0002-0210-4562,,Emerging Markets Review,The return to value in Asian stock markets,2008,,,10.1016/j.ememar.2008.05.002,https://doi.org/10.1016/j.ememar.2008.05.002,https://doi.org/10.1016/j.ememar.2008.05.002,A,Q1,,,,,,published,ORCID
Stephen Brown,0000-0002-0210-4562,,Pacific-Basin Finance Journal,An analysis of the relative performance of Japanese and foreign money management,2003,,,10.1016/s0927-538x(03)00046-5,https://doi.org/10.1016/s0927-538x(03)00046-5,https://doi.org/10.1016/s0927-538x(03)00046-5,A,Q1,,,,,,published,ORCID
Stephen Brown,0000-0002-0210-4562,,Pacific-Basin Finance Journal,Doubling: Nick Leeson's trading strategy,2001,,,10.1016/s0927-538x(01)00004-x,https://doi.org/10.1016/s0927-538x(01)00004-x,https://doi.org/10.1016/s0927-538x(01)00004-x,A,Q1,,,,,,published,ORCID
Stephen Brown,0000-0002-0210-4562,,Pacific-Basin Finance Journal,Hedge funds: Omniscient or just plain wrong,2001,,,10.1016/s0927-538x(01)00017-8,https://doi.org/10.1016/s0927-538x(01)00017-8,https://doi.org/10.1016/s0927-538x(01)00017-8,A,Q1,,,,,,published,ORCID
Stephen Brown,0000-0002-0210-4562,,Journal of Business,The Japanese open-end fund puzzle,2001,,,10.1086/209663,https://doi.org/10.1086/209663,https://doi.org/10.1086/209663,,,,,,,,published,ORCID
Stephen Brown,0000-0002-0210-4562,,The Journal of Finance,"Investments: A Visual approach, vol 1, Modern portfolio theory - OBrien,J, Srivastava,S",1996,,,10.2307/2329380,https://doi.org/10.2307/2329380,https://doi.org/10.2307/2329380,A*,Q1,,,,,,published,ORCID
Stephen Brown,0000-0002-0210-4562,,The Journal of Finance,PERFORMANCE PERSISTENCE,1995,,,10.2307/2329424,https://doi.org/10.2307/2329424,https://doi.org/10.2307/2329424,A*,Q1,,,,,,published,ORCID
Stephen Brown,0000-0002-0210-4562,,Pacific-Basin Finance Journal,Risk premia in Pacific-Basin capital markets,1993,,,10.1016/0927-538x(93)90025-d,https://doi.org/10.1016/0927-538x(93)90025-d,https://doi.org/10.1016/0927-538x(93)90025-d,A,Q1,,,,,,published,ORCID
Stephen Brown,0000-0002-0210-4562,,The Review of Financial Studies,SURVIVORSHIP BIAS IN PERFORMANCE STUDIES,1992,,,10.1093/rfs/5.4.553,https://doi.org/10.1093/rfs/5.4.553,https://doi.org/10.1093/rfs/5.4.553,A*,Q1,,,,,,published,ORCID
Stephen Brown,0000-0002-0210-4562,,The Journal of Finance,THE NUMBER OF FACTORS IN SECURITY RETURNS,1989,,,10.1111/j.1540-6261.1989.tb02652.x,https://doi.org/10.1111/j.1540-6261.1989.tb02652.x,https://doi.org/10.1111/j.1540-6261.1989.tb02652.x,A*,Q1,,,,,,published,ORCID
Stephen Brown,0000-0002-0210-4562,,The Journal of Portfolio Management,LIMITED INFORMATION AS A SOURCE OF RISK,1986,,,10.3905/jpm.1986.409052,https://doi.org/10.3905/jpm.1986.409052,https://doi.org/10.3905/jpm.1986.409052,A,Q2,,,,,,published,ORCID
Stephen Brown,0000-0002-0210-4562,,The Journal of Finance,"MODERN INVESTMENT THEORY - HAUGEN,RA",1986,,,10.2307/2328243,https://doi.org/10.2307/2328243,https://doi.org/10.2307/2328243,A*,Q1,,,,,,published,ORCID
Stephen Brown,0000-0002-0210-4562,,The Journal of Finance,"The Empirical Implications of the Cox, Ingersoll, Ross Theory of the Term Structure of Interest Rates",1986,,,10.1111/j.1540-6261.1986.tb04523.x,https://doi.org/10.1111/j.1540-6261.1986.tb04523.x,https://doi.org/10.1111/j.1540-6261.1986.tb04523.x,A*,Q1,,,,,,published,ORCID
Stephen Brown,0000-0002-0210-4562,,Journal of Financial and Quantitative Analysis,DIFFERENTIAL INFORMATION AND SECURITY MARKET EQUILIBRIUM,1985,,,10.2307/2330758,https://doi.org/10.2307/2330758,https://doi.org/10.2307/2330758,A*,Q1,,,,,,published,ORCID
Stephen Brown,0000-0002-0210-4562,,Journal of Financial Economics,Derived factors in event studies,1985,,,10.1016/0304-405x(85)90010-8,https://doi.org/10.1016/0304-405x(85)90010-8,https://doi.org/10.1016/0304-405x(85)90010-8,A*,Q1,,,,,,published,ORCID
Stephen Brown,0000-0002-0210-4562,,Journal of Financial Economics,Using daily stock returns. The case of event studies,1985,,,10.1016/0304-405x(85)90042-x,https://doi.org/10.1016/0304-405x(85)90042-x,https://doi.org/10.1016/0304-405x(85)90042-x,A*,Q1,,,,,,published,ORCID
Stephen Brown,0000-0002-0210-4562,,The Journal of Finance,ANOMALIES IN SECURITY RETURNS AND THE SPECIFICATION OF THE MARKET MODEL,1984,,,10.2307/2327943,https://doi.org/10.2307/2327943,https://doi.org/10.2307/2327943,A*,Q1,,,,,,published,ORCID
Stephen Brown,0000-0002-0210-4562,,The Journal of Finance,DISCUSSION,1984,,,10.1111/j.1540-6261.1984.tb03683.x,https://doi.org/10.1111/j.1540-6261.1984.tb03683.x,https://doi.org/10.1111/j.1540-6261.1984.tb03683.x,A*,Q1,,,,,,published,ORCID
Stephen Brown,0000-0002-0210-4562,,Journal of Financial Economics,Differential information and the small firm effect,1984,,,10.1016/0304-405x(84)90026-6,https://doi.org/10.1016/0304-405x(84)90026-6,https://doi.org/10.1016/0304-405x(84)90026-6,A*,Q1,,,,,,published,ORCID
Stephen Brown,0000-0002-0210-4562,,Econometrica,MODEL SELECTION WHEN THERE IS MINIMAL PRIOR INFORMATION,1984,,,10.2307/1911000,https://doi.org/10.2307/1911000,https://doi.org/10.2307/1911000,A*,Q1,,,,,,published,ORCID
Stephen Brown,0000-0002-0210-4562,,The Journal of Finance,A New Approach to Testing Asset Pricing Models: The Bilinear Paradigm,1983,,,10.1111/j.1540-6261.1983.tb02498.x,https://doi.org/10.1111/j.1540-6261.1983.tb02498.x,https://doi.org/10.1111/j.1540-6261.1983.tb02498.x,A*,Q1,,,,,,published,ORCID
Stephen Brown,0000-0002-0210-4562,,The Journal of Finance,ESTIMATION RISK AND SIMPLE RULES FOR OPTIMAL PORTFOLIO SELECTION,1983,,,10.2307/2328013,https://doi.org/10.2307/2328013,https://doi.org/10.2307/2328013,A*,Q1,,,,,,published,ORCID
Stephen Brown,0000-0002-0210-4562,,The Journal of Finance,Estimation Risk and Simple Rules for Optimal Portfolio Selection,1983,,,10.1111/j.1540-6261.1983.tb02284.x,https://doi.org/10.1111/j.1540-6261.1983.tb02284.x,https://doi.org/10.1111/j.1540-6261.1983.tb02284.x,A*,Q1,,,,,,published,ORCID
Stephen Brown,0000-0002-0210-4562,,Journal of Financial Economics,MEASURING SECURITY PRICE PERFORMANCE,1980,,,10.1016/0304-405x(80)90002-1,https://doi.org/10.1016/0304-405x(80)90002-1,https://doi.org/10.1016/0304-405x(80)90002-1,A*,Q1,,,,,,published,ORCID
Stephen Brown,0000-0002-0210-4562,,Communications in Statistics - Simulation and Computation,The portfolio choice problem: Comparison of certainty equivalence and optimal bayes portfolios,1978,,,10.1080/03610917808812081,https://doi.org/10.1080/03610917808812081,https://doi.org/10.1080/03610917808812081,,Q2,,,,,,published,ORCID
Michael Skully,0000-0002-4904-9003,,Pacific-Basin Finance Journal,The (little) difference that makes all the difference between Islamic and conventional bonds,2017,,,10.1016/j.pacfin.2015.12.010,https://doi.org/10.1016/j.pacfin.2015.12.010,https://doi.org/10.1016/j.pacfin.2015.12.010,A,Q1,,,,,,published,ORCID
Michael Skully,0000-0002-4904-9003,,Emerging Markets Review,"Bank market power, ownership, regional presence and revenue diversification",2016,,,10.1016/j.ememar.2016.03.001,https://doi.org/10.1016/j.ememar.2016.03.001,https://doi.org/10.1016/j.ememar.2016.03.001,A,Q1,,,,,,published,ORCID
Michael Skully,0000-0002-4904-9003,,Journal of Economic Behavior and Organization,Investor’s choice of Shariah compliant ‘replicas’ and original Islamic instruments,2016,,,10.1016/j.jebo.2016.07.018,https://doi.org/10.1016/j.jebo.2016.07.018,https://doi.org/10.1016/j.jebo.2016.07.018,A*,Q1,,,,,,published,ORCID
Michael Skully,0000-0002-4904-9003,,Pacific-Basin Finance Journal,Can Islamic banking ever become Islamic?,2015,,,10.1016/j.pacfin.2015.03.001,https://doi.org/10.1016/j.pacfin.2015.03.001,https://doi.org/10.1016/j.pacfin.2015.03.001,A,Q1,,,,,,published,ORCID
Michael Skully,0000-0002-4904-9003,,International Review of Financial Analysis,Local versus foreign banks: A home market advantage in loan syndications,2015,,,10.1016/j.irfa.2014.11.002,https://doi.org/10.1016/j.irfa.2014.11.002,https://doi.org/10.1016/j.irfa.2014.11.002,A,Q1,,,,,,published,ORCID
Michael Skully,0000-0002-4904-9003,,International Review of Finance,The global financial crisis and its impact on Australian bank risk,2015,,,10.1111/irfi.12041,https://doi.org/10.1111/irfi.12041,https://doi.org/10.1111/irfi.12041,A,Q2,,,,,,published,ORCID
Michael Skully,0000-0002-4904-9003,,"Journal of International Financial Markets, Institutions and Money",Franking credits and market reactions: Evidence from the Australian convertible security market,2014,,,10.1016/j.intfin.2014.04.004,https://doi.org/10.1016/j.intfin.2014.04.004,https://doi.org/10.1016/j.intfin.2014.04.004,A,Q1,,,,,,published,ORCID
Michael Skully,0000-0002-4904-9003,,Journal of Economic Behavior and Organization,Credit risk in Islamic joint venture bond,2014,,,10.1016/j.jebo.2014.03.020,https://doi.org/10.1016/j.jebo.2014.03.020,https://doi.org/10.1016/j.jebo.2014.03.020,A*,Q1,,,,,,published,ORCID
Michael Skully,0000-0002-4904-9003,,International Review of Financial Analysis,Is the accrual anomaly robust to firm-level analysis?,2014,,,10.1016/j.irfa.2014.06.001,https://doi.org/10.1016/j.irfa.2014.06.001,https://doi.org/10.1016/j.irfa.2014.06.001,A,Q1,,,,,,published,ORCID
Michael Skully,0000-0002-4904-9003,,Pacific-Basin Finance Journal,Issuer's choice of Islamic bond type,2014,,,10.1016/j.pacfin.2013.08.008,https://doi.org/10.1016/j.pacfin.2013.08.008,https://doi.org/10.1016/j.pacfin.2013.08.008,A,Q1,,,,,,published,ORCID
Michael Skully,0000-0002-4904-9003,,International Review of Finance,Market discipline and deposit guarantee: Evidence from Australian banks,2014,,,10.1111/irfi.12028,https://doi.org/10.1111/irfi.12028,https://doi.org/10.1111/irfi.12028,A,Q2,,,,,,published,ORCID
Michael Skully,0000-0002-4904-9003,,Pacific-Basin Finance Journal,The Shariah compliance challenge in Islamic bond markets,2014,,,10.1016/j.pacfin.2013.11.003,https://doi.org/10.1016/j.pacfin.2013.11.003,https://doi.org/10.1016/j.pacfin.2013.11.003,A,Q1,,,,,,published,ORCID
Michael Skully,0000-0002-4904-9003,,Asian Journal of Finance & Accounting,Determinants of commercial bank profitability: South Asian evidence,2013,,,10.5296/ajfa.v5i1.3012,https://doi.org/10.5296/ajfa.v5i1.3012,https://doi.org/10.5296/ajfa.v5i1.3012,,,,,,,,published,ORCID
Michael Skully,0000-0002-4904-9003,,Journal of Asian Economics,Bank market power and revenue diversification: Evidence from selected ASEAN countries,2012,,,10.1016/j.asieco.2012.08.004,https://doi.org/10.1016/j.asieco.2012.08.004,https://doi.org/10.1016/j.asieco.2012.08.004,B,Q2,,,,,,published,ORCID
Michael Skully,0000-0002-4904-9003,,South Asian Journal of Global Business Research,Market concentration and pricing behaviour of Sri Lankan banks,2012,,,10.1108/20454451211205950,https://doi.org/10.1108/20454451211205950,https://doi.org/10.1108/20454451211205950,,,,,,,,published,ORCID
Michael Skully,0000-0002-4904-9003,,"Journal of International Financial Markets, Institutions and Money","Market power, revenue diversification and bank stability: Evidence from selected South Asian countries",2012,,,10.1016/j.intfin.2012.05.008,https://doi.org/10.1016/j.intfin.2012.05.008,https://doi.org/10.1016/j.intfin.2012.05.008,A,Q1,,,,,,published,ORCID
Michael Skully,0000-0002-4904-9003,,Studies in Economics and Finance,On the cross-methodological validation of bank efficiency assessments,2012,,,10.1108/10867371211203837,https://doi.org/10.1108/10867371211203837,https://doi.org/10.1108/10867371211203837,B,Q2,,,,,,published,ORCID
Michael Skully,0000-0002-4904-9003,,International Journal of Emerging Markets,Bank market concentration and interest spreads: South Asian evidence,2010,,,10.1108/17468801011018257,https://doi.org/10.1108/17468801011018257,https://doi.org/10.1108/17468801011018257,B,Q1,,,,,,published,ORCID
Michael Skully,0000-0002-4904-9003,,Asia-Pacific Financial Markets,Efficiency of microfinance institutions: A data envelopment analysis,2010,,,10.1007/s10690-009-9103-7,https://doi.org/10.1007/s10690-009-9103-7,https://doi.org/10.1007/s10690-009-9103-7,C,Q2,,,,,,published,ORCID
Michael Skully,0000-0002-4904-9003,,Journal of Banking & Finance,Endogenously structured boards of directors in banks,2010,,,10.1016/j.jbankfin.2010.03.006,https://doi.org/10.1016/j.jbankfin.2010.03.006,https://doi.org/10.1016/j.jbankfin.2010.03.006,A*,Q1,,,,,,published,ORCID
Michael Skully,0000-0002-4904-9003,,Corporate Ownership and Control,Governance indices: An Australian perspective,2009,,,10.22495/cocv6i4c4p6,https://doi.org/10.22495/cocv6i4c4p6,https://doi.org/10.22495/cocv6i4c4p6,,,,,,,,published,ORCID
Michael Skully,0000-0002-4904-9003,,Journal of Business Finance & Accounting,"The role of dividends, debt and board structure in the governance of family controlled firms",2009,,,10.1111/j.1468-5957.2009.02151.x,https://doi.org/10.1111/j.1468-5957.2009.02151.x,https://doi.org/10.1111/j.1468-5957.2009.02151.x,A*,Q1,,,,,,published,ORCID
Michael Skully,0000-0002-4904-9003,,Asia-Pacific Financial Markets,"Board size, independence and performance: An analysis of Thai banks",2007,,,10.1007/s10690-007-9060-y,https://doi.org/10.1007/s10690-007-9060-y,https://doi.org/10.1007/s10690-007-9060-y,C,Q2,,,,,,published,ORCID
Michael Skully,0000-0002-4904-9003,,Accounting and Finance,Australian evidence on student expectations and perceptions of introductory business finance,2006,,,10.1111/j.1467-629x.2006.00193.x,https://doi.org/10.1111/j.1467-629x.2006.00193.x,https://doi.org/10.1111/j.1467-629x.2006.00193.x,A,Q1,,,,,,published,ORCID
Michael Skully,0000-0002-4904-9003,,Applied Financial Economics,Competition and structure of South Asian banking: A revenue behaviour approach,2006,,,10.1080/09603100600687461,https://doi.org/10.1080/09603100600687461,https://doi.org/10.1080/09603100600687461,B,,,,,,,published,ORCID
Michael Skully,0000-0002-4904-9003,,China Economic Review,Banking efficiency in China: application of DEA to pre- and post-deregulation eras: 1993-2000,2005,,,10.1016/j.chieco.2005.02.001,https://doi.org/10.1016/j.chieco.2005.02.001,https://doi.org/10.1016/j.chieco.2005.02.001,A,Q1,,,,,,published,ORCID
Michael Skully,0000-0002-4904-9003,,Journal of Multinational Financial Management,The determinants of mortgage yield spread differentials: securitization,2005,,,10.1016/j.mulfin.2005.04.003,https://doi.org/10.1016/j.mulfin.2005.04.003,https://doi.org/10.1016/j.mulfin.2005.04.003,B,Q1,,,,,,published,ORCID
Abe de Jong,0000-0002-2809-5465,,Business History,Why are corporations terminated? A century of evidence from the Netherlands,2026,,,10.1080/00076791.2025.2520282,https://doi.org/10.1080/00076791.2025.2520282,https://doi.org/10.1080/00076791.2025.2520282,A*,Q1,,,,,,published,ORCID
Abe de Jong,0000-0002-2809-5465,,The Journal of Finance,Going for Broke,2025,,,10.1111/jofi.13503,https://doi.org/10.1111/jofi.13503,https://doi.org/10.1111/jofi.13503,A*,Q1,,,,,,published,ORCID
Abe de Jong,0000-0002-2809-5465,,International Review of Finance,Why do managers announce the intention to sell large assets?,2024,,,10.1111/irfi.12461,https://doi.org/10.1111/irfi.12461,https://doi.org/10.1111/irfi.12461,A,Q2,,,,,,published,ORCID
Abe de Jong,0000-0002-2809-5465,,Maandblad voor Accountancy en Bedrijfseconomie,"Ondernemingsfinanciering in het MAB, 1924–2024",2024,,,10.5117/mab.98.127531,https://doi.org/10.5117/mab.98.127531,https://doi.org/10.5117/mab.98.127531,,,,,,,,published,ORCID
Abe de Jong,0000-0002-2809-5465,,The Economic History Review: a journal of economic and social history,"Corporate taxes, leverage, and investment",2024,,,10.1111/ehr.13331,https://doi.org/10.1111/ehr.13331,https://doi.org/10.1111/ehr.13331,A*,Q1,,,,,,published,ORCID
Abe de Jong,0000-0002-2809-5465,,Business History,Born of necessity,2024,,,10.1080/00076791.2022.2128110,https://doi.org/10.1080/00076791.2022.2128110,https://doi.org/10.1080/00076791.2022.2128110,A*,Q1,,,,,,published,ORCID
Abe de Jong,0000-0002-2809-5465,,Academy of Management Learning and Education,Developing and Harnessing Historical Sensibility to Overcome the Influence of Dominant Logics,2023,,,10.5465/amle.2021.0271,https://doi.org/10.5465/amle.2021.0271,https://doi.org/10.5465/amle.2021.0271,A*,Q1,,,,,,published,ORCID
Abe de Jong,0000-0002-2809-5465,,Cliometrica: journal of historical economics and econometric history,"Going public: evidence from stock and bond IPOs in Belgium, 1839–1935",2023,,,10.1007/s11698-022-00258-5,https://doi.org/10.1007/s11698-022-00258-5,https://doi.org/10.1007/s11698-022-00258-5,C,Q1,,,,,,published,ORCID
Abe de Jong,0000-0002-2809-5465,,The Journal of Economic History,Plantation Mortgage-Backed Securities,2023,,,10.1017/s002205072300027x,https://doi.org/10.1017/s002205072300027x,https://doi.org/10.1017/s002205072300027x,A*,Q1,,,,,,published,ORCID
Abe de Jong,0000-0002-2809-5465,,Financial History Review,"From free-for-all to self-governing monopoly: market organization and price information at the Amsterdam Stock Exchange, 1796–1940",2022,,,10.1017/s0968565022000154,https://doi.org/10.1017/s0968565022000154,https://doi.org/10.1017/s0968565022000154,B,Q1,,,,,,published,ORCID
Abe de Jong,0000-0002-2809-5465,,Journal of Financial Markets,Legal risk and information spillover through private lender reports,2022,,,10.1016/j.finmar.2022.100706,https://doi.org/10.1016/j.finmar.2022.100706,https://doi.org/10.1016/j.finmar.2022.100706,A*,Q1,,,,,,published,ORCID
Abe de Jong,0000-0002-2809-5465,,Journal of International Money and Finance,Reaching out to the unbanked,2022,,,10.1016/j.jimonfin.2022.102678,https://doi.org/10.1016/j.jimonfin.2022.102678,https://doi.org/10.1016/j.jimonfin.2022.102678,A,Q1,,,,,,published,ORCID
Abe de Jong,0000-0002-2809-5465,,European Review of Economic History,"What causes hot markets for equity IPOs? An analysis of initial public offerings in the Netherlands, 1876-2015",2022,,,10.1093/ereh/heab011,https://doi.org/10.1093/ereh/heab011,https://doi.org/10.1093/ereh/heab011,A,Q1,,,,,,published,ORCID
Abe de Jong,0000-0002-2809-5465,,Abacus,The effect of auditor style on reporting quality: evidence from Germany,2021,,,10.1111/abac.12220,https://doi.org/10.1111/abac.12220,https://doi.org/10.1111/abac.12220,A,Q2,,,,,,published,ORCID
Abe de Jong,0000-0002-2809-5465,,Enterprise and Society,"Repurposing institutions: trust offices and the Dutch financial system, 1690s-2000s",2021,,,10.1017/eso.2021.29,https://doi.org/10.1017/eso.2021.29,https://doi.org/10.1017/eso.2021.29,A,Q1,,,,,,published,ORCID
Abe de Jong,0000-0002-2809-5465,,Asia‐Pacific Economic History Review,Research in business history: from theorising to bizhismetrics,2021,,,10.1111/aehr.12221,https://doi.org/10.1111/aehr.12221,https://doi.org/10.1111/aehr.12221,B,,,,,,,published,ORCID
Abe de Jong,0000-0002-2809-5465,,European Review of Economic History,Learning how to manage risk by hedging: the VOC insurance contract of 1613,2020,,,10.1093/ereh/hez003,https://doi.org/10.1093/ereh/hez003,https://doi.org/10.1093/ereh/hez003,A,Q1,,,,,,published,ORCID
Abe de Jong,0000-0002-2809-5465,,Journal of Business Finance & Accounting,Blockholder leverage and payout policy: evidence from French holding companies,2020,,,10.1111/jbfa.12415,https://doi.org/10.1111/jbfa.12415,https://doi.org/10.1111/jbfa.12415,A*,Q1,,,,,,published,ORCID
Abe de Jong,0000-0002-2809-5465,,De Economist,Predicting takeover targets: long-run evidence from the Netherlands,2020,,,10.1007/s10645-020-09364-z,https://doi.org/10.1007/s10645-020-09364-z,https://doi.org/10.1007/s10645-020-09364-z,C,Q3,,,,,,published,ORCID
Abe de Jong,0000-0002-2809-5465,,Venture Capital,What determines success in initial coin offerings?,2020,,,10.1080/13691066.2020.1741127,https://doi.org/10.1080/13691066.2020.1741127,https://doi.org/10.1080/13691066.2020.1741127,B,Q2,,,,,,published,ORCID
Abe de Jong,0000-0002-2809-5465,,Financial History Review,Catering and dividend policy: evidence from the Netherlands over the twentieth century,2019,,,10.1017/s0968565019000209,https://doi.org/10.1017/s0968565019000209,https://doi.org/10.1017/s0968565019000209,B,Q1,,,,,,published,ORCID
Abe de Jong,0000-0002-2809-5465,,Business History,Exceptional big linkers: Dutch evidence from the 20th century,2019,,,10.1080/00076791.2019.1676736,https://doi.org/10.1080/00076791.2019.1676736,https://doi.org/10.1080/00076791.2019.1676736,A*,Q1,,,,,,published,ORCID
Abe de Jong,0000-0002-2809-5465,,Business History,Change of referencing style,2018,,,10.1080/00076791.2017.1386762,https://doi.org/10.1080/00076791.2017.1386762,https://doi.org/10.1080/00076791.2017.1386762,A*,Q1,,,,,,published,ORCID
Abe de Jong,0000-0002-2809-5465,,Journal of Management History,"The changing relation between CEOs and shareholders: a case study on Royal Philips NV, 1971-2001",2017,,,10.1108/jmh-04-2017-0021,https://doi.org/10.1108/jmh-04-2017-0021,https://doi.org/10.1108/jmh-04-2017-0021,B,Q1,,,,,,published,ORCID
Abe de Jong,0000-0002-2809-5465,,Management Science,The international diversification of banks and the value of their cross-border M&A advice,2017,,,10.1287/mnsc.2015.2396,https://doi.org/10.1287/mnsc.2015.2396,https://doi.org/10.1287/mnsc.2015.2396,A*,Q1,,,,,,published,ORCID
Abe de Jong,0000-0002-2809-5465,,Business History,Perspectives articles for Business History,2017,,,10.1080/00076791.2017.1254935,https://doi.org/10.1080/00076791.2017.1254935,https://doi.org/10.1080/00076791.2017.1254935,A*,Q1,,,,,,published,ORCID
Abe de Jong,0000-0002-2809-5465,,Review of Finance,A note on event studies in finance and management research,2016,,,10.1093/rof/rfv037,https://doi.org/10.1093/rof/rfv037,https://doi.org/10.1093/rof/rfv037,A*,Q1,,,,,,published,ORCID
Abe de Jong,0000-0002-2809-5465,,Business History,New business history?,2015,,,10.1080/00076791.2014.977868,https://doi.org/10.1080/00076791.2014.977868,https://doi.org/10.1080/00076791.2014.977868,A*,Q1,,,,,,published,ORCID
Abe de Jong,0000-0002-2809-5465,,Explorations in Economic History,Predicting the past: understanding the causes of bank distress in the Netherlands in the 1920s,2015,,,10.1016/j.eeh.2014.09.001,https://doi.org/10.1016/j.eeh.2014.09.001,https://doi.org/10.1016/j.eeh.2014.09.001,A,Q1,,,,,,published,ORCID
Abe de Jong,0000-0002-2809-5465,,Business History,Towards a new business history?,2015,,,10.1080/00076791.2014.977869,https://doi.org/10.1080/00076791.2014.977869,https://doi.org/10.1080/00076791.2014.977869,A*,Q1,,,,,,published,ORCID
Abe de Jong,0000-0002-2809-5465,,Journal of Corporate Finance,Does familiarity with business segments affect CEOs' divestment decisions?,2014,,,10.1016/j.jcorpfin.2014.07.004,https://doi.org/10.1016/j.jcorpfin.2014.07.004,https://doi.org/10.1016/j.jcorpfin.2014.07.004,A*,Q1,,,,,,published,ORCID
Abe de Jong,0000-0002-2809-5465,,Long Range Planning,To accept or refuse an offer to join the board,2014,,,10.1016/j.lrp.2012.06.001,https://doi.org/10.1016/j.lrp.2012.06.001,https://doi.org/10.1016/j.lrp.2012.06.001,A*,Q1,,,,,,published,ORCID
Abe de Jong,0000-0002-2809-5465,,Review of Accounting Studies,How does earnings management influence investor's perceptions of firm value? Survey evidence from financial analysts,2014,,,10.1007/s11142-013-9250-y,https://doi.org/10.1007/s11142-013-9250-y,https://doi.org/10.1007/s11142-013-9250-y,A*,Q1,,,,,,published,ORCID
Abe de Jong,0000-0002-2809-5465,,The Journal of Economic History,"The formative years of the modern corporation: The Dutch East India Company VOC, 1602-1623",2013,,,10.1017/s0022050713000879,https://doi.org/10.1017/s0022050713000879,https://doi.org/10.1017/s0022050713000879,A*,Q1,,,,,,published,ORCID
Abe de Jong,0000-0002-2809-5465,,Financial Management,Do Convertible Bond Issuers Cater to Investor Demand?,2013,,,10.1111/j.1755-053x.2012.01222.x,https://doi.org/10.1111/j.1755-053x.2012.01222.x,https://doi.org/10.1111/j.1755-053x.2012.01222.x,A*,Q1,,,,,,published,ORCID
Abe de Jong,0000-0002-2809-5465,,Financial Analysts Journal,Convertible arbitrage price pressure and short-sale constraints,2012,,,10.2469/faj.v68.n5.4,https://doi.org/10.2469/faj.v68.n5.4,https://doi.org/10.2469/faj.v68.n5.4,A,Q1,,,,,,published,ORCID
Abe de Jong,0000-0002-2809-5465,,Journal of Financial Research,Does financial flexibility reduce investment distortions?,2012,,,10.1111/j.1475-6803.2012.01316.x,https://doi.org/10.1111/j.1475-6803.2012.01316.x,https://doi.org/10.1111/j.1475-6803.2012.01316.x,A,Q2,,,,,,published,ORCID
Abe de Jong,0000-0002-2809-5465,,Journal of Business Finance & Accounting,Why do firms go public? The role of the product market,2012,,,10.1111/j.1468-5957.2011.02271.x,https://doi.org/10.1111/j.1468-5957.2011.02271.x,https://doi.org/10.1111/j.1468-5957.2011.02271.x,A*,Q1,,,,,,published,ORCID
Abe de Jong,0000-0002-2809-5465,,Journal of Retailing,Strategic Debt in Vertical Relations: Evidence from Franchising,2011,,,10.1016/j.jretai.2010.12.002,https://doi.org/10.1016/j.jretai.2010.12.002,https://doi.org/10.1016/j.jretai.2010.12.002,A*,Q1,,,,,,published,ORCID
Abe de Jong,0000-0002-2809-5465,,Industrial and Corporate Change,"The dynamics of superior performance among the largest firms in the global oil industry, 1954-2008",2011,,,10.1093/icc/dtq065,https://doi.org/10.1093/icc/dtq065,https://doi.org/10.1093/icc/dtq065,A,Q1,,,,,,published,ORCID
Abe de Jong,0000-0002-2809-5465,,Journal of Banking & Finance,Firms' debt-equity decisions when the static tradeoff theory and the pecking order theory disagree,2011,,,10.1016/j.jbankfin.2010.10.006,https://doi.org/10.1016/j.jbankfin.2010.10.006,https://doi.org/10.1016/j.jbankfin.2010.10.006,A*,Q1,,,,,,published,ORCID
Abe de Jong,0000-0002-2809-5465,,Journal of Financial Economics,Why do convertible issuers simultaneously repurchase stock? An arbitrage-based explanation,2011,,,10.1016/j.jfineco.2010.10.016,https://doi.org/10.1016/j.jfineco.2010.10.016,https://doi.org/10.1016/j.jfineco.2010.10.016,A*,Q1,,,,,,published,ORCID
Abe de Jong,0000-0002-2809-5465,,Business History,"Mapping strategy, structure, ownership and performance in European corporations: Introduction",2011,,,10.1080/00076791.2011.546655,https://doi.org/10.1080/00076791.2011.546655,https://doi.org/10.1080/00076791.2011.546655,A*,Q1,,,,,,published,ORCID
Abe de Jong,0000-0002-2809-5465,,Business History,"Strategic and structural responses to international dynamics in the open Dutch economy, 1963-2003",2011,,,10.1080/00076791.2011.546666,https://doi.org/10.1080/00076791.2011.546666,https://doi.org/10.1080/00076791.2011.546666,A*,Q1,,,,,,published,ORCID
Abe de Jong,0000-0002-2809-5465,,Business History Review,"Changing national business systems:Corporate governance and financing in the Netherlands, 1945-2005",2010,,,10.1017/s0007680500002026,https://doi.org/10.1017/s0007680500002026,https://doi.org/10.1017/s0007680500002026,A,Q1,,,,,,published,ORCID
Abe de Jong,0000-0002-2809-5465,,Applied Financial Economics,To have a target debt ratio or not,2010,,,10.1080/09603100903282671,https://doi.org/10.1080/09603100903282671,https://doi.org/10.1080/09603100903282671,B,,,,,,,published,ORCID
Abe de Jong,0000-0002-2809-5465,,Journal of Multinational Financial Management,Who benefits from bond tender offers in Europe?,2009,,,10.1016/j.mulfin.2009.07.003,https://doi.org/10.1016/j.mulfin.2009.07.003,https://doi.org/10.1016/j.mulfin.2009.07.003,B,Q1,,,,,,published,ORCID
Abe de Jong,0000-0002-2809-5465,,European Journal of Law and Economics,Costs and recovery rates in the Dutch liquidation-based bankruptcy system,2008,,,10.1007/s10657-008-9058-6,https://doi.org/10.1007/s10657-008-9058-6,https://doi.org/10.1007/s10657-008-9058-6,C,Q1,,,,,,published,ORCID
Abe de Jong,0000-0002-2809-5465,,Journal of Banking & Finance,Capital structure around the world: The roles of firm- and country-specific determinants,2008,,,10.1016/j.jbankfin.2007.12.034,https://doi.org/10.1016/j.jbankfin.2007.12.034,https://doi.org/10.1016/j.jbankfin.2007.12.034,A*,Q1,,,,,,published,ORCID
Abe de Jong,0000-0002-2809-5465,,The European Journal of Finance,Determinants of leverage and agency problems: A regression approach with survey data,2007,,,10.1080/13518470701198734,https://doi.org/10.1080/13518470701198734,https://doi.org/10.1080/13518470701198734,A,Q1,,,,,,published,ORCID
Abe de Jong,0000-0002-2809-5465,,Journal of Accounting and Public Policy,"Investor relations, reputational bonding, and corporate governance: The case of Royal Ahold",2007,,,10.1016/j.jaccpubpol.2007.03.002,https://doi.org/10.1016/j.jaccpubpol.2007.03.002,https://doi.org/10.1016/j.jaccpubpol.2007.03.002,A*,Q1,,,,,,published,ORCID
Abe de Jong,0000-0002-2809-5465,,International Review of Law and Economics,It takes two to tango: An empirical tale of distressed firms and assisting banks,2006,,,10.1016/j.irle.2007.01.001,https://doi.org/10.1016/j.irle.2007.01.001,https://doi.org/10.1016/j.irle.2007.01.001,B,Q1,,,,,,published,ORCID
Abe de Jong,0000-0002-2809-5465,,Pacific-Basin Finance Journal,Bond underwriting fees and keiretsu affiliation in Japan,2006,,,10.1016/j.pacfin.2006.03.003,https://doi.org/10.1016/j.pacfin.2006.03.003,https://doi.org/10.1016/j.pacfin.2006.03.003,A,Q1,,,,,,published,ORCID
Abe de Jong,0000-0002-2809-5465,,Journal of Management and Governance,Shareholders' voting at general meetings: Evidence from the Netherlands,2006,,,10.1007/s10997-006-9006-1,https://doi.org/10.1007/s10997-006-9006-1,https://doi.org/10.1007/s10997-006-9006-1,C,Q1,,,,,,published,ORCID
Abe de Jong,0000-0002-2809-5465,,Accounting in Europe,The Economic Consequences of IFRS: The Impact of IAS 32 on Preference Shares in the Netherlands,2006,,,10.1080/09638180600920350,https://doi.org/10.1080/09638180600920350,https://doi.org/10.1080/09638180600920350,A,Q1,,,,,,published,ORCID
Abe de Jong,0000-0002-2809-5465,,Journal of Banking & Finance,Capital structure policies in Europe: Survey evidence,2006,,,10.1016/j.jbankfin.2005.02.010,https://doi.org/10.1016/j.jbankfin.2005.02.010,https://doi.org/10.1016/j.jbankfin.2005.02.010,A*,Q1,,,,,,published,ORCID
Abe de Jong,0000-0002-2809-5465,,Journal of International Financial Management and Accounting,A firm-specific analysis of the exchange-rate exposure of Dutch firms,2006,,,10.1111/j.1467-646x.2006.00119.x,https://doi.org/10.1111/j.1467-646x.2006.00119.x,https://doi.org/10.1111/j.1467-646x.2006.00119.x,A,Q1,,,,,,published,ORCID
Abe de Jong,0000-0002-2809-5465,,International Journal of Industrial Organization,Investment and internal finance: Asymmetric information or managerial discretion?,2006,,,10.1016/j.ijindorg.2005.03.006,https://doi.org/10.1016/j.ijindorg.2005.03.006,https://doi.org/10.1016/j.ijindorg.2005.03.006,A*,Q1,,,,,,published,ORCID
Abe de Jong,0000-0002-2809-5465,,Journal of Corporate Finance,The role of self-regulation in corporate governance,2005,,,10.1016/j.jcorpfin.2004.01.002,https://doi.org/10.1016/j.jcorpfin.2004.01.002,https://doi.org/10.1016/j.jcorpfin.2004.01.002,A*,Q1,,,,,,published,ORCID
Abe de Jong,0000-0002-2809-5465,,European Financial Management,The Impact of Institutional Differences on Derivatives Usage: A Comparative Study of US and Dutch Firms,2003,,,10.1111/1468-036x.00221,https://doi.org/10.1111/1468-036x.00221,https://doi.org/10.1111/1468-036x.00221,A,Q1,,,,,,published,ORCID
Abe de Jong,0000-0002-2809-5465,,International Review of Financial Analysis,The dividend and share repurchase policies of Canadian firms: Empirical evidence based on an alternative research design,2003,,,10.1016/s1057-5219(03)00030-9,https://doi.org/10.1016/s1057-5219(03)00030-9,https://doi.org/10.1016/s1057-5219(03)00030-9,A,Q1,,,,,,published,ORCID
Abe de Jong,0000-0002-2809-5465,,Journal of Banking & Finance,An empirical analysis of incremental capital structure decisions under managerial entrenchment,2001,,,10.1016/s0378-4266(00)00163-1,https://doi.org/10.1016/s0378-4266(00)00163-1,https://doi.org/10.1016/s0378-4266(00)00163-1,A*,Q1,,,,,,published,ORCID
Abe de Jong,0000-0002-2809-5465,,The Journal of Futures Markets,Out-of-sample hedging effectiveness of currency futures for alternative models and hedging strategies,1997,,,10.1002/(sici)1096-9934(199710)17:7<817::aid-fut5>3.0.co;2-q,https://doi.org/10.1002/(sici)1096-9934(199710)17:7<817::aid-fut5>3.0.co;2-q,https://doi.org/10.1002/(sici)1096-9934(199710)17:7<817::aid-fut5>3.0.co;2-q,A,Q2,,,,,,published,ORCID
Silvio Contessi,0000-0002-7517-5417,,Finance Research Letters,Credit Derivatives and Bank Systemic Risk: Risk Enhancing or Reducing?,2021,,,10.1016/j.frl.2021.101930,https://doi.org/10.1016/j.frl.2021.101930,https://doi.org/10.1016/j.frl.2021.101930,A,Q1,,,,,,published,ORCID
Silvio Contessi,0000-0002-7517-5417,,Finance Research Letters,The international spread of COVID-19 stock market collapses,2021,,,10.1016/j.frl.2020.101894,https://doi.org/10.1016/j.frl.2020.101894,https://doi.org/10.1016/j.frl.2020.101894,A,Q1,,,,,,published,ORCID
Silvio Contessi,0000-0002-7517-5417,,European Journal of Operational Research,Mildly explosive dynamics in U.S. fixed income markets,2020,,,10.1016/j.ejor.2020.03.053,https://doi.org/10.1016/j.ejor.2020.03.053,https://doi.org/10.1016/j.ejor.2020.03.053,A*,Q1,,,,,,published,ORCID
Silvio Contessi,0000-0002-7517-5417,,Journal of Economic Behavior and Organization,Financial choice and international trade,2019,,,10.1016/j.jebo.2017.12.008,https://doi.org/10.1016/j.jebo.2017.12.008,https://doi.org/10.1016/j.jebo.2017.12.008,A*,Q1,,,,,,published,ORCID
Silvio Contessi,0000-0002-7517-5417,,Journal of Economic Dynamics and Control,Multinational firms' entry and productivity: Some aggregate implications of firm-level heterogeneity,2015,,,10.1016/j.jedc.2015.09.002,https://doi.org/10.1016/j.jedc.2015.09.002,https://doi.org/10.1016/j.jedc.2015.09.002,A*,Q1,,,,,,published,ORCID
Silvio Contessi,0000-0002-7517-5417,,Journal of Economic Dynamics and Control,Understanding the accumulation of bank and thrift reserves during the U.S. financial crisis,2014,,,10.1016/j.jedc.2014.02.007,https://doi.org/10.1016/j.jedc.2014.02.007,https://doi.org/10.1016/j.jedc.2014.02.007,A*,Q1,,,,,,published,ORCID
Silvio Contessi,0000-0002-7517-5417,,Journal of Empirical Finance,How did the financial crisis alter the correlations of U.S. yield spreads?,2014,,,10.1016/j.jempfin.2014.04.005,https://doi.org/10.1016/j.jempfin.2014.04.005,https://doi.org/10.1016/j.jempfin.2014.04.005,A,Q1,,,,,,published,ORCID
Silvio Contessi,0000-0002-7517-5417,,Journal of International Money and Finance,The cyclical properties of disaggregated capital flows,2013,,,10.1016/j.jimonfin.2012.05.023,https://doi.org/10.1016/j.jimonfin.2012.05.023,https://doi.org/10.1016/j.jimonfin.2012.05.023,A,Q1,,,,,,published,ORCID
Silvio Contessi,0000-0002-7517-5417,,Economic Inquiry,U.S. Commercial bank lending through 2008:q4: New evidence from gross credit flows,2013,,,10.1111/j.1465-7295.2010.00356.x,https://doi.org/10.1111/j.1465-7295.2010.00356.x,https://doi.org/10.1111/j.1465-7295.2010.00356.x,A,Q1,,,,,,published,ORCID
Silvio Contessi,0000-0002-7517-5417,,Pacific Economic Review,(Non-)resiliency of foreign direct investment in the united states during the 2007-2009 financial crisis,2012,,,10.1111/j.1468-0106.2012.00589.x,https://doi.org/10.1111/j.1468-0106.2012.00589.x,https://doi.org/10.1111/j.1468-0106.2012.00589.x,B,Q2,,,,,,published,ORCID
Silvio Contessi,0000-0002-7517-5417,,Economics Letters,Changes in the second-moment properties of disaggregated capital flows,2012,,,10.1016/j.econlet.2011.12.015,https://doi.org/10.1016/j.econlet.2011.12.015,https://doi.org/10.1016/j.econlet.2011.12.015,A,Q2,,,,,,published,ORCID
Silvio Contessi,0000-0002-7517-5417,,The North American Journal of Economics and Finance,Do European capital flows comove?,2009,,,10.1016/j.najef.2009.02.002,https://doi.org/10.1016/j.najef.2009.02.002,https://doi.org/10.1016/j.najef.2009.02.002,B,Q2,,,,,,published,ORCID
Philip Gharghori,0000-0002-6148-7305,,Public Money & Management,Attracting investors for public health programmes with Social Impact Bonds,2020,,,10.1080/09540962.2020.1714312,https://doi.org/10.1080/09540962.2020.1714312,https://doi.org/10.1080/09540962.2020.1714312,A,Q1,,,,,,published,ORCID
Philip Gharghori,0000-0002-6148-7305,,International Review of Finance,Internet Search Intensity and Its Relation with Trading Activity and Stock Returns,2019,,,10.1111/irfi.12268,https://doi.org/10.1111/irfi.12268,https://doi.org/10.1111/irfi.12268,A,Q2,,,,,,published,ORCID
Philip Gharghori,0000-0002-6148-7305,,Pacific-Basin Finance Journal,Which model best explains the returns of large Australian stocks?,2019,,,10.1016/j.pacfin.2019.04.002,https://doi.org/10.1016/j.pacfin.2019.04.002,https://doi.org/10.1016/j.pacfin.2019.04.002,A,Q1,,,,,,published,ORCID
Philip Gharghori,0000-0002-6148-7305,,International Review of Finance,Comovement in Anomalies between the Australian and US Equity Markets,2018,,,10.1111/irfi.12249,https://doi.org/10.1111/irfi.12249,https://doi.org/10.1111/irfi.12249,A,Q2,,,,,,published,ORCID
Philip Gharghori,0000-0002-6148-7305,,Journal of Financial and Quantitative Analysis,Informed Trading around Stock Split Announcements: Evidence from the Option Market,2017,,,10.1017/s0022109017000023,https://doi.org/10.1017/s0022109017000023,https://doi.org/10.1017/s0022109017000023,A*,Q1,,,,,,published,ORCID
Philip Gharghori,0000-0002-6148-7305,,Journal of Business Ethics,The Financial Performance of Socially Responsible Investments: Insights from the Intertemporal CAPM,2017,,,10.1007/s10551-015-2894-8,https://doi.org/10.1007/s10551-015-2894-8,https://doi.org/10.1007/s10551-015-2894-8,A,Q1,,,,,,published,ORCID
Philip Gharghori,0000-0002-6148-7305,,Applied Economics,How is β related to asset returns?,2016,,,10.1080/00036846.2015.1111985,https://doi.org/10.1080/00036846.2015.1111985,https://doi.org/10.1080/00036846.2015.1111985,A,Q2,,,,,,published,ORCID
Philip Gharghori,0000-0002-6148-7305,,International Review of Economics & Finance,Non-nested tests of a GDP-augmented Fama-French model versus a conditional Fama-French model in the Australian stock market,2014,,,10.1016/j.iref.2013.07.007,https://doi.org/10.1016/j.iref.2013.07.007,https://doi.org/10.1016/j.iref.2013.07.007,A,Q1,,,,,,published,ORCID
Philip Gharghori,0000-0002-6148-7305,,Journal of Business Ethics,An Empirical Study of the World Price of Sustainability,2013,,,10.1007/s10551-012-1342-2,https://doi.org/10.1007/s10551-012-1342-2,https://doi.org/10.1007/s10551-012-1342-2,A,Q1,,,,,,published,ORCID
Philip Gharghori,0000-0002-6148-7305,,Australian Journal of Management,Liquidity in asset pricing: New Australian evidence using low-frequency data,2013,,,10.1177/0312896213489143,https://doi.org/10.1177/0312896213489143,https://doi.org/10.1177/0312896213489143,A,Q1,,,,,,published,ORCID
Philip Gharghori,0000-0002-6148-7305,,Journal of Banking & Finance,Pricing innovations in consumption growth: A re-evaluation of the recursive utility model,2013,,,10.1016/j.jbankfin.2012.08.015,https://doi.org/10.1016/j.jbankfin.2012.08.015,https://doi.org/10.1016/j.jbankfin.2012.08.015,A*,Q1,,,,,,published,ORCID
Philip Gharghori,0000-0002-6148-7305,,Accounting and Finance,Value versus growth: Australian evidence,2013,,,10.1111/j.1467-629x.2012.00474.x,https://doi.org/10.1111/j.1467-629x.2012.00474.x,https://doi.org/10.1111/j.1467-629x.2012.00474.x,A,Q1,,,,,,published,ORCID
Philip Gharghori,0000-0002-6148-7305,,Pacific-Basin Finance Journal,Difference of opinion and the cross-section of equity returns: Australian evidence,2011,,,10.1016/j.pacfin.2011.03.004,https://doi.org/10.1016/j.pacfin.2011.03.004,https://doi.org/10.1016/j.pacfin.2011.03.004,A,Q1,,,,,,published,ORCID
Philip Gharghori,0000-0002-6148-7305,,"Journal of International Financial Markets, Institutions and Money",Migration and its contribution to the size and value premiums: Australian evidence,2010,,,10.1016/j.intfin.2009.11.003,https://doi.org/10.1016/j.intfin.2009.11.003,https://doi.org/10.1016/j.intfin.2009.11.003,A,Q1,,,,,,published,ORCID
Philip Gharghori,0000-0002-6148-7305,,International Review of Financial Analysis,New evidence on the relation between stock liquidity and measures of trading activity,2010,,,10.1016/j.irfa.2010.02.005,https://doi.org/10.1016/j.irfa.2010.02.005,https://doi.org/10.1016/j.irfa.2010.02.005,A,Q1,,,,,,published,ORCID
Philip Gharghori,0000-0002-6148-7305,,Accounting and Finance,Anomalies and stock returns: Australian evidence,2009,,,10.1111/j.1467-629x.2009.00298.x,https://doi.org/10.1111/j.1467-629x.2009.00298.x,https://doi.org/10.1111/j.1467-629x.2009.00298.x,A,Q1,,,,,,published,ORCID
Philip Gharghori,0000-0002-6148-7305,,Review of Quantitative Finance and Accounting,Are the Fama-French factors proxying news related to GDP growth? The Australian evidence,2009,,,10.1007/s11156-009-0137-8,https://doi.org/10.1007/s11156-009-0137-8,https://doi.org/10.1007/s11156-009-0137-8,B,Q2,,,,,,published,ORCID
Philip Gharghori,0000-0002-6148-7305,,Pacific-Basin Finance Journal,Default risk and equity returns: Australian evidence,2009,,,10.1016/j.pacfin.2009.03.001,https://doi.org/10.1016/j.pacfin.2009.03.001,https://doi.org/10.1016/j.pacfin.2009.03.001,A,Q1,,,,,,published,ORCID
Philip Gharghori,0000-0002-6148-7305,,Australian Journal of Management,Are Australian Investors Smart?,2008,,,10.1177/031289620803200308,https://doi.org/10.1177/031289620803200308,https://doi.org/10.1177/031289620803200308,A,Q1,,,,,,published,ORCID
Philip Gharghori,0000-0002-6148-7305,,Applied Financial Economics Letters,Are stock returns related toshort-term and long-term past returns? Australian evidence,2008,,,10.1080/17446540701720535,https://doi.org/10.1080/17446540701720535,https://doi.org/10.1080/17446540701720535,,,,,,,,published,ORCID
Philip Gharghori,0000-0002-6148-7305,,Applied Financial Economics Letters,An examination of conditional asset pricing models in the Australian equities market,2007,,,10.1080/17446540701222409,https://doi.org/10.1080/17446540701222409,https://doi.org/10.1080/17446540701222409,,,,,,,,published,ORCID
Philip Gharghori,0000-0002-6148-7305,,Australian Journal of Management,Are the Fama-French Factors Proxying Default Risk?,2007,,,10.1177/031289620703200204,https://doi.org/10.1177/031289620703200204,https://doi.org/10.1177/031289620703200204,A,Q1,,,,,,published,ORCID
Philip Gharghori,0000-0002-6148-7305,,Pacific-Basin Finance Journal,How smart is money? An investigation into investor behaviour in the Australian managed fund industry,2007,,,10.1016/j.pacfin.2006.10.002,https://doi.org/10.1016/j.pacfin.2006.10.002,https://doi.org/10.1016/j.pacfin.2006.10.002,A,Q1,,,,,,published,ORCID
Philip Gharghori,0000-0002-6148-7305,,Review of Quantitative Finance and Accounting,The relation between R&D intensity and future market returns: Does expensing versus capitalization matter?,2007,,,10.1007/s11156-007-0023-1,https://doi.org/10.1007/s11156-007-0023-1,https://doi.org/10.1007/s11156-007-0023-1,B,Q2,,,,,,published,ORCID
Philip Gharghori,0000-0002-6148-7305,,Pacific Accounting Review,Factors or characteristics? That is the question,2006,,,10.1108/01140580610732769,https://doi.org/10.1108/01140580610732769,https://doi.org/10.1108/01140580610732769,B,Q2,,,,,,published,ORCID
Philip Gharghori,0000-0002-6148-7305,,Australian Journal of Management,Investigating the Performance of Alternative Default-Risk Models: Option-Based Versus Accounting-Based Approaches,2006,,,10.1177/031289620603100203,https://doi.org/10.1177/031289620603100203,https://doi.org/10.1177/031289620603100203,A,Q1,,,,,,published,ORCID
Paul Lajbcygier,0000-0003-2064-9774,,Journal of Financial Research,Who can see the iceberg's peak? How icebergs are used by information and liquidity traders,2025,,,10.1111/jfir.12414,https://doi.org/10.1111/jfir.12414,https://doi.org/10.1111/jfir.12414,A,Q2,,,,,,published,ORCID
Paul Lajbcygier,0000-0003-2064-9774,,Financial Analysts Journal,Factor Replication with Industry Stratification,2023,,,10.1080/0015198x.2023.2215252,https://doi.org/10.1080/0015198x.2023.2215252,https://doi.org/10.1080/0015198x.2023.2215252,A,Q1,,,,,,published,ORCID
Paul Lajbcygier,0000-0003-2064-9774,,Australian Journal of Management,Nonlinear hedge fund index clones?,2023,,,10.1177/03128962221102184,https://doi.org/10.1177/03128962221102184,https://doi.org/10.1177/03128962221102184,A,Q1,,,,,,published,ORCID
Barry Williams,0000-0001-8751-1003,,Applied Economics,The probability of Chapter 11 firms refiling again: a censored hazard approach,2025,,,10.1080/00036846.2024.2316667,https://doi.org/10.1080/00036846.2024.2316667,https://doi.org/10.1080/00036846.2024.2316667,A,Q2,,,,,,published,ORCID
Barry Williams,0000-0001-8751-1003,,Journal of Banking & Finance,The impact of non-interest income on bank risk in Australia,2016,,,10.1016/j.jbankfin.2016.07.019,https://doi.org/10.1016/j.jbankfin.2016.07.019,https://doi.org/10.1016/j.jbankfin.2016.07.019,A*,Q1,,,,,,published,ORCID
Barry Williams,0000-0001-8751-1003,,Journal of the Asia Pacific Economy,Income volatility of Indonesian banks after the Asian Financial Crisis,2013,,,10.1080/13547860.2013.778159,https://doi.org/10.1080/13547860.2013.778159,https://doi.org/10.1080/13547860.2013.778159,B,Q2,,,,,,published,ORCID
Barry Williams,0000-0001-8751-1003,,Australian Journal of Management,The chicken or the egg? The trade-off between bank fee income and net interest margins,2013,,,10.1177/0312896212440268,https://doi.org/10.1177/0312896212440268,https://doi.org/10.1177/0312896212440268,A,Q1,,,,,,published,ORCID
Barry Williams,0000-0001-8751-1003,,International Journal of Managerial Finance,Bank risk and return: The impact of bank non-interest income,2010,,,10.1108/17439131011056233,https://doi.org/10.1108/17439131011056233,https://doi.org/10.1108/17439131011056233,A,Q2,,,,,,published,ORCID
Barry Williams,0000-0001-8751-1003,,"Journal of International Financial Markets, Institutions and Money",What determines differences in foreign bank efficiency? Australian evidence,2010,,,10.1016/j.intfin.2010.03.008,https://doi.org/10.1016/j.intfin.2010.03.008,https://doi.org/10.1016/j.intfin.2010.03.008,A,Q1,,,,,,published,ORCID
Barry Williams,0000-0001-8751-1003,,Managerial Finance,Foreign bank efficiency in Australia: What makes a difference?,2009,,,10.1108/03074350910923509,https://doi.org/10.1108/03074350910923509,https://doi.org/10.1108/03074350910923509,B,Q2,,,,,,published,ORCID
Barry Williams,0000-0001-8751-1003,,Journal of Banking & Finance,Characteristics determining the efficiency of foreign banks in Australia,2008,,,10.1016/j.jbankfin.2007.12.029,https://doi.org/10.1016/j.jbankfin.2007.12.029,https://doi.org/10.1016/j.jbankfin.2007.12.029,A*,Q1,,,,,,published,ORCID
Barry Williams,0000-0001-8751-1003,,Journal of Banking & Finance,"Foreign bank entry, deregulation and bank efficiency: Lessons from the Australian experience",2004,,,10.1016/j.jbankfin.2003.06.005,https://doi.org/10.1016/j.jbankfin.2003.06.005,https://doi.org/10.1016/j.jbankfin.2003.06.005,A*,Q1,,,,,,published,ORCID
Barry Williams,0000-0001-8751-1003,,Journal of Banking & Finance,Domestic and international determinants of bank profits: Foreign banks in Australia,2003,,,10.1016/s0378-4266(02)00251-0,https://doi.org/10.1016/s0378-4266(02)00251-0,https://doi.org/10.1016/s0378-4266(02)00251-0,A*,Q1,,,,,,published,ORCID
Barry Williams,0000-0001-8751-1003,,Journal of Economic Surveys,Positive theories of multinational banking,1997,,,10.1111/1467-6419.00024,https://doi.org/10.1111/1467-6419.00024,https://doi.org/10.1111/1467-6419.00024,A,Q1,,,,,,published,ORCID
Barry Williams,0000-0001-8751-1003,,Applied Economics,Determinants of the performance of Japanese financial institutions in Australia 1987-1992,1996,,,10.1080/000368496327994,https://doi.org/10.1080/000368496327994,https://doi.org/10.1080/000368496327994,A,Q2,,,,,,published,ORCID
Jin Yu,0000-0002-1517-2740,,Journal of Financial Economics,Social preferences and corporate investment,2025,,,10.1016/j.jfineco.2025.104139,https://doi.org/10.1016/j.jfineco.2025.104139,https://doi.org/10.1016/j.jfineco.2025.104139,A*,Q1,,,,,,published,ORCID
Jin Yu,0000-0002-1517-2740,,Management Science,Credit Default Swaps and Debt Overhang,2022,,,10.1287/mnsc.2020.3953,https://doi.org/10.1287/mnsc.2020.3953,https://doi.org/10.1287/mnsc.2020.3953,A*,Q1,,,,,,published,ORCID
Zhe An,0000-0002-6977-2186,,Journal of Empirical Finance,Does media affect the rival response to acquisition targets?,2024,,,10.1016/j.jempfin.2024.101475,https://doi.org/10.1016/j.jempfin.2024.101475,https://doi.org/10.1016/j.jempfin.2024.101475,A,Q1,,,,,,published,ORCID
Zhe An,0000-0002-6977-2186,,Accounting and Finance,Do foreign institutional investors monitor opportunistic managerial behaviour? Evidence from real earnings management,2023,,,10.1111/acfi.13015,https://doi.org/10.1111/acfi.13015,https://doi.org/10.1111/acfi.13015,A,Q1,,,,,,published,ORCID
Zhe An,0000-0002-6977-2186,,Corporate Governance: an international review,Foreign institutional ownership and corporate risk‐taking: International evidence,2023,,,10.1111/corg.12456,https://doi.org/10.1111/corg.12456,https://doi.org/10.1111/corg.12456,A,Q1,,,,,,published,ORCID
Zhe An,0000-0002-6977-2186,,Journal of Business Finance & Accounting,"Dividend payouts, cash‐flow uncertainty and the role of institutions",2022,,,10.1111/jbfa.12595,https://doi.org/10.1111/jbfa.12595,https://doi.org/10.1111/jbfa.12595,A*,Q1,,,,,,published,ORCID
Zhe An,0000-0002-6977-2186,,Journal of Corporate Finance,Foreign institutional ownership and the speed of leverage adjustment: International evidence,2021,,,10.1016/j.jcorpfin.2021.101966,https://doi.org/10.1016/j.jcorpfin.2021.101966,https://doi.org/10.1016/j.jcorpfin.2021.101966,A*,Q1,,,,,,published,ORCID
Zhe An,0000-0002-6977-2186,,Accounting and Finance,Does internal information quality impact corporate cash holdings? Evidence from China,2021,,,10.1111/acfi.12657,https://doi.org/10.1111/acfi.12657,https://doi.org/10.1111/acfi.12657,A,Q1,,,,,,published,ORCID
Zhe An,0000-0002-6977-2186,,Journal of Corporate Finance,Does media coverage deter firms from withholding bad news? Evidence from stock price crash risk,2020,,,10.1016/j.jcorpfin.2020.101664,https://doi.org/10.1016/j.jcorpfin.2020.101664,https://doi.org/10.1016/j.jcorpfin.2020.101664,A*,Q1,,,,,,published,ORCID
Zhe An,0000-0002-6977-2186,,European Financial Management,Does individualistic culture impact operational risk?,2019,,,10.1111/eufm.12246,https://doi.org/10.1111/eufm.12246,https://doi.org/10.1111/eufm.12246,A,Q1,,,,,,published,ORCID
Zhe An,0000-0002-6977-2186,,Journal of International Business Studies,Individualism and stock price crash risk,2018,,,10.1057/s41267-018-0150-z,https://doi.org/10.1057/s41267-018-0150-z,https://doi.org/10.1057/s41267-018-0150-z,A*,Q1,,,,,,published,ORCID
Zhe An,0000-0002-6977-2186,,International Review of Finance,The Impact of Firm-Level Illiquidity on Crash Risk and the Role of Media Independence: International Evidence,2018,,,10.1111/irfi.12162,https://doi.org/10.1111/irfi.12162,https://doi.org/10.1111/irfi.12162,A,Q2,,,,,,published,ORCID
Zhe An,0000-0002-6977-2186,,Journal of Corporate Finance,Do financial analysts play a role in shaping the rival response of target firms? International evidence,2017,,,10.1016/j.jcorpfin.2017.04.011,https://doi.org/10.1016/j.jcorpfin.2017.04.011,https://doi.org/10.1016/j.jcorpfin.2017.04.011,A*,Q1,,,,,,published,ORCID
Zhe An,0000-0002-6977-2186,,Journal of Banking & Finance,"Earnings management, capital structure, and the role of institutional environments",2016,,,10.1016/j.jbankfin.2016.02.007,https://doi.org/10.1016/j.jbankfin.2016.02.007,https://doi.org/10.1016/j.jbankfin.2016.02.007,A*,Q1,,,,,,published,ORCID
Zhe An,0000-0002-6977-2186,,Journal of Corporate Finance,"Firm crash risk, information environment, and speed of leverage adjustment",2015,,,10.1016/j.jcorpfin.2015.01.015,https://doi.org/10.1016/j.jcorpfin.2015.01.015,https://doi.org/10.1016/j.jcorpfin.2015.01.015,A*,Q1,,,,,,published,ORCID
Hue Hwa Au Yong,0000-0003-4739-2016,,International Review of Economics & Finance,Corporate integrity and corporate cash reserves: Insights from textual analysis,2026,,,10.1016/j.iref.2026.105045,https://doi.org/10.1016/j.iref.2026.105045,https://doi.org/10.1016/j.iref.2026.105045,A,Q1,,,,,,published,ORCID
Hue Hwa Au Yong,0000-0003-4739-2016,,Business Strategy and the Environment,Biodiversity Reporting and Climate Policy Uncertainty,2026,,,10.1002/bse.70226,https://doi.org/10.1002/bse.70226,https://doi.org/10.1002/bse.70226,A,Q1,,,,,,published,ORCID
Hue Hwa Au Yong,0000-0003-4739-2016,,Business Strategy and the Environment,"Greenwashing, carbon emission, and ESG",2024,,,10.1002/bse.3929,https://doi.org/10.1002/bse.3929,https://doi.org/10.1002/bse.3929,A,Q1,,,,,,published,ORCID
Kym Brown,0000-0002-0306-2982,,Journal of Financial Research,Daily entry and exit triggers for open market repurchases,2026,,,10.1111/jfir.12470,https://doi.org/10.1111/jfir.12470,https://doi.org/10.1111/jfir.12470,A,Q2,,,,,,published,ORCID
Kym Brown,0000-0002-0306-2982,,Quantitative Finance,Partial differential equations for Asian option prices,2016,,,10.1080/14697688.2015.1052838,https://doi.org/10.1080/14697688.2015.1052838,https://doi.org/10.1080/14697688.2015.1052838,A,Q1,,,,,,published,ORCID
Kym Brown,0000-0002-0306-2982,,Journal of Financial Economic Policy,Regulatory change in Australia and New Zealand following the global financial crisis,2015,,,10.1108/jfep-11-2014-0072,https://doi.org/10.1108/jfep-11-2014-0072,https://doi.org/10.1108/jfep-11-2014-0072,B,Q2,,,,,,published,ORCID
Kym Brown,0000-0002-0306-2982,,Abacus,The dividend substitution hypothesis: Australian evidence,2015,,,10.1111/abac.12041,https://doi.org/10.1111/abac.12041,https://doi.org/10.1111/abac.12041,A,Q2,,,,,,published,ORCID
Kym Brown,0000-0002-0306-2982,,"Journal of International Financial Markets, Institutions and Money",Banking crises: Identifying dates and determinants,2014,,,10.1016/j.intfin.2014.05.004,https://doi.org/10.1016/j.intfin.2014.05.004,https://doi.org/10.1016/j.intfin.2014.05.004,A,Q1,,,,,,published,ORCID
Kym Brown,0000-0002-0306-2982,,International Review of Finance,Off-market buybacks in Australia: Evidence of abnormal trading around key dates,2014,,,10.1111/irfi.12037,https://doi.org/10.1111/irfi.12037,https://doi.org/10.1111/irfi.12037,A,Q2,,,,,,published,ORCID
Kym Brown,0000-0002-0306-2982,,The Journal of Futures Markets,The relation between market liquidity and anonymity in the presence of tick size constraints,2014,,,10.1002/fut.21580,https://doi.org/10.1002/fut.21580,https://doi.org/10.1002/fut.21580,A,Q2,,,,,,published,ORCID
Kym Brown,0000-0002-0306-2982,,The Journal of Futures Markets,A closer look at barrier exchange options,2013,,,10.1002/fut.20554,https://doi.org/10.1002/fut.20554,https://doi.org/10.1002/fut.20554,A,Q2,,,,,,published,ORCID
Kym Brown,0000-0002-0306-2982,,Accounting and Finance,"Taxes, tenders and the design of Australian off-market share repurchases",2012,,,10.1111/j.1467-629x.2011.00445.x,https://doi.org/10.1111/j.1467-629x.2011.00445.x,https://doi.org/10.1111/j.1467-629x.2011.00445.x,A,Q1,,,,,,published,ORCID
Kym Brown,0000-0002-0306-2982,,Australian Journal of Management,"The collapse of Pasminco: Misjudgment, misfortune and miscalculation",2011,,,10.1177/0312896211410795,https://doi.org/10.1177/0312896211410795,https://doi.org/10.1177/0312896211410795,A,Q1,,,,,,published,ORCID
Kym Brown,0000-0002-0306-2982,,The Journal of Futures Markets,"Exchange traded contracts for difference: Design, pricing, and effects",2010,,,10.1002/fut.20475,https://doi.org/10.1002/fut.20475,https://doi.org/10.1002/fut.20475,A,Q2,,,,,,published,ORCID
Kym Brown,0000-0002-0306-2982,,Accounting and Finance,Management choice of buyback method: Australian evidence,2010,,,10.1111/j.1467-629x.2010.00349.x,https://doi.org/10.1111/j.1467-629x.2010.00349.x,https://doi.org/10.1111/j.1467-629x.2010.00349.x,A,Q1,,,,,,published,ORCID
Kym Brown,0000-0002-0306-2982,,Journal of Banking & Finance,Capital management in mutual financial institutions,2009,,,10.1016/j.jbankfin.2008.08.016,https://doi.org/10.1016/j.jbankfin.2008.08.016,https://doi.org/10.1016/j.jbankfin.2008.08.016,A*,Q1,,,,,,published,ORCID
Kym Brown,0000-0002-0306-2982,,Journal of Financial Research,Keiretsu Affiliation and Stock-Market-Driven Acquisitions,2009,,,10.1111/j.1475-6803.2009.01258.x,https://doi.org/10.1111/j.1475-6803.2009.01258.x,https://doi.org/10.1111/j.1475-6803.2009.01258.x,A,Q2,,,,,,published,ORCID
Kym Brown,0000-0002-0306-2982,,Review of Financial Economics,"Public private partnerships: Incentives, risk transfer and real options",2007,,,10.1016/j.rfe.2007.03.002,https://doi.org/10.1016/j.rfe.2007.03.002,https://doi.org/10.1016/j.rfe.2007.03.002,B,Q3,,,,,,published,ORCID
Kym Brown,0000-0002-0306-2982,,The Australian Economic Review,Financing transport infrastructure: For whom the road tolls,2005,,,10.1111/j.1467-8462.2005.00386.x,https://doi.org/10.1111/j.1467-8462.2005.00386.x,https://doi.org/10.1111/j.1467-8462.2005.00386.x,B,Q3,,,,,,published,ORCID
Kym Brown,0000-0002-0306-2982,,International Review of Finance,The effect of taxation on equal access share buybacks in Australia,2005,,,10.1111/j.1468-2443.2006.00055x,https://doi.org/10.1111/j.1468-2443.2006.00055x,https://doi.org/10.1111/j.1468-2443.2006.00055x,A,Q2,,,,,,published,ORCID
Kym Brown,0000-0002-0306-2982,,Australian Accounting Review,Risk-adjusted discount rates and projects of unequal lives,2003,,,10.1111/j.1835-2561.2003.tb00220.x,https://doi.org/10.1111/j.1835-2561.2003.tb00220.x,https://doi.org/10.1111/j.1835-2561.2003.tb00220.x,B,Q2,,,,,,published,ORCID
Özlem Dursun-de Neef,0000-0002-8487-3911,,European Economic Review,How do banks propagate economic shocks?,2026,,,10.1016/j.euroecorev.2026.105330,https://doi.org/10.1016/j.euroecorev.2026.105330,https://doi.org/10.1016/j.euroecorev.2026.105330,A*,Q1,,,,,,published,ORCID
Özlem Dursun-de Neef,0000-0002-8487-3911,,Journal of Banking & Finance,Foreign bank lending during COVID-19,2025,,,10.1016/j.jbankfin.2025.107488,https://doi.org/10.1016/j.jbankfin.2025.107488,https://doi.org/10.1016/j.jbankfin.2025.107488,A*,Q1,,,,,,published,ORCID
Özlem Dursun-de Neef,0000-0002-8487-3911,,The European Accounting Review,"Monetary Policy, Held-to-Maturity Securities, and Uninsured Deposit Withdrawals",2025,,,10.1080/09638180.2025.2478164,https://doi.org/10.1080/09638180.2025.2478164,https://doi.org/10.1080/09638180.2025.2478164,A*,Q1,,,,,,published,ORCID
Özlem Dursun-de Neef,0000-0002-8487-3911,,Journal of Banking & Finance,"Cost of credit, mortgage demand and house prices",2023,,,10.1016/j.jbankfin.2023.106953,https://doi.org/10.1016/j.jbankfin.2023.106953,https://doi.org/10.1016/j.jbankfin.2023.106953,A*,Q1,,,,,,published,ORCID
Özlem Dursun-de Neef,0000-0002-8487-3911,,Journal of Banking & Finance,Countercyclical capital buffers and credit supply: Evidence from the COVID-19 crisis,2023,,,10.1016/j.jbankfin.2023.106930,https://doi.org/10.1016/j.jbankfin.2023.106930,https://doi.org/10.1016/j.jbankfin.2023.106930,A*,Q1,,,,,,published,ORCID
Özlem Dursun-de Neef,0000-0002-8487-3911,,Journal of Banking & Finance,"Bank specialization, mortgage lending and house prices",2023,,,10.1016/j.jbankfin.2023.106836,https://doi.org/10.1016/j.jbankfin.2023.106836,https://doi.org/10.1016/j.jbankfin.2023.106836,A*,Q1,,,,,,published,ORCID
Özlem Dursun-de Neef,0000-0002-8487-3911,,Journal of Empirical Finance,"COVID-19, bank deposits, and lending",2022,,,10.1016/j.jempfin.2022.05.003,https://doi.org/10.1016/j.jempfin.2022.05.003,https://doi.org/10.1016/j.jempfin.2022.05.003,A,Q1,,,,,,published,ORCID
Özlem Dursun-de Neef,0000-0002-8487-3911,,Journal of Banking & Finance,COVID-19 and lending responses of European banks,2021,,,10.1016/j.jbankfin.2021.106236,https://doi.org/10.1016/j.jbankfin.2021.106236,https://doi.org/10.1016/j.jbankfin.2021.106236,A*,Q1,,,,,,published,ORCID
Özlem Dursun-de Neef,0000-0002-8487-3911,,Journal of Banking & Finance,Procyclical leverage: Evidence from banks’ lending and financing decisions,2020,,,10.1016/j.jbankfin.2020.105756,https://doi.org/10.1016/j.jbankfin.2020.105756,https://doi.org/10.1016/j.jbankfin.2020.105756,A*,Q1,,,,,,published,ORCID
Özlem Dursun-de Neef,0000-0002-8487-3911,,Review of Finance,The transmission of bank liquidity shocks: Evidence from house prices,2019,,,10.1093/rof/rfy001,https://doi.org/10.1093/rof/rfy001,https://doi.org/10.1093/rof/rfy001,A*,,,,,,,published,ORCID
Li Ge,0000-0001-9988-005X,,International Review of Finance,Bond defaults in China: Using machine learning to make predictions,2025,,,10.1111/irfi.70010,https://doi.org/10.1111/irfi.70010,https://doi.org/10.1111/irfi.70010,A,Q2,,,,,,published,ORCID
Li Ge,0000-0001-9988-005X,,Journal of Banking & Finance,CEO overconfidence and the choice of debt issuance,2024,,,10.1016/j.jbankfin.2024.107099,https://doi.org/10.1016/j.jbankfin.2024.107099,https://doi.org/10.1016/j.jbankfin.2024.107099,A*,Q1,,,,,,published,ORCID
Li Ge,0000-0001-9988-005X,,Journal of Financial Economics,Why does the option to stock volume ratio predict stock returns?,2016,,,10.1016/j.jfineco.2015.08.019,https://doi.org/10.1016/j.jfineco.2015.08.019,https://doi.org/10.1016/j.jfineco.2015.08.019,A*,Q1,,,,,,published,ORCID
Li Ge,0000-0001-9988-005X,,Journal of Financial and Quantitative Analysis,Informational Content of Options Trading on Acquirer Announcement Return,2015,,,10.1017/s0022109015000484,https://doi.org/10.1017/s0022109015000484,https://doi.org/10.1017/s0022109015000484,A*,Q1,,,,,,published,ORCID
Abey Gunasekarage,0000-0003-4934-881X,,International Journal of Managerial Finance,CEO power and financial statement comparability,2025,,,10.1108/ijmf-01-2024-0045,https://doi.org/10.1108/ijmf-01-2024-0045,https://doi.org/10.1108/ijmf-01-2024-0045,A,Q2,,,,,,published,ORCID
Abey Gunasekarage,0000-0003-4934-881X,,Corporate Governance: an international review,Does managerial ability matter for corporate climate change disclosures?,2023,,,10.1111/corg.12436,https://doi.org/10.1111/corg.12436,https://doi.org/10.1111/corg.12436,A,Q1,,,,,,published,ORCID
Abey Gunasekarage,0000-0003-4934-881X,,International Journal of Managerial Finance,CEO pay slice and acquisitions in Australia: the role of tournament incentives,2022,,,10.1108/ijmf-06-2021-0292,https://doi.org/10.1108/ijmf-06-2021-0292,https://doi.org/10.1108/ijmf-06-2021-0292,A,Q2,,,,,,published,ORCID
Abey Gunasekarage,0000-0003-4934-881X,,Accounting and Finance,Does takeover competition affect acquisition choices and bidding firm performance? Australian evidence,2020,,,10.1111/acfi.12527,https://doi.org/10.1111/acfi.12527,https://doi.org/10.1111/acfi.12527,A,Q1,,,,,,published,ORCID
Abey Gunasekarage,0000-0003-4934-881X,,Accounting and Finance,Stock market volatility: friend or foe?,2020,,,10.1111/acfi.12550,https://doi.org/10.1111/acfi.12550,https://doi.org/10.1111/acfi.12550,A,Q1,,,,,,published,ORCID
Abey Gunasekarage,0000-0003-4934-881X,,Accounting and Finance,The association between dividend payout and firm growth: Australian evidence,2019,,,10.1111/acfi.12361,https://doi.org/10.1111/acfi.12361,https://doi.org/10.1111/acfi.12361,A,Q1,,,,,,published,ORCID
Idan Hodor,0000-0002-2397-5738,,Journal of Financial Economics,"Institutional investors, heterogeneous benchmarks and the comovement of asset prices",2023,,,10.1016/j.jfineco.2022.11.002,https://doi.org/10.1016/j.jfineco.2022.11.002,https://doi.org/10.1016/j.jfineco.2022.11.002,A*,Q1,,,,,,published,ORCID
Hannah Nguyen,0000-0002-8335-8846,,British Accounting Review,Social networks and venture capital investments around the world,2025,,,10.1016/j.bar.2025.101628,https://doi.org/10.1016/j.bar.2025.101628,https://doi.org/10.1016/j.bar.2025.101628,A*,Q1,,,,,,published,ORCID
Hannah Nguyen,0000-0002-8335-8846,,Journal of Business Finance & Accounting,Risk management and private debt contracts: The role of weather derivatives,2024,,,10.1111/jbfa.12800,https://doi.org/10.1111/jbfa.12800,https://doi.org/10.1111/jbfa.12800,A*,Q1,,,,,,published,ORCID
Yongxin Xu,0000-0003-0818-6738,,Financial Management,"Culture Promotion, Information Disclosure, and Firm Value: Evidence From Confucius Institutes",2026,,,10.1111/fima.70065,https://doi.org/10.1111/fima.70065,https://doi.org/10.1111/fima.70065,A*,Q1,,,,,,published,ORCID
Yongxin Xu,0000-0003-0818-6738,,Journal of Management Accounting Research,Subsidiary Governance and Corporate Tax Planning: The Effect of Parent-Subsidiary Common Directors and Officers,2022,,,10.2308/jmar-2019-510,https://doi.org/10.2308/jmar-2019-510,https://doi.org/10.2308/jmar-2019-510,A*,Q1,,,,,,published,ORCID
Yongxin Xu,0000-0003-0818-6738,,Journal of Financial Economics,Internet searching and stock price crash risk: Evidence from a quasi-natural experiment,2021,,,10.1016/j.jfineco.2021.03.003,https://doi.org/10.1016/j.jfineco.2021.03.003,https://doi.org/10.1016/j.jfineco.2021.03.003,A*,Q1,,,,,,published,ORCID
Yongxin Xu,0000-0003-0818-6738,,Journal of Banking & Finance,Anticorruption regulation and firm value: Evidence from a shock of mandated resignation of directors in China,2018,,,10.1016/j.jbankfin.2018.05.008,https://doi.org/10.1016/j.jbankfin.2018.05.008,https://doi.org/10.1016/j.jbankfin.2018.05.008,A*,Q1,,,,,,published,ORCID
Yongxin Xu,0000-0003-0818-6738,,Journal of Banking & Finance,"Monetary stimulation, bank relationship and innovation: Evidence from China",2018,,,10.1016/j.jbankfin.2018.02.010,https://doi.org/10.1016/j.jbankfin.2018.02.010,https://doi.org/10.1016/j.jbankfin.2018.02.010,A*,Q1,,,,,,published,ORCID
Yongxin Xu,0000-0003-0818-6738,,The Review of Financial Studies,The sensitivity of corporate cash holdings to corporate governance,2012,,,10.1093/rfs/hhs099,https://doi.org/10.1093/rfs/hhs099,https://doi.org/10.1093/rfs/hhs099,A*,,,,,,,published,ORCID
Wayne Xinwei Wan,0000-0003-1738-0815,,Journal of Banking & Finance,"Limits of arbitrage, idiosyncratic risk, and the role of flippers in the housing market",2026,,,10.1016/j.jbankfin.2026.107695,https://doi.org/10.1016/j.jbankfin.2026.107695,https://doi.org/10.1016/j.jbankfin.2026.107695,A*,Q1,,,,,,published,ORCID
Wayne Xinwei Wan,0000-0003-1738-0815,,Management Science,"Tobin Tax Policy, Housing Speculation, and Property Market Dynamics",2026,,,10.1287/mnsc.2022.00370,https://doi.org/10.1287/mnsc.2022.00370,https://doi.org/10.1287/mnsc.2022.00370,A*,Q1,,,,,,published,ORCID
Wayne Xinwei Wan,0000-0003-1738-0815,,Environment and Planning B: Urban Analytics and City Science,Understanding intracity housing market dynamics: A state-space model with Bayesian nonparametric clustering approach,2025,,,10.1177/23998083241302373,https://doi.org/10.1177/23998083241302373,https://doi.org/10.1177/23998083241302373,A*,Q1,,,,,,published,ORCID
Wayne Xinwei Wan,0000-0003-1738-0815,,Nature Climate Change,Post-flood selective migration interacts with media sentiment and income effects,2025,,,10.1038/s41558-025-02345-7,https://doi.org/10.1038/s41558-025-02345-7,https://doi.org/10.1038/s41558-025-02345-7,,Q1,,,,,,published,ORCID
Wayne Xinwei Wan,0000-0003-1738-0815,,Management Science,Corporate Relocation and Housing Market Spillovers,2025,,,10.1287/mnsc.2021.01819,https://doi.org/10.1287/mnsc.2021.01819,https://doi.org/10.1287/mnsc.2021.01819,A*,Q1,,,,,,published,ORCID
Wayne Xinwei Wan,0000-0003-1738-0815,,Journal of Real Estate Finance and Economics,The Effect of Expected Losses on the Hong Kong Property Market,2024,,,10.1007/s11146-021-09851-3,https://doi.org/10.1007/s11146-021-09851-3,https://doi.org/10.1007/s11146-021-09851-3,A,,,,,,,published,ORCID
Wayne Xinwei Wan,0000-0003-1738-0815,,Review of Finance,A Tale of Two Cities: Mainland Chinese Buyers in the Hong Kong Housing Market,2023,,,10.1093/rof/rfad006,https://doi.org/10.1093/rof/rfad006,https://doi.org/10.1093/rof/rfad006,A*,Q1,,,,,,published,ORCID
Wayne Xinwei Wan,0000-0003-1738-0815,,Applied Energy,Data-driven prediction and evaluation on future impact of energy transition policies in smart regions,2023,,,10.1016/j.apenergy.2022.120523,https://doi.org/10.1016/j.apenergy.2022.120523,https://doi.org/10.1016/j.apenergy.2022.120523,A,Q1,,,,,,published,ORCID
Wayne Xinwei Wan,0000-0003-1738-0815,,Real Estate Economics,Testing machine learning systems in real estate,2023,,,10.1111/1540-6229.12416,https://doi.org/10.1111/1540-6229.12416,https://doi.org/10.1111/1540-6229.12416,A,,,,,,,published,ORCID
Wayne Xinwei Wan,0000-0003-1738-0815,,Real Estate Economics,Contract rescission in the real estate presale market,2022,,,10.1111/1540-6229.12363,https://doi.org/10.1111/1540-6229.12363,https://doi.org/10.1111/1540-6229.12363,A,,,,,,,published,ORCID
Wayne Xinwei Wan,0000-0003-1738-0815,,IEEE Transactions on Automation Science and Engineering,Needs-Based Product Configurator Design for Mass Customization Using Hierarchical Attention Network,2021,,,10.1109/tase.2019.2957136,https://doi.org/10.1109/tase.2019.2957136,https://doi.org/10.1109/tase.2019.2957136,,Q1,,,,,,published,ORCID
Wayne Xinwei Wan,0000-0003-1738-0815,,Journal of Regional Science,"Public transport, noise complaints, and housing: Evidence from sentiment analysis in Singapore",2021,,,10.1111/jors.12524,https://doi.org/10.1111/jors.12524,https://doi.org/10.1111/jors.12524,A,,,,,,,published,ORCID
Wayne Xinwei Wan,0000-0003-1738-0815,,Land,"The heightened ‘security zone’ function of gated communities during the covid-19 pandemic and the changing housing market dynamic: Evidence from beijing, china",2021,,,10.3390/land10090983,https://doi.org/10.3390/land10090983,https://doi.org/10.3390/land10090983,,Q1,,,,,,published,ORCID
Emma Zhang,0009-0003-2709-3809,,British Accounting Review,Auditor distraction: An unintended consequence of M&As,2025,,,10.1016/j.bar.2025.101703,https://doi.org/10.1016/j.bar.2025.101703,https://doi.org/10.1016/j.bar.2025.101703,A*,Q1,,,,,,published,ORCID
Emma Zhang,0009-0003-2709-3809,,unknown,Learning from Peers: The Real Effects of Mutual Funds’ Stock Selections,2024,,,10.2139/ssrn.4817217,https://doi.org/10.2139/ssrn.4817217,https://doi.org/10.2139/ssrn.4817217,,,,,,,,published,ORCID
Emma Zhang,0009-0003-2709-3809,,Journal of Financial and Quantitative Analysis,Why Do Directors Join Poorly Performing Firms?,2022,,,10.1017/s0022109021000739,https://doi.org/10.1017/s0022109021000739,https://doi.org/10.1017/s0022109021000739,A*,Q1,,,,,,published,ORCID
Emma Zhang,0009-0003-2709-3809,,Journal of Banking & Finance,Practice makes progress: Evidence from divestitures,2019,,,10.1016/j.jbankfin.2019.04.004,https://doi.org/10.1016/j.jbankfin.2019.04.004,https://doi.org/10.1016/j.jbankfin.2019.04.004,A*,Q1,,,,,,published,ORCID
Emma Zhang,0009-0003-2709-3809,,Journal of Financial Economics,How valuable are independent directors? Evidence from external distractions,2019,,,10.1016/j.jfineco.2018.02.014,https://doi.org/10.1016/j.jfineco.2018.02.014,https://doi.org/10.1016/j.jfineco.2018.02.014,A*,Q1,,,,,,published,ORCID
Emma Zhang,0009-0003-2709-3809,,Financial Management,Should Independent Directors Have Term Limits? The Role of Experience in Corporate Governance,2015,,,10.1111/fima.12091,https://doi.org/10.1111/fima.12091,https://doi.org/10.1111/fima.12091,A*,Q1,,,,,,published,ORCID
Arseny Gorbenko,0000-0001-7328-4225,,Review of Asset Pricing Studies,Short Interest and Aggregate Stock Returns: International Evidence,2023,,,10.1093/rapstu/raad007,https://doi.org/10.1093/rapstu/raad007,https://doi.org/10.1093/rapstu/raad007,A*,Q1,,,,,,published,ORCID
Zoltan Murgulov,0000-0002-6443-5850,,Journal of Empirical Finance,"Religious beliefs and local government financing, investment, and cash holding decisions",2016,,,10.1016/j.jempfin.2016.07.009,https://doi.org/10.1016/j.jempfin.2016.07.009,https://doi.org/10.1016/j.jempfin.2016.07.009,A,Q1,,,,,,published,ORCID
Zoltan Murgulov,0000-0002-6443-5850,,Emerging Markets Review,Impact of changes in the CSI 300 Index constituents,2015,,,10.1016/j.ememar.2015.05.005,https://doi.org/10.1016/j.ememar.2015.05.005,https://doi.org/10.1016/j.ememar.2015.05.005,A,Q1,,,,,,published,ORCID
Ali Sheikhbahaei,0000-0002-0002-3662,,Journal of International Accounting Research,"City-Level Employee Education, Workplace Environment, and Audit Fees",2026,,,10.2308/jiar-2023-041,https://doi.org/10.2308/jiar-2023-041,https://doi.org/10.2308/jiar-2023-041,A,Q2,,,,,,published,ORCID
Ali Sheikhbahaei,0000-0002-0002-3662,,Pacific-Basin Finance Journal,Pricing media sentiment: Evidence from global mergers and acquisitions,2024,,,10.1016/j.pacfin.2024.102447,https://doi.org/10.1016/j.pacfin.2024.102447,https://doi.org/10.1016/j.pacfin.2024.102447,A,Q1,,,,,,published,ORCID
Ali Sheikhbahaei,0000-0002-0002-3662,,Journal of Banking & Finance,Corporate Noncompliance: Do Corporate Violations Affect Bank Loan Contracting?,2024,,,10.1016/j.jbankfin.2024.107225,https://doi.org/10.1016/j.jbankfin.2024.107225,https://doi.org/10.1016/j.jbankfin.2024.107225,A*,Q1,,,,,,published,ORCID
Ali Sheikhbahaei,0000-0002-0002-3662,,Journal of Business Finance & Accounting,The power of the business media: Evidence from firm‐level productivity,2023,,,10.1111/jbfa.12698,https://doi.org/10.1111/jbfa.12698,https://doi.org/10.1111/jbfa.12698,A*,Q1,,,,,,published,ORCID
Ali Sheikhbahaei,0000-0002-0002-3662,,International Journal of Managerial Finance,Threat of hostile takeover and the cost of seasoned equity offerings,2021,,,10.1108/ijmf-03-2020-0106,https://doi.org/10.1108/ijmf-03-2020-0106,https://doi.org/10.1108/ijmf-03-2020-0106,A,Q2,,,,,,published,ORCID
Michaela Rankin,0000-0003-3087-8845,,Accounting and Finance,Say‐on‐pay judgements: the two‐strikes rule and the pay‐performance link,2020,,,10.1111/acfi.12391,https://doi.org/10.1111/acfi.12391,https://doi.org/10.1111/acfi.12391,A,Q1,,,,,,published,ORCID
Michaela Rankin,0000-0003-3087-8845,,Journal of Business Ethics,Determinants of the Severity of Legal and Employment Consequences for CPAs Named in SEC Accounting and Auditing Enforcement Releases,2015,,,10.1007/s10551-015-2956-y,https://doi.org/10.1007/s10551-015-2956-y,https://doi.org/10.1007/s10551-015-2956-y,A,Q1,,,,,,published,ORCID
Michaela Rankin,0000-0003-3087-8845,,Accounting Research Journal,The value relevance of exploration and evaluation expenditures,2015,,,10.1108/arj-09-2013-0067,https://doi.org/10.1108/arj-09-2013-0067,https://doi.org/10.1108/arj-09-2013-0067,B,Q2,,,,,,published,ORCID
Michaela Rankin,0000-0003-3087-8845,,The International Journal of Accounting,The development of accounting regulation in iraq and the IFRS adoption decision: An institutional perspective,2014,,,10.1016/j.intacc.2014.07.001,https://doi.org/10.1016/j.intacc.2014.07.001,https://doi.org/10.1016/j.intacc.2014.07.001,A,,,,,,,published,ORCID
Michaela Rankin,0000-0003-3087-8845,,Accounting and Finance,Derivatives use and financial instrument disclosure in the extractives industry,2013,,,10.1111/acfi.12001,https://doi.org/10.1111/acfi.12001,https://doi.org/10.1111/acfi.12001,A,Q1,,,,,,published,ORCID
Michaela Rankin,0000-0003-3087-8845,,Accounting Auditing and Accountability Journal,An investigation of voluntary corporate greenhouse gas emissions reporting in a market governance system: Australian evidence,2011,,,10.1108/09513571111184751,https://doi.org/10.1108/09513571111184751,https://doi.org/10.1108/09513571111184751,A*,Q1,,,,,,published,ORCID
Michaela Rankin,0000-0003-3087-8845,,Higher Education Research and Development,Assessing the success of a discipline-based communication skills development and enhancement program in a graduate accounting course,2011,,,10.1080/07294360.2010.527929,https://doi.org/10.1080/07294360.2010.527929,https://doi.org/10.1080/07294360.2010.527929,,Q1,,,,,,published,ORCID
Michaela Rankin,0000-0003-3087-8845,,Australian Accounting Review,Structure and level of remuneration across the top executive team,2010,,,10.1111/j.1835-2561.2010.00097.x,https://doi.org/10.1111/j.1835-2561.2010.00097.x,https://doi.org/10.1111/j.1835-2561.2010.00097.x,B,Q2,,,,,,published,ORCID
Michaela Rankin,0000-0003-3087-8845,,Accounting and Finance,An analysis of the implications of diversity for students' first level accounting performance,2003,,,10.1111/j.1467-629x.2003.00096.x,https://doi.org/10.1111/j.1467-629x.2003.00096.x,https://doi.org/10.1111/j.1467-629x.2003.00096.x,A,Q1,,,,,,published,ORCID
Michaela Rankin,0000-0003-3087-8845,,British Accounting Review,The environmental reporting expectations gap: Australian evidence,1999,,,10.1006/bare.1999.0102,https://doi.org/10.1006/bare.1999.0102,https://doi.org/10.1006/bare.1999.0102,A*,Q1,,,,,,published,ORCID
Chen Chen,0000-0003-4438-1258,,Journal of Accounting Research,A Tale of Two Banks: When Credit Loss Models Meet Economic Crises,2026,,,10.1111/1475-679x.70030,https://doi.org/10.1111/1475-679x.70030,https://doi.org/10.1111/1475-679x.70030,A*,Q1,,,,,,published,ORCID
Chen Chen,0000-0003-4438-1258,,Accounting and Finance,CEO‐Board Social Ties and Corporate Tax Avoidance,2026,,,10.1111/acfi.70085,https://doi.org/10.1111/acfi.70085,https://doi.org/10.1111/acfi.70085,A,Q1,,,,,,published,ORCID
Chen Chen,0000-0003-4438-1258,,Journal of Banking & Finance,Do professional ties enhance board seat prospects of independent directors with tainted reputations?,2023,,,10.1016/j.jbankfin.2023.106972,https://doi.org/10.1016/j.jbankfin.2023.106972,https://doi.org/10.1016/j.jbankfin.2023.106972,A*,Q1,,,,,,published,ORCID
Chen Chen,0000-0003-4438-1258,,Journal of Accounting Research,Flu Fallout: Information Production Constraints and Corporate Disclosure,2023,,,10.1111/1475-679x.12486,https://doi.org/10.1111/1475-679x.12486,https://doi.org/10.1111/1475-679x.12486,A*,Q1,,,,,,published,ORCID
Chen Chen,0000-0003-4438-1258,,Management Science,Product Market Competition and Corporate Relocations: Evidence from the Supply Chain,2023,,,10.1287/mnsc.2022.4586,https://doi.org/10.1287/mnsc.2022.4586,https://doi.org/10.1287/mnsc.2022.4586,A*,Q1,,,,,,published,ORCID
Chen Chen,0000-0003-4438-1258,,Accounting and Finance,Do foreign institutional investors monitor opportunistic managerial behaviour? Evidence from real earnings management,2023,,,10.1111/acfi.13015,https://doi.org/10.1111/acfi.13015,https://doi.org/10.1111/acfi.13015,A,Q1,,,,,,published,ORCID
Chen Chen,0000-0003-4438-1258,,Journal of Banking & Finance,Foreign exchange exposure and analysts’ earnings forecasts,2023,,,10.1016/j.jbankfin.2022.106715,https://doi.org/10.1016/j.jbankfin.2022.106715,https://doi.org/10.1016/j.jbankfin.2022.106715,A*,Q1,,,,,,published,ORCID
Chen Chen,0000-0003-4438-1258,,Journal of Accounting Auditing and Finance,Does Media Exposure Affect Financial Reporting Quality Through Auditors?,2021,,,10.1177/0148558x20936083,https://doi.org/10.1177/0148558x20936083,https://doi.org/10.1177/0148558x20936083,A,Q1,,,,,,published,ORCID
Chen Chen,0000-0003-4438-1258,,Auditing: A Journal of Practice and Theory,Audit Partners' Co-Working Experience and Audit Outcomes,2021,,,10.2308/ajpt-18-163,https://doi.org/10.2308/ajpt-18-163,https://doi.org/10.2308/ajpt-18-163,A*,Q1,,,,,,published,ORCID
Gladys Lee,0000-0002-6797-0875,,The Accounting Review,Audit Office Labor Market Proximity and Audit Quality,2022,,,10.2308/tar-2018-0496,https://doi.org/10.2308/tar-2018-0496,https://doi.org/10.2308/tar-2018-0496,A*,Q1,,,,,,published,ORCID
Gladys Lee,0000-0002-6797-0875,,Contemporary Accounting Research,"Whistleblowing Allegations, Audit Fees, and Internal Control Deficiencies",2021,,,10.1111/1911-3846.12619,https://doi.org/10.1111/1911-3846.12619,https://doi.org/10.1111/1911-3846.12619,A*,Q1,,,,,,published,ORCID
Gladys Lee,0000-0002-6797-0875,,Journal of Business Ethics,Is a Uniform Approach to Whistle-Blowing Regulation Effective? Evidence from the United States and Germany,2020,,,10.1007/s10551-018-4023-y,https://doi.org/10.1007/s10551-018-4023-y,https://doi.org/10.1007/s10551-018-4023-y,A,Q1,,,,,,published,ORCID
Gladys Lee,0000-0002-6797-0875,,Journal of Accounting Literature,Whistleblowing on accountingy-related misconduct: A synthesis of the literature,2018,,,10.1016/j.acclit.2018.03.003,https://doi.org/10.1016/j.acclit.2018.03.003,https://doi.org/10.1016/j.acclit.2018.03.003,A,Q2,,,,,,published,ORCID
Gladys Lee,0000-0002-6797-0875,,Auditing: A Journal of Practice and Theory,The Role of the Audit Committee in Their Oversight of Whistle-Blowing,2018,,,10.2308/ajpt-51769,https://doi.org/10.2308/ajpt-51769,https://doi.org/10.2308/ajpt-51769,A*,Q1,,,,,,published,ORCID
Gladys Lee,0000-0002-6797-0875,,International Journal of Auditing,Audit Quality for US-listed Chinese Companies,2017,,,10.1111/ijau.12085,https://doi.org/10.1111/ijau.12085,https://doi.org/10.1111/ijau.12085,A,Q1,,,,,,published,ORCID
Gladys Lee,0000-0002-6797-0875,,Journal of Corporate Finance,Corporate fraud and external social connectedness of independent directors,2017,,,10.1016/j.jcorpfin.2017.05.014,https://doi.org/10.1016/j.jcorpfin.2017.05.014,https://doi.org/10.1016/j.jcorpfin.2017.05.014,A*,Q1,,,,,,published,ORCID
Gladys Lee,0000-0002-6797-0875,,Journal of Business Ethics,Companies' Use of Whistle-Blowing to Detect Fraud: An Examination of Corporate Whistle-Blowing Policies,2013,,,10.1007/s10551-012-1348-9,https://doi.org/10.1007/s10551-012-1348-9,https://doi.org/10.1007/s10551-012-1348-9,A,Q1,,,,,,published,ORCID
Christo Karuna,0000-0001-5179-4793,,Journal of International Accounting Research,"City-Level Employee Education, Workplace Environment, and Audit Fees",2026,,,10.2308/jiar-2023-041,https://doi.org/10.2308/jiar-2023-041,https://doi.org/10.2308/jiar-2023-041,A,Q2,,,,,,published,ORCID
Christo Karuna,0000-0001-5179-4793,,Journal of Management Accounting Research,Product Market Competition and Strategic Disclosure of Industrial Segment-Level Information,2023,,,10.2308/jmar-2020-078,https://doi.org/10.2308/jmar-2020-078,https://doi.org/10.2308/jmar-2020-078,A*,Q1,,,,,,published,ORCID
Christo Karuna,0000-0001-5179-4793,,Journal of International Accounting Research,Discussion of Do Female Directors on Corporate Boards Make a Difference in Family Owned Businesses?,2020,,,10.2308/jiar-2020-002,https://doi.org/10.2308/jiar-2020-002,https://doi.org/10.2308/jiar-2020-002,A,Q2,,,,,,published,ORCID
Christo Karuna,0000-0001-5179-4793,,Journal of Management Accounting Research,Product Market Competition and Managerial Pay,2020,,,10.2308/jmar-52503,https://doi.org/10.2308/jmar-52503,https://doi.org/10.2308/jmar-52503,A*,Q1,,,,,,published,ORCID
Christo Karuna,0000-0001-5179-4793,,Pacific-Basin Finance Journal,Capital markets research in accounting,2019,,,10.1016/j.pacfin.2019.03.001,https://doi.org/10.1016/j.pacfin.2019.03.001,https://doi.org/10.1016/j.pacfin.2019.03.001,A,Q1,,,,,,published,ORCID
Christo Karuna,0000-0001-5179-4793,,Journal of Management Accounting Research,Causes and consequences of the CEO also being the chair of the board,2015,,,10.2308/jmar-51212,https://doi.org/10.2308/jmar-51212,https://doi.org/10.2308/jmar-51212,A*,Q1,,,,,,published,ORCID
Christo Karuna,0000-0001-5179-4793,,Review of Accounting Studies,"Discussion of ""The impact of product market competition on the quantity and quality of voluntary disclosures""",2010,,,10.1007/s11142-010-9135-2,https://doi.org/10.1007/s11142-010-9135-2,https://doi.org/10.1007/s11142-010-9135-2,A*,Q1,,,,,,published,ORCID
Christo Karuna,0000-0001-5179-4793,,Journal of Accounting and Economics,Industry product market competition and managerial incentives,2007,,,10.1016/j.jacceco.2007.02.004,https://doi.org/10.1016/j.jacceco.2007.02.004,https://doi.org/10.1016/j.jacceco.2007.02.004,A*,Q1,,,,,,published,ORCID
Matthew Hall,0000-0001-5170-6124,,Accounting Auditing and Accountability Journal,Methodological Insights: This is not an experiment: using vignettes in qualitative accounting research,2025,,,10.1108/aaaj-10-2023-6704,https://doi.org/10.1108/aaaj-10-2023-6704,https://doi.org/10.1108/aaaj-10-2023-6704,A*,Q1,,,,,,published,ORCID
Matthew Hall,0000-0001-5170-6124,,"Accounting, Organizations and Society",Styles of verification and the pursuit of organisational repair: The case of social impact,2024,,,10.1016/j.aos.2023.101478,https://doi.org/10.1016/j.aos.2023.101478,https://doi.org/10.1016/j.aos.2023.101478,A*,Q1,,,,,,published,ORCID
Matthew Hall,0000-0001-5170-6124,,Accounting Auditing and Accountability Journal,Do accounting disclosures help or hinder individual donors’ trust repair after negative events?,2023,,,10.1108/aaaj-08-2021-5409,https://doi.org/10.1108/aaaj-08-2021-5409,https://doi.org/10.1108/aaaj-08-2021-5409,A*,Q1,,,,,,published,ORCID
Matthew Hall,0000-0001-5170-6124,,The European Accounting Review,Choosing an accounting method to explain public policy,2018,,,10.1080/09638180.2016.1261721,https://doi.org/10.1080/09638180.2016.1261721,https://doi.org/10.1080/09638180.2016.1261721,A*,Q1,,,,,,published,ORCID
Matthew Hall,0000-0001-5170-6124,,"Accounting, Organizations and Society","Accounting, non-governmental organizations and civil society",2017,,,10.1016/j.aos.2017.11.001,https://doi.org/10.1016/j.aos.2017.11.001,https://doi.org/10.1016/j.aos.2017.11.001,A*,Q1,,,,,,published,ORCID
Matthew Hall,0000-0001-5170-6124,,"Accounting, Organizations and Society",The expressive role of performance measurement systems,2017,,,10.1016/j.aos.2014.11.002,https://doi.org/10.1016/j.aos.2014.11.002,https://doi.org/10.1016/j.aos.2014.11.002,A*,Q1,,,,,,published,ORCID
Matthew Hall,0000-0001-5170-6124,,Financial Accountability and Management,Crafting compromises in a strategizing process,2017,,,10.1111/faam.12119,https://doi.org/10.1111/faam.12119,https://doi.org/10.1111/faam.12119,A,Q1,,,,,,published,ORCID
Matthew Hall,0000-0001-5170-6124,,Nonprofit and Voluntary Sector Quarterly,Managing identity conflicts in organizations,2016,,,10.1177/0899764015597785,https://doi.org/10.1177/0899764015597785,https://doi.org/10.1177/0899764015597785,A,Q1,,,,,,published,ORCID
Matthew Hall,0000-0001-5170-6124,,Management Accounting Research,Realising the richness of psychology theory in contingency-based management accounting research,2016,,,10.1016/j.mar.2015.11.002,https://doi.org/10.1016/j.mar.2015.11.002,https://doi.org/10.1016/j.mar.2015.11.002,A*,Q1,,,,,,published,ORCID
Matthew Hall,0000-0001-5170-6124,,Journal of Management Studies,Who and what really counts? Stakeholder prioritization and accounting for social value,2015,,,10.1111/joms.12146,https://doi.org/10.1111/joms.12146,https://doi.org/10.1111/joms.12146,A*,Q1,,,,,,published,ORCID
Matthew Hall,0000-0001-5170-6124,,Management Accounting Research,How do risk managers become influential? A field study of toolmaking in two financial institutions,2015,,,10.1016/j.mar.2014.12.001,https://doi.org/10.1016/j.mar.2014.12.001,https://doi.org/10.1016/j.mar.2014.12.001,A*,Q1,,,,,,published,ORCID
Matthew Hall,0000-0001-5170-6124,,Voluntas: International Journal of Voluntary and Non-Profit Organizations,Evaluation logics in the third sector,2014,,,10.1007/s11266-012-9339-0,https://doi.org/10.1007/s11266-012-9339-0,https://doi.org/10.1007/s11266-012-9339-0,B,Q1,,,,,,published,ORCID
Matthew Hall,0000-0001-5170-6124,,"Accounting, Organizations and Society","Performance measurement, modes of evaluation and the development of compromising accounts",2013,,,10.1016/j.aos.2013.06.002,https://doi.org/10.1016/j.aos.2013.06.002,https://doi.org/10.1016/j.aos.2013.06.002,A*,Q1,,,,,,published,ORCID
Matthew Hall,0000-0001-5170-6124,,Management Accounting Research,Do comprehensive performance measurement systems help or hinder managers' mental model development?,2011,,,10.1016/j.mar.2010.10.002,https://doi.org/10.1016/j.mar.2010.10.002,https://doi.org/10.1016/j.mar.2010.10.002,A*,Q1,,,,,,published,ORCID
Matthew Hall,0000-0001-5170-6124,,"Accounting, Organizations and Society",Accounting information and managerial work,2010,,,10.1016/j.aos.2009.09.003,https://doi.org/10.1016/j.aos.2009.09.003,https://doi.org/10.1016/j.aos.2009.09.003,A*,Q1,,,,,,published,ORCID
Matthew Hall,0000-0001-5170-6124,,"Accounting, Organizations and Society",Social capital and management control systems: A study of a non-government organization,2010,,,10.1016/j.aos.2010.09.006,https://doi.org/10.1016/j.aos.2010.09.006,https://doi.org/10.1016/j.aos.2010.09.006,A*,Q1,,,,,,published,ORCID
Matthew Hall,0000-0001-5170-6124,,"Accounting, Organizations and Society",Mentoring and turnover intentions in public accounting firms: A research note,2009,,,10.1016/j.aos.2008.11.003,https://doi.org/10.1016/j.aos.2008.11.003,https://doi.org/10.1016/j.aos.2008.11.003,A*,Q1,,,,,,published,ORCID
Matthew Hall,0000-0001-5170-6124,,"Accounting, Organizations and Society","The effect of comprehensive performance measurement systems on role clarity, psychological empowerment and managerial performance",2008,,,10.1016/j.aos.2007.02.004,https://doi.org/10.1016/j.aos.2007.02.004,https://doi.org/10.1016/j.aos.2007.02.004,A*,Q1,,,,,,published,ORCID
Wen He,0000-0001-7421-6208,,Journal of Banking & Finance,Institutional investors’ horizon and equity-financed payouts,2022,,,10.1016/j.jbankfin.2021.106324,https://doi.org/10.1016/j.jbankfin.2021.106324,https://doi.org/10.1016/j.jbankfin.2021.106324,A*,Q1,,,,,,published,ORCID
Wen He,0000-0001-7421-6208,,Journal of Business Ethics,Government Initiated Corporate Social Responsibility Activities: Evidence from a Poverty Alleviation Campaign in China,2021,,,10.1007/s10551-020-04538-w,https://doi.org/10.1007/s10551-020-04538-w,https://doi.org/10.1007/s10551-020-04538-w,A,Q1,,,,,,published,ORCID
Wen He,0000-0001-7421-6208,,Behavioral Research in Accounting,Non-Professional Investors' Judgments of the Reliability of Fair Value Estimates - The impact of Investor Mood,2021,,,10.2308/bria-19-035,https://doi.org/10.2308/bria-19-035,https://doi.org/10.2308/bria-19-035,A,Q2,,,,,,published,ORCID
Wen He,0000-0001-7421-6208,,Journal of Banking & Finance,How stable are corporate capital structures? International evidence,2021,,,10.1016/j.jbankfin.2021.106103,https://doi.org/10.1016/j.jbankfin.2021.106103,https://doi.org/10.1016/j.jbankfin.2021.106103,A*,Q1,,,,,,published,ORCID
Wen He,0000-0001-7421-6208,,Accounting and Finance,"Bank loan covenants, accrual quality and firms’ information environment",2021,,,10.1111/acfi.12798,https://doi.org/10.1111/acfi.12798,https://doi.org/10.1111/acfi.12798,A,Q1,,,,,,published,ORCID
Wen He,0000-0001-7421-6208,,Abacus,Does Investor Sentiment Affect the Value Relevance of Accounting Information?,2020,,,10.1111/abac.12203,https://doi.org/10.1111/abac.12203,https://doi.org/10.1111/abac.12203,A,Q2,,,,,,published,ORCID
Wen He,0000-0001-7421-6208,,The European Accounting Review,Hierarchy and Performance of Analyst Teams,2020,,,10.1080/09638180.2020.1714460,https://doi.org/10.1080/09638180.2020.1714460,https://doi.org/10.1080/09638180.2020.1714460,A*,Q1,,,,,,published,ORCID
Wen He,0000-0001-7421-6208,,Accounting and Finance,Return windows and the value relevance of earnings,2020,,,10.1111/acfi.12392,https://doi.org/10.1111/acfi.12392,https://doi.org/10.1111/acfi.12392,A,Q1,,,,,,published,ORCID
Wen He,0000-0001-7421-6208,,Journal of Banking & Finance,Comparing with the average: Reference points and market reactions to above-average earnings surprises,2020,,,10.1016/j.jbankfin.2020.105824,https://doi.org/10.1016/j.jbankfin.2020.105824,https://doi.org/10.1016/j.jbankfin.2020.105824,A*,Q1,,,,,,published,ORCID
Wen He,0000-0001-7421-6208,,Contemporary Accounting Research,Accounting Standards Harmonization and Financial Integration,2019,,,10.1111/1911-3846.12495,https://doi.org/10.1111/1911-3846.12495,https://doi.org/10.1111/1911-3846.12495,A*,Q1,,,,,,published,ORCID
Wen He,0000-0001-7421-6208,,Journal of Business Finance & Accounting,Paving the way for children: Family firm succession and corporate philanthropy in China,2019,,,10.1111/jbfa.12402,https://doi.org/10.1111/jbfa.12402,https://doi.org/10.1111/jbfa.12402,A*,Q1,,,,,,published,ORCID
Wen He,0000-0001-7421-6208,,Abacus,"Inconsistent Signals, Earnings Announcements, and Market Uncertainty",2019,,,10.1111/abac.12156,https://doi.org/10.1111/abac.12156,https://doi.org/10.1111/abac.12156,A,Q2,,,,,,published,ORCID
Wen He,0000-0001-7421-6208,,Journal of Business Finance & Accounting,Audit quality and properties of analysts’ information environment,2019,,,10.1111/jbfa.12358,https://doi.org/10.1111/jbfa.12358,https://doi.org/10.1111/jbfa.12358,A*,Q1,,,,,,published,ORCID
Wen He,0000-0001-7421-6208,,Journal of Corporate Finance,The effects of a comply-or-explain dividend regulation in China,2018,,,10.1016/j.jcorpfin.2018.07.002,https://doi.org/10.1016/j.jcorpfin.2018.07.002,https://doi.org/10.1016/j.jcorpfin.2018.07.002,A*,Q1,,,,,,published,ORCID
Wen He,0000-0001-7421-6208,,Journal of Banking & Finance,Agency problems in firms with an even number of directors: Evidence from China,2018,,,10.1016/j.jbankfin.2018.06.006,https://doi.org/10.1016/j.jbankfin.2018.06.006,https://doi.org/10.1016/j.jbankfin.2018.06.006,A*,Q1,,,,,,published,ORCID
Wen He,0000-0001-7421-6208,,Accounting Horizons,Why Do Analysts Issue Sales Forecasts? Evidence from Mandatory IFRS Adoption,2018,,,10.2308/acch-51941,https://doi.org/10.2308/acch-51941,https://doi.org/10.2308/acch-51941,A,Q1,,,,,,published,ORCID
Wen He,0000-0001-7421-6208,,Journal of Corporate Finance,Dividend policy and earnings management across countries,2017,,,10.1016/j.jcorpfin.2016.11.014,https://doi.org/10.1016/j.jcorpfin.2016.11.014,https://doi.org/10.1016/j.jcorpfin.2016.11.014,A*,Q1,,,,,,published,ORCID
Wen He,0000-0001-7421-6208,,Contemporary Accounting Research,International Evidence on the Matching Between Revenues and Expenses,2016,,,10.1111/1911-3846.12183,https://doi.org/10.1111/1911-3846.12183,https://doi.org/10.1111/1911-3846.12183,A*,Q1,,,,,,published,ORCID
Wen He,0000-0001-7421-6208,,Accounting and Finance,Investor mood and the determinants of stock prices: An experimental analysis,2016,,,10.1111/acfi.12098,https://doi.org/10.1111/acfi.12098,https://doi.org/10.1111/acfi.12098,A,Q1,,,,,,published,ORCID
Wen He,0000-0001-7421-6208,,Journal of Banking & Finance,Religion and bank loan terms,2016,,,10.1016/j.jbankfin.2015.12.005,https://doi.org/10.1016/j.jbankfin.2015.12.005,https://doi.org/10.1016/j.jbankfin.2015.12.005,A*,Q1,,,,,,published,ORCID
Wen He,0000-0001-7421-6208,,Journal of Financial and Quantitative Analysis,Aggregate earnings and market returns: International evidence,2014,,,10.1017/s0022109014000441,https://doi.org/10.1017/s0022109014000441,https://doi.org/10.1017/s0022109014000441,A*,Q1,,,,,,published,ORCID
Wen He,0000-0001-7421-6208,,Pacific-Basin Finance Journal,Do foreign investors improve informational efficiency of stock prices? Evidence from Japan,2014,,,10.1016/j.pacfin.2014.01.005,https://doi.org/10.1016/j.pacfin.2014.01.005,https://doi.org/10.1016/j.pacfin.2014.01.005,A,Q1,,,,,,published,ORCID
Wen He,0000-0001-7421-6208,,Journal of International Money and Finance,Large foreign ownership and stock price informativeness around the world,2013,,,10.1016/j.jimonfin.2013.04.002,https://doi.org/10.1016/j.jimonfin.2013.04.002,https://doi.org/10.1016/j.jimonfin.2013.04.002,A,Q1,,,,,,published,ORCID
Wen He,0000-0001-7421-6208,,Accounting and Finance,"Agency problems, product market competition and dividend policies in Japan",2012,,,10.1111/j.1467-629x.2011.00414.x,https://doi.org/10.1111/j.1467-629x.2011.00414.x,https://doi.org/10.1111/j.1467-629x.2011.00414.x,A,Q1,,,,,,published,ORCID
Wen He,0000-0001-7421-6208,,Abacus,Governance Transparency and Capital Allocation: A Note,2011,,,10.1111/j.1467-6281.2011.00333.x,https://doi.org/10.1111/j.1467-6281.2011.00333.x,https://doi.org/10.1111/j.1467-6281.2011.00333.x,A,Q2,,,,,,published,ORCID
Wen He,0000-0001-7421-6208,,Journal of Behavioral Finance,Investor Extrapolation and Expected Returns,2010,,,10.1080/15427560.2010.507164,https://doi.org/10.1080/15427560.2010.507164,https://doi.org/10.1080/15427560.2010.507164,A,Q2,,,,,,published,ORCID
Ralph Kober,0000-0003-2503-9211,,Accounting and Finance,Qualitative Accounting Research: Special Issue on New Directions and Emerging Contexts,2026,,,10.1111/acfi.70283,https://doi.org/10.1111/acfi.70283,https://doi.org/10.1111/acfi.70283,A,Q1,,,,,,published,ORCID
Ralph Kober,0000-0003-2503-9211,,Accounting History,"The Principality of Hutt River in Australia: Accounting for sovereignty, 1970–2020",2025,,,10.1177/10323732251348964,https://doi.org/10.1177/10323732251348964,https://doi.org/10.1177/10323732251348964,A,Q1,,,,,,published,ORCID
Ralph Kober,0000-0003-2503-9211,,Accounting Auditing and Accountability Journal,Methodological Insights: This is not an experiment: using vignettes in qualitative accounting research,2025,,,10.1108/aaaj-10-2023-6704,https://doi.org/10.1108/aaaj-10-2023-6704,https://doi.org/10.1108/aaaj-10-2023-6704,A*,Q1,,,,,,published,ORCID
Ralph Kober,0000-0003-2503-9211,,Accounting Auditing and Accountability Journal,Coordination in a not-for-profit organisation during the COVID-19 pandemic: organisational sensemaking during planning meetings,2023,,,10.1108/aaaj-08-2021-5408,https://doi.org/10.1108/aaaj-08-2021-5408,https://doi.org/10.1108/aaaj-08-2021-5408,A*,Q1,,,,,,published,ORCID
Ralph Kober,0000-0003-2503-9211,,Accounting Auditing and Accountability Journal,Paradoxical tensions of the COVID-19 pandemic: a paradox theory perspective on the role of management control systems in helping organizations survive crises,2022,,,10.1108/aaaj-08-2020-4851,https://doi.org/10.1108/aaaj-08-2020-4851,https://doi.org/10.1108/aaaj-08-2020-4851,A*,Q1,,,,,,published,ORCID
Ralph Kober,0000-0003-2503-9211,,Accounting Auditing and Accountability Journal,Coping with COVID-19: the role of accounting in shaping charities' financial resilience,2021,,,10.1108/aaaj-09-2020-4919,https://doi.org/10.1108/aaaj-09-2020-4919,https://doi.org/10.1108/aaaj-09-2020-4919,A*,Q1,,,,,,published,ORCID
Ralph Kober,0000-0003-2503-9211,,Accounting and Finance,Testing cause‐and‐effect relationships within a balanced scorecard,2021,,,10.1111/acfi.12645,https://doi.org/10.1111/acfi.12645,https://doi.org/10.1111/acfi.12645,A,Q1,,,,,,published,ORCID
Ralph Kober,0000-0003-2503-9211,,Accounting and Finance,"Australian not‐for‐profit sector views on the conceptual framework, accounting standards and accounting information",2021,,,10.1111/acfi.12605,https://doi.org/10.1111/acfi.12605,https://doi.org/10.1111/acfi.12605,A,Q1,,,,,,published,ORCID
Ralph Kober,0000-0003-2503-9211,,Accounting and Finance,Does gender matter? The association between gender and the use of management control systems and performance measures,2020,,,10.1111/acfi.12365,https://doi.org/10.1111/acfi.12365,https://doi.org/10.1111/acfi.12365,A,Q1,,,,,,published,ORCID
Ralph Kober,0000-0003-2503-9211,,Studies in Higher Education,University dean personal characteristics and use of management control systems and performance measures,2020,,,10.1080/03075079.2018.1504911,https://doi.org/10.1080/03075079.2018.1504911,https://doi.org/10.1080/03075079.2018.1504911,A,Q1,,,,,,published,ORCID
Ralph Kober,0000-0003-2503-9211,,Accounting and Finance,The emergence of management controls in an entrepreneurial company,2019,,,10.1111/acfi.12477,https://doi.org/10.1111/acfi.12477,https://doi.org/10.1111/acfi.12477,A,Q1,,,,,,published,ORCID
Ralph Kober,0000-0003-2503-9211,,Shima: the international journal of research into island cultures,The principality of Hutt River,2018,,,10.21463/shima.12.1.13,https://doi.org/10.21463/shima.12.1.13,https://doi.org/10.21463/shima.12.1.13,,Q2,,,,,,published,ORCID
Ralph Kober,0000-0003-2503-9211,,Education and Training,Measuring organisational capabilities in the higher education sector,2015,,,10.1108/et-09-2013-0114,https://doi.org/10.1108/et-09-2013-0114,https://doi.org/10.1108/et-09-2013-0114,,Q1,,,,,,published,ORCID
Ralph Kober,0000-0003-2503-9211,,Accounting and Finance,"GAAP, GFS and AASB 1049: Perceptions of public sector stakeholders",2013,,,10.1111/j.1467-629x.2012.00469.x,https://doi.org/10.1111/j.1467-629x.2012.00469.x,https://doi.org/10.1111/j.1467-629x.2012.00469.x,A,Q1,,,,,,published,ORCID
Ralph Kober,0000-0003-2503-9211,,Accounting and Business Research,Conceptual framework issues: Perspectives of Australian public sector stakeholders,2012,,,10.1080/00014788.2012.670383,https://doi.org/10.1080/00014788.2012.670383,https://doi.org/10.1080/00014788.2012.670383,A,Q1,,,,,,published,ORCID
Ralph Kober,0000-0003-2503-9211,,Accounting and Finance,The impact of total quality management adoption on small and medium enterprises' financial performance,2012,,,10.1111/j.1467-629x.2011.00402.x,https://doi.org/10.1111/j.1467-629x.2011.00402.x,https://doi.org/10.1111/j.1467-629x.2011.00402.x,A,Q1,,,,,,published,ORCID
Ralph Kober,0000-0003-2503-9211,,Australian Accounting Review,Decision usefulness of cash and accrual information: Public sector managers' perceptions,2010,,,10.1111/j.1835-2561.2010.00087.x,https://doi.org/10.1111/j.1835-2561.2010.00087.x,https://doi.org/10.1111/j.1835-2561.2010.00087.x,B,Q2,,,,,,published,ORCID
Ralph Kober,0000-0003-2503-9211,,Journal of Policy and Practice in Intellectual Disabilities,Using quality of life to evaluate outcomes and measure effectiveness,2009,,,10.1111/j.1741-1130.2008.00194.x,https://doi.org/10.1111/j.1741-1130.2008.00194.x,https://doi.org/10.1111/j.1741-1130.2008.00194.x,,Q1,,,,,,published,ORCID
Ralph Kober,0000-0003-2503-9211,,Management Accounting Research,The interrelationship between management control mechanisms and strategy,2007,,,10.1016/j.mar.2007.01.002,https://doi.org/10.1016/j.mar.2007.01.002,https://doi.org/10.1016/j.mar.2007.01.002,A*,Q1,,,,,,published,ORCID
Ralph Kober,0000-0003-2503-9211,,Journal of Intellectual Disability Research,The effect of different types of employment on quality of life,2005,,,10.1111/j.1365-2788.2005.00746.x,https://doi.org/10.1111/j.1365-2788.2005.00746.x,https://doi.org/10.1111/j.1365-2788.2005.00746.x,,Q1,,,,,,published,ORCID
Ralph Kober,0000-0003-2503-9211,,Advances in Accounting,Change in strategy and MCS: A match over time?,2003,,,10.1016/s0882-6110(03)20009-2,https://doi.org/10.1016/s0882-6110(03)20009-2,https://doi.org/10.1016/s0882-6110(03)20009-2,A,Q2,,,,,,published,ORCID
Kalle Kraus,0000-0001-7253-2063,,Financial Accountability and Management,Exploring the implications of cloud-based enterprise resource planning systems for public sector management accountants,2022,,,10.1111/faam.12300,https://doi.org/10.1111/faam.12300,https://doi.org/10.1111/faam.12300,A,,,,,,,published,ORCID
Kalle Kraus,0000-0001-7253-2063,,Financial Accountability and Management,Mapping and contesting peer selection in digitalized public sector benchmarking,2022,,,10.1111/faam.12306,https://doi.org/10.1111/faam.12306,https://doi.org/10.1111/faam.12306,A,,,,,,,published,ORCID
Kalle Kraus,0000-0001-7253-2063,,Critical Perspectives on Accounting,The problematics of financialization – On the important (but neglected) horizontal axis of organizational action,2022,,,10.1016/j.cpa.2021.102339,https://doi.org/10.1016/j.cpa.2021.102339,https://doi.org/10.1016/j.cpa.2021.102339,A,,,,,,,published,ORCID
Kalle Kraus,0000-0001-7253-2063,,The European Accounting Review,Exploring the Role of Management Control Anchor Practices in new Product Development,2021,,,10.1080/09638180.2020.1763187,https://doi.org/10.1080/09638180.2020.1763187,https://doi.org/10.1080/09638180.2020.1763187,A*,,,,,,,published,ORCID
Kalle Kraus,0000-0001-7253-2063,,Abacus,"Risk Management as Passionate Imitation: The Interconnections Among Emotions, Performance Metrics, and Risk in a Global Technology Firm",2021,,,10.1111/abac.12193,https://doi.org/10.1111/abac.12193,https://doi.org/10.1111/abac.12193,A,,,,,,,published,ORCID
Kalle Kraus,0000-0001-7253-2063,,Qualitative Research in Accounting and Management,The role of management controls in managing heterogeneous interests during extreme situations: the Swedish migrant crisis in 2015,2021,,,10.1108/qram-05-2018-0030,https://doi.org/10.1108/qram-05-2018-0030,https://doi.org/10.1108/qram-05-2018-0030,A,Q1,,,,,,published,ORCID
Kalle Kraus,0000-0001-7253-2063,,Accounting Auditing and Accountability Journal,Accounting for the cost of sports-related violence,2019,,,10.1108/aaaj-02-2018-3364,https://doi.org/10.1108/aaaj-02-2018-3364,https://doi.org/10.1108/aaaj-02-2018-3364,A*,Q1,,,,,,published,ORCID
Kalle Kraus,0000-0001-7253-2063,,Qualitative Research in Accounting and Management,The role of technocratic and socio-ideological controls in managing tensions when integrating international subsidiaries,2019,,,10.1108/qram-05-2018-0032,https://doi.org/10.1108/qram-05-2018-0032,https://doi.org/10.1108/qram-05-2018-0032,A,Q1,,,,,,published,ORCID
Kalle Kraus,0000-0001-7253-2063,,"Accounting, Organizations and Society",Accounting and passionate interests: The case of a Swedish football club,2019,,,10.1016/j.aos.2018.08.002,https://doi.org/10.1016/j.aos.2018.08.002,https://doi.org/10.1016/j.aos.2018.08.002,A*,Q1,,,,,,published,ORCID
Kalle Kraus,0000-0001-7253-2063,,Financial Accountability and Management,Managing risk in the public sector - The interaction between vernacular and formal risk management systems,2019,,,10.1111/faam.12179,https://doi.org/10.1111/faam.12179,https://doi.org/10.1111/faam.12179,A,Q1,,,,,,published,ORCID
Kalle Kraus,0000-0001-7253-2063,,"Accounting, Organizations and Society",The interplay between ideological control and formal management control systems – A case study of a non-governmental organisation,2017,,,10.1016/j.aos.2016.02.001,https://doi.org/10.1016/j.aos.2016.02.001,https://doi.org/10.1016/j.aos.2016.02.001,A*,Q1,,,,,,published,ORCID
Kalle Kraus,0000-0001-7253-2063,,Qualitative Research in Accounting and Management,Role attribution in public sector accountability processes,2017,,,10.1108/qram-04-2017-0025,https://doi.org/10.1108/qram-04-2017-0025,https://doi.org/10.1108/qram-04-2017-0025,A,Q1,,,,,,published,ORCID
Kalle Kraus,0000-0001-7253-2063,,Management Accounting Research,Management control in pulsating organisations—A multiple case study of popular culture events,2017,,,10.1016/j.mar.2016.01.002,https://doi.org/10.1016/j.mar.2016.01.002,https://doi.org/10.1016/j.mar.2016.01.002,A*,Q1,,,,,,published,ORCID
Kalle Kraus,0000-0001-7253-2063,,Management Accounting Research,Internal/inter-firm control dynamics and power—A case study of the Ericsson-Vodafone relationship,2016,,,10.1016/j.mar.2016.04.001,https://doi.org/10.1016/j.mar.2016.04.001,https://doi.org/10.1016/j.mar.2016.04.001,A*,Q1,,,,,,published,ORCID
Kalle Kraus,0000-0001-7253-2063,,Management Accounting Research,Performance measurement systems and the enactment of different institutional logics: Insights from a football organization,2016,,,10.1016/j.mar.2016.01.006,https://doi.org/10.1016/j.mar.2016.01.006,https://doi.org/10.1016/j.mar.2016.01.006,A*,Q1,,,,,,published,ORCID
Kalle Kraus,0000-0001-7253-2063,,The European Accounting Review,‘Accounting Talk’ Through Metaphorical Representations: Change Agents and Organisational Change in Home-Based Elderly Care,2016,,,10.1080/09638180.2014.992921,https://doi.org/10.1080/09638180.2014.992921,https://doi.org/10.1080/09638180.2014.992921,A*,Q1,,,,,,published,ORCID
Kalle Kraus,0000-0001-7253-2063,,Industrial Marketing Management,The marketing-accounting interface – problems and opportunities,2015,,,10.1016/j.indmarman.2015.01.001,https://doi.org/10.1016/j.indmarman.2015.01.001,https://doi.org/10.1016/j.indmarman.2015.01.001,A*,Q1,,,,,,published,ORCID
Kalle Kraus,0000-0001-7253-2063,,Industrial Marketing Management,Opening the black box of the role of accounting practices in the fuzzy front-end of product innovation,2015,,,10.1016/j.indmarman.2015.01.007,https://doi.org/10.1016/j.indmarman.2015.01.007,https://doi.org/10.1016/j.indmarman.2015.01.007,A*,Q1,,,,,,published,ORCID
Kalle Kraus,0000-0001-7253-2063,,Accounting and Business Research,Strategic management accounting in close inter-organisational relationships,2015,,,10.1080/00014788.2014.965128,https://doi.org/10.1080/00014788.2014.965128,https://doi.org/10.1080/00014788.2014.965128,A,Q1,,,,,,published,ORCID
Kalle Kraus,0000-0001-7253-2063,,Accounting Auditing and Accountability Journal,Heterogeneous accountingisation,2012,,,10.1108/09513571211263202,https://doi.org/10.1108/09513571211263202,https://doi.org/10.1108/09513571211263202,A*,Q1,,,,,,published,ORCID
Kalle Kraus,0000-0001-7253-2063,,Management Accounting Research,Going public: The role of accounting and shareholder value in making sense of an IPO,2012,,,10.1016/j.mar.2012.05.003,https://doi.org/10.1016/j.mar.2012.05.003,https://doi.org/10.1016/j.mar.2012.05.003,A*,Q1,,,,,,published,ORCID
Kalle Kraus,0000-0001-7253-2063,,Management Accounting Research,The interdependencies of intra- and inter-organisational controls and work practices—The case of domestic care of the elderly,2011,,,10.1016/j.mar.2010.11.002,https://doi.org/10.1016/j.mar.2010.11.002,https://doi.org/10.1016/j.mar.2010.11.002,A*,Q1,,,,,,published,ORCID
Kalle Kraus,0000-0001-7253-2063,,Management Accounting Research,The impact of the corporate balanced scorecard on corporate control—A research note,2010,,,10.1016/j.mar.2010.08.001,https://doi.org/10.1016/j.mar.2010.08.001,https://doi.org/10.1016/j.mar.2010.08.001,A*,Q1,,,,,,published,ORCID
Nicholas McGuigan,0000-0002-0491-2504,,Accounting Auditing and Accountability Journal,“Rewilding” accounting mindsets for biodiversity protection,2026,,,10.1108/aaaj-12-2024-7622,https://doi.org/10.1108/aaaj-12-2024-7622,https://doi.org/10.1108/aaaj-12-2024-7622,A*,,,,,,,published,ORCID
Nicholas McGuigan,0000-0002-0491-2504,,British Accounting Review,Nurturing diversity in accounting through “Queering” accounting pedagogy,2026,,,10.1016/j.bar.2024.101516,https://doi.org/10.1016/j.bar.2024.101516,https://doi.org/10.1016/j.bar.2024.101516,A*,Q1,,,,,,published,ORCID
Nicholas McGuigan,0000-0002-0491-2504,,Accounting Auditing and Accountability Journal,Sent to Coventry! Creatively (re)capturing accounting’s purpose,2025,,,10.1108/aaaj-08-2025-299,https://doi.org/10.1108/aaaj-08-2025-299,https://doi.org/10.1108/aaaj-08-2025-299,A*,,,,,,,published,ORCID
Nicholas McGuigan,0000-0002-0491-2504,,"Gender, Work and Organization","Queering Accounting Spaces: Lived, Embodied, and Violent Experiences of a Gay and Black Accounting Brazilian Lecturer",2025,,,10.1111/gwao.13219,https://doi.org/10.1111/gwao.13219,https://doi.org/10.1111/gwao.13219,A,Q1,,,,,,published,ORCID
Nicholas McGuigan,0000-0002-0491-2504,,Studies in Higher Education,Let the students be heard – student voices on teaching excellence awards,2025,,,10.1080/03075079.2024.2396453,https://doi.org/10.1080/03075079.2024.2396453,https://doi.org/10.1080/03075079.2024.2396453,A,Q1,,,,,,published,ORCID
Nicholas McGuigan,0000-0002-0491-2504,,Contemporary Accounting Research,LGBTQI+ professional accountants and the consequences of stigmatization: An identity work perspective,2025,,,10.1111/1911-3846.13006,https://doi.org/10.1111/1911-3846.13006,https://doi.org/10.1111/1911-3846.13006,A*,Q1,,,,,,published,ORCID
Nicholas McGuigan,0000-0002-0491-2504,,Issues in Accounting Education,"Diversity, Equity, and Social Justice in Accounting Education",2023,,,10.2308/issues-2022-089,https://doi.org/10.2308/issues-2022-089,https://doi.org/10.2308/issues-2022-089,A,Q2,,,,,,published,ORCID
Nicholas McGuigan,0000-0002-0491-2504,,Critical Perspectives on Accounting,The Queering Accounting Manifesto,2023,,,10.1016/j.cpa.2021.102395,https://doi.org/10.1016/j.cpa.2021.102395,https://doi.org/10.1016/j.cpa.2021.102395,A,Q1,,,,,,published,ORCID
Nicholas McGuigan,0000-0002-0491-2504,,Accounting & Finance Journal / Revista Contabilidade & Finanças,"Future-proofing accounting education: Educating for complexity, ambiguity and uncertainty",2021,,,10.1590/1808-057x202190370,https://doi.org/10.1590/1808-057x202190370,https://doi.org/10.1590/1808-057x202190370,C,Q4,,,,,,published,ORCID
Nicholas McGuigan,0000-0002-0491-2504,,Issues in Accounting Education,Designing Accounting Futures: Exploring Ambiguity in Accounting Classrooms through Design Futuring,2021,,,10.2308/issues-2019-508,https://doi.org/10.2308/issues-2019-508,https://doi.org/10.2308/issues-2019-508,A,Q2,,,,,,published,ORCID
Nicholas McGuigan,0000-0002-0491-2504,,Journal of Management Inquiry,"A Life of Good Governance, Positive Activism, Accountability & Integrated Thinking: An Interview with Mervyn King",2020,,,10.1177/1056492620901794,https://doi.org/10.1177/1056492620901794,https://doi.org/10.1177/1056492620901794,A,Q1,,,,,,published,ORCID
Nicholas McGuigan,0000-0002-0491-2504,,Issues in Accounting Education,Sourcing sustainable finance in a globally competitive market,2017,,,10.2308/iace-51304,https://doi.org/10.2308/iace-51304,https://doi.org/10.2308/iace-51304,A,Q2,,,,,,published,ORCID
Nicholas McGuigan,0000-0002-0491-2504,,Quality in Higher Education,A theory of change for student-led academic integrity,2016,,,10.1080/13538322.2016.1265849,https://doi.org/10.1080/13538322.2016.1265849,https://doi.org/10.1080/13538322.2016.1265849,,Q2,,,,,,published,ORCID
Nicholas McGuigan,0000-0002-0491-2504,,International Journal of Interdisciplinary Environmental Studies,The global financial crisis,2016,,,10.18848/2329-1621/cgp/v11i02/1-17,https://doi.org/10.18848/2329-1621/cgp/v11i02/1-17,https://doi.org/10.18848/2329-1621/cgp/v11i02/1-17,,,,,,,,published,ORCID
Nicholas McGuigan,0000-0002-0491-2504,,Australasian Journal of Educational Technology,Academic leaders' perspectives on adopting ePortfolios for developing and assessing professional capabilities in Australian business education,2016,,,10.14742/ajet.2666,https://doi.org/10.14742/ajet.2666,https://doi.org/10.14742/ajet.2666,,Q1,,,,,,published,ORCID
Nicholas McGuigan,0000-0002-0491-2504,,Accounting Education,The Impact of Journal Rankings on Australasian Accounting Education Scholarship – A Personal View,2015,,,10.1080/09639284.2015.1021261,https://doi.org/10.1080/09639284.2015.1021261,https://doi.org/10.1080/09639284.2015.1021261,A,Q1,,,,,,published,ORCID
Nicholas McGuigan,0000-0002-0491-2504,,Accounting Education,Fit for Purpose,2013,,,10.1080/09639284.2013.847320,https://doi.org/10.1080/09639284.2013.847320,https://doi.org/10.1080/09639284.2013.847320,A,Q1,,,,,,published,ORCID
Nicholas McGuigan,0000-0002-0491-2504,,Pacific Accounting Review,Using asynchronous discussion forums to create social communities of practice in financial accounting,2013,,,10.1108/01140581311318959,https://doi.org/10.1108/01140581311318959,https://doi.org/10.1108/01140581311318959,B,Q2,,,,,,published,ORCID
Nicholas McGuigan,0000-0002-0491-2504,,Issues in Accounting Education,Industry Perspective Workshop Program: An Instructional Case Used to Integrate Transferable Skills in Introductory Accounting,,,,10.2308/iace-50110,https://doi.org/10.2308/iace-50110,https://doi.org/http://dx.doi.org/10.2308/iace-50110,A,Q2,,,,,,published,ORCID
Nicholas McGuigan,0000-0002-0491-2504,,Accounting Forum,Social and Environmental Accounting and Accountability,,,,10.1016/j.accfor.2011.07.003,https://doi.org/10.1016/j.accfor.2011.07.003,https://doi.org/http://dx.doi.org/10.1016/j.accfor.2011.07.003,A,Q1,,,,,,published,ORCID
Nicholas McGuigan,0000-0002-0491-2504,,Asian Social Science,Staff Sentiment and Engagement: A Critical Consideration in a Time of Change,,,,10.5539/ass.v7n11p81,https://doi.org/10.5539/ass.v7n11p81,https://doi.org/http://dx.doi.org/10.5539/ass.v7n11p81,,,,,,,,published,ORCID
Nicholas McGuigan,0000-0002-0491-2504,,Asian Social Science,Transcending the Limits of Classrooms: Expanding Educational Horizons through Intelligent Tutoring,,,,10.5539/ass.v8n14p37,https://doi.org/10.5539/ass.v8n14p37,https://doi.org/http://dx.doi.org/10.5539/ass.v8n14p37,,,,,,,,published,ORCID
Kristian Rotaru,0000-0003-2570-2044,,Personality and Individual Differences,Network analysis of the association between Dark Triad traits and depression symptoms in university students,2024,,,10.1016/j.paid.2023.112495,https://doi.org/10.1016/j.paid.2023.112495,https://doi.org/10.1016/j.paid.2023.112495,A,Q1,,,,,,published,ORCID
Kristian Rotaru,0000-0003-2570-2044,,Management Science,Emotional Engagement and Trading Performance,2023,,,10.1287/mnsc.2023.4883,https://doi.org/10.1287/mnsc.2023.4883,https://doi.org/10.1287/mnsc.2023.4883,A*,Q1,,,,,,published,ORCID
Kristian Rotaru,0000-0003-2570-2044,,JMIR Serious Games,A systematic review of using immersive virtual reality to assess executive function (Preprint),2023,,,10.2196/50282,https://doi.org/10.2196/50282,https://doi.org/10.2196/50282,,Q1,,,,,,published,ORCID
Kristian Rotaru,0000-0003-2570-2044,,Journal of Medical Internet Research,"A Novel, Expert-Endorsed, Neurocognitive Digital Assessment Tool for Addictive Disorders: Development and Validation Study",2023,,,10.2196/44414,https://doi.org/10.2196/44414,https://doi.org/10.2196/44414,,Q1,,,,,,published,ORCID
Kristian Rotaru,0000-0003-2570-2044,,Journal of Behavioral Addictions,Bridging the links between Big Five personality traits and problematic smartphone use: A network analysis,2023,,,10.1556/2006.2022.00093,https://doi.org/10.1556/2006.2022.00093,https://doi.org/10.1556/2006.2022.00093,,,,,,,,published,ORCID
Kristian Rotaru,0000-0003-2570-2044,,Scientific Reports,Clarifying and extending our understanding of problematic pornography use through descriptions of the lived experience,2023,,,10.1038/s41598-023-45459-8,https://doi.org/10.1038/s41598-023-45459-8,https://doi.org/10.1038/s41598-023-45459-8,,Q1,,,,,,published,ORCID
Kristian Rotaru,0000-0003-2570-2044,,Australian and New Zealand Journal of Psychiatry,Lifestyle risk factors for obsessive-compulsive symptoms and related phenomena: What should lifestyle interventions target?,2023,,,10.1177/00048674221085923,https://doi.org/10.1177/00048674221085923,https://doi.org/10.1177/00048674221085923,,,,,,,,published,ORCID
Kristian Rotaru,0000-0003-2570-2044,,Journal of Consumer Psychology,The making of Homo Honoratus: From omission to commission,2023,,,10.1002/jcpy.1392,https://doi.org/10.1002/jcpy.1392,https://doi.org/10.1002/jcpy.1392,A*,Q1,,,,,,published,ORCID
Kristian Rotaru,0000-0003-2570-2044,,CNS Spectrums,"The role of psychological distress in the relationship between lifestyle and compulsivity: An analysis of independent, bi-national samples",2023,,,10.1017/s1092852921001048,https://doi.org/10.1017/s1092852921001048,https://doi.org/10.1017/s1092852921001048,,Q1,,,,,,published,ORCID
Kristian Rotaru,0000-0003-2570-2044,,The International Journal of Logistics Management,Transitioning to a circular economy: lessons from the wood industry,2023,,,10.1108/ijlm-04-2022-0200,https://doi.org/10.1108/ijlm-04-2022-0200,https://doi.org/10.1108/ijlm-04-2022-0200,A,,,,,,,published,ORCID
Kristian Rotaru,0000-0003-2570-2044,,Production and Operations Management,Unpacking the cognitive processes of the boundedly rational newsvendor,2023,,,10.1111/poms.14027,https://doi.org/10.1111/poms.14027,https://doi.org/10.1111/poms.14027,A*,,,,,,,published,ORCID
Kristian Rotaru,0000-0003-2570-2044,,International Journal of Environmental Research and Public Health,The Moderating Role of Psychological Flexibility on the Association between Distress-Driven Impulsivity and Problematic Internet Use,2022,,,10.3390/ijerph19159592,https://doi.org/10.3390/ijerph19159592,https://doi.org/10.3390/ijerph19159592,,Q1,,,,,,published,ORCID
Kristian Rotaru,0000-0003-2570-2044,,Journal of Behavioral Addictions,Distress-driven impulsivity interacts with cognitive inflexibility to determine addiction-like eating,2022,,,10.1556/2006.2021.00027,https://doi.org/10.1556/2006.2021.00027,https://doi.org/10.1556/2006.2021.00027,,,,,,,,published,ORCID
Kristian Rotaru,0000-0003-2570-2044,,Frontiers in Psychiatry,Distress-driven impulsivity interacts with trait compulsivity in association with problematic drinking: A two-sample study,2022,,,10.3389/fpsyt.2022.938275,https://doi.org/10.3389/fpsyt.2022.938275,https://doi.org/10.3389/fpsyt.2022.938275,,Q1,,,,,,published,ORCID
Kristian Rotaru,0000-0003-2570-2044,,Journal of Information Systems,"Effects of Data Visualization Choices on Psychophysiological Responses, Judgment, and Audit Quality",2022,,,10.2308/isys-2020-046,https://doi.org/10.2308/isys-2020-046,https://doi.org/10.2308/isys-2020-046,A,,,,,,,published,ORCID
Kristian Rotaru,0000-0003-2570-2044,,Behavioral Research in Accounting,"Effects of Uncertainty Visualization on Attention, Arousal, and Judgment",2022,,,10.2308/bria-2021-011,https://doi.org/10.2308/bria-2021-011,https://doi.org/10.2308/bria-2021-011,A,,,,,,,published,ORCID
Kristian Rotaru,0000-0003-2570-2044,,Journal of Information Systems,Increasing Reliance on Financial Advice with Avatars: The Effects of Competence and Complexity on Algorithm Aversion,2022,,,10.2308/isys-2021-002,https://doi.org/10.2308/isys-2021-002,https://doi.org/10.2308/isys-2021-002,A,,,,,,,published,ORCID
Kristian Rotaru,0000-0003-2570-2044,,Psychiatry Research,"The relations between emotion regulation, depression and anxiety among medical staff during the late stage of COVID-19 pandemic: a network analysis",2022,,,10.1016/j.psychres.2022.114863,https://doi.org/10.1016/j.psychres.2022.114863,https://doi.org/10.1016/j.psychres.2022.114863,,,,,,,,published,ORCID
Kristian Rotaru,0000-0003-2570-2044,,Frontiers in Psychiatry,Understanding the Association Between Intolerance of Uncertainty and Problematic Smartphone Use: A Network Analysis,2022,,,10.3389/fpsyt.2022.917833,https://doi.org/10.3389/fpsyt.2022.917833,https://doi.org/10.3389/fpsyt.2022.917833,,Q1,,,,,,published,ORCID
Kristian Rotaru,0000-0003-2570-2044,,Journal of Enterprise Information Management,Effect of information technology-enabled supply chain integration on firm's operational performance,2021,,,10.1108/jeim-10-2019-0332,https://doi.org/10.1108/jeim-10-2019-0332,https://doi.org/10.1108/jeim-10-2019-0332,A,Q1,,,,,,published,ORCID
Kristian Rotaru,0000-0003-2570-2044,,European Addiction Research,Reward-Related Attentional Capture Moderates the Association between Fear-Driven Motives and Heavy Drinking,2021,,,10.1159/000513470,https://doi.org/10.1159/000513470,https://doi.org/10.1159/000513470,,,,,,,,published,ORCID
Kristian Rotaru,0000-0003-2570-2044,,Frontiers in Psychiatry,The Influence of Trait Compulsivity and Impulsivity on Addictive and Compulsive Behaviors During COVID-19,2021,,,10.3389/fpsyt.2021.634583,https://doi.org/10.3389/fpsyt.2021.634583,https://doi.org/10.3389/fpsyt.2021.634583,,Q1,,,,,,published,ORCID
Kristian Rotaru,0000-0003-2570-2044,,Scientific Reports,Transferring cognitive talent across domains to reduce the disposition effect in investment,2021,,,10.1038/s41598-021-02596-2,https://doi.org/10.1038/s41598-021-02596-2,https://doi.org/10.1038/s41598-021-02596-2,,Q1,,,,,,published,ORCID
Kristian Rotaru,0000-0003-2570-2044,,International Journal of Accounting Information Systems,Big data prioritization in SCM decision-making: Its role and performance implications,2020,,,10.1016/j.accinf.2020.100470,https://doi.org/10.1016/j.accinf.2020.100470,https://doi.org/10.1016/j.accinf.2020.100470,A,Q1,,,,,,published,ORCID
Kristian Rotaru,0000-0003-2570-2044,,Journal of Management Accounting Research,Causal inference in judgment using the balanced scorecard,2020,,,10.2308/jmar-52574,https://doi.org/10.2308/jmar-52574,https://doi.org/10.2308/jmar-52574,A*,,,,,,,published,ORCID
Kristian Rotaru,0000-0003-2570-2044,,Management Accounting Research,Effects of superiors’ compensation structures on psychophysiological responses and real earnings management decisions of subordinate managers,2020,,,10.1016/j.mar.2020.100691,https://doi.org/10.1016/j.mar.2020.100691,https://doi.org/10.1016/j.mar.2020.100691,A*,Q1,,,,,,published,ORCID
Kristian Rotaru,0000-0003-2570-2044,,Management Accounting Research,The moderating role of decision mode in subjective performance evaluation,2018,,,10.1016/j.mar.2018.03.001,https://doi.org/10.1016/j.mar.2018.03.001,https://doi.org/10.1016/j.mar.2018.03.001,A*,Q1,,,,,,published,ORCID
Kristian Rotaru,0000-0003-2570-2044,,Pacific-Basin Finance Journal,News sentiment and jumps in energy spot and futures markets,2017,,,10.1016/j.pacfin.2016.07.001,https://doi.org/10.1016/j.pacfin.2016.07.001,https://doi.org/10.1016/j.pacfin.2016.07.001,A,Q1,,,,,,published,ORCID
Kristian Rotaru,0000-0003-2570-2044,,Supply Chain Management,An analytical model for system-wide and tier-specific assessment of resilience to supply chain risks,2016,,,10.1108/scm-11-2015-0430,https://doi.org/10.1108/scm-11-2015-0430,https://doi.org/10.1108/scm-11-2015-0430,,Q1,,,,,,published,ORCID
Kristian Rotaru,0000-0003-2570-2044,,International Journal of Operations & Production Management,Analysis of SCOR’s approach to supply chain risk management,2014,,,10.1108/ijopm-09-2012-0385,https://doi.org/10.1108/ijopm-09-2012-0385,https://doi.org/10.1108/ijopm-09-2012-0385,A,,,,,,,published,ORCID
Kristian Rotaru,0000-0003-2570-2044,,Supply Chain Management,Can critical realism enable a journey from description to understanding in operations and supply chain management?,2014,,,10.1108/scm-11-2013-0417,https://doi.org/10.1108/scm-11-2013-0417,https://doi.org/10.1108/scm-11-2013-0417,,Q1,,,,,,published,ORCID
Kristian Rotaru,0000-0003-2570-2044,,Information Systems and e-Business Management,Formalizing process-based risk with Value-Focused Process Engineering,2011,,,10.1007/s10257-009-0125-5,https://doi.org/10.1007/s10257-009-0125-5,https://doi.org/10.1007/s10257-009-0125-5,B,,,,,,,published,ORCID
Kristian Rotaru,0000-0003-2570-2044,,Journal of Operations Management,Supply chain risk identification with value-focused process engineering,2009,,,10.1016/j.jom.2007.11.003,https://doi.org/10.1016/j.jom.2007.11.003,https://doi.org/10.1016/j.jom.2007.11.003,A*,Q1,,,,,,published,ORCID
Roger Simnett AO,0000-0001-9881-8553,,Accounting Horizons,Sustainability Reporting Ecosystem: Insights of Audit Committee Chairs,2026,,,10.2308/horizons-2024-169,https://doi.org/10.2308/horizons-2024-169,https://doi.org/10.2308/horizons-2024-169,A,Q1,,,,,,published,ORCID
Roger Simnett AO,0000-0001-9881-8553,,Abacus,Australian Listed Entities’ Preparedness for Mandatory Reporting and Assurance of Climate‐related Disclosures,2026,,,10.1111/abac.12363,https://doi.org/10.1111/abac.12363,https://doi.org/10.1111/abac.12363,A,Q2,,,,,,published,ORCID
Roger Simnett AO,0000-0001-9881-8553,,Accounting and Finance,Foreword on Special Issue: Informing Sustainability Assurance Regulators and Standard‐Setters and the Role of Different Research Methods,2026,,,10.1111/acfi.70204,https://doi.org/10.1111/acfi.70204,https://doi.org/10.1111/acfi.70204,A,Q1,,,,,,published,ORCID
Roger Simnett AO,0000-0001-9881-8553,,Accounting and Finance,Choice of assurance provider and impact on quality of sustainability reporting: Evidence from sustainability reporting restatements,2025,,,10.1111/acfi.13367,https://doi.org/10.1111/acfi.13367,https://doi.org/10.1111/acfi.13367,A,Q1,,,,,,published,ORCID
Roger Simnett AO,0000-0001-9881-8553,,British Accounting Review,Is greater connectivity of financial and non-financial information in annual reports valued by market participants?,2024,,,10.1016/j.bar.2024.101407,https://doi.org/10.1016/j.bar.2024.101407,https://doi.org/10.1016/j.bar.2024.101407,A*,Q1,,,,,,published,ORCID
Roger Simnett AO,0000-0001-9881-8553,,Current Issues in Auditing,Should Companies Use the Same Provider for Financial Statement Audit and Assurance of Extended External Reports?,2024,,,10.2308/ciia-2022-036,https://doi.org/10.2308/ciia-2022-036,https://doi.org/10.2308/ciia-2022-036,B,Q3,,,,,,published,ORCID
Roger Simnett AO,0000-0001-9881-8553,,Auditing: A Journal of Practice and Theory,Evaluating the Use of International Standards for Assurance Engagements by Nonaccounting Practitioners,2024,,,10.2308/ajpt-2020-133,https://doi.org/10.2308/ajpt-2020-133,https://doi.org/10.2308/ajpt-2020-133,A*,Q1,,,,,,published,ORCID
Roger Simnett AO,0000-0001-9881-8553,,International Journal of Auditing,Determinants and quality of audits and reviews of small charities financial statements,2023,,,10.1111/ijau.12310,https://doi.org/10.1111/ijau.12310,https://doi.org/10.1111/ijau.12310,A,Q1,,,,,,published,ORCID
Roger Simnett AO,0000-0001-9881-8553,,Auditing: A Journal of Practice and Theory,"Determinants and Consequences of Audit Pricing for Charities, Including the Provision of Pro Bono Audits",2023,,,10.2308/ajpt-19-112,https://doi.org/10.2308/ajpt-19-112,https://doi.org/10.2308/ajpt-19-112,A*,Q1,,,,,,published,ORCID
Roger Simnett AO,0000-0001-9881-8553,,Auditing: A Journal of Practice and Theory,Using the Same Provider for Financial Statement Audit and Assurance of Extended External Reports: Choices and Consequences,2023,,,10.2308/ajpt-19-080,https://doi.org/10.2308/ajpt-19-080,https://doi.org/10.2308/ajpt-19-080,A*,Q1,,,,,,published,ORCID
Roger Simnett AO,0000-0001-9881-8553,,Journal of International Financial Management and Accounting,Extended external reporting assurance: Current practices and challenges,2021,,,10.1111/jifm.12127,https://doi.org/10.1111/jifm.12127,https://doi.org/10.1111/jifm.12127,A,Q1,,,,,,published,ORCID
Roger Simnett AO,0000-0001-9881-8553,,Australian Accounting Review,Evidence-informed Approach to Setting Standards: A Discussion on the Research Strategies of AASB and AUASB,2020,,,10.1111/auar.12314,https://doi.org/10.1111/auar.12314,https://doi.org/10.1111/auar.12314,B,Q2,,,,,,published,ORCID
Roger Simnett AO,0000-0001-9881-8553,,Abacus,Financial Reporting by Charities: Why Do Some Choose to Report Under a More Extensive Reporting Framework?,2020,,,10.1111/abac.12202,https://doi.org/10.1111/abac.12202,https://doi.org/10.1111/abac.12202,A,Q2,,,,,,published,ORCID
Roger Simnett AO,0000-0001-9881-8553,,Auditing: A Journal of Practice and Theory,Evaluating Combined Assurance as a New Credibility Enhancement Technique,2019,,,10.2308/ajpt-52175,https://doi.org/10.2308/ajpt-52175,https://doi.org/10.2308/ajpt-52175,A*,Q1,,,,,,published,ORCID
Roger Simnett AO,0000-0001-9881-8553,,Accounting and Finance,Research horizons for public and private not-for-profit sector reporting: moving the bar in the right direction,2019,,,10.1111/acfi.12439,https://doi.org/10.1111/acfi.12439,https://doi.org/10.1111/acfi.12439,A,Q1,,,,,,published,ORCID
Roger Simnett AO,0000-0001-9881-8553,,Behavioral Research in Accounting,The effect of diversity and the mediating role of elaboration on multidisciplinary greenhouse gas assurance team effectiveness,2019,,,10.2308/bria-52285,https://doi.org/10.2308/bria-52285,https://doi.org/10.2308/bria-52285,A,Q2,,,,,,published,ORCID
Roger Simnett AO,0000-0001-9881-8553,,Behavioral Research in Accounting,Twenty-Five-Year Overview of Experimental Auditing Research: Trends and Links to Audit Quality,2018,,,10.2308/bria-52138,https://doi.org/10.2308/bria-52138,https://doi.org/10.2308/bria-52138,A,Q2,,,,,,published,ORCID
Roger Simnett AO,0000-0001-9881-8553,,Abacus,Does Integrated Reporting Matter to the Capital Market?,2017,,,10.1111/abac.12104,https://doi.org/10.1111/abac.12104,https://doi.org/10.1111/abac.12104,A,Q2,,,,,,published,ORCID
Roger Simnett AO,0000-0001-9881-8553,,Auditing: A Journal of Practice and Theory,Assuring a new market: The interplay between country-level and company-level factors on the demand for greenhouse gas (GHG) information assurance and the choice of assurance provider,2016,,,10.2308/ajpt-51414,https://doi.org/10.2308/ajpt-51414,https://doi.org/10.2308/ajpt-51414,A*,Q1,,,,,,published,ORCID
Roger Simnett AO,0000-0001-9881-8553,,Auditing: A Journal of Practice and Theory,"International archival auditing and assurance research: Trends, methodological issues, and opportunities",2016,,,10.2308/ajpt-51377,https://doi.org/10.2308/ajpt-51377,https://doi.org/10.2308/ajpt-51377,A*,Q1,,,,,,published,ORCID
Roger Simnett AO,0000-0001-9881-8553,,Auditing: A Journal of Practice and Theory,A Forum on CSR and Assurance Services,2015,,,10.2308/ajpt-10454,https://doi.org/10.2308/ajpt-10454,https://doi.org/10.2308/ajpt-10454,A*,Q1,,,,,,published,ORCID
Roger Simnett AO,0000-0001-9881-8553,,Auditing: A Journal of Practice and Theory,CSR and Assurance Services: A Research Agenda,2015,,,10.2308/ajpt-50876,https://doi.org/10.2308/ajpt-50876,https://doi.org/10.2308/ajpt-50876,A*,Q1,,,,,,published,ORCID
Roger Simnett AO,0000-0001-9881-8553,,"Sustainability Accounting, Management and Policy Journal",Integrated reporting and assurance: Where can research add value?,2015,,,10.1108/sampj-09-2014-0053,https://doi.org/10.1108/sampj-09-2014-0053,https://doi.org/10.1108/sampj-09-2014-0053,A,Q1,,,,,,published,ORCID
Roger Simnett AO,0000-0001-9881-8553,,Managerial Auditing Journal,Transparency report disclosure by Australian audit firms and opportunities for research,2015,,,10.1108/maj-06-2015-1201,https://doi.org/10.1108/maj-06-2015-1201,https://doi.org/10.1108/maj-06-2015-1201,A,Q1,,,,,,published,ORCID
Roger Simnett AO,0000-0001-9881-8553,,Accounting Horizons,Enhancing the Auditor's Report: To What Extent is There Support for the IAASB's Proposed Changes?,2014,,,10.2308/acch-50791,https://doi.org/10.2308/acch-50791,https://doi.org/10.2308/acch-50791,A,Q1,,,,,,published,ORCID
Roger Simnett AO,0000-0001-9881-8553,,Auditing: A Journal of Practice and Theory,The Effect of Mandatory Audit Firm Rotation on Audit Quality and Audit Fees: Empirical Evidence from the Korean Audit Market,2014,,,10.2308/ajpt-50814,https://doi.org/10.2308/ajpt-50814,https://doi.org/10.2308/ajpt-50814,A*,Q1,,,,,,published,ORCID
Roger Simnett AO,0000-0001-9881-8553,,"Sustainability Accounting, Management and Policy Journal",Assurance of Sustainability Reports: Revision of ISAE 3000 and Associated Research Opportunities,2012,,,10.1108/20408021211223570,https://doi.org/10.1108/20408021211223570,https://doi.org/10.1108/20408021211223570,A,Q1,,,,,,published,ORCID
Roger Simnett AO,0000-0001-9881-8553,,Auditing: A Journal of Practice and Theory,Changes in Audit Market Competition and the Big N Premium,2012,,,10.2308/ajpt-10295,https://doi.org/10.2308/ajpt-10295,https://doi.org/10.2308/ajpt-10295,A*,Q1,,,,,,published,ORCID
Roger Simnett AO,0000-0001-9881-8553,,Auditing: A Journal of Practice and Theory,Impact of Assurance and Assurer's Professional Affiliation on Financial Analysts' Assessment of Credibility of Corporate Social Responsibility Information,2011,,,10.2308/ajpt-10047,https://doi.org/10.2308/ajpt-10047,https://doi.org/10.2308/ajpt-10047,A*,Q1,,,,,,published,ORCID
Roger Simnett AO,0000-0001-9881-8553,,Current Issues in Auditing,The competitive market for assurance engagements on greenhouse gas information: Is there a role for assurers from the accounting profession?,2011,,,10.2308/ciia-50083,https://doi.org/10.2308/ciia-50083,https://doi.org/10.2308/ciia-50083,B,Q3,,,,,,published,ORCID
Roger Simnett AO,0000-0001-9881-8553,,Australian Accounting Review,The Employment Landscape for Accounting Graduates and Work Experience Relevance.,2009,,,10.1111/j.1835-2561.2009.00071.x,https://doi.org/10.1111/j.1835-2561.2009.00071.x,https://doi.org/10.1111/j.1835-2561.2009.00071.x,B,Q2,,,,,,published,ORCID
Roger Simnett AO,0000-0001-9881-8553,,Australian Accounting Review,Accounting and Auditing Standards Boards,2007,,,10.1111/j.1835-2561.2007.tb00436.x,https://doi.org/10.1111/j.1835-2561.2007.tb00436.x,https://doi.org/10.1111/j.1835-2561.2007.tb00436.x,B,Q2,,,,,,published,ORCID
Roger Simnett AO,0000-0001-9881-8553,,Accounting and Business Research,The Portfolio of Knowledge Required by Industry Specialist Auditors,2005,,,10.1080/00014788.2005.9729664,https://doi.org/10.1080/00014788.2005.9729664,https://doi.org/10.1080/00014788.2005.9729664,A,Q1,,,,,,published,ORCID
Roger Simnett AO,0000-0001-9881-8553,,Auditing: A Journal of Practice and Theory,An Investigation of Alternative Report Formats for Communicating Moderate Levels of Assurance,2003,,,10.2308/aud.2003.22.2.171,https://doi.org/10.2308/aud.2003.22.2.171,https://doi.org/10.2308/aud.2003.22.2.171,A*,Q1,,,,,,published,ORCID
Roger Simnett AO,0000-0001-9881-8553,,Abacus,The information content of management`s prospective comments in financially distressed companies: a note,2002,,,10.1111/1467-6281.00109,https://doi.org/10.1111/1467-6281.00109,https://doi.org/10.1111/1467-6281.00109,A,Q2,,,,,,published,ORCID
Roger Simnett AO,0000-0001-9881-8553,,International Journal of Auditing,Auditors' Assessment of Hedge Effectiveness,2001,,,10.1111/1099-1123.00322,https://doi.org/10.1111/1099-1123.00322,https://doi.org/10.1111/1099-1123.00322,A,Q1,,,,,,published,ORCID
Roger Simnett AO,0000-0001-9881-8553,,Advances in Accounting Behavioral Research,Auditors` consideration of fraud: how behavioral research can address the concerns of standard setters,2001,,,10.1016/s1474-7979(01)04069-8,https://doi.org/10.1016/s1474-7979(01)04069-8,https://doi.org/10.1016/s1474-7979(01)04069-8,A,-,,,,,,published,ORCID
Roger Simnett AO,0000-0001-9881-8553,,Accounting and Finance,Understanding assurance services reports: A user perspective,2000,,,10.1111/1467-629x.00045,https://doi.org/10.1111/1467-629x.00045,https://doi.org/10.1111/1467-629x.00045,A,Q1,,,,,,published,ORCID
Roger Simnett AO,0000-0001-9881-8553,,Auditing: A Journal of Practice and Theory,Voluntary demand for internal and external auditing by family businesses,2000,,,10.2308/aud.2000.19.s-1.37,https://doi.org/10.2308/aud.2000.19.s-1.37,https://doi.org/10.2308/aud.2000.19.s-1.37,A*,Q1,,,,,,published,ORCID
Roger Simnett AO,0000-0001-9881-8553,,Australian Accounting Review,Assurance services and associated research opportunities,1999,,,10.1111/j.1835-2561.1999.tb00104.x,https://doi.org/10.1111/j.1835-2561.1999.tb00104.x,https://doi.org/10.1111/j.1835-2561.1999.tb00104.x,B,Q2,,,,,,published,ORCID
Roger Simnett AO,0000-0001-9881-8553,,The Asia Pacific Journal of Accounting,An investigation of the effect of self-regulatory activities on auditor`s performance during knowledge acquisition,1998,,,10.1080/10293574.1998.10510531,https://doi.org/10.1080/10293574.1998.10510531,https://doi.org/10.1080/10293574.1998.10510531,,,,,,,,published,ORCID
Roger Simnett AO,0000-0001-9881-8553,,Australian Accounting Review,Disclosure Of Audit Committees by Public Companies in Australia 1988-1990,1993,,,10.1111/j.1835-2561.1993.tb00144.x,https://doi.org/10.1111/j.1835-2561.1993.tb00144.x,https://doi.org/10.1111/j.1835-2561.1993.tb00144.x,B,Q2,,,,,,published,ORCID
Roger Simnett AO,0000-0001-9881-8553,,Australian Accounting Review,Australian Audit Reports: 1980-89,1991,,,10.1111/j.1835-2561.1991.tb00121.x,https://doi.org/10.1111/j.1835-2561.1991.tb00121.x,https://doi.org/10.1111/j.1835-2561.1991.tb00121.x,B,Q2,,,,,,published,ORCID
Roger Simnett AO,0000-0001-9881-8553,,Accounting and Finance,EVALUATING THE PERFORMANCE OF EMPLOYEES OF CHARTERED ACCOUNTING FIRMS IN AUSTRALIA,1989,,,10.1111/j.1467-629x.1989.tb00099.x,https://doi.org/10.1111/j.1467-629x.1989.tb00099.x,https://doi.org/10.1111/j.1467-629x.1989.tb00099.x,A,Q1,,,,,,published,ORCID
Roger Simnett AO,0000-0001-9881-8553,,Australian Journal of Management,Relationships Among Work Values and the Self-Perceived Performance and Effort of Chartered Accountants in Australia: An Exploratory Study,1989,,,10.1177/031289628901400104,https://doi.org/10.1177/031289628901400104,https://doi.org/10.1177/031289628901400104,A,Q1,,,,,,published,ORCID
Roger Simnett AO,0000-0001-9881-8553,,Accounting and Finance,Determinants of Financial Information Published by Private Not-For-Profit Organisations,1987,,,10.1111/j.1467-629x.1987.tb00087.x,https://doi.org/10.1111/j.1467-629x.1987.tb00087.x,https://doi.org/10.1111/j.1467-629x.1987.tb00087.x,A,Q1,,,,,,published,ORCID
Roger Simnett AO,0000-0001-9881-8553,,International Journal of Auditing,The Different Types of Assurance Services and Levels of Assurance Provided,,,,10.1111/j.1099-1123.2005.00262.x,https://doi.org/10.1111/j.1099-1123.2005.00262.x,https://doi.org/10.1111/j.1099-1123.2005.00262.x,A,Q1,,,,,,published,ORCID
Cameron Truong,0000-0002-9113-8739,,Review of Accounting Studies,Naming as business strategy: an analysis of eponymy and debt contracting,2024,,,10.1007/s11142-023-09765-w,https://doi.org/10.1007/s11142-023-09765-w,https://doi.org/10.1007/s11142-023-09765-w,A*,Q1,,,,,,published,ORCID
Cameron Truong,0000-0002-9113-8739,,Accounting and Finance,Family ownership and speed of adjustment towards targeted capital structures: A study of ASEAN firms,2024,,,10.1111/acfi.13151,https://doi.org/10.1111/acfi.13151,https://doi.org/10.1111/acfi.13151,A,Q1,,,,,,published,ORCID
Cameron Truong,0000-0002-9113-8739,,Journal of Economic Behavior and Organization,"Aerospace competition, investor attention, and stock return comovement",2023,,,10.1016/j.jebo.2023.09.005,https://doi.org/10.1016/j.jebo.2023.09.005,https://doi.org/10.1016/j.jebo.2023.09.005,A*,Q1,,,,,,published,ORCID
Cameron Truong,0000-0002-9113-8739,,British Accounting Review,Does CEO extraversion pay off when in need? Evidence from the global financial crisis,2023,,,10.1016/j.bar.2023.101234,https://doi.org/10.1016/j.bar.2023.101234,https://doi.org/10.1016/j.bar.2023.101234,A*,Q1,,,,,,published,ORCID
Cameron Truong,0000-0002-9113-8739,,Australian Journal of Management,Winning the Australasian Reporting Awards: An analysis of accounting and economic outcomes,2022,,,10.1177/03128962211038637,https://doi.org/10.1177/03128962211038637,https://doi.org/10.1177/03128962211038637,A,Q1,,,,,,published,ORCID
Cameron Truong,0000-0002-9113-8739,,Accounting and Finance,Drought risk and capital structure dynamics,2022,,,10.1111/acfi.12891,https://doi.org/10.1111/acfi.12891,https://doi.org/10.1111/acfi.12891,A,Q1,,,,,,published,ORCID
Cameron Truong,0000-0002-9113-8739,,Accounting and Finance,Speed of adjustment towards target leverage: evidence from a quantile regression analysis,2021,,,10.1111/acfi.12750,https://doi.org/10.1111/acfi.12750,https://doi.org/10.1111/acfi.12750,A,Q1,,,,,,published,ORCID
Cameron Truong,0000-0002-9113-8739,,Finance Research Letters,State-level COVID-19 outbreak and stock returns,2021,,,10.1016/j.frl.2021.102002,https://doi.org/10.1016/j.frl.2021.102002,https://doi.org/10.1016/j.frl.2021.102002,A,Q1,,,,,,published,ORCID
Cameron Truong,0000-0002-9113-8739,,Review of Accounting Studies,Customer satisfaction and the cost of capital,2021,,,10.1007/s11142-020-09555-8,https://doi.org/10.1007/s11142-020-09555-8,https://doi.org/10.1007/s11142-020-09555-8,A*,Q1,,,,,,published,ORCID
Cameron Truong,0000-0002-9113-8739,,International Journal of Auditing,Political alignment and audit pricing,2020,,,10.1111/ijau.12189,https://doi.org/10.1111/ijau.12189,https://doi.org/10.1111/ijau.12189,A,Q1,,,,,,published,ORCID
Aldónio Ferreira,0000-0003-1405-3704,,Accounting Auditing and Accountability Journal,Blending logics with performance management systems in an NGO setting,2025,,,10.1108/aaaj-11-2021-5526,https://doi.org/10.1108/aaaj-11-2021-5526,https://doi.org/10.1108/aaaj-11-2021-5526,A*,Q1,,,,,,published,ORCID
Mukesh Garg,0000-0002-2029-1875,,International Journal of Auditing,"Health Risk, Anxiety and Audit Quality: Evidence From Engagement Audit Partners",2026,,,10.1111/ijau.70014,https://doi.org/10.1111/ijau.70014,https://doi.org/10.1111/ijau.70014,A,Q1,,,,,,published,ORCID
Mukesh Garg,0000-0002-2029-1875,,Accounting and Finance,CEO‐Board Social Ties and Corporate Tax Avoidance,2026,,,10.1111/acfi.70085,https://doi.org/10.1111/acfi.70085,https://doi.org/10.1111/acfi.70085,A,Q1,,,,,,published,ORCID
Mukesh Garg,0000-0002-2029-1875,,Auditing: A Journal of Practice and Theory,Audit Office Effectiveness and Efficiency,2025,,,10.2308/ajpt-2020-064,https://doi.org/10.2308/ajpt-2020-064,https://doi.org/10.2308/ajpt-2020-064,A*,Q1,,,,,,published,ORCID
Mukesh Garg,0000-0002-2029-1875,,Accounting and Finance,Self‐sacrifice or empty symbolism: A study of $1 CEOs,2024,,,10.1111/acfi.13183,https://doi.org/10.1111/acfi.13183,https://doi.org/10.1111/acfi.13183,A,Q1,,,,,,published,ORCID
Mukesh Garg,0000-0002-2029-1875,,Accounting and Finance,Comments of the AFAANZ auditing and assurance standards committee on proposed international standard on auditing ISA for LCE,2022,,,10.1111/acfi.12966,https://doi.org/10.1111/acfi.12966,https://doi.org/10.1111/acfi.12966,A,Q1,,,,,,published,ORCID
Mukesh Garg,0000-0002-2029-1875,,International Journal of Managerial Finance,Tax avoidance and stock price crash risk: mitigating role of managerial ability,2022,,,10.1108/ijmf-03-2020-0103,https://doi.org/10.1108/ijmf-03-2020-0103,https://doi.org/10.1108/ijmf-03-2020-0103,A,Q2,,,,,,published,ORCID
Mukesh Garg,0000-0002-2029-1875,,Journal of Contemporary Accounting and Economics,Multiple directorships and the extent of loan loss provisions: Evidence from banks in South Asia,2021,,,10.1016/j.jcae.2021.100277,https://doi.org/10.1016/j.jcae.2021.100277,https://doi.org/10.1016/j.jcae.2021.100277,A,Q2,,,,,,published,ORCID
Mukesh Garg,0000-0002-2029-1875,,Finance Research Letters,State-level COVID-19 outbreak and stock returns,2021,,,10.1016/j.frl.2021.102002,https://doi.org/10.1016/j.frl.2021.102002,https://doi.org/10.1016/j.frl.2021.102002,A,Q1,,,,,,published,ORCID
Mukesh Garg,0000-0002-2029-1875,,Accounting and Finance,Special issue: Australian Accounting Standards Board Research Forum,2021,,,10.1111/acfi.12561,https://doi.org/10.1111/acfi.12561,https://doi.org/10.1111/acfi.12561,A,Q1,,,,,,published,ORCID
Mukesh Garg,0000-0002-2029-1875,,Australian Accounting Review,Evidence‐informed Approach to Setting Standards: A Discussion on the Research Strategies of AASB and AUASB,2020,,,10.1111/auar.12314,https://doi.org/10.1111/auar.12314,https://doi.org/10.1111/auar.12314,B,Q2,,,,,,published,ORCID
Mukesh Garg,0000-0002-2029-1875,,International Journal of Auditing,Political alignment and audit pricing,2020,,,10.1111/ijau.12189,https://doi.org/10.1111/ijau.12189,https://doi.org/10.1111/ijau.12189,A,Q1,,,,,,published,ORCID
Mukesh Garg,0000-0002-2029-1875,,Australian Accounting Review,"Climate‐related Risk and Financial Statements: Implications for Regulators, Preparers, Auditors and Users",2019,,,10.1111/auar.12296,https://doi.org/10.1111/auar.12296,https://doi.org/10.1111/auar.12296,B,Q2,,,,,,published,ORCID
Mukesh Garg,0000-0002-2029-1875,,Corporate Ownership and Control,The value relevance of fair value accounting: Evidence from the real estate industry,2012,,,10.22495/cocv9i4c4art4,https://doi.org/10.22495/cocv9i4c4art4,https://doi.org/10.22495/cocv9i4c4art4,,,,,,,,published,ORCID
Mukesh Garg,0000-0002-2029-1875,,Corporate Ownership and Control,"Large price decline, price reversal and firm characteristics: A comparative study of 2008 financial crisis",2011,,,10.22495/cocv8i2c3p2,https://doi.org/10.22495/cocv8i2c3p2,https://doi.org/10.22495/cocv8i2c3p2,,,,,,,,published,ORCID
Ting-Chiao (Joey) Huang,0000-0001-9709-002X,,Accounting and Finance,The Local Spillover Effect of Marijuana Liberalization: Evidence From Material Misstatements,2026,,,10.1111/acfi.70284,https://doi.org/10.1111/acfi.70284,https://doi.org/10.1111/acfi.70284,A,Q1,,,,,,published,ORCID
Ting-Chiao (Joey) Huang,0000-0001-9709-002X,,Auditing: A Journal of Practice and Theory,Do Analysts’ Earnings and Cash Flow Forecasts Enhance the Accuracy of Auditors’ Going-Concern Opinions?,2026,,,10.2308/ajpt-2024-023,https://doi.org/10.2308/ajpt-2024-023,https://doi.org/10.2308/ajpt-2024-023,A*,Q1,,,,,,published,ORCID
Ting-Chiao (Joey) Huang,0000-0001-9709-002X,,Journal of Accounting Auditing and Finance,Are Audit Fees Discounted in Initial Year Audit Engagements? Further Evidence From U.S.-Traded Foreign Companies,2026,,,10.1177/0148558x261422898,https://doi.org/10.1177/0148558x261422898,https://doi.org/10.1177/0148558x261422898,A,Q1,,,,,,published,ORCID
Ting-Chiao (Joey) Huang,0000-0001-9709-002X,,International Journal of Auditing,The Effects of Audit Tenure Disclosures on Investor Judgements,2025,,,10.1111/ijau.12381,https://doi.org/10.1111/ijau.12381,https://doi.org/10.1111/ijau.12381,A,Q1,,,,,,published,ORCID
Ting-Chiao (Joey) Huang,0000-0001-9709-002X,,Journal of International Accounting Research,Does Regulatory Reform of Internal Controls in China Improve Internal Control Effectiveness? Role of Corporate Social Responsibility Engagement,2023,,,10.2308/jiar-2021-044,https://doi.org/10.2308/jiar-2021-044,https://doi.org/10.2308/jiar-2021-044,A,Q2,,,,,,published,ORCID
Ting-Chiao (Joey) Huang,0000-0001-9709-002X,,The European Accounting Review,Analyst Revenue Forecasts and Firm Revenue Misstatements,2023,,,10.1080/09638180.2021.1983447,https://doi.org/10.1080/09638180.2021.1983447,https://doi.org/10.1080/09638180.2021.1983447,A*,Q1,,,,,,published,ORCID
Ting-Chiao (Joey) Huang,0000-0001-9709-002X,,Current Issues in Auditing,Implications of Co-Working Experience Between Audit Partners,2022,,,10.2308/ciia-2021-027,https://doi.org/10.2308/ciia-2021-027,https://doi.org/10.2308/ciia-2021-027,B,Q3,,,,,,published,ORCID
Ting-Chiao (Joey) Huang,0000-0001-9709-002X,,The European Accounting Review,Learning from Masters: Engagement Partners’ Co-Signing Relationships with Non-Engagement Industry Specialist Partners and Audit Quality,2022,,,10.1080/09638180.2022.2062409,https://doi.org/10.1080/09638180.2022.2062409,https://doi.org/10.1080/09638180.2022.2062409,A*,Q1,,,,,,published,ORCID
Ting-Chiao (Joey) Huang,0000-0001-9709-002X,,Auditing: A Journal of Practice and Theory,Does the Length of the Cooling-off Period Affect Audit Quality?,2021,,,10.2308/ajpt-19-091,https://doi.org/10.2308/ajpt-19-091,https://doi.org/10.2308/ajpt-19-091,A*,Q1,,,,,,published,ORCID
Ting-Chiao (Joey) Huang,0000-0001-9709-002X,,Journal of Business Finance & Accounting,Governments as customers: Exploring the effects of government customers on supplier firms’ information quality,2021,,,10.1111/jbfa.12530,https://doi.org/10.1111/jbfa.12530,https://doi.org/10.1111/jbfa.12530,A*,Q1,,,,,,published,ORCID
Ting-Chiao (Joey) Huang,0000-0001-9709-002X,,International Journal of Auditing,Does the Form 20‐F reconciliation help ensure the financial reporting quality of cross‐listed IFRS firms? A comparison with cross‐listed non‐IFRS firms,2021,,,10.1111/ijau.12228,https://doi.org/10.1111/ijau.12228,https://doi.org/10.1111/ijau.12228,A,Q1,,,,,,published,ORCID
Ting-Chiao (Joey) Huang,0000-0001-9709-002X,,Auditing: A Journal of Practice and Theory,Audit Partners' Co-Working Experience and Audit Outcomes,2021,,,10.2308/ajpt-18-163,https://doi.org/10.2308/ajpt-18-163,https://doi.org/10.2308/ajpt-18-163,A*,Q1,,,,,,published,ORCID
Ting-Chiao (Joey) Huang,0000-0001-9709-002X,,International Journal of Auditing,Is there an association between accounting firm ranks and audit quality? An examination of the top 100 accounting firms in China,2019,,,10.1111/ijau.12156,https://doi.org/10.1111/ijau.12156,https://doi.org/10.1111/ijau.12156,A,Q1,,,,,,published,ORCID
Ting-Chiao (Joey) Huang,0000-0001-9709-002X,,Journal of International Accounting Research,Auditor Rotation and Perceived Competence and Independence: The Effect of Fees and Industry Specialization,2018,,,10.2308/jiar-52227,https://doi.org/10.2308/jiar-52227,https://doi.org/10.2308/jiar-52227,A,Q2,,,,,,published,ORCID
Ting-Chiao (Joey) Huang,0000-0001-9709-002X,,Auditing: A Journal of Practice and Theory,"Audit Market Concentration, Audit Fees, and Audit Quality: Evidence from China",2016,,,10.2308/ajpt-51299,https://doi.org/10.2308/ajpt-51299,https://doi.org/10.2308/ajpt-51299,A*,Q1,,,,,,published,ORCID
Ting-Chiao (Joey) Huang,0000-0001-9709-002X,,The Accounting Review,Fee Discounting and Audit Quality Following Audit Firm and Audit Partner Changes: Chinese Evidence,2015,,,10.2308/accr-50958,https://doi.org/10.2308/accr-50958,https://doi.org/10.2308/accr-50958,A*,Q1,,,,,,published,ORCID
Ting-Chiao (Joey) Huang,0000-0001-9709-002X,,Asia-Pacific Management Review,Lower audit fees for women audit partners in Taiwan and why,2015,,,10.1016/j.apmrv.2015.02.001,https://doi.org/10.1016/j.apmrv.2015.02.001,https://doi.org/10.1016/j.apmrv.2015.02.001,C,Q1,,,,,,published,ORCID
Ting-Chiao (Joey) Huang,0000-0001-9709-002X,,Journal of Business Finance & Accounting,Can Management Turnover Restore the Financial Statement Credibility of Restating Firms? Further Evidence,2014,,,10.1111/jbfa.12081,https://doi.org/10.1111/jbfa.12081,https://doi.org/10.1111/jbfa.12081,A*,Q1,,,,,,published,ORCID
Ting-Chiao (Joey) Huang,0000-0001-9709-002X,,Managerial Auditing Journal,Corporate executive’s gender and audit fees,2014,,,10.1108/maj-03-2013-0837,https://doi.org/10.1108/maj-03-2013-0837,https://doi.org/10.1108/maj-03-2013-0837,A,Q1,,,,,,published,ORCID
Ting-Chiao (Joey) Huang,0000-0001-9709-002X,,China Journal of Accounting Research,Assets Expropriation via Cash Dividends? Free Cash Flow or Tunneling,2010,,,10.1016/s1755-3091(13)60020-9,https://doi.org/10.1016/s1755-3091(13)60020-9,https://doi.org/10.1016/s1755-3091(13)60020-9,A,Q1,,,,,,published,ORCID
Soon-Yeow Phang,0000-0002-5647-1122,,Auditing: A Journal of Practice and Theory,How Motivation Traits and Incentives Interact to Influence Auditor Professional Skepticism,2026,,,10.2308/ajpt-2021-089,https://doi.org/10.2308/ajpt-2021-089,https://doi.org/10.2308/ajpt-2021-089,A*,Q1,,,,,,published,ORCID
Soon-Yeow Phang,0000-0002-5647-1122,,International Journal of Auditing,Investor Judgements on Going Concern Prospects: The Impact of KAM Versus MURGC Reporting and Management's Internal Versus External Attributions,2026,,,10.1111/ijau.70044,https://doi.org/10.1111/ijau.70044,https://doi.org/10.1111/ijau.70044,A,Q1,,,,,,published,ORCID
Soon-Yeow Phang,0000-0002-5647-1122,,The European Accounting Review,"Investors’ Reactions to Cybersecurity Incidents: The Joint Effects of Disclosure Tone, Critical Audit Matters, and IT Knowledge",2025,,,10.1080/09638180.2024.2445692,https://doi.org/10.1080/09638180.2024.2445692,https://doi.org/10.1080/09638180.2024.2445692,A*,Q1,,,,,,published,ORCID
Soon-Yeow Phang,0000-0002-5647-1122,,Contemporary Accounting Research,Investor reactions to climate change disclosures: Joint effects of disclosure focus and controllability,2025,,,10.1111/1911-3846.13037,https://doi.org/10.1111/1911-3846.13037,https://doi.org/10.1111/1911-3846.13037,A*,Q1,,,,,,published,ORCID
Soon-Yeow Phang,0000-0002-5647-1122,,International Journal of Auditing,The Effects of Audit Tenure Disclosures on Investor Judgements,2025,,,10.1111/ijau.12381,https://doi.org/10.1111/ijau.12381,https://doi.org/10.1111/ijau.12381,A,,,,,,,published,ORCID
Soon-Yeow Phang,0000-0002-5647-1122,,The European Accounting Review,How do Climate Change Strategy Disclosure and Investment Horizon Jointly Influence Investor Judgments?,2024,,,10.1080/09638180.2024.2305776,https://doi.org/10.1080/09638180.2024.2305776,https://doi.org/10.1080/09638180.2024.2305776,A*,,,,,,,published,ORCID
Soon-Yeow Phang,0000-0002-5647-1122,,Contemporary Accounting Research,How do lead auditor instructions influence component auditors' evidence collection decisions? The joint influence of construal interpretations and responsibility,2024,,,10.1111/1911-3846.12911,https://doi.org/10.1111/1911-3846.12911,https://doi.org/10.1111/1911-3846.12911,A*,,,,,,,published,ORCID
Soon-Yeow Phang,0000-0002-5647-1122,,Accounting and Finance,Investor reactions to key audit matters: Financial and non‐financial contexts,2023,,,10.1111/acfi.13041,https://doi.org/10.1111/acfi.13041,https://doi.org/10.1111/acfi.13041,A,Q1,,,,,,published,ORCID
Soon-Yeow Phang,0000-0002-5647-1122,,Contemporary Accounting Research,Building Trust with Material and Immaterial Corporate Social Responsibility: Benefits and Consequences*,2023,,,10.1111/1911-3846.12838,https://doi.org/10.1111/1911-3846.12838,https://doi.org/10.1111/1911-3846.12838,A*,Q1,,,,,,published,ORCID
Soon-Yeow Phang,0000-0002-5647-1122,,Accounting Horizons,Is it All in the Mind(Fulness)? An Exploratory Study Assessing the Impact of Mindfulness on Professional Skepticism,2023,,,10.2308/horizons-2020-118,https://doi.org/10.2308/horizons-2020-118,https://doi.org/10.2308/horizons-2020-118,A,Q1,,,,,,published,ORCID
Soon-Yeow Phang,0000-0002-5647-1122,,The European Accounting Review,Fit Between Regulatory Focus and Goal Pursuit Strategies on Auditors’ Professional Skepticism,2023,,,10.1080/09638180.2022.2162945,https://doi.org/10.1080/09638180.2022.2162945,https://doi.org/10.1080/09638180.2022.2162945,A*,Q1,,,,,,published,ORCID
Soon-Yeow Phang,0000-0002-5647-1122,,Managerial Auditing Journal,COVID-19 pandemic resilience: an analysis of firm valuation and disclosure of sustainability practices of listed firms,2023,,,10.1108/maj-06-2021-3183,https://doi.org/10.1108/maj-06-2021-3183,https://doi.org/10.1108/maj-06-2021-3183,A,Q1,,,,,,published,ORCID
Soon-Yeow Phang,0000-0002-5647-1122,,Journal of Business Ethics,Do Natural Disasters Affect Corporate Tax Avoidance? The Case of Drought,2022,,,10.1007/s10551-022-05250-7,https://doi.org/10.1007/s10551-022-05250-7,https://doi.org/10.1007/s10551-022-05250-7,A,Q1,,,,,,published,ORCID
Soon-Yeow Phang,0000-0002-5647-1122,,Journal of Contemporary Accounting and Economics,Policy and oversight of corporate political activities and the cost of equity capital,2022,,,10.1016/j.jcae.2022.100314,https://doi.org/10.1016/j.jcae.2022.100314,https://doi.org/10.1016/j.jcae.2022.100314,A,Q2,,,,,,published,ORCID
Soon-Yeow Phang,0000-0002-5647-1122,,International Journal of Auditing,Effects of regulatory enforcement style and audit firm remedial actions on investors' perceptions of audit quality,2022,,,10.1111/ijau.12295,https://doi.org/10.1111/ijau.12295,https://doi.org/10.1111/ijau.12295,A,,,,,,,published,ORCID
Soon-Yeow Phang,0000-0002-5647-1122,,Accounting and Finance,Does positive CSR increase willingness to invest in a company based on performance? The incremental role of combined assurance,2021,,,10.1111/acfi.12771,https://doi.org/10.1111/acfi.12771,https://doi.org/10.1111/acfi.12771,A,Q1,,,,,,published,ORCID
Soon-Yeow Phang,0000-0002-5647-1122,,Managerial Auditing Journal,The combined effect of perspective-taking and incentives on professional skepticism,2021,,,10.1108/maj-02-2021-3019,https://doi.org/10.1108/maj-02-2021-3019,https://doi.org/10.1108/maj-02-2021-3019,A,Q1,,,,,,published,ORCID
Soon-Yeow Phang,0000-0002-5647-1122,,Finance Research Letters,State-level COVID-19 outbreak and stock returns,2021,,,10.1016/j.frl.2021.102002,https://doi.org/10.1016/j.frl.2021.102002,https://doi.org/10.1016/j.frl.2021.102002,A,Q1,,,,,,published,ORCID
Soon-Yeow Phang,0000-0002-5647-1122,,Information & Management,The strategic role of CIOs in IT controls: IT control weaknesses and CIO turnover,2021,,,10.1016/j.im.2021.103429,https://doi.org/10.1016/j.im.2021.103429,https://doi.org/10.1016/j.im.2021.103429,A*,Q1,,,,,,published,ORCID
Soon-Yeow Phang,0000-0002-5647-1122,,Journal of Business Ethics,Consequences of Ethical and Audit Violations: Evidence from the PCAOB Settled Disciplinary Orders,2021,,,10.1007/s10551-021-04786-4,https://doi.org/10.1007/s10551-021-04786-4,https://doi.org/https://doi.org/10.1007/s10551-021-04786-4,A,Q1,,,,,,published,ORCID
Soon-Yeow Phang,0000-0002-5647-1122,,The European Accounting Review,How Does Combined Assurance Affect the Reliability of Integrated Reports and Investors’ Judgments?,2021,,,10.1080/09638180.2020.1745659,https://doi.org/10.1080/09638180.2020.1745659,https://doi.org/10.1080/09638180.2020.1745659,A*,Q1,,,,,,published,ORCID
Soon-Yeow Phang,0000-0002-5647-1122,,The European Accounting Review,When Do Investors Value Key Audit Matters?,2021,,,10.1080/09638180.2020.1733040,https://doi.org/10.1080/09638180.2020.1733040,https://doi.org/10.1080/09638180.2020.1733040,A*,Q1,,,,,,published,ORCID
Soon-Yeow Phang,0000-0002-5647-1122,,Accounting and Finance,Impacts of the timing of the discovery of a subsequent event on the auditors’ approach to subsequent events,2020,,,10.1111/acfi.12526,https://doi.org/10.1111/acfi.12526,https://doi.org/10.1111/acfi.12526,A,Q1,,,,,,published,ORCID
Soon-Yeow Phang,0000-0002-5647-1122,,Accounting and Finance,CEO/CFO turnover and subsequent remediation of information technology material weaknesses,2019,,,10.1111/acfi.12299,https://doi.org/10.1111/acfi.12299,https://doi.org/10.1111/acfi.12299,A,Q1,,,,,,published,ORCID
Soon-Yeow Phang,0000-0002-5647-1122,,Auditing: A Journal of Practice and Theory,Auditors' Evaluation of Subsequent Events: The Effects of Prior Commitment and Type of Accountability,2019,,,10.2308/ajpt-52334,https://doi.org/10.2308/ajpt-52334,https://doi.org/10.2308/ajpt-52334,A*,Q1,,,,,,published,ORCID
Lisa Powell,0000-0002-9607-2003,,Social and Environmental Accountability Journal,"Accounting, Accountability, and Animal Flourishing",2026,,,10.1080/0969160x.2026.2686846,https://doi.org/10.1080/0969160x.2026.2686846,https://doi.org/10.1080/0969160x.2026.2686846,B,Q3,,,,,,published,ORCID
Lisa Powell,0000-0002-9607-2003,,Accounting Auditing and Accountability Journal,The role of accounting in enabling the flourishing of nature: opportunities and challenges,2026,,,10.1108/aaaj-12-2024-7605,https://doi.org/10.1108/aaaj-12-2024-7605,https://doi.org/10.1108/aaaj-12-2024-7605,A*,,,,,,,published,ORCID
Lisa Powell,0000-0002-9607-2003,,British Accounting Review,Nurturing diversity in accounting through “Queering” accounting pedagogy,2026,,,10.1016/j.bar.2024.101516,https://doi.org/10.1016/j.bar.2024.101516,https://doi.org/10.1016/j.bar.2024.101516,A*,Q1,,,,,,published,ORCID
Lisa Powell,0000-0002-9607-2003,,Meditari Accountancy Research,Looking within: cultivating compassion for shaping sustainable mindsets in accounting education,2024,,,10.1108/medar-07-2023-2082,https://doi.org/10.1108/medar-07-2023-2082,https://doi.org/10.1108/medar-07-2023-2082,A,Q1,,,,,,published,ORCID
Lisa Powell,0000-0002-9607-2003,,Social and Environmental Accountability Journal,"Finding Our Voices – Exploring Diversity, Inclusion and Accounting by the Marginalised and Managed Diverse",2024,,,10.1080/0969160x.2024.2374244,https://doi.org/10.1080/0969160x.2024.2374244,https://doi.org/10.1080/0969160x.2024.2374244,B,Q3,,,,,,published,ORCID
Lisa Powell,0000-0002-9607-2003,,Meditari Accountancy Research,Responding to crises: rewilding accounting education for the Anthropocene,2023,,,10.1108/medar-06-2021-1333,https://doi.org/10.1108/medar-06-2021-1333,https://doi.org/10.1108/medar-06-2021-1333,A,Q1,,,,,,published,ORCID
Lisa Powell,0000-0002-9607-2003,,Critical Perspectives on Accounting,The Queering Accounting Manifesto,2023,,,10.1016/j.cpa.2021.102395,https://doi.org/10.1016/j.cpa.2021.102395,https://doi.org/10.1016/j.cpa.2021.102395,A,Q1,,,,,,published,ORCID
Lisa Powell,0000-0002-9607-2003,,Accounting Research Journal,"Teaching, virtually: a critical reflection",2021,,,10.1108/arj-09-2020-0307,https://doi.org/10.1108/arj-09-2020-0307,https://doi.org/10.1108/arj-09-2020-0307,B,Q2,,,,,,published,ORCID
Lisa Powell,0000-0002-9607-2003,,Accounting Forum,Opening accounting: a Manifesto,2021,,,10.1080/01559982.2021.1952685,https://doi.org/10.1080/01559982.2021.1952685,https://doi.org/10.1080/01559982.2021.1952685,A,Q1,,,,,,published,ORCID
Lisa Powell,0000-0002-9607-2003,,Accounting Education,Fostering creativity in audit through co-created role-play,2020,,,10.1080/09639284.2020.1838929,https://doi.org/10.1080/09639284.2020.1838929,https://doi.org/10.1080/09639284.2020.1838929,A,Q1,,,,,,published,ORCID
Paul Thambar,0000-0002-0586-1796,,Accounting and Finance,Qualitative Accounting Research: Special Issue on New Directions and Emerging Contexts,2026,,,10.1111/acfi.70283,https://doi.org/10.1111/acfi.70283,https://doi.org/10.1111/acfi.70283,A,Q1,,,,,,published,ORCID
Paul Thambar,0000-0002-0586-1796,,Accounting Auditing and Accountability Journal,Blending logics with performance management systems in an NGO setting,2025,,,10.1108/aaaj-11-2021-5526,https://doi.org/10.1108/aaaj-11-2021-5526,https://doi.org/10.1108/aaaj-11-2021-5526,A*,Q1,,,,,,published,ORCID
Paul Thambar,0000-0002-0586-1796,,Accounting Auditing and Accountability Journal,Methodological Insights: This is not an experiment: using vignettes in qualitative accounting research,2025,,,10.1108/aaaj-10-2023-6704,https://doi.org/10.1108/aaaj-10-2023-6704,https://doi.org/10.1108/aaaj-10-2023-6704,A*,Q1,,,,,,published,ORCID
Paul Thambar,0000-0002-0586-1796,,Accounting Auditing and Accountability Journal,Coordination in a not-for-profit organisation during the COVID-19 pandemic: organisational sensemaking during planning meetings,2023,,,10.1108/aaaj-08-2021-5408,https://doi.org/10.1108/aaaj-08-2021-5408,https://doi.org/10.1108/aaaj-08-2021-5408,A*,Q1,,,,,,published,ORCID
Paul Thambar,0000-0002-0586-1796,,Accounting Auditing and Accountability Journal,Paradoxical tensions of the COVID-19 pandemic: a paradox theory perspective on the role of management control systems in helping organizations survive crises,2022,,,10.1108/aaaj-08-2020-4851,https://doi.org/10.1108/aaaj-08-2020-4851,https://doi.org/10.1108/aaaj-08-2020-4851,A*,Q1,,,,,,published,ORCID
Paul Thambar,0000-0002-0586-1796,,Accounting Auditing and Accountability Journal,Coping with COVID-19: the role of accounting in shaping charities' financial resilience,2021,,,10.1108/aaaj-09-2020-4919,https://doi.org/10.1108/aaaj-09-2020-4919,https://doi.org/10.1108/aaaj-09-2020-4919,A*,Q1,,,,,,published,ORCID
Paul Thambar,0000-0002-0586-1796,,"Accounting, Organizations and Society",Managing systemic uncertainty: The role of industry-level management controls and hybrids,2019,,,10.1016/j.aos.2019.03.002,https://doi.org/10.1016/j.aos.2019.03.002,https://doi.org/10.1016/j.aos.2019.03.002,A*,Q1,,,,,,published,ORCID
Paul Thambar,0000-0002-0586-1796,,Issues in Accounting Education,Applying Target Costing to the Service Sector: Sunline Auto Insurance Case,2019,,,10.2308/iace-52427,https://doi.org/10.2308/iace-52427,https://doi.org/10.2308/iace-52427,A,Q2,,,,,,published,ORCID
Xinning Xiao,0000-0003-2701-9767,,Journal of Information Systems,An Investigation of the Effects of Allegation Sources and Consequences on Corporate Directors’ Responses to Whistleblowing Allegations,2022,,,10.2308/isys-2020-049,https://doi.org/10.2308/isys-2020-049,https://doi.org/10.2308/isys-2020-049,A,,,,,,,published,ORCID
Xinning Xiao,0000-0003-2701-9767,,Accounting and Finance,How do key audit matter characteristics combine to impact financial statement understandability?,2022,,,10.1111/acfi.12811,https://doi.org/10.1111/acfi.12811,https://doi.org/10.1111/acfi.12811,A,,,,,,,published,ORCID
Xinning Xiao,0000-0003-2701-9767,,Accounting and Finance,Investor reactions to key audit matters: Financial and non-financial contexts,2022,,,10.1111/acfi.13041,https://doi.org/10.1111/acfi.13041,https://doi.org/10.1111/acfi.13041,A,,,,,,,published,ORCID
Xinning Xiao,0000-0003-2701-9767,,British Accounting Review,Stakeholders’ perceptions of factors affecting the credibility of sustainability reports,2022,,,10.1016/j.bar.2021.101002,https://doi.org/10.1016/j.bar.2021.101002,https://doi.org/10.1016/j.bar.2021.101002,A*,,,,,,,published,ORCID
Xinning Xiao,0000-0003-2701-9767,,The European Accounting Review,When Do Investors Value Key Audit Matters?,2021,,,10.1080/09638180.2020.1733040,https://doi.org/10.1080/09638180.2020.1733040,https://doi.org/10.1080/09638180.2020.1733040,A*,,,,,,,published,ORCID
Xinning Xiao,0000-0003-2701-9767,,Journal of Business Ethics,Voluntary Engagement in Environmental Projects: Evidence from Environmental Violators,2020,,,10.1007/s10551-018-4074-0,https://doi.org/10.1007/s10551-018-4074-0,https://doi.org/10.1007/s10551-018-4074-0,A,Q1,,,,,,published,ORCID
Xinning Xiao,0000-0003-2701-9767,,Journal of Business Ethics,How Does Corporate Social Responsibility Engagement Influence Word of Mouth on Twitter? Evidence from the Airline Industry,2019,,,10.1007/s10551-017-3679-z,https://doi.org/10.1007/s10551-017-3679-z,https://doi.org/10.1007/s10551-017-3679-z,A,Q1,,,,,,published,ORCID
Xinning Xiao,0000-0003-2701-9767,,Journal of Accounting Literature,Whistleblowing on accounting-related misconduct,2018,,,10.1016/j.acclit.2018.03.003,https://doi.org/10.1016/j.acclit.2018.03.003,https://doi.org/10.1016/j.acclit.2018.03.003,A,Q2,,,,,,published,ORCID
Jin Zhang,0000-0001-9265-1051,,Review of Accounting Studies,Naming as business strategy: an analysis of eponymy and debt contracting,2024,,,10.1007/s11142-023-09765-w,https://doi.org/10.1007/s11142-023-09765-w,https://doi.org/10.1007/s11142-023-09765-w,A*,Q1,,,,,,published,ORCID
Jin Zhang,0000-0001-9265-1051,,The European Accounting Review,Language Similarity and M&A Transactions,2024,,,10.1080/09638180.2022.2117221,https://doi.org/10.1080/09638180.2022.2117221,https://doi.org/10.1080/09638180.2022.2117221,A*,Q1,,,,,,published,ORCID
Jin Zhang,0000-0001-9265-1051,,Journal of Business Finance & Accounting,Political corruption and accounting choices,2022,,,10.1111/jbfa.12646,https://doi.org/10.1111/jbfa.12646,https://doi.org/10.1111/jbfa.12646,A*,Q1,,,,,,published,ORCID
Jin Zhang,0000-0001-9265-1051,,Journal of Financial and Quantitative Analysis,The Real Effect of Smoking Bans: Evidence from Corporate Innovation,2020,,,10.1017/s0022109018001564,https://doi.org/10.1017/s0022109018001564,https://doi.org/10.1017/s0022109018001564,A*,Q1,,,,,,published,ORCID
Jin Zhang,0000-0001-9265-1051,,Journal of Financial and Quantitative Analysis,SOX Section 404 and Corporate Innovation,2019,,,10.1017/s0022109018000844,https://doi.org/10.1017/s0022109018000844,https://doi.org/10.1017/s0022109018000844,A*,Q1,,,,,,published,ORCID
Jin Zhang,0000-0001-9265-1051,,Review of Accounting Studies,Employee turnover likelihood and earnings management,2018,,,10.1007/s11142-018-9475-x,https://doi.org/10.1007/s11142-018-9475-x,https://doi.org/10.1007/s11142-018-9475-x,A*,Q1,,,,,,published,ORCID
Christofer Adrian,0000-0002-9366-3473,,International Journal of Auditing,"Health Risk, Anxiety and Audit Quality: Evidence From Engagement Audit Partners",2026,,,10.1111/ijau.70014,https://doi.org/10.1111/ijau.70014,https://doi.org/10.1111/ijau.70014,A,Q1,,,,,,published,ORCID
Christofer Adrian,0000-0002-9366-3473,,Accounting and Finance,The Effect of a Politically Connected Supervisory Board and Disclosure of Ultimate Shareholders' Identity on the Principal–Principal Conflict,2025,,,10.1111/acfi.70046,https://doi.org/10.1111/acfi.70046,https://doi.org/10.1111/acfi.70046,A,Q1,,,,,,published,ORCID
Christofer Adrian,0000-0002-9366-3473,,Accounting and Finance,Politically connected audit committee and audit risk: Evidence from a quasi‐experiment,2025,,,10.1111/acfi.13373,https://doi.org/10.1111/acfi.13373,https://doi.org/10.1111/acfi.13373,A,Q1,,,,,,published,ORCID
Christofer Adrian,0000-0002-9366-3473,,Accounting and Business Research,Natural disasters and audit fees,2024,,,10.1080/00014788.2023.2181752,https://doi.org/10.1080/00014788.2023.2181752,https://doi.org/10.1080/00014788.2023.2181752,A,Q1,,,,,,published,ORCID
Christofer Adrian,0000-0002-9366-3473,,Finance Research Letters,State-level COVID-19 outbreak and stock returns,2021,,,10.1016/j.frl.2021.102002,https://doi.org/10.1016/j.frl.2021.102002,https://doi.org/10.1016/j.frl.2021.102002,A,Q1,,,,,,published,ORCID
Christofer Adrian,0000-0002-9366-3473,,International Journal of Auditing,Political alignment and audit pricing,2020,,,10.1111/ijau.12189,https://doi.org/10.1111/ijau.12189,https://doi.org/10.1111/ijau.12189,A,Q1,,,,,,published,ORCID
Annemarie Conrath-Hargreaves,0000-0001-9546-4147,,The European Accounting Review,Proliferation of performance metrics in universities: the rise of grant income and the renegotiation of academic worth,2026,,,10.1080/09638180.2026.2675374,https://doi.org/10.1080/09638180.2026.2675374,https://doi.org/10.1080/09638180.2026.2675374,A*,Q1,,,,,,published,ORCID
Annemarie Conrath-Hargreaves,0000-0001-9546-4147,,Accounting Auditing and Accountability Journal,Methodological Insights: This is not an experiment: using vignettes in qualitative accounting research,2025,,,10.1108/aaaj-10-2023-6704,https://doi.org/10.1108/aaaj-10-2023-6704,https://doi.org/10.1108/aaaj-10-2023-6704,A*,Q1,,,,,,published,ORCID
Maleen Gong,0000-0003-0889-6297,,Journal of Management Control,Managing operational risks in public private partnerships (PPPs): social capital and management control systems (MCS) perspectives,2026,,,10.1007/s00187-026-00410-6,https://doi.org/10.1007/s00187-026-00410-6,https://doi.org/10.1007/s00187-026-00410-6,A,Q1,,,,,,published,ORCID
Maleen Gong,0000-0003-0889-6297,,Financial Accountability and Management,Role expectations and shared accountability: A framework for school governance,2023,,,10.1111/faam.12322,https://doi.org/10.1111/faam.12322,https://doi.org/10.1111/faam.12322,A,Q1,,,,,,published,ORCID
Maleen Gong,0000-0003-0889-6297,,Public Money & Management,Risk as opportunity in schools: An economies of worth perspective,2022,,,10.1080/09540962.2022.2070977,https://doi.org/10.1080/09540962.2022.2070977,https://doi.org/10.1080/09540962.2022.2070977,A,Q1,,,,,,published,ORCID
Maleen Gong,0000-0003-0889-6297,,School Effectiveness and School Improvement,Board effectiveness and school performance: a study of Australian independent schools,2021,,,10.1080/09243453.2021.1939734,https://doi.org/10.1080/09243453.2021.1939734,https://doi.org/10.1080/09243453.2021.1939734,,Q1,,,,,,published,ORCID
Maleen Gong,0000-0003-0889-6297,,Accounting and Finance,Principal leadership style and school performance: mediating roles of risk management culture and management control systems use in Australian schools,2020,,,10.1111/acfi.12416,https://doi.org/10.1111/acfi.12416,https://doi.org/10.1111/acfi.12416,A,Q1,,,,,,published,ORCID
Maleen Gong,0000-0003-0889-6297,,Accounting and Business Research,Does consistency in management control systems design choices influence firm performance? An empirical analysis,2014,,,10.1080/00014788.2014.901164,https://doi.org/10.1080/00014788.2014.901164,https://doi.org/10.1080/00014788.2014.901164,A,Q1,,,,,,published,ORCID
Maleen Gong,0000-0003-0889-6297,,Journal of Internet Commerce,Online Communities and Commercialization of Chinese Internet Literature,2012,,,10.1080/15332861.2012.689563,https://doi.org/10.1080/15332861.2012.689563,https://doi.org/10.1080/15332861.2012.689563,B,Q2,,,,,,published,ORCID
Jenny Guan,0000-0003-3976-1280,,Journal of Business Finance & Accounting,Does International Financial Reporting Standards adoption improve or impede comparability? New evidence from Chinese dual-class firms,2025,,,10.1111/jbfa.12835,https://doi.org/10.1111/jbfa.12835,https://doi.org/10.1111/jbfa.12835,A*,,,,,,,published,ORCID
Jenny Guan,0000-0003-3976-1280,,Review of Accounting Studies,Is accounting the English language of business? The role of language in IFRS adoption and information loss,2025,,,10.1007/s11142-025-09881-9,https://doi.org/10.1007/s11142-025-09881-9,https://doi.org/10.1007/s11142-025-09881-9,A*,,,,,,,published,ORCID
Jenny Guan,0000-0003-3976-1280,,International Review of Economics & Finance,On the marketing effect of financial analysts: Evidence from investor bids in SEO auctions,2023,,,10.1016/j.iref.2023.06.030,https://doi.org/10.1016/j.iref.2023.06.030,https://doi.org/10.1016/j.iref.2023.06.030,A,Q1,,,,,,published,ORCID
Jenny Guan,0000-0003-3976-1280,,Journal of Accounting Auditing and Finance,Strategic Deviation and Stock Return Synchronicity,2021,,,10.1177/0148558x18802551,https://doi.org/10.1177/0148558x18802551,https://doi.org/10.1177/0148558x18802551,A,,,,,,,published,ORCID
Jenny Guan,0000-0003-3976-1280,,Journal of Business Finance & Accounting,Strategic deviance and cash holdings,2021,,,10.1111/jbfa.12487,https://doi.org/10.1111/jbfa.12487,https://doi.org/10.1111/jbfa.12487,A*,,,,,,,published,ORCID
Jenny Guan,0000-0003-3976-1280,,Journal of the American Taxation Association,Ceo severance pay and corporate tax planning,2020,,,10.2308/atax-52604,https://doi.org/10.2308/atax-52604,https://doi.org/10.2308/atax-52604,A,,,,,,,published,ORCID
Jenny Guan,0000-0003-3976-1280,,Journal of Financial and Quantitative Analysis,Managerial Ability and the Shareholder Tax Sensitivity of Dividends,2018,,,10.1017/s0022109017001004,https://doi.org/10.1017/s0022109017001004,https://doi.org/10.1017/s0022109017001004,A*,,,,,,,published,ORCID
Jenny Guan,0000-0003-3976-1280,,Corporate Governance: an international review,Controlling Shareholder-Manager Collusion and Tunneling: Evidence from China,2014,,,10.1111/corg.12081,https://doi.org/10.1111/corg.12081,https://doi.org/10.1111/corg.12081,A,,,,,,,published,ORCID
Janto Haman,0000-0001-8936-6815,,Emerging Markets Review,Impact of changes in the CSI 300 Index constituents,2015,,,10.1016/j.ememar.2015.05.005,https://doi.org/10.1016/j.ememar.2015.05.005,https://doi.org/10.1016/j.ememar.2015.05.005,A,Q1,,,,,,published,ORCID
Janto Haman,0000-0001-8936-6815,,Journal of Contemporary Accounting and Economics,China's Securities reforms and IPO wealth loss,2014,,,10.1016/j.jcae.2014.08.002,https://doi.org/10.1016/j.jcae.2014.08.002,https://doi.org/10.1016/j.jcae.2014.08.002,A,Q2,,,,,,published,ORCID
Janto Haman,0000-0001-8936-6815,,Industrial Relations: a journal of economy and society,Pay for performance and corporate governance reform,2012,,,10.1111/j.1468-232x.2012.00695.x,https://doi.org/10.1111/j.1468-232x.2012.00695.x,https://doi.org/10.1111/j.1468-232x.2012.00695.x,A*,Q1,,,,,,published,ORCID
Janto Haman,0000-0001-8936-6815,,British Accounting Review,The role of board independence in mitigating agency problem II in Australian family firms,2011,,,10.1016/j.bar.2011.06.006,https://doi.org/10.1016/j.bar.2011.06.006,https://doi.org/10.1016/j.bar.2011.06.006,A*,Q1,,,,,,published,ORCID
Janto Haman,0000-0001-8936-6815,,Accounting Education,Expectations and perceptions of overseas students in a post-graduate corporate accounting subject: A research note,2010,,,10.1080/09639284.2010.502329,https://doi.org/10.1080/09639284.2010.502329,https://doi.org/10.1080/09639284.2010.502329,A,Q1,,,,,,published,ORCID
Yi-Hung (Jerry) Lin,0000-0001-7114-2098,,International Journal of Auditing,Does the Form 20‐F reconciliation help ensure the financial reporting quality of cross‐listed IFRS firms? A comparison with cross‐listed non‐IFRS firms,2021,,,10.1111/ijau.12228,https://doi.org/10.1111/ijau.12228,https://doi.org/10.1111/ijau.12228,A,Q1,,,,,,published,ORCID
Yi-Hung (Jerry) Lin,0000-0001-7114-2098,,Auditing: A Journal of Practice and Theory,Audit Partners' Co-Working Experience and Audit Outcomes,2021,,,10.2308/ajpt-18-163,https://doi.org/10.2308/ajpt-18-163,https://doi.org/10.2308/ajpt-18-163,A*,Q1,,,,,,published,ORCID
Yi-Hung (Jerry) Lin,0000-0001-7114-2098,,Accounting and the Public Interest,Corporate Social Responsibility and Financial Reporting Quality: Evidence from Restatements,2020,,,10.2308/api-19-010,https://doi.org/10.2308/api-19-010,https://doi.org/10.2308/api-19-010,B,Q4,,,,,,published,ORCID
Yi-Hung (Jerry) Lin,0000-0001-7114-2098,,Accounting Education,Fostering creativity in audit through co-created role-play,2020,,,10.1080/09639284.2020.1838929,https://doi.org/10.1080/09639284.2020.1838929,https://doi.org/10.1080/09639284.2020.1838929,A,Q1,,,,,,published,ORCID
Yi-Hung (Jerry) Lin,0000-0001-7114-2098,,International Journal of Auditing,Is there an association between accounting firm ranks and audit quality? An examination of the top 100 accounting firms in China,2019,,,10.1111/ijau.12156,https://doi.org/10.1111/ijau.12156,https://doi.org/10.1111/ijau.12156,A,Q1,,,,,,published,ORCID
Yi-Hung (Jerry) Lin,0000-0001-7114-2098,,Journal of Financial Reporting,Internal Control Material Weaknesses and Foreign Corrupt Practices Act Violations,2018,,,10.2308/jfar-52296,https://doi.org/10.2308/jfar-52296,https://doi.org/10.2308/jfar-52296,A,,,,,,,published,ORCID
Yi-Hung (Jerry) Lin,0000-0001-7114-2098,,Advances in Accounting,Fair value measurement and accounting restatements,2017,,,10.1016/j.adiac.2017.07.003,https://doi.org/10.1016/j.adiac.2017.07.003,https://doi.org/10.1016/j.adiac.2017.07.003,A,Q2,,,,,,published,ORCID
Yi-Hung (Jerry) Lin,0000-0001-7114-2098,,Journal of International Accounting Research,Eliminating the form 20-F reconciliation and audit pricing,2017,,,10.2308/jiar-51637,https://doi.org/10.2308/jiar-51637,https://doi.org/10.2308/jiar-51637,A,Q2,,,,,,published,ORCID
Yi-Hung (Jerry) Lin,0000-0001-7114-2098,,International Journal of Accounting and Information Management,XBRL adoption and cost of debt,2015,,,10.1108/ijaim-04-2014-0031,https://doi.org/10.1108/ijaim-04-2014-0031,https://doi.org/10.1108/ijaim-04-2014-0031,B,Q1,,,,,,published,ORCID
Yi-Hung (Jerry) Lin,0000-0001-7114-2098,,Accounting Horizons,CEO turnover and audit pricing,2014,,,10.2308/acch-50706,https://doi.org/10.2308/acch-50706,https://doi.org/10.2308/acch-50706,A,Q1,,,,,,published,ORCID
Dharmendra Naidu,0000-0002-2455-1128,,Australian Journal of Management,Did outside directors’ firm-specific accumulated knowledge benefit the firm’s stock performance during COVID-19?,2023,,,10.1177/03128962231166831,https://doi.org/10.1177/03128962231166831,https://doi.org/10.1177/03128962231166831,A,Q1,,,,,,published,ORCID
Dharmendra Naidu,0000-0002-2455-1128,,Pacific-Basin Finance Journal,Effect of coronavirus fear on the performance of Australian stock returns: Evidence from an event study,2021,,,10.1016/j.pacfin.2021.101520,https://doi.org/10.1016/j.pacfin.2021.101520,https://doi.org/10.1016/j.pacfin.2021.101520,A,Q1,,,,,,published,ORCID
Dharmendra Naidu,0000-0002-2455-1128,,Accounting and Finance,The effect of stock liquidity on investment efficiency under financing constraints and asymmetric information: Evidence from the United States,2020,,,10.1111/acfi.12656,https://doi.org/10.1111/acfi.12656,https://doi.org/10.1111/acfi.12656,A,Q1,,,,,,published,ORCID
Dharmendra Naidu,0000-0002-2455-1128,,Australian Journal of Management,Net stock issuance anomaly and cash flow explanation: A research note,2018,,,10.1177/0312896217717306,https://doi.org/10.1177/0312896217717306,https://doi.org/10.1177/0312896217717306,A,Q1,,,,,,published,ORCID
Dharmendra Naidu,0000-0002-2455-1128,,Journal of Corporate Finance,Valuing talent: Do CEOs’ ability and discretion unambiguously increase firm performance,2017,,,10.1016/j.jcorpfin.2016.11.006,https://doi.org/10.1016/j.jcorpfin.2016.11.006,https://doi.org/10.1016/j.jcorpfin.2016.11.006,A*,Q1,,,,,,published,ORCID
Dharmendra Naidu,0000-0002-2455-1128,,Australasian Accounting Business and Finance Journal,A Comparison of Qualitative and Quantitative Methods of Detecting Earnings Management: Evidence from two Fijian Private and two Fijian State-owned Entities,2013,,,10.14453/aabfj.v7i1.6,https://doi.org/10.14453/aabfj.v7i1.6,https://doi.org/10.14453/aabfj.v7i1.6,B,Q2,,,,,,published,ORCID
Richard Pucci,0000-0002-3479-4115,,Accounting Auditing and Accountability Journal,Methodological Insights: This is not an experiment: using vignettes in qualitative accounting research,2025,,,10.1108/aaaj-10-2023-6704,https://doi.org/10.1108/aaaj-10-2023-6704,https://doi.org/10.1108/aaaj-10-2023-6704,A*,Q1,,,,,,published,ORCID
Richard Pucci,0000-0002-3479-4115,,Contemporary Accounting Research,The Production of Value Opinions by Specialized Valuers: Practical Sense and the Enactment of Judgment*,2022,,,10.1111/1911-3846.12765,https://doi.org/10.1111/1911-3846.12765,https://doi.org/10.1111/1911-3846.12765,A*,Q1,,,,,,published,ORCID
Richard Pucci,0000-0002-3479-4115,,"Accounting, Organizations and Society",The co-performation of financial economics in accounting standard-setting: A study of the translation of the expected credit loss model in IFRS 9,2020,,,10.1016/j.aos.2019.101076,https://doi.org/10.1016/j.aos.2019.101076,https://doi.org/10.1016/j.aos.2019.101076,A*,Q1,,,,,,published,ORCID
Richard Pucci,0000-0002-3479-4115,,Accounting Auditing and Accountability Journal,The disparate roles of accounting in an amateur sports organisation,2019,,,10.1108/aaaj-06-2018-3523,https://doi.org/10.1108/aaaj-06-2018-3523,https://doi.org/10.1108/aaaj-06-2018-3523,A*,Q1,,,,,,published,ORCID
Richard Pucci,0000-0002-3479-4115,,Critical Perspectives on Accounting,Doxic sunglasses,2013,,,10.1016/j.cpa.2013.05.002,https://doi.org/10.1016/j.cpa.2013.05.002,https://doi.org/10.1016/j.cpa.2013.05.002,A,Q1,,,,,,published,ORCID
Jacob Raleigh,0000-0001-8522-5329,,Journal of Financial and Quantitative Analysis,The Deterrent Effect of Whistleblowing on Insider Trading,2024,,,10.1017/s0022109023001035,https://doi.org/10.1017/s0022109023001035,https://doi.org/10.1017/s0022109023001035,A*,Q1,,,,,,published,ORCID
Jacob Raleigh,0000-0001-8522-5329,,Review of Accounting Studies,Protecting wall street or main street: SEC monitoring and enforcement of retail-owned firms,2022,,,10.1007/s11142-022-09742-9,https://doi.org/10.1007/s11142-022-09742-9,https://doi.org/10.1007/s11142-022-09742-9,A*,,,,,,,published,ORCID
Mario Schabus,0000-0003-3534-333X,,The Accounting Review,Do Director Networks Help Managers Forecast Better?,2022,,,10.2308/tar-2018-0074,https://doi.org/10.2308/tar-2018-0074,https://doi.org/10.2308/tar-2018-0074,A*,Q1,,,,,,published,ORCID
Mario Schabus,0000-0003-3534-333X,,Journal of Management Accounting Research,The Relation between Internal Forecasting Sophistication and Accounting Misreporting,2022,,,10.2308/jmar-2020-072,https://doi.org/10.2308/jmar-2020-072,https://doi.org/10.2308/jmar-2020-072,A*,Q1,,,,,,published,ORCID
Mario Schabus,0000-0003-3534-333X,,Journal of Financial Economics,Surprise election for Trump connections,2021,,,10.1016/j.jfineco.2020.12.004,https://doi.org/10.1016/j.jfineco.2020.12.004,https://doi.org/10.1016/j.jfineco.2020.12.004,A*,Q1,,,,,,published,ORCID
Mario Schabus,0000-0003-3534-333X,,The Accounting Review,Voluntary clawback adoption and the use of financial measures in CFO bonus plans,2018,,,10.2308/accr-51892,https://doi.org/10.2308/accr-51892,https://doi.org/10.2308/accr-51892,A*,Q1,,,,,,published,ORCID
Lu Yang,0000-0002-1131-8124,,Journal of Business Finance & Accounting,Information or pressure? The effect of director experience on CEO CSR compensation adoption and design,2024,,,10.1111/jbfa.12767,https://doi.org/10.1111/jbfa.12767,https://doi.org/10.1111/jbfa.12767,A*,Q1,,,,,,published,ORCID
Lu Yang,0000-0002-1131-8124,,Journal of Management Accounting Research,"Compensation Committee CSR-Related Expertise, CSR Contracting Quality, and Performance Implications",2023,,,10.2308/jmar-2022-047,https://doi.org/10.2308/jmar-2022-047,https://doi.org/10.2308/jmar-2022-047,A*,Q1,,,,,,published,ORCID
Lu Yang,0000-0002-1131-8124,,Journal of Corporate Finance,CSR contracting and performance-induced CEO turnover,2022,,,10.1016/j.jcorpfin.2022.102173,https://doi.org/10.1016/j.jcorpfin.2022.102173,https://doi.org/10.1016/j.jcorpfin.2022.102173,A*,Q1,,,,,,published,ORCID
Xiaoxiao Yu,0000-0001-5805-1669,,Journal of Business Finance & Accounting,Does the textual quality of prospectuses affect gross spread in seasoned equity offerings?,2024,,,10.1111/jbfa.12824,https://doi.org/10.1111/jbfa.12824,https://doi.org/10.1111/jbfa.12824,A*,Q1,,,,,,published,ORCID
Xiaoxiao Yu,0000-0001-5805-1669,,Journal of Contemporary Accounting and Economics,Textual disclosure complexity and analysts’ weighting of information,2024,,,10.1016/j.jcae.2023.100395,https://doi.org/10.1016/j.jcae.2023.100395,https://doi.org/10.1016/j.jcae.2023.100395,A,Q2,,,,,,published,ORCID
Xiaoxiao Yu,0000-0001-5805-1669,,Journal of Information Systems,A Picture is Worth a Thousand Journal Entries: Accounting Graph Topology for Auditing and Fraud Detection,2022,,,10.2308/isys-2021-003,https://doi.org/10.2308/isys-2021-003,https://doi.org/10.2308/isys-2021-003,A,Q1,,,,,,published,ORCID
Xiaoxiao Yu,0000-0001-5805-1669,,Journal of Behavioral Finance,Retail Investors Use XBRL Structured Data? Evidence from the SEC’s Server Log,2022,,,10.1080/15427560.2020.1864736,https://doi.org/10.1080/15427560.2020.1864736,https://doi.org/10.1080/15427560.2020.1864736,A,Q2,,,,,,published,ORCID
Xiaoxiao Yu,0000-0001-5805-1669,,Information Systems Journal,The anonymous online self: Toward an understanding of the tension between discipline and online anonymity,2020,,,10.1111/isj.12242,https://doi.org/10.1111/isj.12242,https://doi.org/10.1111/isj.12242,A*,Q1,,,,,,published,ORCID
Daniela Juric,0000-0003-1516-1344,,Meditari Accountancy Research,"Teaching the concept of decision-usefulness, and accounting as a technical, social and moral practice: the case of COVID-19 “case number” reporting",2023,,,10.1108/medar-06-2021-1329,https://doi.org/10.1108/medar-06-2021-1329,https://doi.org/10.1108/medar-06-2021-1329,A,,,,,,,published,ORCID
Daniela Juric,0000-0003-1516-1344,,Journal of Business Ethics,Determinants of the Severity of Legal and Employment Consequences for CPAs Named in SEC Accounting and Auditing Enforcement Releases,2018,,,10.1007/s10551-015-2956-y,https://doi.org/10.1007/s10551-015-2956-y,https://doi.org/10.1007/s10551-015-2956-y,A,,,,,,,published,ORCID
Anna Stamatelatos,0000-0002-7668-3165,,Journal of Information Systems,Neuroaccounting: Integrating Neurophysiological Techniques into Accounting and Accounting Information Systems Research,2025,,,10.2308/isys-2023-061,https://doi.org/10.2308/isys-2023-061,https://doi.org/10.2308/isys-2023-061,A,Q1,,,,,,published,ORCID
Anna Stamatelatos,0000-0002-7668-3165,,Education and Training,Simulated business effectiveness: learning and performance outcomes,2020,,,10.1108/et-04-2019-0084,https://doi.org/10.1108/et-04-2019-0084,https://doi.org/10.1108/et-04-2019-0084,,Q1,,,,,,published,ORCID
Tirukumar Thiagarajah,0009-0007-0887-035X,,Accounting Auditing and Accountability Journal,This is not an experiment: using vignettes in qualitative accounting research,2024,,,10.1108/aaaj-10-2023-6704,https://doi.org/10.1108/aaaj-10-2023-6704,https://doi.org/10.1108/aaaj-10-2023-6704,A*,Q1,,,,,,published,ORCID
Stephen Brown,0000-0002-0210-4562,,China Finance Review International,Disagreement in economic forecasts and equity returns: risk or mispricing?,2022,3.0,"Bali, Turan G.; Brown, Stephen J.; Tang, Yi",10.1108/cfri-05-2022-0075,https://doi.org/10.1108/cfri-05-2022-0075,https://doi.org/10.1108/cfri-05-2022-0075,A,Q1,,,,,,published,Crossref
Neal Galpin,0000-0002-7187-0308,,Accounting and Finance,"Cash holdings, costly financing and the q theory of returns",2018,1.0,"Galpin, Neal",10.1111/acfi.12406,https://doi.org/10.1111/acfi.12406,https://doi.org/10.1111/acfi.12406,A,Q1,,,,,,published,Crossref
Chris Veld,0000-0003-3971-0600,,Finance Research Letters,How do investors perceive convertible bond issuing decisions?,2022,3.0,"Dutordoir, Marie; Merkoulova, Yulia; Veld, Chris",10.1016/j.frl.2021.102035,https://doi.org/10.1016/j.frl.2021.102035,https://doi.org/10.1016/j.frl.2021.102035,A,Q1,,,,,,published,Crossref
Chris Veld,0000-0003-3971-0600,,"Journal of International Financial Markets, Institutions and Money",Effects of financial constraints and product market competition on share repurchases,2021,3.0,"Gyimah, Daniel; Siganos, Antonios; Veld, Chris",10.1016/j.intfin.2021.101392,https://doi.org/10.1016/j.intfin.2021.101392,https://doi.org/10.1016/j.intfin.2021.101392,A,Q1,,,,,,published,Crossref
Chris Veld,0000-0003-3971-0600,,Journal of Financial Markets,Legal risk and information spillover through private lender reports,2022,3.0,"de Jong, Abe; Kooijmans, Tim; Veld, Chris",10.1016/j.finmar.2022.100706,https://doi.org/10.1016/j.finmar.2022.100706,https://doi.org/10.1016/j.finmar.2022.100706,A*,Q1,,,,,,published,Crossref
Chris Veld,0000-0003-3971-0600,,Review of Accounting Studies,Credit risk assessment and executives’ legal expertise,2022,3.0,"Pham, Mia Hang; Merkoulova, Yulia; Veld, Chris",10.1007/s11142-022-09699-9,https://doi.org/10.1007/s11142-022-09699-9,https://doi.org/10.1007/s11142-022-09699-9,A*,Q1,,,,,,published,Crossref
Abu Zafar Shahriar,0000-0003-1357-003X,,Global Health Action,Financial inclusion for people with disability: a scoping review,2024,4.0,"Puli, Louise; Layton, Natasha; Bell, Diane; Shahriar, Abu Zafar",10.1080/16549716.2024.2342634,https://doi.org/10.1080/16549716.2024.2342634,https://doi.org/10.1080/16549716.2024.2342634,,Q1,,,,,,published,Crossref
Abu Zafar Shahriar,0000-0003-1357-003X,,Quarterly Journal of Finance,Monitoring and Loan Pricing: Do Microfinance Institutions Extract Rents from Entrepreneurs?,2024,4.0,"Shahriar, Abu Zafar M.; Unda, Luisa A.; Berns, John P.; Phatraphumpakdee, Panunya",10.1142/s2010139224500113,https://doi.org/10.1142/s2010139224500113,https://doi.org/10.1142/s2010139224500113,A,Q2,,,,,,published,Crossref
Abu Zafar Shahriar,0000-0003-1357-003X,,Entrepreneurship Theory and Practice,"Loss Aversion and Hybrid Entrepreneurship: Economic Insecurity, Low-Income Wage Work, and Side Hustles",2026,3.0,"Shahriar, Abu Zafar M.; Shepherd, Dean A.; Zaman, Rayhan Ara",10.1177/10422587261419795,https://doi.org/10.1177/10422587261419795,https://doi.org/10.1177/10422587261419795,A*,Q1,,,,,,published,Crossref
Abu Zafar Shahriar,0000-0003-1357-003X,,Journal of Medical Internet Research,Accessibility of Digital Financial Applications for People With Visual Impairment: Scoping Review,2026,6.0,"Puli, Louise; Kooijman, Lars; Kanij, Tanjila; Hartel, Charmine; Shahriar, Abu Zafar M; Rotaru, Kristian",10.2196/82315,https://doi.org/10.2196/82315,https://doi.org/10.2196/82315,,Q1,,,,,,published,Crossref
Yushui Shi,0000-0002-3299-6768,,Management Science,"Nominal Prices, Retail Investor Participation, and Return Momentum",2026,6.0,"Du, Jun; Huang, Dashan; Liu, Yu-Jane; Shi, Yushui; Subrahmanyam, Avanidhar; Zhang, Huacheng",10.1287/mnsc.2023.01423,https://doi.org/10.1287/mnsc.2023.01423,https://doi.org/10.1287/mnsc.2023.01423,A*,Q1,,,,,,published,Crossref
Zoltan Murgulov,0000-0002-6443-5850,,Australian Journal of Management,Underwriting in the Australian IPO markets: Determinants and pricing,2022,4.0,"Marsden, Alastair; Murgulov, Zoltan; Rhee, S Ghon; Veeraraghavan, Madhu",10.1177/03128962221139728,https://doi.org/10.1177/03128962221139728,https://doi.org/10.1177/03128962221139728,A,Q1,,,,,,published,Crossref
Carly Moulang,0000-0002-6264-6945,,Accounting and Finance,Does well‐being impact individuals’ risky decisions and susceptibility to cognitive bias?,2018,2.0,"Moulang, Carly; Strydom, Maria",10.1111/acfi.12339,https://doi.org/10.1111/acfi.12339,https://doi.org/10.1111/acfi.12339,A,Q1,,,,,,published,Crossref
Carly Moulang,0000-0002-6264-6945,,Management Accounting Research,The role of accountability in reducing the impact of affective reactions on capital budgeting decisions,2020,3.0,"Fehrenbacher, Dennis D.; Kaplan, Steven E.; Moulang, Carly",10.1016/j.mar.2019.100650,https://doi.org/10.1016/j.mar.2019.100650,https://doi.org/10.1016/j.mar.2019.100650,A*,Q1,,,,,,published,Crossref
Carly Moulang,0000-0002-6264-6945,,Auditing: A Journal of Practice and Theory,Always Feeling Behind: Women Auditors' Experiences during COVID-19,2023,3.0,"Ghio, Alessandro; Moulang, Carly; Gendron, Yves",10.2308/ajpt-2021-139,https://doi.org/10.2308/ajpt-2021-139,https://doi.org/10.2308/ajpt-2021-139,A*,Q1,,,,,,published,Crossref
Carly Moulang,0000-0002-6264-6945,,Australasian Journal of Information Systems,The Role of Enterprise Social Media during the COVID-19 Pandemic: Insights from Leaders' Experience,2023,4.0,"Sugianto, Ly Fie; Cheng, Chuying; Moulang, Carly; Considine, Brett",10.3127/ajis.v27i0.4331,https://doi.org/10.3127/ajis.v27i0.4331,https://doi.org/10.3127/ajis.v27i0.4331,A,Q2,,,,,,published,Crossref
Carly Moulang,0000-0002-6264-6945,,Accounting Horizons,Women Accountants and Wellbeing,2025,2.0,"Ghio, Alessandro; Moulang, Carly",10.2308/horizons-2023-118,https://doi.org/10.2308/horizons-2023-118,https://doi.org/10.2308/horizons-2023-118,A,Q1,,,,,,published,Crossref
Carly Moulang,0000-0002-6264-6945,,British Accounting Review,The effects of psychological capital on accountants’ fraud reporting intentions,2026,3.0,"Kaplan, Steven E.; Moulang, Carly; Xiao, Xinning",10.1016/j.bar.2026.101893,https://doi.org/10.1016/j.bar.2026.101893,https://doi.org/10.1016/j.bar.2026.101893,A*,Q1,,,,,,published,Crossref
Gladys Lee,0000-0002-6797-0875,,Auditing: A Journal of Practice and Theory,Internal and External Social Capital of Big 4 Audit Offices,2025,5.0,"Cardinaels, Eddy; Khoo, Eunice S.; Kuang, Yu Flora; Lee, Gladys; Qin, Bo",10.2308/ajpt-2022-188,https://doi.org/10.2308/ajpt-2022-188,https://doi.org/10.2308/ajpt-2022-188,A*,Q1,,,,,,published,Crossref
Gladys Lee,0000-0002-6797-0875,,"Accounting, Organizations and Society","Audit committee financial expertise, equity compensation and employee whistleblowing",2025,1.0,"Lee, Gladys",10.1016/j.aos.2025.101609,https://doi.org/10.1016/j.aos.2025.101609,https://doi.org/10.1016/j.aos.2025.101609,A*,Q1,,,,,,published,Crossref
Wen He,0000-0001-7421-6208,,British Accounting Review,Cross-border regulatory cooperation and cash holdings: Evidence from US-listed foreign firms,2024,3.0,"Chang, Yuyuan; He, Wen; Mi, Lin",10.1016/j.bar.2024.101449,https://doi.org/10.1016/j.bar.2024.101449,https://doi.org/10.1016/j.bar.2024.101449,A*,Q1,,,,,,published,Crossref
Wen He,0000-0001-7421-6208,,The European Accounting Review,Is Auditors’ Migration Status Associated with their Performance?,2024,3.0,"He, Wen; Li, Chao Kevin; Si, Yi",10.1080/09638180.2024.2384379,https://doi.org/10.1080/09638180.2024.2384379,https://doi.org/10.1080/09638180.2024.2384379,A*,Q1,,,,,,published,Crossref
Wen He,0000-0001-7421-6208,,Contemporary Accounting Research,Do brokers manage the distribution of stock recommendations?,2025,2.0,"He, Wen; Zhang, Jin",10.1111/1911-3846.13058,https://doi.org/10.1111/1911-3846.13058,https://doi.org/10.1111/1911-3846.13058,A*,Q1,,,,,,published,Crossref
Kalle Kraus,0000-0001-7253-2063,,The Accounting Review,“What Is This Thing Called Controllability?” A Field Study of the Integration of the Controllability Principle in the Redesign of a Performance Measurement System,2025,3.0,"Chua, Wai Fong; Graaf, Johan; Kraus, Kalle",10.2308/tar-2024-0295,https://doi.org/10.2308/tar-2024-0295,https://doi.org/10.2308/tar-2024-0295,A*,Q1,,,,,,published,Crossref
Kalle Kraus,0000-0001-7253-2063,,"Accounting, Organizations and Society",The dynamics of rankings work – a field study of the crafting and recrafting of a soft public ranking,2026,3.0,"Chua, Wai Fong; Graaf, Johan; Kraus, Kalle",10.1016/j.aos.2026.101633,https://doi.org/10.1016/j.aos.2026.101633,https://doi.org/10.1016/j.aos.2026.101633,A*,Q1,,,,,,published,Crossref
Kalle Kraus,0000-0001-7253-2063,,The European Accounting Review,Proliferation of performance metrics in universities: the rise of grant income and the renegotiation of academic worth,2026,3.0,"Conrath-Hargreaves, Annemarie; Ghio, Alessandro; Kraus, Kalle",10.1080/09638180.2026.2675374,https://doi.org/10.1080/09638180.2026.2675374,https://doi.org/10.1080/09638180.2026.2675374,A*,Q1,,,,,,published,Crossref
Kristian Rotaru,0000-0003-2570-2044,,Accounting Horizons,Can Thinking about Alternative Explanations Promote Professional Skepticism?,2024,6.0,"Rose, Anna M.; Rose, Jacob M.; Rotaru, Kristian; Suh, Ikseon; Thibodeau, Jay; Schulz, Axel",10.2308/horizons-2021-092,https://doi.org/10.2308/horizons-2021-092,https://doi.org/10.2308/horizons-2021-092,A,Q1,,,,,,published,Crossref
Kristian Rotaru,0000-0003-2570-2044,,Accounting Education,Implementing online discussion boards to enhance professional skills and news reading habits in accounting students,2024,4.0,"Tello, Edward; Considine, Brett; Rotaru, Kristian; Fehrenbacher, Dennis",10.1080/09639284.2024.2419578,https://doi.org/10.1080/09639284.2024.2419578,https://doi.org/10.1080/09639284.2024.2419578,A,Q1,,,,,,published,Crossref
Kristian Rotaru,0000-0003-2570-2044,,Management Accounting Research,Decoding effort: Toward a measure – and a better understanding – of effort intensity in accounting research,2025,5.0,"Hecht, Gary; Rotaru, Kristian; Schulz, Axel K.-D.; Towry, Kristy L.; Webb, Alan",10.1016/j.mar.2025.100926,https://doi.org/10.1016/j.mar.2025.100926,https://doi.org/10.1016/j.mar.2025.100926,A*,Q1,,,,,,published,Crossref
Kristian Rotaru,0000-0003-2570-2044,,Journal of Behavioral Addictions,Profiles of problematic pornography use and religiosity-based moral incongruence using latent profile analysis: A two-sample study,2025,7.0,"Ince, Campbell; Tiego, Jeggan; Albertella, Lucy; Fontenelle, Leonardo F.; Chamberlain, Samuel R.; Yücel, Murat; Rotaru, Kristian",10.1556/2006.2025.00022,https://doi.org/10.1556/2006.2025.00022,https://doi.org/10.1556/2006.2025.00022,,Q1,,,,,,published,Crossref
Kristian Rotaru,0000-0003-2570-2044,,NeuroImage,Differences in resting state functional connectivity in striatal and frontal networks associated with task-behaviour elicited by gamified two-stage decision task,2025,7.0,"Brydevall, Maja; Suo, Chao; Albertella, Lucy; Rotaru, Kristian; O’Brien, Teresa; Yücel, Murat; Lee, Rico S.C.",10.1016/j.neuroimage.2025.121362,https://doi.org/10.1016/j.neuroimage.2025.121362,https://doi.org/10.1016/j.neuroimage.2025.121362,,Q1,,,,,,published,Crossref
Kristian Rotaru,0000-0003-2570-2044,,Accounting Auditing and Accountability Journal,"Infrastructuring socio-ecological stewardship: accounting, governance and circular economy transitions in construction",2025,4.0,"Zandee, Diane; Rotaru, Kristian; Creed, Andrew; Zutshi, Ambika",10.1108/aaaj-07-2024-7253,https://doi.org/10.1108/aaaj-07-2024-7253,https://doi.org/10.1108/aaaj-07-2024-7253,A*,,,,,,,published,Crossref
Kristian Rotaru,0000-0003-2570-2044,,JMIR Research Protocols,Anxiety-Free Public Dentistry for Adults With Disabilities by Using Head-Mounted Virtual Reality Technology: Protocol for a Feasibility Mixed Methods Study,2026,9.0,"Bui, Dung T; McAlinden, Fiona; Urban, Alice; Hartel, Charmine E J; Rotaru, Kristian; Satriadi, Kadek Ananta; Person, Tanner; Wang, Wei; Callaway, Libby",10.2196/85916,https://doi.org/10.2196/85916,https://doi.org/10.2196/85916,,Q2,,,,,,published,Crossref
Kristian Rotaru,0000-0003-2570-2044,,Journal of Medical Internet Research,Accessibility of Digital Financial Applications for People With Visual Impairment: Scoping Review,2026,6.0,"Puli, Louise; Kooijman, Lars; Kanij, Tanjila; Hartel, Charmine; Shahriar, Abu Zafar M; Rotaru, Kristian",10.2196/82315,https://doi.org/10.2196/82315,https://doi.org/10.2196/82315,,Q1,,,,,,published,Crossref
Cameron Truong,0000-0002-9113-8739,,Accounting and Finance,Politically connected audit committee and audit risk: Evidence from a quasi‐experiment,2024,3.0,"Perry, Yumin Karen Zhang; Adrian, Christofer; Truong, Cameron",10.1111/acfi.13373,https://doi.org/10.1111/acfi.13373,https://doi.org/10.1111/acfi.13373,A,Q1,,,,,,published,Crossref
Cameron Truong,0000-0002-9113-8739,,Journal of Business Finance & Accounting,Lottery Demand and Stock Returns Preceding Earnings Announcements,2025,2.0,"Nguyen, Harvey; Truong, Cameron",10.1111/jbfa.70008,https://doi.org/10.1111/jbfa.70008,https://doi.org/10.1111/jbfa.70008,A*,Q1,,,,,,published,Crossref
Cameron Truong,0000-0002-9113-8739,,International Journal of Auditing,"Health Risk, Anxiety and Audit Quality: Evidence From Engagement Audit Partners",2025,4.0,"Adrian, Christofer; Dharmasiri, Prabashi; Garg, Mukesh; Truong, Cameron",10.1111/ijau.70014,https://doi.org/10.1111/ijau.70014,https://doi.org/10.1111/ijau.70014,A,Q1,,,,,,published,Crossref
Cameron Truong,0000-0002-9113-8739,,British Accounting Review,Bilateral political relations and analyst herding,2026,3.0,"Nguyen, Lan Thi Mai; Song, Jun Myung; Truong, Cameron",10.1016/j.bar.2026.101837,https://doi.org/10.1016/j.bar.2026.101837,https://doi.org/10.1016/j.bar.2026.101837,A*,Q1,,,,,,published,Crossref
Ting-Chiao (Joey) Huang,0000-0001-9709-002X,,Issues in Accounting Education,The ChatGPT Artificial Intelligence Chatbot: How Well Does It Answer Accounting Assessment Questions?,2023,326.0,"Wood, David A.; Achhpilia, Muskan P.; Adams, Mollie T.; Aghazadeh, Sanaz; Akinyele, Kazeem; Akpan, Mfon; Allee, Kristian D.; Allen, Abigail M.; Almer, Elizabeth D.; Ames, Daniel; Arity, Viktor; Barr-Pulliam, Dereck; Basoglu, K. Asli; Belnap, Andrew; Bentley, Jeremiah W.; Berg, Terje; Berglund, Nathan R.; Berry, Erica; Bhandari, Avishek; Bhuyan, Md Nazmul Hasan; Black, Paul W.; Blondeel, Eva; Bond, David; Bonrath, Annika; Borthick, A. Faye; Boyle, Erik S.; Bradford, Marianne; Brandon, Duane M.; Brazel, Joseph F.; Brockbank, Bryan G.; Burger, Marcus; Byzalov, Dmitri; Cannon, James N.; Caro, Cecil; Carr, Abraham H.; Cathey, Jack; Cating, Ryan; Charron, Kimberly; Chavez, Stacy; Chen, Jason; Chen, Jennifer C.; Chen, Jennifer W.; Cheng, Christine; Cheng, Xu; Christensen, Brant E.; Church, Kimberly Swanson; Cicone, N. J.; Constance, Patience; Cooper, Lauren A.; Correia, Candice L.; Coyne, Joshua; Cram, W. Alec; Curtis, Asher; Daigle, Ronald J.; Dannemiller, Steve; Davenport, Stephan A.; Dawson, Gregory S.; De Meyst, Karen J. L.; Dell, Scott; Demirkan, Sebahattin; Denison, Christine A.; Desai, Hrishikesh; DeSimone, Steven; Diehl, Leah M.; Dimes, Ruth; Dong, Bei; Donnelly, Amy; du Pon, Adam; Duan, Huijue Kelly; Duffey, Ada; Dunn, Ryan T.; Durkin, Mary P.; Dzuranin, Ann C.; Eberle, Rachel M.; Ege, Matthew S.; El Mahdy, Dina; Esplin, Adam; Eulerich, Marc; Everaert, Patricia; Farah, Nusrat; Farish, Lauren; Favere-Marchesi, Michael; Fayard, Dutch; Filosa, Jessica R.; Ford, Melinda; Franz, Diana R.; Fulmer, Bachman P.; Fulmer, Sarah; Furner, Zhan Z.; Gantman, Sonia; Garner, Steve; Garrett, Jace; Geng, Xin; Golden, Joanna; Goldman, William; Gomez, Josue; Gooley, Mark; Granitto, Shawn P.; Green, Karen Y.; Greenman, Cindy L.; Gupta, Gaurav; Guymon, Ronald N.; Hale, Kevin; Harper, Christopher J.; Hartt, S. Allen; Hawk, Holly; Hawkins, Steven R.; Hawkins, Erin M.; Hay, David C.; Heinzelmann, Rafael; Henderson, Cassy D.; Hendricks, Bradley E.; Heninger, William G.; Hill, Mary S.; Holden, Nicole; Holderness, D. Kip; Holt, Travis P.; Hoopes, Jeffrey L.; Hsieh, Sheng-Feng; Huang, Feiqi; Huang, Hua-Wei; Huang, Ting-Chiao; Huels, Brian W.; Hunter, Kara; Hurley, Patrick J.; Inger, Kerry; Islam, Sharif; Ison, Isaac; Issa, Hussein; Jackson, Andrew B.; Jackson, Scott C.; Janvrin, Diane J.; Jimenez, Peggy D.; Johanson, Daniel; Judd, J. Scott; Kawada, Brett S.; Kelton, Andrea Seaton; Kern, Sara; Kerr, Jon N.; Keune, Marsha B.; Kim, Mindy; Knox, Brian D.; Kogan, Gregory; Kotb, Amr; Krane, Ronja; Kremin, Joleen; Krieg, Kimberly S.; Kugel, Jonathan; Kulset, Ellen M.; Kuruppu, Chamara; LaDuca, Garrison; Lamberton, Barbara A.; Lamboy-Ruiz, Melvin A.; Lang, Bradley; Larocque, Stephannie A.; Larson, Melissa P.; Lawson, Bradley P.; Lawson, James G.; Lee, Lorraine; Lenk, Margarita M.; Li-Kuehne, Michelle; Liljegren, Jonathan; Lin, Yi-Hung; Liu, Wu-Po; Liu, Zishang; Lock, Brandon; Long, James H.; Loraas, Tina; Lowensohn, Suzanne; Loy, Thomas R.; Lyngstadaas, Hakim; Maas, Wim; MacGregor, Jason E.; Madsen, Dag Øivind; Malone, Carissa L.; Margolin, Maximilian; Marshall, Mary E.; Martin, Rachel M.; Mpofu, Colleen McClain; McCoy, Chris; McGuigan, Nicholas C.; McSwain, Dwayne N.; Meckfessel, Michele D.; Mellon, Mark J.; Melton, Olivia S.; Mercado, Julie M.; Mitsuda, Steven; Modugu, Kennedy; Moehrle, Stephen; Chaghervand, Amirali Moeini; Moffitt, Kevin; Moon, Joon Seok; Muehlmann, Brigitte; Murray, Johnna; Mwaungulu, Emmanuel S.; Myers, Noah; Naegle, J. Conrad; Ndicu, Martin J.; Nelson, Aaron S.; Nguyen, Anh L.; Niederkofler, Thomas; Nikbakht, Ehsan; O'Brien, Ann D.; Ogunade, Kehinde M.; O'Leary, Daniel; Oler, Mitchell J.; Oler, Derek K.; Olsen, Kari Joseph; Otalor, John I.; Outlaw, Kyle W.; Ozlanski, Michael. E.; Parlier, Jenny; Paterson, Jeffrey S.; Pearson, Christopher A.; Petersen, Michael J.; Petra, Steven T.; Pickard, Matthew D.; Pickerd, Jeffrey; Pinsker, Robert; Plante, Catherine; Plečnik, James M.; Price, Richard A.; Quick, Linda A.; Raedy, Jana; Raschke, Robyn; Ravenscraft, Julie; Richardson, Vernon; Rixom, Brett A.; Robertson, John F.; Rock, Iyad; Romney, Miles A.; Rozario, Andrea; Ruff, Michael F.; Rupley, Kathleen; Saeedi, Ali; Saiewitz, Aaron; Salzsieder, Leigh W.; Sarkar, Sayan; Saulls, Michael; Scanlan, Tialei A.; Schaefer, Tammie J.; Schaupp, Daniel; Schneider, Gary P.; Seebeck, Andreas; Sellers, R. Drew; Seto, Samantha C.; Sevel, Romi-Lee; Shan, Yuxin; Sherwood, Matthew G.; Singorahardjo, Maggie; Skaftadottir, Hanna Kristin; Skomra, Justyna; Smith, Jason L.; Smith, Dallin O.; Smith, James; Snow, Mason C.; Sommerfeldt, Ryan D.; Sorensen, Kate B.; Sorensen, Trevor L.; Spieler, Andrew C.; Stallings, Matthew A.; Stallings, Lesya; Stancill, Alan; Stanley, Jonathan D.; Stefaniak, Chad M.; Stephens, Nathaniel M.; Stewart, Bryan W.; Stratopoulos, Theophanis C.; Street, Daniel A.; Subedi, Meena; Summers, Scott L.; Sundkvist, Charlotte H.; Synn, Christina; Tadesse, Amanuel; Tapis, Gregory P.; Tassin, Kerri; Taylor, Samantha; Teal, Mary; Teeter, Ryan; Tharapos, Meredith; Theis, Jochen C.; Thomas, Jack; Thompson, Kristen S.; Thornock, Todd A.; Tietz, Wendy; Travalent, Anthony M.; Trinkle, Brad S.; Truelson, J. Mike; Turner, Michael C.; Vagner, Brandon; Vakilzadeh, Hamid; van der Geest, Jesse; van Pelt, Victor; Vandervelde, Scott D.; Vega, Jose; Vera-Muñoz, Sandra; Villanueva, Brigham; Vincent, Nishani Edirisinghe; Wagener, Martin; Walton, Stephanie; Warne, Rick C.; Watanabe, Olena V.; Watson, David; Watson, Marcia Weidenmier; Weber, Jill; Weirich, Thomas; West, Ashley N.; Wilford, Amanda L.; Wilson, Aaron B.; Winrow, Brian; Winrow, Timothy; Winrow, Tasia S.; Wiseman, Denise; Witte, Annie L.; Wood, Bryan D.; Wood, Jessica; Woolley, Darryl; Wright, Nicole S.; Wu, Juan; Xiong, Xiaomei; Yatsenko, Dimitri; Yazzie, Courtney E.; Young, Glen M.; Zhang, Chanyuan; Zimmerman, Aleksandra B.; Zoet, Emily",10.2308/issues-2023-013,https://doi.org/10.2308/issues-2023-013,https://doi.org/10.2308/issues-2023-013,A,Q2,,,,,,published,Crossref
Mehdi Khedmati,0000-0001-5163-3068,,Journal of Contemporary Accounting and Economics,Does religiosity matter for corporate labor investment decisions?,2021,3.0,"Khedmati, Mehdi; Aminu Sualihu, Mohammed; Yawson, Alfred",10.1016/j.jcae.2021.100264,https://doi.org/10.1016/j.jcae.2021.100264,https://doi.org/10.1016/j.jcae.2021.100264,A,Q2,,,,,,published,Crossref
Mehdi Khedmati,0000-0001-5163-3068,,Journal of Contemporary Accounting and Economics,Annual report readability and equity mispricing,2023,4.0,"Chen, Chen; Hanlon, Dean; Khedmati, Mehdi; Wake, James",10.1016/j.jcae.2023.100368,https://doi.org/10.1016/j.jcae.2023.100368,https://doi.org/10.1016/j.jcae.2023.100368,A,Q2,,,,,,published,Crossref
Mehdi Khedmati,0000-0001-5163-3068,,Journal of International Accounting Research,"City-Level Employee Education, Workplace Environment, and Audit Fees",2026,4.0,"Karuna, Christo; Khedmati, Mehdi; Sheikhbahaei, Ali; Sualihu, Mohammed Aminu",10.2308/jiar-2023-041,https://doi.org/10.2308/jiar-2023-041,https://doi.org/10.2308/jiar-2023-041,A,Q2,,,,,,published,Crossref
Mehdi Khedmati,0000-0001-5163-3068,,Journal of Banking & Finance,Corporate labor violations: Do CEOs’ public charity affiliations matter?,2026,4.0,"Khalifa, Mariem; Khedmati, Mehdi; Sualihu, Mohammed Aminu; Yawson, Alfred",10.1016/j.jbankfin.2025.107625,https://doi.org/10.1016/j.jbankfin.2025.107625,https://doi.org/10.1016/j.jbankfin.2025.107625,A*,Q1,,,,,,published,Crossref
Xinning Xiao,0000-0003-2701-9767,,The European Accounting Review,"Investors’ Reactions to Cybersecurity Incidents: The Joint Effects of Disclosure Tone, Critical Audit Matters, and IT Knowledge",2024,4.0,"Godewatta, Nithara; Phang, Soon-Yeow; Prasad, Ashna; Xiao, Xinning",10.1080/09638180.2024.2445692,https://doi.org/10.1080/09638180.2024.2445692,https://doi.org/10.1080/09638180.2024.2445692,A*,Q1,,,,,,published,Crossref
Xinning Xiao,0000-0003-2701-9767,,British Accounting Review,The effects of psychological capital on accountants’ fraud reporting intentions,2026,3.0,"Kaplan, Steven E.; Moulang, Carly; Xiao, Xinning",10.1016/j.bar.2026.101893,https://doi.org/10.1016/j.bar.2026.101893,https://doi.org/10.1016/j.bar.2026.101893,A*,Q1,,,,,,published,Crossref
Jin Zhang,0000-0001-9265-1051,,Contemporary Accounting Research,Do brokers manage the distribution of stock recommendations?,2025,2.0,"He, Wen; Zhang, Jin",10.1111/1911-3846.13058,https://doi.org/10.1111/1911-3846.13058,https://doi.org/10.1111/1911-3846.13058,A*,Q1,,,,,,published,Crossref
Jin Zhang,0000-0001-9265-1051,,Accounting and Finance,The Local Spillover Effect of Marijuana Liberalization: Evidence From Material Misstatements,2026,2.0,"Huang, Ting‐Chiao; Zhang, Jin",10.1111/acfi.70284,https://doi.org/10.1111/acfi.70284,https://doi.org/10.1111/acfi.70284,A,Q1,,,,,,published,Crossref
Janto Haman,0000-0001-8936-6815,,Journal of Accounting Auditing and Finance,The Effects of IPO Mandatory Lockups and Corporate Governance on Underpricing: Evidence From the Australian Securities Exchange,2019,3.0,"Haman, Janto; Chalmers, Keryn; Fang, Victor",10.1177/0148558x19846754,https://doi.org/10.1177/0148558x19846754,https://doi.org/10.1177/0148558x19846754,A,Q1,,,,,,published,Crossref
Janto Haman,0000-0001-8936-6815,,Accounting and Finance,The effect of stock liquidity on investment efficiency under financing constraints and asymmetric information: Evidence from the United States,2020,3.0,"Quah, Heidi; Haman, Janto; Naidu, Dharmendra",10.1111/acfi.12656,https://doi.org/10.1111/acfi.12656,https://doi.org/10.1111/acfi.12656,A,Q1,,,,,,published,Crossref
Janto Haman,0000-0001-8936-6815,,IEEE Transactions on Engineering Management,The Effects of Auditors’ Quality and Peripheral Services on Client-Firms’ Satisfaction in ISO 9001 Quality System Auditing,2024,3.0,"Prajogo, Daniel; Haman, Janto; Oke, Adegoke",10.1109/tem.2022.3230419,https://doi.org/10.1109/tem.2022.3230419,https://doi.org/10.1109/tem.2022.3230419,A,Q1,,,,,,published,Crossref
Janto Haman,0000-0001-8936-6815,,Accounting and Finance,Earnings management in the post‐IPO years and their impact on the long‐run stock performance of foreign versus domestic IPO firms,2024,3.0,"Haman, Janto; Lu, Wei; Naidu, Dharmendra",10.1111/acfi.13239,https://doi.org/10.1111/acfi.13239,https://doi.org/10.1111/acfi.13239,A,Q1,,,,,,published,Crossref
Janto Haman,0000-0001-8936-6815,,Accounting and Finance,The Effect of a Politically Connected Supervisory Board and Disclosure of Ultimate Shareholders' Identity on the Principal–Principal Conflict,2025,4.0,"Harianto, Sandy; Haman, Janto; Prajogo, Daniel; Adrian, Christofer",10.1111/acfi.70046,https://doi.org/10.1111/acfi.70046,https://doi.org/10.1111/acfi.70046,A,Q1,,,,,,published,Crossref
Yi-Hung (Jerry) Lin,0000-0001-7114-2098,,Current Issues in Auditing,Implications of Co-Working Experience Between Audit Partners,2022,4.0,"Huang, Ting-Chiao; Chen, Chen; Kaplan, Steven E.; Lin, Yi-Hung",10.2308/ciia-2021-027,https://doi.org/10.2308/ciia-2021-027,https://doi.org/10.2308/ciia-2021-027,B,Q3,,,,,,published,Crossref
Yi-Hung (Jerry) Lin,0000-0001-7114-2098,,The European Accounting Review,Learning from Masters: Engagement Partners’ Co-Signing Relationships with Non-Engagement Industry Specialist Partners and Audit Quality,2022,4.0,"Huang, Ting-Chiao; Lin, Yi-Hung; Chen, Chia-Hui; Hairston, Stephanie",10.1080/09638180.2022.2062409,https://doi.org/10.1080/09638180.2022.2062409,https://doi.org/10.1080/09638180.2022.2062409,A*,Q1,,,,,,published,Crossref
Yi-Hung (Jerry) Lin,0000-0001-7114-2098,,Issues in Accounting Education,The ChatGPT Artificial Intelligence Chatbot: How Well Does It Answer Accounting Assessment Questions?,2023,326.0,"Wood, David A.; Achhpilia, Muskan P.; Adams, Mollie T.; Aghazadeh, Sanaz; Akinyele, Kazeem; Akpan, Mfon; Allee, Kristian D.; Allen, Abigail M.; Almer, Elizabeth D.; Ames, Daniel; Arity, Viktor; Barr-Pulliam, Dereck; Basoglu, K. Asli; Belnap, Andrew; Bentley, Jeremiah W.; Berg, Terje; Berglund, Nathan R.; Berry, Erica; Bhandari, Avishek; Bhuyan, Md Nazmul Hasan; Black, Paul W.; Blondeel, Eva; Bond, David; Bonrath, Annika; Borthick, A. Faye; Boyle, Erik S.; Bradford, Marianne; Brandon, Duane M.; Brazel, Joseph F.; Brockbank, Bryan G.; Burger, Marcus; Byzalov, Dmitri; Cannon, James N.; Caro, Cecil; Carr, Abraham H.; Cathey, Jack; Cating, Ryan; Charron, Kimberly; Chavez, Stacy; Chen, Jason; Chen, Jennifer C.; Chen, Jennifer W.; Cheng, Christine; Cheng, Xu; Christensen, Brant E.; Church, Kimberly Swanson; Cicone, N. J.; Constance, Patience; Cooper, Lauren A.; Correia, Candice L.; Coyne, Joshua; Cram, W. Alec; Curtis, Asher; Daigle, Ronald J.; Dannemiller, Steve; Davenport, Stephan A.; Dawson, Gregory S.; De Meyst, Karen J. L.; Dell, Scott; Demirkan, Sebahattin; Denison, Christine A.; Desai, Hrishikesh; DeSimone, Steven; Diehl, Leah M.; Dimes, Ruth; Dong, Bei; Donnelly, Amy; du Pon, Adam; Duan, Huijue Kelly; Duffey, Ada; Dunn, Ryan T.; Durkin, Mary P.; Dzuranin, Ann C.; Eberle, Rachel M.; Ege, Matthew S.; El Mahdy, Dina; Esplin, Adam; Eulerich, Marc; Everaert, Patricia; Farah, Nusrat; Farish, Lauren; Favere-Marchesi, Michael; Fayard, Dutch; Filosa, Jessica R.; Ford, Melinda; Franz, Diana R.; Fulmer, Bachman P.; Fulmer, Sarah; Furner, Zhan Z.; Gantman, Sonia; Garner, Steve; Garrett, Jace; Geng, Xin; Golden, Joanna; Goldman, William; Gomez, Josue; Gooley, Mark; Granitto, Shawn P.; Green, Karen Y.; Greenman, Cindy L.; Gupta, Gaurav; Guymon, Ronald N.; Hale, Kevin; Harper, Christopher J.; Hartt, S. Allen; Hawk, Holly; Hawkins, Steven R.; Hawkins, Erin M.; Hay, David C.; Heinzelmann, Rafael; Henderson, Cassy D.; Hendricks, Bradley E.; Heninger, William G.; Hill, Mary S.; Holden, Nicole; Holderness, D. Kip; Holt, Travis P.; Hoopes, Jeffrey L.; Hsieh, Sheng-Feng; Huang, Feiqi; Huang, Hua-Wei; Huang, Ting-Chiao; Huels, Brian W.; Hunter, Kara; Hurley, Patrick J.; Inger, Kerry; Islam, Sharif; Ison, Isaac; Issa, Hussein; Jackson, Andrew B.; Jackson, Scott C.; Janvrin, Diane J.; Jimenez, Peggy D.; Johanson, Daniel; Judd, J. Scott; Kawada, Brett S.; Kelton, Andrea Seaton; Kern, Sara; Kerr, Jon N.; Keune, Marsha B.; Kim, Mindy; Knox, Brian D.; Kogan, Gregory; Kotb, Amr; Krane, Ronja; Kremin, Joleen; Krieg, Kimberly S.; Kugel, Jonathan; Kulset, Ellen M.; Kuruppu, Chamara; LaDuca, Garrison; Lamberton, Barbara A.; Lamboy-Ruiz, Melvin A.; Lang, Bradley; Larocque, Stephannie A.; Larson, Melissa P.; Lawson, Bradley P.; Lawson, James G.; Lee, Lorraine; Lenk, Margarita M.; Li-Kuehne, Michelle; Liljegren, Jonathan; Lin, Yi-Hung; Liu, Wu-Po; Liu, Zishang; Lock, Brandon; Long, James H.; Loraas, Tina; Lowensohn, Suzanne; Loy, Thomas R.; Lyngstadaas, Hakim; Maas, Wim; MacGregor, Jason E.; Madsen, Dag Øivind; Malone, Carissa L.; Margolin, Maximilian; Marshall, Mary E.; Martin, Rachel M.; Mpofu, Colleen McClain; McCoy, Chris; McGuigan, Nicholas C.; McSwain, Dwayne N.; Meckfessel, Michele D.; Mellon, Mark J.; Melton, Olivia S.; Mercado, Julie M.; Mitsuda, Steven; Modugu, Kennedy; Moehrle, Stephen; Chaghervand, Amirali Moeini; Moffitt, Kevin; Moon, Joon Seok; Muehlmann, Brigitte; Murray, Johnna; Mwaungulu, Emmanuel S.; Myers, Noah; Naegle, J. Conrad; Ndicu, Martin J.; Nelson, Aaron S.; Nguyen, Anh L.; Niederkofler, Thomas; Nikbakht, Ehsan; O'Brien, Ann D.; Ogunade, Kehinde M.; O'Leary, Daniel; Oler, Mitchell J.; Oler, Derek K.; Olsen, Kari Joseph; Otalor, John I.; Outlaw, Kyle W.; Ozlanski, Michael. E.; Parlier, Jenny; Paterson, Jeffrey S.; Pearson, Christopher A.; Petersen, Michael J.; Petra, Steven T.; Pickard, Matthew D.; Pickerd, Jeffrey; Pinsker, Robert; Plante, Catherine; Plečnik, James M.; Price, Richard A.; Quick, Linda A.; Raedy, Jana; Raschke, Robyn; Ravenscraft, Julie; Richardson, Vernon; Rixom, Brett A.; Robertson, John F.; Rock, Iyad; Romney, Miles A.; Rozario, Andrea; Ruff, Michael F.; Rupley, Kathleen; Saeedi, Ali; Saiewitz, Aaron; Salzsieder, Leigh W.; Sarkar, Sayan; Saulls, Michael; Scanlan, Tialei A.; Schaefer, Tammie J.; Schaupp, Daniel; Schneider, Gary P.; Seebeck, Andreas; Sellers, R. Drew; Seto, Samantha C.; Sevel, Romi-Lee; Shan, Yuxin; Sherwood, Matthew G.; Singorahardjo, Maggie; Skaftadottir, Hanna Kristin; Skomra, Justyna; Smith, Jason L.; Smith, Dallin O.; Smith, James; Snow, Mason C.; Sommerfeldt, Ryan D.; Sorensen, Kate B.; Sorensen, Trevor L.; Spieler, Andrew C.; Stallings, Matthew A.; Stallings, Lesya; Stancill, Alan; Stanley, Jonathan D.; Stefaniak, Chad M.; Stephens, Nathaniel M.; Stewart, Bryan W.; Stratopoulos, Theophanis C.; Street, Daniel A.; Subedi, Meena; Summers, Scott L.; Sundkvist, Charlotte H.; Synn, Christina; Tadesse, Amanuel; Tapis, Gregory P.; Tassin, Kerri; Taylor, Samantha; Teal, Mary; Teeter, Ryan; Tharapos, Meredith; Theis, Jochen C.; Thomas, Jack; Thompson, Kristen S.; Thornock, Todd A.; Tietz, Wendy; Travalent, Anthony M.; Trinkle, Brad S.; Truelson, J. Mike; Turner, Michael C.; Vagner, Brandon; Vakilzadeh, Hamid; van der Geest, Jesse; van Pelt, Victor; Vandervelde, Scott D.; Vega, Jose; Vera-Muñoz, Sandra; Villanueva, Brigham; Vincent, Nishani Edirisinghe; Wagener, Martin; Walton, Stephanie; Warne, Rick C.; Watanabe, Olena V.; Watson, David; Watson, Marcia Weidenmier; Weber, Jill; Weirich, Thomas; West, Ashley N.; Wilford, Amanda L.; Wilson, Aaron B.; Winrow, Brian; Winrow, Timothy; Winrow, Tasia S.; Wiseman, Denise; Witte, Annie L.; Wood, Bryan D.; Wood, Jessica; Woolley, Darryl; Wright, Nicole S.; Wu, Juan; Xiong, Xiaomei; Yatsenko, Dimitri; Yazzie, Courtney E.; Young, Glen M.; Zhang, Chanyuan; Zimmerman, Aleksandra B.; Zoet, Emily",10.2308/issues-2023-013,https://doi.org/10.2308/issues-2023-013,https://doi.org/10.2308/issues-2023-013,A,Q2,,,,,,published,Crossref
Yi-Hung (Jerry) Lin,0000-0001-7114-2098,,Journal of International Accounting Research,Does Regulatory Reform of Internal Controls in China Improve Internal Control Effectiveness? Role of Corporate Social Responsibility Engagement,2023,2.0,"Lin, Yi-Hung; Huang, Ting-Chiao",10.2308/jiar-2021-044,https://doi.org/10.2308/jiar-2021-044,https://doi.org/10.2308/jiar-2021-044,A,Q2,,,,,,published,Crossref
Yi-Hung (Jerry) Lin,0000-0001-7114-2098,,Accounting and Finance,Are auditors insulated to positive client news? Evidence from audit fees and going‐concern opinions,2025,4.0,"Huang, Ting‐Chiao; Lin, Yi‐Hung; Chai, Daniel; Hairston, Stephanie",10.1111/acfi.13407,https://doi.org/10.1111/acfi.13407,https://doi.org/10.1111/acfi.13407,A,Q1,,,,,,published,Crossref
Yi-Hung (Jerry) Lin,0000-0001-7114-2098,,Auditing: A Journal of Practice and Theory,Do Analysts’ Earnings and Cash Flow Forecasts Enhance the Accuracy of Auditors’ Going-Concern Opinions?,2026,3.0,"Huang, Ting-Chiao; Lin, Yi-Hung; Hairston, Stephanie",10.2308/ajpt-2024-023,https://doi.org/10.2308/ajpt-2024-023,https://doi.org/10.2308/ajpt-2024-023,A*,Q1,,,,,,published,Crossref
Yi-Hung (Jerry) Lin,0000-0001-7114-2098,,Review of Accounting Studies,The consequences of audit firm mobility for attestation services across states,2026,3.0,"Pan, Pecky Yi; Lee, Gladys; Lin, Yi-Hung",10.1007/s11142-026-09989-6,https://doi.org/10.1007/s11142-026-09989-6,https://doi.org/10.1007/s11142-026-09989-6,A*,Q1,,,,,,published,Crossref
Dharmendra Naidu,0000-0002-2455-1128,,Journal of Business Ethics,Shhh… Do Gender-Diverse Boards Prioritize Product Market Concerns Over Capital Market Incentives?,2023,2.0,"Naidu, Dharmendra; Ranjeeni, Kumari",10.1007/s10551-023-05553-3,https://doi.org/10.1007/s10551-023-05553-3,https://doi.org/10.1007/s10551-023-05553-3,A,Q1,,,,,,published,Crossref
Dharmendra Naidu,0000-0002-2455-1128,,Accounting and Finance,Earnings management in the post‐IPO years and their impact on the long‐run stock performance of foreign versus domestic IPO firms,2024,3.0,"Haman, Janto; Lu, Wei; Naidu, Dharmendra",10.1111/acfi.13239,https://doi.org/10.1111/acfi.13239,https://doi.org/10.1111/acfi.13239,A,Q1,,,,,,published,Crossref
Dharmendra Naidu,0000-0002-2455-1128,,The Accounting Review,Is Customers’ Financial Reporting Quality Associated with Suppliers’ Decision to Contract?,2024,2.0,"Naidu, Dharmendra; Ranjeeni, Kumari",10.2308/tar-2021-0652,https://doi.org/10.2308/tar-2021-0652,https://doi.org/10.2308/tar-2021-0652,A*,Q1,,,,,,published,Crossref
Lu Yang,0000-0002-1131-8124,,Journal of Business Research,Inconsistency across short-term and long-term oriented signals: Effect on investor reactions,2025,3.0,"Sun, Maogang; Li, Zhengyu; Yang, Lu",10.1016/j.jbusres.2024.115175,https://doi.org/10.1016/j.jbusres.2024.115175,https://doi.org/10.1016/j.jbusres.2024.115175,A,Q1,,,,,,published,Crossref
Lu Yang,0000-0002-1131-8124,,The Accounting Review,The Complementarity between Corporate Social Responsibility Disclosure Quality and Corporate Social Responsibility Contracting Intensity,2026,3.0,"Grabner, Isabella; Renders, Annelies; Yang, Lu",10.2308/tar-2021-0520,https://doi.org/10.2308/tar-2021-0520,https://doi.org/10.2308/tar-2021-0520,A*,Q1,,,,,,published,Crossref
Lan Nguyen,0009-0004-9947-7665,,Organization,Academic freedom in becoming: Rethinking management control in the managerial university,2026,12.0,"Bottausci, Chiara; Carroll, Emma; Chapman, Christopher S.; Chen, Yilong; Hill, Simon W.; Holt, Robin; Morales, Jeremy; Nguyen, Lan; Parker, Martin; Wang, Guanlin (Gary); Wu, Ziyi; Xia, Jingxue",10.1177/13505084261470938,https://doi.org/10.1177/13505084261470938,https://doi.org/10.1177/13505084261470938,A,Q1,,,,,,published,Crossref
Ashna Prasad,0000-0002-5442-3952,,International Journal of Auditing,Group audits and earnings informativeness,2020,3.0,"Impink, Johannes; Lyubimov, Alexey; Prasad, Ashna",10.1111/ijau.12191,https://doi.org/10.1111/ijau.12191,https://doi.org/10.1111/ijau.12191,A,Q1,,,,,,published,Crossref
Ashna Prasad,0000-0002-5442-3952,,Journal of Accounting Auditing and Finance,What Are the Trends in PCAOB Inspections and the Reported Audit Deficiencies?,2020,2.0,"Prasad, Ashna L.; Webster, John C.",10.1177/0148558x20934945,https://doi.org/10.1177/0148558x20934945,https://doi.org/10.1177/0148558x20934945,A,Q1,,,,,,published,Crossref
Ashna Prasad,0000-0002-5442-3952,,Accounting and Finance,Comments of the AFAANZ Auditing and Assurance Standards Committee on Proposed International Standard on Auditing 600 (ED 600),2021,5.0,"Coram, Paul J.; Harding, Noel; Hay, David C.; Khan, Jahanzeb; Prasad, Ashna",10.1111/acfi.12783,https://doi.org/10.1111/acfi.12783,https://doi.org/10.1111/acfi.12783,A,Q1,,,,,,published,Crossref
Ashna Prasad,0000-0002-5442-3952,,Accounting and Finance,Comments of the AFAANZ auditing and assurance standards committee on proposed international standard on auditing ISA for LCE,2022,10.0,"Coram, Paul J.; Fu, Yi (Dale); Garg, Mukush; Harding, Noel; Hay, David C.; Khan, Mohammad Jahanzeb; Muñoz‐Izquierdo, Nora; Prasad, Ashna; Sultana, Nigar; Tong, Jamie",10.1111/acfi.12966,https://doi.org/10.1111/acfi.12966,https://doi.org/10.1111/acfi.12966,A,Q1,,,,,,published,Crossref
Ashna Prasad,0000-0002-5442-3952,,The European Accounting Review,"Investors’ Reactions to Cybersecurity Incidents: The Joint Effects of Disclosure Tone, Critical Audit Matters, and IT Knowledge",2024,4.0,"Godewatta, Nithara; Phang, Soon-Yeow; Prasad, Ashna; Xiao, Xinning",10.1080/09638180.2024.2445692,https://doi.org/10.1080/09638180.2024.2445692,https://doi.org/10.1080/09638180.2024.2445692,A*,Q1,,,,,,published,Crossref
Susan Thorp,0000-0003-3462-0876,,UTS ePRESS (University of Technology Sydney),"Work, Money, Lifestyle: Plans of Australian Retirees",2013,3.0,Julie R. Agnew; Hazel Bateman; Susan Thorp,,,,,,,,,,,published,UTS ePRESS (University of Technology Sydney)
Susan Thorp,0000-0003-3462-0876,,UTS ePRESS (University of Technology Sydney),Superannuation knowledge and plan behaviour,2013,4.0,Julie R. Agnew; John N Dalton; Hazel Bateman; Susan Thorp,,,,,,,,,,,published,UTS ePRESS (University of Technology Sydney)
Susan Thorp,0000-0003-3462-0876,,unknown,Flexible long-term care insurance: an experimental study of demand,2019,4.0,Shang Wu; Hazel Bateman; Ralph Stevens; Susan Thorp,,,,,,,,,,,published,
Susan Thorp,0000-0003-3462-0876,,unknown,Default and 1/n heuristics in annuity choice,2013,6.0,Hazel Bateman; Christine Eckert; Fedor Iskhakov; Jordan J. Louviere; Stephen Satchell; Susan Thorp,,,,,,,,,,,published,
Susan Thorp,0000-0003-3462-0876,,unknown,Introduction | RDP 8701: The Australian Demand Function for Money: Another Look at Stability,1987,3.0,Glenn Stevens; Susan Thorp; John Anderson,,,,,,,,,,,published,
Susan Thorp,0000-0003-3462-0876,,The Economic Record,"Means-Tested Public Pensions, Portfolio Choice and Decumulation in Retirement* Means-Tested Public Pensions, Portfolio Choice and Decumulation in Retirement.",2013,4.0,Hardy Hulley; Rebecca McKibbin; Andreas Pedersen; Susan Thorp,,,,A,Q2,,,,,,published,Economic Record
Susan Thorp,0000-0003-3462-0876,,unknown,Forecast Evaluation | RDP 8802: Var Forecasting Models of the Australian Economy: A Preliminary Analysis,1988,2.0,Robert G. Trevor; Susan Thorp,,,,,,,,,,,published,
Susan Thorp,0000-0003-3462-0876,,unknown,Conclusions and Future Directions | RDP 8802: Var Forecasting Models of the Australian Economy: A Preliminary Analysis,1988,2.0,Robert G. Trevor; Susan Thorp,,,,,,,,,,,published,
Susan Thorp,0000-0003-3462-0876,,unknown,Stability Tests: Some Results | RDP 8701: The Australian Demand Function for Money: Another Look at Stability,1987,3.0,Glenn Stevens; Susan Thorp; John Anderson,,,,,,,,,,,published,
Susan Thorp,0000-0003-3462-0876,,unknown,"Concluding Remarks | RDP 8703: Money Demand, Own Interest Rates and Deregulation",1987,2.0,Adrian Blundell‐Wignall; Susan Thorp,,,,,,,,,,,published,
Susan Thorp,0000-0003-3462-0876,,unknown,VAR Estimation Results | RDP 8903: The Relationship Between Financial Indicators and Economic Activity: Some Further Evidence,1989,2.0,Glenn Stevens; Susan Thorp,,,,,,,,,,,published,
Susan Thorp,0000-0003-3462-0876,,unknown,Concluding Comments | RDP 8803: Do Financial Aggregates Lead Activity?: A Preliminary Analysis,1988,3.0,Michele Bullock; Glenn Stevens; Susan Thorp,,,,,,,,,,,published,
Susan Thorp,0000-0003-3462-0876,,unknown,Appendix A: Tests for Unit Roots and Time Trends | RDP 8903: The Relationship Between Financial Indicators and Economic Activity: Some Further Evidence,1989,2.0,Glenn Stevens; Susan Thorp,,,,,,,,,,,published,
Susan Thorp,0000-0003-3462-0876,,unknown,"Appendix A: Statistical Tests | RDP 8703: Money Demand, Own Interest Rates and Deregulation",1987,2.0,Adrian Blundell‐Wignall; Susan Thorp,,,,,,,,,,,published,
Susan Thorp,0000-0003-3462-0876,,unknown,Overseas Experience | RDP 8803: Do Financial Aggregates Lead Activity?: A Preliminary Analysis,1988,3.0,Michele Bullock; Glenn Stevens; Susan Thorp,,,,,,,,,,,published,
Susan Thorp,0000-0003-3462-0876,,unknown,Empirical Analysis for Australia | RDP 8803: Do Financial Aggregates Lead Activity?: A Preliminary Analysis,1988,3.0,Michele Bullock; Glenn Stevens; Susan Thorp,,,,,,,,,,,published,
Susan Thorp,0000-0003-3462-0876,,unknown,"Appendix D: Calculation of the own rate on M3 and BM | RDP 8703: Money Demand, Own Interest Rates and Deregulation",1987,2.0,Adrian Blundell‐Wignall; Susan Thorp,,,,,,,,,,,published,
Susan Thorp,0000-0003-3462-0876,,unknown,Three Vector Autoregressive Models | RDP 8802: Var Forecasting Models of the Australian Economy: A Preliminary Analysis,1988,2.0,Robert G. Trevor; Susan Thorp,,,,,,,,,,,published,
Susan Thorp,0000-0003-3462-0876,,unknown,"Parameters of Money Demand, Own Rates and the Effectiveness of Intermediate Targets | RDP 8703: Money Demand, Own Interest Rates and Deregulation",1987,2.0,Adrian Blundell‐Wignall; Susan Thorp,,,,,,,,,,,published,
Susan Thorp,0000-0003-3462-0876,,unknown,"Introduction | RDP 8703: Money Demand, Own Interest Rates and Deregulation",1987,2.0,Adrian Blundell‐Wignall; Susan Thorp,,,,,,,,,,,published,
Susan Thorp,0000-0003-3462-0876,,unknown,Stability in the 1980s: Results of Further Tests | RDP 8701: The Australian Demand Function for Money: Another Look at Stability,1987,3.0,Glenn Stevens; Susan Thorp; John Anderson,,,,,,,,,,,published,
Susan Thorp,0000-0003-3462-0876,,unknown,"The Stability of Money Demand | RDP 8703: Money Demand, Own Interest Rates and Deregulation",1987,2.0,Adrian Blundell‐Wignall; Susan Thorp,,,,,,,,,,,published,
Susan Thorp,0000-0003-3462-0876,,unknown,"Relationships between Money, Credit and Activity | RDP 8803: Do Financial Aggregates Lead Activity?: A Preliminary Analysis",1988,3.0,Michele Bullock; Glenn Stevens; Susan Thorp,,,,,,,,,,,published,
Susan Thorp,0000-0003-3462-0876,,unknown,The Relationship Between Financial Indicators and Economic Activity: Some Further Evidence | Conference – 1989,1989,2.0,Glenn Stevens; Susan Thorp,,,,,,,,,,,published,
Susan Thorp,0000-0003-3462-0876,,unknown,Appendix A: Data Definitions and Sources | RDP 8803: Do Financial Aggregates Lead Activity?: A Preliminary Analysis,1988,3.0,Michele Bullock; Glenn Stevens; Susan Thorp,,,,,,,,,,,published,
Susan Thorp,0000-0003-3462-0876,,unknown,"Information processing and measures of integration: New York, London and Tokyo",2006,2.0,George Milunovich; Susan Thorp,,,,,,,,,,,published,
Susan Thorp,0000-0003-3462-0876,,Chapters,Financial engineering for Australian annuitants,2007,3.0,Susan Thorp; Geoffrey Kingston; Hazel Bateman,,,,,,,,,,,published,Chapters
