journal_name,journal_canonical,issn,issn_online,issn_scimago,quality_rank,abdc_list_year,abdc_for_code,sjr,sjr_quartile,h_index,cites_per_doc_2y,scimago_categories,impact_factor,impact_factor_5yr,publication_count,abdc_match_type,scimago_match_type,issn_conflict
Accounting and Finance,Accounting and Finance,0810-5391,1467-629X,,A,2025,3501,0.814,Q1,77.0,3.53,"Economics, Econometrics and Finance (miscellaneous) (Q1); Accounting (Q2); Finance (Q2)",,,99,title,title,
Weekly Tax Bulletin,,,,,none,2025,,,,,,,,,62,,,
Australian Accounting Review,Australian Accounting Review,1035-6908,1835-2561,,B,2025,3501,0.702,Q2,54.0,3.1,Accounting (Q2),,,51,title,title,
Journal of Financial and Quantitative Analysis,Journal of Financial and Quantitative Analysis,0022-1090,1756-6916,,A*,2025,3502,4.404,Q1,164.0,4.15,Accounting (Q1); Economics and Econometrics (Q1); Finance (Q1),,,47,title,title,
"Australian Tax Forum: a journal of taxation policy, law and reform",Australian Tax Forum,0812-695X,,,A*,2025,4801,,,,,,,,44,title-variant,,
Journal of Financial Economics,Journal of Financial Economics,0304-405X,,,A*,2025,3502,18.748,Q1,355.0,8.99,Accounting (Q1); Economics and Econometrics (Q1); Finance (Q1); Strategy and Management (Q1),,,38,title,title,
Australian Tax Review,Australian Tax Review,0311-094X,,,A,2025,4801,,,,,,,,37,title,,
eJournal of Tax Research,eJournal of Tax Research,1448-2398,,,A,2025,4801,0.19,Q4,15.0,0.65,Accounting (Q4); Economics and Econometrics (Q4); Finance (Q4),,,35,title,title,
Palgrave Studies in the History of Economic Thought,,,,,none,2025,,,,,,,,,33,,,
Australian Tax Forum Journal,Australian Tax Forum,0812-695X,,,A*,2025,4801,,,,,,,,30,title-variant,,
Australian Superannuation Law Bulletin,,,,,none,2025,,,,,,,,,29,,,
Journal of Banking and Finance,Journal of Banking & Finance,0378-4266,1872-6372,,A*,2025,3502,1.954,Q1,225.0,5.11,Economics and Econometrics (Q1); Finance (Q1),,,29,title,title,
Australian Journal of Management,Australian Journal of Management,0312-8962,1327-2020,,A,2025,3502,0.778,Q1,57.0,3.96,"Business, Management and Accounting (miscellaneous) (Q1)",,,28,title,title,
Accounting Organizations and Society,"Accounting, Organizations and Society",0361-3682,1873-6289,,A*,2025,3501,3.098,Q1,170.0,5.0,Accounting (Q1); Applied Psychology (Q1); Information Systems and Management (Q1); Organizational Behavior and Human Resource Management (Q1); Sociology and Political Science (Q1),,,25,title,title,
Journal of Corporate Finance,Journal of Corporate Finance,0929-1199,1872-6313,,A*,2025,3502,2.706,Q1,166.0,7.97,Business and International Management (Q1); Economics and Econometrics (Q1); Finance (Q1); Strategy and Management (Q1),,,25,title,title,
International Journal of Auditing,International Journal of Auditing,1090-6738,1099-1123,,A,2025,3501,0.681,Q1,42.0,3.19,"Economics, Econometrics and Finance (miscellaneous) (Q1); Accounting (Q2)",,,21,title,title,
Management Science,Management Science,0025-1909,1526-5501,,A*,2025,3507,6.428,Q1,321.0,7.69,Management Science and Operations Research (Q1); Strategy and Management (Q1),,,21,title,title,
Behavioral Research in Accounting,Behavioral Research in Accounting,1050-4753,1558-8009,,A,2025,3501,0.679,Q2,36.0,1.83,Accounting (Q2); Organizational Behavior and Human Resource Management (Q2),,,20,title,title,
"Business, Society and the Law",,,,,none,2025,,,,,,,,,19,,,
Journal of Australian Taxation,Journal of Australian Taxation,1440-0405,,,A,2025,4801,0.115,Q4,4.0,0.06,Accounting (Q4); Finance (Q4),,,17,title,title,
Journal of Finance,The Journal of Finance,0022-1082,1540-6261,,A*,2025,3502,22.27,Q1,386.0,12.3,Accounting (Q1); Economics and Econometrics (Q1); Finance (Q1),,,17,title,title,
Accounting Review,The Accounting Review,0001-4826,1558-7967,,A*,2025,3501,4.403,Q1,217.0,3.71,Accounting (Q1); Economics and Econometrics (Q1); Finance (Q1),,,16,title,title,
Asian Analysis,,,,,none,2025,,,,,,,,,16,,,
Auditing,Auditing: A Journal of Practice and Theory,0278-0380,1558-7991,,A*,2025,3501,2.32,Q1,111.0,4.48,Accounting (Q1); Economics and Econometrics (Q1); Finance (Q1),,,16,abdc-prefix,title,
Contemporary Accounting Research,Contemporary Accounting Research,0823-9150,1911-3846,,A*,2025,3501,3.686,Q1,141.0,6.37,Accounting (Q1); Economics and Econometrics (Q1); Finance (Q1),,,16,title,title,
Review of Financial Studies,The Review of Financial Studies,0893-9454,1465-7368,,A*,2025,3502,17.406,Q1,268.0,8.71,Accounting (Q1); Economics and Econometrics (Q1); Finance (Q1),,,16,title,title,
Auditing: A Journal of Practice & Theory,Auditing: A Journal of Practice and Theory,0278-0380,1558-7991,,A*,2025,3501,2.32,Q1,111.0,4.48,Accounting (Q1); Economics and Econometrics (Q1); Finance (Q1),,,15,title,title-variant,
AUSTRALIAN TAX REVIEW,Australian Tax Review,0311-094X,,,A,2025,4801,,,,,,,,15,title,,
EJOURNAL OF TAX RESEARCH,eJournal of Tax Research,1448-2398,,,A,2025,4801,0.19,Q4,15.0,0.65,Accounting (Q4); Economics and Econometrics (Q4); Finance (Q4),,,15,title,title,
Taxation in Australia,Taxation in Australia,0494-8343,,,C,2025,4801,,,,,,,,14,title,,
Accounting Research Journal,Accounting Research Journal,1030-9616,,,B,2025,3501,0.62,Q2,37.0,5.11,Accounting (Q2); Finance (Q2),,,13,title,title,
British Accounting Review,British Accounting Review,0890-8389,1095-8347,,A*,2025,3501,1.705,Q1,100.0,8.33,Accounting (Q1),,,13,title,title,
Economic Record,The Economic Record,0013-0249,1475-4932,,A,2025,3801,0.469,Q2,53.0,1.27,Economics and Econometrics (Q2),,,13,title,title,
Journal of the Australasian Tax Teachers Association,Journal of the Australasian Tax Teachers Association,1832-911X,,,B,2025,4801,0.134,Q4,6.0,0.25,Accounting (Q4); Finance (Q4); Law (Q4),,,13,title,title,
Pacific Basin Finance Journal,Pacific-Basin Finance Journal,0927-538X,1879-0585,,A,2025,3502,1.322,Q1,92.0,6.12,Economics and Econometrics (Q1); Finance (Q1),,,13,title,title,
Abacus,Abacus,0001-3072,1467-6281,,A,2025,3501,0.762,Q2,60.0,3.2,Accounting (Q2),,,12,title,title,
Australia and New Zealand Franchising,,,,,none,2025,,,,,,,,,12,,,
Journal of Accounting Research,Journal of Accounting Research,0021-8456,1475-679X,,A*,2025,3501,9.774,Q1,186.0,12.22,Accounting (Q1); Economics and Econometrics (Q1); Finance (Q1),,,12,title,title,
SSRN Electronic Journal,,,,,none,2025,,,,,,,,,12,,,
The Journal of Finance,The Journal of Finance,0022-1082,1540-6261,,A*,2025,3502,22.27,Q1,386.0,12.3,Accounting (Q1); Economics and Econometrics (Q1); Finance (Q1),,,12,title,title,
Journal of Business Finance and Accounting,Journal of Business Finance & Accounting,0306-686X,1468-5957,,A*,2025,3501,1.202,Q1,102.0,3.81,"Accounting (Q1); Business, Management and Accounting (miscellaneous) (Q1); Finance (Q1)",,,11,title,title,
The Tax Specialist,Tax Specialist,1329-1203,,,B,2025,4801,,,,,,,,11,title,,
ABACUS - A Journal of Accounting Finance and Business Studies,Abacus,0001-3072,1467-6281,,A,2025,3501,0.762,Q2,60.0,3.2,Accounting (Q2),,,10,title-variant,title-variant,
AFAANZ 2013,,,,,none,2025,,,,,,,,,10,,,
Auditing: A Journal of Practice and Theory,Auditing: A Journal of Practice and Theory,0278-0380,1558-7991,,A*,2025,3501,2.32,Q1,111.0,4.48,Accounting (Q1); Economics and Econometrics (Q1); Finance (Q1),,,10,title,title-variant,
Journal of Futures Markets,The Journal of Futures Markets,0270-7314,1096-9934,,A,2025,3502,0.599,Q2,69.0,2.93,"Accounting (Q2); Business, Management and Accounting (miscellaneous) (Q2); Economics and Econometrics (Q2); Finance (Q2)",,,10,title,title,
Proceedings of the AFAANZ Annual Conference,,,,,none,2025,,,,,,,,,10,,,
Review of Finance,Review of Finance,1572-3097,1573-692X,,A*,2025,3502,9.87,Q1,91.0,7.62,Accounting (Q1); Economics and Econometrics (Q1); Finance (Q1),,,10,title,title,
Tax Notes International,,,,,none,2025,,,,,,,,,10,,,
>,,,,,none,2025,,,,,,,,,9,,,
"Abacus: a journal of accounting, finance and business studies",Abacus,0001-3072,1467-6281,,A,2025,3501,0.762,Q2,60.0,3.2,Accounting (Q2),,,9,title-variant,title-variant,
Accounting and Business Research,Accounting and Business Research,0001-4788,2159-4260,,A,2025,3501,1.065,Q1,77.0,3.62,Accounting (Q1); Finance (Q1),,,9,title,title,
"Australian Tax Analysis: Cases, Commentary, Commercial Applications & Questions",,,,,none,2025,,,,,,,,,9,,,
International Review of Finance,International Review of Finance,1369-412X,1468-2443,,A,2025,3502,0.636,Q2,35.0,2.96,Economics and Econometrics (Q2); Finance (Q2),,,9,title,title,
Managerial Auditing Journal,Managerial Auditing Journal,0268-6902,1758-7735,,A,2025,3501,0.676,Q1,83.0,3.39,"Economics, Econometrics and Finance (miscellaneous) (Q1); Accounting (Q2); Business, Management and Accounting (miscellaneous) (Q2); Organizational Behavior and Human Resource Management (Q2)",,,9,title,title,
The Accounting Review,The Accounting Review,0001-4826,1558-7967,,A*,2025,3501,4.403,Q1,217.0,3.71,Accounting (Q1); Economics and Econometrics (Q1); Finance (Q1),,,9,title,title,
The Review of Financial Studies,The Review of Financial Studies,0893-9454,1465-7368,,A*,2025,3502,17.406,Q1,268.0,8.71,Accounting (Q1); Economics and Econometrics (Q1); Finance (Q1),,,9,title,title,
Australian Business Law Review,Australian Business Law Review,0310-1053,,,A,2025,4801,,,,,,,,8,title,,
Franchising Law and Policy Review,,,,,none,2025,,,,,,,,,8,,,
Franchising Law and Practice,,,,,none,2025,,,,,,,,,8,,,
Journal of Business Ethics,Journal of Business Ethics,0167-4544,1573-0697,,A,2025,3507,3.138,Q1,304.0,10.35,"Arts and Humanities (miscellaneous) (Q1); Business and International Management (Q1); Business, Management and Accounting (miscellaneous) (Q1); Economics and Econometrics (Q1); Law (Q1)",,,8,title,title,
Journal of Contemporary Accounting and Economics,Journal of Contemporary Accounting and Economics,1815-5669,,,A,2025,3501,0.801,Q2,46.0,4.18,Accounting (Q2),,,8,title,title,
Accounting & Finance,Accounting and Finance,0810-5391,1467-629X,,A,2025,3501,0.814,Q1,77.0,3.53,"Economics, Econometrics and Finance (miscellaneous) (Q1); Accounting (Q2); Finance (Q2)",,,7,title,title,
Accounting Horizons,Accounting Horizons,0888-7993,1558-7975,,A,2025,3501,1.361,Q1,98.0,3.31,Accounting (Q1),,,7,title,title,
"Accounting, Organizations and Society","Accounting, Organizations and Society",0361-3682,1873-6289,,A*,2025,3501,3.098,Q1,170.0,5.0,Accounting (Q1); Applied Psychology (Q1); Information Systems and Management (Q1); Organizational Behavior and Human Resource Management (Q1); Sociology and Political Science (Q1),,,7,title,title,
Australian Economic Review,The Australian Economic Review,0004-9018,1467-8462,,B,2025,3801,0.292,Q3,37.0,0.79,Economics and Econometrics (Q3),,,7,title,title,
British Tax Review,British Tax Review,0007-1870,,,A*,2025,4801,0.174,Q3,5.0,0.28,Law (Q3); Accounting (Q4); Finance (Q4),,,7,title,title,
Energy Economics,Energy Economics,0140-9883,1873-6181,,A*,2025,3801,3.448,Q1,252.0,14.6,Economics and Econometrics (Q1); Energy (miscellaneous) (Q1),,,7,title,title,
European Accounting Review,The European Accounting Review,0963-8180,1468-4497,,A*,2025,3501,2.272,Q1,98.0,6.0,"Accounting (Q1); Aerospace Engineering (Q1); Arts and Humanities (miscellaneous) (Q1); Automotive Engineering (Q1); Business and International Management (Q1); Business, Management and Accounting (miscellaneous) (Q1); Economics and Econometrics (Q1); Economics, Econometrics and Finance (miscellaneous) (Q1); Finance (Q1); History (Q1)",,,7,title,title,
Management Accounting Research,Management Accounting Research,1044-5005,1096-1224,,A*,2025,3501,1.625,Q1,109.0,5.19,Accounting (Q1); Finance (Q1); Information Systems and Management (Q1),,,7,title,title,
Pacific Accounting Review,Pacific Accounting Review,0114-0582,2041-5494,,B,2025,3501,0.521,Q2,40.0,2.84,Accounting (Q2); Finance (Q2),,,7,title,title,
Review of Accounting Studies,Review of Accounting Studies,1380-6653,1573-7136,,A*,2025,3501,5.56,Q1,118.0,8.99,"Accounting (Q1); Business, Management and Accounting (miscellaneous) (Q1)",,,7,title,title,
University of New South Wales Law Journal,University of New South Wales Law Journal,0313-0096,,,A,2025,4801,0.253,Q2,16.0,1.04,Law (Q2); Philosophy (Q2); Sociology and Political Science (Q3),,,7,title,title,
ABSTRACTS OF PAPERS OF THE AMERICAN CHEMICAL SOCIETY,,,,,none,2025,,,,,,,,,6,,,
Auditing: a Journal of Practice and Theory,Auditing: A Journal of Practice and Theory,0278-0380,1558-7991,,A*,2025,3501,2.32,Q1,111.0,4.48,Accounting (Q1); Economics and Econometrics (Q1); Finance (Q1),,,6,title,title-variant,
Australian Tax Forum,Australian Tax Forum,0812-695X,,,A*,2025,4801,,,,,,,,6,title,,
Economic Papers,Economic Papers: a journal of applied economics and policy,1759-3441,1759-3441,,B,2025,3801,0.304,Q2,28.0,1.2,"Economics, Econometrics and Finance (miscellaneous) (Q2)",,,6,abdc-prefix,title,
International VAT Monitor,International VAT Monitor,0925-0832,,,B,2025,4801,0.137,Q4,3.0,0.11,"Economics, Econometrics and Finance (miscellaneous) (Q4); Law (Q4)",,,6,title,title,
Journal of International Accounting Research,Journal of International Accounting Research,1542-6297,1558-8025,,A,2025,3501,0.526,Q2,34.0,1.98,Accounting (Q2); Business and International Management (Q2),,,6,title,title,
Program & Proceedings - Accounting & Finance Association of Australia Conference 2008,,,,,none,2025,,,,,,,,,6,,,
Programme & Proceedings 35th Annual Congress of the European Accounting Association,,,,,none,2025,,,,,,,,,6,,,
Understanding Taxation Law: An Interactive Approach,,,,,none,2025,,,,,,,,,6,,,
Accounting Auditing and Accountability Journal,Accounting Auditing and Accountability Journal,0951-3574,1758-4205,,A*,2025,3501,1.574,Q1,136.0,4.12,"Accounting (Q1); Economics, Econometrics and Finance (miscellaneous) (Q1)",,,5,title,title,
AFAANZ Conference,,,,,none,2025,,,,,,,,,5,,,
Auditing - a Journal of Practice and Theory,Auditing: A Journal of Practice and Theory,0278-0380,1558-7991,,A*,2025,3501,2.32,Q1,111.0,4.48,Accounting (Q1); Economics and Econometrics (Q1); Finance (Q1),,,5,title,title-variant,
AUDITING: A Journal of Practice & Theory,Auditing: A Journal of Practice and Theory,0278-0380,1558-7991,,A*,2025,3501,2.32,Q1,111.0,4.48,Accounting (Q1); Economics and Econometrics (Q1); Finance (Q1),,,5,title,title-variant,
Australian Tax Law Bulletin,Australian Tax Law Bulletin,2203-9481,,,C,2025,4801,,,,,,,,5,title,,
British Tax Review Journal,British Tax Review,0007-1870,,,A*,2025,4801,0.174,Q3,5.0,0.28,Law (Q3); Accounting (Q4); Finance (Q4),,,5,title-variant,title-variant,
Economic Analysis and Policy,Economic Analysis and Policy,0313-5926,2204-2296,,A,2025,3801,1.966,Q1,86.0,10.58,"Economics and Econometrics (Q1); Economics, Econometrics and Finance (miscellaneous) (Q1)",,,5,title,title,
Economics Letters,Economics Letters,0165-1765,1873-7374,,A,2025,3801,0.718,Q2,142.0,2.2,Economics and Econometrics (Q2); Finance (Q2),,,5,title,title,
Finance Research Letters,Finance Research Letters,1544-6123,1544-6131,,A,2025,3502,1.672,Q1,143.0,8.17,Finance (Q1),,,5,title,title,
Fiscal Studies,Fiscal Studies,0143-5671,1475-5890,,B,2025,3801,0.542,Q2,54.0,1.3,Accounting (Q2); Economics and Econometrics (Q2); Finance (Q2),,,5,title,title,
Indigenous Law Bulletin,,,,,none,2025,,,,,,,,,5,,,
International Journal of Business Studies,,,,,none,2025,,,,,,,,,5,,,
International Journal of Forecasting,International Journal of Forecasting,0169-2070,1872-8200,,A,2025,3802,2.272,Q1,135.0,6.46,Business and International Management (Q1),,,5,title,title,
JASSA - Journal of the Securities Institute of Australia,,,,,none,2025,,,,,,,,,5,,,
Journal of Banking & Finance,Journal of Banking & Finance,0378-4266,1872-6372,,A*,2025,3502,1.954,Q1,225.0,5.11,Economics and Econometrics (Q1); Finance (Q1),,,5,title,title,
Journal of Empirical Finance,Journal of Empirical Finance,0927-5398,1879-1727,,A,2025,3502,1.139,Q1,101.0,3.05,Economics and Econometrics (Q1); Finance (Q1),,,5,title,title,
Journal of Empirical Legal Studies,Journal of Empirical Legal Studies,1740-1453,1740-1461,,A*,2025,4801,0.466,Q1,38.0,1.14,Law (Q1); Education (Q2),,,5,title,title,
Journal of International Financial Markets Institutions and Money,"Journal of International Financial Markets, Institutions and Money",1042-4431,1873-0612,,A,2025,3502,1.389,Q1,94.0,7.71,Economics and Econometrics (Q1); Finance (Q1),,,5,title,title,
Journal of Management Accounting Research,Journal of Management Accounting Research,1049-2127,1558-8033,,A*,2025,3501,1.248,Q1,38.0,1.91,Accounting (Q1); Business and International Management (Q1),,,5,title,title,
New Zealand Journal of Taxation Law and Policy,New Zealand Journal of Taxation Law and Policy,1322-4417,,,A,2025,4801,,,,,,,,5,title,,
Proceedings AFAANZ 2013,,,,,none,2025,,,,,,,,,5,,,
Revenue Law Journal,Revenue Law Journal,1034-7747,2202-4859,,B,2025,4801,,,,,,,,5,title,,
The Economic Record,The Economic Record,0013-0249,1475-4932,,A,2025,3801,0.469,Q2,53.0,1.27,Economics and Econometrics (Q2),,,5,title,title,
Accounting and Finance Association Australia and New Zealand Program & Proceedings,,,,,none,2025,,,,,,,,,4,,,
Accounting Finance,,,,,none,2025,,,,,,,,,4,,,
Annals of Operations Research,Annals of Operations Research,0254-5330,1572-9338,,A,2025,3507,1.166,Q1,143.0,6.13,Decision Sciences (miscellaneous) (Q1); Management Science and Operations Research (Q1),,,4,title,title,
Auditing: A journal of Practice and Theory,Auditing: A Journal of Practice and Theory,0278-0380,1558-7991,,A*,2025,3501,2.32,Q1,111.0,4.48,Accounting (Q1); Economics and Econometrics (Q1); Finance (Q1),,,4,title,title-variant,
Australian Financial Review,,,,,none,2025,,,,,,,,,4,,,
Australian Financial System Inquiry Commissioned Studies and Selected Papers,,,,,none,2025,,,,,,,,,4,,,
Company and Securities Law Journal,Company and Securities Law Journal,0729-2775,,,A,2025,4801,,,,,,,,4,title,,
Cuffelinks,,,,,none,2025,,,,,,,,,4,,,
Current Issues in Auditing,Current Issues in Auditing,1936-1270,1936-1270,,B,2025,3501,0.322,Q3,22.0,1.06,Accounting (Q3),,,4,title,title,
ECONOMIC RECORD,The Economic Record,0013-0249,1475-4932,,A,2025,3801,0.469,Q2,53.0,1.27,Economics and Econometrics (Q2),,,4,title,title,
Ejournal of Tax Research,eJournal of Tax Research,1448-2398,,,A,2025,4801,0.19,Q4,15.0,0.65,Accounting (Q4); Economics and Econometrics (Q4); Finance (Q4),,,4,title,title,
Fulbright Review of Economics and Policy,,,,,none,2025,,,,,,,,,4,,,
International Journal of Development and Conflict,International Journal of Development and Conflict,2010-2690,2010-2704,,B,2025,3801,0.252,Q3,7.0,1.54,"Development (Q3); Economics, Econometrics and Finance (miscellaneous) (Q3); Political Science and International Relations (Q3)",,,4,title,title,
Journal of Economic Dynamics and Control,Journal of Economic Dynamics and Control,0165-1889,1879-1743,,A*,2025,3801,1.324,Q1,110.0,2.1,Applied Mathematics (Q1); Control and Optimization (Q1); Economics and Econometrics (Q1),,,4,title,title,
JOURNAL OF FINANCE,The Journal of Finance,0022-1082,1540-6261,,A*,2025,3502,22.27,Q1,386.0,12.3,Accounting (Q1); Economics and Econometrics (Q1); Finance (Q1),,,4,title,title,
Journal of Financial Intermediation,Journal of Financial Intermediation,1042-9573,1096-0473,,A*,2025,3502,2.275,Q1,101.0,2.97,Economics and Econometrics (Q1); Finance (Q1),,,4,title,title,
Journal of International Financial Management and Accounting,Journal of International Financial Management and Accounting,0954-1314,1467-646X,,A,2025,3502,1.639,Q1,55.0,6.94,"Accounting (Q1); Business, Management and Accounting (miscellaneous) (Q1); Finance (Q1)",,,4,title,title,
Perspectives on Contemporary Auditing,,,,,none,2025,,,,,,,,,4,,,
Programme & Proceedings American Accounting Association Conference 2008,,,,,none,2025,,,,,,,,,4,,,
Research Handbook on Shareholder Power,,,,,none,2025,,,,,,,,,4,,,
Review of Corporate Finance Studies,Review of Corporate Finance Studies,2046-9128,2046-9136,,A*,2025,3502,3.738,Q1,30.0,3.22,Business and International Management (Q1); Economics and Econometrics (Q1); Finance (Q1),,,4,title,title,
Tax Policy Journal,Tax Policy Journal,1833-1726,,,C,2025,4801,,,,,,,,4,title,,
Tax Specialist,Tax Specialist,1329-1203,,,B,2025,4801,,,,,,,,4,title,,
13th International Symposium on Audit Research,,,,,none,2025,,,,,,,,,3,,,
17th Annual Australasian Tax Teachers Association Conference,,,,,none,2025,,,,,,,,,3,,,
Accountability and Performance Journal,,,,,none,2025,,,,,,,,,3,,,
Accounting and Finance Association Australia and New Zealand Papers & Proceedings,,,,,none,2025,,,,,,,,,3,,,
Acta Astronautica,Acta Astronautica,0094-5765,,,none,2025,,1.078,Q1,122.0,4.29,Aerospace Engineering (Q1),,,3,,title,
Asia Pacific Journal of Financial Studies,Asia-Pacific Journal of Financial Studies,2041-9945,2041-6156,,B,2025,3502,0.542,Q2,29.0,1.54,Finance (Q2),,,3,title,title,
Asian Review of Accounting,Asian Review of Accounting,1758-8863,1758-8863,,B,2025,3501,0.556,Q2,38.0,4.6,Accounting (Q2); Finance (Q2),,,3,title,title,
ATTA 2008 Conference - Tax: The Devil's in the Detail,,,,,none,2025,,,,,,,,,3,,,
Australian Master Financial Planning Guide,,,,,none,2025,,,,,,,,,3,,,
Canadian Tax Journal,Canadian Tax Journal,0008-5111,,,A*,2025,4801,0.217,Q3,5.0,0.34,Accounting (Q3); Law (Q3); Finance (Q4),,,3,title,title,
Charity Law & Practice Review,Charity Law and Practice Review,0966-4041,,,B,2025,4801,,,,,,,,3,title,,
Charter -Sydney-,,,,,none,2025,,,,,,,,,3,,,
Commercial Law Quarterly,Commercial Law Quarterly,0819-4262,,,C,2025,4801,,,,,,,,3,title,,
Corporate Governance - An International Review,Corporate Governance: an international review,0964-8410,1467-8683,,A,2025,3507,1.992,Q1,120.0,8.85,"Business, Management and Accounting (miscellaneous) (Q1); Management of Technology and Innovation (Q1); Strategy and Management (Q1)",,,3,title,title,
E - Journal of Tax Research,,,,,none,2025,,,,,,,,,3,,,
Economic and Labour Relations Review,The Economic and Labour Relations Review,1035-3046,,,B,2025,3801,0.458,Q2,33.0,1.58,Economics and Econometrics (Q2); Organizational Behavior and Human Resource Management (Q3),,,3,title,title,
European Accounting Association Conference,,,,,none,2025,,,,,,,,,3,,,
Financial Planning,,,,,none,2025,,,,,,,,,3,,,
Further Global Challenges in Tax Administration,,,,,none,2025,,,,,,,,,3,,,
Goods and Services Tax Journal,,,,,none,2025,,,,,,,,,3,,,
International Handbook on Clinical Tax Education,,,,,none,2025,,,,,,,,,3,,,
International Society of Franchising 16th Annual Conference,,,,,none,2025,,,,,,,,,3,,,
Journal of Accounting and Economics,Journal of Accounting and Economics,0165-4101,,,A*,2025,3501,8.748,Q1,207.0,8.48,Accounting (Q1); Economics and Econometrics (Q1); Finance (Q1),,,3,title,title,
Journal of Accounting and Public Policy,Journal of Accounting and Public Policy,0278-4254,1873-2070,,A*,2025,3501,0.97,Q1,104.0,2.74,Sociology and Political Science (Q1); Accounting (Q2),,,3,title,title,
Journal of Behavioral Finance,Journal of Behavioral Finance,1542-7560,1542-7579,,A,2025,3502,0.482,Q2,37.0,2.55,Finance (Q2); Experimental and Cognitive Psychology (Q3),,,3,title,title,
Journal of Contemporary Accounting & Economics,Journal of Contemporary Accounting and Economics,1815-5669,,,A,2025,3501,0.801,Q2,46.0,4.18,Accounting (Q2),,,3,title,title,
JOURNAL OF FINANCIAL ECONOMICS,Journal of Financial Economics,0304-405X,,,A*,2025,3502,18.748,Q1,355.0,8.99,Accounting (Q1); Economics and Econometrics (Q1); Finance (Q1); Strategy and Management (Q1),,,3,title,title,
Journal of Forecasting,Journal of Forecasting,0277-6693,1099-131X,,A,2025,3802,0.665,Q2,74.0,3.43,"Computer Science Applications (Q2); Economics and Econometrics (Q2); Management Science and Operations Research (Q2); Modeling and Simulation (Q2); Statistics, Probability and Uncertainty (Q2); Strategy and Management (Q2)",,,3,title,title,
Journal of International Business Studies,Journal of International Business Studies,0047-2506,1478-6990,,A*,2025,3507,4.454,Q1,254.0,10.07,"Business and International Management (Q1); Business, Management and Accounting (miscellaneous) (Q1); Economics and Econometrics (Q1); Management of Technology and Innovation (Q1); Strategy and Management (Q1)",,,3,title,title,
Journal of Real Estate Finance and Economics,Journal of Real Estate Finance and Economics,0895-5638,1573-045X,,A,2025,3504,0.882,Q1,78.0,3.01,Urban Studies (Q1); Accounting (Q2); Economics and Econometrics (Q2); Finance (Q2),,,3,title,title,
LawAsia Journal,,,,,none,2025,,,,,,,,,3,,,
Proceedings of the Accounting and Finance Association of Australia and New Zealand (AFAANZ) Conference,,,,,none,2025,,,,,,,,,3,,,
Programme & Proceedings Accounting and Finance Association of Australia and New Zealand (AFAANZ) Conference,,,,,none,2025,,,,,,,,,3,,,
Programme & Proceedings American Accounting Association Annual Meeting,,,,,none,2025,,,,,,,,,3,,,
Quarterly Journal of Finance,Quarterly Journal of Finance,2010-1392,2010-1406,,A,2025,3502,0.484,Q2,28.0,0.72,Economics and Econometrics (Q2); Finance (Q2); Strategy and Management (Q2),,,3,title,title,
Recent Developments in Normative Trade Theory and Welfare Economics,,,,,none,2025,,,,,,,,,3,,,
Review of Quantitative Finance and Accounting,Review of Quantitative Finance and Accounting,0924-865X,1573-7179,,B,2025,3502,0.7,Q2,63.0,3.24,"Accounting (Q2); Business, Management and Accounting (miscellaneous) (Q2); Finance (Q2)",,,3,title,title,
Science,Science,1095-9203,,,none,2025,,10.948,Q1,1433.0,16.75,History and Philosophy of Science (Q1); Multidisciplinary (Q1),,,3,,title,
Sensibilities,,,,,none,2025,,,,,,,,,3,,,
Space Policy,Space Policy,0265-9646,,,none,2025,,0.935,Q1,37.0,3.25,Law (Q1); Sociology and Political Science (Q1); Economics and Econometrics (Q2); Space and Planetary Science (Q2),,,3,,title,
Tax Administration: Current Issues and Future Developments,,,,,none,2025,,,,,,,,,3,,,
Tax administration: Facing the challenges of the future,,,,,none,2025,,,,,,,,,3,,,
Tax and sustainability,,,,,none,2025,,,,,,,,,3,,,
Tax Simplification,,,,,none,2025,,,,,,,,,3,,,
Taxation Compliance Costs: A Festschrift for Cedric Sandford,,,,,none,2025,,,,,,,,,3,,,
Taxation in Australia: Red Edition,Taxation in Australia,0494-8343,,,C,2025,4801,,,,,,,,3,title-variant,,
The Routledge Companion to Auditing,,,,,none,2025,,,,,,,,,3,,,
The Vietnamese Economy: Awakening the Dominant Dragon,,,,,none,2025,,,,,,,,,3,,,
10th Annual Australasian Finance and Banking Conference,,,,,none,2025,,,,,,,,,2,,,
12th Annual Tax Research Network Conference,,,,,none,2025,,,,,,,,,2,,,
15th Annual Australasian Tax Teacher`s Association,,,,,none,2025,,,,,,,,,2,,,
2006 International Society of Franchising Conference,,,,,none,2025,,,,,,,,,2,,,
2010 International Business and Economics Research Conference,,,,,none,2025,,,,,,,,,2,,,
28th Australasian Tax Teachers Association Conference,,,,,none,2025,,,,,,,,,2,,,
5th International Conference on Tax Administration - Current Issues and Future Developments,,,,,none,2025,,,,,,,,,2,,,
6th International Conference on Tax Administration: Challenges of Globalising Tax Systems,,,,,none,2025,,,,,,,,,2,,,
AAA Annual Meeting and CTLA,,,,,none,2025,,,,,,,,,2,,,
"ABACUS – A Journal of Accounting, Finance and Business Studies",Abacus,0001-3072,1467-6281,,A,2025,3501,0.762,Q2,60.0,3.2,Accounting (Q2),,,2,title-variant,title-variant,
"ABACUS: a journal of accounting, finance and business studies",Abacus,0001-3072,1467-6281,,A,2025,3501,0.762,Q2,60.0,3.2,Accounting (Q2),,,2,title-variant,title-variant,
Accounting and Finance Association Australia and New Zealand Papers and Proceedings,,,,,none,2025,,,,,,,,,2,,,
"Accounting, Business and Financial History",,,,,none,2025,,,,,,,,,2,,,
Accredited Franchise Executive education,,,,,none,2025,,,,,,,,,2,,,
Advances in Accounting Behavioral Research,Advances in Accounting Behavioral Research,1475-1488,,,A,2025,3501,,,,,,,,2,title,,
Advances in Accounting Behaviorial Research,,,,,none,2025,,,,,,,,,2,,,
Advances in Accounting Behavioural Research,,,,,none,2025,,,,,,,,,2,,,
Alternative Law Journal,Alternative Law Journal,1037-969X,2398-9084,,B,2025,4801,0.176,Q3,18.0,0.64,Law (Q3); Sociology and Political Science (Q3),,,2,title,title,
American Accounting Association,,,,,none,2025,,,,,,,,,2,,,
American Accounting Association Annual Congress 2013,,,,,none,2025,,,,,,,,,2,,,
American Accounting Association Annual Congress 2013 - Brilliantly disguised opportunities,,,,,none,2025,,,,,,,,,2,,,
American Accounting Association Annual Meeting,,,,,none,2025,,,,,,,,,2,,,
American Accounting Association Mid -year,,,,,none,2025,,,,,,,,,2,,,
"American Accounting Association, International Accounting Section",,,,,none,2025,,,,,,,,,2,,,
Applied Economics,Applied Economics,0003-6846,1466-4283,,A,2025,3801,0.625,Q2,126.0,3.31,Economics and Econometrics (Q2),,,2,title,title,
Array,Array,2590-0056,,,none,2025,,1.264,Q1,33.0,8.14,Computer Science (miscellaneous) (Q1),,,2,,title,
Asia-Pacific Journal of Accounting and Economics,Asia-Pacific Journal of Accounting and Economics,1608-1625,2164-2257,,B,2025,3501,0.459,Q2,33.0,2.39,Economics and Econometrics (Q2); Finance (Q2); Accounting (Q3),,,2,title,title,
Atax Matters,,,,,none,2025,,,,,,,,,2,,,
AUDITING-A JOURNAL OF PRACTICE & THEORY,Auditing: A Journal of Practice and Theory,0278-0380,1558-7991,,A*,2025,3501,,,,,,,,2,title,,
Australian and New Zealand Franchising,,,,,none,2025,,,,,,,,,2,,,
Australian Capital Gains Tax Planner,,,,,none,2025,,,,,,,,,2,,,
Australian Economic Papers,Australian Economic Papers,0004-900X,1467-8454,,B,2025,3801,0.368,Q2,26.0,1.48,"Economics, Econometrics and Finance (miscellaneous) (Q2)",,,2,title,title,
Australian Government Auditing and Assurance Standards Board,,,,,none,2025,,,,,,,,,2,,,
Australian Journal of Corporate Law,Australian Journal of Corporate Law,1037-4124,,,A,2025,4801,,,,,,,,2,title,,
Australian Journal of Public Administration,Australian Journal of Public Administration,0313-6647,1467-8500,,A,2025,3599,0.674,Q1,60.0,3.01,Sociology and Political Science (Q1); Public Administration (Q2),,,2,title,title,
Australian Law Journal,Australian Law Journal,0004-9611,,,A,2025,4801,,,,,,,,2,title,,
Australian Law Journal and Reports,,,,,none,2025,,,,,,,,,2,,,
Betriebswirtschaftliche Forschung Und Praxis,,,,,none,2025,,,,,,,,,2,,,
Blackwell Encyclopedia of Management,,,,,none,2025,,,,,,,,,2,,,
BLEC Seminar 1998,,,,,none,2025,,,,,,,,,2,,,
Bulletin for International Taxation,Bulletin for International Taxation,1819-5490,2352-9202,,B,2025,4801,0.38,Q2,7.0,0.2,Law (Q2); Accounting (Q3); Economics and Econometrics (Q3); Finance (Q3),,,2,title,title,
Business Tax Reform in Retrospect and Prospect,,,,,none,2025,,,,,,,,,2,,,
CFA Digest,,,,,none,2025,,,,,,,,,2,,,
Charter,,,,,none,2025,,,,,,,,,2,,,
Chief Executive China,,,,,none,2025,,,,,,,,,2,,,
Climate Change and Climate Finance: Current Experience and Future Directions,,,,,none,2025,,,,,,,,,2,,,
Corporate Ownership and Control,,,,,none,2025,,,,,,,,,2,,,
"Crime, Law and Social Change: an interdisciplinary journal","Crime, Law and Social Change",0925-4994,1573-0751,,B,2025,4801,0.412,Q2,63.0,2.06,Law (Q2); Social Sciences (miscellaneous) (Q2); Pathology and Forensic Medicine (Q3),,,2,title-variant,title-variant,
Cuffelinks.com.au,,,,,none,2025,,,,,,,,,2,,,
Cufflinks,,,,,none,2025,,,,,,,,,2,,,
DEUTSCHE LEBENSMITTEL-RUNDSCHAU,Deutsche Lebensmittel-Rundschau,0012-0413,,,none,2025,,0.101,Q4,27.0,0.01,Food Science (Q4); Industrial and Manufacturing Engineering (Q4); Law (Q4),,,2,,title,
EAA 2013,,,,,none,2025,,,,,,,,,2,,,
Economic Papers: a journal of applied economics and policy,Economic Papers: a journal of applied economics and policy,1759-3441,1759-3441,,B,2025,3801,0.304,Q2,28.0,1.2,"Economics, Econometrics and Finance (miscellaneous) (Q2)",,,2,title,title-variant,
Ethics and Taxation,,,,,none,2025,,,,,,,,,2,,,
EUROPEAN FOOD RESEARCH AND TECHNOLOGY,European Food Research and Technology,1438-2385,,,none,2025,,0.692,Q1,136.0,4.85,Industrial and Manufacturing Engineering (Q1); Biochemistry (Q2); Biotechnology (Q2); Chemistry (miscellaneous) (Q2); Food Science (Q2),,,2,,title,
Financial Accountability & Management,Financial Accountability and Management,0267-4424,1468-0408,,A,2025,3501,1.136,Q1,58.0,4.33,"Business, Management and Accounting (miscellaneous) (Q1); Economics, Econometrics and Finance (miscellaneous) (Q1)",,,2,title,title,
Financial Analysts Journal,Financial Analysts Journal,0015-198X,1938-3312,,A,2025,3502,1.425,Q1,99.0,2.64,Accounting (Q1); Economics and Econometrics (Q1); Finance (Q1),,,2,title,title,
Financial Management,Financial Management,0046-3892,1755-053X,,A*,2025,3502,3.477,Q1,88.0,9.5,Accounting (Q1); Economics and Econometrics (Q1); Finance (Q1),,,2,title,title,
Franchising yearbook & directory,,,,,none,2025,,,,,,,,,2,,,
General Anti-Avoidance Rules: The Final Tax Frontier?,,,,,none,2025,,,,,,,,,2,,,
German Law Journal,German Law Journal,2071-8322,,,none,2025,,0.647,Q1,46.0,1.97,Law (Q1),,,2,,title,
Globalization and Emerging Issues in Trade Theory and Policy,,,,,none,2025,,,,,,,,,2,,,
Government Incentives for Innovation and Entrepreneurship An International Experience,,,,,none,2025,,,,,,,,,2,,,
Green Taxation in East Asia,,,,,none,2025,,,,,,,,,2,,,
GST Masterclass,,,,,none,2025,,,,,,,,,2,,,
Handbook of Accounting and Sustainability,,,,,none,2025,,,,,,,,,2,,,
Hong Kong Law Journal,Hong Kong Law Journal,0378-0600,,,A,2025,4801,,,,,,,,2,title,,
Indian Accounting Review,,,,,none,2025,,,,,,,,,2,,,
"Indigenous Business, Enterprise and Corporations Conference",,,,,none,2025,,,,,,,,,2,,,
INORGANIC CHEMISTRY,Inorganic Chemistry,0020-1669,,,none,2025,,0.879,Q1,267.0,4.48,Chemistry (miscellaneous) (Q1); Inorganic Chemistry (Q1); Physical and Theoretical Chemistry (Q1),,,2,,title,
Integrated Reporting: A New Accounting Disclosure,,,,,none,2025,,,,,,,,,2,,,
Internal Capital Markets in Family Business Groups during the Global Financial Crisis,,,,,none,2025,,,,,,,,,2,,,
International and Comparative Law Quarterly,International & Comparative Law Quarterly,0020-5893,1471-6895,,A*,2025,4801,0.928,Q1,70.0,2.6,Law (Q1); Political Science and International Relations (Q1),,,2,title,title,
International Journal of Managerial Finance,International Journal of Managerial Finance,1743-9132,1758-6569,,A,2025,3502,0.635,Q2,47.0,3.19,"Business, Management and Accounting (miscellaneous) (Q2); Finance (Q2)",,,2,title,title,
Intheblack,,,,,none,2025,,,,,,,,,2,,,
ISAR 2013 - International Symposium on Audit Research,,,,,none,2025,,,,,,,,,2,,,
ISAR Conference 2010,,,,,none,2025,,,,,,,,,2,,,
ISAR Conference 2919,,,,,none,2025,,,,,,,,,2,,,
ISAR International Symposium on Audit Research,,,,,none,2025,,,,,,,,,2,,,
Journal of Accounting Auditing and Finance,Journal of Accounting Auditing and Finance,0148-558X,2160-4061,,A,2025,3501,0.965,Q1,68.0,1.91,"Economics, Econometrics and Finance (miscellaneous) (Q1); Finance (Q1); Accounting (Q2)",,,2,title,title,
Journal of Accounting Literature,Journal of Accounting Literature,0737-4607,,,A,2025,3501,0.912,Q2,31.0,3.8,Accounting (Q2),,,2,title,title,
JOURNAL OF BUSINESS,,,,,none,2025,,,,,,,,,2,,,
Journal of Business and Economic Statistics,Journal of Business & Economic Statistics,0735-0015,1537-2707,,A*,2025,3802,3.508,Q1,127.0,2.92,"Economics and Econometrics (Q1); Social Sciences (miscellaneous) (Q1); Statistics and Probability (Q1); Statistics, Probability and Uncertainty (Q1)",,,2,title,title,
Journal of Corporate Law Studies,Journal of Corporate Law Studies,1473-5970,1757-8426,,A,2025,4801,0.676,Q1,16.0,1.97,Law (Q1),,,2,title,title,
Journal of Econometrics,Journal of Econometrics,0304-4076,1872-6895,,A*,2025,3802,6.575,Q1,205.0,4.85,Applied Mathematics (Q1); Economics and Econometrics (Q1),,,2,title,title,
Journal of Economic Behavior and Organization,Journal of Economic Behavior and Organization,0167-2681,1879-1751,,A*,2025,3801,1.266,Q1,153.0,3.06,Economics and Econometrics (Q1); Organizational Behavior and Human Resource Management (Q1),,,2,title,title,
Journal of Financial Econometrics,Journal of Financial Econometrics,1479-8409,1479-8417,,A*,2025,3802,1.782,Q1,58.0,2.39,Economics and Econometrics (Q1); Finance (Q1),,,2,title,title,
Journal of Financial Markets,Journal of Financial Markets,1386-4181,1878-576X,,A*,2025,3502,1.544,Q1,77.0,2.7,Economics and Econometrics (Q1); Finance (Q1),,,2,title,title,
Journal of Financial Services Research,Journal of Financial Services Research,0920-8550,1573-0735,,A,2025,3502,1.198,Q1,66.0,4.3,Accounting (Q1); Economics and Econometrics (Q1); Finance (Q1),,,2,title,title,
JOURNAL OF INTERNATIONAL ACCOUNTING AUDITING AND TAXATION,"Journal of International Accounting, Auditing and Taxation",1061-9518,1879-1603,,B,2025,3501,0.892,Q2,58.0,4.27,Accounting (Q2); Finance (Q2),,,2,title,title,
Journal of International Money and Finance,Journal of International Money and Finance,0261-5606,1873-0639,,A,2025,3502,1.364,Q1,126.0,4.2,Economics and Econometrics (Q1); Finance (Q1),,,2,title,title,
Journal of Judicial Administration,,,,,none,2025,,,,,,,,,2,,,
Journal of Law and Financial Management,Journal of Law and Financial Management,1446-6899,,,C,2025,4801,,,,,,,,2,title,,
JOURNAL OF POLITICAL ECONOMY,Journal of Political Economy,0022-3808,1537-534X,,A*,2025,3801,16.25,Q1,235.0,6.7,Economics and Econometrics (Q1),,,2,title,title,
Journal of Professional Legal Education,,,,,none,2025,,,,,,,,,2,,,
Journal of Tax Administration,Journal of Tax Administration,2059-190X,,,B,2025,4801,,,,,,,,2,title,,
JOURNAL OF THE AUSTRALASIAN TAX TEACHERS ASSOCIATION,Journal of the Australasian Tax Teachers Association,1832-911X,,,B,2025,4801,0.134,Q4,6.0,0.25,Accounting (Q4); Finance (Q4); Law (Q4),,,2,title,title,
KIPF-Atax International Joint Conference,,,,,none,2025,,,,,,,,,2,,,
Law and Financial Markets Review,Law and Financial Markets Review,1752-1440,1752-1459,,B,2025,4801,0.226,Q3,13.0,0.95,Finance (Q3); Law (Q3),,,2,title,title,
Legal Education Review,Legal Education Review,1033-2839,1839-3713,,C,2025,4801,0.266,Q2,3.0,1.05,Law (Q2),,,2,title,title,
Mathematical Social Sciences,Mathematical Social Sciences,0165-4896,1879-3118,,A,2025,3801,0.249,Q3,46.0,0.71,"Psychology (miscellaneous) (Q3); Social Sciences (miscellaneous) (Q3); Sociology and Political Science (Q3); Statistics, Probability and Uncertainty (Q4)",,,2,title,title,
National Tax Journal,National Tax Journal,0028-0283,1944-7477,,A,2025,4801,1.232,Q1,72.0,1.06,Accounting (Q1); Economics and Econometrics (Q1); Finance (Q1),,,2,title,title,
New Frontiers in Regional Science Asian Perspectives,,,,,none,2025,,,,,,,,,2,,,
New Zealand Journal of Tax Law and Policy,,,,,none,2025,,,,,,,,,2,,,
North American Journal of Economics and Finance,The North American Journal of Economics and Finance,1062-9408,1879-0860,,B,2025,3801,0.812,Q2,73.0,4.69,Economics and Econometrics (Q2); Finance (Q2),,,2,title,title,
NSW Law Society Journal,,,,,none,2025,,,,,,,,,2,,,
ORGANOMETALLICS,Organometallics,1520-6041,,,none,2025,,0.55,Q2,192.0,2.34,Inorganic Chemistry (Q2); Organic Chemistry (Q2); Physical and Theoretical Chemistry (Q2),,,2,,title,
Pacific-Basin Finance Journal,Pacific-Basin Finance Journal,0927-538X,1879-0585,,A,2025,3502,1.322,Q1,92.0,6.12,Economics and Econometrics (Q1); Finance (Q1),,,2,title,title,
Palgrave Encyclopedia of Private Equity,,,,,none,2025,,,,,,,,,2,,,
Plos One,PLOS ONE,1932-6203,,,none,2025,,0.726,Q1,500.0,2.95,Multidisciplinary (Q1),,,2,,title,
"Practices, Profession and Pedagogy in Accounting",,,,,none,2025,,,,,,,,,2,,,
Programme & Proceedings 35th Annual Congress of the European Accounting Association Annual Congress,,,,,none,2025,,,,,,,,,2,,,
Programme & Proceedings American Accounting Association Western Region Meeting,,,,,none,2025,,,,,,,,,2,,,
Quantitative Finance,Quantitative Finance,1469-7688,1469-7696,,A,2025,3502,0.762,Q1,93.0,2.17,"Economics, Econometrics and Finance (miscellaneous) (Q1); Finance (Q2)",,,2,title,title,
Quarterly Journal of Economics,The Quarterly Journal of Economics,0033-5533,1531-4650,,A*,2025,3801,33.069,Q1,336.0,17.3,Economics and Econometrics (Q1),,,2,title,title,
QUT Law Journal,,,,,none,2025,,,,,,,,,2,,,
Research and Development in Problem Based Learning,,,,,none,2025,,,,,,,,,2,,,
Research Handbook on Performance Measurement for Management Control,,,,,none,2025,,,,,,,,,2,,,
Retirement and Estate Planning,,,,,none,2025,,,,,,,,,2,,,
REVIEW OF FINANCE,Review of Finance,1572-3097,1573-692X,,A*,2025,3502,9.87,Q1,91.0,7.62,Accounting (Q1); Economics and Econometrics (Q1); Finance (Q1),,,2,title,title,
REVIEW OF FINANCIAL STUDIES,The Review of Financial Studies,0893-9454,1465-7368,,A*,2025,3502,17.406,Q1,268.0,8.71,Accounting (Q1); Economics and Econometrics (Q1); Finance (Q1),,,2,title,title,
Routledge Handbook of Auditing,,,,,none,2025,,,,,,,,,2,,,
Science Advances,Science Advances,2375-2548,,,none,2025,,4.534,Q1,325.0,13.1,Multidisciplinary (Q1),,,2,,title,
Sino-Australian Comparative Research in Taxation System,,,,,none,2025,,,,,,,,,2,,,
Smart and Sustainable Built Environment,Smart and Sustainable Built Environment,2046-6099,2046-6102,,C,2025,3504,1.198,Q1,46.0,9.38,"Architecture (Q1); Building and Construction (Q1); Civil and Structural Engineering (Q1); Cultural Studies (Q1); Human Factors and Ergonomics (Q1); Management, Monitoring, Policy and Law (Q1); Renewable Energy, Sustainability and the Environment (Q1); Urban Studies (Q1)",,,2,title,title,
Strategic Management Journal,Strategic Management Journal,0143-2095,1097-0266,,A*,2025,3507,10.154,Q1,370.0,10.85,Business and International Management (Q1); Strategy and Management (Q1),,,2,title,title,
Superannuation Law Bulletin,,,,,none,2025,,,,,,,,,2,,,
Tax Administration: Safe Harbours and New Horizons,,,,,none,2025,,,,,,,,,2,,,
Tax and Transfer Reform in Australia and Germany,,,,,none,2025,,,,,,,,,2,,,
Tax reform and the GST: an international perspective,,,,,none,2025,,,,,,,,,2,,,
Tax Value Method Consultative Conference,,,,,none,2025,,,,,,,,,2,,,
Taxation for Commercial Lawyers,,,,,none,2025,,,,,,,,,2,,,
Taxation in Australia (Blue Edition),Taxation in Australia,0494-8343,,,C,2025,4801,,,,,,,,2,title-variant,,
The Australian,,,,,none,2025,,,,,,,,,2,,,
The Australian Economic Review,The Australian Economic Review,0004-9018,1467-8462,,B,2025,3801,0.292,Q3,37.0,0.79,Economics and Econometrics (Q3),,,2,title,title,
The British Accounting Review,British Accounting Review,0890-8389,1095-8347,,A*,2025,3501,1.705,Q1,100.0,8.33,Accounting (Q1),,,2,title,title,
The Chartered Accountant in Australia,,,,,none,2025,,,,,,,,,2,,,
The Development of Franchising in China,,,,,none,2025,,,,,,,,,2,,,
The EAA 2018 Program Book,,,,,none,2025,,,,,,,,,2,,,
The Economic and Labour Relations Review,The Economic and Labour Relations Review,1035-3046,,,B,2025,3801,0.458,Q2,33.0,1.58,Economics and Econometrics (Q2); Organizational Behavior and Human Resource Management (Q3),,,2,title,title,
The Engineering Economist,Engineering Economist,0013-791X,1547-2701,,C,2025,3801,0.203,Q3,37.0,0.97,Engineering (miscellaneous) (Q3); Economics and Econometrics (Q4); Education (Q4),,,2,title,title,
The European Accounting Review,The European Accounting Review,0963-8180,1468-4497,,A*,2025,3501,2.272,Q1,98.0,6.0,"Accounting (Q1); Aerospace Engineering (Q1); Arts and Humanities (miscellaneous) (Q1); Automotive Engineering (Q1); Business and International Management (Q1); Business, Management and Accounting (miscellaneous) (Q1); Economics and Econometrics (Q1); Economics, Econometrics and Finance (miscellaneous) (Q1); Finance (Q1); History (Q1)",,,2,title,title,
The Financial Review,Financial Review,1540-6288,,,none,2025,,0.56,Q2,57.0,2.2,Economics and Econometrics (Q2); Finance (Q2),,,2,,title,
The Franchise Review,,,,,none,2025,,,,,,,,,2,,,
The Institute of Chartered Accountants in Australia,,,,,none,2025,,,,,,,,,2,,,
The International Journal of Accounting,The International Journal of Accounting,1094-4060,2213-3933,,A,2025,3501,0.436,Q2,75.0,1.71,Finance (Q2); Accounting (Q3),,,2,title,title,
The International Journal of Accounting Education and Research,,,,,none,2025,,,,,,,,,2,,,
The Journal of Alternative Investments,The Journal of Alternative Investments,1520-3255,1520-3255,,B,2025,3502,0.243,Q3,28.0,0.65,Economics and Econometrics (Q3); Finance (Q3),,,2,title,title,
The Palgrave Encyclopedia of Private Equity,,,,,none,2025,,,,,,,,,2,,,
The Sydney Law Review,The Sydney Law Review,0082-0512,,,A*,2025,4801,0.144,Q3,9.0,0.58,Law (Q3),,,2,title,title,
Translational Psychiatry,Translational Psychiatry,2158-3188,,,none,2025,,2.425,Q1,150.0,7.37,Biological Psychiatry (Q1); Cellular and Molecular Neuroscience (Q1); Psychiatry and Mental Health (Q1),,,2,,title,
Understanding Taxation Law,,,,,none,2025,,,,,,,,,2,,,
Value Added Tax and Direct Taxation - Similarities and Differences,,,,,none,2025,,,,,,,,,2,,,
VAT in the Digital Era: Unilateral and Multilateral Options for Reform,,,,,none,2025,,,,,,,,,2,,,
Vietnam`s Current Economic Policy Issues: Challenges of Integration,,,,,none,2025,,,,,,,,,2,,,
WebCT 2002 Asia Pacific Conference,,,,,none,2025,,,,,,,,,2,,,
Wiley Encyclopedia of Management,,,,,none,2025,,,,,,,,,2,,,
Worldwide Tax Daily,,,,,none,2025,,,,,,,,,2,,,
"""Do Informal Controls Encourage or Reduce Escalation of Commitment? The Effect of Self-certification on Capital Investment Decisions""",,,,,none,2025,,,,,,,,,1,,,
'The impact of mandatory country-by-country tax disclosures on the tax aggressiveness of European Union banks',,,,,none,2025,,,,,,,,,1,,,
10th Australasian Conference on Information Systems (ACIS),,,,,none,2025,,,,,,,,,1,,,
"10th Symposium on Space Resource Utilization, 2017",,,,,none,2025,,,,,,,,,1,,,
12th International Conference Series on Competition and Ownership in Land Passenger Transport (Thredbo 12) Program & Proceedings,,,,,none,2025,,,,,,,,,1,,,
13th BILETA conference: The changing jurisdiction,,,,,none,2025,,,,,,,,,1,,,
14th Annual International Society of Franchising Conference,,,,,none,2025,,,,,,,,,1,,,
16th Annual GST and Indirect Tax Weekend Workshop,,,,,none,2025,,,,,,,,,1,,,
17th LAWASIA Biennial Conference,,,,,none,2025,,,,,,,,,1,,,
19th Asian-Pacific Conference on International Accounting Issues,,,,,none,2025,,,,,,,,,1,,,
1st International Network for Tax Research Conference,,,,,none,2025,,,,,,,,,1,,,
200 Years of Humboldt University (1810−2010): International and Vietnamese Experiences,,,,,none,2025,,,,,,,,,1,,,
2001 International Society of Franchising Conference,,,,,none,2025,,,,,,,,,1,,,
2004 AFAANZ Conference,,,,,none,2025,,,,,,,,,1,,,
2004 Annual Conference of the Australia-New Zealand International Business Academy,,,,,none,2025,,,,,,,,,1,,,
2005 AFAANZ,,,,,none,2025,,,,,,,,,1,,,
2005 Australia/NZ Franchising Yearbook and Directory,,,,,none,2025,,,,,,,,,1,,,
2006 Franchise Interantional Summit,,,,,none,2025,,,,,,,,,1,,,
2008 Economic and Social Outlook Conference,,,,,none,2025,,,,,,,,,1,,,
2011 ABO Research Conference program and proceedings,,,,,none,2025,,,,,,,,,1,,,
2012 INTERNATIONAL CONFERENCE ON APPLIED AND THEORETICAL ELECTRICITY (ICATE),,,,,none,2025,,,,,,,,,1,,,
2012 INTERNATIONAL CONFERENCE ON OPTICAL MEMS AND NANOPHOTONICS (OMN),,,,,none,2025,,,,,,,,,1,,,
2013 Accounting and Finance Conference,,,,,none,2025,,,,,,,,,1,,,
2013 UTS Australian Summer Accounting Conference,,,,,none,2025,,,,,,,,,1,,,
2017 AIATSIS National Indigenous Research Conference,,,,,none,2025,,,,,,,,,1,,,
2023: a Year of Consequence,,,,,none,2025,,,,,,,,,1,,,
"20th Annual Conference, International Society of Franchising",,,,,none,2025,,,,,,,,,1,,,
21st Annual Colloquium of Superannuation Researchers,,,,,none,2025,,,,,,,,,1,,,
21st Annual International Society of Franchising Conference,,,,,none,2025,,,,,,,,,1,,,
24th World Mining Congress: Proceedings of Mineral Economics,,,,,none,2025,,,,,,,,,1,,,
26th Colloquium on Pensions and Retirement Research,,,,,none,2025,,,,,,,,,1,,,
28th General Conference of the International Association for Research in Income and Wealth,,,,,none,2025,,,,,,,,,1,,,
2nd International Conference on performance Measurement,,,,,none,2025,,,,,,,,,1,,,
2nd World Tax Conference,,,,,none,2025,,,,,,,,,1,,,
31st Australasian Transport Research Forum Atrf 2008,,,,,none,2025,,,,,,,,,1,,,
36th European Accounting Association Annual Congress,,,,,none,2025,,,,,,,,,1,,,
45th Victorian State Convention - Finding buried treasure,,,,,none,2025,,,,,,,,,1,,,
4th Annual SMSF Conference,,,,,none,2025,,,,,,,,,1,,,
4th Asia Pacific Trade Seminars,,,,,none,2025,,,,,,,,,1,,,
50th Annual Transportation Research Forum 2009,,,,,none,2025,,,,,,,,,1,,,
53rd International Atlantic Economic Conference,,,,,none,2025,,,,,,,,,1,,,
5th Asia Pacific Economic Association Conference,,,,,none,2025,,,,,,,,,1,,,
5th International Workshop on Accounting and Regulation 2010,,,,,none,2025,,,,,,,,,1,,,
7th International Tax Administration Conference,,,,,none,2025,,,,,,,,,1,,,
97th Annual Conference of the National Taxation Association,,,,,none,2025,,,,,,,,,1,,,
97th Annual Conference on Taxation,,,,,none,2025,,,,,,,,,1,,,
"A Census of Franchise Regulation Internationally, International Society of Franchising,",,,,,none,2025,,,,,,,,,1,,,
A People's Federation,,,,,none,2025,,,,,,,,,1,,,
A review of building/infrastructure sustainability reporting tools (SRTs).,,,,,none,2025,,,,,,,,,1,,,
A taxonomic framework for making sense of personal income tax relief and its reform,,,,,none,2025,,,,,,,,,1,,,
ABACUS,Abacus,0001-3072,1467-6281,,A,2025,3501,0.762,Q2,60.0,3.2,Accounting (Q2),,,1,title,title,
Academy of International Business: 2000 Annual Meeting,,,,,none,2025,,,,,,,,,1,,,
Account Finance,,,,,none,2025,,,,,,,,,1,,,
Accounting & Auditing Research,,,,,none,2025,,,,,,,,,1,,,
Accounting and Finance Association of Australia and New Zealand Programme & Proceedings,,,,,none,2025,,,,,,,,,1,,,
Accounting Education,Accounting Education,0963-9284,1468-4489,,A,2025,3501,0.879,Q1,58.0,5.76,Education (Q1); Accounting (Q2),,,1,title,title,
Accounting for tax in individual portfolio construction,,,,,none,2025,,,,,,,,,1,,,
Accounting Forum,Accounting Forum,0155-9982,1467-6303,,A,2025,3501,1.087,Q1,70.0,5.81,Accounting (Q1); Finance (Q1),,,1,title,title,
Accounting History,Accounting History,1032-3732,1749-3374,,A,2025,3501,0.404,Q1,36.0,1.0,History (Q1); Accounting (Q3),,,1,title,title,
"Accounting in Australia: Historical Essays (New York: Garland Publishing, 1990",,,,,none,2025,,,,,,,,,1,,,
"Accounting, Auditing and Accountability Journal",Accounting Auditing and Accountability Journal,0951-3574,1758-4205,,A*,2025,3501,1.574,Q1,136.0,4.12,"Accounting (Q1); Economics, Econometrics and Finance (miscellaneous) (Q1)",,,1,title,title,
ACTUALITE ECONOMIQUE,,,,,none,2025,,,,,,,,,1,,,
Adelaide Law Review,Adelaide Law Review,0065-1915,,,A,2025,4801,0.139,Q4,6.0,0.13,Law (Q4),,,1,title,title,
Advances in Accounting,Advances in Accounting,0882-6110,1046-5715,,A,2025,3501,0.431,Q2,49.0,1.63,Finance (Q2); Accounting (Q3),,,1,title,title,
Advances in Accounting : a Research Annual,Advances in Accounting,0882-6110,1046-5715,,A,2025,3501,0.431,Q2,49.0,1.63,Finance (Q2); Accounting (Q3),,,1,title-variant,title-variant,
Advances in International Accounting,,,,,none,2025,,,,,,,,,1,,,
Advances in International Accounting : a Research Annual,,,,,none,2025,,,,,,,,,1,,,
Advances In Management Accounting,Advances in Management Accounting,1474-7871,,,A,2025,3501,,,,,,,,1,title,,
Advances in Pacific Basin Financial Markets (2000),,,,,none,2025,,,,,,,,,1,,,
Advances in Taxation,Advances in Taxation,1058-7497,,,B,2025,4801,,,,,,,,1,title,,
"Advising Clients, Self Managed Superannuation Funds",,,,,none,2025,,,,,,,,,1,,,
AFAANZ,,,,,none,2025,,,,,,,,,1,,,
AFAANZ conference,,,,,none,2025,,,,,,,,,1,,,
Afro-Asian Journal of Finance and Accounting,Afro-Asian Journal of Finance and Accounting,1751-6447,1751-6455,,C,2025,3502,0.155,Q4,17.0,0.67,Accounting (Q4); Finance (Q4),,,1,title,title,
Agenda: A Journal of Policy Analysis and Reform,Agenda: a journal of policy analysis and reform,1322-1833,1447-4735,,B,2025,3801,,,,,,,,1,title,,Scimago matched 'Agenda' (1013-0950; 2158-978X) via title-variant; ABDC matched 'Agenda: a journal of policy analysis and reform' exactly. Scimago figures dropped as a mis-match.
AIAA Space 2015 Conference and Exposition,,,,,none,2025,,,,,,,,,1,,,
American Accounting Association - Management Section Mid-Year Conference 2013,,,,,none,2025,,,,,,,,,1,,,
American Accounting Association 2011 Annual Meeting Programe & Proceedings,,,,,none,2025,,,,,,,,,1,,,
"American Accounting Association 2011, Annual Meeting Program & Proceedings",,,,,none,2025,,,,,,,,,1,,,
American Accounting Association Annual Conference,,,,,none,2025,,,,,,,,,1,,,
American Accounting Association Auditing Section 2006 Mid year Conference,,,,,none,2025,,,,,,,,,1,,,
American Journal of Applied Sciences,,,,,none,2025,,,,,,,,,1,,,
"An Introduction to Trade Execution, Arbitrage and Dealing in Australia",,,,,none,2025,,,,,,,,,1,,,
An Overview of Self Managed Superannuation Funds in Australia,,,,,none,2025,,,,,,,,,1,,,
Annals of Actuarial Science,Annals of Actuarial Science,1748-4995,1748-5002,,A,2025,3502,0.456,Q2,21.0,1.2,"Economics and Econometrics (Q2); Statistics and Probability (Q3); Statistics, Probability and Uncertainty (Q3)",,,1,title,title,
Annual Australasian Tax Teachers Association Conference,,,,,none,2025,,,,,,,,,1,,,
Annual Australasian Tax Teachers Conference,,,,,none,2025,,,,,,,,,1,,,
"APES2009, Asia Pacific Expert Seminar – Managing Projects, Programs and Ventures in Times of Uncertainty and Disruptive Change",,,,,none,2025,,,,,,,,,1,,,
APPLIED PHYSICS LETTERS,Applied Physics Letters,1077-3118,,,none,2025,,0.856,Q1,498.0,3.67,Physics and Astronomy (miscellaneous) (Q1),,,1,,title,
Are dividends more value relevant than book value and earnings in large US companies?,,,,,none,2025,,,,,,,,,1,,,
Asia Pacific Conference on International Accounting Issues Program & Proceedings,,,,,none,2025,,,,,,,,,1,,,
Asia Pacific Journal of Accounting and Economics,Asia-Pacific Journal of Accounting and Economics,1608-1625,2164-2257,,B,2025,3501,0.459,Q2,33.0,2.39,Economics and Econometrics (Q2); Finance (Q2); Accounting (Q3),,,1,title,title,
Asia Pacific tax bulletin,Asia-Pacific Tax Bulletin,1385-3082,,,C,2025,4801,,,,,,,,1,title,,
Asia-Pacific Journal of Financial Studies,Asia-Pacific Journal of Financial Studies,2041-9945,2041-6156,,B,2025,3502,0.542,Q2,29.0,1.54,Finance (Q2),,,1,title,title,
Asian Voices: BEPS and Beyond,,,,,none,2025,,,,,,,,,1,,,
Asian-Pacific Conference on International Accounting Issues,,,,,none,2025,,,,,,,,,1,,,
ATAX conference - Small business CGT reliefs and trust loss measures,,,,,none,2025,,,,,,,,,1,,,
ATINER 13 th Annual conference on law,,,,,none,2025,,,,,,,,,1,,,
Audit Firm Tenure and Audit Quality: Insights from Quantile Regression.,,,,,none,2025,,,,,,,,,1,,,
"Auditing practice, research and education: a productive collaboration",,,,,none,2025,,,,,,,,,1,,,
Auditor Switching in an Increasingly Competitive Environment,,,,,none,2025,,,,,,,,,1,,,
Australasian Journal on Ageing,Australasian Journal on Ageing,1440-6381,1741-6612,,B,2025,3599,0.641,Q1,53.0,1.74,Community and Home Care (Q1); Medicine (miscellaneous) (Q2); Geriatrics and Gerontology (Q3),,,1,title,title,
Australasian Law Teachers Association Conference,,,,,none,2025,,,,,,,,,1,,,
Australasian Marketing Journal,Australasian Marketing Journal,1441-3582,1839-3349,,A,2025,3506,1.076,Q1,67.0,4.31,Economics and Econometrics (Q1); Marketing (Q2),,,1,title,title,
Australasian Tax Teachers Assocation Annual Conference,,,,,none,2025,,,,,,,,,1,,,
"Australasian Tax Teachers Association Conference, Griffith University, Brisbane",,,,,none,2025,,,,,,,,,1,,,
Australia's Human Rights Obligations Relating to the Mental Health of Refugee Children in Detention,,,,,none,2025,,,,,,,,,1,,,
Australian Accounting Research Foundation,,,,,none,2025,,,,,,,,,1,,,
"Australian Accounting Review,",Australian Accounting Review,1035-6908,1835-2561,,B,2025,3501,0.702,Q2,54.0,3.1,Accounting (Q2),,,1,title,title,
Australian and New Zealand Journal of Statistics,Australian and New Zealand Journal of Statistics,1369-1473,1467-842X,,A,2025,4905,0.297,Q3,49.0,0.41,"Statistics and Probability (Q3); Statistics, Probability and Uncertainty (Q3)",,,1,title,title,
Australian banking and finance law bulletin,,,,,none,2025,,,,,,,,,1,,,
Australian Chief Executive,,,,,none,2025,,,,,,,,,1,,,
Australian CPA,,,,,none,2025,,,,,,,,,1,,,
Australian Current Law Bulletin,,,,,none,2025,,,,,,,,,1,,,
AUSTRALIAN ECONOMIC PAPERS,Australian Economic Papers,0004-900X,1467-8454,,B,2025,3801,0.368,Q2,26.0,1.48,"Economics, Econometrics and Finance (miscellaneous) (Q2)",,,1,title,title,
Australian Health Review,Australian Health Review,1449-8944,,,none,2025,,0.428,Q3,63.0,1.08,Health Policy (Q3),,,1,,title,
Australian Indigenous Law Review,,,,,none,2025,,,,,,,,,1,,,
AUSTRALIAN INTERNATIONAL INCOME TAXATION.,,,,,none,2025,,,,,,,,,1,,,
Australian Journal of Asian Law,Australian Journal of Asian Law,1443-0738,,,C,2025,4801,0.138,Q4,9.0,0.46,Law (Q4),,,1,title,title,
Australian Journal of Human Rights,Australian Journal of Human Rights,1323-238X,2573-573X,,B,2025,3599,0.199,Q2,20.0,0.73,History (Q2); Philosophy (Q2); Law (Q3); Sociology and Political Science (Q3),,,1,title,title,
Australian Lawyer,,,,,none,2025,,,,,,,,,1,,,
Australian Master Tax Guide,,,,,none,2025,,,,,,,,,1,,,
Australian Tax 2013,,,,,none,2025,,,,,,,,,1,,,
Australian Tax 2018,,,,,none,2025,,,,,,,,,1,,,
Australian Tax Reform in Retrospect and Prospect,,,,,none,2025,,,,,,,,,1,,,
Australian Taxation Review,,,,,none,2025,,,,,,,,,1,,,
Australia’s Future Tax System: The Prospects after Henry,,,,,none,2025,,,,,,,,,1,,,
Balkan Law Review,,,,,none,2025,,,,,,,,,1,,,
Banking and Finance Conference Research Workshops (online),,,,,none,2025,,,,,,,,,1,,,
Behavioral Finance 'Where Do Investors'' Biases Come From?',,,,,none,2025,,,,,,,,,1,,,
Behavioral Finance: The Coming of Age.,,,,,none,2025,,,,,,,,,1,,,
Belief-Functions in Business Decision,,,,,none,2025,,,,,,,,,1,,,
BELL JOURNAL OF ECONOMICS AND MANAGEMENT SCIENCE,,,,,none,2025,,,,,,,,,1,,,
BEST PRACTICES IN MANAGEMENT ACCOUNTING,,,,,none,2025,,,,,,,,,1,,,
Best Practices in Management Accounting,,,,,none,2025,,,,,,,,,1,,,
BIOCHEMICAL ENGINEERING JOURNAL,Biochemical Engineering Journal,1873-295X,,,none,2025,,0.754,Q2,155.0,4.34,Bioengineering (Q2); Biomedical Engineering (Q2); Biotechnology (Q2); Environmental Engineering (Q2),,,1,,title,
BMJ CASE REPORTS,BMJ Case Reports,1757-790X,,,none,2025,,0.2,Q4,48.0,0.42,Medicine (miscellaneous) (Q4),,,1,,title,
British Journal of Management,British Journal of Management,1045-3172,1467-8551,,A*,2025,3507,2.694,Q1,149.0,9.98,"Business, Management and Accounting (miscellaneous) (Q1); Management of Technology and Innovation (Q1); Strategy and Management (Q1)",,,1,title,title,
Built Environment and Property Management - A Focus on Australia,,,,,none,2025,,,,,,,,,1,,,
Bulletin of Indonesian Economic Studies,Bulletin of Indonesian Economic Studies,0007-4918,1472-7234,,B,2025,3801,1.107,Q1,45.0,4.35,Development (Q1); Economics and Econometrics (Q1),,,1,title,title,
Business Ethics in Focus,,,,,none,2025,,,,,,,,,1,,,
Business Think,,,,,none,2025,,,,,,,,,1,,,
Butterworth's Capital Gains Tax Circular,,,,,none,2025,,,,,,,,,1,,,
Butterworth's Fringe Benefits Tax Bulletin,,,,,none,2025,,,,,,,,,1,,,
Canadian Public Policy,Canadian Public Policy,0317-0861,,,none,2025,,0.429,Q2,45.0,1.34,Public Administration (Q2); Sociology and Political Science (Q2),,,1,,title,
Capital Gains Tax-Planning for the 21st Century,,,,,none,2025,,,,,,,,,1,,,
Capital Gains Taxation: A Comparative Analysis of Key Issues,,,,,none,2025,,,,,,,,,1,,,
Capital Markets Law Journal,Capital Markets Law Journal,1750-7219,1750-7227,,A,2025,4801,0.674,Q1,14.0,1.65,Law (Q1); Finance (Q2),,,1,title,title,
CCH Tax Week,,,,,none,2025,,,,,,,,,1,,,
CEDA: Celebrating 50 Years,,,,,none,2025,,,,,,,,,1,,,
Celebrating 100 years of a national retirement income system: Challenges ahead,,,,,none,2025,,,,,,,,,1,,,
"CFC Legislation: Domestic Provisions, Tax Treaties and EC Law",,,,,none,2025,,,,,,,,,1,,,
"Chaos, Solitons and Fractals","Chaos, Solitons and Fractals",0960-0779,,,none,2025,,1.123,Q1,185.0,5.99,Applied Mathematics (Q1); Mathematical Physics (Q1); Mathematics (miscellaneous) (Q1); Physics and Astronomy (miscellaneous) (Q1); Statistical and Nonlinear Physics (Q1),,,1,,title,
Charities - Political Purposes and Advocacy,,,,,none,2025,,,,,,,,,1,,,
Charities and Unrelated Business Income,,,,,none,2025,,,,,,,,,1,,,
Chemical Engineering New York,,,,,none,2025,,,,,,,,,1,,,
Children in Criminal Detention in Australia,,,,,none,2025,,,,,,,,,1,,,
Children in Refugee Detention in Australia,,,,,none,2025,,,,,,,,,1,,,
China Accounting and Finance Review,China Accounting and Finance Review,1029-807X,2307-3055,,A,2025,3501,,,2.0,0.0,"Accounting; Business, Management and Accounting (miscellaneous); Economics, Econometrics and Finance (miscellaneous); Finance",,,1,title,title,
China Centre for Small and Medium Sized Enterprises Development,,,,,none,2025,,,,,,,,,1,,,
China Finance Review International,China Finance Review International,2044-1398,2044-1401,,A,2025,3502,1.818,Q1,33.0,8.58,Finance (Q1),,,1,title,title,
China Franchise Conference,,,,,none,2025,,,,,,,,,1,,,
China Management Accounting Review,,,,,none,2025,,,,,,,,,1,,,
China Tax Law Review,,,,,none,2025,,,,,,,,,1,,,
Chinese Experience in Mediation,,,,,none,2025,,,,,,,,,1,,,
"CJEU - Recent Developments in Value Added Tax 2021 Series on International Tax Law, Volume 133",,,,,none,2025,,,,,,,,,1,,,
CJEU – Recent Developments in Value Added Tax 2018,,,,,none,2025,,,,,,,,,1,,,
Co-designing social enterprise legal models in Australia: a user-centered approach,,,,,none,2025,,,,,,,,,1,,,
Commodities Markets Performance and Strategies,,,,,none,2025,,,,,,,,,1,,,
Common Law World Review,Common Law World Review,1473-7795,1740-5556,,B,2025,4801,,,,,,,,1,title,,
"Community Futures, Legal Architecture: Foundations for Indigenous Peoples in the Global Mining Boom",,,,,none,2025,,,,,,,,,1,,,
COMPANY AND SECURITIES LAW JOURNAL,Company and Securities Law Journal,0729-2775,,,A,2025,4801,,,,,,,,1,title,,
Comparative Law Journal of the Pacific,,,,,none,2025,,,,,,,,,1,,,
Comparative Taxation Why Tax Systems Differ:,,,,,none,2025,,,,,,,,,1,,,
Comparison of the relation between share returns and book value of US and Australian corporations,,,,,none,2025,,,,,,,,,1,,,
Competition Regulators Legislation,,,,,none,2025,,,,,,,,,1,,,
Conference in Honour of Richard Musgrave,,,,,none,2025,,,,,,,,,1,,,
Constitutional Rights and Constitutional Polity: Studies of Contemporary Constitutional Issues in China,,,,,none,2025,,,,,,,,,1,,,
Construction Management and Economics,Construction Management and Economics,0144-6193,1466-433X,,A,2025,3504,0.801,Q1,121.0,4.65,Building and Construction (Q1); Industrial and Manufacturing Engineering (Q1); Management Information Systems (Q1),,,1,title,title,
Construction Research Congress 2014,,,,,none,2025,,,,,,,,,1,,,
ConTax - Student Member Newsletter of the Tax Institute,,,,,none,2025,,,,,,,,,1,,,
CONTEMPORARY ACCOUNTING RESEARCH,Contemporary Accounting Research,0823-9150,1911-3846,,A*,2025,3501,3.686,Q1,141.0,6.37,Accounting (Q1); Economics and Econometrics (Q1); Finance (Q1),,,1,title,title,
Convergence and Divergence with the Common Law: Charities as a vehicle for the Holding of Traditional Lands,,,,,none,2025,,,,,,,,,1,,,
Corporate Governance an International Review,Corporate Governance: an international review,0964-8410,1467-8683,,A,2025,3507,1.992,Q1,120.0,8.85,"Business, Management and Accounting (miscellaneous) (Q1); Management of Technology and Innovation (Q1); Strategy and Management (Q1)",,,1,title,title,
"Corporation Law: Principles, Policy and Process",,,,,none,2025,,,,,,,,,1,,,
Cosmopolitan Civil Societies,Cosmopolitan Civil Societies,1837-5391,,,none,2025,,0.235,Q2,12.0,1.02,Anthropology (Q2); Cultural Studies (Q2); Demography (Q3); Law (Q3); Sociology and Political Science (Q3),,,1,,title,
Cosmopolitan Civil Societies: An Interdisciplinary Journal,Cosmopolitan Civil Societies,1837-5391,,,none,2025,,0.235,Q2,12.0,1.02,Anthropology (Q2); Cultural Studies (Q2); Demography (Q3); Law (Q3); Sociology and Political Science (Q3),,,1,,title-variant,
"Creativity and Innovation: Implications for Global Business and Development, the 10th International Conference of Society for Global Business and Economic Development",,,,,none,2025,,,,,,,,,1,,,
Crime Law and Social Change,"Crime, Law and Social Change",0925-4994,1573-0751,,B,2025,4801,0.412,Q2,63.0,2.06,Law (Q2); Social Sciences (miscellaneous) (Q2); Pathology and Forensic Medicine (Q3),,,1,title,title,
Critical Finance Review,Critical Finance Review,2164-5744,2164-5760,,A*,2025,3502,6.838,Q1,17.0,1.6,Finance (Q1),,,1,title,title,
Crossing Boundaries` Australasian Law Teachers Association Conference,,,,,none,2025,,,,,,,,,1,,,
Cultural diversity and tax compliance practices of New Zealand small businesses,,,,,none,2025,,,,,,,,,1,,,
Current Biology,Current Biology,1879-0445,,,none,2025,,2.897,Q1,386.0,4.73,"Agricultural and Biological Sciences (miscellaneous) (Q1); Biochemistry, Genetics and Molecular Biology (miscellaneous) (Q1); Neuroscience (miscellaneous) (Q1)",,,1,,title,
Current Issues in Tax Administration Conference,,,,,none,2025,,,,,,,,,1,,,
DALTON TRANSACTIONS,Dalton Transactions,1477-9226,,,none,2025,,0.581,Q2,226.0,3.12,Inorganic Chemistry (Q2),,,1,,title,
Deakin Law Review,Deakin Law Review,1835-9264,,,A,2025,4801,,,,,,,,1,title,,
debt/equity rules: drawing the line in the sand,,,,,none,2025,,,,,,,,,1,,,
Decision Support Systems,Decision Support Systems,0167-9236,1873-5797,,A*,2025,4609,2.079,Q1,203.0,9.06,Arts and Humanities (miscellaneous) (Q1); Developmental and Educational Psychology (Q1); Information Systems (Q1); Information Systems and Management (Q1); Management Information Systems (Q1),,,1,title,title,
DIABETOLOGIA,Diabetologia,0012-186X,,,none,2025,,3.858,Q1,276.0,8.53,"Endocrinology, Diabetes and Metabolism (Q1); Internal Medicine (Q1)",,,1,,title,
Dialing incentives into HFE to facilitate reform (and political risk) in a federation,,,,,none,2025,,,,,,,,,1,,,
Dialogue,Dialogue,0242-8962,,,none,2025,,0.109,Q4,11.0,0.12,Development (Q4); Health (social science) (Q4); Philosophy (Q4); Social Psychology (Q4),,,1,,title,
DICE Report,,,,,none,2025,,,,,,,,,1,,,
Disclosure Obligations in Business Relationships,,,,,none,2025,,,,,,,,,1,,,
Discrete Dynamics in Nature and Society,Discrete Dynamics in Nature and Society,1026-0226,,,none,2025,,0.316,Q3,57.0,1.57,Modeling and Simulation (Q3),,,1,,title,
Dynamics of Investing Responsibly Research Forum program & proceedings,,,,,none,2025,,,,,,,,,1,,,
E-Journal of Tax Research,,,,,none,2025,,,,,,,,,1,,,
Earnings Management Using OCI Recycling: Australian Evidence,,,,,none,2025,,,,,,,,,1,,,
Econometrica,Econometrica,0012-9682,1468-0262,,A*,2025,3802,19.935,Q1,242.0,5.94,Economics and Econometrics (Q1),,,1,title,title,
ECONOMETRICA,Econometrica,0012-9682,1468-0262,,A*,2025,3802,19.935,Q1,242.0,5.94,Economics and Econometrics (Q1),,,1,title,title,
Economia,Economia,0254-4415,2304-4306,2358-2820; 1517-7580,C,2025,3803,0.32,Q2,20.0,2.91,"Economics, Econometrics and Finance (miscellaneous) (Q2)",,,1,title,title,"ABDC says 0254-4415; 2304-4306, Scimago says 1517-7580; 2358-2820. Same title, different journals — needs a human to pick."
ECONOMIC AND LABOUR RELATIONS REVIEW,The Economic and Labour Relations Review,1035-3046,,,B,2025,3801,0.458,Q2,33.0,1.58,Economics and Econometrics (Q2); Organizational Behavior and Human Resource Management (Q3),,,1,title,title,
Economic and Social Outlook Conference 2006: Making the boom pay: Securing the next generation of prosperity,,,,,none,2025,,,,,,,,,1,,,
Economic Globalization in Asia,,,,,none,2025,,,,,,,,,1,,,
Economic Policy,Economic Policy: a European forum,0266-4658,1468-0327,,A,2025,3801,2.885,Q1,99.0,1.33,"Economics and Econometrics (Q1); Management, Monitoring, Policy and Law (Q1)",,,1,abdc-prefix,title,
Economic Theory and International Trade: Essays in Honour of Murray C. Kemp,,,,,none,2025,,,,,,,,,1,,,
Economics in Business and Government Conference,,,,,none,2025,,,,,,,,,1,,,
Economics of Globalisation,,,,,none,2025,,,,,,,,,1,,,
Educational Research for Policy and Practice,Educational Research for Policy and Practice,1573-1723,,,none,2025,,0.567,Q2,32.0,2.65,Education (Q2); Sociology and Political Science (Q2),,,1,,title,
Eighteenth Century Studies,Eighteenth-Century Studies,0013-2586,,,none,2025,,0.12,Q3,31.0,0.06,Arts and Humanities (miscellaneous) (Q3); Cultural Studies (Q3),,,1,,title,
electronic Journal of Tax Research (eJTR),,,,,none,2025,,,,,,,,,1,,,
Eleventh Asian - Pacific Conference on International Accounting Issues,,,,,none,2025,,,,,,,,,1,,,
Emerging Market Firms in the Global Economy  International Finance Review,,,,,none,2025,,,,,,,,,1,,,
Emerging Markets Finance and Trade,Emerging Markets Finance and Trade,1540-496X,1558-0938,,B,2025,3502,0.747,Q1,72.0,3.94,"Economics, Econometrics and Finance (miscellaneous) (Q1); Finance (Q2)",,,1,title,title,
"Empirical Economics: a quarterly journal of the Institute for Advanced Studies, Vienna",Empirical Economics,0377-7332,1435-8921,,A,2025,3801,0.617,Q1,78.0,2.28,Social Sciences (miscellaneous) (Q1); Economics and Econometrics (Q2); Mathematics (miscellaneous) (Q2); Statistics and Probability (Q2),,,1,title-variant,title-variant,
Encyclopaedia Britannica,,,,,none,2025,,,,,,,,,1,,,
Encyclopedia of charities and not-for-profits,,,,,none,2025,,,,,,,,,1,,,
Encyclopedia of Management,,,,,none,2025,,,,,,,,,1,,,
Encyclopedic Dictionary of Accounting,,,,,none,2025,,,,,,,,,1,,,
"Enduring Issues in, and Reflections on, Corporate Law and Policy over the Past 25 Years",,,,,none,2025,,,,,,,,,1,,,
Energy Conversion and Management: X,Energy Conversion and Management: X,2590-1745,,,none,2025,,1.681,Q1,61.0,9.77,"Energy Engineering and Power Technology (Q1); Fuel Technology (Q1); Nuclear Energy and Engineering (Q1); Renewable Energy, Sustainability and the Environment (Q1)",,,1,,title,
Energy Policy,Energy Policy,0301-4215,1873-6777,,A,2025,3599,2.516,Q1,311.0,10.11,"Energy (miscellaneous) (Q1); Management, Monitoring, Policy and Law (Q1)",,,1,title,title,
"Engineering, Construction and Architectural Management","Engineering, Construction and Architectural Management",0969-9988,1365-232X,,A,2025,3504,1.027,Q1,87.0,7.53,"Architecture (Q1); Building and Construction (Q1); Business, Management and Accounting (miscellaneous) (Q1); Civil and Structural Engineering (Q1)",,,1,title,title,
"Environment, Development and Sustainability","Environment, Development and Sustainability",1387-585X,,,none,2025,,0.972,Q1,112.0,6.28,"Geography, Planning and Development (Q1); Economics and Econometrics (Q2); Management, Monitoring, Policy and Law (Q2)",,,1,,title,
Environmental Factors and International Expansion in Emerging Markets: A Case study of Foreign Franchising Companies in China,,,,,none,2025,,,,,,,,,1,,,
Environmental Research Climate,Environmental Research: Climate,2752-5295,,,none,2025,,1.798,Q1,18.0,4.38,Environmental Science (miscellaneous) (Q1); Global and Planetary Change (Q1),,,1,,title,
Environmental Research Letters,Environmental Research Letters,1748-9326,,,none,2025,,1.933,Q1,222.0,5.15,"Environmental Science (miscellaneous) (Q1); Public Health, Environmental and Occupational Health (Q1); Renewable Energy, Sustainability and the Environment (Q1)",,,1,,title,
ENVIRONMENTAL SCIENCE AND POLLUTION RESEARCH,Environmental Science and Pollution Research,0944-1344,,,none,2025,,0.909,Q1,234.0,5.03,"Medicine (miscellaneous) (Q1); Environmental Chemistry (Q2); Health, Toxicology and Mutagenesis (Q2); Pollution (Q2)",,,1,,title,
Environmental Tax Conference,,,,,none,2025,,,,,,,,,1,,,
Environmental Taxation and the Law – The International Library of Law and the Environment Series,,,,,none,2025,,,,,,,,,1,,,
Estimating Tax Gap is everything to an informed response to the Digital Era,,,,,none,2025,,,,,,,,,1,,,
Ethics and Auditing,,,,,none,2025,,,,,,,,,1,,,
European Accounting Association 2013 Annual Congress,,,,,none,2025,,,,,,,,,1,,,
European Accounting Association Conference 2010,,,,,none,2025,,,,,,,,,1,,,
"European Accounting Association Congress, Milan",,,,,none,2025,,,,,,,,,1,,,
European Business Organization Law Review,European Business Organization Law Review,1566-7529,1741-6205,,B,2025,4801,0.88,Q1,37.0,2.77,Law (Q1); Political Science and International Relations (Q1); Business and International Management (Q2),,,1,title,title,
European Financial Management,European Financial Management,1354-7798,1468-036X,,A,2025,3502,1.188,Q1,82.0,5.58,"Accounting (Q1); Economics, Econometrics and Finance (miscellaneous) (Q1)",,,1,title,title,
European Intellectual Property Review,European Intellectual Property Review,0142-0461,1749-5083,,A,2025,4801,,,,,,,,1,title,,
European Journal of Finance,The European Journal of Finance,1351-847X,1466-4364,,A,2025,3502,0.998,Q1,61.0,4.85,"Economics, Econometrics and Finance (miscellaneous) (Q1)",,,1,title,title,
European Journal of Marketing,European Journal of Marketing,0309-0566,1758-7123,,A*,2025,3506,2.266,Q1,173.0,8.37,Marketing (Q1),,,1,title,title,
European Journal of Political Economy,European Journal of Political Economy,0176-2680,1873-5703,,A,2025,3801,1.131,Q1,108.0,3.42,Economics and Econometrics (Q1); Political Science and International Relations (Q1),,,1,title,title,
Excellence in Franchise Awards,,,,,none,2025,,,,,,,,,1,,,
Exploring the Influence Controls on the Modification of Outsourcing relationship,,,,,none,2025,,,,,,,,,1,,,
Family Business Review,Family Business Review,0894-4865,1741-6248,,A,2025,3507,2.853,Q1,140.0,8.09,"Business, Management and Accounting (miscellaneous) (Q1); Finance (Q1)",,,1,title,title,
FARS Mid-Year Meeting,,,,,none,2025,,,,,,,,,1,,,
Federalism Roundtable,,,,,none,2025,,,,,,,,,1,,,
Festschrift for Professor Dang Dinh Ang,,,,,none,2025,,,,,,,,,1,,,
"Fifth International Conference on Engineering, Project, and Production Management",,,,,none,2025,,,,,,,,,1,,,
Finance and Economics Discussion Series,,,,,none,2025,,,,,,,,,1,,,
Financial Hedging,,,,,none,2025,,,,,,,,,1,,,
Financial Planning Research Journal,Financial Planning Research Journal,2206-1355,,,C,2025,3502,,,,,,,,1,title,,
Financial Review,Financial Review,1540-6288,,,none,2025,,0.56,Q2,57.0,2.2,Economics and Econometrics (Q2); Finance (Q2),,,1,,title,
Financial Services Institute 2007 - Financial Services: Imports or Exports,,,,,none,2025,,,,,,,,,1,,,
Finsia,,,,,none,2025,,,,,,,,,1,,,
Fiscal Federalism Transparency and State Leadership on Reform,,,,,none,2025,,,,,,,,,1,,,
Focus on Agricultural Economics,,,,,none,2025,,,,,,,,,1,,,
FOOD CONTROL,Food Control,0956-7135,,,none,2025,,1.19,Q1,186.0,8.1,Biotechnology (Q1); Food Science (Q1),,,1,,title,
Fordham Environmental Law Review,,,,,none,2025,,,,,,,,,1,,,
Foreign Trade Review,Foreign Trade Review,0015-7325,0971-7625,,B,2025,3801,0.349,Q2,18.0,1.83,"Economics, Econometrics and Finance (miscellaneous) (Q2); Business and International Management (Q3); Marketing (Q3)",,,1,title,title,
Fourth History of Tax Law Conference,,,,,none,2025,,,,,,,,,1,,,
Fourth International Conference on Construction Engineering and Project Management,,,,,none,2025,,,,,,,,,1,,,
Franchise Association of South Africa 2004 Conference,,,,,none,2025,,,,,,,,,1,,,
Franchise New Zealand,,,,,none,2025,,,,,,,,,1,,,
Franchise Regulation in China,,,,,none,2025,,,,,,,,,1,,,
Franchising Committee,,,,,none,2025,,,,,,,,,1,,,
"Franchising in the New China: the Regulatory Environment for Foreign Franchisors¿,",,,,,none,2025,,,,,,,,,1,,,
Franchising Research: An International Journal,,,,,none,2025,,,,,,,,,1,,,
"Franchising, Relational Contracts and the Vibe",,,,,none,2025,,,,,,,,,1,,,
"From Mao to Maccas: Economic, Legal and Political Influences on the Development of Franchising in China",,,,,none,2025,,,,,,,,,1,,,
Frontiers in Neuroscience,Frontiers in Neuroscience,1662-453X,,,none,2025,,1.068,Q2,186.0,3.73,Neuroscience (miscellaneous) (Q2),,,1,,title,
Frontiers of Economics and Globalization,,,,,none,2025,,,,,,,,,1,,,
Fundamental relations between market and accounting values in a sample of large US companies,,,,,none,2025,,,,,,,,,1,,,
FUNDAMENTALS OF TRIBOLOGY AND BRIDGING THE GAP BETWEEN THE MACRO-AND MICRO/NANOSCALES,,,,,none,2025,,,,,,,,,1,,,
Future proofing personal income tax design in a platform economy with multifarious identifiers,,,,,none,2025,,,,,,,,,1,,,
Gendered Experiences of Legal Education: A Survey,,,,,none,2025,,,,,,,,,1,,,
Global Finance Journal,Global Finance Journal,1044-0283,1873-5665,,A,2025,3502,1.254,Q1,59.0,6.49,Economics and Econometrics (Q1); Finance (Q1),,,1,title,title,
Global Goliaths,,,,,none,2025,,,,,,,,,1,,,
Global Health Economics and Sustainability,,,,,none,2025,,,,,,,,,1,,,
Global Journal of Economics,,,,,none,2025,,,,,,,,,1,,,
GLOBALIZATION AND EMERGING ISSUES IN TRADE THEORY AND POLICY,,,,,none,2025,,,,,,,,,1,,,
"Globalization, International Trade and Economic Dynamics Conference - in memory of Koji Shimomura",,,,,none,2025,,,,,,,,,1,,,
GMARS 2013,,,,,none,2025,,,,,,,,,1,,,
Government Incentives for Innovation and Entrepreneurship,,,,,none,2025,,,,,,,,,1,,,
Government Incentives for Innovation and Entrepreneurship: An International Experience,,,,,none,2025,,,,,,,,,1,,,
Griffith Law Review,Griffith Law Review,1038-3441,1839-4205,,C,2025,4801,0.294,Q2,26.0,1.48,Law (Q2),,,1,title,title,
GST 2000 Plus 12th Annual GST & Indirect Tax Weekend Work,,,,,none,2025,,,,,,,,,1,,,
GST and Indirect Taxation Bulletin,,,,,none,2025,,,,,,,,,1,,,
GST Australian Law and European Experience Conference Proceedings,,,,,none,2025,,,,,,,,,1,,,
GST in Australia: Looking Forward from the First Decade,,,,,none,2025,,,,,,,,,1,,,
GST Newsletter,,,,,none,2025,,,,,,,,,1,,,
GST Today,,,,,none,2025,,,,,,,,,1,,,
Halsbury's Laws of Australia,,,,,none,2025,,,,,,,,,1,,,
Halsbury`s Laws of Australia,,,,,none,2025,,,,,,,,,1,,,
Handbook of Corporate Finance,,,,,none,2025,,,,,,,,,1,,,
Handbook of Empirical Corporate Finance,,,,,none,2025,,,,,,,,,1,,,
Handbook of Energy Finance Theories Practices and Simulations,,,,,none,2025,,,,,,,,,1,,,
"Handbook of Energy Finance: Theories, Practices and Simulations",,,,,none,2025,,,,,,,,,1,,,
Handbook of Financial Decision Making,,,,,none,2025,,,,,,,,,1,,,
Handbook of Financial Econometrics and Statistics,,,,,none,2025,,,,,,,,,1,,,
Handbook of Research on Environmental Taxation,,,,,none,2025,,,,,,,,,1,,,
Handbook on Performance Measurement for Management Control,,,,,none,2025,,,,,,,,,1,,,
Handbook on Transport and Urban Planning in the Developed World,,,,,none,2025,,,,,,,,,1,,,
Handbooks in Operations Research and Management Science,,,,,none,2025,,,,,,,,,1,,,
Harvard Business Review,Harvard Business Review,0017-8012,,,A,2025,3507,0.356,Q3,221.0,1.22,"Business and International Management (Q3); Business, Management and Accounting (miscellaneous) (Q3); Economics and Econometrics (Q3); Management of Technology and Innovation (Q3); Medicine (miscellaneous) (Q3); Strategy and Management (Q3)",,,1,title,title,
Has the Charities Act 2013 changed the common law concept of charitable public benefit and if so how?,,,,,none,2025,,,,,,,,,1,,,
Health Policy,Health Policy,0168-8510,1872-6054,,A,2025,3801,1.44,Q1,117.0,4.85,Health Policy (Q1),,,1,title,title,
Honesty in Managerial Reporting: The Impact of An Enabling Management Control System and Informal Cost Targets,,,,,none,2025,,,,,,,,,1,,,
How might corporate tax rates affect corporate environmental social responsibility?,,,,,none,2025,,,,,,,,,1,,,
How should personal income tax deductions be capped in a political environment?,,,,,none,2025,,,,,,,,,1,,,
IIR`s 5th Annual Trade Practices and Competition Law,,,,,none,2025,,,,,,,,,1,,,
"Income Tax Analysis: Cases, Questions and Commercial Applications",,,,,none,2025,,,,,,,,,1,,,
"Income tax, income contingent education loans and the taxpayer parallax",,,,,none,2025,,,,,,,,,1,,,
Incremental Information Content of the Disaggregation of Other Comprehensive Income,,,,,none,2025,,,,,,,,,1,,,
Ind Res Dev,,,,,none,2025,,,,,,,,,1,,,
Indigenous Business Enterprise and Corporations Conference,,,,,none,2025,,,,,,,,,1,,,
Inequality and Poverty Re-examined,,,,,none,2025,,,,,,,,,1,,,
"Inequality, Poverty and Human Well-being",,,,,none,2025,,,,,,,,,1,,,
Influence of Regulation and Information on Environmental Investment Decision-Making: An Experimental Study,,,,,none,2025,,,,,,,,,1,,,
Information fatigue and investor distraction,,,,,none,2025,,,,,,,,,1,,,
INORGANICA CHIMICA ACTA,Inorganica Chimica Acta,1873-3255,,,none,2025,,0.425,Q2,114.0,3.55,Materials Chemistry (Q2); Inorganic Chemistry (Q3); Physical and Theoretical Chemistry (Q3),,,1,,title,
Insight - Non-Destructive Testing and Condition Monitoring,Insight: Non-Destructive Testing and Condition Monitoring,1754-4904,,,none,2025,,0.223,Q3,47.0,0.69,Materials Chemistry (Q3); Mechanical Engineering (Q3); Mechanics of Materials (Q3); Metals and Alloys (Q3),,,1,,title,
Insurance Mathematics and Economics,Insurance: Mathematics & Economics,0167-6687,1873-5959,,A*,2025,3502,1.117,Q1,95.0,2.01,"Economics and Econometrics (Q1); Statistics and Probability (Q1); Statistics, Probability and Uncertainty (Q1)",,,1,title,title,
INTED proceedings,,,,,none,2025,,,,,,,,,1,,,
Intellectual Property Taxation,,,,,none,2025,,,,,,,,,1,,,
International Business and Economics Research Journal,,,,,none,2025,,,,,,,,,1,,,
International Conference on Economics and Management of Networks,,,,,none,2025,,,,,,,,,1,,,
International Conference on Higher Education Advances,,,,,none,2025,,,,,,,,,1,,,
International Finance Discussion Papers,,,,,none,2025,,,,,,,,,1,,,
International Franchise Forum,,,,,none,2025,,,,,,,,,1,,,
International Handbook of Network Industries,,,,,none,2025,,,,,,,,,1,,,
INTERNATIONAL JOURNAL OF ACCOUNTING,The International Journal of Accounting,1094-4060,2213-3933,,A,2025,3501,0.436,Q2,75.0,1.71,Finance (Q2); Accounting (Q3),,,1,title,title,
International Journal of Accounting,The International Journal of Accounting,1094-4060,2213-3933,,A,2025,3501,0.436,Q2,75.0,1.71,Finance (Q2); Accounting (Q3),,,1,title,title,
International Journal of Accounting Auditing and Performance Evaluation,"International Journal of Accounting, Auditing and Performance Evaluation",1740-8008,1740-8016,,C,2025,3501,0.226,Q3,22.0,2.25,Accounting (Q3); Finance (Q3); Organizational Behavior and Human Resource Management (Q4),,,1,title,title,
International Journal of Accounting Education and Research,,,,,none,2025,,,,,,,,,1,,,
International Journal of Accounting Information Science and Leadership,,,,,none,2025,,,,,,,,,1,,,
International Journal of Accounting Information Systems,International Journal of Accounting Information Systems,1467-0895,1873-4723,,A,2025,3501,1.747,Q1,74.0,12.21,Accounting (Q1); Finance (Q1); Information Systems and Management (Q1); Management Information Systems (Q1),,,1,title,title,
International Journal of Business Policy and Economics,,,,,none,2025,,,,,,,,,1,,,
International Journal of Construction Management,International Journal of Construction Management,2331-2327,1562-3599,,B,2025,3504,0.945,Q1,62.0,6.13,Architecture (Q1); Building and Construction (Q1); Strategy and Management (Q1); Management of Technology and Innovation (Q2),,,1,title,title,
International Journal of Cultural Property,International Journal of Cultural Property,1465-7317,,,none,2025,,0.331,Q1,33.0,0.87,Conservation (Q1); Cultural Studies (Q1); History (Q1); Museology (Q1); Anthropology (Q2); Law (Q2),,,1,,title,
International Journal of Economic Development,,,,,none,2025,,,,,,,,,1,,,
International Journal of Economic Research,,,,,none,2025,,,,,,,,,1,,,
International Journal of Financial Markets and Derivatives,International Journal of Financial Markets and Derivatives,1756-7130,1756-7149,,C,2025,3502,,,,,,,,1,title,,
INTERNATIONAL JOURNAL OF FOOD ENGINEERING,International Journal of Food Engineering,1556-3758,,,none,2025,,0.369,Q2,44.0,1.92,Engineering (miscellaneous) (Q2); Biotechnology (Q3); Food Science (Q3),,,1,,title,
International Journal of Geological and Environmental Engineering,,,,,none,2025,,,,,,,,,1,,,
International Journal of Globalisation and Small Business,International Journal of Globalisation and Small Business,1479-3059,,,none,2025,,0.267,Q3,25.0,1.07,Business and International Management (Q3); Information Systems and Management (Q3); Management Science and Operations Research (Q3),,,1,,title,
International Journal of Law and Information Technology,International Journal of Law and Information Technology,0967-0769,1464-3693,,A,2025,4801,0.848,Q1,28.0,3.97,Law (Q1); Library and Information Sciences (Q1),,,1,title,title,
International Journal of Law and Psychiatry,International Journal of Law and Psychiatry,1873-6386,,,none,2025,,0.398,Q2,83.0,2.31,Law (Q2); Pathology and Forensic Medicine (Q3); Psychiatry and Mental Health (Q3),,,1,,title,
International Journal of Management,International Journal of Management,0813-0183,0813-0183,,C,2025,3507,,,,,,,,1,title,,
International Journal of Mining Science and Technology,International Journal of Mining Science and Technology,2095-2686,,,none,2025,,3.052,Q1,94.0,15.93,Energy Engineering and Power Technology (Q1); Geochemistry and Petrology (Q1); Geotechnical Engineering and Engineering Geology (Q1),,,1,,title,
INTERNATIONAL JOURNAL OF PHARMACOLOGY,,,,,none,2025,,,,,,,,,1,,,
International Journal of Project Planning and Finance,,,,,none,2025,,,,,,,,,1,,,
International Journal of Refugee Law,International Journal of Refugee Law,1464-3715,,,none,2025,,0.586,Q1,47.0,1.42,"Law (Q1); Demography (Q2); Management, Monitoring, Policy and Law (Q2)",,,1,,title,
International Journal of Strategic Property Management,International Journal of Strategic Property Management,1648-715X,1648-9179,,B,2025,3504,0.317,Q3,42.0,1.32,Strategy and Management (Q3),,,1,title,title,
International Journal of Sustainable Development,International Journal of Sustainable Development,0960-1406,,,none,2025,,0.174,Q4,34.0,0.66,"Geography, Planning and Development (Q4); Management, Monitoring, Policy and Law (Q4)",,,1,,title,
International Review of Economics and Finance,International Review of Economics & Finance,1059-0560,1873-8036,,A,2025,3502,1.485,Q1,101.0,8.27,Economics and Econometrics (Q1); Finance (Q1),,,1,title,title,
International Review of Financial Analysis,International Review of Financial Analysis,1057-5219,1873-8079,,A,2025,3502,2.373,Q1,129.0,11.33,Economics and Econometrics (Q1); Finance (Q1),,,1,title,title,
International Social Policy Conference on Transitions and Risk: New Directions in Social Policy,,,,,none,2025,,,,,,,,,1,,,
International Society of Franchising,,,,,none,2025,,,,,,,,,1,,,
International Society of Franchising 20th Annual Conference,,,,,none,2025,,,,,,,,,1,,,
International Symposium on Audit Research,,,,,none,2025,,,,,,,,,1,,,
International Symposium on Audit Research (ISAR) 2011 Program & Proceedings,,,,,none,2025,,,,,,,,,1,,,
International Tax Administration:  Building Bridges,,,,,none,2025,,,,,,,,,1,,,
International Taxation in China,,,,,none,2025,,,,,,,,,1,,,
Internet Challenge to Tax System Design,,,,,none,2025,,,,,,,,,1,,,
Internet Law Bulletin,,,,,none,2025,,,,,,,,,1,,,
Investment and Taxation Bulletin,,,,,none,2025,,,,,,,,,1,,,
ION Meeting Proceedings,,,,,none,2025,,,,,,,,,1,,,
Is Australia adhering to its International Human Rights Obligations in Respect to Unaccompanied Minors Seeking Asylum?,,,,,none,2025,,,,,,,,,1,,,
ISEC 2013 - 7th International Structural Engineering and Construction Conference: New Developments in Structural Engineering and Construction,,,,,none,2025,,,,,,,,,1,,,
Issues in Accounting Education,Issues in Accounting Education,0739-3172,1558-7983,,A,2025,3501,0.502,Q2,36.0,2.26,Accounting (Q2); Education (Q2),,,1,title,title,
Issues with Prior Disclosure as a Regulatory Strategy for Franchise Protection,,,,,none,2025,,,,,,,,,1,,,
IUP Journal of Accounting Research & Audit Practices,IUP Journal of Accounting Research & Audit Practices,0972-690X,,,C,2025,3501,,,,,,,,1,title,,
Journal of Accounting and Management Information Systems,,,,,none,2025,,,,,,,,,1,,,
JOURNAL OF ACCOUNTING LITERATURE,Journal of Accounting Literature,0737-4607,,,A,2025,3501,0.912,Q2,31.0,3.8,Accounting (Q2),,,1,title,title,
Journal of Applied Psychology,Journal of Applied Psychology,0021-9010,1939-1854,,A*,2025,3507,5.473,Q1,371.0,7.27,Applied Psychology (Q1),,,1,title,title,
Journal of Applied Statistical Science,Journal of Applied Statistical Science,1067-5817,,,C,2025,4905,,,,,,,,1,title,,
JOURNAL OF BANKING & FINANCE,Journal of Banking & Finance,0378-4266,1872-6372,,A*,2025,3502,1.954,Q1,225.0,5.11,Economics and Econometrics (Q1); Finance (Q1),,,1,title,title,
Journal of Banking and Finance: Law and Practice,Journal of Banking and Finance - Law and Practice,1034-3040,,,A,2025,4801,,,,,,,,1,title,,Scimago matched 'Journal of Banking and Finance' (0378-4266) via title-variant; ABDC matched 'Journal of Banking and Finance - Law and Practice' exactly. Scimago figures dropped as a mis-match.
Journal of Business,,,,,none,2025,,,,,,,,,1,,,
JOURNAL OF BUSINESS & ECONOMIC STATISTICS,Journal of Business & Economic Statistics,0735-0015,1537-2707,,A*,2025,3802,3.508,Q1,127.0,2.92,"Economics and Econometrics (Q1); Social Sciences (miscellaneous) (Q1); Statistics and Probability (Q1); Statistics, Probability and Uncertainty (Q1)",,,1,title,title,
Journal of Business & Economic Statistics,Journal of Business & Economic Statistics,0735-0015,1537-2707,,A*,2025,3802,3.508,Q1,127.0,2.92,"Economics and Econometrics (Q1); Social Sciences (miscellaneous) (Q1); Statistics and Probability (Q1); Statistics, Probability and Uncertainty (Q1)",,,1,title,title,
Journal of Business and Economic Policy,,,,,none,2025,,,,,,,,,1,,,
Journal of Business Economics,Journal of Business Economics,0044-2372,1861-8928,,B,2025,3507,0.799,Q2,43.0,4.26,Business and International Management (Q2); Economics and Econometrics (Q2),,,1,title,title,
Journal of Business Finance & Accounting,Journal of Business Finance & Accounting,0306-686X,1468-5957,,A*,2025,3501,1.202,Q1,102.0,3.81,"Accounting (Q1); Business, Management and Accounting (miscellaneous) (Q1); Finance (Q1)",,,1,title,title,
"Journal of Business Finance <html_ent glyph=""@amp;"" ascii=""&amp;""/> Accounting",,,,,none,2025,,,,,,,,,1,,,
Journal of Business Law,Journal of Business Law,0021-9460,,,A,2025,4801,0.132,Q4,4.0,0.24,Law (Q4),,,1,title,title,
Journal of Business Venturing,Journal of Business Venturing,0883-9026,1873-2003,,A*,2025,3507,5.778,Q1,246.0,10.6,Business and International Management (Q1); Management of Technology and Innovation (Q1),,,1,title,title,
Journal of Comparative Economics,Journal of Comparative Economics,0147-5967,1095-7227,,A,2025,3899,1.666,Q1,116.0,4.48,Economics and Econometrics (Q1),,,1,title,title,
Journal of Corporate Accounting and Finance,Journal of Corporate Accounting and Finance,1044-8136,1097-0053,,B,2025,3501,0.421,Q2,27.0,2.04,"Economics, Econometrics and Finance (miscellaneous) (Q2); Accounting (Q3)",,,1,title,title,
Journal of Criminological Research Policy and Practice,"Journal of Criminological Research, Policy and Practice",2056-385X,,,none,2025,,0.308,Q2,17.0,1.45,Law (Q2); Sociology and Political Science (Q2); Health (social science) (Q3); Public Administration (Q3); Social Psychology (Q3),,,1,,title,
Journal of Derivatives,The Journal of Derivatives,1074-1240,,,A,2025,3502,0.281,Q3,53.0,0.19,Economics and Econometrics (Q3); Finance (Q3),,,1,title,title,
Journal of Development Economics,Journal of Development Economics,0304-3878,1872-6089,,A*,2025,3801,3.381,Q1,196.0,5.7,Development (Q1); Economics and Econometrics (Q1),,,1,title,title,
Journal of Economic and Business Administration,,,,,none,2025,,,,,,,,,1,,,
Journal of Economic Development,Journal of Economic Development,0254-8372,,,C,2025,3801,0.156,Q4,12.0,0.45,Economics and Econometrics (Q4); Finance (Q4),,,1,title,title,
Journal of Economic Surveys,Journal of Economic Surveys,0950-0804,1467-6419,,A,2025,3801,2.483,Q1,131.0,10.65,Economics and Econometrics (Q1),,,1,title,title,
Journal of Economic Theory,Journal of Economic Theory,0022-0531,1095-7235,,A*,2025,3803,2.842,Q1,124.0,1.35,Economics and Econometrics (Q1),,,1,title,title,
Journal of Economics,Journal of Economics,0931-8658,1617-7134,,B,2025,3803,,,,,,,,1,title,,
Journal of Economics and Development,Journal of Economics and Development,1859-0020,2632-5330,,C,2025,3899,0.81,Q1,27.0,5.72,"Business, Management and Accounting (miscellaneous) (Q1); Economics, Econometrics and Finance (miscellaneous) (Q1); Accounting (Q2); Economics and Econometrics (Q2)",,,1,title,title,
Journal of Economics and Finance Education,Journal of Economics and Finance Education,1543-0464,,,C,2025,3899,,,,,,,,1,title,,
Journal of Economics Management Strategy,,,,,none,2025,,,,,,,,,1,,,
Journal of Emerging Market Finance,Journal of Emerging Market Finance,0972-6527,0973-0710,,B,2025,3502,0.426,Q3,26.0,2.79,Economics and Econometrics (Q3); Finance (Q3),,,1,title,title,
JOURNAL OF EMPIRICAL LEGAL STUDIES,Journal of Empirical Legal Studies,1740-1453,1740-1461,,A*,2025,4801,0.466,Q1,38.0,1.14,Law (Q1); Education (Q2),,,1,title,title,
Journal of Environmental Law,Journal of Environmental Law,0952-8873,1464-374X,,B,2025,4801,1.105,Q1,45.0,2.58,"Law (Q1); Management, Monitoring, Policy and Law (Q1)",,,1,title,title,
JOURNAL OF ENVIRONMENTAL SCIENCE AND HEALTH PART A-TOXIC/HAZARDOUS SUBSTANCES & ENVIRONMENTAL ENGINEERING,Journal of Environmental Science and Health - Part A Toxic/Hazardous Substances and Environmental Engineering,1093-4529,,,none,2025,,0.495,Q2,93.0,2.16,Environmental Engineering (Q2); Medicine (miscellaneous) (Q3),,,1,,title,
JOURNAL OF FINANCIAL AND QUANTITATIVE ANALYSIS,Journal of Financial and Quantitative Analysis,0022-1090,1756-6916,,A*,2025,3502,4.404,Q1,164.0,4.15,Accounting (Q1); Economics and Econometrics (Q1); Finance (Q1),,,1,title,title,
Journal of FInancial Economics,Journal of Financial Economics,0304-405X,,,A*,2025,3502,18.748,Q1,355.0,8.99,Accounting (Q1); Economics and Econometrics (Q1); Finance (Q1); Strategy and Management (Q1),,,1,title,title,
"Journal of Financial Economics, forthcoming",,,,,none,2025,,,,,,,,,1,,,
Journal of Financial management of property and construction,Journal of Financial Management of Property and Construction,1366-4387,1759-8443,,C,2025,3504,0.43,Q2,35.0,3.45,Business and International Management (Q2); Finance (Q2); Accounting (Q3); Economics and Econometrics (Q3),,,1,title,title,
Journal of Financial Management of Property and Construction,Journal of Financial Management of Property and Construction,1366-4387,1759-8443,,C,2025,3504,0.43,Q2,35.0,3.45,Business and International Management (Q2); Finance (Q2); Accounting (Q3); Economics and Econometrics (Q3),,,1,title,title,
Journal of Financial Stability,Journal of Financial Stability,1572-3089,1878-0962,,A*,2025,3502,1.589,Q1,90.0,5.1,"Economics, Econometrics and Finance (miscellaneous) (Q1); Finance (Q1)",,,1,title,title,
Journal of Information Systems,Journal of Information Systems,0888-7985,1558-7959,,A,2025,3501,0.731,Q1,52.0,2.83,Information Systems and Management (Q1); Accounting (Q2); Human-Computer Interaction (Q2); Information Systems (Q2); Management Information Systems (Q2); Management of Technology and Innovation (Q2); Software (Q2),,,1,title,title,
JOURNAL OF INFORMATION SYSTEMS,Journal of Information Systems,0888-7985,1558-7959,,A,2025,3501,0.731,Q1,52.0,2.83,Information Systems and Management (Q1); Accounting (Q2); Human-Computer Interaction (Q2); Information Systems (Q2); Management Information Systems (Q2); Management of Technology and Innovation (Q2); Software (Q2),,,1,title,title,
"Journal of Information, Law and Technology",,,,,none,2025,,,,,,,,,1,,,
JOURNAL OF INTELLECTUAL DISABILITY RESEARCH,Journal of Intellectual Disability Research,0964-2633,,,none,2025,,0.786,Q1,127.0,2.63,Arts and Humanities (miscellaneous) (Q1); Rehabilitation (Q1); Neurology (Q2); Neurology (clinical) (Q2); Psychiatry and Mental Health (Q2),,,1,,title,
Journal of International Accounting Auditing and Taxation,"Journal of International Accounting, Auditing and Taxation",1061-9518,1879-1603,,B,2025,3501,0.892,Q2,58.0,4.27,Accounting (Q2); Finance (Q2),,,1,title,title,
Journal of International Economics,Journal of International Economics,0022-1996,1873-0353,,A*,2025,3801,4.841,Q1,179.0,4.49,Economics and Econometrics (Q1); Finance (Q1),,,1,title,title,
JOURNAL OF INTERNATIONAL MONEY AND FINANCE,Journal of International Money and Finance,0261-5606,1873-0639,,A,2025,3502,1.364,Q1,126.0,4.2,Economics and Econometrics (Q1); Finance (Q1),,,1,title,title,
Journal of International Money and Finance: theoretical and empirical research in international economics and finance,Journal of International Money and Finance,0261-5606,1873-0639,,A,2025,3502,1.364,Q1,126.0,4.2,Economics and Econometrics (Q1); Finance (Q1),,,1,title-variant,title-variant,
Journal of Investing,Journal of Investing,1068-0896,2168-8613,,B,2025,3502,0.231,Q3,11.0,0.49,Finance (Q3); Strategy and Management (Q3); Management of Technology and Innovation (Q4),,,1,title,title,
JOURNAL OF LABELLED COMPOUNDS & RADIOPHARMACEUTICALS,Journal of Labelled Compounds and Radiopharmaceuticals,0362-4803,,,none,2025,,0.293,Q3,58.0,1.29,"Analytical Chemistry (Q3); Drug Discovery (Q3); Organic Chemistry (Q3); Radiology, Nuclear Medicine and Imaging (Q3); Spectroscopy (Q3); Biochemistry (Q4)",,,1,,title,
JOURNAL OF LABOR ECONOMICS,Journal of Labor Economics,0734-306X,1537-5307,,A*,2025,3801,6.774,Q1,143.0,4.59,Economics and Econometrics (Q1); Industrial Relations (Q1),,,1,title,title,
Journal of Law and Economics,The Journal of Law and Economics,0022-2186,1537-5285,,A*,2025,3801,1.592,Q1,98.0,1.58,Economics and Econometrics (Q1); Law (Q1),,,1,title,title,
Journal of Macau Studies,,,,,none,2025,,,,,,,,,1,,,
Journal of Management Control,Journal of Management Control,2191-4761,2191-477X,,A,2025,3501,0.922,Q1,37.0,4.4,Management Information Systems (Q1); Management Science and Operations Research (Q1); Accounting (Q2); Management of Technology and Innovation (Q2); Strategy and Management (Q2),,,1,title,title,
Journal of Management in Engineering,Journal of Management in Engineering,0742-597X,1943-5479,,A,2025,3507,1.486,Q1,112.0,6.4,Engineering (miscellaneous) (Q1); Industrial Relations (Q1); Management Science and Operations Research (Q1); Strategy and Management (Q1),,,1,title,title,
Journal of Management Science and Engineering,Journal of Management Science and Engineering,2096-2320,,,none,2025,,0.773,Q1,29.0,3.45,Engineering (miscellaneous) (Q1); Management Information Systems (Q1); Business and International Management (Q2); Control and Systems Engineering (Q2); Decision Sciences (miscellaneous) (Q2); Management of Technology and Innovation (Q2); Strategy and Management (Q2),,,1,,title,
Journal of Marketing Channels,,,,,none,2025,,,,,,,,,1,,,
Journal of Monetary Economics,Journal of Monetary Economics,0304-3932,1873-1295,,A*,2025,3801,6.262,Q1,165.0,3.61,Economics and Econometrics (Q1); Finance (Q1),,,1,title,title,
Journal of Money Credit and Banking,"Journal of Money, Credit and Banking",0022-2879,1538-4616,,A*,2025,3801,1.999,Q1,133.0,2.36,Accounting (Q1); Economics and Econometrics (Q1); Finance (Q1),,,1,title,title,
Journal of Multinational Financial Management,Journal of Multinational Financial Management,1042-444X,1873-1309,,B,2025,3502,1.199,Q1,65.0,6.3,Economics and Econometrics (Q1); Finance (Q1),,,1,title,title,
Journal of Political Economy,Journal of Political Economy,0022-3808,1537-534X,,A*,2025,3801,16.25,Q1,235.0,6.7,Economics and Econometrics (Q1),,,1,title,title,
Journal of Portfolio Management,The Journal of Portfolio Management,0095-4918,,,A,2025,3502,0.449,Q2,67.0,1.05,"Business, Management and Accounting (miscellaneous) (Q2); Finance (Q2); Accounting (Q3); Economics and Econometrics (Q3)",,,1,title,title,
Journal of Public Economic Theory,Journal of Public Economic Theory,1097-3923,1467-9779,,A,2025,3801,0.386,Q2,38.0,0.94,Sociology and Political Science (Q2); Economics and Econometrics (Q3); Finance (Q3),,,1,title,title,
Journal of Public Economics,Journal of Public Economics,0047-2727,1879-2316,,A*,2025,3801,3.601,Q1,192.0,3.48,Economics and Econometrics (Q1); Finance (Q1),,,1,title,title,
Journal of Scholarly Publishing,Journal of Scholarly Publishing,1710-1166,,,none,2025,,0.266,Q2,23.0,1.0,Media Technology (Q2); Education (Q3),,,1,,title,
Journal of Small Business Strategy,Journal of Small Business Strategy,1081-8510,2380-1751,,C,2025,3507,0.555,Q2,27.0,3.32,Strategy and Management (Q2),,,1,title,title,
JOURNAL OF THE AMERICAN CHEMICAL SOCIETY,Journal of the American Chemical Society,1520-5126,,,none,2025,,5.491,Q1,759.0,15.53,Biochemistry (Q1); Catalysis (Q1); Chemistry (miscellaneous) (Q1); Colloid and Surface Chemistry (Q1),,,1,,title,
Journal of the Asia Pacific Economy,Journal of the Asia Pacific Economy,1354-7860,1469-9648,,B,2025,3801,0.478,Q2,45.0,2.67,"Development (Q2); Geography, Planning and Development (Q2); Political Science and International Relations (Q2)",,,1,title,title,
Journal of The Japanese and International Economies,Journal of the Japanese and International Economies,0889-1583,1095-8681,,A,2025,3801,0.893,Q1,54.0,3.07,Political Science and International Relations (Q1); Economics and Econometrics (Q2); Finance (Q2),,,1,title,title,
Journal of Trading,The Journal of Trading,1559-3967,,,C,2025,3502,,,,,,,,1,title,,
KAST 2005 International Conference and Fall Academic Meeting,,,,,none,2025,,,,,,,,,1,,,
Key tax policy issues for 2008 and beyond,,,,,none,2025,,,,,,,,,1,,,
Khi Rong Muon Thuc Day: Loay Hoay Voi Mo Hinh Kinh Te sau Doi Moi  (When the Dragon Is Awakening: Struggling with Post-Reform Economic Model),,,,,none,2025,,,,,,,,,1,,,
Korea and the World Economy Conference VI: Towards Asian Economic Community,,,,,none,2025,,,,,,,,,1,,,
Korean Accounting Journal,,,,,none,2025,,,,,,,,,1,,,
Korean Accounting Review,Korean Accounting Review,1229-3288,2508-7193,,C,2025,3501,0.141,Q4,5.0,0.34,Accounting (Q4),,,1,title,title,
Korean Journal of Taxation Research,,,,,none,2025,,,,,,,,,1,,,
Land Economics,Land Economics,0023-7639,1543-8325,,A,2025,3801,0.771,Q2,106.0,1.76,Economics and Econometrics (Q2); Environmental Science (miscellaneous) (Q2),,,1,title,title,
"Land, Rights, Laws: Issues of Native Title",,,,,none,2025,,,,,,,,,1,,,
Law and Society Association International Conference 2012,,,,,none,2025,,,,,,,,,1,,,
Law Policy and Politics in Australia,,,,,none,2025,,,,,,,,,1,,,
LECTURE NOTES IN CONTROL AND INFORMATION SCIENCES,,,,,none,2025,,,,,,,,,1,,,
Legacy of UK Tax Law Conference,,,,,none,2025,,,,,,,,,1,,,
Legal Dimensions of China’s Belt and Road Initiative,,,,,none,2025,,,,,,,,,1,,,
Legal History of the People’s Republic of China,,,,,none,2025,,,,,,,,,1,,,
Legal Issues of Economic Integration,Legal Issues of Economic Integration,1566-6573,0377-0915,,A,2025,4801,0.43,Q2,19.0,1.16,Law (Q2); Economics and Econometrics (Q3),,,1,title,title,
Legisprudence,,,,,none,2025,,,,,,,,,1,,,
Legisprudence:International Journal for the Study of Legislation,,,,,none,2025,,,,,,,,,1,,,
"Lessons from the Financial Crisis: Causes, Consequences, and Our Economic Future",,,,,none,2025,,,,,,,,,1,,,
Macromarketing 2006 Conference,,,,,none,2025,,,,,,,,,1,,,
MACROMOLECULES,Macromolecules,0024-9297,,,none,2025,,1.257,Q1,356.0,5.4,Inorganic Chemistry (Q1); Materials Chemistry (Q1); Organic Chemistry (Q1); Polymers and Plastics (Q1),,,1,,title,
MAILLARD REACTION: RECENT ADVANCES IN FOOD AND BIOMEDICAL SCIENCES,,,,,none,2025,,,,,,,,,1,,,
"Malaysia's Taxation System Contemporary Practices, Issues and Future Direction",,,,,none,2025,,,,,,,,,1,,,
Malaysian Accounting Review,,,,,none,2025,,,,,,,,,1,,,
Management science,Management Science,0025-1909,1526-5501,,A*,2025,3507,6.428,Q1,321.0,7.69,Management Science and Operations Research (Q1); Strategy and Management (Q1),,,1,title,title,
Managerial and Decision Economics,Managerial and Decision Economics,0143-6570,1099-1468,,B,2025,3801,0.671,Q2,71.0,3.28,Business and International Management (Q2); Management of Technology and Innovation (Q2); Management Science and Operations Research (Q2); Strategy and Management (Q2),,,1,title,title,
"Market Microstructure in Emerging and Developed Markets: Price Discovery, Information Flows, and Transaction Costs",,,,,none,2025,,,,,,,,,1,,,
Mathematical Finance,Mathematical Finance,0960-1627,1467-9965,,A,2025,3502,1.761,Q1,92.0,4.09,Accounting (Q1); Applied Mathematics (Q1); Economics and Econometrics (Q1); Finance (Q1); Social Sciences (miscellaneous) (Q1),,,1,title,title,
Mathematics,Mathematics,2227-7390,,,none,2025,,0.497,Q2,99.0,2.78,Computer Science (miscellaneous) (Q2); Engineering (miscellaneous) (Q2); Mathematics (miscellaneous) (Q2),,,1,,title,
Meditari Accountancy Research,Meditari Accountancy Research,2049-372X,2049-3738,,A,2025,3501,0.974,Q1,59.0,5.94,"Economics, Econometrics and Finance (miscellaneous) (Q1); Accounting (Q2)",,,1,title,title,
Microsimulation and public policy,,,,,none,2025,,,,,,,,,1,,,
MILTON FRIEDMAN: A TRIBUTE,,,,,none,2025,,,,,,,,,1,,,
Modern Issues  of International Trade Theory,,,,,none,2025,,,,,,,,,1,,,
Monash Business Review,,,,,none,2025,,,,,,,,,1,,,
Monash University Law Review,Monash University Law Review,0311-3140,,,A,2025,4801,,,,,,,,1,title,,
Mutual Fund Risk: Mean Reversion or Gaming?,,,,,none,2025,,,,,,,,,1,,,
My Research Gateway 20130329 Test Case 2,,,,,none,2025,,,,,,,,,1,,,
National Forum on Commonwealth-State Funding,,,,,none,2025,,,,,,,,,1,,,
National Law Review,,,,,none,2025,,,,,,,,,1,,,
National Tax Forum,,,,,none,2025,,,,,,,,,1,,,
Natsem Online Discussion Paper,,,,,none,2025,,,,,,,,,1,,,
Nature Climate Change,Nature Climate Change,1758-6798,,,none,2025,,7.978,Q1,322.0,11.93,Environmental Science (miscellaneous) (Q1); Social Sciences (miscellaneous) (Q1),,,1,,title,
Neuron,Neuron,1097-4199,,,none,2025,,8.564,Q1,569.0,11.25,Neuroscience (miscellaneous) (Q1),,,1,,title,
Neurosurgical Focus,Neurosurgical Focus,1092-0684,,,none,2025,,0.957,Q1,135.0,3.09,Medicine (miscellaneous) (Q1); Surgery (Q1); Neurology (clinical) (Q2),,,1,,title,
New Age Journal,,,,,none,2025,,,,,,,,,1,,,
New Directions in Real Estate Finance and Investment,,,,,none,2025,,,,,,,,,1,,,
New Frontiers in Regional Science: Asian Perspectives,,,,,none,2025,,,,,,,,,1,,,
New Zealand Universities Law Review,New Zealand Universities Law Review,0549-0618,,,A,2025,4801,,,,,,,,1,title,,
Northwestern Journal of International Law & Business,Northwestern Journal of International Law & Business,0196-3228,,,B,2025,4801,0.156,Q3,11.0,0.48,Law (Q3); Business and International Management (Q4); Strategy and Management (Q4),,,1,title,title,
Not-for-Profit Law: Theoretical and Comparative Perspectives,,,,,none,2025,,,,,,,,,1,,,
Npj Science of Learning,npj Science of Learning,2056-7936,,,none,2025,,1.258,Q1,40.0,4.71,Education (Q1); Developmental Neuroscience (Q2),,,1,,title,
"NSW 10th Annual Tax Forum, The Taxation Institute of Australia",,,,,none,2025,,,,,,,,,1,,,
NSW Annual Intensive Retreat: Managing tax risk for corporate taxpayers,,,,,none,2025,,,,,,,,,1,,,
NUCLEAR MEDICINE AND BIOLOGY,Nuclear Medicine and Biology,0969-8051,,,none,2025,,0.748,Q2,103.0,2.62,"Radiology, Nuclear Medicine and Imaging (Q2); Cancer Research (Q3); Molecular Medicine (Q3)",,,1,,title,
On the way to the GST,,,,,none,2025,,,,,,,,,1,,,
Oxford Economic Papers,Oxford Economic Papers,0030-7653,1464-3812,,A,2025,3801,0.846,Q2,84.0,2.71,Economics and Econometrics (Q2),,,1,title,title,
PACIFIC ACCOUNTING REVIEW,Pacific Accounting Review,0114-0582,2041-5494,,B,2025,3501,0.521,Q2,40.0,2.84,Accounting (Q2); Finance (Q2),,,1,title,title,
Palgrave Communications,,,,,none,2025,,,,,,,,,1,,,
"Papers presented at 29th Australasian Tax Teachers Association Conference, Masterton, New Zealand, 18th to 20th January 2017",,,,,none,2025,,,,,,,,,1,,,
Peking University Journal on Economic Law,,,,,none,2025,,,,,,,,,1,,,
Physica A Statistical Mechanics and Its Applications,Physica A: Statistical Mechanics and its Applications,0378-4371,,,none,2025,,0.647,Q2,202.0,3.59,Condensed Matter Physics (Q2); Statistical and Nonlinear Physics (Q2); Statistics and Probability (Q2),,,1,,title,
PLoS Computational Biology,PLOS Computational Biology,1553-7358,,,none,2025,,1.466,Q1,237.0,3.5,"Computational Theory and Mathematics (Q1); Ecology (Q1); Ecology, Evolution, Behavior and Systematics (Q1); Genetics (Q1); Modeling and Simulation (Q1); Molecular Biology (Q1); Cellular and Molecular Neuroscience (Q2)",,,1,,title,
Policy,,,,,none,2025,,,,,,,,,1,,,
POPULATION INDEX,,,,,none,2025,,,,,,,,,1,,,
Power Transmission Design,,,,,none,2025,,,,,,,,,1,,,
"Prefilled Personal Income Tax Returns: A Comparative Analysis of Australia, Belgium, California, Québec, and Spain",,,,,none,2025,,,,,,,,,1,,,
Prescribed Bodies Corporate: Can they be Exempt from income Tax as Charitable Trusts?,,,,,none,2025,,,,,,,,,1,,,
Principles by which ATO regulates SMSFs: revenue protection,,,,,none,2025,,,,,,,,,1,,,
Principles of Contemporary Corporate Governance,,,,,none,2025,,,,,,,,,1,,,
Priorities for Tax Reform,,,,,none,2025,,,,,,,,,1,,,
Private Wealth Management,,,,,none,2025,,,,,,,,,1,,,
Proceedings of SPIE the International Society for Optical Engineering,,,,,none,2025,,,,,,,,,1,,,
Proceedings of the 2014 Construction Research Congress,,,,,none,2025,,,,,,,,,1,,,
Proceedings of the Hawaii International Conference on System Science,,,,,none,2025,,,,,,,,,1,,,
Proceedings of the International Astronautical Congress Iac,,,,,none,2025,,,,,,,,,1,,,
Proceedings of the New Developments in Structural Engineering and Construction,,,,,none,2025,,,,,,,,,1,,,
"Program and Proceedings - 6th Symposium on Accountability, Governance and Performance: meeting Sustainability",,,,,none,2025,,,,,,,,,1,,,
Programme & Proceedings - 20th Asian Pacific Conference on International Accounting Issues,,,,,none,2025,,,,,,,,,1,,,
"Programme & Proceedings - 4th EIASM Workshop on Visualising, Measuring managing Intangibles & Intellectual Capital.",,,,,none,2025,,,,,,,,,1,,,
Programme & Proceedings - AFAANZ 2008,,,,,none,2025,,,,,,,,,1,,,
"Programme & Proceedings 35th Annual Congress of the European Accounting Association,",,,,,none,2025,,,,,,,,,1,,,
Programme & Proceedings : 14th annual midyear conference & 4th Annual Doctoral/New Faculty Consortium of the International Accounting Section of the American Accounting Association.,,,,,none,2025,,,,,,,,,1,,,
Programme & Proceedings Accounting and Finance Association of Australia and New Zealand (AFAANZ,,,,,none,2025,,,,,,,,,1,,,
Programme & Proceedings Accounting and Finance Association of Australia and New Zealand (AFAANZ),,,,,none,2025,,,,,,,,,1,,,
Programme & Proceedings Australasian Finance and Banking Conference,,,,,none,2025,,,,,,,,,1,,,
Programme & Proceedings of the 22nd Australasian Finance and Banking Conference,,,,,none,2025,,,,,,,,,1,,,
Programme & Proceedings: AFAANZ,,,,,none,2025,,,,,,,,,1,,,
Programme and Proceedings 22nd Australasian Finance and Banking Conference,,,,,none,2025,,,,,,,,,1,,,
Programme and Proceedings American Accounting Association 2012 ABO Research Conference,,,,,none,2025,,,,,,,,,1,,,
Public Choice,Public Choice,0048-5829,1573-7101,,A,2025,3801,1.107,Q1,103.0,2.78,Economics and Econometrics (Q1); Sociology and Political Science (Q1),,,1,title,title,
Public Economic Theory Conference,,,,,none,2025,,,,,,,,,1,,,
Public Policy and Administration,Public Policy and Administration,0952-0767,1749-4192,,B,2025,3599,1.011,Q1,54.0,5.11,Public Administration (Q1); Sociology and Political Science (Q1),,,1,title,title,
Quadrant,,,,,none,2025,,,,,,,,,1,,,
Qualitative Research in Accounting and Management,Qualitative Research in Accounting and Management,1176-6093,1758-7654,,A,2025,3501,1.027,Q1,42.0,3.7,Business and International Management (Q1); Accounting (Q2),,,1,title,title,
R and D Management,R&D Management,0033-6807,1467-9310,,A,2025,3507,1.839,Q1,127.0,7.07,"Business and International Management (Q1); Business, Management and Accounting (miscellaneous) (Q1); Management of Technology and Innovation (Q1); Strategy and Management (Q1)",,,1,title,title,
Real Estate Tax: Law and Policy,,,,,none,2025,,,,,,,,,1,,,
Reassessing the Role of Financial Services,,,,,none,2025,,,,,,,,,1,,,
Rebooting Funding in the Australian Federation,,,,,none,2025,,,,,,,,,1,,,
Reform of Tax and Tax transfers in Germany and Australia - and Ralph,,,,,none,2025,,,,,,,,,1,,,
Reforming Government,,,,,none,2025,,,,,,,,,1,,,
"Regulating Franchising Internationally, 2006",,,,,none,2025,,,,,,,,,1,,,
Regulatory Reforms to Encourage the Development of Franchising in Vietnam,,,,,none,2025,,,,,,,,,1,,,
Reporting investment returns after tax,,,,,none,2025,,,,,,,,,1,,,
"Research and Development in Problem Based Learning: Integrity, Innovation, Integration",,,,,none,2025,,,,,,,,,1,,,
Research Handbook on Not-For-Profit Law,,,,,none,2025,,,,,,,,,1,,,
Research Handbook on the Structure of Private Equity and Venture Capital,,,,,none,2025,,,,,,,,,1,,,
Research in Accounting in Emerging Economies,,,,,none,2025,,,,,,,,,1,,,
Research in Economics,Research in Economics,1090-9443,1090-9451,,B,2025,3801,0.384,Q3,38.0,1.36,Economics and Econometrics (Q3),,,1,title,title,
Research in International Business and Finance,Research in International Business and Finance,0275-5319,1878-3384,,A,2025,3502,1.509,Q1,99.0,9.31,"Business, Management and Accounting (miscellaneous) (Q1); Finance (Q1)",,,1,title,title,
Research In Transportation Economics,Research in Transportation Economics,0739-8859,1875-7979,,B,2025,3509,0.945,Q1,78.0,4.5,"Economics, Econometrics and Finance (miscellaneous) (Q1); Transportation (Q2)",,,1,title,title,
Research Policy,Research Policy,0048-7333,1873-7625,,A*,2025,3507,4.471,Q1,318.0,10.7,Engineering (miscellaneous) (Q1); Management of Technology and Innovation (Q1); Management Science and Operations Research (Q1); Strategy and Management (Q1),,,1,title,title,
Reshaping fiscal federalism,,,,,none,2025,,,,,,,,,1,,,
Resources Policy,Resources Policy,0301-4207,1873-7641,,B,2025,3801,2.05,Q1,154.0,9.31,"Economics and Econometrics (Q1); Law (Q1); Management, Monitoring, Policy and Law (Q1); Sociology and Political Science (Q1)",,,1,title,title,
Retirement & Estate Planning Bulletin,,,,,none,2025,,,,,,,,,1,,,
Review of Asset Pricing Studies,Review of Asset Pricing Studies,2045-9920,2045-9939,,A*,2025,3502,2.921,Q1,36.0,1.36,Economics and Econometrics (Q1); Finance (Q1),,,1,title,title,
Review of Development Economics,Review of Development Economics,1363-6669,1467-9361,,A,2025,3801,0.699,Q1,69.0,3.42,"Development (Q1); Geography, Planning and Development (Q1)",,,1,title,title,
Review of Economic Studies,The Review of Economic Studies,0034-6527,1467-937X,,A*,2025,3801,23.622,Q1,184.0,11.42,Economics and Econometrics (Q1),,,1,title,title,
Review of International Economics,Review of International Economics,0965-7576,1467-9396,,A,2025,3801,0.682,Q1,75.0,2.11,"Development (Q1); Geography, Planning and Development (Q1)",,,1,title,title,
Review of Pacific Basin Financial Markets and Policies,Review of Pacific Basin Financial Markets and Policies,0219-0915,1793-6705,,B,2025,3502,0.149,Q4,23.0,0.45,Economics and Econometrics (Q4); Finance (Q4),,,1,title,title,
Riding the wave of law reform: Advocacy as a Charitable Purpose under Australian Law,,,,,none,2025,,,,,,,,,1,,,
Risk Factor Disclosure and Debt Contracting,,,,,none,2025,,,,,,,,,1,,,
Road and Transport Research: A Journal of Australian and New Zealand Research and Practice,,,,,none,2025,,,,,,,,,1,,,
Routledge Handbook of Behavioural Accounting Research Second Edition,,,,,none,2025,,,,,,,,,1,,,
S Afr Med J,,,,,none,2025,,,,,,,,,1,,,
Saigon Economic Times,,,,,none,2025,,,,,,,,,1,,,
SCHMALENBACH BUSINESS REVIEW,,,,,none,2025,,,,,,,,,1,,,
Scientific Reports,Scientific Reports,2045-2322,,,none,2025,,0.893,Q1,382.0,5.01,Multidisciplinary (Q1),,,1,,title,
Senate Select Committee on A New Tax System: Main Report,,,,,none,2025,,,,,,,,,1,,,
Shifting Foundations: Expert Perspectives on the Trends Transforming Infrastructure and Construction,,,,,none,2025,,,,,,,,,1,,,
Singapore Journal of Legal Studies,Singapore Journal of Legal Studies,0218-2173,,,A,2025,4801,0.119,Q4,10.0,0.29,Law (Q4),,,1,title,title,
Singapore Law Gazette,,,,,none,2025,,,,,,,,,1,,,
Social and Environmental Accountability Journal,Social and Environmental Accountability Journal,0969-160X,2156-2245,,B,2025,3501,0.472,Q3,29.0,1.86,Accounting (Q3),,,1,title,title,
Social Space,,,,,none,2025,,,,,,,,,1,,,
"Some Issues on Modern International Trade: Environment, Foreign Aid, International Factor Movement and Imperfect Competition",,,,,none,2025,,,,,,,,,1,,,
South African Law Journal,South African Law Journal,1996-2177,,,none,2025,,0.166,Q3,6.0,0.23,Law (Q3),,,1,,title,
Southeast Asian Affairs,,,,,none,2025,,,,,,,,,1,,,
SPAA National Conference Proceedings,,,,,none,2025,,,,,,,,,1,,,
Space 2015,,,,,none,2025,,,,,,,,,1,,,
"SSEE 2009 International Conference, Solutions for a Sustainable Planet, Society for Sustainability and Environmental Engineering",,,,,none,2025,,,,,,,,,1,,,
"State Aids, Taxation and the Energy Sector",,,,,none,2025,,,,,,,,,1,,,
Statistics and Probability Letters,Statistics & Probability Letters,0167-7152,1879-2103,,B,2025,4905,0.421,Q3,79.0,0.72,"Statistics and Probability (Q3); Statistics, Probability and Uncertainty (Q3)",,,1,title,title,
Statute Law Review,Statute Law Review,0144-3593,1464-3863,,A,2025,4801,0.271,Q2,16.0,0.78,Law (Q2),,,1,title,title,
Steuer und Wirtschaft - StuW,,,,,none,2025,,,,,,,,,1,,,
Stochastic Processes and their Applications,Stochastic Processes and their Applications,0304-4149,1879-209X,,A,2025,4905,0.94,Q1,93.0,1.35,Applied Mathematics (Q1); Modeling and Simulation (Q1); Statistics and Probability (Q1),,,1,title,title,
STOCK MARKET LIQUIDITY: IMPLICATIONS FOR MARKET MICROSTRUCTURE AND ASSET PRICING,,,,,none,2025,,,,,,,,,1,,,
Studies in The History of Tax Law,,,,,none,2025,,,,,,,,,1,,,
Studies in the History of Tax Law vol 4,,,,,none,2025,,,,,,,,,1,,,
Studies in the History of Tax Law Volume 11,,,,,none,2025,,,,,,,,,1,,,
"Studies in the History of Tax Law, Volume 6",,,,,none,2025,,,,,,,,,1,,,
"Studies in the History of Tax Law, Volume 7",,,,,none,2025,,,,,,,,,1,,,
"Studies in The History of Tax Law, Volume 8",,,,,none,2025,,,,,,,,,1,,,
"Studies in the History of Tax Law, Volume 9",,,,,none,2025,,,,,,,,,1,,,
Successful Public Policy: Lessons from Australia and New Zealand,,,,,none,2025,,,,,,,,,1,,,
SUCCESSFUL PUBLIC POLICY: LESSONS FROM AUSTRALIA AND NEW ZEALAND,,,,,none,2025,,,,,,,,,1,,,
Superannuation Tax Reform: a conceptual analysis,,,,,none,2025,,,,,,,,,1,,,
SURFACE AND INTERFACE ANALYSIS,Surface and Interface Analysis,0142-2421,,,none,2025,,0.454,Q2,106.0,2.38,"Chemistry (miscellaneous) (Q2); Condensed Matter Physics (Q2); Materials Chemistry (Q2); Surfaces, Coatings and Films (Q2); Surfaces and Interfaces (Q3)",,,1,,title,
"Surviving Challenges, Seizing Opportunities",,,,,none,2025,,,,,,,,,1,,,
Sustainability Accounting Management and Policy Journal,"Sustainability Accounting, Management and Policy Journal",2040-8021,,,A,2025,3501,1.808,Q1,68.0,12.14,"Accounting (Q1); Business, Management and Accounting (miscellaneous) (Q1); Renewable Energy, Sustainability and the Environment (Q1)",,,1,title,title,
"Sustainability Accounting, Management and Policy Journal","Sustainability Accounting, Management and Policy Journal",2040-8021,,,A,2025,3501,1.808,Q1,68.0,12.14,"Accounting (Q1); Business, Management and Accounting (miscellaneous) (Q1); Renewable Energy, Sustainability and the Environment (Q1)",,,1,title,title,
Sustainable Development in Vietnam: Challenges and Prospects,,,,,none,2025,,,,,,,,,1,,,
Sydney Law Review,The Sydney Law Review,0082-0512,,,A*,2025,4801,0.144,Q3,9.0,0.58,Law (Q3),,,1,title,title,
Tax administration in the 21st Century,,,,,none,2025,,,,,,,,,1,,,
Tax Design and Administration in a Post-BEPS Era: A Study of Key Reform Measures in 18 Countries,,,,,none,2025,,,,,,,,,1,,,
Tax Design and Administration in a Post-BEPS Era: Key Reform Measures in 18 Jurisdictions,,,,,none,2025,,,,,,,,,1,,,
Tax exemptions for Canadian Indians: A comparison with Australian indigenous Peoples and Maoris,,,,,none,2025,,,,,,,,,1,,,
Tax in ASEAN and China: Regional Challenges and Integration,,,,,none,2025,,,,,,,,,1,,,
Tax Institute of Australia Website www.taxinstitute.com.au,,,,,none,2025,,,,,,,,,1,,,
Tax Justice and the Protection of Human Rights: Festschrift in Honour of Professor Keh-Chang Gee,,,,,none,2025,,,,,,,,,1,,,
"Tax Law and Case Review, Volume 3",,,,,none,2025,,,,,,,,,1,,,
Tax Reform in the 21st Century,,,,,none,2025,,,,,,,,,1,,,
Tax Research Network Conference 2008,,,,,none,2025,,,,,,,,,1,,,
"Tax Research Network Conference: Simplifying Tax: Policy, Process and Practice",,,,,none,2025,,,,,,,,,1,,,
Tax Rules in Non-Tax Agreements,,,,,none,2025,,,,,,,,,1,,,
Tax Simplification: An African Perspective,,,,,none,2025,,,,,,,,,1,,,
Tax System Reform in Korea and Australia Conference,,,,,none,2025,,,,,,,,,1,,,
Tax Watch,,,,,none,2025,,,,,,,,,1,,,
Tax Week,,,,,none,2025,,,,,,,,,1,,,
Tax Week: CCH Federal and State Tax News,,,,,none,2025,,,,,,,,,1,,,
"Tax-aware investment management by public offer superannuation funds in Australia: Attitudes, practices and expectations",,,,,none,2025,,,,,,,,,1,,,
Taxation Handbook of Philanthropy,,,,,none,2025,,,,,,,,,1,,,
Taxation In Australia (Red Edition),Taxation in Australia,0494-8343,,,C,2025,4801,,,,,,,,1,title-variant,,
Taxation in the Digital Economy New Models in Asia and the Pacific,,,,,none,2025,,,,,,,,,1,,,
Taxation Institute of Australia,,,,,none,2025,,,,,,,,,1,,,
Taxation Institute of Australia 15th National Intensive Retreat,,,,,none,2025,,,,,,,,,1,,,
Taxation Institute of Australia NSW Tax Forum Conference,,,,,none,2025,,,,,,,,,1,,,
Taxation of Charities and Not-for-profits,,,,,none,2025,,,,,,,,,1,,,
Taxation of charities for the advancement of indigenous peoples within the same family:  Australia and New Zealand compared,,,,,none,2025,,,,,,,,,1,,,
Taxation of Mining Payments on Native Title Land,,,,,none,2025,,,,,,,,,1,,,
Taxation of mining payments over Aboriginal Land,,,,,none,2025,,,,,,,,,1,,,
Taxation towards 2000,,,,,none,2025,,,,,,,,,1,,,
Taxation Update for Financial Advisers,,,,,none,2025,,,,,,,,,1,,,
Taxes and Financial Planning: A Strategy Approach,,,,,none,2025,,,,,,,,,1,,,
"Taxing Income and Consumption: The Development of International Tax Law and Policy,",,,,,none,2025,,,,,,,,,1,,,
Teachers' Manual for Income Tax Analysis,,,,,none,2025,,,,,,,,,1,,,
Teaching and Learning Inquiry,Teaching and Learning Inquiry,2167-4787,,,none,2025,,0.76,Q1,27.0,3.2,Education (Q1),,,1,,title,
Tha Tax Journal,,,,,none,2025,,,,,,,,,1,,,
The 2016 American Accounting Association Western Region Meeting,,,,,none,2025,,,,,,,,,1,,,
The American Economic Review,The American Economic Review,0002-8282,0065-812X,,A*,2025,3801,23.489,Q1,399.0,9.55,Economics and Econometrics (Q1),,,1,title,title,
The Asia Pacific Journal of Accounting,,,,,none,2025,,,,,,,,,1,,,
The Australian economy (4th Ed),,,,,none,2025,,,,,,,,,1,,,
The Bank of America Journal of Applied Corporate Finance,,,,,none,2025,,,,,,,,,1,,,
The CCH Journal of Australian Taxation,,,,,none,2025,,,,,,,,,1,,,
The challenge of managing the disproportionate regional impact of the GFC on the Australian Federation,,,,,none,2025,,,,,,,,,1,,,
The challenge of technological change,,,,,none,2025,,,,,,,,,1,,,
The China Quarterly,The China Quarterly,0305-7410,1468-2648,,A,2025,3599,1.722,Q1,109.0,3.47,"Development (Q1); Geography, Planning and Development (Q1); Political Science and International Relations (Q1)",,,1,title,title,
The Chinese Commercial Legal System,,,,,none,2025,,,,,,,,,1,,,
The Chinese Economy,The Chinese Economy: translation and studies,1097-1475,1558-0954,,B,2025,3801,0.347,Q2,26.0,1.8,"Economics, Econometrics and Finance (miscellaneous) (Q2)",,,1,abdc-prefix,title,
The Complexities of Tax Simplification: Experiences From Around the World,,,,,none,2025,,,,,,,,,1,,,
The components of other comprehensive income and analyst behaviour,,,,,none,2025,,,,,,,,,1,,,
The Confederation Fiscale Europeenne 50th Anniversary Edition,,,,,none,2025,,,,,,,,,1,,,
The Conversation,,,,,none,2025,,,,,,,,,1,,,
"The Delicate Balance: Tax, Discretion and the Rule of Law",,,,,none,2025,,,,,,,,,1,,,
The Development of Accounting in an International Context,,,,,none,2025,,,,,,,,,1,,,
"The Development of Franchising in China,",,,,,none,2025,,,,,,,,,1,,,
The devil is in the detail: the distributional consequences of personal income tax sharing in the Australian federation,,,,,none,2025,,,,,,,,,1,,,
the Distributional Effects of Government Spending and Taxation,,,,,none,2025,,,,,,,,,1,,,
The Dynamics of Taxation Essays in Honour of Judith Freedman,,,,,none,2025,,,,,,,,,1,,,
The failure of the federalism reform process and its financial implications for the Australian states,,,,,none,2025,,,,,,,,,1,,,
The Florida Tax Review,The Florida Tax Review,1066-3487,,,A,2025,4801,0.239,Q3,5.0,0.36,Accounting (Q3); Finance (Q3); Law (Q3),,,1,title,title,
The future of State revenue,,,,,none,2025,,,,,,,,,1,,,
The Goods and Services Tax: the Effect on investment in Real Estate and some International Travel Issues,,,,,none,2025,,,,,,,,,1,,,
The Henry Review Response to the Not-for-Profit Sector,,,,,none,2025,,,,,,,,,1,,,
The history of the tax deductibility of donations to charity,,,,,none,2025,,,,,,,,,1,,,
The Impact of The Sarbanes-Oxley Act on the Financial Reporting Process: Experiences of Directors,,,,,none,2025,,,,,,,,,1,,,
The International Journal of Accounting and Business Society,,,,,none,2025,,,,,,,,,1,,,
The International Journal of Construction Management,International Journal of Construction Management,2331-2327,1562-3599,,B,2025,3504,0.945,Q1,62.0,6.13,Architecture (Q1); Building and Construction (Q1); Strategy and Management (Q1); Management of Technology and Innovation (Q2),,,1,title,title,
The Introduction of Problem-based Learning to Students through a Computer Based Education Module.,,,,,none,2025,,,,,,,,,1,,,
The Journal of Applied Research in Accounting and Finance,,,,,none,2025,,,,,,,,,1,,,
The Journal of Financial and Quantitative Analysis,Journal of Financial and Quantitative Analysis,0022-1090,1756-6916,,A*,2025,3502,4.404,Q1,164.0,4.15,Accounting (Q1); Economics and Econometrics (Q1); Finance (Q1),,,1,title,title,
The Journal of Futures Markets,The Journal of Futures Markets,0270-7314,1096-9934,,A,2025,3502,0.599,Q2,69.0,2.93,"Accounting (Q2); Business, Management and Accounting (miscellaneous) (Q2); Economics and Econometrics (Q2); Finance (Q2)",,,1,title,title,
The Journal of Migration and Refugee Issues,,,,,none,2025,,,,,,,,,1,,,
The Law Teacher,Law Teacher,0306-9400,,,none,2025,,0.222,Q3,18.0,1.22,Education (Q3); Law (Q3),,,1,,title,
The Law Teacher (R&R),Law Teacher,0306-9400,,,none,2025,,0.222,Q3,18.0,1.22,Education (Q3); Law (Q3),,,1,,title-variant,
"The Law, the Environment, Indigenous Peoples: Climate for Change?",,,,,none,2025,,,,,,,,,1,,,
The Oxford Handbook of Economic and Institutional Transparency,,,,,none,2025,,,,,,,,,1,,,
The Oxford Handbook of Megaproject Management,,,,,none,2025,,,,,,,,,1,,,
The Oxford Handbook of Venture Capital,,,,,none,2025,,,,,,,,,1,,,
The PWC Excellence in Franchising Award,,,,,none,2025,,,,,,,,,1,,,
The Quarterly Review of Economics and Finance,Quarterly Review of Economics and Finance,1062-9769,1878-4259,,B,2025,3801,0.705,Q2,77.0,4.21,Economics and Econometrics (Q2); Finance (Q2),,,1,title,title,
The Regulation of Franchising in Asia: A Comparative Study,,,,,none,2025,,,,,,,,,1,,,
"The Regulation of Franchising in Asia: A Comparative Study,",,,,,none,2025,,,,,,,,,1,,,
The Review of Corporate Finance Studies,Review of Corporate Finance Studies,2046-9128,2046-9136,,A*,2025,3502,3.738,Q1,30.0,3.22,Business and International Management (Q1); Economics and Econometrics (Q1); Finance (Q1),,,1,title,title,
The Review of Economics and Statistics,The Review of Economics and Statistics,0034-6535,1530-9142,,A*,2025,3801,8.83,Q1,219.0,5.47,Economics and Econometrics (Q1); Social Sciences (miscellaneous) (Q1),,,1,title,title,
The Review Of Financial Studies,The Review of Financial Studies,0893-9454,1465-7368,,A*,2025,3502,17.406,Q1,268.0,8.71,Accounting (Q1); Economics and Econometrics (Q1); Finance (Q1),,,1,title,title,
The Road to Recovery: Restoring Prosperity after the Crisis,,,,,none,2025,,,,,,,,,1,,,
The Routledge Companion to Behavioural Accounting Research,,,,,none,2025,,,,,,,,,1,,,
The Routledge Handbook of Integrated Reporting,,,,,none,2025,,,,,,,,,1,,,
The Shifting Sands,,,,,none,2025,,,,,,,,,1,,,
The Tax Lawyer,The Tax Lawyer,0040-005X,,,B,2025,4801,,,,,,,,1,title,,
The Third Intrernational Future Mining Conference,,,,,none,2025,,,,,,,,,1,,,
The VAT Reader: What a Federal Consumption Tax Would Mean for America,,,,,none,2025,,,,,,,,,1,,,
The way forward,,,,,none,2025,,,,,,,,,1,,,
The Weekend Australian,,,,,none,2025,,,,,,,,,1,,,
Thomson Reuters ASEAN Tax Bulletin,,,,,none,2025,,,,,,,,,1,,,
Thomson Reuters Weekly Tax Bulletin,,,,,none,2025,,,,,,,,,1,,,
Threshold Issues for Charities and Not-for-Profits,,,,,none,2025,,,,,,,,,1,,,
Time shifting of income and information sharing platforms undermine income tax integrity and design - but fixing it is outrageous!,,,,,none,2025,,,,,,,,,1,,,
Tomorrow's Federation: Reforming Australian Government,,,,,none,2025,,,,,,,,,1,,,
Trade and Economic Dynamics: Essays in Memory of Koji Shimomura,,,,,none,2025,,,,,,,,,1,,,
Trade Practices and Current Issues in Access,,,,,none,2025,,,,,,,,,1,,,
Transportation Research Part A Policy and Practice,Transportation Research Part A: Policy and Practice,0965-8564,1879-2375,,A*,2025,3509,1.843,Q1,199.0,7.75,"Aerospace Engineering (Q1); Business, Management and Accounting (miscellaneous) (Q1); Civil and Structural Engineering (Q1); Management Science and Operations Research (Q1); Transportation (Q1)",,,1,title,title,
Twelth International Conference of the International Society of Third Sector Research,,,,,none,2025,,,,,,,,,1,,,
UK Society of Legal Scholars Conference,,,,,none,2025,,,,,,,,,1,,,
Understanding Taxation Law: An Interactive Approach (2nd Ed),,,,,none,2025,,,,,,,,,1,,,
UNIKEN,,,,,none,2025,,,,,,,,,1,,,
UNSW CLE Consumer Protection Law Seminar,,,,,none,2025,,,,,,,,,1,,,
UNSW Law School Continuing Legal Education Program,,,,,none,2025,,,,,,,,,1,,,
UNSW Student Partner Program,,,,,none,2025,,,,,,,,,1,,,
Using adaptive eLearning to teach taxation law and legal problem-solving,,,,,none,2025,,,,,,,,,1,,,
Using Generative AI Effectively in Higher Education Sustainable and Ethical Practices for Learning Teaching and Assessment,,,,,none,2025,,,,,,,,,1,,,
Using Technology to develop a deeper understanding of law and ethics with International Business Students,,,,,none,2025,,,,,,,,,1,,,
Utilising grants to facilitate policy reform: a case for depooling repooled grants,,,,,none,2025,,,,,,,,,1,,,
Vanderbilt Law Review,Vanderbilt Law Review,0042-2533,,,none,2025,,1.255,Q1,56.0,1.25,Law (Q1),,,1,,title,
VAT in the Digital Era Unilateral and Multilateral Options for Reform,,,,,none,2025,,,,,,,,,1,,,
Vat in the Digital Era Unilateral and Multilateral Options for Reform,,,,,none,2025,,,,,,,,,1,,,
Vietnam-Netherlands Research Program Conference,,,,,none,2025,,,,,,,,,1,,,
Vietnamese Review of Studies and Discussions,,,,,none,2025,,,,,,,,,1,,,
Virtues and Fallacies of VAT An Evaluation After 50 Years,,,,,none,2025,,,,,,,,,1,,,
What's Public Benefit got to do with it? How the law in Australia relating to the Public Benefit Requirement of 'Charitable' applies to Charities for the benefit of Australian Aborigines,,,,,none,2025,,,,,,,,,1,,,
Winter Marketing Academic Conference 2017: Better Marketing for a Better World.,,,,,none,2025,,,,,,,,,1,,,
World Journal of VAT/GST Law,,,,,none,2025,,,,,,,,,1,,,
World Tax Journal,World Tax Journal,1878-4917,,,B,2025,4801,0.943,Q1,11.0,0.78,Law (Q1); Accounting (Q2); Economics and Econometrics (Q2); Finance (Q2),,,1,title,title,
"WTO and Direct Taxation, EUCOTAX Series on European Taxation",,,,,none,2025,,,,,,,,,1,,,
Yuridika,Yuridika,0215-840X,,,none,2025,,0.239,Q2,5.0,1.02,Law (Q2),,,1,,title,
ZUCKERINDUSTRIE,Zuckerindustrie,0344-8657,,,none,2025,,0.159,Q4,21.0,0.14,Food Science (Q4),,,1,,title,
