researcher_name,researcher_profile_url,university,field_of_research,title,journal_name,year,publication_type,doi,article_url,coauthors,author_count,volume,pages,publisher,abdc_self_reported,citation_percentile,source,citation_top_10_percent,cited_by_count,fwci,issn,openalex_id
Nicole Ang,https://www.unsw.edu.au/staff/nicole-ang,UNSW Sydney,Accounting,Does Self-certification Encourage or Reduce Escalation of Commitment?,Behavioral Research in Accounting,2016,Journal articles,10.2308/bria-51468,http://dx.doi.org/10.2308/bria-51468,Ang N; Cheng M,2,28,pp. 1 - 16,,,0.83468769,UNSW staff profile,False,12,1.1382,1050-4753,W2339484496
Nicole Ang,https://www.unsw.edu.au/staff/nicole-ang,UNSW Sydney,Accounting,The Utilization of Quantitative and Qualitative Information in Groups' Capital Investment Decisions,Behavioral Research in Accounting,2015,Journal articles,10.2308/bria-50917,http://dx.doi.org/10.2308/bria-50917,Ang NP; Trotman KT,2,27,pp. 1 - 24,,,0.7300635,UNSW staff profile,False,13,0.4004,1050-4753,W2125457838
Nicole Ang,https://www.unsw.edu.au/staff/nicole-ang,UNSW Sydney,Accounting,Fifty-year Overview of Judgment and Decision-making Research in Accounting.,Accounting and Finance,2011,Journal articles,10.1111/j.1467-629X.2010.00398.x,http://dx.doi.org/10.1111/j.1467-629X.2010.00398.x,Trotman KT; Ang N; Tan HC,3,51,pp. 278 - 360,,,0.98351205,UNSW staff profile,True,133,13.4458,0810-5391,W2052544672
Nicole Ang,https://www.unsw.edu.au/staff/nicole-ang,UNSW Sydney,Accounting,The incentives of Australian public companies lobbying against proposed superannuation accounting standards,ABACUS,2000,Journal articles,10.1111/1467-6281.00053,http://dx.doi.org/10.1111/1467-6281.00053,Ang N; Gallery G; Sidhu BK,3,36,pp. 40 - 70,,,0.96103896,UNSW staff profile,True,57,6.4153,0001-3072,W2050564022
Nicole Ang,https://www.unsw.edu.au/staff/nicole-ang,UNSW Sydney,Accounting,The value relevance of superannuation disclosures by Australian-listed firms sponsoring defined benefit plans,Accounting and Finance,1999,Journal articles,10.1111/1467-629X.00024,http://dx.doi.org/10.1111/1467-629X.00024,Ang NP; Gallery G; Sidhu BK,3,39,pp. 205 - 228,,,0.91139756,UNSW staff profile,True,15,2.5898,0810-5391,W1982675088
Maria Balatbat,https://www.unsw.edu.au/staff/maria-balatbat,UNSW Sydney,Accounting,Towards Credible GHG Reporting: The Role of GHG Assurance and Assurance Providers in Firm Valuation,Abacus,2026,Journal articles,10.1111/abac.70033,http://dx.doi.org/10.1111/abac.70033,Bose S; Balatbat M; Green W,3,,,,,0.31498976,UNSW staff profile,False,0,0.0,0001-3072,W7153781940
Maria Balatbat,https://www.unsw.edu.au/staff/maria-balatbat,UNSW Sydney,Accounting,The financial additionality and viability of CDM projects allowing for uncertainty,"Environment, Development and Sustainability",2016,Journal articles,10.1007/s10668-015-9630-5,http://dx.doi.org/10.1007/s10668-015-9630-5,Carmichael DG; Lea KA; Balatbat MCA,3,18,pp. 129 - 141,,,0.96234897,UNSW staff profile,True,17,6.5318,1387-585X,W2038048914
Maria Balatbat,https://www.unsw.edu.au/staff/maria-balatbat,UNSW Sydney,Accounting,A proposed framework for assessing the sustainability of infrastructure,International Journal of Construction Management,2016,Journal articles,10.1080/15623599.2016.1146115,http://dx.doi.org/10.1080/15623599.2016.1146115,Siew RYJ; Balatbat MCA; Carmichael DG,3,16,pp. 281 - 298,,,0.85985833,UNSW staff profile,False,31,2.1598,1562-3599,W2329052580
Maria Balatbat,https://www.unsw.edu.au/staff/maria-balatbat,UNSW Sydney,Accounting,Measuring project sustainability maturity level - A fuzzy-based approach,International Journal of Sustainable Development,2016,Journal articles,10.1504/IJSD.2016.073680,http://dx.doi.org/10.1504/IJSD.2016.073680,Siew RYJ; Balatbat MCA; Carmichael DG,3,19,pp. 76 - 100,,,0.8652871,UNSW staff profile,False,16,1.6467,0960-1406,W2282501913
Maria Balatbat,https://www.unsw.edu.au/staff/maria-balatbat,UNSW Sydney,Accounting,The impact of ESG disclosures and institutional ownership on market information asymmetry,Asia-Pacific Journal of Accounting and Economics,2016,Journal articles,10.1080/16081625.2016.1170100,http://dx.doi.org/10.1080/16081625.2016.1170100,Siew RYJ; Balatbat MCA; Carmichael DG,3,23,pp. 432 - 448,,,0.94198854,UNSW staff profile,True,118,4.2924,1608-1625,W2336378527
Maria Balatbat,https://www.unsw.edu.au/staff/maria-balatbat,UNSW Sydney,Accounting,Improving the attractiveness of CDM projects through allowing and incorporating options,Energy Policy,2015,Journal articles,10.1016/j.enpol.2015.08.024,http://dx.doi.org/10.1016/j.enpol.2015.08.024,Carmichael DG; Ballouz JJ; Balatbat MCA,3,86,pp. 784 - 791,,,0.95720685,UNSW staff profile,True,14,5.4432,0301-4215,W2173059774
Maria Balatbat,https://www.unsw.edu.au/staff/maria-balatbat,UNSW Sydney,Accounting,The impact of litigation risk on the strategic timing of management earnings forecasts,Accounting and Finance,2015,Journal articles,10.1111/acfi.12065,http://dx.doi.org/10.1111/acfi.12065,Jackson AB; Gallery G; Balatbat MCA,3,55,pp. 467 - 495,,,0.95559377,UNSW staff profile,True,17,4.8931,0810-5391,W3125532449
Maria Balatbat,https://www.unsw.edu.au/staff/maria-balatbat,UNSW Sydney,Accounting,A Review of Building/Infrastructure Sustainability Reporting Tools (SRTs),Smart and Sustainable Built Environment,2013,Journal articles,10.1108/SASBE-03-2013-0010,http://dx.doi.org/10.1108/SASBE-03-2013-0010,Siew RYJ; Balatbat MCA; Carmichael DG,3,2,pp. 106 - 139,,,0.98320277,UNSW staff profile,True,104,10.7001,2046-6099,W1997394367
Maria Balatbat,https://www.unsw.edu.au/staff/maria-balatbat,UNSW Sydney,Accounting,The Relationship between Sustainability Practices and Financial Performance of Construction Companies,Smart and Sustainable Built Environment,2013,Journal articles,10.1108/20466091311325827,http://dx.doi.org/10.1108/20466091311325827,Siew RYJ; Balatbat MCA; Carmichael DG,3,2,pp. 6 - 27,,,0.97986104,UNSW staff profile,True,146,9.8198,2046-6099,W2058712972
Maria Balatbat,https://www.unsw.edu.au/staff/maria-balatbat,UNSW Sydney,Accounting,Does consideration matter to China’s split share structure reform?,Accounting and Finance,2012,Journal articles,10.1111/j.1467-629X.2011.00400.x,http://dx.doi.org/10.1111/j.1467-629X.2011.00400.x,Balatbat MC; Czernkowski R; Lu F,3,52,pp. 439 - 466,,,0.90571313,UNSW staff profile,True,8,2.123,0810-5391,W2110180296
Maria Balatbat,https://www.unsw.edu.au/staff/maria-balatbat,UNSW Sydney,Accounting,Performance Risk Associated with Renewable Energy CDM Projects,Journal of Management in Engineering,2012,Journal articles,10.1061/(ASCE)ME.1943-5479.0000090,http://dx.doi.org/10.1061/(ASCE)ME.1943-5479.0000090,Balatbat MC; Findlay E; Carmichael DG,3,28,pp. 51 - 58,,,0.69685039,UNSW staff profile,False,12,0.3906,0742-597X,W1971941791
Maria Balatbat,https://www.unsw.edu.au/staff/maria-balatbat,UNSW Sydney,Accounting,Management Efficiency Performance of Construction Businesses – Australian Data,"Engineering, Construction and Architectural Management",2011,Journal articles,10.1108/09699981111111120,http://dx.doi.org/10.1108/09699981111111120,Balatbat MCA; Lin C; Carmichael DG,3,18,pp. 140 - 158,,,0.89034545,UNSW staff profile,False,22,2.6277,0969-9988,W1976539485
Maria Balatbat,https://www.unsw.edu.au/staff/maria-balatbat,UNSW Sydney,Accounting,On the Analysis of Property Unit Sales over Time,International Journal of Strategic Property Management,2011,Journal articles,10.3846/1648715X.2011.631765,http://dx.doi.org/10.3846/1648715X.2011.631765,Carmichael DG; Balatbat MCA,2,15,pp. 329 - 339,,,0.8673009,UNSW staff profile,False,1,1.0592,1648-715X,W2002443736
Maria Balatbat,https://www.unsw.edu.au/staff/maria-balatbat,UNSW Sydney,Accounting,Australian Construction Growth Ratios: Industry and Company Analyses,The International Journal of Construction Management,2010,Journal articles,10.1080/15623599.2010.10773153,http://dx.doi.org/10.1080/15623599.2010.10773153,Balatbat MCA; Lin C; Carmichael DG,3,10,pp. 23 - 43,,,0.22284191,UNSW staff profile,False,1,0.0,1562-3599,W1971605593
Maria Balatbat,https://www.unsw.edu.au/staff/maria-balatbat,UNSW Sydney,Accounting,Comparative Performance of Publicly Listed Construction Companies: Australian Evidence,Construction Management and Economics,2010,Journal articles,10.1080/01446193.2010.501805,http://dx.doi.org/10.1080/01446193.2010.501805,Balatbat MCA; Lin C; Carmichael DG,3,28,pp. 919 - 932,,,0.96171536,UNSW staff profile,True,35,6.8634,0144-6193,W1992063459
Maria Balatbat,https://www.unsw.edu.au/staff/maria-balatbat,UNSW Sydney,Accounting,A Contractor's Analysis of the Likelihood of Payment of Claims,Journal of Financial management of property and construction,2010,Journal articles,10.1108/13664381011063412,http://dx.doi.org/10.1108/13664381011063412,Carmichael DG; Balatbat MCA,2,15,pp. 102 - 117,,,0.90818122,UNSW staff profile,True,19,2.8104,1366-4387,W2098031494
Maria Balatbat,https://www.unsw.edu.au/staff/maria-balatbat,UNSW Sydney,Accounting,A Review and Study of Project Investment Cash Flow Correlations,International Journal of Project Planning and Finance,2010,Journal articles,,http://www.cidighana.org/pages/index.php?siteid=cidighana&page=current-issue,Carmichael DG; Balatbat MCA,2,1,pp. 1 - 21,,,,UNSW staff profile,,,,,
Maria Balatbat,https://www.unsw.edu.au/staff/maria-balatbat,UNSW Sydney,Accounting,A Study of Correlation Aspects in Probabilistic NPV Analysis,The Engineering Economist,2010,Journal articles,10.1080/0013791x.2010.481185,http://dx.doi.org/10.1080/0013791x.2010.481185,Johar K; Carmichael DG; Balatbat MCA,3,55,pp. 181 - 199,,,0.79426875,UNSW staff profile,False,15,1.051,0013-791X,W1968788724
Maria Balatbat,https://www.unsw.edu.au/staff/maria-balatbat,UNSW Sydney,Accounting,Use of proceeds disclosures in IPO prospectuses:  do issuers come clean?,JASSA - Journal of the Securities Institute of Australia,2008,Journal articles,,,Balatbat MC; Bertinshaw ST,2,2,pp. 17 - 21,,,,UNSW staff profile,,,,,
Maria Balatbat,https://www.unsw.edu.au/staff/maria-balatbat,UNSW Sydney,Accounting,Probabilistic DCF Analysis and Capital Budgeting and Investment - A Survey,The Engineering Economist,2008,Journal articles,10.1080/00137910701864809,http://dx.doi.org/10.1080/00137910701864809,Carmichael DG; Balatbat MC,2,53,pp. 84 - 102,,,0.93256961,UNSW staff profile,True,41,3.5845,0013-791X,W2050967503
Maria Balatbat,https://www.unsw.edu.au/staff/maria-balatbat,UNSW Sydney,Accounting,The Influence of extra projects on overall investment feasibility,Journal of Financial Management of Property and Construction,2008,Journal articles,10.1108/13664380810913403,http://dx.doi.org/10.1108/13664380810913403,Carmichael DG; Balatbat MCA,2,13,pp. 161 - 174,,,0.88517227,UNSW staff profile,False,10,1.9681,1366-4387,W2030778456
Maria Balatbat,https://www.unsw.edu.au/staff/maria-balatbat,UNSW Sydney,Accounting,Discussion of explaining the short- and long-term IPO anomalies in the US by R&D,Journal of Business Finance and Accounting,2006,Journal articles,10.1111/j.1468-5957.2006.00610.x,http://dx.doi.org/10.1111/j.1468-5957.2006.00610.x,Balatbat MC,1,33,pp. 580 - 586,,,0.98489355,UNSW staff profile,True,157,14.8225,0306-686X,W3121960889
Maria Balatbat,https://www.unsw.edu.au/staff/maria-balatbat,UNSW Sydney,Accounting,Discussion of Explaining the Short- and Long-Term IPO Anomalies in the US by R&D,"Journal of Business Finance <html_ent glyph=""@amp;"" ascii=""&amp;""/> Accounting",2006,Journal articles,10.1111/j.1468-5957.2006.00021.x,http://dx.doi.org/10.1111/j.1468-5957.2006.00021.x,Balatbat MCA,1,,pp. 060428035417005 - 060428035417005,,,,UNSW staff profile,,0,,0306-686X,W4240029471
Maria Balatbat,https://www.unsw.edu.au/staff/maria-balatbat,UNSW Sydney,Accounting,"Corporate Governance, Insider Ownership and Operating Performance of Australian Initial Public Offerings",Accounting and Finance,2004,Journal articles,10.1111/j.1467-629X.2004.00114.x,http://dx.doi.org/10.1111/j.1467-629X.2004.00114.x,Balatbat MC; Taylor SL; Walter TS,3,44,pp. 299 - 328,,,0.95311955,UNSW staff profile,True,136,4.682,0810-5391,W2113990060
Francisco Barillas Bedoya,https://www.unsw.edu.au/staff/francisco-barillas-bedoya,UNSW Sydney,Finance,Model comparison with sharpe ratios,Journal of Financial and Quantitative Analysis,2020,Journal articles,10.1017/S0022109019000589,http://dx.doi.org/10.1017/S0022109019000589,Barillas F; Kan R; Robotti C; Shanken J,4,55,pp. 1840 - 1874,,,0.99227973,UNSW staff profile,True,158,14.3206,0022-1090,W3125209868
Francisco Barillas Bedoya,https://www.unsw.edu.au/staff/francisco-barillas-bedoya,UNSW Sydney,Finance,Speculation and the bond market: An empirical no-arbitrage framework,Management Science,2019,Journal articles,10.1287/mnsc.2018.3027,http://dx.doi.org/10.1287/mnsc.2018.3027,Barillas F; Nimark K,2,65,pp. 4179 - 4203,,,0.73455902,UNSW staff profile,False,2,0.5487,0025-1909,W3122553496
Francisco Barillas Bedoya,https://www.unsw.edu.au/staff/francisco-barillas-bedoya,UNSW Sydney,Finance,Comparing Asset Pricing Models,Journal of Finance,2018,Journal articles,10.1111/jofi.12607,http://dx.doi.org/10.1111/jofi.12607,Barillas F; Shanken J,2,73,pp. 715 - 754,,,0.99960043,UNSW staff profile,True,484,54.8343,0022-1082,W2795848635
Francisco Barillas Bedoya,https://www.unsw.edu.au/staff/francisco-barillas-bedoya,UNSW Sydney,Finance,Speculation and the term structure of interest rates,Review of Financial Studies,2017,Journal articles,10.1093/rfs/hhx059,http://dx.doi.org/10.1093/rfs/hhx059,Barillas F; Nimark KP,2,30,pp. 4003 - 4037,,,0.87624333,UNSW staff profile,False,20,1.8594,0893-9454,W3123724866
Francisco Barillas Bedoya,https://www.unsw.edu.au/staff/francisco-barillas-bedoya,UNSW Sydney,Finance,Which alpha?,Review of Financial Studies,2017,Journal articles,10.1093/rfs/hhw101,http://dx.doi.org/10.1093/rfs/hhw101,Barillas F; Shanken J,2,30,pp. 1316 - 1338,,,0.9984509,UNSW staff profile,True,370,34.823,0893-9454,W4253208548
Francisco Barillas Bedoya,https://www.unsw.edu.au/staff/francisco-barillas-bedoya,UNSW Sydney,Finance,Doubts or variability?,Journal of Economic Theory,2009,Journal articles,10.1016/j.jet.2008.11.014,http://dx.doi.org/10.1016/j.jet.2008.11.014,Barillas F; Hansen LP; Sargent TJ,3,144,pp. 2388 - 2418,,,0.96859903,UNSW staff profile,True,175,6.2129,0022-0531,W2110802648
Francisco Barillas Bedoya,https://www.unsw.edu.au/staff/francisco-barillas-bedoya,UNSW Sydney,Finance,A generalization of the endogenous grid method,Journal of Economic Dynamics and Control,2007,Journal articles,10.1016/j.jedc.2006.08.005,http://dx.doi.org/10.1016/j.jedc.2006.08.005,Barillas F; Fernández-Villaverde J,2,31,pp. 2698 - 2712,,,0.96868508,UNSW staff profile,True,113,8.4815,0165-1889,W2019784037
Francisco Barillas Bedoya,https://www.unsw.edu.au/staff/francisco-barillas-bedoya,UNSW Sydney,Finance,Recent developments in the Canada-US unemployment rate gap: Changing patterns in unemployment incidence and duration,Canadian Public Policy,2005,Journal articles,10.2307/3552599,http://dx.doi.org/10.2307/3552599,Macklem T; Barillas F,2,31,pp. 101 - 107,,,0.14637486,UNSW staff profile,False,6,0.0,0317-0861,W2045884915
Francisco Barillas Bedoya,https://www.unsw.edu.au/staff/francisco-barillas-bedoya,UNSW Sydney,Finance,"Foreign aid, poverty reduction, and democracy",Applied Economics,2002,Journal articles,10.1080/00036840210136718,http://dx.doi.org/10.1080/00036840210136718,Arvin BM; Barillas F,2,34,pp. 2151 - 2156,,,0.2979678,UNSW staff profile,False,68,0.0,0003-6846,W2059804573
Dale Boccabella,https://www.unsw.edu.au/staff/dale-boccabella,UNSW Sydney,Accounting,Can Death Concession Rule Maintain Eternal Pre-CGT Asset Status for Entity Owned Assets?,AUSTRALIAN TAX REVIEW,2025,Journal articles,,,Boccabella D,1,54,,,,,UNSW staff profile,,,,,
Dale Boccabella,https://www.unsw.edu.au/staff/dale-boccabella,UNSW Sydney,Accounting,Capital payment in place of dividend issue in Ierna case: Selected observations,Weekly Tax Bulletin,2024,Journal articles,,,Boccabella D,1,,,,,,UNSW staff profile,,,,,
Dale Boccabella,https://www.unsw.edu.au/staff/dale-boccabella,UNSW Sydney,Accounting,Discretionary trust income allocations: Can ATO successfully challenge exercise of trustee’s discretion?,Weekly Tax Bulletin,2024,Journal articles,,,Boccabella D,1,,,,,,UNSW staff profile,,,,,
Dale Boccabella,https://www.unsw.edu.au/staff/dale-boccabella,UNSW Sydney,Accounting,Ierna case restructure: Was the Division 615 rollover really available?,Weekly Tax Bulletin,2024,Journal articles,,,Boccabella D,1,,,,,,UNSW staff profile,,,,,
Dale Boccabella,https://www.unsw.edu.au/staff/dale-boccabella,UNSW Sydney,Accounting,Streaming of partnership receipts to partners: An initial contribution,The Tax Specialist,2024,Journal articles,10.3316/informit.T2024042600008892121589371,https://search.informit.org/doi/10.3316/informit.T2024042600008892121589371,Boccabella D,1,27,pp. 146 - 152,,,,UNSW staff profile,,,,,
Dale Boccabella,https://www.unsw.edu.au/staff/dale-boccabella,UNSW Sydney,Accounting,Burton case (only 50% foreign income tax offset) presents challenge for assessable income limb of the GAAR,Weekly Tax Bulletin,2023,Journal articles,,,Boccabella D,1,,,,,,UNSW staff profile,,,,,
Dale Boccabella,https://www.unsw.edu.au/staff/dale-boccabella,UNSW Sydney,Accounting,COVID-19 pandemic and working at home: Reminder to query ATO statements denying home occupancy expense claims,Weekly Tax Bulletin,2023,Journal articles,,,Boccabella D,1,,,,,,UNSW staff profile,,,,,
Dale Boccabella,https://www.unsw.edu.au/staff/dale-boccabella,UNSW Sydney,Accounting,Clough case re payout of employee entitlements on takeover of employer: Analysis questionable on 2 fronts,Weekly Tax Bulletin,2023,Journal articles,,,Boccabella D,1,,,,,,UNSW staff profile,,,,,
Dale Boccabella,https://www.unsw.edu.au/staff/dale-boccabella,UNSW Sydney,Accounting,Deduction for loss on sale of owner-occupied dwelling in Bowerman: Where to from here?,Weekly Tax Bulletin,2023,Journal articles,,,Boccabella D,1,,,,,,UNSW staff profile,,,,,
Dale Boccabella,https://www.unsw.edu.au/staff/dale-boccabella,UNSW Sydney,Accounting,Reviewing Burton: Has the Australia-U.S. Tax Treaty’s FTC Article Failed to Deliver?,Tax Notes International,2023,Journal articles,,,Boccabella D,1,111,,,,,UNSW staff profile,,,,,
Dale Boccabella,https://www.unsw.edu.au/staff/dale-boccabella,UNSW Sydney,Accounting,Section 100A does not apply where under 18-year old beneficiary is entitled: Another mystery surrounding discretionary trusts?,Weekly Tax Bulletin,2023,Journal articles,,,Boccabella D,1,,,,,,UNSW staff profile,,,,,
Dale Boccabella,https://www.unsw.edu.au/staff/dale-boccabella,UNSW Sydney,Accounting,"Although 36 years late, repeal of s 82A better late than never",Weekly Tax Bulletin,2022,Journal articles,,https://anzlaw.thomsonreuters.com/Document/Iec0d02c3857b11ec831a9b63d4a99eb9/View/FullText.html?transitionType=Default&contextData=%28sc.Default%29&VR=3.0&RS=cblt1.0,Boccabella D,1,,,,,,UNSW staff profile,,,,,
Dale Boccabella,https://www.unsw.edu.au/staff/dale-boccabella,UNSW Sydney,Accounting,Australia’s denial of depreciation deductions for second-hand assets used in residential rental properties: Rationales appear obscure,Australian Tax Forum,2022,Journal articles,,,Boccabella D,1,37,pp. 165 - 189,,,,UNSW staff profile,,,,,
Dale Boccabella,https://www.unsw.edu.au/staff/dale-boccabella,UNSW Sydney,Accounting,Is deduction denial a viable policy for persistent and sector wide overclaiming of selected expenses?,Weekly Tax Bulletin,2022,Journal articles,,,Boccabella D,1,,,,,,UNSW staff profile,,,,,
Dale Boccabella,https://www.unsw.edu.au/staff/dale-boccabella,UNSW Sydney,Accounting,Land realisations where no profit purpose at time of acquisition: Analysis should align with model or paradigm purpose rule,Weekly Tax Bulletin,2022,Journal articles,,,Boccabella D,1,,,,,,UNSW staff profile,,,,,
Dale Boccabella,https://www.unsw.edu.au/staff/dale-boccabella,UNSW Sydney,Accounting,The taxable facts as at 30 June rule from Carter does not have universal application: A reminder,Weekly Tax Bulletin,2022,Journal articles,,https://anzlaw.thomsonreuters.com/Document/I499a1649d27e11ec831a9b63d4a99eb9/View/FullText.html?transitionType=Default&contextData=%28sc.Default%29&VR=3.0&RS=cblt1.0,Boccabella D,1,,,,,,UNSW staff profile,,,,,
Dale Boccabella,https://www.unsw.edu.au/staff/dale-boccabella,UNSW Sydney,Accounting,Valid disclaimer of trustee appointed trust income creates timely present entitlement for default income beneficiary?,Weekly Tax Bulletin,2021,Journal articles,,,Boccabella D; Hanna N,2,,,,,,UNSW staff profile,,,,,
Dale Boccabella,https://www.unsw.edu.au/staff/dale-boccabella,UNSW Sydney,Accounting,"Franked distributions of trusts: systematic method of allocating them and other taxable income, with analysis of defective provisions",Australian Tax Forum,2021,Journal articles,,,Boccabella D,1,,,,,,UNSW staff profile,,,,,
Dale Boccabella,https://www.unsw.edu.au/staff/dale-boccabella,UNSW Sydney,Accounting,Partnership accounting profit/loss differs from its taxable income/tax loss: Why zero or little commentary in tax literature?,Weekly Tax Bulletin,2021,Journal articles,,,Boccabella D,1,,,,,,UNSW staff profile,,,,,
Dale Boccabella,https://www.unsw.edu.au/staff/dale-boccabella,UNSW Sydney,Accounting,Review of Australian discretionary trust and foreign beneficiaries’ foreign net capital gains: Desirable but unlikely,Weekly Tax Bulletin,2021,Journal articles,,,Boccabella D,1,,,,,,UNSW staff profile,,,,,
Dale Boccabella,https://www.unsw.edu.au/staff/dale-boccabella,UNSW Sydney,Accounting,Deemed Dividend Rules: Tax Free Extraction of Profits and Exploitation of Structural Foundations of the Income Tax Regime,Australian Tax Review,2020,Journal articles,,https://ssrn.com/abstract=3665857,Boccabella D; Manwaring K,2,49,pp. 87 - 109,,,,UNSW staff profile,,,,,
Dale Boccabella,https://www.unsw.edu.au/staff/dale-boccabella,UNSW Sydney,Accounting,Myer isolated transactions doctrine (first strand) at 33-year anniversary,The Tax Specialist,2020,Journal articles,,https://search-informit-com-au.wwwproxy1.library.unsw.edu.au/documentSummary;dn=315679817682876;res=IELAPA,Boccabella D,1,24,,,,,UNSW staff profile,,,,,
Dale Boccabella,https://www.unsw.edu.au/staff/dale-boccabella,UNSW Sydney,Accounting,"The age of the home worker - Part 2: calculation of home occupancy expenses, deduction apportionment and partial loss of CGT main residence exemptions","Australian Tax Forum: a journal of taxation policy, law and reform",2019,Journal articles,,,Bain K; Boccabella D,2,34,,,,,UNSW staff profile,,,,,
Dale Boccabella,https://www.unsw.edu.au/staff/dale-boccabella,UNSW Sydney,Accounting,No full FITO on US capital gains as CGT discount “excludes” part of gain: Taxpayer in Burton has a case - Part 1,Weekly Tax Bulletin,2019,Journal articles,,,Boccabella D; Blissenden M,2,,,,,,UNSW staff profile,,,,,
Dale Boccabella,https://www.unsw.edu.au/staff/dale-boccabella,UNSW Sydney,Accounting,No full FITO on US capital gains as CGT discount “excludes” part of gain: Taxpayer in Burton has a case - Part 2,Weekly Tax Bulletin,2019,Journal articles,,,Boccabella D; Blissenden M,2,,,,,,UNSW staff profile,,,,,
Dale Boccabella,https://www.unsw.edu.au/staff/dale-boccabella,UNSW Sydney,Accounting,No full FITO on US capital gains as CGT discount “excludes” part of gain: Taxpayer in Burton has a case - Part 3,Weekly Tax Bulletin,2019,Journal articles,,,Boccabella D; Blissenden M,2,,,,,,UNSW staff profile,,,,,
Dale Boccabella,https://www.unsw.edu.au/staff/dale-boccabella,UNSW Sydney,Accounting,Streaming of Franking Credits Curtailed by Bamford-Induced Amendments - an Unintended Consequence?,AUSTRALIAN TAX REVIEW,2019,Journal articles,,https://www.webofscience.com/api/gateway?GWVersion=2&SrcApp=PARTNER_APP&SrcAuth=LinksAMR&KeyUT=WOS%3A000508198900003&DestLinkType=FullRecord&DestApp=ALL_WOS&UsrCustomerID=891bb5ab6ba270e68a29b250adbe88d1,Freudenberg B; Boccabella D,2,48,pp. 190 - 218,,,,UNSW staff profile,,,,,
Dale Boccabella,https://www.unsw.edu.au/staff/dale-boccabella,UNSW Sydney,Accounting,The age of the home worker – part 1: deductibility of home occupancy expenses,"Australian Tax Forum: a journal of taxation policy, law and reform",2018,Journal articles,,,Bain K; Boccabella D,2,33,pp. 1 - 43,,,,UNSW staff profile,,,,,
Dale Boccabella,https://www.unsw.edu.au/staff/dale-boccabella,UNSW Sydney,Accounting,Net capital gains of trusts: A systematic method of allocating those gains and other taxable income and analysis of problematic and anomalous issues,AUSTRALIAN TAX REVIEW,2018,Journal articles,,https://www.webofscience.com/api/gateway?GWVersion=2&SrcApp=PARTNER_APP&SrcAuth=LinksAMR&KeyUT=WOS%3A000442497100004&DestLinkType=FullRecord&DestApp=ALL_WOS&UsrCustomerID=891bb5ab6ba270e68a29b250adbe88d1,Boccabella D,1,47,pp. 128 - 159,,,,UNSW staff profile,,,,,
Dale Boccabella,https://www.unsw.edu.au/staff/dale-boccabella,UNSW Sydney,Accounting,The implementation of the goods and services tax in Malaysia: Potential issues perceived by business taxpayers,Journal of the Australasian Tax Teachers Association,2018,Journal articles,,,Santhariah A; Tran-Nam B; Boccabella D; Rametse N,4,13,pp. 351 - 397,,,,UNSW staff profile,,,,,
Dale Boccabella,https://www.unsw.edu.au/staff/dale-boccabella,UNSW Sydney,Accounting,Who Bears the Burden for Business Losses: To What Extent Are Liability Issues of Business Structures Taught in Australian Accounting Degrees?,COMPANY AND SECURITIES LAW JOURNAL,2017,Journal articles,,,Boccabella D; Freudenberg B,2,35,pp. 235 - 260,,,,UNSW staff profile,,,,,
Dale Boccabella,https://www.unsw.edu.au/staff/dale-boccabella,UNSW Sydney,Accounting,Division 7A and s 109 associate taxpayer rule allows for “manufacture” of taxpaying units with adult tax-free threshold: some food for thought,Weekly Tax Bulletin,2017,Journal articles,,,Boccabella D; Lawrence S,2,,pp. 1626 - 1630,,,,UNSW staff profile,,,,,
Dale Boccabella,https://www.unsw.edu.au/staff/dale-boccabella,UNSW Sydney,Accounting,Taxation of SMSF Capital gains where total super balance exceeds $1.6m: Can trustee use unapplied net capital losses,Weekly Tax Bulletin,2017,Journal articles,,,Boccabella D; Lawrence S,2,17,pp. 545 - 547,,,,UNSW staff profile,,,,,
Dale Boccabella,https://www.unsw.edu.au/staff/dale-boccabella,UNSW Sydney,Accounting,"Determining proper taxpayer for a ""notional"" net capital gain on vesting of a discretionary trust asset is problematic",AUSTRALIAN TAX REVIEW,2017,Journal articles,,https://www.webofscience.com/api/gateway?GWVersion=2&SrcApp=PARTNER_APP&SrcAuth=LinksAMR&KeyUT=WOS%3A000426964200004&DestLinkType=FullRecord&DestApp=ALL_WOS&UsrCustomerID=891bb5ab6ba270e68a29b250adbe88d1,Boccabella D,1,46,pp. 193 - 210,,,,UNSW staff profile,,,,,
Dale Boccabella,https://www.unsw.edu.au/staff/dale-boccabella,UNSW Sydney,Accounting,Labor’s alternative minimum income tax for discretionary trust allocations,Retirement & Estate Planning Bulletin,2017,Journal articles,,,Boccabella D,1,19,pp. 200 - 203,,,,UNSW staff profile,,,,,
Dale Boccabella,https://www.unsw.edu.au/staff/dale-boccabella,UNSW Sydney,Accounting,Labor’s proposed discretionary trust tax reform: Is there an over-taxation problem?,Weekly Tax Bulletin,2017,Journal articles,,,Boccabella D,1,,pp. 545 - 547,,,,UNSW staff profile,,,,,
Dale Boccabella,https://www.unsw.edu.au/staff/dale-boccabella,UNSW Sydney,Accounting,"ATO's new individual professional practitioner (IPP) taxing measure: background, context and policy analysis",Australian Tax Law Bulletin,2016,Journal articles,,,Bain KE; Boccabella D,2,,,,,,UNSW staff profile,,,,,
Dale Boccabella,https://www.unsw.edu.au/staff/dale-boccabella,UNSW Sydney,Accounting,Negative gearing - Is another judicial view possible?,Weekly Tax Bulletin,2016,Journal articles,,,Boccabella D; Lawrence S,2,,pp. 825 - 829,,,,UNSW staff profile,,,,,
Dale Boccabella,https://www.unsw.edu.au/staff/dale-boccabella,UNSW Sydney,Accounting,Can stakeholders be satisfied with accountants' education to act as advisors to self managed superannuation funds?,Financial Planning Research Journal,2016,Journal articles,,,Boccabella D,1,,,,,,UNSW staff profile,,,,,
Dale Boccabella,https://www.unsw.edu.au/staff/dale-boccabella,UNSW Sydney,Accounting,Car depreciation cost base limit: Why are cars singled out for deduction denial of luxury expenditure?,Australian Tax Law Bulletin,2016,Journal articles,,,Boccabella D,1,,pp. 101 - 102,,,,UNSW staff profile,,,,,
Dale Boccabella,https://www.unsw.edu.au/staff/dale-boccabella,UNSW Sydney,Accounting,Home office expenses: claiming occupancy costs when the employer does not provide a workplace,Australian Tax Law Bulletin,2016,Journal articles,,,Boccabella D,1,,pp. 165 - 171,,,,UNSW staff profile,,,,,
Dale Boccabella,https://www.unsw.edu.au/staff/dale-boccabella,UNSW Sydney,Accounting,Professionals' tax break overturned,CCH Tax Week,2016,Journal articles,,,Boccabella D,1,,,,,,UNSW staff profile,,,,,
Dale Boccabella,https://www.unsw.edu.au/staff/dale-boccabella,UNSW Sydney,Accounting,Recording entitlement rule in new trust streaming provisions: Has Parliament handed a tax-planning gift to tax planners?,Weekly Tax Bulletin,2016,Journal articles,,,Boccabella D,1,,,,,,UNSW staff profile,,,,,
Dale Boccabella,https://www.unsw.edu.au/staff/dale-boccabella,UNSW Sydney,Accounting,Recording entitlement rule in trust streaming provisions allows for creation of mismatches,Tax Specialist,2016,Journal articles,,,Boccabella D,1,,,,,,UNSW staff profile,,,,,
Dale Boccabella,https://www.unsw.edu.au/staff/dale-boccabella,UNSW Sydney,Accounting,SOME COMMENTS ON THE ROLE OF A REVIEWER (REFEREE) OF AN ARTICLE,JOURNAL OF THE AUSTRALASIAN TAX TEACHERS ASSOCIATION,2016,Journal articles,,https://www.webofscience.com/api/gateway?GWVersion=2&SrcApp=PARTNER_APP&SrcAuth=LinksAMR&KeyUT=WOS%3A000393483600002&DestLinkType=FullRecord&DestApp=ALL_WOS&UsrCustomerID=891bb5ab6ba270e68a29b250adbe88d1,Boccabella D,1,11,pp. IV - VI,,,,UNSW staff profile,,,,,
Dale Boccabella,https://www.unsw.edu.au/staff/dale-boccabella,UNSW Sydney,Accounting,Step-up in cost base for MIT investors where “over-taxation” occurs: What about closely held trusts,Weekly Tax Bulletin,2016,Journal articles,,,Boccabella D,1,,,,,,UNSW staff profile,,,,,
Dale Boccabella,https://www.unsw.edu.au/staff/dale-boccabella,UNSW Sydney,Accounting,Removal of the GST low value threshold: Analysis of main design options and enforcement issues,Australian Tax Law Bulletin,2015,Journal articles,,,Boccabella D; Bain K,2,2015,pp. 172 - 177,,,,UNSW staff profile,,,,,
Dale Boccabella,https://www.unsw.edu.au/staff/dale-boccabella,UNSW Sydney,Accounting,Pattern of distributions test for discretionary trusts: defects reveal questionable policy design and implementation,"Australian Tax Forum: a journal of taxation policy, law and reform",2015,Journal articles,,,Boccabella D,1,30,pp. 411 - 434,,,,UNSW staff profile,,,,,
Dale Boccabella,https://www.unsw.edu.au/staff/dale-boccabella,UNSW Sydney,Accounting,"Reconciling the Overlap of Charging Provisions in Regard to Non-Cash Benefits from Employment, Personal Exertion and Business",Journal of Australian Taxation,2015,Journal articles,,,Boccabella D,1,17,pp. 85 - 138,,,,UNSW staff profile,,,,,
Dale Boccabella,https://www.unsw.edu.au/staff/dale-boccabella,UNSW Sydney,Accounting,Changing use of business structures: Have university business law teachers failed to reflect this in their teaching?,Journal of the Australasian Tax Teachers Association,2014,Journal articles,,http://search.informit.com.au/documentSummary;dn=943471682827903;res=IELBUS,Boccabella D; Freudenberg B,2,9,pp. 180 - 214,,,,UNSW staff profile,,,,,
Dale Boccabella,https://www.unsw.edu.au/staff/dale-boccabella,UNSW Sydney,Accounting,Shedding light on the two strands in Myer Emporium and related issues,ConTax - Student Member Newsletter of the Tax Institute,2014,Journal articles,,,Boccabella D; Seymour E,2,,,,,,UNSW staff profile,,,,,
Dale Boccabella,https://www.unsw.edu.au/staff/dale-boccabella,UNSW Sydney,Accounting,Defective pattern of distributions test guarantees revenue loss usage,Tax Specialist,2014,Journal articles,,http://search.informit.com.au/documentSummary;dn=775886739331652;res=IELBUS,Boccabella D,1,18,pp. 60 - 72,,,,UNSW staff profile,,,,,
Dale Boccabella,https://www.unsw.edu.au/staff/dale-boccabella,UNSW Sydney,Accounting,Lambert v FCT: Accountant and taxpayer trip up over discretionary trust,Australian Tax Law Bulletin,2014,Journal articles,,http://www.lexisnexis.com/au/legal/results/docview/attachRetrieve.do?csi=413869&A=0.2619583231313879&ersKey=23_T21822173935&urlEnc=ISO-8859-1&inline=y&smi=34591&componentseq=1&key=5CRB-N481-DYYB-T4TP-00000-00&type=pdf&displayType=full_pdf&lni=5CRB-N481-DYYB-T4TP&docTitle=Re%20Lambert%20and%20Commissioner%20of%20Taxation%3A%20discretionary%20trust%20trips%20up%20accountant%20and%20client%20of%20accountant,Boccabella D,1,1,pp. 36 - 41,,,,UNSW staff profile,,,,,
Dale Boccabella,https://www.unsw.edu.au/staff/dale-boccabella,UNSW Sydney,Accounting,Streaming notional net capital gains on vesting of discretionary trust asset in beneficiary: The “net financial benefit” difficulty,Weekly Tax Bulletin,2014,Journal articles,,,Boccabella D,1,,,,,,UNSW staff profile,,,,,
Dale Boccabella,https://www.unsw.edu.au/staff/dale-boccabella,UNSW Sydney,Accounting,The taxation of trusts: discourse has not been helpful,Weekly Tax Bulletin,2014,Journal articles,,,Boccabella D,1,,,,,,UNSW staff profile,,,,,
Dale Boccabella,https://www.unsw.edu.au/staff/dale-boccabella,UNSW Sydney,Accounting,"CGT Event K7 provides loss recognition for personal consumption expenditure; History, anomalies and policy basis",Australian Tax Review,2013,Journal articles,,http://www.westlaw.com.au/maf/wlau/app/document?docguid=I0c294434fa6811e29378fed7a4e63506&tocDs=AUNZ_AU_JOURNALS_TOC&isTocNav=true&startChunk=1&endChunk=1,Boccabella D,1,,,,,,UNSW staff profile,,,,,
Dale Boccabella,https://www.unsw.edu.au/staff/dale-boccabella,UNSW Sydney,Accounting,Extinguishment of tax attributes (e.g. losses) on death under Australia's income tax is anomalous and inequitable,"Australian Tax Forum: a journal of taxation policy, law and reform",2013,Journal articles,,http://search.informit.com.au/documentSummary;dn=834461540376443;res=IELBUS,Boccabella D,1,,pp. 233 - 271,,,,UNSW staff profile,,,,,
Dale Boccabella,https://www.unsw.edu.au/staff/dale-boccabella,UNSW Sydney,Accounting,"Removal of FBT statutory formula for valuing car fringe benefits is ""just"" the removal of a tax concession",,2013,Journal articles,,,Boccabella D,1,,pp. 1339 - 1343,,,,UNSW staff profile,,,,,
Dale Boccabella,https://www.unsw.edu.au/staff/dale-boccabella,UNSW Sydney,Accounting,The Oswal Case: difficulty of streaming a notional net capital gain to a beneficiary who has a vested interest in the asset,Weekly Tax Bulletin,2013,Journal articles,,,Boccabella D,1,,pp. 2079 - 2082,,,,UNSW staff profile,,,,,
Dale Boccabella,https://www.unsw.edu.au/staff/dale-boccabella,UNSW Sydney,Accounting,What should be the timing rule for 'derivation' of assessable income by beneficiaries of discretionary trusts?,Journal of Australian Taxation,2013,Journal articles,,"http://www.jausttax.com/Articles_Free/JAT%20Volume%2015,%20Issue%201%20-%20Boccabella.pdf",Boccabella D,1,15,pp. 85 - 131,,,,UNSW staff profile,,,,,
Dale Boccabella,https://www.unsw.edu.au/staff/dale-boccabella,UNSW Sydney,Accounting,An ordered approach to the tax rules for problem solving in a first Australian income taxation law course can improve student performance,eJournal of Tax Research,2012,Journal articles,,,Boccabella D,1,10,pp. 621 - 656,,,,UNSW staff profile,,,,,
Dale Boccabella,https://www.unsw.edu.au/staff/dale-boccabella,UNSW Sydney,Accounting,Another skirmish on the discretionary trust battlefield,Weekly Tax Bulletin,2012,Journal articles,,,Boccabella D,1,47,pp. 1710 - 1714,,,,UNSW staff profile,,,,,
Dale Boccabella,https://www.unsw.edu.au/staff/dale-boccabella,UNSW Sydney,Accounting,A loss-carryback rule for business losses in Australia: Some initial thoughts,Weekly Tax Bulletin,2011,Journal articles,,,Boccabella D,1,,pp. 1710 - 1714,,,,UNSW staff profile,,,,,
Dale Boccabella,https://www.unsw.edu.au/staff/dale-boccabella,UNSW Sydney,Accounting,High Court special leave application in Clark trust resettlement case: suggested considerations - Part 1,Weekly Tax Bulletin,2011,Journal articles,,,Boccabella D,1,,pp. 1166 - 1170,,,,UNSW staff profile,,,,,
Dale Boccabella,https://www.unsw.edu.au/staff/dale-boccabella,UNSW Sydney,Accounting,High Court special leave application in Clark trust resettlement case: suggested considerations - Part 2,Weekly Tax Bulletin,2011,Journal articles,,,Boccabella D,1,,,,,,UNSW staff profile,,,,,
Dale Boccabella,https://www.unsw.edu.au/staff/dale-boccabella,UNSW Sydney,Accounting,Is the Clark trust case a reminder of another mystery “lurking” in the Trust Loss Rules?,Weekly Tax Bulletin,2011,Journal articles,,,Boccabella D,1,,pp. 573 - 575,,,,UNSW staff profile,,,,,
Dale Boccabella,https://www.unsw.edu.au/staff/dale-boccabella,UNSW Sydney,Accounting,Theft of trading stock: preventing a double deduction on loss by theft is problematic,Australian Tax Review,2011,Journal articles,,,Boccabella D,1,40,pp. 26 - 51,,,,UNSW staff profile,,,,,
Dale Boccabella,https://www.unsw.edu.au/staff/dale-boccabella,UNSW Sydney,Accounting,Special leave application in Anstis raises some fundamental issues,Weekly Tax Bulletin,2010,Journal articles,,,Boccabella D,1,,pp. 389 - 392,,,,UNSW staff profile,,,,,
Dale Boccabella,https://www.unsw.edu.au/staff/dale-boccabella,UNSW Sydney,Accounting,Self-education expenses - the importance of the Anstis case,Weekly Tax Bulletin,2009,Journal articles,,,Boccabella D,1,2009,pp. 671 - 673,,,,UNSW staff profile,,,,,
Dale Boccabella,https://www.unsw.edu.au/staff/dale-boccabella,UNSW Sydney,Accounting,Taxing the family home: status quo is not a principled position,Weekly Tax Bulletin,2009,Journal articles,,,Boccabella D,1,,,,,,UNSW staff profile,,,,,
Dale Boccabella,https://www.unsw.edu.au/staff/dale-boccabella,UNSW Sydney,Accounting,The Anstis appeal and self-education expenses: deduction denial more likely,Weekly Tax Bulletin,2009,Journal articles,,,Boccabella D,1,2009,pp. 1500 - 1504,,,,UNSW staff profile,,,,,
Dale Boccabella,https://www.unsw.edu.au/staff/dale-boccabella,UNSW Sydney,Accounting,$250 deduction denial for expenses of self-education: Retention of Section 82A is a mystery,Australian Tax Review,2008,Journal articles,,,Boccabella D,1,37,pp. 164 - 191,,,,UNSW staff profile,,,,,
Dale Boccabella,https://www.unsw.edu.au/staff/dale-boccabella,UNSW Sydney,Accounting,Are Mortgage Discharge Fees and Expenses,Weekly Tax Bulletin,2007,Journal articles,,,Boccabella D,1,2007,pp. 1633 - 1635,,,,UNSW staff profile,,,,,
Dale Boccabella,https://www.unsw.edu.au/staff/dale-boccabella,UNSW Sydney,Accounting,"Continuity of Business Test and Large Company Tax Losses: Yes, No, Perhaps and Yes Again",Weekly Tax Bulletin,2007,Journal articles,,,Boccabella D,1,2007,pp. 866 - 867,,,,UNSW staff profile,,,,,
Dale Boccabella,https://www.unsw.edu.au/staff/dale-boccabella,UNSW Sydney,Accounting,Enactment of deduction rule regarding travel between workplaces or income producing activities can lead to errors,Journal of Australian Taxation,2007,Journal articles,,http://classic.austlii.edu.au/au/journals/JlATax/2007/4.html,Boccabella D,1,10,pp. 133 - 181,,,,UNSW staff profile,,,,,
Dale Boccabella,https://www.unsw.edu.au/staff/dale-boccabella,UNSW Sydney,Accounting,Inclusion in cost base of investment property of interest denied deductibility under a split loan because of Part IVA: some follow up analysis,Revenue Law Journal,2007,Journal articles,,,Boccabella D,1,17,pp. 138 - 160,,,,UNSW staff profile,,,,,
Dale Boccabella,https://www.unsw.edu.au/staff/dale-boccabella,UNSW Sydney,Accounting,Share sales at amounts significantly in excess of market value on long-dated payment terms,Australian Tax Review,2007,Journal articles,,,Boccabella D,1,36,pp. 78 - 99,,,,UNSW staff profile,,,,,
Dale Boccabella,https://www.unsw.edu.au/staff/dale-boccabella,UNSW Sydney,Accounting,Should CGT Asset Cost Base Inclusion take Priority over the Black-Hole Expenditure Section?,Weekly Tax Bulletin,2007,Journal articles,,,Boccabella D,1,2007,pp. 2093 - 2096,,,,UNSW staff profile,,,,,
Dale Boccabella,https://www.unsw.edu.au/staff/dale-boccabella,UNSW Sydney,Accounting,"The ""no gain/no loss"" rule: A reminder of nothings",Weekly Tax Bulletin,2006,Journal articles,,,Boccabella D,1,2006,pp. 1176 - 1179,,,,UNSW staff profile,,,,,
Dale Boccabella,https://www.unsw.edu.au/staff/dale-boccabella,UNSW Sydney,Accounting,ATO`s determination on CGT cost base inclusion for interest expenditure denied deductibility under split loans because of Part IVA is flawed and misleading,Revenue Law Journal,2005,Journal articles,,,Boccabella D,1,15,pp. 50 - 89,,,,UNSW staff profile,,,,,
Dale Boccabella,https://www.unsw.edu.au/staff/dale-boccabella,UNSW Sydney,Accounting,Is the Australian Taxation Office failing to use all its weapons aggressive tax planning? An analysis against the facts in Puzey v FCT,Journal of Australian Taxation,2005,Journal articles,,,Boccabella D,1,8,pp. 217 - 288,,,,UNSW staff profile,,,,,
Dale Boccabella,https://www.unsw.edu.au/staff/dale-boccabella,UNSW Sydney,Accounting,Does the interest expenditure denied deductibility in Hart's case enter the CGT cost base of the investment property? An examination of the key issues,Australian Tax Review,2004,Journal articles,,,Boccabella D,1,33,pp. 216 - 238,,,,UNSW staff profile,,,,,
Dale Boccabella,https://www.unsw.edu.au/staff/dale-boccabella,UNSW Sydney,Accounting,Home loan unit trust arrangement: nature and quantum of advantage sought and analysis of tax effectiveness under the non-Part IVA provisions,Australian Tax Review,2003,Journal articles,,,Boccabella D; O Sullivan TD,2,32,pp. 73 - 102,,,,UNSW staff profile,,,,,
Dale Boccabella,https://www.unsw.edu.au/staff/dale-boccabella,UNSW Sydney,Accounting,Home loan unit trust arrangements: analysis of application of Part IVA,Australian Tax Review,2003,Journal articles,,,Boccabella D; O Sullivan TD,2,32,pp. 236 - 277,,,,UNSW staff profile,,,,,
Dale Boccabella,https://www.unsw.edu.au/staff/dale-boccabella,UNSW Sydney,Accounting,ATO's scrutiny of service trusts (entities) may result in over-punishment of taxpayers,Weekly Tax Bulletin,2003,Journal articles,,,Boccabella D,1,2003,pp. 1359 - 1361,,,,UNSW staff profile,,,,,
Dale Boccabella,https://www.unsw.edu.au/staff/dale-boccabella,UNSW Sydney,Accounting,Denial of franking account credit for carry forward surplus may expose companies to 'franking additional tax,Weekly Tax Bulletin,2003,Journal articles,,,Boccabella D,1,2003,pp. 1274 - 1278,,,,UNSW staff profile,,,,,
Dale Boccabella,https://www.unsw.edu.au/staff/dale-boccabella,UNSW Sydney,Accounting,Was the ATO too quick in rejecting a cash basis of 'incurred' - analysis of ATO's rejection against the background of a standard split loan,Australian Tax Review,2003,Journal articles,,,Boccabella D,1,32,pp. 103 - 121,,,,UNSW staff profile,,,,,
Dale Boccabella,https://www.unsw.edu.au/staff/dale-boccabella,UNSW Sydney,Accounting,Wish list of inclusions in forthcoming ruling on distributions of partnership profits,Weekly Tax Bulletin,2003,Journal articles,,,Boccabella D,1,2003,pp. 1869 - 1873,,,,UNSW staff profile,,,,,
Dale Boccabella,https://www.unsw.edu.au/staff/dale-boccabella,UNSW Sydney,Accounting,Budplan case: Not a victory on every front for the Commissioner,Weekly Tax Bulletin,2002,Journal articles,,,Boccabella D; Harris J,2,2002,pp. 680 - 684,,,,UNSW staff profile,,,,,
Dale Boccabella,https://www.unsw.edu.au/staff/dale-boccabella,UNSW Sydney,Accounting,Assessable income dropout of receivables on changeover from cash to accruals tax accounting: Another nail in Henderson coffin,Weekly Tax Bulletin,2002,Journal articles,,,Boccabella D,1,2002,pp. 1951 - 1955,,,,UNSW staff profile,,,,,
Dale Boccabella,https://www.unsw.edu.au/staff/dale-boccabella,UNSW Sydney,Accounting,Discount capital gains and car fringe benefits: Where is tax paternalism when it`s really needed?,Weekly Tax Bulletin,2002,Journal articles,,,Boccabella D,1,2002,pp. 720 - 723,,,,UNSW staff profile,,,,,
Dale Boccabella,https://www.unsw.edu.au/staff/dale-boccabella,UNSW Sydney,Accounting,Home loan unit trust arrangement: Response to some pro-taxpayer assertions,Weekly Tax Bulletin,2002,Journal articles,,,Boccabella D,1,2002,pp. 883 - 888,,,,UNSW staff profile,,,,,
Dale Boccabella,https://www.unsw.edu.au/staff/dale-boccabella,UNSW Sydney,Accounting,"Non self-executing nature of Part IVA: Potential opportunity for ATO, and pitfall for taxpayers",Weekly Tax Bulletin,2002,Journal articles,,,Boccabella D,1,,pp. 1814 - 1818,,,,UNSW staff profile,,,,,
Dale Boccabella,https://www.unsw.edu.au/staff/dale-boccabella,UNSW Sydney,Accounting,Success of latest home loan tax scheme relies on taxation of imputed rent,Weekly Tax Bulletin,2002,Journal articles,,,Boccabella D,1,2002,pp. 206 - 209,,,,UNSW staff profile,,,,,
Dale Boccabella,https://www.unsw.edu.au/staff/dale-boccabella,UNSW Sydney,Accounting,Tips and Gratuities: Inconsistent treatment is hard to justify,The Tax Specialist,2002,Journal articles,,,Boccabella D,1,5,pp. 110 - 116,,,,UNSW staff profile,,,,,
Dale Boccabella,https://www.unsw.edu.au/staff/dale-boccabella,UNSW Sydney,Accounting,Vincent case contains one concern for ATO,Weekly Tax Bulletin,2002,Journal articles,,,Boccabella D,1,2002,pp. 1098 - 1100,,,,UNSW staff profile,,,,,
Dale Boccabella,https://www.unsw.edu.au/staff/dale-boccabella,UNSW Sydney,Accounting,GST: Selling business cars - another pitfall for the unwary,Goods and Services Tax Journal,2001,Journal articles,,,Boccabella D,1,148,,,,,UNSW staff profile,,,,,
Dale Boccabella,https://www.unsw.edu.au/staff/dale-boccabella,UNSW Sydney,Accounting,GST: Selling business cars - another pitfall for the unwary,Weekly Tax Bulletin,2001,Journal articles,,,Boccabella D,1,,pp. 1539 - 1541,,,,UNSW staff profile,,,,,
Dale Boccabella,https://www.unsw.edu.au/staff/dale-boccabella,UNSW Sydney,Accounting,PSI Rules and Part IVA: Unlikely to be an exclusive code,Weekly Tax Bulletin,2001,Journal articles,,,Boccabella D,1,,pp. 1235 - 1236,,,,UNSW staff profile,,,,,
Dale Boccabella,https://www.unsw.edu.au/staff/dale-boccabella,UNSW Sydney,Accounting,Political Parties and ATO embrace presumptive taxes: Scope for further use?,Weekly Tax Bulletin,2001,Journal articles,,,Boccabella D,1,,pp. 1509 - 1513,,,,UNSW staff profile,,,,,
Dale Boccabella,https://www.unsw.edu.au/staff/dale-boccabella,UNSW Sydney,Accounting,GST and Commercial Real Estate: A Double Warning for Owners,Australian Law Journal,2000,Journal articles,,,Boccabella D; Taylor,2,74,pp. 77 - 81,,,,UNSW staff profile,,,,,
Dale Boccabella,https://www.unsw.edu.au/staff/dale-boccabella,UNSW Sydney,Accounting,GST on Commercial Real Estate,NSW Law Society Journal,2000,Journal articles,,,Boccabella D; Taylor,2,5,pp. 38 - 39,,,,UNSW staff profile,,,,,
Dale Boccabella,https://www.unsw.edu.au/staff/dale-boccabella,UNSW Sydney,Accounting,The Impact of GST on Sale and Rental of Real Estate,Australian Law Journal,2000,Journal articles,,,Boccabella D; Taylor,2,74,pp. 211 - 216,,,,UNSW staff profile,,,,,
Dale Boccabella,https://www.unsw.edu.au/staff/dale-boccabella,UNSW Sydney,Accounting,When and How to Use the GST Property Margin Scheme,NSW Law Society Journal,2000,Journal articles,,,Boccabella D; Taylor,2,8,pp. 58 - 62,,,,UNSW staff profile,,,,,
Dale Boccabella,https://www.unsw.edu.au/staff/dale-boccabella,UNSW Sydney,Accounting,Australia’s GST & Commercial Real Estate: Words of Caution for Foreign Investors,Company and Securities Law Journal,2000,Journal articles,,,Boccabella D,1,4,pp. 42 - 44,,,,UNSW staff profile,,,,,
Dale Boccabella,https://www.unsw.edu.au/staff/dale-boccabella,UNSW Sydney,Accounting,Australia’s Tax Reform Rejects or Modifies Fundamental Tax Principles,Australian Tax Review,2000,Journal articles,,,Boccabella D,1,29,pp. 81 - 95,,,,UNSW staff profile,,,,,
Dale Boccabella,https://www.unsw.edu.au/staff/dale-boccabella,UNSW Sydney,Accounting,Cash Flow/Tax Value Method: Platform for Accruals Taxation Indelibly Planted,Taxation in Australia (Blue Edition),2000,Journal articles,,,Boccabella D,1,,,,,,UNSW staff profile,,,,,
Dale Boccabella,https://www.unsw.edu.au/staff/dale-boccabella,UNSW Sydney,Accounting,Deductions for Expenses of Travelling to and from Work: Reminder of Obscure Deduction,Weekly Tax Bulletin,2000,Journal articles,,,Boccabella D,1,,pp. 102 - 104,,,,UNSW staff profile,,,,,
Dale Boccabella,https://www.unsw.edu.au/staff/dale-boccabella,UNSW Sydney,Accounting,Proposed Cash Flow/Tax Value Method Provides Base for Accruals Taxation,Weekly Tax Bulletin,2000,Journal articles,,,Boccabella D,1,,pp. 155 - 159,,,,UNSW staff profile,,,,,
Dale Boccabella,https://www.unsw.edu.au/staff/dale-boccabella,UNSW Sydney,Accounting,Proposed Cash Flow/Tax Value Method of Determining Taxable Income: Structure and Application,Journal of Australian Taxation,2000,Journal articles,,,Boccabella D,1,2,pp. 88 - 106,,,,UNSW staff profile,,,,,
Dale Boccabella,https://www.unsw.edu.au/staff/dale-boccabella,UNSW Sydney,Accounting,Retaining a Work in Progress Advantage under the Ralph Report,Taxation in Australia,2000,Journal articles,,,Boccabella D,1,34,pp. 586 - 587,,,,UNSW staff profile,,,,,
Dale Boccabella,https://www.unsw.edu.au/staff/dale-boccabella,UNSW Sydney,Accounting,Continuity of Business Tests Facilitate the Transfer of Tax Attributes under Australia’s Income Tax: Technical Issues and Policy Justification,Australian Tax Forum Journal,1999,Journal articles,,,Boccabella D,1,15,pp. 243 - 356,,,,UNSW staff profile,,,,,
Dale Boccabella,https://www.unsw.edu.au/staff/dale-boccabella,UNSW Sydney,Accounting,Difference between Trust Law Income and Taxable Income: Challenge for Supporters of Quantum View,Weekly Tax Bulletin,1999,Journal articles,,,Boccabella D,1,,,,,,UNSW staff profile,,,,,
Dale Boccabella,https://www.unsw.edu.au/staff/dale-boccabella,UNSW Sydney,Accounting,GST and Trade Unions,GST Today,1999,Journal articles,,,Boccabella D,1,,pp. 8 - 9,,,,UNSW staff profile,,,,,
Dale Boccabella,https://www.unsw.edu.au/staff/dale-boccabella,UNSW Sydney,Accounting,Relearning and Unlearning Established Tax Concepts,Weekly Tax Bulletin,1999,Journal articles,,,Boccabella D,1,,pp. 1363 - 1367,,,,UNSW staff profile,,,,,
Dale Boccabella,https://www.unsw.edu.au/staff/dale-boccabella,UNSW Sydney,Accounting,FCT v Rowe: Will the High Court Overrule Itself?,Taxation in Australia: Red Edition,1996,Journal articles,,,Boccabella D,1,4,pp. 194 - 205,,,,UNSW staff profile,,,,,
Dale Boccabella,https://www.unsw.edu.au/staff/dale-boccabella,UNSW Sydney,Accounting,FCT v Rowe: Will the High Court Overrule Itself?,Taxation in Australia,1996,Journal articles,,,Boccabella D,1,30,pp. 494 - 495,,,,UNSW staff profile,,,,,
Dale Boccabella,https://www.unsw.edu.au/staff/dale-boccabella,UNSW Sydney,Accounting,Cast in Concrete: The Allowable Deduction Provisions,Taxation in Australia (Blue Edition),1995,Journal articles,,,Boccabella D,1,,,,,,UNSW staff profile,,,,,
Dale Boccabella,https://www.unsw.edu.au/staff/dale-boccabella,UNSW Sydney,Accounting,FBT Deductibility: Policy Issues and TR 95/24,Taxation In Australia (Red Edition),1995,Journal articles,,,Boccabella D,1,,,,,,UNSW staff profile,,,,,
Dale Boccabella,https://www.unsw.edu.au/staff/dale-boccabella,UNSW Sydney,Accounting,FBT deductibility Draft Ruling: Technically Deficient but still useful for many Taxpayers,Butterworth's Fringe Benefits Tax Bulletin,1995,Journal articles,,,Boccabella D,1,,pp. 92 - 95,,,,UNSW staff profile,,,,,
Dale Boccabella,https://www.unsw.edu.au/staff/dale-boccabella,UNSW Sydney,Accounting,Section 80E and the Continuity of Business Draft Ruling: Time to Focus on Key Matters,Weekly Tax Bulletin,1995,Journal articles,,,Boccabella D,1,,pp. 407 - 409,,,,UNSW staff profile,,,,,
Dale Boccabella,https://www.unsw.edu.au/staff/dale-boccabella,UNSW Sydney,Accounting,CGT and Damages: The Challenge to Restore Coherence - Part 1: The basic Principles and Problems,Taxation in Australia: Red Edition,1994,Journal articles,,,Boccabella D,1,3,pp. 8 - 14,,,,UNSW staff profile,,,,,
Dale Boccabella,https://www.unsw.edu.au/staff/dale-boccabella,UNSW Sydney,Accounting,CGT and Damages: The Challenge to Restore Coherence - Part 2: A Suggested Framework for Approaching the Problem,Taxation in Australia: Red Edition,1994,Journal articles,,,Boccabella D,1,3,pp. 15 - 17,,,,UNSW staff profile,,,,,
Dale Boccabella,https://www.unsw.edu.au/staff/dale-boccabella,UNSW Sydney,Accounting,Ill-gotten gains and the ATO’s Ruling: Some Observations,Weekly Tax Bulletin,1994,Journal articles,,,Boccabella D,1,,pp. 382 - 384,,,,UNSW staff profile,,,,,
Dale Boccabella,https://www.unsw.edu.au/staff/dale-boccabella,UNSW Sydney,Accounting,The Section 51 Private/Income Producing Boundary: Some Recent Developments and the Future,Weekly Tax Bulletin,1994,Journal articles,,,Boccabella D,1,,pp. 134 - 136,,,,UNSW staff profile,,,,,
Dale Boccabella,https://www.unsw.edu.au/staff/dale-boccabella,UNSW Sydney,Accounting,CGT and Damages Awards: The Essential Issues,Butterworth's Capital Gains Tax Circular,1993,Journal articles,,,Boccabella D,1,,pp. 3 - 5,,,,UNSW staff profile,,,,,
Dale Boccabella,https://www.unsw.edu.au/staff/dale-boccabella,UNSW Sydney,Accounting,Capital Gains Tax and Damages: The treatment can cohere with the CGT framework,Weekly Tax Bulletin,1993,Journal articles,,,Boccabella D,1,,pp. 870 - 872,,,,UNSW staff profile,,,,,
Dale Boccabella,https://www.unsw.edu.au/staff/dale-boccabella,UNSW Sydney,Accounting,Legal Professional Privilege: The Case for Tax Accountants’ Clients,Taxation in Australia,1993,Journal articles,,,Boccabella D,1,27,pp. 391 - 397,,,,UNSW staff profile,,,,,
Dale Boccabella,https://www.unsw.edu.au/staff/dale-boccabella,UNSW Sydney,Accounting,"Taxpayer Complaints: The new Objection, Appeal and Review Provisions",Taxation in Australia,1993,Journal articles,,,Boccabella D,1,27,pp. 566 - 567,,,,UNSW staff profile,,,,,
Rodney Brown,https://www.unsw.edu.au/staff/rodney-brown,UNSW Sydney,Accounting,Superannuation taxation: Options for best practice reform,"Australian Tax Forum: a journal of taxation policy, law and reform",2025,Journal articles,,,Brown R; Sadiq K; Donald S,3,40,pp. 267 - 310,,,,UNSW staff profile,,,,,
Rodney Brown,https://www.unsw.edu.au/staff/rodney-brown,UNSW Sydney,Accounting,The democratisation of international taxation: Stemming aggressive tax practices for economic development,eJournal of Tax Research,2025,Journal articles,,https://www.unsw.edu.au/business/our-research/research-environment/ejournal-of-tax-research/issues/past-issues,Brown R; Sadiq K,2,23,pp. 134 - 161,,,,UNSW staff profile,,,,,
Rodney Brown,https://www.unsw.edu.au/staff/rodney-brown,UNSW Sydney,Accounting,Revisiting Unitary Taxation with Formulary Apportionment Using Public Country-by-Country Reports,British Tax Review,2024,Journal articles,,,Brown RJ; Jorgensen BN; Sadiq K,3,2024,pp. 407 - 453,,,,UNSW staff profile,,,,,
Rodney Brown,https://www.unsw.edu.au/staff/rodney-brown,UNSW Sydney,Accounting,A diagnostic tool for assessing the corporate income tax compliance burden: Pilot study findings,eJournal of Tax Research,2023,Journal articles,,https://www.unsw.edu.au/content/dam/pdfs/business/acct-audit-tax/research-reports/ejournal-of-tax-research/2023-volume-20%2c-number-2/V20-No2-A-diagnostic-tool-P168.pdf,Brown R; Sadiq K,2,20,pp. 168 - 202,,,,UNSW staff profile,,,,,
Rodney Brown,https://www.unsw.edu.au/staff/rodney-brown,UNSW Sydney,Accounting,An empirical study of the Australian Senate Inquiry into corporate tax avoidance,"Australian Tax Forum: a journal of taxation policy, law and reform",2023,Journal articles,,,Brown R,1,38,pp. 569 - 610,,,,UNSW staff profile,,,,,
Rodney Brown,https://www.unsw.edu.au/staff/rodney-brown,UNSW Sydney,Accounting,A matter of trust? Corporate taxpayers' experience with the ATO's Justified Trust Program,Australian Tax Review,2022,Journal articles,,https://anzlaw.thomsonreuters.com/Document/I22b8b1bb68a711ed82418c0d679ceb17/View/FullText.html?transitionType=Default&contextData=%28sc.Default%29&VR=3.0&RS=cblt1.0,Brown R,1,51,pp. 258 - 277,,,,UNSW staff profile,,,,,
Rodney Brown,https://www.unsw.edu.au/staff/rodney-brown,UNSW Sydney,Accounting,New frontiers in tax administration,Australian Tax Review,2022,Journal articles,,,Brown R,1,51,pp. 207 - 209,,,,UNSW staff profile,,,,,
Rodney Brown,https://www.unsw.edu.au/staff/rodney-brown,UNSW Sydney,Accounting,The impact of full franking credit refundability on corporate tax avoidance,eJournal of Tax Research,2020,Journal articles,,http://classic.austlii.edu.au/au/journals/eJlTaxR/2020/1.html,Brown R; Lim Y; Evans C,3,17,pp. 134 - 167,,,,UNSW staff profile,,,,,
Rodney Brown,https://www.unsw.edu.au/staff/rodney-brown,UNSW Sydney,Accounting,The impact of increased tax transparency via public country-by-country reporting on corporate tax aggressiveness: evidence from the European Union,"Australian Tax Forum: a journal of taxation policy, law and reform",2020,Journal articles,,,Brown R,1,35,pp. 596 - 637,,,,UNSW staff profile,,,,,
Rodney Brown,https://www.unsw.edu.au/staff/rodney-brown,UNSW Sydney,Accounting,Voluntary tax disclosures and corporate tax avoidance: Evidence from Australia,"Australian Tax Forum: a journal of taxation policy, law and reform",2020,Journal articles,,,Brown R,1,35,pp. 391 - 429,,,,UNSW staff profile,,,,,
Rodney Brown,https://www.unsw.edu.au/staff/rodney-brown,UNSW Sydney,Accounting,"The interplay between mandatory country-by-country tax disclosures, geographic segment reporting, and tax havens: Evidence from the European Union",Journal of Accounting and Public Policy,2019,Journal articles,10.1016/j.jaccpubpol.2019.02.001,http://dx.doi.org/10.1016/j.jaccpubpol.2019.02.001,Brown R; Jorgensen B; Pope P,3,38,pp. 106 - 129,,,0.98552852,UNSW staff profile,True,66,12.5852,0278-4254,W2923909229
Elizabeth Carson,https://www.unsw.edu.au/staff/elizabeth-carson,UNSW Sydney,Accounting,Establishment of National Public Audit Oversight Boards: Descriptive Evidence and Implications for Audit Quality,Journal of Accounting Research,2026,Journal articles,10.1111/1475-679X.70008,http://dx.doi.org/10.1111/1475-679X.70008,Carson E; Lamoreaux P; Simnett R; Thürheimer U; Vanstraelen A,5,64,pp. 127 - 180,,,0.98762949,UNSW staff profile,True,7,14.8611,0021-8456,W4412881975
Elizabeth Carson,https://www.unsw.edu.au/staff/elizabeth-carson,UNSW Sydney,Accounting,Does Involvement of Component Auditors Deter Multinational Enterprises’ Extreme Tax Aggressiveness?,Auditing: A journal of Practice and Theory,2025,Journal articles,10.2308/AJPT-2021-050,http://dx.doi.org/10.2308/AJPT-2021-050,Fu D; Carson E; Lim Y,3,,,,,0.39910557,UNSW staff profile,False,0,0.0,0278-0380,W4415671756
Elizabeth Carson,https://www.unsw.edu.au/staff/elizabeth-carson,UNSW Sydney,Accounting,Accounting firm office size and tax aggressiveness,Accounting and Finance,2024,Journal articles,10.1111/acfi.13177,http://dx.doi.org/10.1111/acfi.13177,Fu Y; Lim Y; Carson E,3,64,pp. 1183 - 1219,,,0.77347601,UNSW staff profile,False,2,0.8157,0810-5391,W4386751389
Elizabeth Carson,https://www.unsw.edu.au/staff/elizabeth-carson,UNSW Sydney,Accounting,The audit market for listed Australian companies from 2012 to 2018: A state of play,Australian Journal of Management,2023,Journal articles,10.1177/03128962221124642,http://dx.doi.org/10.1177/03128962221124642,Carson E; Fu Y; Thürheimer U; Xu Y,4,48,pp. 524 - 549,,,0.58740698,UNSW staff profile,False,5,0.2784,0312-8962,W4307052011
Elizabeth Carson,https://www.unsw.edu.au/staff/elizabeth-carson,UNSW Sydney,Accounting,"Involvement of Component Auditors in Multinational Group Audits: Determinants, Audit Quality, and Audit Fees",Journal of Accounting Research,2022,Journal articles,10.1111/1475-679X.12418,http://dx.doi.org/10.1111/1475-679X.12418,Carson E; Simnett R; Thürheimer U; Vanstraelen A,4,60,pp. 1419 - 1462,,,0.97697489,UNSW staff profile,True,56,8.1597,0021-8456,W4200627334
Elizabeth Carson,https://www.unsw.edu.au/staff/elizabeth-carson,UNSW Sydney,Accounting,Auditors’ propensity and accuracy in issuing going-concern modified audit opinions for charities,Accounting and Finance,2022,Journal articles,10.1111/acfi.12823,http://dx.doi.org/10.1111/acfi.12823,Yang Y; Simnett R; Carson E,3,62,pp. 1273 - 1306,,,0.79804344,UNSW staff profile,False,7,1.1255,0810-5391,W3185029030
Elizabeth Carson,https://www.unsw.edu.au/staff/elizabeth-carson,UNSW Sydney,Accounting,Explaining auditors’ propensity to issue going-concern opinions in Australia after the global financial crisis,Accounting and Finance,2019,Journal articles,10.1111/acfi.12313,http://dx.doi.org/10.1111/acfi.12313,Carson E; Fargher N; Zhang Y,3,59,pp. 2415 - 2453,,,0.76889407,UNSW staff profile,False,23,0.5755,0810-5391,W2771716315
Elizabeth Carson,https://www.unsw.edu.au/staff/elizabeth-carson,UNSW Sydney,Accounting,Trends in Auditor Reporting in Australia: A Synthesis and Opportunities for Research,Australian Accounting Review,2016,Journal articles,10.1111/auar.12124,http://dx.doi.org/10.1111/auar.12124,Carson E; Fargher N; Zhang Y,3,26,pp. 226 - 242,,,0.97957549,UNSW staff profile,True,26,10.1721,1035-6908,W2520199260
Elizabeth Carson,https://www.unsw.edu.au/staff/elizabeth-carson,UNSW Sydney,Accounting,"International archival auditing and assurance research: Trends, methodological issues, and opportunities",Auditing,2016,Journal articles,10.2308/ajpt-51377,http://dx.doi.org/10.2308/ajpt-51377,Simnett R; Carson E; Vanstraelen A,3,35,pp. 1 - 32,,,0.99598506,UNSW staff profile,True,116,30.0765,0278-0380,W2224300146
Elizabeth Carson,https://www.unsw.edu.au/staff/elizabeth-carson,UNSW Sydney,Accounting,Transparency report disclosure by Australian audit firms and opportunities for research,Managerial Auditing Journal,2015,Journal articles,10.1108/MAJ-06-2015-1201,http://dx.doi.org/10.1108/MAJ-06-2015-1201,Fu Y; Carson E; Simnett R,3,30,pp. 870 - 910,,,0.96862981,UNSW staff profile,True,54,7.7541,0268-6902,W1904184574
Elizabeth Carson,https://www.unsw.edu.au/staff/elizabeth-carson,UNSW Sydney,Accounting,Audit market structure and competition in Australia,Australian Accounting Review,2014,Journal articles,10.1111/auar.12041,http://dx.doi.org/10.1111/auar.12041,Carson E; Redmayne NB; Liao L,3,24,pp. 298 - 312,,,0.96647742,UNSW staff profile,True,41,7.3396,1035-6908,W1663315270
Elizabeth Carson,https://www.unsw.edu.au/staff/elizabeth-carson,UNSW Sydney,Accounting,Discussion of 'Strategic pricing by Big 4 audit firms in private client segments,Accounting and Finance,2013,Journal articles,10.1111/acfi.12041,http://dx.doi.org/10.1111/acfi.12041,Carson E,1,53,pp. 995 - 999,,,,UNSW staff profile,,4,,0810-5391,W1984038120
Elizabeth Carson,https://www.unsw.edu.au/staff/elizabeth-carson,UNSW Sydney,Accounting,Audit Reporting on Going-Concern Uncertainty: A Research Synthesis,Auditing: A Journal of Practice and Theory,2013,Journal articles,,http://papers.ssrn.com/sol3/papers.cfm?abstract_id=2000496,Carson EA; Fargher N; Geiger MA; Lennox CS; Raghunandan K; Willekens M,6,32,pp. 353 - 384,,,,UNSW staff profile,,,,,
Elizabeth Carson,https://www.unsw.edu.au/staff/elizabeth-carson,UNSW Sydney,Accounting,Responses by Australian auditors to the global financial crisis,Accounting and Finance,2013,Journal articles,10.1111/j.1467-629X.2011.00459.x,http://dx.doi.org/10.1111/j.1467-629X.2011.00459.x,Xu Y; Carson EA; Fargher N; Jiang L,4,53,pp. 301 - 338,,,0.95500404,UNSW staff profile,True,172,5.6614,0810-5391,W2017118039
Elizabeth Carson,https://www.unsw.edu.au/staff/elizabeth-carson,UNSW Sydney,Accounting,"The competitive advantage of audit support systems: the association between extent of structure and audit pricing,",Journal of Information Systems,2012,Journal articles,10.2308/isys-10256,http://dx.doi.org/10.2308/isys-10256,Carson EA; Dowling C,2,26,pp. 35 - 49,,,0.95829814,UNSW staff profile,True,30,5.8312,0888-7985,W2103859353
Elizabeth Carson,https://www.unsw.edu.au/staff/elizabeth-carson,UNSW Sydney,Accounting,Changes in Audit Market Competition and the Big N Premium,Auditing: A Journal of Practice and Theory,2012,Journal articles,10.2308/ajpt-10295,http://dx.doi.org/10.2308/ajpt-10295,Carson EA; Simnett R; Soo B; Wright AM,4,31,pp. 47 - 73,,,0.99011121,UNSW staff profile,True,116,18.5197,0278-0380,W2049476258
Elizabeth Carson,https://www.unsw.edu.au/staff/elizabeth-carson,UNSW Sydney,Accounting,Audit reports in Australia During the Period of the Global Financial Crisis,Australian Accounting Review,2011,Journal articles,,,Carson EA; Jiang A; Fargher N; Xu Y,4,21,pp. 22 - 31,,,,UNSW staff profile,,,,,
Elizabeth Carson,https://www.unsw.edu.au/staff/elizabeth-carson,UNSW Sydney,Accounting,Threats to Auditor Independence:  The Impact of Relationship and Economic Bonds,Auditing - a Journal of Practice and Theory,2011,Journal articles,,,Carson EA; Simnett R; Ye P,3,30,pp. 121 - 148,,,,UNSW staff profile,,,,,
Elizabeth Carson,https://www.unsw.edu.au/staff/elizabeth-carson,UNSW Sydney,Accounting,Impact of the Sarbanes Oxley Act on the Audit Fees of Australian Listed Firms,International Journal of Auditing,2009,Journal articles,,,Carson EA; Salman FM,2,13,pp. 127 - 140,,,,UNSW staff profile,,,,,
Elizabeth Carson,https://www.unsw.edu.au/staff/elizabeth-carson,UNSW Sydney,Accounting,Industry Specialization by Global Audit Firms,Accounting Review,2009,Journal articles,10.2308/accr.2009.84.2.355,http://dx.doi.org/10.2308/accr.2009.84.2.355,Carson EA,1,84,pp. 355 - 382,,,0.99278715,UNSW staff profile,True,281,23.5836,0001-4826,W2088385344
Elizabeth Carson,https://www.unsw.edu.au/staff/elizabeth-carson,UNSW Sydney,Accounting,Exquisite torture: The autoeroticism of Pope's Eloisa,Eighteenth Century Studies,2007,Journal articles,10.1353/ecs.2007.0038,http://dx.doi.org/10.1353/ecs.2007.0038,Carson AE,1,40,pp. 615 - 629,,,0.18929295,UNSW staff profile,False,2,0.0,0013-2586,W1977906136
Elizabeth Carson,https://www.unsw.edu.au/staff/elizabeth-carson,UNSW Sydney,Accounting,The Impact of Stakeholder Characteristics on Voluntary Dissemination of Interim Information and Communication of its Level of Assurance.,Accounting and Finance,2007,Journal articles,,,Carson EA; Chen L; Simnett R,3,47,pp. 667 - 691,,,,UNSW staff profile,,,,,
Elizabeth Carson,https://www.unsw.edu.au/staff/elizabeth-carson,UNSW Sydney,Accounting,Note on Audit Fee Premiums to Client Size and Industry Specialisation.,Accounting and Finance,2007,Journal articles,,,Carson EA; Fargher N,2,47,pp. 423 - 446,,,,UNSW staff profile,,,,,
Elizabeth Carson,https://www.unsw.edu.au/staff/elizabeth-carson,UNSW Sydney,Accounting,Australian Audit Reports: 1996-2003,Australian Accounting Review,2006,Journal articles,,,Carson EA; Ferguson AC; Simnett R,3,16,pp. 89 - 96,,,,UNSW staff profile,,,,,
Elizabeth Carson,https://www.unsw.edu.au/staff/elizabeth-carson,UNSW Sydney,Accounting,Audit Fees and Market Segmentation - Further Evidence on How Client Size Matters within the Context of Audit Fee Models,International Journal of Auditing,2004,Journal articles,,,Carson EA; Fargher NL; Simon DT; Taylor MH,4,8,pp. 79 - 91,,,,UNSW staff profile,,,,,
Elizabeth Carson,https://www.unsw.edu.au/staff/elizabeth-carson,UNSW Sydney,Accounting,Returns to Australian Investment Newsletter Recommendations,Australian Journal of Management,2004,Journal articles,10.1177/031289620402900110,http://dx.doi.org/10.1177/031289620402900110,Carson EA; da silva Rosa R; Maynier R,3,29,pp. 65 - 86,,,0.15995999,UNSW staff profile,False,0,0.0,0312-8962,W1990130743
Elizabeth Carson,https://www.unsw.edu.au/staff/elizabeth-carson,UNSW Sydney,Accounting,Factors associated with the development of board sub-committees,Corporate Governance - An International Review,2002,Journal articles,,,Carson EA,1,10,pp. 4 - 18,,,,UNSW staff profile,,,,,
Elizabeth Carson,https://www.unsw.edu.au/staff/elizabeth-carson,UNSW Sydney,Accounting,New assurance services: professional guidance required,Commercial Law Quarterly,2000,Journal articles,,http://www.cla.org.au/ProductDetail/353/2000_Vol14_No2_June_2000,Carson EA; Simnett R,2,14,pp. 3 - 5,,,,UNSW staff profile,,,,,
Elizabeth Carson,https://www.unsw.edu.au/staff/elizabeth-carson,UNSW Sydney,Accounting,The development of board sub-committees,Company and Securities Law Journal,2000,Journal articles,,,Carson EA,1,18,pp. 415 - 428,,,,UNSW staff profile,,,,,
Elizabeth Carson,https://www.unsw.edu.au/staff/elizabeth-carson,UNSW Sydney,Accounting,Webtrust: taking on the challenge of internet assurance,Charter,1999,Journal articles,,,Carson EA,1,70,pp. 26 - 28,,,,UNSW staff profile,,,,,
Elizabeth Carson,https://www.unsw.edu.au/staff/elizabeth-carson,UNSW Sydney,Accounting,Corporate governance disclosure in Australia: The state of play,Australian Accounting Review,1996,Journal articles,10.1111/j.1835-2561.1996.tb00010.x,http://dx.doi.org/10.1111/j.1835-2561.1996.tb00010.x,Carson E,1,6,pp. 3 - 10,,,0.33346571,UNSW staff profile,False,18,0.0,1035-6908,W2071060820
Linda Chang,https://www.unsw.edu.au/staff/linda-chang,UNSW Sydney,Accounting,Reducing Strategy Surrogation: The Effects of Performance Measurement System Flexibility and Environmental Dynamism,Accounting Review,2023,Journal articles,10.2308/TAR-2019-0523,http://dx.doi.org/10.2308/TAR-2019-0523,Wang KK; Cheng MM; Chang LJ,3,98,pp. 435 - 456,,,0.81494523,UNSW staff profile,False,6,1.139,0001-4826,W4307558064
Linda Chang,https://www.unsw.edu.au/staff/linda-chang,UNSW Sydney,Accounting,ABC Cost Driver Framing and Altering the Balance of Power in Customer-Supplier Negotiations,Accounting Review,2022,Journal articles,10.2308/TAR-2017-0441,http://dx.doi.org/10.2308/TAR-2017-0441,Chang LJ,1,97,pp. 149 - 171,,,0.70937799,UNSW staff profile,False,3,0.6193,0001-4826,W4205442162
Linda Chang,https://www.unsw.edu.au/staff/linda-chang,UNSW Sydney,Accounting,The effect of outcome and process accountability on customer-supplier negotiations,Accounting Organizations and Society,2013,Journal articles,10.1016/j.aos.2012.12.002,http://dx.doi.org/10.1016/j.aos.2012.12.002,Chang LJ; Cheng MM; Trotman KT,3,38,pp. 93 - 107,,,0.97534865,UNSW staff profile,True,44,9.5816,0361-3682,W2163292122
Linda Chang,https://www.unsw.edu.au/staff/linda-chang,UNSW Sydney,Accounting,The effect of framing and negotiation partner's objective on judgments about negotiated transfer prices,Accounting Organizations and Society,2008,Journal articles,,,Chang LJ; Cheng MM; Trotman KT,3,33,pp. 704 - 717,,,,UNSW staff profile,,,,,
Linda Chang,https://www.unsw.edu.au/staff/linda-chang,UNSW Sydney,Accounting,Managing intellectual capital in a professional service firm: exploring the creativity-productivity paradox,Management Accounting Research,2004,Journal articles,,,Chang LJ; Birkett B,2,15,pp. 7 - 31,,,,UNSW staff profile,,,,,
Wei Chen,https://www.unsw.edu.au/staff/wei-chen,UNSW Sydney,Accounting,The moderating effects of management's Non-GAAP treatment of a CAM item and investors' position on investors' management credibility judgments,Accounting Organizations and Society,2026,Journal articles,10.1016/j.aos.2025.101629,http://dx.doi.org/10.1016/j.aos.2025.101629,Chen W; Fanning K; Trotman KT; Wang J,4,116,,,,0.551112,UNSW staff profile,False,0,0.0,0361-3682,W7115896732
Wei Chen,https://www.unsw.edu.au/staff/wei-chen,UNSW Sydney,Accounting,The Effect of the Level of Sustainability Assurance on Investor Judgements,Accounting and Finance,2026,Journal articles,10.1111/acfi.70142,http://dx.doi.org/10.1111/acfi.70142,Chen W; Humphreys KA; Trotman KT,3,66,pp. 904 - 916,,,0.93372924,UNSW staff profile,True,3,3.5432,0810-5391,W4416535983
Wei Chen,https://www.unsw.edu.au/staff/wei-chen,UNSW Sydney,Accounting,Labor protection and stock price crash risk: Evidence from international equity markets,British Accounting Review,2025,Journal articles,10.1016/j.bar.2023.101274,http://dx.doi.org/10.1016/j.bar.2023.101274,Chen W; Dai L; Fang X; Zhang W,4,57,pp. 101274 - 101274,,,0.94514049,UNSW staff profile,True,11,4.4865,0890-8389,W4388584830
Wei Chen,https://www.unsw.edu.au/staff/wei-chen,UNSW Sydney,Accounting,When does analyst reputation matter? Evidence from analysts’ reliance on management guidance,Journal of Business Finance and Accounting,2023,Journal articles,10.1111/jbfa.12654,http://dx.doi.org/10.1111/jbfa.12654,Chen W; Dai L; Tan HT,3,50,pp. 1305 - 1337,,,0.80163363,UNSW staff profile,False,6,1.1137,0306-686X,W4296129814
Wei Chen,https://www.unsw.edu.au/staff/wei-chen,UNSW Sydney,Accounting,The impact of repeated notifications and notification checking mode on investors' reactions to managers’ strategic positive title emphasis,Accounting Organizations and Society,2023,Journal articles,10.1016/j.aos.2023.101470,http://dx.doi.org/10.1016/j.aos.2023.101470,Chen W; Tan HT; Wang EY,3,110,,,,0.87914887,UNSW staff profile,False,5,2.0393,0361-3682,W4381056955
Wei Chen,https://www.unsw.edu.au/staff/wei-chen,UNSW Sydney,Accounting,The Impact of a Structured Electronic Interacting Brainstorming Platform,Auditing,2022,Journal articles,10.2308/AJPT-2020-036,http://dx.doi.org/10.2308/AJPT-2020-036,Chen W; Trotman KT; Zhang XJ,3,41,pp. 93 - 111,,,0.82599922,UNSW staff profile,False,9,1.2716,0278-0380,W3195409256
Wei Chen,https://www.unsw.edu.au/staff/wei-chen,UNSW Sydney,Accounting,Non-professional investors’ judgments of the reliability of fair value estimates—the impact of investor mood,Behavioral Research in Accounting,2021,Journal articles,10.2308/BRIA-19-035,http://dx.doi.org/10.2308/BRIA-19-035,Chen W; Harding N; He W,3,33,pp. 43 - 63,,,0.80568946,UNSW staff profile,False,8,1.1975,1050-4753,W3161940442
Wei Chen,https://www.unsw.edu.au/staff/wei-chen,UNSW Sydney,Accounting,Pivoting in a COVID-19 teaching environment: developing interactive teaching approaches and online assessments to improve students’ experiences,Accounting Research Journal,2021,Journal articles,10.1108/ARJ-09-2020-0302,http://dx.doi.org/10.1108/ARJ-09-2020-0302,Morgan KL; Chen W,2,34,pp. 313 - 322,,,0.80771698,UNSW staff profile,False,7,1.1975,1030-9616,W3171067467
Wei Chen,https://www.unsw.edu.au/staff/wei-chen,UNSW Sydney,Accounting,The effect of brainstorming guidelines on individual auditors’ identification of potential frauds,Australian Journal of Management,2018,Journal articles,10.1177/0312896217728560,http://dx.doi.org/10.1177/0312896217728560,Chen W; Khalifa AS; Morgan KL; Trotman KT,4,43,pp. 225 - 240,,,0.73311307,UNSW staff profile,False,11,0.4115,0312-8962,W2766798481
Wei Chen,https://www.unsw.edu.au/staff/wei-chen,UNSW Sydney,Accounting,"Investor reactions to management earnings guidance attributions: The effects of news valence, attribution locus, and outcome controllability",Accounting Organizations and Society,2016,Journal articles,10.1016/j.aos.2016.10.002,http://dx.doi.org/10.1016/j.aos.2016.10.002,Chen W; Han J; Tan HT,3,55,pp. 83 - 95,,,0.98691061,UNSW staff profile,True,46,14.5315,0361-3682,W2541531626
Wei Chen,https://www.unsw.edu.au/staff/wei-chen,UNSW Sydney,Accounting,Facilitating Brainstorming: Impact of Task Representation on Auditors' Identification of Potential Frauds,Auditing: A Journal of Practice & Theory,2015,Journal articles,10.2308/ajpt-50986,http://dx.doi.org/10.2308/ajpt-50986,Chen W; Khalifa AS; Trotman KT,3,34,pp. 1 - 22,,,0.91118339,UNSW staff profile,True,15,2.9193,0278-0380,W2139244421
Wei Chen,https://www.unsw.edu.au/staff/wei-chen,UNSW Sydney,Accounting,Fair Value Accounting and Managers' Hedging Decisions,Journal of Accounting Research,2013,Journal articles,10.1111/j.1475-679X.2012.00468.x,http://dx.doi.org/10.1111/j.1475-679X.2012.00468.x,Chen W; Tan H; Wang EY,3,51,pp. 67 - 103,,,0.9448105,UNSW staff profile,True,19,4.3734,0021-8456,W2115800884
Wei Chen,https://www.unsw.edu.au/staff/wei-chen,UNSW Sydney,Accounting,Judgment effects of familiarity with an analyst’s name,Accounting Organizations and Society,2013,Journal articles,10.1016/j.aos.2013.02.001,http://dx.doi.org/10.1016/j.aos.2013.02.001,Chen W; Tan H,2,38,pp. 214 - 227,,,0.85298068,UNSW staff profile,False,15,1.1622,0361-3682,W3122323889
Zongxi Chen,https://www.unsw.edu.au/staff/zongxi-chen,UNSW Sydney,Accounting,The impact of diversification on industry effects in firm profitability forecasting,The British Accounting Review,2026,Journal articles,10.1016/j.bar.2026.101876,http://dx.doi.org/10.1016/j.bar.2026.101876,Chen Z; Jackson AB,2,,pp. 101876 - 101876,,,0.17400909,UNSW staff profile,False,0,0.0,0890-8389,W7133306419
Mandy Cheng,https://www.unsw.edu.au/staff/mandy-cheng,UNSW Sydney,Accounting,"Tough Ratings, Tougher Sell: How Different Types of Adjustment Affect Managers' Asymmetric Algorithm Use in Performance Evaluation Judgments",Accounting Review,2026,Journal articles,10.2308/TAR-2023-0610,http://dx.doi.org/10.2308/TAR-2023-0610,Lin F; Cheng MM; Humphreys KA,3,101,pp. 413 - 440,,,0.95165841,UNSW staff profile,True,1,6.9851,0001-4826,W7126061465
Mandy Cheng,https://www.unsw.edu.au/staff/mandy-cheng,UNSW Sydney,Accounting,"Managerial Compensation, Bonus Banks, and Long-Term Orientation",Managerial and Decision Economics,2026,Journal articles,10.1002/mde.70030,http://dx.doi.org/10.1002/mde.70030,Schultze W; Lotze M; Weiler A; Cheng M,4,47,pp. 143 - 164,,,0.89482673,UNSW staff profile,False,1,2.123,0143-6570,W4414449100
Mandy Cheng,https://www.unsw.edu.au/staff/mandy-cheng,UNSW Sydney,Accounting,Keeping Up with the Joneses during an Economic Crisis: The Effect of Different Types of Pay Cuts on Employee Performance,Journal of Management Accounting Research,2024,Journal articles,10.2308/JMAR-2023-039,http://dx.doi.org/10.2308/JMAR-2023-039,Cheng MM; Wu S; Yang D,3,36,pp. 135 - 152,,,0.91029362,UNSW staff profile,True,2,2.0331,1049-2127,W4399479612
Mandy Cheng,https://www.unsw.edu.au/staff/mandy-cheng,UNSW Sydney,Accounting,Stakeholder Focus or Strategy Focus? An Eye-Tracker Study on the Effect of Presentation Format on Nonprofessional Investors’ Information Processing Patterns,European Accounting Review,2024,Journal articles,10.1080/09638180.2023.2194666,http://dx.doi.org/10.1080/09638180.2023.2194666,Ko JCW; Cheng MM; Green WJ,3,33,pp. 1521 - 1548,,,0.81551922,UNSW staff profile,False,5,1.2236,0963-8180,W4367394626
Mandy Cheng,https://www.unsw.edu.au/staff/mandy-cheng,UNSW Sydney,Accounting,Sustainability and Management Accounting Research,Journal of Management Accounting Research,2023,Journal articles,10.2308/JMAR-2023-054,http://dx.doi.org/10.2308/JMAR-2023-054,Cheng MM; Perego P; Soderstrom NS,3,35,pp. 1 - 11,,,0.8937624,UNSW staff profile,False,9,2.3156,1049-2127,W4388112614
Mandy Cheng,https://www.unsw.edu.au/staff/mandy-cheng,UNSW Sydney,Accounting,The effect of mood and information sequence on third party evaluation of escalating capital investment projects,Management Accounting Research,2023,Journal articles,10.1016/j.mar.2022.100819,http://dx.doi.org/10.1016/j.mar.2022.100819,Loh CY; Cheng MM; Coyte R,3,58,,,,0.60779408,UNSW staff profile,False,3,0.3037,1044-5005,W4307927319
Mandy Cheng,https://www.unsw.edu.au/staff/mandy-cheng,UNSW Sydney,Accounting,Reducing Strategy Surrogation: The Effects of Performance Measurement System Flexibility and Environmental Dynamism,Accounting Review,2023,Journal articles,10.2308/TAR-2019-0523,http://dx.doi.org/10.2308/TAR-2019-0523,Wang KK; Cheng MM; Chang LJ,3,98,pp. 435 - 456,,,0.81494523,UNSW staff profile,False,6,1.139,0001-4826,W4307558064
Mandy Cheng,https://www.unsw.edu.au/staff/mandy-cheng,UNSW Sydney,Accounting,Influence of Control Precision and Prior Collaboration Experience on Trust and Cooperation in Inter-Organizational Relationships,Accounting Review,2022,Journal articles,10.2308/TAR-2019-0514,http://dx.doi.org/10.2308/TAR-2019-0514,Anderson SW; Cheng MM; Phua YS,3,97,pp. 1 - 22,,,0.72778275,UNSW staff profile,False,5,0.4445,0001-4826,W4200330389
Mandy Cheng,https://www.unsw.edu.au/staff/mandy-cheng,UNSW Sydney,Accounting,Managerial Accounting for Decision-Making and Planning,Journal of Management Accounting Research,2022,Journal articles,10.2308/jmar-10784,http://dx.doi.org/10.2308/jmar-10784,Casas-Arce P; Cheng MM; Grabner I; Modell S,4,34,pp. 1 - 7,,,0.90799356,UNSW staff profile,True,19,2.8583,1049-2127,W3216802549
Mandy Cheng,https://www.unsw.edu.au/staff/mandy-cheng,UNSW Sydney,Accounting,How do you like your digital advisors? A review of research on the behavioral responses to decision algorithms in the management accounting context,China Management Accounting Review,2022,Journal articles,,http://cmar.cacfo.com/,Cheng M,1,3,pp. 119 - 132,,,,UNSW staff profile,,,,,
Mandy Cheng,https://www.unsw.edu.au/staff/mandy-cheng,UNSW Sydney,Accounting,The effect of bonus deferral on managers’ investment decisions.,Behavioral Research in Accounting,2019,Journal articles,10.2308/bria-52463,http://dx.doi.org/10.2308/bria-52463,Cheng M; Dinh T; Schulz W; Assel M,4,,,,,0.84414377,UNSW staff profile,False,9,1.6002,1050-4753,W2734381267
Mandy Cheng,https://www.unsw.edu.au/staff/mandy-cheng,UNSW Sydney,Accounting,Materiality judgments in an integrated reporting setting: The effect of strategic relevance and strategy map,Accounting Organizations and Society,2019,Journal articles,10.1016/j.aos.2018.07.001,http://dx.doi.org/10.1016/j.aos.2018.07.001,Green WJ; Cheng MM,2,73,pp. 1 - 14,,,0.98352423,UNSW staff profile,True,74,11.8987,0361-3682,W2887773196
Mandy Cheng,https://www.unsw.edu.au/staff/mandy-cheng,UNSW Sydney,Accounting,The interplay between strategic risk profiles and presentation format on managers' strategic judgments using the balanced scorecard,"Accounting, Organizations and Society",2018,Journal articles,10.1016/j.aos.2018.05.009,http://dx.doi.org/10.1016/j.aos.2018.05.009,Cheng MM; Humphreys KA; Zhang YY,3,,,,,0.92276512,UNSW staff profile,True,37,3.6076,0361-3682,W2340238781
Mandy Cheng,https://www.unsw.edu.au/staff/mandy-cheng,UNSW Sydney,Accounting,Is a fresh pair of eyes always better? The effect of consultant type and assigned task purpose on communicating project escalation concerns,Management Accounting Research,2018,Journal articles,10.1016/j.mar.2018.09.002,http://dx.doi.org/10.1016/j.mar.2018.09.002,Loh CY; Coyte R; Cheng MM,3,,pp. 1 - 14,,,0.81065425,UNSW staff profile,False,13,1.1596,1044-5005,W2890696290
Mandy Cheng,https://www.unsw.edu.au/staff/mandy-cheng,UNSW Sydney,Accounting,Getting to Know You: Trust Formation in New Buyer-Supplier Relationships and the Investment Consequences for Management Control and Collaboration,Contemporary Accounting Research,2017,Journal articles,10.1111/1911-3846.12282,http://dx.doi.org/10.1111/1911-3846.12282,Anderson SW; Chang HF; Cheng MM; Phua YS,4,34,pp. 940 - 965,,,0.91848423,UNSW staff profile,True,26,2.8485,0823-9150,W3121607575
Mandy Cheng,https://www.unsw.edu.au/staff/mandy-cheng,UNSW Sydney,Accounting,The impact of the timing of a prior year’s auditor concessions on financial officers’ judgments,Auditing: A Journal of Practice & Theory,2017,Journal articles,10.2308/ajpt-51517,http://dx.doi.org/10.2308/ajpt-51517,Cheng MM; Tan HT; Trotman KT; Tse A,4,36,pp. 43 - 62,,,0.95032437,UNSW staff profile,True,15,4.7927,0278-0380,W2463789318
Mandy Cheng,https://www.unsw.edu.au/staff/mandy-cheng,UNSW Sydney,Accounting,Does Self-certification Encourage or Reduce Escalation of Commitment?,Behavioral Research in Accounting,2016,Journal articles,10.2308/bria-51468,http://dx.doi.org/10.2308/bria-51468,Ang N; Cheng M,2,28,pp. 1 - 16,,,0.83468769,UNSW staff profile,False,12,1.1382,1050-4753,W2339484496
Mandy Cheng,https://www.unsw.edu.au/staff/mandy-cheng,UNSW Sydney,Accounting,Managing strategic uncertainty: The diversity and use of performance measures in the balanced scorecard,Managerial Auditing Journal,2016,Journal articles,10.1108/MAJ-12-2015-1286,http://dx.doi.org/10.1108/MAJ-12-2015-1286,Cheng MM; Humphreys KA,2,31,pp. 512 - 534,,,0.89536169,UNSW staff profile,False,17,2.4024,0268-6902,W2336094678
Mandy Cheng,https://www.unsw.edu.au/staff/mandy-cheng,UNSW Sydney,Accounting,The impact of strategic relevance and assurance of sustainability indicators on investors’ decisions,Auditing,2015,Journal articles,10.2308/ajpt-50738,http://dx.doi.org/10.2308/ajpt-50738,Cheng MM; Green WJ; Ko JCW,3,34,pp. 131 - 162,,,0.9530671,UNSW staff profile,True,39,5.1218,0278-0380,W2115145071
Mandy Cheng,https://www.unsw.edu.au/staff/mandy-cheng,UNSW Sydney,Accounting,The International Integrated Reporting Framework: Key Issues and Future Research Opportunities,Journal of International Financial Management and Accounting,2014,Journal articles,10.1111/jifm.12015,http://dx.doi.org/10.1111/jifm.12015,Cheng M; Green W; Conradie P; Konishi N; Romi A,5,25,pp. 90 - 119,,,0.99912837,UNSW staff profile,True,421,66.0567,0954-1314,W2121209862
Mandy Cheng,https://www.unsw.edu.au/staff/mandy-cheng,UNSW Sydney,Accounting,The effects of incentive subjectivity and strategy communication on knowledge-sharing and extra-role behaviours,Management Accounting Research,2014,Journal articles,10.1016/j.mar.2013.07.003,http://dx.doi.org/10.1016/j.mar.2013.07.003,Cheng MM; Coyte R,2,25,pp. 119 - 130,,,0.86140097,UNSW staff profile,False,12,1.7434,1044-5005,W1986908242
Mandy Cheng,https://www.unsw.edu.au/staff/mandy-cheng,UNSW Sydney,Accounting,The effect of outcome and process accountability on customer-supplier negotiations,Accounting Organizations and Society,2013,Journal articles,10.1016/j.aos.2012.12.002,http://dx.doi.org/10.1016/j.aos.2012.12.002,Chang LJ; Cheng MM; Trotman KT,3,38,pp. 93 - 107,,,0.97534865,UNSW staff profile,True,44,9.5816,0361-3682,W2163292122
Mandy Cheng,https://www.unsw.edu.au/staff/mandy-cheng,UNSW Sydney,Accounting,"The Effect of Managers' Enabling Perceptions on Costing System Use, Psychological Empowerment, and Task Performance",Behavioral Research in Accounting,2013,Journal articles,10.2308/bria-50333,http://dx.doi.org/10.2308/bria-50333,Mahama H; Cheng MM,2,25,pp. 89 - 114,,,0.92818938,UNSW staff profile,True,131,3.7082,1050-4753,W2100711151
Mandy Cheng,https://www.unsw.edu.au/staff/mandy-cheng,UNSW Sydney,Accounting,The differential improvement effects of the strategy map and scorecard perspectives on managers’ strategic judgments.,Accounting Review,2012,Journal articles,10.2308/accr-10212,http://dx.doi.org/10.2308/accr-10212,Cheng MM; Humphreys KA,2,87,pp. 899 - 924,,,0.99005577,UNSW staff profile,True,113,13.959,0001-4826,W2088461052
Mandy Cheng,https://www.unsw.edu.au/staff/mandy-cheng,UNSW Sydney,Accounting,The impact of capital proposal guidelines and perceived preparer biases on reviewers’ investment evaluation decisions,Australian Journal of Management,2011,Journal articles,,,Cheng MM; Mahama H,2,36,pp. 349 - 370,,,,UNSW staff profile,,,,,
Mandy Cheng,https://www.unsw.edu.au/staff/mandy-cheng,UNSW Sydney,Accounting,Transfer price negotiation in the presence of unequal bargaining power: the effect of peer evaluation scheme on inter-divisional profit distribution,Australian Accounting Review,2009,Journal articles,,,Cheng MM; Hsieh C,2,19,pp. 195 - 206,,,,UNSW staff profile,,,,,
Mandy Cheng,https://www.unsw.edu.au/staff/mandy-cheng,UNSW Sydney,Accounting,Knowledge transfer in project reviews: the effect of self-justification bias and moral hazard,Accounting and Finance,2009,Journal articles,,,Cheng MM; Schulz A; Booth P,3,49,pp. 75 - 93,,,,UNSW staff profile,,,,,
Mandy Cheng,https://www.unsw.edu.au/staff/mandy-cheng,UNSW Sydney,Accounting,The Employment Landscape for Accounting Graduates and Work Experience Relevance.,Australian Accounting Review,2009,Journal articles,10.1111/j.1835-2561.2009.00071.x,http://dx.doi.org/10.1111/j.1835-2561.2009.00071.x,Simnett R; Kang HH; Roebuck PJ; Cheng MM,4,19,pp. 342 - 351,,,0.84220321,UNSW staff profile,False,14,0.6482,1035-6908,W2133447956
Mandy Cheng,https://www.unsw.edu.au/staff/mandy-cheng,UNSW Sydney,Accounting,The effect of framing and negotiation partner's objective on judgments about negotiated transfer prices,Accounting Organizations and Society,2008,Journal articles,,,Chang LJ; Cheng MM; Trotman KT,3,33,pp. 704 - 717,,,,UNSW staff profile,,,,,
Mandy Cheng,https://www.unsw.edu.au/staff/mandy-cheng,UNSW Sydney,Accounting,The Effect of perceived Conflict among Multiple Performance Goals and Goal Difficulty on Task Performance,Accounting and Finance,2007,Journal articles,,,Cheng MM; Luckett PF; Mahama H,3,47,pp. 221 - 242,,,,UNSW staff profile,,,,,
Mandy Cheng,https://www.unsw.edu.au/staff/mandy-cheng,UNSW Sydney,Accounting,Corporate governance and board composition: Diversity and independence of Australian boards,Corporate Governance - An International Review,2007,Journal articles,10.1111/j.1467.8683.2007.00554.x,http://dx.doi.org/10.1111/j.1467.8683.2007.00554.x,Kang HH; Cheng MM; Gray SJ,3,15,pp. 194 - 207,,,,UNSW staff profile,,,,,
Mandy Cheng,https://www.unsw.edu.au/staff/mandy-cheng,UNSW Sydney,Accounting,The effects of cognitive style diversity on decision-making dyads: an empirical analysis in the context of a complex task,Behavioral Research in Accounting,2003,Journal articles,10.2308/bria.2003.15.1.39,http://dx.doi.org/10.2308/bria.2003.15.1.39,Cheng MM; Luckett PF; Schulz A,3,15,pp. 13 - 36,,,0.89281186,UNSW staff profile,False,46,2.4601,1050-4753,W2131867477
Mandy Cheng,https://www.unsw.edu.au/staff/mandy-cheng,UNSW Sydney,Accounting,The effects of hurdle rates on the level of escalation of commitment in capital budgeting,Behavioral Research in Accounting,2003,Journal articles,10.2308/bria.2003.15.1.63,http://dx.doi.org/10.2308/bria.2003.15.1.63,Cheng MM; Schulz A; Luckett PF; Booth P,4,15,pp. 37 - 60,,,0.90334725,UNSW staff profile,True,64,2.6021,1050-4753,W2011971368
Mandy Cheng,https://www.unsw.edu.au/staff/mandy-cheng,UNSW Sydney,Accounting,Persistence in capital budgeting reinvestment antecedent and information asymmetry moderator: A note,Accounting and Finance,2002,Journal articles,,,Cheng MM; Schulz A,2,42,pp. 73 - 86,,,,UNSW staff profile,,,,,
Mandy Cheng,https://www.unsw.edu.au/staff/mandy-cheng,UNSW Sydney,Accounting,Improving Managerial Judgments of Information Relevance and Strategy Appropriateness Using the BSC and the Strategy Map,SSRN Electronic Journal,,Journal articles,10.2139/ssrn.1191482,http://dx.doi.org/10.2139/ssrn.1191482,Cheng MM; Humphreys KA,2,,,,,,UNSW staff profile,,0,,1556-5068,W3195192225
Demi Chung,https://www.unsw.edu.au/staff/demi-chung,UNSW Sydney,Accounting,"Public private partnerships in the provision of tolled roads: Shared value creation, trust and control",Transportation Research Part A Policy and Practice,2018,Journal articles,10.1016/j.tra.2018.08.038,http://dx.doi.org/10.1016/j.tra.2018.08.038,Chung D; Hensher DA,2,118,pp. 341 - 359,,,0.88042013,UNSW staff profile,False,23,1.6148,0965-8564,W2893307273
Demi Chung,https://www.unsw.edu.au/staff/demi-chung,UNSW Sydney,Accounting,"Risk, Challenge and Value for Money of Public-Private Partnerships",Financial Accountability & Management,2016,Journal articles,10.1111/faam.12101,http://dx.doi.org/10.1111/faam.12101,Chung D,1,32,pp. 448 - 483,,,0.95585736,UNSW staff profile,True,30,5.803,0267-4424,W2508152483
Demi Chung,https://www.unsw.edu.au/staff/demi-chung,UNSW Sydney,Accounting,Risk Management in Public-Private Partnerships,Australian Accounting Review,2015,Journal articles,10.1111/auar.12062,http://dx.doi.org/10.1111/auar.12062,Chung D; Hensher D,2,25,pp. 13 - 27,,,0.9601817,UNSW staff profile,True,32,6.7153,1035-6908,W1697236447
Demi Chung,https://www.unsw.edu.au/staff/demi-chung,UNSW Sydney,Accounting,Modelling Risk Perceptions of Stakeholders in Public-Private Partnership Toll Road Contracts,Abacus,2015,Journal articles,10.1111/abac.12052,http://dx.doi.org/10.1111/abac.12052,Chung D; Hensher DA,2,51,pp. 437 - 483,,,0.94054711,UNSW staff profile,True,23,4.0292,0001-3072,W2167138528
Demi Chung,https://www.unsw.edu.au/staff/demi-chung,UNSW Sydney,Accounting,The Handmaiden’s tale:  Japan’s Foreign Investment as a Reflection of its Domestic Economy,International Journal of Globalisation and Small Business,2010,Journal articles,10.1504/IJBG.2010.032969,http://dx.doi.org/10.1504/IJBG.2010.032969,Chung D; Freedman C; Blair A,3,4,pp. 322 - 337,,,0.27191672,UNSW staff profile,False,1,0.0,1753-3627,W2125800646
Demi Chung,https://www.unsw.edu.au/staff/demi-chung,UNSW Sydney,Accounting,Toward the betterment of risk allocation: Investigating risk perceptions of Australian stakeholder groups to public-private-partnership tollroad projects,Research In Transportation Economics,2010,Journal articles,10.1016/j.retrec.2010.10.007,http://dx.doi.org/10.1016/j.retrec.2010.10.007,Chung D; Hensher D; Rose JM,3,30,pp. 43 - 58,,,0.9737298,UNSW staff profile,True,118,9.7207,0739-8859,W2031291692
Demi Chung,https://www.unsw.edu.au/staff/demi-chung,UNSW Sydney,Accounting,Developing an analytical framework for analyzing and assessing public-private partnerships:  A hospital case study,Economic and Labour Relations Review,2009,Journal articles,10.1177/103530460901900206,http://dx.doi.org/10.1177/103530460901900206,Chung D,1,19,pp. 69 - 90,,,0.82881581,UNSW staff profile,False,12,0.6895,1035-3046,W1972868949
Demi Chung,https://www.unsw.edu.au/staff/demi-chung,UNSW Sydney,Accounting,"Private Provision of Road Infrastructure:  Unveiling the Inconvenient Truth in new South Wales, Australia",Road and Transport Research: A Journal of Australian and New Zealand Research and Practice,2009,Journal articles,,http://atrf.info/papers/2008/2008_chung.pdf,Chung D,1,18,pp. 68 - 86,,,,UNSW staff profile,,,,,
Demi Chung,https://www.unsw.edu.au/staff/demi-chung,UNSW Sydney,Accounting,Public Private Partnerships: An Early Experience in Australia,International Journal of Accounting Information Science and Leadership,2008,Journal articles,,,Chung D,1,1,pp. 43 - 71,,,,UNSW staff profile,,,,,
Demi Chung,https://www.unsw.edu.au/staff/demi-chung,UNSW Sydney,Accounting,Explaining House Prices in Australia: 1970 to 2003,The Economic Record,2005,Journal articles,,,Abelson P; Joyeux R; Milunovich G; Chung D,4,81,pp. S96 - S103,,,,UNSW staff profile,,,,,
Demi Chung,https://www.unsw.edu.au/staff/demi-chung,UNSW Sydney,Accounting,The Real Story of Housing Prices in Australia from 1970 to 2003,The Australian Economic Review,2005,Journal articles,10.1111/j.1467-8462.2005.00373.x,http://dx.doi.org/10.1111/j.1467-8462.2005.00373.x,Chung D; Abelson P,2,38,pp. 265 - 281,,,0.18951403,UNSW staff profile,False,3,0.0,0004-9018,W2132864797
Oleg Chuprinin,https://www.unsw.edu.au/staff/oleg-chuprinin,UNSW Sydney,Finance,Adjusting to The Information Environment: News Tangibility and Mutual Fund Performance,Management Science,2019,Journal articles,10.1287/mnsc.2017.2835,http://dx.doi.org/10.1287/mnsc.2017.2835,Chuprinin O; Gaspar S; Massa M,3,65,pp. 955 - 1453,,,0.76455038,UNSW staff profile,False,9,0.9136,0025-1909,W2508454543
Oleg Chuprinin,https://www.unsw.edu.au/staff/oleg-chuprinin,UNSW Sydney,Finance,Family Descent as a Signal of Managerial Quality: Evidence from Mutual Funds,Review of Financial Studies,2018,Journal articles,10.1093/rfs/hhy010,http://dx.doi.org/10.1093/rfs/hhy010,Chuprinin O; Sosyura D,2,31,pp. 3756 - 3820,,,0.98737885,UNSW staff profile,True,70,13.8024,0893-9454,W3123968903
Oleg Chuprinin,https://www.unsw.edu.au/staff/oleg-chuprinin,UNSW Sydney,Finance,Why Do Short Sellers Like Qualitative News?,Journal of Financial and Quantitative Analysis,2017,Journal articles,10.1017/S0022109017000151,http://dx.doi.org/10.1017/S0022109017000151,Beschwitz B; Chuprinin O; Massa M,3,52,pp. 645 - 675,,,0.90236926,UNSW staff profile,True,21,2.4792,0022-1090,W3121982129
Oleg Chuprinin,https://www.unsw.edu.au/staff/oleg-chuprinin,UNSW Sydney,Finance,Outsourcing in the International Mutual Fund Industry: An Equilibrium View,Journal of Finance,2015,Journal articles,10.1111/jofi.12259,http://dx.doi.org/10.1111/jofi.12259,Chuprinin O; Massa M; Schumacher D,3,70,pp. 2275 - 2308,,,0.99400349,UNSW staff profile,True,83,25.4102,0022-1082,W2525263045
Oleg Chuprinin,https://www.unsw.edu.au/staff/oleg-chuprinin,UNSW Sydney,Finance,Why Do Short Sellers Like Qualitative News?,International Finance Discussion Papers,2015,Journal articles,10.17016/ifdp.2015.1149,http://dx.doi.org/10.17016/ifdp.2015.1149,von Beschwitz B; Chuprinin O; Massa M,3,2015,pp. 1 - 59,,,0.73179916,UNSW staff profile,False,1,0.4506,1073-2500,W2216246441
Victoria Clout,https://www.unsw.edu.au/staff/victoria-clout,UNSW Sydney,Accounting,Research productivity of Australian accounting academics,Accounting and Finance,2021,Journal articles,10.1111/acfi.12604,http://dx.doi.org/10.1111/acfi.12604,Bond D; Clout VJ; Czernkowski RMJ; Wright A,4,61,pp. 1081 - 1104,,,0.87769165,UNSW staff profile,False,11,2.1716,0810-5391,W3005722924
Victoria Clout,https://www.unsw.edu.au/staff/victoria-clout,UNSW Sydney,Accounting,Eyes on the prize: CEO and director retirement preferences and acquisitions,Accounting and Finance,2021,Journal articles,10.1111/acfi.12629,http://dx.doi.org/10.1111/acfi.12629,Clout V; Ghannam S; Loyeung A; Yang JS,4,61,pp. 1345 - 1361,,,0.77487868,UNSW staff profile,False,4,0.9307,0810-5391,W3010906404
Victoria Clout,https://www.unsw.edu.au/staff/victoria-clout,UNSW Sydney,Accounting,Guest editorial,Accounting Research Journal,2021,Journal articles,10.1108/ARJ-06-2021-318,http://dx.doi.org/10.1108/ARJ-06-2021-318,Clout V,1,34,pp. 125 - 133,,,,UNSW staff profile,,1,,1030-9616,W4205673948
Victoria Clout,https://www.unsw.edu.au/staff/victoria-clout,UNSW Sydney,Accounting,Responsible science: Celebrating the 50-year legacy of Ball and Brown (1968) using a registration-based framework,Pacific Basin Finance Journal,2019,Journal articles,10.1016/j.pacfin.2019.05.002,http://dx.doi.org/10.1016/j.pacfin.2019.05.002,Aman H; Beekes W; Berkman H; Bohmann M; Bradbury M; Chapple L; Chang M; Clout V; Faff R; Han J; Hillier D; Hodgson A; Howieson B; Jona J; Linnenluecke M; Loncan T; McCredie B; Michayluk D; Mroczkowski N; Pan Z; Patel V; Podolski E; Soderstrom N; Smith T; Tanewski G; Walsh K; Wee M; Wright S,28,56,pp. 129 - 150,,,0.84576141,UNSW staff profile,False,20,1.4664,0927-538X,W2945389690
Victoria Clout,https://www.unsw.edu.au/staff/victoria-clout,UNSW Sydney,Accounting,Sliding doors: Comparing backdoor listing and frontdoor listing for Australian start-ups,Australian Journal of Corporate Law,2018,Journal articles,,,Chapple L; Clout V; Alexandra P; Thu Phuong T,4,33,,,,,UNSW staff profile,,,,,
Victoria Clout,https://www.unsw.edu.au/staff/victoria-clout,UNSW Sydney,Accounting,"Corporate boards, monitoring and securities class actions: A pitch",Accounting Research Journal,2017,Journal articles,10.1108/ARJ-07-2016-0090,http://dx.doi.org/10.1108/ARJ-07-2016-0090,Clout VJ,1,30,pp. 242 - 248,,,0.94864112,UNSW staff profile,True,6,4.1731,1030-9616,W2736577719
Victoria Clout,https://www.unsw.edu.au/staff/victoria-clout,UNSW Sydney,Accounting,Earnings in firm valuation and their value relevance,Journal of Contemporary Accounting & Economics,2016,Journal articles,10.1016/j.jcae.2016.09.005,http://dx.doi.org/10.1016/j.jcae.2016.09.005,Clout VJ; Willett RJ,2,12,pp. 223 - 240,,,0.95421875,UNSW staff profile,True,21,5.086,1815-5669,W2527765030
Victoria Clout,https://www.unsw.edu.au/staff/victoria-clout,UNSW Sydney,Accounting,Analysing the market–book value relation in large Australian and US firms: implications for fundamental analysis and the market–book ratio,Account Finance,2015,Journal articles,10.1111/acfi.12117,http://dx.doi.org/10.1111/acfi.12117,Clout VJ; Willett R,2,,pp. n/a - n/a,,,0.86827057,UNSW staff profile,False,10,1.8024,0810-5391,W2104866213
Victoria Clout,https://www.unsw.edu.au/staff/victoria-clout,UNSW Sydney,Accounting,Corporate governance and securities class actions,Australian Journal of Management,2013,Journal articles,10.1177/0312896213512320,http://dx.doi.org/10.1177/0312896213512320,Chapple L; Clout VJ; Tan D,3,39,pp. 525 - 547,,,0.94823267,UNSW staff profile,True,23,4.7302,0312-8962,W2074963502
Victoria Clout,https://www.unsw.edu.au/staff/victoria-clout,UNSW Sydney,Accounting,The impact of auditor independence regulations on established and emerging firms,Accounting Research Journal,2013,Journal articles,10.1108/ARJ-Dec-2011-0045,http://dx.doi.org/10.1108/ARJ-Dec-2011-0045,Clout VJ; Chapple L; Gandhi N,3,26,pp. 88 - 108,,,0.95831271,UNSW staff profile,True,17,5.9519,1030-9616,W2020176477
Conor Clune,https://www.unsw.edu.au/staff/conor-clune,UNSW Sydney,Accounting,Oligarchy in professional accounting bodies: Challenges for governance and leader-member relations,Contemporary Accounting Research,2024,Journal articles,10.1111/1911-3846.12946,http://dx.doi.org/10.1111/1911-3846.12946,Clune C; Andon P,2,41,pp. 1419 - 1448,,,0.74911494,UNSW staff profile,False,2,1.1636,0823-9150,W4392776848
Conor Clune,https://www.unsw.edu.au/staff/conor-clune,UNSW Sydney,Accounting,Content moderation on social media: constructing accountability in the digital space,Accounting Auditing and Accountability Journal,2024,Journal articles,10.1108/AAAJ-11-2022-6119,http://dx.doi.org/10.1108/AAAJ-11-2022-6119,Clune C; McDaid E,2,37,pp. 257 - 279,,,0.96494779,UNSW staff profile,True,16,6.142,0951-3574,W4376155756
Conor Clune,https://www.unsw.edu.au/staff/conor-clune,UNSW Sydney,Accounting,Governance of professional accounting bodies: a comparative analysis,Accounting Auditing and Accountability Journal,2021,Journal articles,10.1108/AAAJ-08-2020-4756,http://dx.doi.org/10.1108/AAAJ-08-2020-4756,Andon P; Clune C,2,34,pp. 1769 - 1801,,,0.82790427,UNSW staff profile,False,9,1.3711,0951-3574,W3141785878
Conor Clune,https://www.unsw.edu.au/staff/conor-clune,UNSW Sydney,Accounting,Organizing dissonance through institutional work: The embedding of social and environmental accountability in an investment field,"Accounting, Organizations and Society",2020,Journal articles,10.1016/j.aos.2020.101130,http://dx.doi.org/10.1016/j.aos.2020.101130,Clune C; O'Dwyer B,2,,,,,0.9703193,UNSW staff profile,True,67,7.2583,0361-3682,W3027147430
Conor Clune,https://www.unsw.edu.au/staff/conor-clune,UNSW Sydney,Accounting,Framing Engagement that Resonates: Organizing Advocacy for Corporate Social and Environmental Accountability,European Accounting Review,2020,Journal articles,10.1080/09638180.2020.1746374,http://dx.doi.org/10.1080/09638180.2020.1746374,Clune C; O’dwyer B,2,,,,,0.93342991,UNSW staff profile,True,30,3.7879,0963-8180,W3030072078
Conor Clune,https://www.unsw.edu.au/staff/conor-clune,UNSW Sydney,Accounting,The disparate roles of accounting in an amateur sports organisation: The case of logic assimilation in the Gaelic Athletic Association,Accounting Auditing and Accountability Journal,2019,Journal articles,10.1108/AAAJ-06-2018-3523,http://dx.doi.org/10.1108/AAAJ-06-2018-3523,Clune C; Boomsma R; Pucci R,3,32,pp. 1926 - 1955,,,0.8754639,UNSW staff profile,False,20,1.9207,0951-3574,W2966991895
Conor Clune,https://www.unsw.edu.au/staff/conor-clune,UNSW Sydney,Accounting,Accounting and Networks of Corruption,Social and Environmental Accountability Journal,2015,Journal articles,10.1080/0969160x.2015.1007584,http://dx.doi.org/10.1080/0969160x.2015.1007584,Clune C,1,35,pp. 67 - 68,,,0.10423482,UNSW staff profile,False,2,0.0,0969-160X,W2153953546
David Colwell,https://www.unsw.edu.au/staff/david-colwell,UNSW Sydney,Finance,Variance dynamics and term structure of the natural gas market,Energy Economics,2024,Journal articles,10.1016/j.eneco.2024.107780,http://dx.doi.org/10.1016/j.eneco.2024.107780,Shao C; Bhar R; Colwell DB; Sheng N; Wei X,5,137,,,,0.14518272,UNSW staff profile,False,0,0.0,0140-9883,W4401009186
David Colwell,https://www.unsw.edu.au/staff/david-colwell,UNSW Sydney,Finance,Pricing a Defaultable Zero-Coupon Bond under Imperfect Information and Regime Switching,Mathematics,2024,Journal articles,10.3390/math12172740,http://dx.doi.org/10.3390/math12172740,Zarban AA; Colwell D; Salopek DM,3,12,,,,0.84888558,UNSW staff profile,False,4,1.699,2227-7390,W4402130026
David Colwell,https://www.unsw.edu.au/staff/david-colwell,UNSW Sydney,Finance,"Hitting times, number of jumps, and occupation times for continuous-time finite state Markov chains",Statistics and Probability Letters,2023,Journal articles,10.1016/j.spl.2023.109786,http://dx.doi.org/10.1016/j.spl.2023.109786,Colwell DB,1,195,,,,0.74784417,UNSW staff profile,False,4,1.0086,0167-7152,W4313647398
David Colwell,https://www.unsw.edu.au/staff/david-colwell,UNSW Sydney,Finance,Variance minimizing strategies for stochastic processes with applications to tracking stock indices,International Review of Finance,2021,Journal articles,10.1111/irfi.12285,http://dx.doi.org/10.1111/irfi.12285,Colwell DB; El-Hassan N; Kwon OK,3,21,pp. 430 - 446,,,0.35562637,UNSW staff profile,False,2,0.0,1369-412X,W3123823840
David Colwell,https://www.unsw.edu.au/staff/david-colwell,UNSW Sydney,Finance,A structural model for credit risk with switching processes and synchronous jumps,European Journal of Finance,2016,Journal articles,10.1080/1351847X.2014.924079,http://dx.doi.org/10.1080/1351847X.2014.924079,Hainaut D; Colwell DB,2,22,pp. 1040 - 1062,,,0.91322513,UNSW staff profile,True,24,2.8945,1351-847X,W2052012995
David Colwell,https://www.unsw.edu.au/staff/david-colwell,UNSW Sydney,Finance,Non-Transferable non-hedgeable executive stock option pricing,Journal of Economic Dynamics and Control,2015,Journal articles,10.1016/j.jedc.2015.02.002,http://dx.doi.org/10.1016/j.jedc.2015.02.002,Colwell DB; Feldman D; Hu W,3,53,pp. 161 - 191,,,0.82357043,UNSW staff profile,False,5,0.9012,0165-1889,W3123691003
David Colwell,https://www.unsw.edu.au/staff/david-colwell,UNSW Sydney,Finance,A multi-factor model with time-varying and seasonal risk premiums for the natural gas market,Energy Economics,2015,Journal articles,10.1016/j.eneco.2015.04.013,http://dx.doi.org/10.1016/j.eneco.2015.04.013,Shao C; Bhar R; Colwell DB,3,50,pp. 207 - 214,,,0.93488228,UNSW staff profile,True,15,3.2659,0140-9883,W2082500564
David Colwell,https://www.unsw.edu.au/staff/david-colwell,UNSW Sydney,Finance,Risk Premium in Electricity Prices: Evidence from the PJM Market,Journal of Futures Markets,2013,Journal articles,,,Bhar R; Colwell D; Xiao Y,3,,,,,,UNSW staff profile,,,,,
David Colwell,https://www.unsw.edu.au/staff/david-colwell,UNSW Sydney,Finance,Regime Dependent Causality: Equity and Credit Markets,International Journal of Financial Markets and Derivatives,2012,Journal articles,10.1504/IJFMD.2012.053326,http://dx.doi.org/10.1504/IJFMD.2012.053326,Colwell DB; Bhar R; Wang P,3,3,pp. 36 - 44,,,0.14459763,UNSW staff profile,False,2,0.0,1756-7130,W1973880249
David Colwell,https://www.unsw.edu.au/staff/david-colwell,UNSW Sydney,Finance,A Markov chain modulated short-term interest rate model: Inference on Central bank transparency,Journal of Applied Statistical Science,2009,Journal articles,,,Bhar R; Colwell DB; Peiris MU,3,17,pp. 427 - 445,,,,UNSW staff profile,,,,,
David Colwell,https://www.unsw.edu.au/staff/david-colwell,UNSW Sydney,Finance,The effect of investor category trading imbalances on stock returns,International Review of Finance,2008,Journal articles,10.1111/j.1468-2443.2008.00081.x,http://dx.doi.org/10.1111/j.1468-2443.2008.00081.x,Henker JL; Colwell DB; Walter TS,3,8,pp. 179 - 206,,,0.8668454,UNSW staff profile,False,19,1.4491,1369-412X,W3123155497
David Colwell,https://www.unsw.edu.au/staff/david-colwell,UNSW Sydney,Finance,Hedging diffusion processes by local risk minimization with applications to index tracking,Journal of Economic Dynamics and Control,2007,Journal articles,,,Colwell DB; El-Hassan N; Kwon O,3,31,pp. 2135 - 2151,,,,UNSW staff profile,,,,,
David Colwell,https://www.unsw.edu.au/staff/david-colwell,UNSW Sydney,Finance,Real Options Valuation of Australian Gold Mines and Mining Companies,The Journal of Alternative Investments,2003,Journal articles,,,Henker T; Colwell DB; Fong KY; Ho J,4,6,pp. 23 - 38,,,,UNSW staff profile,,,,,
David Colwell,https://www.unsw.edu.au/staff/david-colwell,UNSW Sydney,Finance,DISCONTINUOUS ASSET PRICES AND NON‐ATTAINABLE CONTINGENT CLAIMS,Mathematical Finance,1993,Journal articles,10.1111/j.1467-9965.1993.tb00046.x,http://dx.doi.org/10.1111/j.1467-9965.1993.tb00046.x,Colwell DB; Elliott RJ,2,3,pp. 295 - 308,,,0.74282908,UNSW staff profile,False,58,0.6652,0960-1627,W2029920538
David Colwell,https://www.unsw.edu.au/staff/david-colwell,UNSW Sydney,Finance,Martingale representation and hedging policies,Stochastic Processes and their Applications,1991,Journal articles,10.1016/0304-4149(91)90098-W,http://dx.doi.org/10.1016/0304-4149(91)90098-W,Colwell DB; Elliott RJ; Ekkehard Kopp P,3,38,pp. 335 - 345,,,0.17352878,UNSW staff profile,False,23,0.0,0304-4149,W1998579713
Jeff Coulton,https://www.unsw.edu.au/staff/jeff-coulton,UNSW Sydney,Accounting,How should potential space resources markets be evaluated?,Acta Astronautica,2026,Journal articles,10.1016/j.actaastro.2026.03.026,http://dx.doi.org/10.1016/j.actaastro.2026.03.026,McKeown B; Dempster AG; Saydam S; Coulton J,4,245,pp. 618 - 631,,,0.24762444,UNSW staff profile,False,0,0.0,0094-5765,W7134911454
Jeff Coulton,https://www.unsw.edu.au/staff/jeff-coulton,UNSW Sydney,Accounting,"Dividend imputation in Australia: franking credits, tax changes and payout policy","Australian Tax Forum: a journal of taxation policy, law and reform",2025,Journal articles,,https://biblioteca.ief.es/cgi-bin/koha/opac-detail.pl?biblionumber=152123,Coulton J,1,40,pp. 193 - 224,,,,UNSW staff profile,,,,,
Jeff Coulton,https://www.unsw.edu.au/staff/jeff-coulton,UNSW Sydney,Accounting,Placing lunar resources research in the context of mining feasibility studies,Acta Astronautica,2025,Journal articles,10.1016/j.actaastro.2025.04.041,http://dx.doi.org/10.1016/j.actaastro.2025.04.041,McKeown B; Dempster AG; Saydam S; Coulton J,4,233,pp. 315 - 329,,,0.93768813,UNSW staff profile,True,7,4.1481,0094-5765,W4409800206
Jeff Coulton,https://www.unsw.edu.au/staff/jeff-coulton,UNSW Sydney,Accounting,The space resources fund: A solution to the space resources benefit sharing dilemma?,Space Policy,2025,Journal articles,10.1016/j.spacepol.2024.101663,http://dx.doi.org/10.1016/j.spacepol.2024.101663,McKeown B; Dempster AG; Saydam S; Coulton J,4,71,,,,0.77119068,UNSW staff profile,False,1,0.4221,0265-9646,W4404727964
Jeff Coulton,https://www.unsw.edu.au/staff/jeff-coulton,UNSW Sydney,Accounting,Managerial litigation risk and auditor choice,International Journal of Auditing,2024,Journal articles,10.1111/ijau.12322,http://dx.doi.org/10.1111/ijau.12322,Li L; Monroe GS; Coulton J,3,28,pp. 142 - 169,,,0.60144183,UNSW staff profile,False,1,0.4079,1090-6738,W3123810939
Jeff Coulton,https://www.unsw.edu.au/staff/jeff-coulton,UNSW Sydney,Accounting,What is an appropriate investment hurdle rate for commercial space resource development projects?,Space Policy,2024,Journal articles,10.1016/j.spacepol.2024.101630,http://dx.doi.org/10.1016/j.spacepol.2024.101630,McKeown B; Coulton J; Saydam S; Dempster AG,4,70,,,,0.87003547,UNSW staff profile,False,5,2.1237,0265-9646,W4396829452
Jeff Coulton,https://www.unsw.edu.au/staff/jeff-coulton,UNSW Sydney,Accounting,"Client Importance and Audit Quality at the Individual Audit Partner, Office, and Firm Levels","Abacus: a journal of accounting, finance and business studies",2023,Journal articles,10.1111/abac.12289,http://dx.doi.org/10.1111/abac.12289,Hossain S; Coulton J; Wang J,3,59,pp. 650 - 696,,,0.92776454,UNSW staff profile,True,9,3.6708,0001-3072,W4367853451
Jeff Coulton,https://www.unsw.edu.au/staff/jeff-coulton,UNSW Sydney,Accounting,Commercial Lunar Ice Mining: Is There a Role for Royalties?,Space Policy,2023,Journal articles,10.1016/j.spacepol.2022.101525,http://dx.doi.org/10.1016/j.spacepol.2022.101525,McKeown B; Dempster AG; Saydam S; Coulton J,4,64,pp. 1 - 22,,,0.76582394,UNSW staff profile,False,11,1.0696,0265-9646,W4310506587
Jeff Coulton,https://www.unsw.edu.au/staff/jeff-coulton,UNSW Sydney,Accounting,Are Analysts’ Cash Flow Forecasts Associated with Improved Earnings Quality? Australian Evidence,Pacific-Basin Finance Journal,2022,Journal articles,10.1016/j.pacfin.2022.101758,http://dx.doi.org/10.1016/j.pacfin.2022.101758,Coulton J; Saune N; Taylor S,3,73,pp. 101758 - 101758,,,0.74488236,UNSW staff profile,False,3,0.8353,0927-538X,W4226468504
Jeff Coulton,https://www.unsw.edu.au/staff/jeff-coulton,UNSW Sydney,Accounting,Managerial litigation risk and corporate investment efficiency: Evidence from Universal Demand laws,Journal of Empirical Legal Studies,2022,Journal articles,10.1111/jels.12340,http://dx.doi.org/10.1111/jels.12340,Li LL; Monroe G; Coulton J,3,20,pp. 196 - 232,,,0.97143033,UNSW staff profile,True,22,7.7494,1740-1453,W4313596818
Jeff Coulton,https://www.unsw.edu.au/staff/jeff-coulton,UNSW Sydney,Accounting,Using entropy to assess dynamic behaviour of long-term copper price,Resources Policy,2020,Journal articles,10.1016/j.resourpol.2020.101597,http://dx.doi.org/10.1016/j.resourpol.2020.101597,Tapia C; Coulton J; Saydam S,3,66,,,,0.94653342,UNSW staff profile,True,18,3.7174,0301-4207,W3003711412
Jeff Coulton,https://www.unsw.edu.au/staff/jeff-coulton,UNSW Sydney,Accounting,Determining the chaotic behaviour of copper prices in the long-term using annual price data,Palgrave Communications,2018,Journal articles,10.1057/s41599-017-0060-x,http://dx.doi.org/10.1057/s41599-017-0060-x,Tapia Cortez CA; Coulton J; Sammut C; Saydam S,4,4,,,,0.91002635,UNSW staff profile,True,16,2.4481,2055-1045,W2796316172
Jeff Coulton,https://www.unsw.edu.au/staff/jeff-coulton,UNSW Sydney,Accounting,Determining the embedding parameters governing long-term dynamics of copper prices,"Chaos, Solitons and Fractals",2018,Journal articles,10.1016/j.chaos.2018.03.032,http://dx.doi.org/10.1016/j.chaos.2018.03.032,Tapia Cortez CA; Hitch M; Sammut C; Coulton J; Shishko R; Saydam S,6,111,pp. 186 - 197,,,0.76683474,UNSW staff profile,False,8,0.4896,0960-0779,W2802080172
Jeff Coulton,https://www.unsw.edu.au/staff/jeff-coulton,UNSW Sydney,Accounting,Alternative techniques for forecasting mineral commodity prices,International Journal of Mining Science and Technology,2018,Journal articles,10.1016/j.ijmst.2017.09.001,http://dx.doi.org/10.1016/j.ijmst.2017.09.001,Tapia Cortez CA; Saydam S; Coulton J; Sammut C,4,28,pp. 309 - 322,,,0.99354914,UNSW staff profile,True,75,29.4787,2095-2686,W2759989314
Jeff Coulton,https://www.unsw.edu.au/staff/jeff-coulton,UNSW Sydney,Accounting,Earnings benchmark hierarchy,Accounting and Finance,2017,Journal articles,10.1111/acfi.12132,http://dx.doi.org/10.1111/acfi.12132,Carvajal M; Coulton JJ; Jackson AB,3,57,pp. 87 - 111,,,0.94476668,UNSW staff profile,True,20,4.3811,0810-5391,W2164465790
Jeff Coulton,https://www.unsw.edu.au/staff/jeff-coulton,UNSW Sydney,Accounting,Mars Colony In Situ Resource Utilization: An Integrated Architecture and Economics Model,Acta Astronautica,2017,Journal articles,10.1016/j.actaastro.2017.05.024,http://dx.doi.org/10.1016/j.actaastro.2017.05.024,Saydam S; Shishko R; Fradet R; Do S; Tapia Cortez C; Dempster AG; Coulton J,7,138,pp. 53 - 67,,,0.74985961,UNSW staff profile,False,26,0.8782,0094-5765,W2620093088
Jeff Coulton,https://www.unsw.edu.au/staff/jeff-coulton,UNSW Sydney,Accounting,The impact of sentiment on price discovery,Accounting and Finance,2016,Journal articles,10.1111/acfi.12128,http://dx.doi.org/10.1111/acfi.12128,Coulton JJ; Dinh T; Jackson AB,3,56,pp. 669 - 694,,,0.92440725,UNSW staff profile,True,21,3.1543,0810-5391,W3125957049
Jeff Coulton,https://www.unsw.edu.au/staff/jeff-coulton,UNSW Sydney,Accounting,Dynamic-cognition of Strategic Mineral Commodities; An Empirical  Assessment,International Journal of Geological and Environmental Engineering,2016,Journal articles,,https://www.waset.org/abstracts/36210,Tapia Cortez CA; Saydam S; Coulton J; Sammut C,4,3,pp. 1 - 1,,,,UNSW staff profile,,,,,
Jeff Coulton,https://www.unsw.edu.au/staff/jeff-coulton,UNSW Sydney,Accounting,"Overvalued equity, benchmark beating and unexpected accruals",Accounting and Finance,2015,Journal articles,10.1111/acfi.12077,http://dx.doi.org/10.1111/acfi.12077,Coulton JJ; Saune N; Taylor SL,3,55,pp. 989 - 1014,,,0.93634715,UNSW staff profile,True,9,3.2621,0810-5391,W3122219441
Jeff Coulton,https://www.unsw.edu.au/staff/jeff-coulton,UNSW Sydney,Accounting,The Informativeness of Dividends and Associated Tax Credits,Journal of Business Finance and Accounting,2014,Journal articles,10.1111/jbfa.12095,http://dx.doi.org/10.1111/jbfa.12095,Coulton JJ; Ruddock CMS; Taylor SL,3,41,pp. 1309 - 1336,,,0.90494476,UNSW staff profile,True,5,2.4465,0306-686X,W1552270846
Jeff Coulton,https://www.unsw.edu.au/staff/jeff-coulton,UNSW Sydney,Accounting,Corporate payout policy in Australia and a test of the life-cycle theory,Accounting and Finance,2011,Journal articles,10.1111/j.1467-629X.2010.00356.x,http://dx.doi.org/10.1111/j.1467-629X.2010.00356.x,Coulton JJ; Ruddock C,2,51,pp. 381 - 407,,,0.93747315,UNSW staff profile,True,90,3.3379,0810-5391,W3121215416
Jeff Coulton,https://www.unsw.edu.au/staff/jeff-coulton,UNSW Sydney,Accounting,Accounting Losses and Earnings Conservatism:  Evidence from Australian Generally Accepted Accounting Principles.,Accounting and Finance,2007,Journal articles,10.1111/j.1467-629X.2007.00218.x,http://dx.doi.org/10.1111/j.1467-629X.2007.00218.x,Taylor SL; Coulton JJ; Balkrishna H,3,47,pp. 381 - 400,,,0.95950628,UNSW staff profile,True,59,6.0865,0810-5391,W2069730325
Jeff Coulton,https://www.unsw.edu.au/staff/jeff-coulton,UNSW Sydney,Accounting,Is Benchmark Beating by Australian Firms Evidence of Earnings Management Accounting and Finance,Accounting and Finance,2005,Journal articles,,,Taylor SL; Taylor S; Coulton JJ,3,45,pp. 553 - 576,,,,UNSW staff profile,,,,,
Jeff Coulton,https://www.unsw.edu.au/staff/jeff-coulton,UNSW Sydney,Accounting,Directors' Duties and Corporate Governance:  Have We Gone Too Far?,Australian Accounting Review,2004,Journal articles,10.1111/j.1835-2561.2004.tb00279.x,http://dx.doi.org/10.1111/j.1835-2561.2004.tb00279.x,Coulton JJ; Taylor SL,2,14,pp. 17 - 24,,,0.933252,UNSW staff profile,True,15,3.1213,1035-6908,W1986053203
Jeff Coulton,https://www.unsw.edu.au/staff/jeff-coulton,UNSW Sydney,Accounting,Accounting for Executive Stock Options: A Case Study in Avoiding Tough Decisions,Australian Accounting Review,2002,Journal articles,10.1111/j.1835-2561.2002.tb00190.x,http://dx.doi.org/10.1111/j.1835-2561.2002.tb00190.x,Coulton J; Taylor S,2,12,pp. 3 - 10,,,0.89504606,UNSW staff profile,False,12,1.276,1035-6908,W2033457755
Jeff Coulton,https://www.unsw.edu.au/staff/jeff-coulton,UNSW Sydney,Accounting,"Option Awards for Australian CEOs: The Who, What and Why",Australian Accounting Review,2002,Journal articles,10.1111/j.1835-2561.2002.tb00192.x,http://dx.doi.org/10.1111/j.1835-2561.2002.tb00192.x,Coulton J; Taylor S,2,12,pp. 25 - 35,,,0.93907304,UNSW staff profile,True,45,3.1899,1035-6908,W1989169281
Lili Dai,https://www.unsw.edu.au/staff/lili-dai,UNSW Sydney,Accounting,Tax revenue pressure and taxpaying credit ratings,JOURNAL OF ACCOUNTING LITERATURE,2026,Journal articles,10.1108/JAL-08-2025-0412,http://dx.doi.org/10.1108/JAL-08-2025-0412,Bai Y; Cai Y; Dai L; Wu Y,4,,pp. 1 - 25,,,0.61701763,UNSW staff profile,False,0,0.0,0737-4607,W7163169945
Lili Dai,https://www.unsw.edu.au/staff/lili-dai,UNSW Sydney,Accounting,Controlling the narrative: managers’ topic-shifting behavior in conference calls,Review of Accounting Studies,2026,Journal articles,10.1007/s11142-026-09952-5,http://dx.doi.org/10.1007/s11142-026-09952-5,Dai L; Gong P; Jackson AB; Peng Z,4,31,pp. 1165 - 1206,,,0.98487685,UNSW staff profile,True,1,23.1718,1380-6653,W7142217131
Lili Dai,https://www.unsw.edu.au/staff/lili-dai,UNSW Sydney,Accounting,A Good Sketch is Better than A Long Speech: Evaluate Delinquency Risk through Real-Time Video Analysis,Review of Finance,2025,Journal articles,10.1093/rof/rfae044,http://dx.doi.org/10.1093/rof/rfae044,Chang X; Dai L; Feng L; Han J; Shi J; Zhang B,6,29,pp. rfae044 - rfae044,,,0.96613008,UNSW staff profile,True,10,6.7612,1382-6662,W4405273004
Lili Dai,https://www.unsw.edu.au/staff/lili-dai,UNSW Sydney,Accounting,Labor protection and stock price crash risk: Evidence from international equity markets,British Accounting Review,2025,Journal articles,10.1016/j.bar.2023.101274,http://dx.doi.org/10.1016/j.bar.2023.101274,Chen W; Dai L; Fang X; Zhang W,4,57,pp. 101274 - 101274,,,0.94514049,UNSW staff profile,True,11,4.4865,0890-8389,W4388584830
Lili Dai,https://www.unsw.edu.au/staff/lili-dai,UNSW Sydney,Accounting,Global outsourcing and voluntary disclosure,Journal of Business Finance and Accounting,2024,Journal articles,10.1111/jbfa.12773,http://dx.doi.org/10.1111/jbfa.12773,Dai L; Dai R; Ng L; Peng Z,4,51,pp. 846 - 879,,,0.83772538,UNSW staff profile,False,5,1.2907,0306-686X,W4389497529
Lili Dai,https://www.unsw.edu.au/staff/lili-dai,UNSW Sydney,Accounting,Private Loan Issuance and Risk Factor Disclosure,The Accounting Review,2024,Journal articles,10.2308/tar-2021-0236,http://dx.doi.org/10.2308/tar-2021-0236,Dai L; Landsman WR; Peng Z,3,99,pp. 1 - 28,,,0.95094175,UNSW staff profile,True,9,5.4545,0001-4826,W4390661205
Lili Dai,https://www.unsw.edu.au/staff/lili-dai,UNSW Sydney,Accounting,"Family control, institutional investors, and financial distress: Evidence from China",Accounting & Finance,2024,Journal articles,10.1111/acfi.13223,http://dx.doi.org/10.1111/acfi.13223,Li H; Gao Y; Zhu Y; Dai L,4,64,pp. 2485 - 2511,,,0.88902711,UNSW staff profile,False,5,2.6327,0810-5391,W4390820964
Lili Dai,https://www.unsw.edu.au/staff/lili-dai,UNSW Sydney,Accounting,When does analyst reputation matter? Evidence from analysts’ reliance on management guidance,Journal of Business Finance and Accounting,2023,Journal articles,10.1111/jbfa.12654,http://dx.doi.org/10.1111/jbfa.12654,Chen W; Dai L; Tan HT,3,50,pp. 1305 - 1337,,,0.80163363,UNSW staff profile,False,6,1.1137,0306-686X,W4296129814
Lili Dai,https://www.unsw.edu.au/staff/lili-dai,UNSW Sydney,Accounting,"The more we know, the less we agree: A test of the trading horizon heterogeneity theory",The Financial Review,2022,Journal articles,10.1111/fire.12282,http://dx.doi.org/10.1111/fire.12282,Dai L; Parwada J; Winchester DW; Zhang B,4,57,pp. 45 - 67,,,0.83856283,UNSW staff profile,False,7,1.4765,0732-8516,W3187855994
Lili Dai,https://www.unsw.edu.au/staff/lili-dai,UNSW Sydney,Accounting,Political Uncertainty and Accounting Conservatism,European Accounting Review,2021,Journal articles,10.1080/09638180.2020.1760117,http://dx.doi.org/10.1080/09638180.2020.1760117,Dai L; Ngo P,2,30,pp. 277 - 307,,,0.99245814,UNSW staff profile,True,151,15.8214,0963-8180,W3123475946
Lili Dai,https://www.unsw.edu.au/staff/lili-dai,UNSW Sydney,Accounting,Does the Media Spotlight Burn or Spur Innovation?,Review of Accounting Studies,2021,Journal articles,10.1007/s11142-020-09553-w,http://dx.doi.org/10.1007/s11142-020-09553-w,Dai L; Shen R; Zhang B,3,26,pp. 343 - 390,,,0.99644965,UNSW staff profile,True,173,21.7157,1380-6653,W3123516047
Lili Dai,https://www.unsw.edu.au/staff/lili-dai,UNSW Sydney,Accounting,Coping with COVID: pivoting perspectives from teaching a third-year undergraduate financial accounting course,Accounting Research Journal,2021,Journal articles,10.1108/ARJ-09-2020-0295,http://dx.doi.org/10.1108/ARJ-09-2020-0295,Morris RD; Dai L; De Groote S; Holmes E; Lau L; Li CK; Nguyen P,7,34,pp. 279 - 289,,,0.78626522,UNSW staff profile,False,4,1.11,1030-9616,W3145663842
Lili Dai,https://www.unsw.edu.au/staff/lili-dai,UNSW Sydney,Accounting,"Governance, Board Inattention, and the Appointment of Overconfident CEOs",Journal of Banking & Finance,2020,Journal articles,10.1016/j.jbankfin.2019.105733,http://dx.doi.org/10.1016/j.jbankfin.2019.105733,Banerjee S; Dai L; Humphery-Jenner M; Nanda V,4,113,pp. 105733 - 105733,,,0.94252222,UNSW staff profile,True,24,4.3431,0378-4266,W3122856489
Lili Dai,https://www.unsw.edu.au/staff/lili-dai,UNSW Sydney,Accounting,Global Political Uncertainty and Asset Prices,Review of Financial Studies,2020,Journal articles,10.1093/rfs/hhz087,http://dx.doi.org/10.1093/rfs/hhz087,Brogaard J; Dai L; Ngo PTH; Zhang B,4,33,pp. 1737 - 1780,,,0.99561601,UNSW staff profile,True,204,30.3842,0893-9454,W3122625656
Lili Dai,https://www.unsw.edu.au/staff/lili-dai,UNSW Sydney,Accounting,Political Uncertainty and Finance: A Survey,Asia-Pacific Journal of Financial Studies,2019,Journal articles,10.1111/ajfs.12257,http://dx.doi.org/10.1111/ajfs.12257,Dai L; Zhang B,2,48,pp. 307 - 333,,,0.98352523,UNSW staff profile,True,70,12.3298,2041-6156,W2955957804
Lili Dai,https://www.unsw.edu.au/staff/lili-dai,UNSW Sydney,Accounting,The governance transfer of blockholders: Evidence from block acquisitions and earnings management around the world,Journal of Corporate Finance,2017,Journal articles,10.1016/j.jcorpfin.2017.06.004,http://dx.doi.org/10.1016/j.jcorpfin.2017.06.004,Dai L; Dharwadkar R; Shi L; Zhang B,4,45,pp. 586 - 607,,,0.93141827,UNSW staff profile,True,17,3.4531,0929-1199,W3123999074
Lili Dai,https://www.unsw.edu.au/staff/lili-dai,UNSW Sydney,Accounting,Corporate governance and the profitability of insider trading,Journal of Corporate Finance,2016,Journal articles,10.1016/j.jcorpfin.2016.08.002,http://dx.doi.org/10.1016/j.jcorpfin.2016.08.002,Dai L; Fu R; Kang JK; Lee I,4,40,pp. 235 - 253,,,0.99011445,UNSW staff profile,True,197,17.4378,0929-1199,W3121302857
Lili Dai,https://www.unsw.edu.au/staff/lili-dai,UNSW Sydney,Accounting,The governance effect of the media's news dissemination role: Evidence from insider trading,Journal of Accounting Research,2015,Journal articles,10.1111/1475-679X.12073,http://dx.doi.org/10.1111/1475-679X.12073,Dai L; Parwada JT; Zhang B,3,53,pp. 331 - 366,,,0.99792848,UNSW staff profile,True,485,45.5631,0021-8456,W3121551309
Lili Dai,https://www.unsw.edu.au/staff/lili-dai,UNSW Sydney,Accounting,Cross-country IPOs: What explains differences in underpricing?,Journal of Corporate Finance,2011,Journal articles,10.1016/j.jcorpfin.2011.06.004,http://dx.doi.org/10.1016/j.jcorpfin.2011.06.004,Banerjee S; Dai L; Shrestha K,3,17,pp. 1289 - 1305,,,0.97815058,UNSW staff profile,True,136,10.6151,0929-1199,W3122637423
Sander De Groote,https://www.unsw.edu.au/staff/sander-de-groote,UNSW Sydney,Accounting,Dividend signalling and investor protection: An international comparison,Journal of Contemporary Accounting and Economics,2024,Journal articles,10.1016/j.jcae.2024.100441,http://dx.doi.org/10.1016/j.jcae.2024.100441,Deng X; De Groote S; Kevin Li C,3,20,pp. 100441 - 100441,,,0.95241849,UNSW staff profile,True,7,5.0819,1815-5669,W4402400828
Sander De Groote,https://www.unsw.edu.au/staff/sander-de-groote,UNSW Sydney,Accounting,Are All Directors Treated Equally? Evidence from Director Turnover Following Opportunistic Insider Selling,Journal of Business Ethics,2023,Journal articles,10.1007/s10551-022-05127-9,http://dx.doi.org/10.1007/s10551-022-05127-9,De Groote S; Bruynseels L; Gaeremynck A,3,185,pp. 185 - 207,,,0.89499136,UNSW staff profile,False,9,2.5059,0167-4544,W4229024416
Sander De Groote,https://www.unsw.edu.au/staff/sander-de-groote,UNSW Sydney,Accounting,The Accounting Financial Expertise of the Audit Committee Chair And Oversight Effectiveness,Auditing: a Journal of Practice and Theory,2023,Journal articles,10.2308/ajpt-19-088,http://dx.doi.org/10.2308/ajpt-19-088,Krishnamoorthy G; Bruynseels L; De Groote S; Wright A; Van Peteghem M,5,42,pp. 75 - 100,,,0.96596965,UNSW staff profile,True,28,6.3277,0278-0380,W4224034406
Sander De Groote,https://www.unsw.edu.au/staff/sander-de-groote,UNSW Sydney,Accounting,Coping with COVID: pivoting perspectives from teaching a third-year undergraduate financial accounting course,Accounting Research Journal,2021,Journal articles,10.1108/ARJ-09-2020-0295,http://dx.doi.org/10.1108/ARJ-09-2020-0295,Morris RD; Dai L; De Groote S; Holmes E; Lau L; Li CK; Nguyen P,7,34,pp. 279 - 289,,,0.78626522,UNSW staff profile,False,4,1.11,1030-9616,W3145663842
Sander De Groote,https://www.unsw.edu.au/staff/sander-de-groote,UNSW Sydney,Accounting,Predicting tax avoidance by means of social network analytics,Decision Support Systems,2018,Journal articles,10.1016/j.dss.2018.02.001,http://dx.doi.org/10.1016/j.dss.2018.02.001,Lismont J; Cardinaels E; Bruynseels L; De Groote S; Baesens B; Lemahieu W; Vanthienen J,7,108,pp. 13 - 24,,,0.97801762,UNSW staff profile,True,51,9.9949,0167-9236,W2793307483
Wesley Deng,https://www.unsw.edu.au/staff/wesley-deng,UNSW Sydney,Finance,"Law, politics, and trade credit in China",Journal of Corporate Finance,2024,Journal articles,10.1016/j.jcorpfin.2024.102643,http://dx.doi.org/10.1016/j.jcorpfin.2024.102643,Deng W; Miao S; Zhu Z; Wen F,4,,,,,0.99609459,UNSW staff profile,True,33,23.9575,0929-1199,W4401198937
Wesley Deng,https://www.unsw.edu.au/staff/wesley-deng,UNSW Sydney,Finance,Short-Sale Constraints and Corporate Investment,Journal of Financial and Quantitative Analysis,2023,Journal articles,10.1017/S0022109022000849,http://dx.doi.org/10.1017/S0022109022000849,Deng W; Gupta VK; Lipson ML; Mortal S,4,58,,,,0.87106312,UNSW staff profile,False,12,1.949,0022-1090,W4291777916
Wesley Deng,https://www.unsw.edu.au/staff/wesley-deng,UNSW Sydney,Finance,"When geopolitical risk rises, innovation stalls",Harvard Business Review,2022,Journal articles,,https://hbr.org/2022/03/research-when-geopolitical-risk-rises-innovation-stalls,Deng W; Astvansh V; Habib A,3,,,,,,UNSW staff profile,,,,,
Wesley Deng,https://www.unsw.edu.au/staff/wesley-deng,UNSW Sydney,Finance,Short-Sale Constraints and Corporate Investment,Journal of Financial and Quantitative Analysis,2022,Journal articles,10.1017/s0022109022000849,http://dx.doi.org/10.1017/s0022109022000849,Deng X; Gupta VK; Lipson ML; Mortal S; Deng W,5,58,pp. 1 - 33,,,0.87106312,UNSW staff profile,False,12,1.949,0022-1090,W4291777916
Wesley Deng,https://www.unsw.edu.au/staff/wesley-deng,UNSW Sydney,Finance,Short selling constraints and politically motivated negative information suppression,Journal of Corporate Finance,2021,Journal articles,10.1016/j.jcorpfin.2021.101943,http://dx.doi.org/10.1016/j.jcorpfin.2021.101943,Deng X; Jiang C; Young D,3,68,,,,0.84576613,UNSW staff profile,False,12,1.6882,0929-1199,W3146938807
Wesley Deng,https://www.unsw.edu.au/staff/wesley-deng,UNSW Sydney,Finance,Short-sale constraints and stock price crash risk: Causal evidence from a natural experiment,Journal of Corporate Finance,2020,Journal articles,10.1016/j.jcorpfin.2019.101498,http://dx.doi.org/10.1016/j.jcorpfin.2019.101498,Deng X; Gao L; Kim JB,3,60,,,,0.98913775,UNSW staff profile,True,119,12.0191,0929-1199,W2969300137
Wesley Deng,https://www.unsw.edu.au/staff/wesley-deng,UNSW Sydney,Finance,The monitoring of short selling: Evidence from China,Research in International Business and Finance,2018,Journal articles,10.1016/j.ribaf.2017.07.087,http://dx.doi.org/10.1016/j.ribaf.2017.07.087,Deng X; Gao L,2,43,pp. 68 - 78,,,0.95103818,UNSW staff profile,True,33,5.1796,0275-5319,W2751834073
Alexander Dickerson,https://www.unsw.edu.au/staff/alexander-dickerson,UNSW Sydney,Finance,Priced risk in corporate bonds *,JOURNAL OF FINANCIAL ECONOMICS,2023,Journal articles,10.1016/j.jfineco.2023.103707,http://dx.doi.org/10.1016/j.jfineco.2023.103707,Dickerson A; Mueller P; Robotti C,3,150,,,,0.99796672,UNSW staff profile,True,112,23.4082,0304-405X,W4386343863
Alexander Dickerson,https://www.unsw.edu.au/staff/alexander-dickerson,UNSW Sydney,Finance,Trading volume and liquidity provision in cryptocurrency markets *,JOURNAL OF BANKING & FINANCE,2022,Journal articles,10.1016/j.jbankfin.2022.106547,http://dx.doi.org/10.1016/j.jbankfin.2022.106547,Bianchi D; Babiak M; Dickerson A,3,142,,,,0.98984715,UNSW staff profile,True,78,11.2842,0378-4266,W4281550587
David Feldman,https://www.unsw.edu.au/staff/david-feldman,UNSW Sydney,Finance,Idiosyncratic volatility,Finance Research Letters,2026,Journal articles,10.1016/j.frl.2025.109410,http://dx.doi.org/10.1016/j.frl.2025.109410,Feldman D; Kang CM; Zhao Y,3,92,,,,0.59823886,UNSW staff profile,False,0,0.0,1544-6123,W7116883982
David Feldman,https://www.unsw.edu.au/staff/david-feldman,UNSW Sydney,Finance,Politically Motivated Corporate Decisions as Tournament Participation/Inclusion Games,Journal of Corporate Finance,2021,Journal articles,10.1016/j.jcorpfin.2021.101883,http://dx.doi.org/10.1016/j.jcorpfin.2021.101883,Feldman D; Kang C-M; Li J; Saxena K,4,67,pp. 101883,,,0.9149753,UNSW staff profile,True,22,3.0596,0929-1199,W3120219870
David Feldman,https://www.unsw.edu.au/staff/david-feldman,UNSW Sydney,Finance,"Gender Competitiveness and Predictability, and Prize Money in Grand Slam Tennis Tournaments",Quarterly Journal of Finance,2020,Journal articles,10.1142/S2010139220500068,http://dx.doi.org/10.1142/S2010139220500068,Feldman D; Gross S; Long Y,3,10,pp. 2050006,,,0.71992582,UNSW staff profile,False,2,0.2478,2010-1392,W3028397707
David Feldman,https://www.unsw.edu.au/staff/david-feldman,UNSW Sydney,Finance,Is the Active Fund Management Industry Concentrated Enough?,Journal of Financial Economics,2020,Journal articles,10.1016/j.jfineco.2019.08.009,http://dx.doi.org/10.1016/j.jfineco.2019.08.009,Feldman D; Saxena K; Xu J,3,136,pp. 23 - 43,,,0.95058126,UNSW staff profile,True,29,4.603,0304-405X,W3122568147
David Feldman,https://www.unsw.edu.au/staff/david-feldman,UNSW Sydney,Finance,Contrarians or Momentum Chasers? Individual Investors’ Behavior when Trading exchange-traded funds,The Journal of Futures Markets,2019,Journal articles,10.1002/fut.21979,http://dx.doi.org/10.1002/fut.21979,Da Dalt C; Feldman D; Garvey G; Westerholm J,4,39,pp. 553 - 578,,,0.83395489,UNSW staff profile,False,21,1.3847,0270-7314,W2902906082
David Feldman,https://www.unsw.edu.au/staff/david-feldman,UNSW Sydney,Finance,Equilibrium-Based Volatility Models of the Market Portfolio Rate of Return (Peacock Tails or Stotting Gazelles),Annals of Operations Research,2018,Journal articles,10.1007/s10479-015-1972-8,http://dx.doi.org/10.1007/s10479-015-1972-8,Feldman D; Xin X,2,262,pp. 493 - 518,,,0.82273361,UNSW staff profile,False,4,0.9012,0254-5330,W3122164781
David Feldman,https://www.unsw.edu.au/staff/david-feldman,UNSW Sydney,Finance,Non-Transferable non-hedgeable executive stock option pricing,Journal of Economic Dynamics and Control,2015,Journal articles,10.1016/j.jedc.2015.02.002,http://dx.doi.org/10.1016/j.jedc.2015.02.002,Colwell DB; Feldman D; Hu W,3,53,pp. 161 - 191,,,0.82357043,UNSW staff profile,False,5,0.9012,0165-1889,W3123691003
David Feldman,https://www.unsw.edu.au/staff/david-feldman,UNSW Sydney,Finance,Pricing Under Noisy Signaling,Review of Quantitative Finance and Accounting,2015,Journal articles,10.1007/s11156-014-0442-8,http://dx.doi.org/10.1007/s11156-014-0442-8,Feldman D; Trzcinka C; Winer RS,3,45,pp. 435 - 454,,,0.92064676,UNSW staff profile,True,4,1.9192,0924-865X,W3121719013
David Feldman,https://www.unsw.edu.au/staff/david-feldman,UNSW Sydney,Finance,Linear Beta Pricing with Inefficient Benchmarks,Quarterly Journal of Finance,2013,Journal articles,10.1142/S2010139213500043,http://dx.doi.org/10.1142/S2010139213500043,Diacogiannis G; Feldman D,2,3,,,,0.75396442,UNSW staff profile,False,8,0.389,2010-1392,W3121424328
David Feldman,https://www.unsw.edu.au/staff/david-feldman,UNSW Sydney,Finance,Incomplete Information Equilibria:  Separation Theorems and Other Myths,Annals of Operations Research,2007,Journal articles,,,Feldman D,1,151,pp. 119 - 149,,,,UNSW staff profile,,,,,
David Feldman,https://www.unsw.edu.au/staff/david-feldman,UNSW Sydney,Finance,Mortgage Default:  Classification Trees Analysis,Journal of Real Estate Finance and Economics,2005,Journal articles,,,Feldman D; Gross S,2,30,pp. 369 - 396,,,,UNSW staff profile,,,,,
David Feldman,https://www.unsw.edu.au/staff/david-feldman,UNSW Sydney,Finance,Forum Selection in International Business Contracts:  Home Bias Portfolio Puzzle and Managerial Moral Hazard,Review of Quantitative Finance and Accounting,2004,Journal articles,10.1023/B:REQU.0000025761.14094.70,http://dx.doi.org/10.1023/B:REQU.0000025761.14094.70,Bar Niv M; Feldman D,2,22,pp. 219 - 232,,,0.64331358,UNSW staff profile,False,2,0.0,0924-865X,W3122957654
David Feldman,https://www.unsw.edu.au/staff/david-feldman,UNSW Sydney,Finance,Separating Signaling Equilibria Under Random Relations Between Costs and Attributes:  Continuum of Attributes,Mathematical Social Sciences,2004,Journal articles,10.1016/j.mathsocsci.2003.12.004,http://dx.doi.org/10.1016/j.mathsocsci.2003.12.004,Feldman D; Winer RS,2,48,pp. 81 - 91,,,0.79400432,UNSW staff profile,False,8,0.8738,0165-4896,W3122049107
David Feldman,https://www.unsw.edu.au/staff/david-feldman,UNSW Sydney,Finance,Separating Signaling Equilibria Under Random Relations Between Costs and Attributes:  Discrete Attributes,Mathematical Social Sciences,2004,Journal articles,10.1016/j.mathsocsci.2003.12.002,http://dx.doi.org/10.1016/j.mathsocsci.2003.12.002,Feldman D,1,48,pp. 93 - 101,,,0.79423551,UNSW staff profile,False,7,0.8738,0165-4896,W3123428892
David Feldman,https://www.unsw.edu.au/staff/david-feldman,UNSW Sydney,Finance,Signaling-Screening Equilibrium in the Mortgage Market,Journal of Real Estate Finance and Economics,2003,Journal articles,10.1023/A:1022926724657,http://dx.doi.org/10.1023/A:1022926724657,Ben-Shahar D; Feldman D,2,26,pp. 157 - 178,,,0.96227889,UNSW staff profile,True,13,7.4475,0895-5638,W1497167352
David Feldman,https://www.unsw.edu.au/staff/david-feldman,UNSW Sydney,Finance,Simple Construction of the Efficient Frontier,European Financial Management,2003,Journal articles,10.1111/1468-036X.00218,http://dx.doi.org/10.1111/1468-036X.00218,Feldman D; Reisman H,2,9,pp. 251 - 259,,,0.89843179,UNSW staff profile,False,35,2.2415,1354-7798,W3124660254
David Feldman,https://www.unsw.edu.au/staff/david-feldman,UNSW Sydney,Finance,The Term Structure of Interest Rates:  Bounded or Falling?,Review of Finance,2003,Journal articles,10.1023/A:1022510926704,http://dx.doi.org/10.1023/A:1022510926704,Feldman D,1,7,pp. 103 - 113,,,0.94183649,UNSW staff profile,True,15,4.6547,1382-6662,W1932813920
David Feldman,https://www.unsw.edu.au/staff/david-feldman,UNSW Sydney,Finance,The Value of the Rent Control Option,Journal of Real Estate Finance and Economics,2002,Journal articles,10.1023/A:1013982321571,http://dx.doi.org/10.1023/A:1013982321571,Ben-Shahar D; Feldman D; Greenberg D,3,24,pp. 89 - 101,,,0.44336216,UNSW staff profile,False,0,0.0,0895-5638,W3125902608
David Feldman,https://www.unsw.edu.au/staff/david-feldman,UNSW Sydney,Finance,Production and the Real Rate of Interest:  A Sample Path Equilibrium,Review of Finance,2002,Journal articles,10.1023/A:1020187803012,http://dx.doi.org/10.1023/A:1020187803012,Feldman D,1,6,pp. 247 - 275,,,0.91323089,UNSW staff profile,True,8,1.7407,1382-6662,W4234128217
David Feldman,https://www.unsw.edu.au/staff/david-feldman,UNSW Sydney,Finance,Production and the Real Rate of Interest: A Sample Path Equilibrium,Review of Finance,2001,Journal articles,10.1023/A:1013817632247,http://dx.doi.org/10.1023/A:1013817632247,Feldman D,1,5,pp. 239 - 267,,,0.75894404,UNSW staff profile,False,9,0.369,1382-6662,W3123361225
David Feldman,https://www.unsw.edu.au/staff/david-feldman,UNSW Sydney,Finance,European Options on Bond Futures - A Closed Form Solution,Journal of Futures Markets,1993,Journal articles,10.1002/fut.3990130308,http://dx.doi.org/10.1002/fut.3990130308,Feldman D,1,13,pp. 325 - 333,,,0.84715128,UNSW staff profile,False,7,1.3305,0270-7314,W2143859981
David Feldman,https://www.unsw.edu.au/staff/david-feldman,UNSW Sydney,Finance,"Logarithmic Preferences, Myopic Decisions, and Incomplete Information",Journal of Financial and Quantitative Analysis,1992,Journal articles,10.2307/2331144,http://dx.doi.org/10.2307/2331144,Feldman D,1,27,pp. 619 - 629,,,0.90772448,UNSW staff profile,True,65,2.3013,0022-1090,W2158161997
David Feldman,https://www.unsw.edu.au/staff/david-feldman,UNSW Sydney,Finance,The Term Structure of Interest Rates in a Partially Observable Economy,The Journal of Finance,1989,Journal articles,10.2307/2328783,http://dx.doi.org/10.2307/2328783,Feldman D,1,44,pp. 789 - 789,,,0.44551189,UNSW staff profile,False,33,0.0,0022-1082,W4237396968
David Feldman,https://www.unsw.edu.au/staff/david-feldman,UNSW Sydney,Finance,The Term Structure of Interest-Rates in a Partially Observable Economy,The Journal of Finance,1989,Journal articles,10.2307/2328783,http://dx.doi.org/10.2307/2328783,Feldman D,1,44,pp. 789 - 812,,,0.44551189,UNSW staff profile,False,33,0.0,0022-1082,W4237396968
David Feldman,https://www.unsw.edu.au/staff/david-feldman,UNSW Sydney,Finance,Equilibrium Interest Rates and Multiperiod Bonds in a Partially Observable Economy,The Journal of Finance,1986,Journal articles,10.2307/2328441,http://dx.doi.org/10.2307/2328441,Dothan MU; Feldman D,2,41,pp. 369 - 369,,,0.94744938,UNSW staff profile,True,72,4.1838,0022-1082,W4240527093
David Feldman,https://www.unsw.edu.au/staff/david-feldman,UNSW Sydney,Finance,Optimal Portfolio Choice Under Incomplete Information - Discussion,The Journal of Finance,1986,Journal articles,10.1111/j.1540-6261.1986.tb04539.x,http://dx.doi.org/10.1111/j.1540-6261.1986.tb04539.x,Feldman D,1,41,pp. 746 - 749,,,0.46188981,UNSW staff profile,False,0,0.0,0022-1082,W4232823836
Tanya Fiedler,https://www.unsw.edu.au/staff/tanya-fiedler,UNSW Sydney,Accounting,Getting Physical: The Foundations of Climate Evidence in Accounting,Accounting Horizons,2026,Journal articles,10.2308/horizons-2024-129,http://dx.doi.org/10.2308/horizons-2024-129,Fiedler T; Pitman AJ; Perkins-Kirpatrick S,3,,pp. 1 - 19,,,0.81330381,UNSW staff profile,False,0,0.0,0888-7993,W7161851576
Tanya Fiedler,https://www.unsw.edu.au/staff/tanya-fiedler,UNSW Sydney,Accounting,Storylines: A science-based method for assessing and measuring future physical climate-related financial risk,Accounting and Finance,2025,Journal articles,10.1111/acfi.13295,http://dx.doi.org/10.1111/acfi.13295,Fiedler T; Wood N; R Grose M; J Pitman A,4,65,pp. 1908 - 1931,,,0.9423325,UNSW staff profile,True,6,4.3559,0810-5391,W4400682998
Tanya Fiedler,https://www.unsw.edu.au/staff/tanya-fiedler,UNSW Sydney,Accounting,"Projecting, infrastructuring and calculating: From an In vitro to an In vivo carbon market",Accounting Organizations and Society,2024,Journal articles,10.1016/j.aos.2024.101549,http://dx.doi.org/10.1016/j.aos.2024.101549,Chua WF; Fiedler T; Boedker C,3,112,,,,0.98639721,UNSW staff profile,True,23,15.6818,0361-3682,W4394008419
Tanya Fiedler,https://www.unsw.edu.au/staff/tanya-fiedler,UNSW Sydney,Accounting,Linking physical climate risk with mandatory business risk disclosure requirements,Environmental Research Letters,2024,Journal articles,10.1088/1748-9326/ad4377,http://dx.doi.org/10.1088/1748-9326/ad4377,Pitman AJ; Saribatir E; Greenhill C; Green S; Pitman SJ; Fiedler T,6,19,,,,0.98088646,UNSW staff profile,True,19,12.2727,1748-9326,W4395444603
Tanya Fiedler,https://www.unsw.edu.au/staff/tanya-fiedler,UNSW Sydney,Accounting,The Visibility of Climate-Related Disclosures by Large Australian Companies,Australian Accounting Review,2024,Journal articles,10.1111/auar.12433,http://dx.doi.org/10.1111/auar.12433,Yang P; Fiedler T; Free C,3,34,pp. 265 - 282,,,0.94560879,UNSW staff profile,True,11,4.6427,1035-6908,W4403576836
Tanya Fiedler,https://www.unsw.edu.au/staff/tanya-fiedler,UNSW Sydney,Accounting,Engaging with matters that matter: a cross-cultural journey into the financialization of climate change effects,Qualitative Research in Accounting and Management,2023,Journal articles,10.1108/QRAM-01-2022-0002,http://dx.doi.org/10.1108/QRAM-01-2022-0002,Chua WF; Fiedler T,2,20,pp. 92 - 116,,,0.77783833,UNSW staff profile,False,5,0.8265,1176-6093,W4306751662
Tanya Fiedler,https://www.unsw.edu.au/staff/tanya-fiedler,UNSW Sydney,Accounting,Net-zero targets for investment portfolios: An analysis of financed emissions metrics,Energy Economics,2023,Journal articles,10.1016/j.eneco.2023.106917,http://dx.doi.org/10.1016/j.eneco.2023.106917,Fraser A; Fiedler T,2,126,,,,0.97244368,UNSW staff profile,True,27,6.4492,0140-9883,W4385647253
Tanya Fiedler,https://www.unsw.edu.au/staff/tanya-fiedler,UNSW Sydney,Accounting,"A pragmatic authenticity assessment of lemon (Citrus limon [L.] Burm.f.) juices by its profile of coumarins, psoralens, and polymethoxyflavones",FOOD CONTROL,2023,Journal articles,10.1016/j.foodcont.2022.109529,http://dx.doi.org/10.1016/j.foodcont.2022.109529,Jungen M; Dragicevic N; Rodriguez-Werner M; Schmidt S; Dinis K; Tsamba L; Jamin E; Fiedler T; Fischbach N; Steingass CB; Camel V; Schweiggert R,12,146,,,,0.75433605,UNSW staff profile,False,9,0.9801,0956-7135,W4310238628
Tanya Fiedler,https://www.unsw.edu.au/staff/tanya-fiedler,UNSW Sydney,Accounting,Acute climate risks in the financial system: examining the utility of climate model projections,Environmental Research Climate,2022,Journal articles,10.1088/2752-5295/ac856f,http://dx.doi.org/10.1088/2752-5295/ac856f,Pitman AJ; Fiedler T; Ranger N; Jakob C; Ridder N; Perkins-Kirkpatrick S; Wood N; Abramowitz G,8,1,,,,0.90253096,UNSW staff profile,True,33,2.6062,2752-5295,W4288696966
Tanya Fiedler,https://www.unsw.edu.au/staff/tanya-fiedler,UNSW Sydney,Accounting,Seduction as control: Gamification at Foursquare,Management Accounting Research,2021,Journal articles,10.1016/j.mar.2021.100765,http://dx.doi.org/10.1016/j.mar.2021.100765,Chapman C; Chua WF; Fiedler T,3,53,,,,0.94776095,UNSW staff profile,True,41,4.5782,1044-5005,W3191734477
Tanya Fiedler,https://www.unsw.edu.au/staff/tanya-fiedler,UNSW Sydney,Accounting,Business risk and the emergence of climate analytics,Nature Climate Change,2021,Journal articles,10.1038/s41558-020-00984-6,http://dx.doi.org/10.1038/s41558-020-00984-6,Fiedler T; Pitman AJ; Mackenzie K; Wood N; Jakob C; Perkins-Kirkpatrick SE,6,11,pp. 87 - 94,,,0.99719799,UNSW staff profile,True,222,37.4555,1758-678X,W3127123385
Tanya Fiedler,https://www.unsw.edu.au/staff/tanya-fiedler,UNSW Sydney,Accounting,Model-based energy and uncertainty analysis of membrane bioreactor to treat PVC production site wastewater,BIOCHEMICAL ENGINEERING JOURNAL,2018,Journal articles,10.1016/j.bej.2017.10.015,http://dx.doi.org/10.1016/j.bej.2017.10.015,Hu K; Fiedler T; Blanco L; Geissen S-U; Prieto D; Blanco A; Negro C; Swinnen N,8,129,pp. 7 - 15,,,0.59781985,UNSW staff profile,False,2,0.1569,1369-703X,W2765345137
Tanya Fiedler,https://www.unsw.edu.au/staff/tanya-fiedler,UNSW Sydney,Accounting,Model-based performance and energy analyses of reverse osmosis to reuse wastewater in a PVC production site,JOURNAL OF ENVIRONMENTAL SCIENCE AND HEALTH PART A-TOXIC/HAZARDOUS SUBSTANCES & ENVIRONMENTAL ENGINEERING,2017,Journal articles,10.1080/10934529.2017.1356194,http://dx.doi.org/10.1080/10934529.2017.1356194,Hu K; Fiedler T; Blanco L; Geissen S-U; Zander S; Prieto D; Blanco A; Negro C; Swinnen N,9,52,pp. 1218 - 1225,,,0.59325875,UNSW staff profile,False,4,0.1569,1093-4529,W2755451546
Tanya Fiedler,https://www.unsw.edu.au/staff/tanya-fiedler,UNSW Sydney,Accounting,Fruit Pectin in Pineapple Juice Detection by Cavity Ring-Down Spectroscopy,DEUTSCHE LEBENSMITTEL-RUNDSCHAU,2016,Journal articles,,,Bertheau C; Beer C; Fiedler T; Hofsommer M; Kroh LW,5,112,pp. 393 - 397,,,,UNSW staff profile,,,,,
Tanya Fiedler,https://www.unsw.edu.au/staff/tanya-fiedler,UNSW Sydney,Accounting,Still of great Interest today: the Maillard Reaction,DEUTSCHE LEBENSMITTEL-RUNDSCHAU,2012,Journal articles,,,Fiedler T,1,108,pp. 79 - 82,,,,UNSW staff profile,,,,,
Tanya Fiedler,https://www.unsw.edu.au/staff/tanya-fiedler,UNSW Sydney,Accounting,Formation of discrete molecular size domains of melanoidins depending on the involvement of several α-dicarbonyl compounds:: Part 2,EUROPEAN FOOD RESEARCH AND TECHNOLOGY,2007,Journal articles,10.1007/s00217-006-0442-6,http://dx.doi.org/10.1007/s00217-006-0442-6,Fiedler T; Kroh LW,2,225,pp. 473 - 481,,,0.66339961,UNSW staff profile,False,25,0.5914,0373-0174,W2032215282
Tanya Fiedler,https://www.unsw.edu.au/staff/tanya-fiedler,UNSW Sydney,Accounting,The formation of colored compounds in technical sucrose solutions - new knowledge about their molecular basics and molecular size distribution,ZUCKERINDUSTRIE,2007,Journal articles,,,Kroh LW; Fiedler T; Wagner J,3,132,pp. 25 - 32,,,,UNSW staff profile,,,,,
Tanya Fiedler,https://www.unsw.edu.au/staff/tanya-fiedler,UNSW Sydney,Accounting,Simplified Kinetics and Colour Formation in Sucrose Solutions Based on A-Dicarbonyl Compounds,INTERNATIONAL JOURNAL OF FOOD ENGINEERING,2007,Journal articles,10.2202/1556-3758.1250,http://dx.doi.org/10.2202/1556-3758.1250,Smejkal Q; Fiedler T; Kurz T; Kroh L,4,3,,,,0.64852856,UNSW staff profile,False,9,0.4401,1556-3758,W2009630879
Tanya Fiedler,https://www.unsw.edu.au/staff/tanya-fiedler,UNSW Sydney,Accounting,Influence of α-dicarbonyl compounds to the molecular weight distribution of melanoidins in sucrose solutions:: part 1,EUROPEAN FOOD RESEARCH AND TECHNOLOGY,2006,Journal articles,10.1007/s00217-006-0277-1,http://dx.doi.org/10.1007/s00217-006-0277-1,Fiedler T; Moritz T; Kroh LW,3,223,pp. 837 - 842,,,0.62867544,UNSW staff profile,False,25,0.3943,0373-0174,W2084967191
Tanya Fiedler,https://www.unsw.edu.au/staff/tanya-fiedler,UNSW Sydney,Accounting,Highly efficient white organic light-emitting diode,APPLIED PHYSICS LETTERS,2006,Journal articles,10.1063/1.2186080,http://dx.doi.org/10.1063/1.2186080,Krummacher BC; Choong VE; Mathai MK; Choulis SA; So F; Jermann F; Fiedler T; Zachau M,8,88,,,,0.99516728,UNSW staff profile,True,197,17.9993,0003-6951,W2046393026
Tanya Fiedler,https://www.unsw.edu.au/staff/tanya-fiedler,UNSW Sydney,Accounting,Controlled structuring of mica surfaces with the tip of an atomic force microscope by mechanically induced local etching,SURFACE AND INTERFACE ANALYSIS,2004,Journal articles,10.1002/sia.1690,http://dx.doi.org/10.1002/sia.1690,Müller M; Fiedler T; Gröger R; Koch T; Walheim S; Obermair C; Schimmel T,7,36,pp. 189 - 192,,,0.7483857,UNSW staff profile,False,34,0.9939,0142-2421,W2130297118
Kingsley Fong,https://www.unsw.edu.au/staff/kingsley-fong,UNSW Sydney,Finance,Regulating Inattention in Fee-based Financial Advice,,2024,Journal articles,10.2139/ssrn.4926550,http://dx.doi.org/10.2139/ssrn.4926550,Edelen RM; Fong K; Han J,3,,,,,,UNSW staff profile,,4,,1556-5068,W4402776148
Kingsley Fong,https://www.unsw.edu.au/staff/kingsley-fong,UNSW Sydney,Finance,Nonstandard Errors,Journal of Finance,2024,Journal articles,10.1111/jofi.13337,http://dx.doi.org/10.1111/jofi.13337,Menkveld AJ; Dreber A; Holzmeister F; Huber J; Johannesson M; Kirchler M; Neusüß S; Razen M; Weitzel U; Abad-Díaz D; Abudy M; Adrian T; Ait-Sahalia Y; Akmansoy O; Alcock JT; Alexeev V; Aloosh A; Amato L; Amaya D; Angel JJ; Avetikian AT; Bach A; Baidoo E; Bakalli G; Bao L; Barbon A; Bashchenko O; Bindra PC; Bjønnes GH; Black JR; Black BS; Bogoev D; Correa SB; Bondarenko O; Bos CS; Bosch-Rosa C; Bouri E; Brownlees C; Calamia A; Cao VN; Capelle-Blancard G; Romero LMC; Caporin M; Carrion A; Caskurlu T; Chakrabarty B; Chen J; Chernov M; Cheung W; Chincarini LB; Chordia T; Chow SC; Clapham B; Colliard JE; Comerton-Forde C; Curran E; Dao T; Dare W; Davies RJ; Blasis RD; Nard GFD; Declerck F; Deev O; Degryse H; Deku SY; Desagre C; Dijk MAV; Dim C; Dimpfl T; Dong YJ; Drummond PA; Dudda T; Duevski T; Dumitrescu A; Dyakov T; Dyhrberg AH; Dzieliński M; Eksi A; Kalak IE; Ellen ST; Eugster N; Evans MDD; Farrell M; Felez-Vinas E; Ferrara G; Ferrouhi EM; Flori A; Fluharty-Jaidee JT; Foley SDV; Fong KYL; Foucault T; Franus T; Franzoni F; Frijns B; Frömmel M; Fu SM; Füllbrunn SC; Gan B; Gao G; Gehrig TP,100,79,pp. 2339 - 2390,,,1.0,UNSW staff profile,True,101,65.3198,0022-1082,W4394881644
Kingsley Fong,https://www.unsw.edu.au/staff/kingsley-fong,UNSW Sydney,Finance,Dynamic limit order placement activities and their effects on stock market quality,Annals of Operations Research,2023,Journal articles,10.1007/s10479-021-04282-y,http://dx.doi.org/10.1007/s10479-021-04282-y,Le AT; Le TH; Liu WM; Fong KY,4,330,pp. 155 - 175,,,0.57697391,UNSW staff profile,False,1,0.2109,0254-5330,W3204451539
Kingsley Fong,https://www.unsw.edu.au/staff/kingsley-fong,UNSW Sydney,Finance,Non-Standard Errors,The Journal of Finance,2023,Journal articles,,,Menkveld AJ; Dreber A; Holzmeister F; Huber J; Johanneson M; Kirchler M; Razen M; Weitzel U; Abad D; Abudy MM; Adrian T; Ait-Sahalia Y; Akmansoy O; Alcock J; Alexeev V; Aloosh A; Amato L; Amaya D; Angel JJ; Bach A; Baidoo E; Bakalli G; Barbon A; Bashchenko O; Bindra PC; Bjonnes GH; Black JR; Black BS; Bohorquez S; Bondarenko O; Bos CS; Bosch-Rosa C; Bouri E; Brownlees CT; Calamia A; Cao VN; Capelle-Blancard G; Capera L; Caporin M; Carrion A; Caskurlu T; Chakrabarty B; Chernov M; Cheung WMY; Chincarini LB; Chordia T; Chow SC; Clapham B; Colliard J-E; Comerton-Forde C; Curran E; Dao T; Dare W; Davies RJ; De Blasis R; De Nard G; Declerck F; Deev O; Degryse H; Deku S; Desagre C; Van Dijk MA; Dim C; Dimpfl T; Dong YJ; Drummond P; Dudda T; Dumitrescu A; Dyakov T; Dyhrberg AH; Dzieliński M; Eksi A; El Kalak I; ter Ellen S; Eugster N; Evans MDD; Farrell M; Félez-Viñas E; Ferrara G; FERROUHI EM; Flori A; Fluharty-Jaidee J; Foley S; Fong KYL; Foucault T; Franus T; Franzoni FA; Frijns B; Frömmel M; Fu S; Füllbrunn S; Gan B; Gehrig T; Gerritsen D; Gil-Bazo J; Glosten LR; Gomez T; Gorbenko A; Güçbilmez U; Grammig J; Gregoire V; Hagströmer B; Hambuckers J; Hapnes E; Harris JH; Harris L; Hartmann S; Hasse J-B; Hautsch N; He X-ZT; Heath D; Hediger S; Hendershott TJ; Hibbert AM; Hjalmarsson E; Hoelscher S; Hoffmann P; Holden CW; Horenstein AR; Huang W; Huang D; Hurlin C; Ivashchenko A; Iyer SR; Jahanshahloo H; Jalkh N; Jones CM; Jurkatis S; Jylha P; Kaeck A; Kaiser G; Karam A; Karmaziene E; Kassner B; Kaustia M; Kazak E; Kearney F; van Kervel V; Khan S; Khomyn M; Klein T; Klein O; Klos A; Koetter M; Krahnen JP; Kolokolov A; Korajczyk RA; Kozhan R; Kwan A; Lajaunie Q; Lam FYEC; Lambert M; Langlois H; Lausen J; Lauter T; Leippold M; Levin V; Li Y; Li MH; Liew CY; Lindner T; Linton OB; Liu J; Liu A; Llorente-Alvarez J-G; Lof M; Lohr A; Longstaff FA; Lopez-Lira A; Mankad S; Mano N; Marchal A; Martineau C; Mazzola F; Meloso DC; Mihet R; Mohan V; Moinas S; Moore D; Mu L; Muravyev D; Murphy D; Neszveda G; Neumeier C; Nielsson U; Nimalendran M; Nolte S; Nordén LL; O'Neill P; Obaid K; Ødegaard BA; Östberg P; Painter M; Palan S; Palit I; Park A; Pascual Gascó R; Pasquariello P; Pastor L; Patel V; Patton AJ; Pearson ND; Pelizzon L; Pelster M; Pérignon C; Pfiffer C; Philip R; Plíhal T; Prakash P; Press O-A; Prodromou T; Putnins TJ; Raizada G; Rakowski DA; Ranaldo A; Regis L; Reitz S; Renault T; Wang R; Renò R; Riddiough S; Rinne K; Rintamäki P; Riordan R; RITTMANNSBERGER T; Rodríguez Longarela I; Rösch D; Rognone L; Roseman B; Rosu I; Roy S; Rudolf N; Rush S; Rzayev K; Rzeźnik A; Sanford A; Sankaran H; Sarkar A; Sarno L; Scaillet O; Scharnowski S; Schenk-Hoppé KR; Schertler A; Schneider M; Schroeder F; Schürhoff N; Schuster P; Schwarz MA; Seasholes MS; Seeger N; Shachar O; Shkilko A; Shui J; Sikic M; Simion G; Smales LA; Söderlind P; Sojli E; Sokolov K; Spokeviciute L; Stefanova D; Subrahmanyam MG; Neusüss S; Szaszi B; Talavera O; Tang Y; Taylor N; Tham WW; Theissen E; Thimme J; Tonks I; Tran H; Trapin L; Trolle AB; Vaduva M; Valente G; Van Ness RA; Vasquez A; Verousis T; Verwijmeren P; Vilhelmsson A; Vilkov G; Vladimirov V; Vogel S; Voigt S; Wagner W; Walther T; Weiss P; van der Wel M; Werner IM; Westerholm PJ; Westheide C; Wipplinger E; Wolf M; Wolff CCP; Wolk L; Wong WK; Wrampelmeyer J; Wu Z-X; Xia S; Xiu D; Xu K; Xu C; Yadav PK; Yagüe J; Yan C; Yang A; Yoo W; Yu W; Yu S; Yueshen BZ; Yuferova D; Zamojski M; Zareei A; Zeisberger S; Zhang S; Zhang X; Zhong Z; Zhou ZI; Zhou C; Zhu X; Zoican M; Zwinkels RCJ; Chen J; Duevski T; Gao G; Gemayel R; Gilder D; Kuhle P; Pagnotta E; Pelli M; Sö nksen J; Zhang L; Ilczuk K; Bogoev D; Qian Y; Wika HC; Yu Y; Zhao L; Mi M; Bao L,341,Forthcoming,,,,,UNSW staff profile,,,,,
Kingsley Fong,https://www.unsw.edu.au/staff/kingsley-fong,UNSW Sydney,Finance,Do Security Analysts Discipline Credit Rating Agencies?,Review of Corporate Finance Studies,2022,Journal articles,10.1093/rcfs/cfac021,http://dx.doi.org/10.1093/rcfs/cfac021,Fong K; Hong H; Kacperczyk M; Kubik JD,4,11,pp. 815 - 848,,,0.85060806,UNSW staff profile,False,17,1.7817,2046-9128,W4280524419
Kingsley Fong,https://www.unsw.edu.au/staff/kingsley-fong,UNSW Sydney,Finance,Algorithmic Trading and Market Quality: International Evidence,Journal of Financial and Quantitative Analysis,2021,Journal articles,10.1017/S0022109020000782,http://dx.doi.org/10.1017/S0022109020000782,Boehmer E; Fong K; Wu JJ,3,56,pp. 2659 - 2688,,,0.99358608,UNSW staff profile,True,128,15.8515,0022-1090,W3122734080
Kingsley Fong,https://www.unsw.edu.au/staff/kingsley-fong,UNSW Sydney,Finance,Dynamic limit order placement strategies: survival analysis with a multiple-spell duration model,Annals of Operations Research,2021,Journal articles,10.1007/s10479-019-03384-y,http://dx.doi.org/10.1007/s10479-019-03384-y,Le AT; Le TH; Liu WM; Fong KY,4,297,pp. 241 - 275,,,0.75021321,UNSW staff profile,False,3,0.7672,0254-5330,W2974256110
Kingsley Fong,https://www.unsw.edu.au/staff/kingsley-fong,UNSW Sydney,Finance,The role of implied volatility in liquidity provision,Australian Journal of Management,2020,Journal articles,10.1177/0312896219833423,http://dx.doi.org/10.1177/0312896219833423,Cahill D; Fong K; Wee M; Yang JW,4,45,pp. 45 - 71,,,0.05332376,UNSW staff profile,False,0,0.0,0312-8962,W2935864593
Kingsley Fong,https://www.unsw.edu.au/staff/kingsley-fong,UNSW Sydney,Finance,Determinants of household broker choices and their impacts on performance,Journal of Banking and Finance,2020,Journal articles,10.1016/j.jbankfin.2019.06.005,http://dx.doi.org/10.1016/j.jbankfin.2019.06.005,Fong K; Krug JD; Leung H; Westerholm JP,4,112,,,,0.8571099,UNSW staff profile,False,7,1.678,0378-4266,W2950322746
Kingsley Fong,https://www.unsw.edu.au/staff/kingsley-fong,UNSW Sydney,Finance,Multiple duration analyses of dynamic limit order placement strategies and aggressiveness in a low-latency market environment,International Review of Financial Analysis,2020,Journal articles,10.1016/j.irfa.2020.101575,http://dx.doi.org/10.1016/j.irfa.2020.101575,Le AT; Le TH; Liu WM; Fong KY,4,72,,,,0.84251449,UNSW staff profile,False,8,0.7435,1057-5219,W3087771040
Kingsley Fong,https://www.unsw.edu.au/staff/kingsley-fong,UNSW Sydney,Finance,"Taxes, order imbalance and abnormal returns around the ex-dividend day",International Review of Finance,2018,Journal articles,10.1111/irfi.12155,http://dx.doi.org/10.1111/irfi.12155,Ainsworth AB; Fong KYL; Gallagher DR; Partington G,4,18,pp. 379 - 409,,,0.88531585,UNSW staff profile,False,8,1.7265,1369-412X,W3121952322
Kingsley Fong,https://www.unsw.edu.au/staff/kingsley-fong,UNSW Sydney,Finance,What are the best liquidity proxies for global research?,Review of Finance,2017,Journal articles,10.1093/rof/rfx003,http://dx.doi.org/10.1093/rof/rfx003,Fong KYL; Holden CW; Trzcinka CA,3,21,pp. 1355 - 1401,,,0.99974536,UNSW staff profile,True,466,195.2967,1382-6662,W3121425277
Kingsley Fong,https://www.unsw.edu.au/staff/kingsley-fong,UNSW Sydney,Finance,Institutional trading around the ex-dividend day,Australian Journal of Management,2016,Journal articles,10.1177/0312896214539967,http://dx.doi.org/10.1177/0312896214539967,Ainsworth A; Fong KYL; Gallagher DR; Partington G,4,41,pp. 299 - 323,,,0.98432185,UNSW staff profile,True,25,13.1432,0312-8962,W2168710267
Kingsley Fong,https://www.unsw.edu.au/staff/kingsley-fong,UNSW Sydney,Finance,How has the Relevance of Institutional Brokerage Changed?,International Review of Finance,2016,Journal articles,10.1111/irfi.12092,http://dx.doi.org/10.1111/irfi.12092,Fong KYL; Foster FD; Gallagher DR; Lee AD,4,16,pp. 499 - 524,,,0.54676138,UNSW staff profile,False,1,0.0,1369-412X,W3124140459
Kingsley Fong,https://www.unsw.edu.au/staff/kingsley-fong,UNSW Sydney,Finance,Individual investors and broker types,Journal of Financial and Quantitative Analysis,2014,Journal articles,10.1017/S0022109014000349,http://dx.doi.org/10.1017/S0022109014000349,Fong KYL; Gallagher DR; Lee AD,3,49,pp. 431 - 451,,,0.96626304,UNSW staff profile,True,71,6.2671,0022-1090,W3122197294
Kingsley Fong,https://www.unsw.edu.au/staff/kingsley-fong,UNSW Sydney,Finance,Limit Order Revisions,Journal of Banking and Finance,2010,Journal articles,,,Fong KYL,1,34,pp. 1873 - 1885,,,,UNSW staff profile,,,,,
Kingsley Fong,https://www.unsw.edu.au/staff/kingsley-fong,UNSW Sydney,Finance,Do active fund managers care about capital gains tax efficiency?,Pacific Basin Finance Journal,2009,Journal articles,,,Fong KY; Gallagher DR; Lau S; Swan PL,4,17,pp. 257 - 270,,,,UNSW staff profile,,,,,
Kingsley Fong,https://www.unsw.edu.au/staff/kingsley-fong,UNSW Sydney,Finance,The Value of Alpha Forecasts in Portfolio Construction,Australian Journal of Management,2009,Journal articles,,,Fong KY; Gallagher DR; Lee AD,3,34,pp. 97 - 121,,,,UNSW staff profile,,,,,
Kingsley Fong,https://www.unsw.edu.au/staff/kingsley-fong,UNSW Sydney,Finance,Style drift and portfolio management for active Australian equity funds,Australian Journal of Management,2008,Journal articles,,,Ainsworth AB; Fong KY; Gallagher DR,3,32,pp. 387 - 418,,,,UNSW staff profile,,,,,
Kingsley Fong,https://www.unsw.edu.au/staff/kingsley-fong,UNSW Sydney,Finance,Benchmarking benchmarks: measuring characteristic selectivity using portfolio holdings data,Accounting and Finance,2008,Journal articles,,,Fong KY; Gallagher DR; Lee AD,3,48,pp. 761 - 781,,,,UNSW staff profile,,,,,
Kingsley Fong,https://www.unsw.edu.au/staff/kingsley-fong,UNSW Sydney,Finance,The state of origin of Australian equity: Does active fund manager location matter?,Australian Journal of Management,2008,Journal articles,,,Fong KY; Gallagher DR; Lee AD,3,32,pp. 503 - 523,,,,UNSW staff profile,,,,,
Kingsley Fong,https://www.unsw.edu.au/staff/kingsley-fong,UNSW Sydney,Finance,Where Do Australian Active Equity Managers Outperform?,JASSA - Journal of the Securities Institute of Australia,2007,Journal articles,,,Fong KY; Gallagher DR; Lee AD,3,4,pp. 5 - 10,,,,UNSW staff profile,,,,,
Kingsley Fong,https://www.unsw.edu.au/staff/kingsley-fong,UNSW Sydney,Finance,The use of derivatives by investment managers and implications for portfolio performance and risk,International Review of Finance,2006,Journal articles,10.1111/j.1468-2443.2006.00049.x,http://dx.doi.org/10.1111/j.1468-2443.2006.00049.x,Fong KY; Gallagher DR; Ng A,3,5,pp. 1 - 29,,,0.84317571,UNSW staff profile,False,23,1.1596,1369-412X,W3122632596
Kingsley Fong,https://www.unsw.edu.au/staff/kingsley-fong,UNSW Sydney,Finance,How much do locals contribute to the price discovery process?,Journal of Empirical Finance,2003,Journal articles,,,Fong KY; Zurbruegg R,2,10,pp. 305 - 320,,,,UNSW staff profile,,,,,
Kingsley Fong,https://www.unsw.edu.au/staff/kingsley-fong,UNSW Sydney,Finance,Real Options Valuation of Australian Gold Mines and Mining Companies,The Journal of Alternative Investments,2003,Journal articles,,,Henker T; Colwell DB; Fong KY; Ho J,4,6,pp. 23 - 38,,,,UNSW staff profile,,,,,
Kingsley Fong,https://www.unsw.edu.au/staff/kingsley-fong,UNSW Sydney,Finance,Overnight futures trading:  now even Australia and US have common trading hours,Journal of International Financial Markets Institutions and Money,2002,Journal articles,,,Fong KY; Martens M,2,12,pp. 167 - 182,,,,UNSW staff profile,,,,,
Kingsley Fong,https://www.unsw.edu.au/staff/kingsley-fong,UNSW Sydney,Finance,Stock market closure and intraday stock index futures market volatility: `contagin` bid-ask bias or both?,Pacific Basin Finance Journal,2001,Journal articles,,,Fong KY; Frino A,2,,pp. 219 - 232,,,,UNSW staff profile,,,,,
Mathieu Fournier,https://www.unsw.edu.au/staff/mathieu-fournier,UNSW Sydney,Finance,The risk and return of equity and credit index options,Journal of Financial Economics,2024,Journal articles,10.1016/j.jfineco.2024.103932,http://dx.doi.org/10.1016/j.jfineco.2024.103932,Doshi H; Ericsson J; Fournier M; Seo SB,4,161,,,,0.89989929,UNSW staff profile,False,8,2.5485,0304-405X,W4402035581
Mathieu Fournier,https://www.unsw.edu.au/staff/mathieu-fournier,UNSW Sydney,Finance,Modeling Conditional Factor Risk Premia Implied by Index Option Returns,The Journal of Finance,2024,Journal articles,10.1111/jofi.13324,http://dx.doi.org/10.1111/jofi.13324,FOURNIER M; JACOBS K; ORŁOWSKI P; Fournier M,4,79,pp. 2289 - 2338,,,0.96764023,UNSW staff profile,True,16,6.3711,0022-1082,W4392620617
Mathieu Fournier,https://www.unsw.edu.au/staff/mathieu-fournier,UNSW Sydney,Finance,Option-Based Estimation of the Price of Coskewness and Cokurtosis Risk,Journal of Financial and Quantitative Analysis,2021,Journal articles,10.1017/s002210902000023x,http://dx.doi.org/10.1017/s002210902000023x,Christoffersen P; Fournier M; Jacobs K; Karoui M,4,56,pp. 65 - 91,,,0.93111629,UNSW staff profile,True,29,3.4743,0022-1090,W3024356944
Mathieu Fournier,https://www.unsw.edu.au/staff/mathieu-fournier,UNSW Sydney,Finance,Beta Risk in the Cross-Section of Equities,The Review of Financial Studies,2020,Journal articles,10.1093/rfs/hhz139,http://dx.doi.org/10.1093/rfs/hhz139,Boloorforoosh A; Christoffersen P; Fournier M; Gouriéroux C,4,33,pp. 4318 - 4366,,,0.88069482,UNSW staff profile,False,20,2.0458,0893-9454,W3122738466
Mathieu Fournier,https://www.unsw.edu.au/staff/mathieu-fournier,UNSW Sydney,Finance,A Tractable Framework for Option Pricing with Dynamic Market Maker Inventory and Wealth,Journal of Financial and Quantitative Analysis,2020,Journal articles,10.1017/s0022109019000462,http://dx.doi.org/10.1017/s0022109019000462,Fournier M; Jacobs K,2,55,pp. 1117 - 1162,,,0.90300283,UNSW staff profile,True,40,2.5572,0022-1090,W3122146539
Mathieu Fournier,https://www.unsw.edu.au/staff/mathieu-fournier,UNSW Sydney,Finance,The Factor Structure in Equity Options,The Review of Financial Studies,2018,Journal articles,10.1093/rfs/hhx089,http://dx.doi.org/10.1093/rfs/hhx089,Christoffersen P; Fournier M; Jacobs K,3,31,pp. 595 - 637,,,0.98774813,UNSW staff profile,True,107,12.3962,0893-9454,W3021679175
Luis Filipe Goncalves-Pinto,https://www.unsw.edu.au/staff/luis-filipe-goncalves-pinto,UNSW Sydney,Finance,Incomplete information and the liquidity premium puzzle,Management Science,2021,Journal articles,10.1287/mnsc.2020.3726,http://dx.doi.org/10.1287/mnsc.2020.3726,Chen Y; Dai M; Goncalves-Pinto L; Xu J; Yan C,5,67,pp. 5703 - 5729,,,0.20210208,UNSW staff profile,False,0,0.0,0025-1909,W3095241694
Luis Filipe Goncalves-Pinto,https://www.unsw.edu.au/staff/luis-filipe-goncalves-pinto,UNSW Sydney,Finance,Why Do Option Prices Predict Stock Returns? The Role of Price Pressure in the Stock Market,Management Science,2020,Journal articles,,,Goncalves-Pinto LF; Grundy B; Hameed A; Van Der Heijden T; Zhu Y,5,66,pp. 3799 - 4358,,,,UNSW staff profile,,,,,
Luis Filipe Goncalves-Pinto,https://www.unsw.edu.au/staff/luis-filipe-goncalves-pinto,UNSW Sydney,Finance,How Does Illiquidity Affect Delegated Portfolio Choice?,Journal of Financial and Quantitative Analysis,2019,Journal articles,10.1017/S0022109018000753,http://dx.doi.org/10.1017/S0022109018000753,Dai M; Goncalves-Pinto L; Xu J,3,54,pp. 539 - 585,,,0.73676967,UNSW staff profile,False,9,0.5539,0022-1090,W3121692296
Luis Filipe Goncalves-Pinto,https://www.unsw.edu.au/staff/luis-filipe-goncalves-pinto,UNSW Sydney,Finance,Strategic news releases in equity vesting months,Review of Financial Studies,2018,Journal articles,10.1093/rfs/hhy070,http://dx.doi.org/10.1093/rfs/hhy070,Edmans A; Goncalves-Pinto L; Groen-Xu M; Wang Y,4,31,pp. 4099 - 4141,,,0.98943349,UNSW staff profile,True,144,12.4623,0893-9454,W3023139783
Luis Filipe Goncalves-Pinto,https://www.unsw.edu.au/staff/luis-filipe-goncalves-pinto,UNSW Sydney,Finance,The invisible hand of internal markets in mutual fund families,Journal of Banking and Finance,2018,Journal articles,10.1016/j.jbankfin.2018.02.001,http://dx.doi.org/10.1016/j.jbankfin.2018.02.001,Goncalves-Pinto L; Sotes-Paladino J; Xu J,3,89,pp. 105 - 124,,,0.81362103,UNSW staff profile,False,8,1.1078,0378-4266,W3123314936
Noel Harding,https://www.unsw.edu.au/staff/noel-harding,UNSW Sydney,Accounting,Comments of the AFAANZ Auditing and Assurance Standards Committee on Proposed International Standard on Auditing 570 (Revised) Going Concern,Accounting and Finance,2024,Journal articles,10.1111/acfi.13252,http://dx.doi.org/10.1111/acfi.13252,Harding N; Hay DC; Dharmasiri P; Fu Y; Grosse M; Khan MJ; Scott T,7,64,pp. 3157 - 3172,,,0.04365819,UNSW staff profile,False,0,0.0,0810-5391,W4393155295
Noel Harding,https://www.unsw.edu.au/staff/noel-harding,UNSW Sydney,Accounting,"Comments on Exposure Draft for Proposed ISSA 5000, sustainability assurance engagements by the Auditing and Assurance Standards Committee of AFAANZ",Accounting and Finance,2024,Journal articles,10.1111/acfi.13235,http://dx.doi.org/10.1111/acfi.13235,Hay D; Harding N; Biswas P; Gan C; Ge IQ; Ho L; Ranasinghe D; Singh H; Sultana N; Zhou S,10,64,pp. 1221 - 1239,,,0.96192809,UNSW staff profile,True,8,6.7612,0810-5391,W4392518255
Noel Harding,https://www.unsw.edu.au/staff/noel-harding,UNSW Sydney,Accounting,Comments on recent International Ethics Standards Board for Accountants Exposure Drafts regarding sustainability assurance and the use of external experts,Accounting and Finance,2024,Journal articles,10.1111/acfi.13302,http://dx.doi.org/10.1111/acfi.13302,Hay D; Harding N; Botica Redmayne N; Khan J; Singh H; Sultana N; You J,7,64,pp. 4197 - 4216,,,0.87858543,UNSW staff profile,False,4,1.6883,0810-5391,W4400584092
Noel Harding,https://www.unsw.edu.au/staff/noel-harding,UNSW Sydney,Accounting,"Comments of the Auditing Standards Committee of the Auditing Section of the American Accounting Association on the PCAOB’s A Firm’s System of Quality Control and Other Proposed Amendments to PCAOB Standards, Rules, and Forms",Current Issues in Auditing,2023,Journal articles,10.2308/CIIA-2023-005,http://dx.doi.org/10.2308/CIIA-2023-005,Boland CM; Ege MS; Harding N; Hermanson DR; Prewett KW; Pyzoha JS,6,17,pp. C14 - C31,,,0.07426881,UNSW staff profile,False,0,0.0,1936-1270,W4379618371
Noel Harding,https://www.unsw.edu.au/staff/noel-harding,UNSW Sydney,Accounting,Comments of the AFAANZ Auditing and Assurance Standards Committee on Proposed International Standard on Auditing 500 (Revised) Audit Evidence,Accounting and Finance,2023,Journal articles,10.1111/acfi.13126,http://dx.doi.org/10.1111/acfi.13126,Fu Y; Harding N; Hay DC; Khan MJ; Scott T; Singh H; Stepankova S; Sultana N,8,63,pp. 4805 - 4812,,,0.07895169,UNSW staff profile,False,0,0.0,0810-5391,W4380634217
Noel Harding,https://www.unsw.edu.au/staff/noel-harding,UNSW Sydney,Accounting,Comments of the AFAANZ Auditing and Assurance Standards Committee on the Proposed Standard on Assurance Engagements over GHG Emissions Disclosure,Accounting and Finance,2023,Journal articles,10.1111/acfi.13136,http://dx.doi.org/10.1111/acfi.13136,Hay D; Harding N; Gan C; Ge I; Ho L; Ranasinghe D; Singh H; Sultana N; Zhou S,9,63,pp. 4813 - 4820,,,0.70952248,UNSW staff profile,False,1,0.4746,0810-5391,W4382398713
Noel Harding,https://www.unsw.edu.au/staff/noel-harding,UNSW Sydney,Accounting,Comments of the AFAANZ auditing and assurance standards committee on proposed international standard on auditing ISA for LCE,Accounting and Finance,2022,Journal articles,10.1111/acfi.12966,http://dx.doi.org/10.1111/acfi.12966,Coram PJ; Fu Y; Garg M; Harding N; Hay DC; Khan MJ; Muñoz-Izquierdo N; Prasad A; Sultana N; Tong J,10,62,pp. 4219 - 4244,,,0.7929894,UNSW staff profile,False,4,1.1137,0810-5391,W4282546811
Noel Harding,https://www.unsw.edu.au/staff/noel-harding,UNSW Sydney,Accounting,Using More Effective Instructional Verbs to Elevate Auditors’ Professional Skepticism,International Journal of Auditing,2022,Journal articles,10.1111/ijau.12275,http://dx.doi.org/10.1111/ijau.12275,Stepankova S; Harding N; Mayorga D; Trotman K,4,26,pp. 240 - 251,,,0.78733712,UNSW staff profile,False,5,1.1007,1090-6738,W4210500693
Noel Harding,https://www.unsw.edu.au/staff/noel-harding,UNSW Sydney,Accounting,Non-professional investors’ judgments of the reliability of fair value estimates—the impact of investor mood,Behavioral Research in Accounting,2021,Journal articles,10.2308/BRIA-19-035,http://dx.doi.org/10.2308/BRIA-19-035,Chen W; Harding N; He W,3,33,pp. 43 - 63,,,0.80568946,UNSW staff profile,False,8,1.1975,1050-4753,W3161940442
Noel Harding,https://www.unsw.edu.au/staff/noel-harding,UNSW Sydney,Accounting,Comments of the AFAANZ Auditing and Assurance Standards Committee on Proposed International Standard on Auditing 600 (ED 600),Accounting and Finance,2021,Journal articles,10.1111/acfi.12783,http://dx.doi.org/10.1111/acfi.12783,Coram PJ; Harding N; Hay DC; Khan J; Prasad A,5,61,pp. 5879 - 5890,,,0.74560117,UNSW staff profile,False,3,0.8441,0810-5391,W3142951488
Noel Harding,https://www.unsw.edu.au/staff/noel-harding,UNSW Sydney,Accounting,Comments by the auditing standards committee of the auditing section of the American accounting association on the discussion paper: Fraud and going concern in an audit of financial statements: Exploring the differences between public perceptions about the role of the auditor and the auditor’s responsibilities in a financial statement audit,Current Issues in Auditing,2021,Journal articles,10.2308/CIIA-2021-010,http://dx.doi.org/10.2308/CIIA-2021-010,Schaefer TJ; Brown VL; Ege MS; Harding N; Hermanson DR; Higgs JL; Jenkins JG; Smith KW,8,15,pp. C1 - C20,,,0.57097691,UNSW staff profile,False,3,0.2814,1936-1270,W3161693905
Noel Harding,https://www.unsw.edu.au/staff/noel-harding,UNSW Sydney,Accounting,Facilitating the application of auditors’ underlying skeptical disposition: The relationship between trait skepticism and basic human values,Accounting Research Journal,2020,Journal articles,10.1108/ARJ-06-2017-0107,http://dx.doi.org/10.1108/ARJ-06-2017-0107,Khan J; Harding N,2,33,pp. 34 - 56,,,0.85091786,UNSW staff profile,False,7,1.6708,1030-9616,W2998953393
Noel Harding,https://www.unsw.edu.au/staff/noel-harding,UNSW Sydney,Accounting,Why is trait scepticism not consistently reflected in state scepticism? An exploratory study into the role of aesthetic engagement,Accounting and Finance,2020,Journal articles,10.1111/acfi.12522,http://dx.doi.org/10.1111/acfi.12522,Khan MJ; Harding N,2,60,pp. 3743 - 3774,,,0.44083652,UNSW staff profile,False,5,0.1067,0810-5391,W2967797899
Noel Harding,https://www.unsw.edu.au/staff/noel-harding,UNSW Sydney,Accounting,Auditor commitment and turnover intentions following negative inspection findings: The effects of regulator enforcement style and firm response,Auditing,2020,Journal articles,10.2308/ajpt-17-102,http://dx.doi.org/10.2308/ajpt-17-102,Martinow K; Moroney RA; Harding N,3,39,pp. 143 - 165,,,0.85475254,UNSW staff profile,False,14,1.6145,0278-0380,W3046095066
Noel Harding,https://www.unsw.edu.au/staff/noel-harding,UNSW Sydney,Accounting,The effect of partner communications of fraud likelihood and skeptical orientation on auditors’ professional skepticism,Auditing: A Journal of Practice & Theory,2017,Journal articles,10.2308/ajpt-51576,http://dx.doi.org/10.2308/ajpt-51576,Harding N; Trotman KT,2,36,pp. 111 - 131,,,0.97897607,UNSW staff profile,True,74,9.7303,0278-0380,W2518743266
Noel Harding,https://www.unsw.edu.au/staff/noel-harding,UNSW Sydney,Accounting,The effect of a superior’s perceived expertise on the predecisional distortion of evidence by auditors,Auditing,2017,Journal articles,10.2308/ajpt-51508,http://dx.doi.org/10.2308/ajpt-51508,Kim S; Harding N,2,36,pp. 109 - 127,,,0.95046121,UNSW staff profile,True,14,4.793,0278-0380,W2469346552
Noel Harding,https://www.unsw.edu.au/staff/noel-harding,UNSW Sydney,Accounting,Can I Interrupt You? Understanding and Minimizing the Negative Effects of Brief Interruptions on Audit Judgment Quality.,International Journal of Auditing,2017,Journal articles,10.1111/ijau.12089,http://dx.doi.org/10.1111/ijau.12089,Kim S; Mayorga DM; Harding N,3,21,pp. 198 - 211,,,0.92384383,UNSW staff profile,True,15,2.6306,1090-6738,W2580053839
Noel Harding,https://www.unsw.edu.au/staff/noel-harding,UNSW Sydney,Accounting,A Consideration of Literature on Trust and Distrust as they Relate to Auditor Professional Scepticism,Australian Accounting Review,2016,Journal articles,10.1111/auar.12126,http://dx.doi.org/10.1111/auar.12126,Harding N; Azim MI; Jidin R; Muir JP,4,26,pp. 243 - 254,,,0.79434268,UNSW staff profile,False,12,0.7266,1035-6908,W2466950670
Noel Harding,https://www.unsw.edu.au/staff/noel-harding,UNSW Sydney,Accounting,Investor mood and the determinants of stock prices: An experimental analysis,Accounting and Finance,2016,Journal articles,10.1111/acfi.12098,http://dx.doi.org/10.1111/acfi.12098,Harding N; He W,2,56,pp. 445 - 478,,,0.92336123,UNSW staff profile,True,28,3.1543,0810-5391,W3122340427
Noel Harding,https://www.unsw.edu.au/staff/noel-harding,UNSW Sydney,Accounting,Elevating professional skepticism an exploratory study into the impact of accountability pressure and knowledge of the superior’s preferences,Managerial Auditing Journal,2014,Journal articles,10.1108/MAJ-08-2013-0914,http://dx.doi.org/10.1108/MAJ-08-2013-0914,Gong YF; Kim S; Harding N,3,29,pp. 674 - 694,,,0.819928,UNSW staff profile,False,13,0.8695,0268-6902,W1872703672
Noel Harding,https://www.unsw.edu.au/staff/noel-harding,UNSW Sydney,Accounting,Improving the interpretation of complex audit evidence: The beneficial role of order effects,Abacus,2013,Journal articles,10.1111/abac.12016,http://dx.doi.org/10.1111/abac.12016,Zhao Y; Harding N,2,49,pp. 476 - 505,,,0.86595147,UNSW staff profile,False,10,1.5767,0001-3072,W1488631268
Noel Harding,https://www.unsw.edu.au/staff/noel-harding,UNSW Sydney,Accounting,Financial reporting comparability: Evidence on the impact of ambiguity tolerance and accounting standard guidance,International Journal of Accounting Auditing and Performance Evaluation,2011,Journal articles,10.1504/IJAAPE.2011.042775,http://dx.doi.org/10.1504/IJAAPE.2011.042775,Harding NJ; Xu JS,2,7,pp. 359 - 374,,,0.24234875,UNSW staff profile,False,1,0.0,1740-8008,W2095364989
Noel Harding,https://www.unsw.edu.au/staff/noel-harding,UNSW Sydney,Accounting,Understanding the structure of audit workpaper error knowledge and its relationship with workpaper review performance,Accounting and Finance,2010,Journal articles,,,Harding NJ,1,50,pp. 663 - 684,,,,UNSW staff profile,,,,,
Noel Harding,https://www.unsw.edu.au/staff/noel-harding,UNSW Sydney,Accounting,Improving Assessments of Another Auditors Competence,Auditing: A Journal of Practice & Theory,2009,Journal articles,,,Harding NJ; Trotman KT,2,28,pp. 53 - 78,,,,UNSW staff profile,,,,,
Noel Harding,https://www.unsw.edu.au/staff/noel-harding,UNSW Sydney,Accounting,The Impact of Differences in Ambiguity Tolerance on Accounting Standard Interpretation: Implications and Responses,Afro-Asian Journal of Finance and Accounting,2008,Journal articles,,,Harding NJ; Leung E,2,1,pp. 162 - 179,,,,UNSW staff profile,,,,,
Noel Harding,https://www.unsw.edu.au/staff/noel-harding,UNSW Sydney,Accounting,The Importance in Accounting of Ambiguity Tolerance at the National Level: Evidence from Australia and China.,Asian Review of Accounting,2007,Journal articles,,,Harding NJ; Ren M,2,15,pp. 6 - 24,,,,UNSW staff profile,,,,,
Noel Harding,https://www.unsw.edu.au/staff/noel-harding,UNSW Sydney,Accounting,Supplemental instruction and the first course in accounting,Asian Review of Accounting,2000,Journal articles,,,Howitt G; Harding NJ,2,,pp. 123 - 139,,,,UNSW staff profile,,,,,
Noel Harding,https://www.unsw.edu.au/staff/noel-harding,UNSW Sydney,Accounting,Hierarchical differences in audit workpaper review performance,Contemporary Accounting Research,1999,Journal articles,,,Harding NJ; Trotman KT,2,16,pp. 671 - 684,,,,UNSW staff profile,,,,,
Noel Harding,https://www.unsw.edu.au/staff/noel-harding,UNSW Sydney,Accounting,User involvement in the standard-setting process: a research note on the congruence of accountant and user perceptions of decision usefulness.,Accounting Organizations and Society,1997,Journal articles,,,Harding NJ; Mckinnon J,2,,pp. 55 - 67,,,,UNSW staff profile,,,,,
Hien Hoang,https://www.unsw.edu.au/staff/hien-hoang,UNSW Sydney,Accounting,Effects of Different Team Formats on the Performance of Multidisciplinary GHG Assurance Teams,Auditing: A journal of Practice and Theory,2025,Journal articles,10.2308/AJPT-2023-051,http://dx.doi.org/10.2308/AJPT-2023-051,Ekasingh E; Hoang H; Trotman K,3,,,,,0.95205183,UNSW staff profile,True,2,6.0762,0278-0380,W4407128729
Hien Hoang,https://www.unsw.edu.au/staff/hien-hoang,UNSW Sydney,Accounting,Investor reactions to key audit matters: Financial and non-financial contexts,Accounting and Finance,2023,Journal articles,10.1111/acfi.13041,http://dx.doi.org/10.1111/acfi.13041,Hoang H; Moroney R; Phang SY; Xiao X,4,63,pp. 3325 - 3349,,,0.87629977,UNSW staff profile,False,7,1.949,0810-5391,W4312198362
Hien Hoang,https://www.unsw.edu.au/staff/hien-hoang,UNSW Sydney,Accounting,Building Trust with Material and Immaterial Corporate Social Responsibility: Benefits and Consequences*,Contemporary Accounting Research,2023,Journal articles,10.1111/1911-3846.12838,http://dx.doi.org/10.1111/1911-3846.12838,Hoang H; Phang SY,2,40,pp. 868 - 896,,,0.94338373,UNSW staff profile,True,34,4.4476,0823-9150,W4308432173
Hien Hoang,https://www.unsw.edu.au/staff/hien-hoang,UNSW Sydney,Accounting,How Does Combined Assurance Affect the Reliability of Integrated Reports and Investors’ Judgments?,European Accounting Review,2021,Journal articles,10.1080/09638180.2020.1745659,http://dx.doi.org/10.1080/09638180.2020.1745659,Hoang H; Phang SY,2,30,pp. 175 - 195,,,0.9760241,UNSW staff profile,True,67,8.5427,0963-8180,W3017178927
Hien Hoang,https://www.unsw.edu.au/staff/hien-hoang,UNSW Sydney,Accounting,Effect of CSR Assurance and Explicit Assessment on Investors’ Valuation Judgments,Auditing: A Journal of Practice and Theory,2021,Journal articles,10.2308/AJPT-18-092,http://dx.doi.org/10.2308/AJPT-18-092,Hoang H; Trotman K,2,40,pp. 19 - 33,,,0.9788958,UNSW staff profile,True,61,9.3568,0278-0380,W3111373384
Hien Hoang,https://www.unsw.edu.au/staff/hien-hoang,UNSW Sydney,Accounting,Does positive CSR increase willingness to invest in a company based on performance? The incremental role of combined assurance,Accounting and Finance,2021,Journal articles,10.1111/acfi.12771,http://dx.doi.org/10.1111/acfi.12771,Phang SY; Hoang H,2,61,pp. 5631 - 5654,,,0.92411048,UNSW staff profile,True,27,3.4421,0810-5391,W3134982085
Hien Hoang,https://www.unsw.edu.au/staff/hien-hoang,UNSW Sydney,Accounting,Evaluating Combined Assurance as a New Credibility Enhancement Technique,AUDITING: A Journal of Practice & Theory,2019,Journal articles,10.2308/ajpt-52175,http://dx.doi.org/10.2308/ajpt-52175,Zhou S; Simnett R; Hoang H,3,38,pp. 235 - 259,,,0.97221681,UNSW staff profile,True,62,8.3444,0278-0380,W3125936770
Sarowar Hossain,https://www.unsw.edu.au/staff/sarowar-hossain,UNSW Sydney,Accounting,Impact of Corporate Risk Factor Disclosures on Auditor Judgements and Client Reporting: A Textual Analysis From 10-K Filings,Accounting and Finance,2026,Journal articles,10.1111/acfi.70110,http://dx.doi.org/10.1111/acfi.70110,Hossain S; Peng RZ,2,66,pp. 195 - 222,,,0.32343693,UNSW staff profile,False,0,0.0,0810-5391,W4414543285
Sarowar Hossain,https://www.unsw.edu.au/staff/sarowar-hossain,UNSW Sydney,Accounting,A Cross-Country Study of the Impact of Ownership Structure on the Voluntary Audit Decisions of Private Entities in Developing Countries,Accounting and Finance,2025,Journal articles,10.1111/acfi.70060,http://dx.doi.org/10.1111/acfi.70060,Bose S; Hossain S,2,65,pp. 4006 - 4038,,,0.21719421,UNSW staff profile,False,0,0.0,0810-5391,W4412394021
Sarowar Hossain,https://www.unsw.edu.au/staff/sarowar-hossain,UNSW Sydney,Accounting,"Client Importance and Audit Quality at the Individual Audit Partner, Office, and Firm Levels","Abacus: a journal of accounting, finance and business studies",2023,Journal articles,10.1111/abac.12289,http://dx.doi.org/10.1111/abac.12289,Hossain S; Coulton J; Wang J,3,59,pp. 650 - 696,,,0.92776454,UNSW staff profile,True,9,3.6708,0001-3072,W4367853451
Sarowar Hossain,https://www.unsw.edu.au/staff/sarowar-hossain,UNSW Sydney,Accounting,Abnormal audit fees and audit quality: Australian evidence,Australian Journal of Management,2023,Journal articles,10.1177/03128962221093831,http://dx.doi.org/10.1177/03128962221093831,Hossain S; Wang JJ,2,48,pp. 596 - 624,,,0.89534214,UNSW staff profile,False,13,2.5059,0312-8962,W4280609027
Sarowar Hossain,https://www.unsw.edu.au/staff/sarowar-hossain,UNSW Sydney,Accounting,Does female participation in strategic decision-making roles matter for corporate social responsibility performance?,Accounting and Finance,2022,Journal articles,10.1111/acfi.12918,http://dx.doi.org/10.1111/acfi.12918,Bose S; Hossain S; Sobhan A; Handley K,4,62,pp. 4109 - 4156,,,0.95259901,UNSW staff profile,True,40,5.3029,0810-5391,W4210446996
Sarowar Hossain,https://www.unsw.edu.au/staff/sarowar-hossain,UNSW Sydney,Accounting,"Effects of Audit Committee Chair Characteristics on Auditor Choice, Audit Fees and Audit Quality",Accounting and Finance,2022,Journal articles,10.1111/acfi.13058,http://dx.doi.org/10.1111/acfi.13058,Hossain S; Azizkhani M; Nguyen M,3,63,pp. 3675 - 3707,,,0.99065478,UNSW staff profile,True,38,14.6831,0810-5391,W4319836227
Sarowar Hossain,https://www.unsw.edu.au/staff/sarowar-hossain,UNSW Sydney,Accounting,"Effects of Audit Committee Chair Characteristics on Auditor Choice, Audit Fee and Audit Quality",Accounting and Finance,2022,Journal articles,10.1111/acfi.13058,http://dx.doi.org/10.1111/acfi.13058,Hossain S,1,,,,,0.99065478,UNSW staff profile,True,38,14.6831,0810-5391,W4319836227
Sarowar Hossain,https://www.unsw.edu.au/staff/sarowar-hossain,UNSW Sydney,Accounting,"Mandatory Partner Rotation, Audit Timeliness, and Audit Pricing",Managerial Auditing Journal,2021,Journal articles,10.1108/MAJ-12-2019-2506,http://dx.doi.org/10.1108/MAJ-12-2019-2506,Azizkhani M; Jiang A; Hossain S,3,36,pp. 105 - 131,,,0.88257201,UNSW staff profile,False,10,2.308,0268-6902,W3126722516
Sarowar Hossain,https://www.unsw.edu.au/staff/sarowar-hossain,UNSW Sydney,Accounting,Does CEO–Audit Committee/Board Interlocking Matter for Corporate Social Responsibility?,Journal of Business Ethics,2021,Journal articles,10.1007/s10551-021-04871-8,http://dx.doi.org/10.1007/s10551-021-04871-8,Bose S; Ali MJ; Hossain S; Shamsuddin A,4,179,pp. 819 - 847,,,0.97353642,UNSW staff profile,True,81,8.414,0167-4544,W3173845553
Sarowar Hossain,https://www.unsw.edu.au/staff/sarowar-hossain,UNSW Sydney,Accounting,Archival research on audit partners: Assessing the research field and recommendations for future research,Accounting and Finance,2020,Journal articles,10.1111/acfi.12731,http://dx.doi.org/10.1111/acfi.12731,Hossain S; Hardies K; Chapple E,3,61,pp. 4209 - 4256,,,0.93366428,UNSW staff profile,True,37,3.4743,0810-5391,W3108112100
Sarowar Hossain,https://www.unsw.edu.au/staff/sarowar-hossain,UNSW Sydney,Accounting,"Financial Slack, Institutional Shareholding and Enterprise Innovation Investment: Evidence from China",Accounting and Finance,2020,Journal articles,10.1111/acfi.12700,http://dx.doi.org/10.1111/acfi.12700,Wang J; Zhang K; Sun Y; Hossain S,4,61,pp. 3235 - 3259,,,0.96479066,UNSW staff profile,True,53,6.5147,0810-5391,W3088296714
Sarowar Hossain,https://www.unsw.edu.au/staff/sarowar-hossain,UNSW Sydney,Accounting,Does auditor gender affect issuing going concern opinion for financially distressed clients?,Accounting and Finance,2018,Journal articles,10.1111/acfi.12242,http://dx.doi.org/10.1111/acfi.12242,Hossain S; Chapple; Monroe,3,58,pp. 1027 - 1061,,,0.96962671,UNSW staff profile,True,62,7.2658,0810-5391,W2529181905
Sarowar Hossain,https://www.unsw.edu.au/staff/sarowar-hossain,UNSW Sydney,Accounting,"The Relationship between Audit Team Composition, Audit Fees and Quality",Auditing: A Journal of Practice and Theory,2017,Journal articles,10.2308/ajpt-51682,http://dx.doi.org/10.2308/ajpt-51682,Hossain S; Yazawa K; Monroe G,3,36,pp. 115 - 135,,,0.97222972,UNSW staff profile,True,67,8.446,0278-0380,W2584851720
Sarowar Hossain,https://www.unsw.edu.au/staff/sarowar-hossain,UNSW Sydney,Accounting,The effect of networked clients’ economic importance on audit quality,Auditing: A Journal of Practice and Theory,2016,Journal articles,10.2308/ajpt-51451,http://dx.doi.org/10.2308/ajpt-51451,Hossain S; Monroe GS; Wilson M; Jubb C,4,35,pp. 79 - 103,,,0.96289696,UNSW staff profile,True,48,6.4154,0278-0380,W2307297836
Sarowar Hossain,https://www.unsw.edu.au/staff/sarowar-hossain,UNSW Sydney,Accounting,Chief Financial Officers' Short- and Long-term Incentive-based Compensation and Earnings Management,Australian Accounting Review,2015,Journal articles,10.1111/auar.12059,http://dx.doi.org/10.1111/auar.12059,Hossain S; Monroe GS,2,25,pp. 279 - 291,,,0.88325338,UNSW staff profile,False,18,1.7524,1035-6908,W2128150548
Sarowar Hossain,https://www.unsw.edu.au/staff/sarowar-hossain,UNSW Sydney,Accounting,Effect of regulatory changes on auditor independence and audit quality,International Journal of Auditing,2013,Journal articles,10.1111/ijau.12002,http://dx.doi.org/10.1111/ijau.12002,Hossain S,1,17,pp. 246 - 264,,,0.95260987,UNSW staff profile,True,32,5.5186,1090-6738,W1511212687
Sarowar Hossain,https://www.unsw.edu.au/staff/sarowar-hossain,UNSW Sydney,Accounting,Does Audit Quality Improve after the Implementation of Mandatory Audit Partner Rotation?,Journal of Accounting and Management Information Systems,2013,Journal articles,,http://search.proquest.com/docview/1491755645/fulltextPDF/FBC6CE528AD34E81PQ/6?accountid=12763,Monroe G; Hossain S,2,12,pp. 263 - 279,,,,UNSW staff profile,,,,,
Sarowar Hossain,https://www.unsw.edu.au/staff/sarowar-hossain,UNSW Sydney,Accounting,Antioxidant and Analgesic Activities of Lannea coromandelica Linn. Bark Extract,INTERNATIONAL JOURNAL OF PHARMACOLOGY,2012,Journal articles,10.3923/ijp.2012.224.233,http://dx.doi.org/10.3923/ijp.2012.224.233,Alam B; Hossain S; Habib R; Rea J; Islam A,5,8,pp. 224 - 233,,,0.83319991,UNSW staff profile,False,22,1.4804,1811-7775,W2317781843
Sarowar Hossain,https://www.unsw.edu.au/staff/sarowar-hossain,UNSW Sydney,Accounting,Mandatory auditor rotation – Australian Evidence,Australian Journal of Corporate Law,2011,Journal articles,,http://www.lexisnexis.com/au/legal/results/docview/attachRetrieve.do?csi=267866&A=0.629671749608385&risb=21_T13624477323&urlEnc=ISO-8859-1&inline=y&smi=18429&componentseq=1&key=53BY-NKH1-DY6R-K545-00000-00&type=pdf&displayType=full_pdf&lni=53BY-NKH1-DY6R-K545&docTitle=Mandatory%20auditor%20rotation%20%E2%80%94%20Australian%20evidence,Hossain S; Chapple E,2,25,pp. 303 - 317,,,,UNSW staff profile,,,,,
Sarowar Hossain,https://www.unsw.edu.au/staff/sarowar-hossain,UNSW Sydney,Accounting,From Project Audit to Performance Audit: Evolution of Performance Auditing in Australia,IUP Journal of Accounting Research & Audit Practices,2010,Journal articles,,,Hossain S,1,9,pp. 20 - 46,,,,UNSW staff profile,,,,,
Mark Humphery-Jenner,https://www.unsw.edu.au/staff/mark-humphery-jenner,UNSW Sydney,Finance,Divestitures and CEO overconfidence,Journal of Corporate Finance,2026,Journal articles,10.1016/j.jcorpfin.2026.103066,http://dx.doi.org/10.1016/j.jcorpfin.2026.103066,Humphery-Jenner M; Nanda V; Silveri S; Sun M,4,101,,,,0.85166184,UNSW staff profile,False,0,0.0,0929-1199,W7171843623
Mark Humphery-Jenner,https://www.unsw.edu.au/staff/mark-humphery-jenner,UNSW Sydney,Finance,Incentive Contracting in the Shadow of Litigation Risk: Evidence from Universal Demand Laws,Journal of Banking & Finance,2025,Journal articles,10.1016/j.jbankfin.2024.107352,http://dx.doi.org/10.1016/j.jbankfin.2024.107352,Humphery-Jenner M; Islam E; Nanda V; Rahman L,4,171,pp. 107352 - 107352,,,0.84709165,UNSW staff profile,False,1,0.6818,0378-4266,W4404801867
Mark Humphery-Jenner,https://www.unsw.edu.au/staff/mark-humphery-jenner,UNSW Sydney,Finance,"Decoding the complexity: How financial reports have grown less readable, why it matters, and what we can do about it",Capital Markets Law Journal,2025,Journal articles,10.1093/cmlj/kmaf002,http://dx.doi.org/10.1093/cmlj/kmaf002,Humphery-Jenner M,1,20,,,,,UNSW staff profile,,,,,
Mark Humphery-Jenner,https://www.unsw.edu.au/staff/mark-humphery-jenner,UNSW Sydney,Finance,"Who should qualify as an 'accredited' or 'sophisticated' investor? Balancing, access, funding, and protection",Accounting and Finance,2025,Journal articles,10.1111/acfi.13366,http://dx.doi.org/10.1111/acfi.13366,Humphery-Jenner M,1,65,pp. 1047 - 1058,,,0.30487281,UNSW staff profile,False,0,0.0,0810-5391,W4404443963
Mark Humphery-Jenner,https://www.unsw.edu.au/staff/mark-humphery-jenner,UNSW Sydney,Finance,Of fogs and bogs: Does litigation risk make financial reports less readable?,Journal of Banking and Finance,2024,Journal articles,10.1016/j.jbankfin.2024.107180,http://dx.doi.org/10.1016/j.jbankfin.2024.107180,Humphery-Jenner M; Liu Y; Nanda V; Silveri S; Sun M,5,163,,,,0.99064851,UNSW staff profile,True,24,15.9717,0378-4266,W4394858321
Mark Humphery-Jenner,https://www.unsw.edu.au/staff/mark-humphery-jenner,UNSW Sydney,Finance,Legislating Against Misinformation: Lessons from Australia's Misinformation Bill,Statute Law Review,2024,Journal articles,10.1093/slr/hmae023,http://dx.doi.org/10.1093/slr/hmae023,Humphery-Jenner M,1,45,,,,0.74696863,UNSW staff profile,False,3,0.6998,0144-3593,W4396937890
Mark Humphery-Jenner,https://www.unsw.edu.au/staff/mark-humphery-jenner,UNSW Sydney,Finance,"Market dominance, R&D grant funding, and innovation outcomes",R and D Management,2022,Journal articles,10.1111/radm.12520,http://dx.doi.org/10.1111/radm.12520,Hogan T; Humphery-Jenner M; Huong TTL; Powell R,4,52,pp. 768 - 796,,,0.89072813,UNSW staff profile,False,9,1.6387,0033-6807,W4200079508
Mark Humphery-Jenner,https://www.unsw.edu.au/staff/mark-humphery-jenner,UNSW Sydney,Finance,Powerful CEOs and Corporate Governance,JOURNAL OF EMPIRICAL LEGAL STUDIES,2022,Journal articles,10.1111/jels.12305,http://dx.doi.org/10.1111/jels.12305,Humphery-Jenner M; Islam E; Rahman L; Suchard J-A,4,19,pp. 135 - 188,,,0.91180376,UNSW staff profile,True,12,3.0628,1740-1453,W4210712409
Mark Humphery-Jenner,https://www.unsw.edu.au/staff/mark-humphery-jenner,UNSW Sydney,Finance,Cross-border Mergers and Acquisitions for Innovation,Journal of International Money and Finance: theoretical and empirical research in international economics and finance,2021,Journal articles,10.1016/j.jimonfin.2020.102320,http://dx.doi.org/10.1016/j.jimonfin.2020.102320,Hsu P-H; Huang P; Humphery-Jenner M; Powell R,4,112,pp. 102320 - 102320,,,0.96703851,UNSW staff profile,True,49,6.8249,0261-5606,W3107819263
Mark Humphery-Jenner,https://www.unsw.edu.au/staff/mark-humphery-jenner,UNSW Sydney,Finance,Cross-border mergers and acquisitions for innovation,JOURNAL OF INTERNATIONAL MONEY AND FINANCE,2021,Journal articles,10.1016/j.jimonfin.2020.102320,http://dx.doi.org/10.1016/j.jimonfin.2020.102320,Hsu P-H; Huang P; Humphery-Jenner M; Powell R,4,112,,,,0.96703851,UNSW staff profile,True,49,6.8249,0261-5606,W3107819263
Mark Humphery-Jenner,https://www.unsw.edu.au/staff/mark-humphery-jenner,UNSW Sydney,Finance,Government Ownership and Venture Capital in China,Journal of Banking and Finance,2021,Journal articles,10.1016/j.jbankfin.2021.106164,http://dx.doi.org/10.1016/j.jbankfin.2021.106164,Suchard J; Humphery-Jenner M; Cao X,3,129,pp. 106 - 164,,,0.98318365,UNSW staff profile,True,58,9.848,0378-4266,W3160884492
Mark Humphery-Jenner,https://www.unsw.edu.au/staff/mark-humphery-jenner,UNSW Sydney,Finance,"Governance, Board Inattention, and the Appointment of Overconfident CEOs",Journal of Banking & Finance,2020,Journal articles,10.1016/j.jbankfin.2019.105733,http://dx.doi.org/10.1016/j.jbankfin.2019.105733,Banerjee S; Dai L; Humphery-Jenner M; Nanda V,4,113,pp. 105733 - 105733,,,0.94252222,UNSW staff profile,True,24,4.3431,0378-4266,W3122856489
Mark Humphery-Jenner,https://www.unsw.edu.au/staff/mark-humphery-jenner,UNSW Sydney,Finance,Practice makes progress: Evidence from divestitures,Journal of Banking and Finance,2019,Journal articles,10.1016/j.jbankfin.2019.04.004,http://dx.doi.org/10.1016/j.jbankfin.2019.04.004,Humphery-Jenner M; Powell R; Zhang EJ,3,105,pp. 1 - 19,,,0.9479656,UNSW staff profile,True,23,5.0341,0378-4266,W2943769224
Mark Humphery-Jenner,https://www.unsw.edu.au/staff/mark-humphery-jenner,UNSW Sydney,Finance,Executive Overconfidence and Securities Class Actions,Journal of Financial and Quantitative Analysis,2018,Journal articles,10.1017/S0022109018001291,http://dx.doi.org/10.1017/S0022109018001291,Banerjee S; Humphery-Jenner ML; Nanda V; Tham M,4,53,pp. 2685 - 2719,,,0.99312775,UNSW staff profile,True,123,18.5619,0022-1090,W3121656450
Mark Humphery-Jenner,https://www.unsw.edu.au/staff/mark-humphery-jenner,UNSW Sydney,Finance,Does CEO Bias Escalate Repurchase Activity?,Journal of Banking and Finance,2018,Journal articles,10.1016/j.jbankfin.2018.02.003,http://dx.doi.org/10.1016/j.jbankfin.2018.02.003,Banerjee S; Humphery-Jenner ML; Nanda V,3,93,pp. 105 - 126,,,0.96013216,UNSW staff profile,True,54,6.1873,0378-4266,W3121477109
Mark Humphery-Jenner,https://www.unsw.edu.au/staff/mark-humphery-jenner,UNSW Sydney,Finance,Underwriter relationships and shelf offerings,Journal of Corporate Finance,2018,Journal articles,10.1016/j.jcorpfin.2018.01.004,http://dx.doi.org/10.1016/j.jcorpfin.2018.01.004,Humphery-Jenner ML; Karpavicius S; Suchard,3,49,pp. 283 - 307,,,0.86449339,UNSW staff profile,False,9,1.4278,0929-1199,W3125003683
Mark Humphery-Jenner,https://www.unsw.edu.au/staff/mark-humphery-jenner,UNSW Sydney,Finance,Cross-Border Mergers and Acquisitions: The Role of Private Equity Firms,Strategic Management Journal,2017,Journal articles,10.1002/smj.2623,http://dx.doi.org/10.1002/smj.2623,Humphery-Jenner ML; Sautner Z; Suchard J-A,3,38,pp. 1688 - 1700,,,0.97561284,UNSW staff profile,True,105,8.7189,0143-2095,W2550679852
Mark Humphery-Jenner,https://www.unsw.edu.au/staff/mark-humphery-jenner,UNSW Sydney,Finance,Directors’ duties of care and the value of auditing,Finance Research Letters,2016,Journal articles,10.1016/j.frl.2016.05.004,http://dx.doi.org/10.1016/j.frl.2016.05.004,Banerjee S; Humphery-Jenner M,2,19,pp. 1 - 14,,,0.06279114,UNSW staff profile,False,1,0.0,1544-6123,W2365565152
Mark Humphery-Jenner,https://www.unsw.edu.au/staff/mark-humphery-jenner,UNSW Sydney,Finance,Executive overconfidence and compensation structure,Journal of Financial Economics,2016,Journal articles,10.1016/j.jfineco.2016.01.022,http://dx.doi.org/10.1016/j.jfineco.2016.01.022,Humphery-Jenner ML; Lisic L; Nanda V; Silveri S,4,119,pp. 533 - 558,,,0.9957001,UNSW staff profile,True,193,29.0631,0304-405X,W3125498465
Mark Humphery-Jenner,https://www.unsw.edu.au/staff/mark-humphery-jenner,UNSW Sydney,Finance,Restraining Overconfident CEOs through Improved Governance: Evidence from the Sarbanes-Oxley Act,The Review of Financial Studies,2015,Journal articles,10.1093/rfs/hhv034,http://dx.doi.org/10.1093/rfs/hhv034,Banerjee S; Humphery-Jenner ML; Nanda V,3,28,pp. 2812 - 2858,,,0.99727431,UNSW staff profile,True,246,40.3058,0893-9454,W3126000200
Mark Humphery-Jenner,https://www.unsw.edu.au/staff/mark-humphery-jenner,UNSW Sydney,Finance,"Takeover defenses, innovation, and value creation: Evidence from acquisition decisions",Strategic Management Journal,2014,Journal articles,10.1002/smj.2121,http://dx.doi.org/10.1002/smj.2121,Humphery-Jenner M,1,35,pp. 668 - 690,,,0.98239,UNSW staff profile,True,88,11.8255,0143-2095,W2317658504
Mark Humphery-Jenner,https://www.unsw.edu.au/staff/mark-humphery-jenner,UNSW Sydney,Finance,"Firm size, sovereign governance, and value creation: Evidence from the acquirer size effect",Journal of Corporate Finance,2014,Journal articles,10.1016/j.jcorpfin.2014.02.009,http://dx.doi.org/10.1016/j.jcorpfin.2014.02.009,Humphery-Jenner ML; Powell R,2,26,pp. 57 - 77,,,0.9757827,UNSW staff profile,True,48,8.9707,0929-1199,W3125786159
Mark Humphery-Jenner,https://www.unsw.edu.au/staff/mark-humphery-jenner,UNSW Sydney,Finance,Barristers operating as corporations,Journal of Corporate Law Studies,2014,Journal articles,10.5235/14735970.14.1.277,http://dx.doi.org/10.5235/14735970.14.1.277,Humphery-Jenner ML,1,14,pp. 277 - 286,,,0.14366481,UNSW staff profile,False,0,0.0,1473-5970,W2083401294
Mark Humphery-Jenner,https://www.unsw.edu.au/staff/mark-humphery-jenner,UNSW Sydney,Finance,"Stock return volatility, operating performance and stock returns: International evidence on drivers of the 'low volatility' anomaly",Journal of Banking and Finance,2013,Journal articles,10.1016/j.jbankfin.2012.11.001,http://dx.doi.org/10.1016/j.jbankfin.2012.11.001,Dutt T; Humphery-Jenner M,2,37,pp. 999 - 1017,,,0.9685396,UNSW staff profile,True,78,6.4257,0378-4266,W3123962323
Mark Humphery-Jenner,https://www.unsw.edu.au/staff/mark-humphery-jenner,UNSW Sydney,Finance,Foreign VCs and venture success: Evidence from China,Journal of Corporate Finance,2013,Journal articles,10.1016/j.jcorpfin.2013.01.003,http://dx.doi.org/10.1016/j.jcorpfin.2013.01.003,Humphery-Jenner M; Suchard JC,2,21,pp. 16 - 35,,,0.94023733,UNSW staff profile,True,22,3.9418,0929-1199,W2135569289
Mark Humphery-Jenner,https://www.unsw.edu.au/staff/mark-humphery-jenner,UNSW Sydney,Finance,Foreign venture capitalists and the internationalization of entrepreneurial companies: Evidence from China,Journal of International Business Studies,2013,Journal articles,10.1057/jibs.2013.22,http://dx.doi.org/10.1057/jibs.2013.22,Humphery-Jenner M; Suchard JC,2,44,pp. 607 - 621,,,0.98069479,UNSW staff profile,True,87,11.0371,0047-2506,W3121617349
Mark Humphery-Jenner,https://www.unsw.edu.au/staff/mark-humphery-jenner,UNSW Sydney,Finance,"Diversification in Private Equity Funds: On Knowledge Sharing, Risk Aversion, and Limited Attention",Journal of Financial and Quantitative Analysis,2013,Journal articles,,,Humphery-Jenner M,1,48,pp. 1545 - 1572,,,,UNSW staff profile,,,,,
Mark Humphery-Jenner,https://www.unsw.edu.au/staff/mark-humphery-jenner,UNSW Sydney,Finance,"Diversification in Private Equity Funds: On Knowledge-Sharing, Risk-Aversion and Limited-Attention",Journal of Financial and Quantitative Analysis,2013,Journal articles,10.1017/S0022109013000501,http://dx.doi.org/10.1017/S0022109013000501,Humphery-Jenner M,1,48,pp. 1545 - 1572,,,0.9676897,UNSW staff profile,True,51,7.0953,0022-1090,W3122775758
Mark Humphery-Jenner,https://www.unsw.edu.au/staff/mark-humphery-jenner,UNSW Sydney,Finance,Strong financial laws without strong enforcement: Is good law always better than no law?,Journal of Empirical Legal Studies,2013,Journal articles,10.1111/jels.12011,http://dx.doi.org/10.1111/jels.12011,Humphery-Jenner M,1,10,pp. 288 - 324,,,0.9781914,UNSW staff profile,True,33,10.1414,1740-1453,W2777911765
Mark Humphery-Jenner,https://www.unsw.edu.au/staff/mark-humphery-jenner,UNSW Sydney,Finance,The Sources of Value Destruction in Acquisitions by Entrenched Managers,Journal of Financial Economics,2012,Journal articles,10.1016/j.jfineco.2012.05.016,http://dx.doi.org/10.1016/j.jfineco.2012.05.016,Harford J; Humphery-Jenner M; Powell RG,3,106,pp. 247 - 261,,,0.99800079,UNSW staff profile,True,431,44.463,0304-405X,W3124441687
Mark Humphery-Jenner,https://www.unsw.edu.au/staff/mark-humphery-jenner,UNSW Sydney,Finance,Balanced Budget Rules and Expenditure Limits: Lessons from the US and Australia and Implications for the EU,German Law Journal,2012,Journal articles,,http://www.germanlawjournal.com/index.php?pageID=11&artID=1434,Humphery-Jenner M,1,13,pp. 607 - 636,,,,UNSW staff profile,,,,,
Mark Humphery-Jenner,https://www.unsw.edu.au/staff/mark-humphery-jenner,UNSW Sydney,Finance,Does deference promote principled interpretations of statutes?,Legisprudence,2012,Journal articles,10.5235/175214612800902507,http://dx.doi.org/10.5235/175214612800902507,Humphery-Jenner M,1,6,pp. 99 - 131,,,0.2565006,UNSW staff profile,False,0,0.0,1752-1467,W2325632081
Mark Humphery-Jenner,https://www.unsw.edu.au/staff/mark-humphery-jenner,UNSW Sydney,Finance,Internal and external discipline following securities class actions,Journal of Financial Intermediation,2012,Journal articles,10.1016/j.jfi.2011.09.001,http://dx.doi.org/10.1016/j.jfi.2011.09.001,Humphery-Jenner M,1,21,pp. 151 - 179,,,0.98028364,UNSW staff profile,True,98,11.3228,1042-9573,W3124001742
Mark Humphery-Jenner,https://www.unsw.edu.au/staff/mark-humphery-jenner,UNSW Sydney,Finance,"Private Equity Fund Size, Investment Size, and Value Creation",Review of Finance,2012,Journal articles,10.1093/rof/rfr011,http://dx.doi.org/10.1093/rof/rfr011,Humphery-Jenner M,1,16,pp. 799 - 835,,,0.90680849,UNSW staff profile,True,11,2.123,1382-6662,W2135475583
Mark Humphery-Jenner,https://www.unsw.edu.au/staff/mark-humphery-jenner,UNSW Sydney,Finance,Stimulating Venture Activity through Government Investment in Venture Funds,European Business Organization Law Review,2012,Journal articles,10.1017/S1566752912000055,http://dx.doi.org/10.1017/S1566752912000055,Humphery-Jenner M,1,13,pp. 103 - 124,,,0.91806048,UNSW staff profile,True,12,2.9156,1566-7529,W1985218391
Mark Humphery-Jenner,https://www.unsw.edu.au/staff/mark-humphery-jenner,UNSW Sydney,Finance,The Desirability of ‘Weak’ Form Legal Harmonization: Perspectives from Statutory Interpretation and Legal Coherence,German Law Journal,2012,Journal articles,,http://www.germanlawjournal.com/index.php?pageID=11&artID=1443,Humphery-Jenner M,1,13,pp. 807 - 828,,,,UNSW staff profile,,,,,
Mark Humphery-Jenner,https://www.unsw.edu.au/staff/mark-humphery-jenner,UNSW Sydney,Finance,The Governance and Performance of Chinese Companies Listed Abroad: An Analysis of China's Merits Review Approach to Overseas Listings,Journal of Corporate Law Studies,2012,Journal articles,10.5235/JCLS.12.2.333,http://dx.doi.org/10.5235/JCLS.12.2.333,Humphery-Jenner M,1,12,pp. 333 - 365,,,0.9496374,UNSW staff profile,True,14,5.0243,1473-5970,W2012071859
Mark Humphery-Jenner,https://www.unsw.edu.au/staff/mark-humphery-jenner,UNSW Sydney,Finance,The impact of the EU takeover directive on takeover performance and empire building,Journal of Corporate Finance,2012,Journal articles,10.1016/j.jcorpfin.2011.12.004,http://dx.doi.org/10.1016/j.jcorpfin.2011.12.004,Humphery-Jenner M,1,18,pp. 254 - 272,,,0.98982474,UNSW staff profile,True,73,18.3995,0929-1199,W3122140103
Mark Humphery-Jenner,https://www.unsw.edu.au/staff/mark-humphery-jenner,UNSW Sydney,Finance,Internal and external discipline following securities class actions,,2012,Journal articles,,,Humphery-Jenner ML,1,21,pp. 151 - 179,,,,UNSW staff profile,,,,,
Mark Humphery-Jenner,https://www.unsw.edu.au/staff/mark-humphery-jenner,UNSW Sydney,Finance,"Firm size, takeover profitability, and the effectiveness of the market for corporate control: Does the absence of anti-takeover provisions make a difference?",Journal of Corporate Finance,2011,Journal articles,10.1016/j.jcorpfin.2011.01.002,http://dx.doi.org/10.1016/j.jcorpfin.2011.01.002,Humphery-Jenner M; Powell RG,2,17,pp. 418 - 437,,,0.97224144,UNSW staff profile,True,32,8.4921,0929-1199,W2155132534
Mark Humphery-Jenner,https://www.unsw.edu.au/staff/mark-humphery-jenner,UNSW Sydney,Finance,Optimal VWAP trading under noisy conditions,Journal of Banking and Finance,2011,Journal articles,10.1016/j.jbankfin.2011.01.028,http://dx.doi.org/10.1016/j.jbankfin.2011.01.028,Humphery-Jenner M,1,35,pp. 2319 - 2329,,,0.83598531,UNSW staff profile,False,9,1.1978,0378-4266,W2112123416
Mark Humphery-Jenner,https://www.unsw.edu.au/staff/mark-humphery-jenner,UNSW Sydney,Finance,"Securities Fraud Compensation: A Legislative Scheme Drawing on China, the US, and the UK",Legal Issues of Economic Integration,2011,Journal articles,,,Humphery-Jenner M,1,38,pp. 143 - 162,,,,UNSW staff profile,,,,,
Mark Humphery-Jenner,https://www.unsw.edu.au/staff/mark-humphery-jenner,UNSW Sydney,Finance,When Does 'Fraud on the Market' Induce a Right to Damages?,Monash University Law Review,2009,Journal articles,,,Humphery M,1,35,pp. 422 - 445,,,,UNSW staff profile,,,,,
Mark Humphery-Jenner,https://www.unsw.edu.au/staff/mark-humphery-jenner,UNSW Sydney,Finance,Should Common Law Doctrines Dynamically Guide the Interpretation of Statutes?,Legisprudence:International Journal for the Study of Legislation,2009,Journal articles,,http://www.ingentaconnect.com/content/hart/legis/2009/00000003/00000002/art00002,Humphery-Jenner M,1,3,pp. 171 - 189,,,,UNSW staff profile,,,,,
Kerry Humphreys,https://www.unsw.edu.au/staff/kerry-humphreys,UNSW Sydney,Accounting,The Effect of the Level of Sustainability Assurance on Investor Judgements,Accounting and Finance,2026,Journal articles,10.1111/acfi.70142,http://dx.doi.org/10.1111/acfi.70142,Chen W; Humphreys KA; Trotman KT,3,66,pp. 904 - 916,,,0.93372924,UNSW staff profile,True,3,3.5432,0810-5391,W4416535983
Kerry Humphreys,https://www.unsw.edu.au/staff/kerry-humphreys,UNSW Sydney,Accounting,"Tough Ratings, Tougher Sell: How Different Types of Adjustment Affect Managers' Asymmetric Algorithm Use in Performance Evaluation Judgments",Accounting Review,2026,Journal articles,10.2308/TAR-2023-0610,http://dx.doi.org/10.2308/TAR-2023-0610,Lin F; Cheng MM; Humphreys KA,3,101,pp. 413 - 440,,,0.95165841,UNSW staff profile,True,1,6.9851,0001-4826,W7126061465
Kerry Humphreys,https://www.unsw.edu.au/staff/kerry-humphreys,UNSW Sydney,Accounting,The balanced scorecard: Do managers need a strategy map when evaluating performance?,Accounting and Finance,2023,Journal articles,10.1111/acfi.13097,http://dx.doi.org/10.1111/acfi.13097,Humphreys KA,1,63,pp. 4357 - 4373,,,0.84591713,UNSW staff profile,False,6,1.5488,0810-5391,W4366773599
Kerry Humphreys,https://www.unsw.edu.au/staff/kerry-humphreys,UNSW Sydney,Accounting,Group Judgment and Decision Making in Auditing: Research in the Time of COVID-19 and Beyond,Auditing,2022,Journal articles,10.2308/AJPT-2020-147,http://dx.doi.org/10.2308/AJPT-2020-147,Bauer TD; Humphreys KA; Trotman KT,3,41,pp. 3 - 23,,,0.99251928,UNSW staff profile,True,80,14.4294,0278-0380,W3172748993
Kerry Humphreys,https://www.unsw.edu.au/staff/kerry-humphreys,UNSW Sydney,Accounting,Judgment and decision making research on CSR reporting in the COVID-19 pandemic environment,Accounting and Finance,2022,Journal articles,10.1111/acfi.12805,http://dx.doi.org/10.1111/acfi.12805,Humphreys KA; Trotman KT,2,62,pp. 739 - 765,,,0.97344755,UNSW staff profile,True,56,8.414,0810-5391,W3165665977
Kerry Humphreys,https://www.unsw.edu.au/staff/kerry-humphreys,UNSW Sydney,Accounting,The interplay between strategic risk profiles and presentation format on managers' strategic judgments using the balanced scorecard,"Accounting, Organizations and Society",2018,Journal articles,10.1016/j.aos.2018.05.009,http://dx.doi.org/10.1016/j.aos.2018.05.009,Cheng MM; Humphreys KA; Zhang YY,3,,,,,0.92276512,UNSW staff profile,True,37,3.6076,0361-3682,W2340238781
Kerry Humphreys,https://www.unsw.edu.au/staff/kerry-humphreys,UNSW Sydney,Accounting,Managing strategic uncertainty: The diversity and use of performance measures in the balanced scorecard,Managerial Auditing Journal,2016,Journal articles,10.1108/MAJ-12-2015-1286,http://dx.doi.org/10.1108/MAJ-12-2015-1286,Cheng MM; Humphreys KA,2,31,pp. 512 - 534,,,0.89536169,UNSW staff profile,False,17,2.4024,0268-6902,W2336094678
Kerry Humphreys,https://www.unsw.edu.au/staff/kerry-humphreys,UNSW Sydney,Accounting,Dynamic Decision Making Using the Balanced Scorecard Framework,The Accounting Review,2016,Journal articles,10.2308/accr-51364,http://dx.doi.org/10.2308/accr-51364,Humphreys KA; Gary SS; Trotman KT,3,91,pp. 1441 - 1465,,,0.95237885,UNSW staff profile,True,54,5.5135,0001-4826,W2200840443
Kerry Humphreys,https://www.unsw.edu.au/staff/kerry-humphreys,UNSW Sydney,Accounting,Group judgment and decision making in auditing: Past and future research,"Accounting, Organizations and Society",2015,Journal articles,10.1016/j.aos.2015.09.004,http://dx.doi.org/10.1016/j.aos.2015.09.004,Trotman KT; Bauer TD; Humphreys KA,3,47,pp. 56 - 72,,,0.99629307,UNSW staff profile,True,155,34.1723,0361-3682,W1919410813
Kerry Humphreys,https://www.unsw.edu.au/staff/kerry-humphreys,UNSW Sydney,Accounting,The differential improvement effects of the strategy map and scorecard perspectives on managers’ strategic judgments.,Accounting Review,2012,Journal articles,10.2308/accr-10212,http://dx.doi.org/10.2308/accr-10212,Cheng MM; Humphreys KA,2,87,pp. 899 - 924,,,0.99005577,UNSW staff profile,True,113,13.959,0001-4826,W2088461052
Kerry Humphreys,https://www.unsw.edu.au/staff/kerry-humphreys,UNSW Sydney,Accounting,The balanced scorecard: The effect of strategy information on performance evaluation judgments,Journal of Management Accounting Research,2011,Journal articles,10.2308/jmar-10085,http://dx.doi.org/10.2308/jmar-10085,Humphreys KA; Trotman KT,2,23,pp. 81 - 98,,,0.98219597,UNSW staff profile,True,84,11.2084,1049-2127,W1977616642
Andrew Jackson,https://www.unsw.edu.au/staff/andrew-jackson,UNSW Sydney,Accounting,Accounting implications for SMEs: lessons from COVID-19 business recovery,Pacific Accounting Review,2026,Journal articles,10.1108/PAR-10-2025-0232,http://dx.doi.org/10.1108/PAR-10-2025-0232,Carvajal M; Jackson A,2,,pp. 1 - 17,,,0.2447399,UNSW staff profile,False,0,0.0,0114-0582,W7138068358
Andrew Jackson,https://www.unsw.edu.au/staff/andrew-jackson,UNSW Sydney,Accounting,The impact of diversification on industry effects in firm profitability forecasting,The British Accounting Review,2026,Journal articles,10.1016/j.bar.2026.101876,http://dx.doi.org/10.1016/j.bar.2026.101876,Chen Z; Jackson AB,2,,pp. 101876 - 101876,,,0.17400909,UNSW staff profile,False,0,0.0,0890-8389,W7133306419
Andrew Jackson,https://www.unsw.edu.au/staff/andrew-jackson,UNSW Sydney,Accounting,Controlling the narrative: managers’ topic-shifting behavior in conference calls,Review of Accounting Studies,2026,Journal articles,10.1007/s11142-026-09952-5,http://dx.doi.org/10.1007/s11142-026-09952-5,Dai L; Gong P; Jackson AB; Peng Z,4,31,pp. 1165 - 1206,,,0.98487685,UNSW staff profile,True,1,23.1718,1380-6653,W7142217131
Andrew Jackson,https://www.unsw.edu.au/staff/andrew-jackson,UNSW Sydney,Accounting,Excess returns on idiosyncratic profitability: Evidence from a hedge portfolio strategy,Australian Journal of Management,2026,Journal articles,10.1177/03128962261425895,http://dx.doi.org/10.1177/03128962261425895,Han M; Jackson AB; Monroe GS,3,,,,,0.2671108,UNSW staff profile,False,0,0.0,0312-8962,W7142910449
Andrew Jackson,https://www.unsw.edu.au/staff/andrew-jackson,UNSW Sydney,Accounting,Kathy Lund Dean. How to Become an Effective Journal Editor in Business and Management: A Guide to Developing Authors. How To Guides.,Journal of Scholarly Publishing,2026,Journal articles,10.3138/jsp-2025-0107,http://dx.doi.org/10.3138/jsp-2025-0107,Jackson A,1,,,,,,UNSW staff profile,,,,,
Andrew Jackson,https://www.unsw.edu.au/staff/andrew-jackson,UNSW Sydney,Accounting,Idiosyncratic Earnings and Analyst Forecast Properties,Accounting and Finance,2025,Journal articles,10.1111/acfi.70081,http://dx.doi.org/10.1111/acfi.70081,Chen L; Han M; Jackson A; Rountree B,4,65,pp. 4244 - 4259,,,0.46350301,UNSW staff profile,False,0,0.0,0810-5391,W4417417121
Andrew Jackson,https://www.unsw.edu.au/staff/andrew-jackson,UNSW Sydney,Accounting,Accounting For Digital Assets,Australian Accounting Review,2023,Journal articles,10.1111/auar.12402,http://dx.doi.org/10.1111/auar.12402,Jackson A,1,33,pp. 302 - 312,,,0.99206166,UNSW staff profile,True,42,18.3133,1035-6908,W4382195542
Andrew Jackson,https://www.unsw.edu.au/staff/andrew-jackson,UNSW Sydney,Accounting,The ChatGPT Artificial Intelligence Chatbot: How Well Does It Answer Accounting Assessment Questions?,Issues in Accounting Education,2023,Journal articles,10.2308/ISSUES-2023-013,http://dx.doi.org/10.2308/ISSUES-2023-013,Wood DA; Achhpilia MP; Adams MT; Aghazadeh S; Akinyele K; Akpan M; Allee KD; Allen AM; Almer ED; Ames D; Arity V; Barr-Pulliam D; Basoglu KA; Belnap A; Bentley JW; Berg T; Berglund NR; Berry E; Bhandari A; Bhuyan MNH; Black PW; Blondeel E; Bond D; Bonrath A; Borthick AF; Boyle ES; Bradford M; Brandon DM; Brazel JF; Brockbank BG; Burger M; Byzalov D; Cannon JN; Caro C; Carr AH; Cathey J; Cating R; Charron K; Chavez S; Chen J; Chen JC; Chen JW; Cheng C; Cheng X; Christensen BE; Church KS; Cicone NJ; Constance P; Cooper LA; Correia CL; Coyne J; Cram WA; Curtis A; Daigle RJ; Dannemiller S; Davenport SA; Dawson GS; De Meyst KJL; Dell S; Demirkan S; Denison CA; Desai H; Desimone S; Diehl LM; Dimes R; Dong B; Donnelly A; Du Pon A; Duan HK; Duffey A; Dunn RT; Durkin MP; Dzuranin AC; Eberle RM; Ege MS; El Mahdy D; Esplin A; Eulerich M; Everaert P; Farah N; Farish L; Favere-Marchesi M; Fayard D; Filosa JR; Ford M; Franz DR; Fulmer BP; Fulmer S; Furner ZZ; Gantman S; Garner S; Garrett J; Geng X; Golden J; Goldman W; Gomez J; Gooley M; Granitto SP; Green KY; Greenman CL,100,38,pp. 81 - 108,,,0.99800624,UNSW staff profile,True,120,30.9757,0739-3172,W4366679995
Andrew Jackson,https://www.unsw.edu.au/staff/andrew-jackson,UNSW Sydney,Accounting,Editorial: A Call for Policy Relevant Research,Australian Journal of Management,2022,Journal articles,10.1177/03128962221106033,http://dx.doi.org/10.1177/03128962221106033,Jackson A,1,47,pp. 399 - 400,,,,UNSW staff profile,,2,,0312-8962,W4283373029
Andrew Jackson,https://www.unsw.edu.au/staff/andrew-jackson,UNSW Sydney,Accounting,Residuals from Two-Step Research Designs,Accounting and Finance,2022,Journal articles,10.1111/acfi.12992,http://dx.doi.org/10.1111/acfi.12992,Jackson A,1,62,pp. 4345 - 4358,,,0.88526973,UNSW staff profile,False,11,2.2275,0810-5391,W4289101452
Andrew Jackson,https://www.unsw.edu.au/staff/andrew-jackson,UNSW Sydney,Accounting,Financial statement analysis: a review and current issues,China Finance Review International,2022,Journal articles,10.1108/CFRI-10-2021-0208,http://dx.doi.org/10.1108/CFRI-10-2021-0208,Jackson AB,1,12,pp. 1 - 19,,,0.61759006,UNSW staff profile,False,2,0.2765,2044-1398,W3212070455
Andrew Jackson,https://www.unsw.edu.au/staff/andrew-jackson,UNSW Sydney,Accounting,Hierarchy and Performance of Analyst Teams,The European Accounting Review,2020,Journal articles,10.1080/09638180.2020.1714460,http://dx.doi.org/10.1080/09638180.2020.1714460,He W; Jackson A; Li C,3,29,pp. 877 - 900,,,0.86073822,UNSW staff profile,False,15,1.8613,0963-8180,W3001414728
Andrew Jackson,https://www.unsw.edu.au/staff/andrew-jackson,UNSW Sydney,Accounting,Earnings Co-Movements and the Informativeness of Earnings,"Abacus: a journal of accounting, finance and business studies",2020,Journal articles,10.1111/abac.12200,http://dx.doi.org/10.1111/abac.12200,Li C; Jackson A; Morris R,3,56,pp. 295 - 319,,,0.89611563,UNSW staff profile,False,12,2.4818,0001-3072,W3080660440
Andrew Jackson,https://www.unsw.edu.au/staff/andrew-jackson,UNSW Sydney,Accounting,"Inconsistent Signals, Earnings Announcements, and Market Uncertainty",Abacus,2019,Journal articles,10.1111/abac.12156,http://dx.doi.org/10.1111/abac.12156,He W; Jackson AB; Liang K,3,55,pp. 411 - 435,,,0.84989513,UNSW staff profile,False,9,1.678,0001-3072,W2578177921
Andrew Jackson,https://www.unsw.edu.au/staff/andrew-jackson,UNSW Sydney,Accounting,Neurocutaneous melanosis: a rare manifestation of congenital melanocytic nevus,BMJ CASE REPORTS,2019,Journal articles,10.1136/bcr-2018-227621,http://dx.doi.org/10.1136/bcr-2018-227621,Lee JH; Jackson AB; Ren Y; Rao KI,4,12,,,,0.81170771,UNSW staff profile,False,3,1.133,1757-790X,W2970929990
Andrew Jackson,https://www.unsw.edu.au/staff/andrew-jackson,UNSW Sydney,Accounting,A review of research on regulation changes in the Asia-Pacific region,Accounting and Finance,2018,Journal articles,10.1111/acfi.12259,http://dx.doi.org/10.1111/acfi.12259,Jackson AB; Chang M; Wee M,3,58,pp. 635 - 667,,,0.93260602,UNSW staff profile,True,17,4.0286,0810-5391,W2578043790
Andrew Jackson,https://www.unsw.edu.au/staff/andrew-jackson,UNSW Sydney,Accounting,"Decomposing the market, industry and firm components of profitability: Implications for forecasting",Review of Accounting Studies,2018,Journal articles,10.1007/s11142-018-9446-2,http://dx.doi.org/10.1007/s11142-018-9446-2,Jackson AB; Plumlee MA; Rountree BR,3,23,pp. 1071 - 1095,,,0.97660793,UNSW staff profile,True,52,9.5189,1380-6653,W2806156934
Andrew Jackson,https://www.unsw.edu.au/staff/andrew-jackson,UNSW Sydney,Accounting,Discretionary Accruals: Earnings Management... Or Not?,"Abacus: a journal of accounting, finance and business studies",2018,Journal articles,10.1111/abac.12117,http://dx.doi.org/10.1111/abac.12117,Jackson AB,1,54,pp. 136 - 153,,,0.99040999,UNSW staff profile,True,109,17.2654,0001-3072,W2571717664
Andrew Jackson,https://www.unsw.edu.au/staff/andrew-jackson,UNSW Sydney,Accounting,Earnings benchmark hierarchy,Accounting and Finance,2017,Journal articles,10.1111/acfi.12132,http://dx.doi.org/10.1111/acfi.12132,Carvajal M; Coulton JJ; Jackson AB,3,57,pp. 87 - 111,,,0.94476668,UNSW staff profile,True,20,4.3811,0810-5391,W2164465790
Andrew Jackson,https://www.unsw.edu.au/staff/andrew-jackson,UNSW Sydney,Accounting,Earnings Co-Movements and Earnings Manipulation,Review of Accounting Studies,2017,Journal articles,10.1007/s11142-017-9411-5,http://dx.doi.org/10.1007/s11142-017-9411-5,Jackson AB; Rountree BR; Sivaramakrishnan K,3,22,pp. 1340 - 1365,,,0.95306176,UNSW staff profile,True,32,5.1796,1380-6653,W3122587560
Andrew Jackson,https://www.unsw.edu.au/staff/andrew-jackson,UNSW Sydney,Accounting,The impact of sentiment on price discovery,Accounting and Finance,2016,Journal articles,10.1111/acfi.12128,http://dx.doi.org/10.1111/acfi.12128,Coulton JJ; Dinh T; Jackson AB,3,56,pp. 669 - 694,,,0.92440725,UNSW staff profile,True,21,3.1543,0810-5391,W3125957049
Andrew Jackson,https://www.unsw.edu.au/staff/andrew-jackson,UNSW Sydney,Accounting,The impact of litigation risk on the strategic timing of management earnings forecasts,Accounting and Finance,2015,Journal articles,10.1111/acfi.12065,http://dx.doi.org/10.1111/acfi.12065,Jackson AB; Gallery G; Balatbat MCA,3,55,pp. 467 - 495,,,0.95559377,UNSW staff profile,True,17,4.8931,0810-5391,W3125532449
Andrew Jackson,https://www.unsw.edu.au/staff/andrew-jackson,UNSW Sydney,Accounting,"Bis-tropolonate complexes of tungsten: scaffolds for selective side-on binding of nitriles, imines and ketones",DALTON TRANSACTIONS,2014,Journal articles,10.1039/c4dt00734d,http://dx.doi.org/10.1039/c4dt00734d,Becica J; Jackson AB; Dougherty WG; Kassel WS; West NM,5,43,pp. 8738 - 8748,,,0.70846019,UNSW staff profile,False,7,0.692,1477-9226,W2154506433
Andrew Jackson,https://www.unsw.edu.au/staff/andrew-jackson,UNSW Sydney,Accounting,Chief Executive Officer departures and market uncertainty,Australian Journal of Management,2013,Journal articles,10.1177/0312896212450040,http://dx.doi.org/10.1177/0312896212450040,Cheung W; Jackson AB,2,38,pp. 279 - 310,,,0.87748494,UNSW staff profile,False,11,1.4578,0312-8962,W2099454915
Andrew Jackson,https://www.unsw.edu.au/staff/andrew-jackson,UNSW Sydney,Accounting,64 Cu-NO2A-RGD-Glu-6-Ahx-BBN(7-14)NH 2 : a heterodimeric targeting vector for positron emission tomography imaging of prostate cancer,NUCLEAR MEDICINE AND BIOLOGY,2012,Journal articles,10.1016/j.nucmedbio.2011.10.004,http://dx.doi.org/10.1016/j.nucmedbio.2011.10.004,Jackson AB; Nanda PK; Rold TL; Sieckman GL; Szczodroski AF; Hoffman TJ; Chen X; Smith CJ,8,39,pp. 377 - 387,,,0.93480539,UNSW staff profile,True,44,3.8828,0969-8051,W2141461472
Andrew Jackson,https://www.unsw.edu.au/staff/andrew-jackson,UNSW Sydney,Accounting,Bis(acetylacetonate) Tungsten(IV) Complexes Containing a π-Basic Diazoalkane or Oxo Ligand,ORGANOMETALLICS,2012,Journal articles,10.1021/om201050j,http://dx.doi.org/10.1021/om201050j,Khosla C; Jackson AB; White PS; Templeton JL,4,31,pp. 987 - 994,,,0.8109319,UNSW staff profile,False,25,1.4856,0276-7333,W2318458987
Andrew Jackson,https://www.unsw.edu.au/staff/andrew-jackson,UNSW Sydney,Accounting,Measures of the Timeliness of Earnings,Australian Accounting Review,2011,Journal articles,10.1111/j.1835-2561.2011.00139.x,http://dx.doi.org/10.1111/j.1835-2561.2011.00139.x,Jackson AB; Dobbie GW; Brown PR,3,21,pp. 222 - 234,,,0.90927163,UNSW staff profile,True,3,2.1966,1035-6908,W2142057622
Andrew Jackson,https://www.unsw.edu.au/staff/andrew-jackson,UNSW Sydney,Accounting,Synthesis and isocyanate insertion reactions of tungsten(IV) imido complexes formed from W(CO)(acac)(N 3 )(PMe 3 ) 3 with azide as the oxidant,INORGANICA CHIMICA ACTA,2011,Journal articles,10.1016/j.ica.2010.10.032,http://dx.doi.org/10.1016/j.ica.2010.10.032,Khosla C; Jackson AB; White PS; Templeton JL,4,369,pp. 19 - 31,,,0.62878426,UNSW staff profile,False,9,0.4437,0020-1693,W2051934220
Andrew Jackson,https://www.unsw.edu.au/staff/andrew-jackson,UNSW Sydney,Accounting,Poly(arylene ether sulfone) Statistical Copolymers Bearing Perfluoroalkylsulfonic Acid Moieties,MACROMOLECULES,2011,Journal articles,10.1021/ma102717d,http://dx.doi.org/10.1021/ma102717d,Li H; Jackson AB; Kirk NJ; Mauritz KA; Storey RF,5,44,pp. 694 - 702,,,0.88792816,UNSW staff profile,False,23,2.3309,0024-9297,W2068479091
Andrew Jackson,https://www.unsw.edu.au/staff/andrew-jackson,UNSW Sydney,Accounting,Pierpont and the Capital Market,ABACUS - A Journal of Accounting Finance and Business Studies,2009,Journal articles,10.1111/j.1467-6281.2009.00281.x,http://dx.doi.org/10.1111/j.1467-6281.2009.00281.x,Brown PR; Ferguson A; Jackson AB,3,45,pp. 147 - 170,,,0.93915267,UNSW staff profile,True,10,3.9342,0001-3072,W2077718439
Andrew Jackson,https://www.unsw.edu.au/staff/andrew-jackson,UNSW Sydney,Accounting,Reduction of π-bound nitriles to π-bound imines in a tungsten(II) bis(acetylacetonate) coordination sphere,ORGANOMETALLICS,2008,Journal articles,10.1021/om7009039,http://dx.doi.org/10.1021/om7009039,Jackson AB; Khosla C; Gaskins HE; White PS; Templeton JL,5,27,pp. 1322 - 1327,,,0.7420494,UNSW staff profile,False,14,1.0214,0276-7333,W2012380338
Andrew Jackson,https://www.unsw.edu.au/staff/andrew-jackson,UNSW Sydney,Accounting,Reduction of an η 2 -iminoacyl ligand to η 2 -iminium enabled by adjacent carbon monoxide ligand replacement with a variable electron donor alkyne ligand in a cationic tungsten(II) bis(acetylacetonate) complex,INORGANIC CHEMISTRY,2008,Journal articles,10.1021/ic800738a,http://dx.doi.org/10.1021/ic800738a,Jackson AB; Khosla C; White PS; Templeton JL,4,47,pp. 8776 - 8787,,,0.63601749,UNSW staff profile,False,9,0.4742,0020-1669,W1997150403
Andrew Jackson,https://www.unsw.edu.au/staff/andrew-jackson,UNSW Sydney,Accounting,Mandatory audit firm rotation and audit quality,Managerial Auditing Journal,2008,Journal articles,10.1108/02686900810875271,http://dx.doi.org/10.1108/02686900810875271,Jackson AB; Roebuck PJ; Moldrich M,3,23,pp. 420 - 437,,,0.96956504,UNSW staff profile,True,213,7.5666,0268-6902,W3122882829
Andrew Jackson,https://www.unsw.edu.au/staff/andrew-jackson,UNSW Sydney,Accounting,Tungsten(II) monocarbonyl bis(acetylacetonate):: A fourteen-electron docking site for η 2 four-electron donor ligands,JOURNAL OF THE AMERICAN CHEMICAL SOCIETY,2007,Journal articles,10.1021/ja0728270,http://dx.doi.org/10.1021/ja0728270,Jackson AB; Schauer CK; White PS; Templeton JL,4,129,pp. 10628 - +,,,0.8680507,UNSW staff profile,False,32,2.3234,0002-7863,W1973022773
Andrew Jackson,https://www.unsw.edu.au/staff/andrew-jackson,UNSW Sydney,Accounting,Bis(acetylacetonato) tricarbonyl tungsten(II): A convenient precursor to chiral bis(acac) tungsten(II) complexes,INORGANIC CHEMISTRY,2006,Journal articles,10.1021/ic0600329,http://dx.doi.org/10.1021/ic0600329,Jackson AB; White PS; Templeton JL,3,45,pp. 6205 - 6213,,,0.78819523,UNSW staff profile,False,18,1.287,0020-1669,W2029389096
Andrew Jackson,https://www.unsw.edu.au/staff/andrew-jackson,UNSW Sydney,Accounting,Earnings Disaggregation and Market Efficiency,SSRN Electronic Journal,,Journal articles,10.2139/ssrn.3711802,http://dx.doi.org/10.2139/ssrn.3711802,Han M; Jackson AB; Monroe GS,3,,,,,,UNSW staff profile,,2,,1556-5068,W3111632796
Yeejin Jang,https://www.unsw.edu.au/staff/yeejin-jang,UNSW Sydney,Finance,All Clear for Takeoff: Evidence from Airports on the Effects of Infrastructure Privatization,The Review of Financial Studies,2026,Journal articles,10.1093/rfs/hhag023,http://dx.doi.org/10.1093/rfs/hhag023,Howell ST; Jang Y; Kim H; Weisbach MS,4,,,,,0.95501268,UNSW staff profile,True,16,5.0536,0893-9454,W4304117402
Yeejin Jang,https://www.unsw.edu.au/staff/yeejin-jang,UNSW Sydney,Finance,Who Lends Before Banking Crises? Evidence from the International Syndicated Loan Market,Management Science,2025,Journal articles,10.1287/mnsc.2022.03505,http://dx.doi.org/10.1287/mnsc.2022.03505,Giannetti M; Jang YJ,2,71,pp. 2289 - 2310,,,0.8175106,UNSW staff profile,False,4,1.6295,0025-1909,W3195873797
Yeejin Jang,https://www.unsw.edu.au/staff/yeejin-jang,UNSW Sydney,Finance,Exporting pollution: where do multinational firms emit CO2?,Economic Policy,2021,Journal articles,10.1093/epolic/eiab009,http://dx.doi.org/10.1093/epolic/eiab009,Ben-David I; Jang Y; Kleimeier S; Viehs M,4,36,pp. 377 - 437,,,0.98766981,UNSW staff profile,True,93,15.2163,0266-4658,W3130832390
Yeejin Jang,https://www.unsw.edu.au/staff/yeejin-jang,UNSW Sydney,Finance,What Drives Global Lending Syndication? Effects of Cross-Country Capital Regulation Gaps,Review of Finance,2021,Journal articles,10.1093/rof/rfaa019,http://dx.doi.org/10.1093/rof/rfaa019,Gao J; Jang Y,2,25,pp. 519 - 559,,,0.89184202,UNSW staff profile,False,32,2.1714,1382-6662,W3121598715
Yeejin Jang,https://www.unsw.edu.au/staff/yeejin-jang,UNSW Sydney,Finance,Taking a Long View: Investor Trading Horizon and Earnings Management Strategy,International Review of Finance,2020,Journal articles,10.1111/irfi.12340,http://dx.doi.org/10.1111/irfi.12340,Jang Y; Lee K,2,,,,,0.27617067,UNSW staff profile,False,4,0.0,1369-412X,W3121279352
Yeejin Jang,https://www.unsw.edu.au/staff/yeejin-jang,UNSW Sydney,Finance,"Corporate Liquidity, Acquisitions, and Macroeconomic Conditions",The Journal of Financial and Quantitative Analysis,2019,Journal articles,10.1017/S0022109019000978,http://dx.doi.org/10.1017/S0022109019000978,Erel I; Jang Y; Minton B; Weisbach M,4,,,,,0.96736577,UNSW staff profile,True,44,7.1316,0022-1090,W3020990112
Yeejin Jang,https://www.unsw.edu.au/staff/yeejin-jang,UNSW Sydney,Finance,International corporate diversification and financial flexibility,Review of Financial Studies,2017,Journal articles,10.1093/rfs/hhx065,http://dx.doi.org/10.1093/rfs/hhx065,Jang Y,1,30,pp. 4133 - 4178,,,0.96630301,UNSW staff profile,True,61,6.9062,0893-9454,W3124030314
Yeejin Jang,https://www.unsw.edu.au/staff/yeejin-jang,UNSW Sydney,Finance,Do acquisitions relieve target firms' financial constraints?,Journal of Finance,2015,Journal articles,10.1111/jofi.12155,http://dx.doi.org/10.1111/jofi.12155,Erel I; Jang Y; Weisbach MS,3,70,pp. 289 - 328,,,0.99914959,UNSW staff profile,True,323,66.5922,0022-1082,W2329420013
Alexandre Jeanneret,https://www.unsw.edu.au/staff/alexandre-jeanneret,UNSW Sydney,Finance,How Does Corporate Governance Affect Equity Volatility? Worldwide Evidence and Theory,Review of Corporate Finance Studies,2025,Journal articles,10.1093/rcfs/cfad002,http://dx.doi.org/10.1093/rcfs/cfad002,Gagnon L; Jeanneret A,2,14,pp. 166 - 203,,,0.8482583,UNSW staff profile,False,6,1.6315,2046-9128,W4319594570
Alexandre Jeanneret,https://www.unsw.edu.au/staff/alexandre-jeanneret,UNSW Sydney,Finance,Sovereign risk premia and global macroeconomic conditions,Journal of Financial Economics,2023,Journal articles,10.1016/j.jfineco.2022.07.003,http://dx.doi.org/10.1016/j.jfineco.2022.07.003,Andrade SC; Ekponon A; Jeanneret A,3,147,pp. 172 - 197,,,0.91052103,UNSW staff profile,True,17,2.7716,0304-405X,W4295018360
Alexandre Jeanneret,https://www.unsw.edu.au/staff/alexandre-jeanneret,UNSW Sydney,Finance,A credit-based theory of the currency risk premium,"Journal of Financial Economics, forthcoming",2023,Journal articles,,,Della Corte P; Jeanneret A; Patelli E,3,,,,,,UNSW staff profile,,,,,
Alexandre Jeanneret,https://www.unsw.edu.au/staff/alexandre-jeanneret,UNSW Sydney,Finance,A Macrofinance Model for Option Prices: A Story of Rare Economic Events,Management Science,2023,Journal articles,10.1287/mnsc.2022.4587,http://dx.doi.org/10.1287/mnsc.2022.4587,Hasler M; Jeanneret A,2,69,pp. 5543 - 5559,,,0.71093552,UNSW staff profile,False,5,0.6352,0025-1909,W4306795461
Alexandre Jeanneret,https://www.unsw.edu.au/staff/alexandre-jeanneret,UNSW Sydney,Finance,High Inflation: Low Default Risk and Low Equity Valuations,Review of Financial Studies,2022,Journal articles,10.1093/rfs/hhac021,http://dx.doi.org/10.1093/rfs/hhac021,Bhamra HS; Dorion C; Jeanneret A; Weber M,4,36,pp. hhac021 - hhac021,,,0.98839674,UNSW staff profile,True,65,10.6903,0893-9454,W4282041829
Alexandre Jeanneret,https://www.unsw.edu.au/staff/alexandre-jeanneret,UNSW Sydney,Finance,Asset pricing with persistence risk,The Review of Financial Studies,2019,Journal articles,10.1093/rfs/hhy121,http://dx.doi.org/10.1093/rfs/hhy121,Andrei D; Hasler M; Jeanneret A,3,32,pp. 2809 - 2849,,,0.91107263,UNSW staff profile,True,27,3.0464,0893-9454,W2756367141
Alexandre Jeanneret,https://www.unsw.edu.au/staff/alexandre-jeanneret,UNSW Sydney,Finance,Sovereign credit spreads under good/bad governance,Journal of Banking & Finance,2018,Journal articles,10.1016/j.jbankfin.2018.04.005,http://dx.doi.org/10.1016/j.jbankfin.2018.04.005,Jeanneret A,1,93,pp. 230 - 246,,,0.96807363,UNSW staff profile,True,47,7.3443,0378-4266,W2811109164
Alexandre Jeanneret,https://www.unsw.edu.au/staff/alexandre-jeanneret,UNSW Sydney,Finance,Sovereign default risk and the US equity market,Journal of Financial and Quantitative Analysis,2017,Journal articles,10.1017/S0022109016000776,http://dx.doi.org/10.1017/S0022109016000776,Jeanneret A,1,52,pp. 305 - 339,,,0.85711846,UNSW staff profile,False,17,1.5495,0022-1090,W3121592164
Alexandre Jeanneret,https://www.unsw.edu.au/staff/alexandre-jeanneret,UNSW Sydney,Finance,Sovereign defaults by currency denomination,Journal of International Money and Finance,2016,Journal articles,,,Jeanneret A; Souissi S,2,60,pp. 197 - 222,,,,UNSW staff profile,,,,,
Alexandre Jeanneret,https://www.unsw.edu.au/staff/alexandre-jeanneret,UNSW Sydney,Finance,International firm investment under exchange rate uncertainty,Review of Finance,2016,Journal articles,,,Jeanneret A,1,20,pp. 2015 - 2048,,,,UNSW staff profile,,,,,
Alexandre Jeanneret,https://www.unsw.edu.au/staff/alexandre-jeanneret,UNSW Sydney,Finance,The European Debt Crisis,ACTUALITE ECONOMIQUE,2015,Journal articles,,https://www.webofscience.com/api/gateway?GWVersion=2&SrcApp=PARTNER_APP&SrcAuth=LinksAMR&KeyUT=WOS%3A000433766700009&DestLinkType=FullRecord&DestApp=ALL_WOS&UsrCustomerID=891bb5ab6ba270e68a29b250adbe88d1,Jeanneret A; Chouaib E,2,91,pp. 599 - 631,,,,UNSW staff profile,,,,,
Alexandre Jeanneret,https://www.unsw.edu.au/staff/alexandre-jeanneret,UNSW Sydney,Finance,The dynamics of sovereign credit risk,Journal of Financial and Quantitative Analysis,2015,Journal articles,,,Jeanneret A,1,50,pp. 963 - 985,,,,UNSW staff profile,,,,,
Alexandre Jeanneret,https://www.unsw.edu.au/staff/alexandre-jeanneret,UNSW Sydney,Finance,Convertible debt and shareholder incentives,Journal of Corporate Finance,2014,Journal articles,,,Dorion C; François P; Grass G; Jeanneret A,4,24,pp. 38 - 56,,,,UNSW staff profile,,,,,
Alexandre Jeanneret,https://www.unsw.edu.au/staff/alexandre-jeanneret,UNSW Sydney,Finance,The Dynamics of the Implied Volatility Surface: A Story of Rare Economic Events,SSRN Electronic Journal,,Journal articles,10.2139/ssrn.3590242,http://dx.doi.org/10.2139/ssrn.3590242,Hasler M; Jeanneret A,2,,,,,,UNSW staff profile,,1,,1556-5068,W3130056822
Helen Kang,https://www.unsw.edu.au/staff/helen-kang,UNSW Sydney,Accounting,Better sooner than later? Effects of adopting drone-enabled inventory observation on auditor liabilities,Managerial Auditing Journal,2026,Journal articles,10.1108/MAJ-01-2025-4642,http://dx.doi.org/10.1108/MAJ-01-2025-4642,Kim S; Downen T; Kang H,3,41,pp. 557 - 578,,,0.9541357,UNSW staff profile,True,1,6.9851,0268-6902,W7128042518
Helen Kang,https://www.unsw.edu.au/staff/helen-kang,UNSW Sydney,Accounting,Investor perceptions of mandatory quarterly interim management statements,Journal of Accounting and Public Policy,2025,Journal articles,10.1016/j.jaccpubpol.2025.107379,http://dx.doi.org/10.1016/j.jaccpubpol.2025.107379,Zhang Y; Kang H; Li CK,3,54,,,,0.41750068,UNSW staff profile,False,0,0.0,0278-4254,W4416355258
Helen Kang,https://www.unsw.edu.au/staff/helen-kang,UNSW Sydney,Accounting,Non-IFRS earnings information in financial highlights of annual reports,Advances in Accounting,2024,Journal articles,10.1016/j.adiac.2024.100764,http://dx.doi.org/10.1016/j.adiac.2024.100764,Dinh T; Kang H; Zhao C,3,67,,,,0.13529201,UNSW staff profile,False,0,0.0,0882-6110,W4400380087
Helen Kang,https://www.unsw.edu.au/staff/helen-kang,UNSW Sydney,Accounting,"Special Issue: Literature reviews exploring international aspects of accounting, auditing, and taxation",JOURNAL OF INTERNATIONAL ACCOUNTING AUDITING AND TAXATION,2024,Journal articles,10.1016/j.intaccaudtax.2024.100637,http://dx.doi.org/10.1016/j.intaccaudtax.2024.100637,Leventis S; Kang H; Watson L,3,56,,,,0.84498388,UNSW staff profile,False,2,1.452,1061-9518,W4400026826
Helen Kang,https://www.unsw.edu.au/staff/helen-kang,UNSW Sydney,Accounting,Editorial Letter March 2023,JOURNAL OF INTERNATIONAL ACCOUNTING AUDITING AND TAXATION,2023,Journal articles,10.1016/j.intaccaudtax.2023.100538,http://dx.doi.org/10.1016/j.intaccaudtax.2023.100538,Leventis S; Kang H; Hansen TB; Zhou HH,4,50,,,,,UNSW staff profile,,0,,1061-9518,W4328105799
Helen Kang,https://www.unsw.edu.au/staff/helen-kang,UNSW Sydney,Accounting,The joint effect of internal and external governance on earnings management and firm performance,Journal of Corporate Accounting and Finance,2022,Journal articles,10.1002/jcaf.22536,http://dx.doi.org/10.1002/jcaf.22536,Duong HK; Kang H; Salter SB,3,33,pp. 68 - 90,,,0.91175365,UNSW staff profile,True,15,3.0628,1044-8136,W4210413060
Helen Kang,https://www.unsw.edu.au/staff/helen-kang,UNSW Sydney,Accounting,The value relevance of fair value and historical cost measurements during the financial crisis,Accounting and Finance,2021,Journal articles,10.1111/acfi.12655,http://dx.doi.org/10.1111/acfi.12655,Liao L; Kang H; Morris RD,3,61,pp. 2069 - 2107,,,0.94487511,UNSW staff profile,True,29,4.6534,0810-5391,W3038440378
Helen Kang,https://www.unsw.edu.au/staff/helen-kang,UNSW Sydney,Accounting,The impact of legal efficacy on value relevance of the three-level fair value measurement hierarchy,Pacific Basin Finance Journal,2020,Journal articles,10.1016/j.pacfin.2019.101259,http://dx.doi.org/10.1016/j.pacfin.2019.101259,Liao L; Yao D; Kang H; Morris RD,4,59,,,,0.9033557,UNSW staff profile,True,20,2.517,0927-538X,W2993825036
Helen Kang,https://www.unsw.edu.au/staff/helen-kang,UNSW Sydney,Accounting,Country-specific risks and geographic disclosure aggregation: Voluntary disclosure behaviour by British multinationals,British Accounting Review,2019,Journal articles,10.1016/j.bar.2019.02.001,http://dx.doi.org/10.1016/j.bar.2019.02.001,Kang H; Gray SJ,2,51,pp. 259 - 276,,,0.91919044,UNSW staff profile,True,35,3.356,0890-8389,W2917247650
Helen Kang,https://www.unsw.edu.au/staff/helen-kang,UNSW Sydney,Accounting,Disclosure Overload? An Empirical Analysis of International Financial Reporting Standards Disclosure Requirements,Abacus,2019,Journal articles,10.1111/abac.12148,http://dx.doi.org/10.1111/abac.12148,Saha A; Morris RD; Kang H,3,55,pp. 205 - 236,,,0.96545721,UNSW staff profile,True,29,7.1316,0001-3072,W2922815806
Helen Kang,https://www.unsw.edu.au/staff/helen-kang,UNSW Sydney,Accounting,Non-GAAP Reporting and Debt Market Outcomes: Evidence from Regulation G,SCHMALENBACH BUSINESS REVIEW,2019,Journal articles,10.1007/s41464-019-00074-x,http://dx.doi.org/10.1007/s41464-019-00074-x,Thielemann F; Dinh T; Kang H,3,71,pp. 169 - 203,,,0.73077786,UNSW staff profile,False,5,0.7672,1439-2917,W2921613101
Helen Kang,https://www.unsw.edu.au/staff/helen-kang,UNSW Sydney,Accounting,Evolution of intangible asset accounting: Evidence from Australia,Journal of International Financial Management and Accounting,2018,Journal articles,10.1111/jifm.12081,http://dx.doi.org/10.1111/jifm.12081,Dinh T; Kang H; Morris RD; Schultze W,4,29,pp. 247 - 279,,,0.87050661,UNSW staff profile,False,9,1.9038,0954-1314,W2794057856
Helen Kang,https://www.unsw.edu.au/staff/helen-kang,UNSW Sydney,Accounting,Capitalizing Research & Development: Signaling or Earnings Management?,European Accounting Review,2016,Journal articles,10.1080/09638180.2015.1031149,http://dx.doi.org/10.1080/09638180.2015.1031149,Dinh T; Kang H; Schultze W,3,25,pp. 373 - 401,,,0.98475796,UNSW staff profile,True,100,13.1432,0963-8180,W3125386706
Helen Kang,https://www.unsw.edu.au/staff/helen-kang,UNSW Sydney,Accounting,National Culture and Corporate Governance,Journal of International Accounting Research,2016,Journal articles,10.2308/jiar-51346,http://dx.doi.org/10.2308/jiar-51346,Duong HK; Kang H; Salter SB,3,15,pp. 67 - 96,,,0.98814115,UNSW staff profile,True,47,16.1845,1542-6297,W2205078949
Helen Kang,https://www.unsw.edu.au/staff/helen-kang,UNSW Sydney,Accounting,The determinants and value relevance of banks' discretionary loan loss provisions during the financial crisis,Journal of Contemporary Accounting and Economics,2016,Journal articles,10.1016/j.jcae.2016.07.001,http://dx.doi.org/10.1016/j.jcae.2016.07.001,Morris RD; Kang H; Jie J,3,12,pp. 176 - 190,,,0.97485404,UNSW staff profile,True,52,8.7189,1815-5669,W2460046761
Helen Kang,https://www.unsw.edu.au/staff/helen-kang,UNSW Sydney,Accounting,Financial Accounting International Financial Reporting Standards,INTERNATIONAL JOURNAL OF ACCOUNTING,2014,Journal articles,10.1016/j.intacc.2014.04.001,http://dx.doi.org/10.1016/j.intacc.2014.04.001,Kang H,1,49,pp. 298 - 300,,,,UNSW staff profile,,0,,0020-7063,W2748534811
Helen Kang,https://www.unsw.edu.au/staff/helen-kang,UNSW Sydney,Accounting,Segment reporting practices in Australia: Has IRFS 8 made a difference?,Australian Accounting Review,2013,Journal articles,10.1111/j.1835-2561.2012.00173.x,http://dx.doi.org/10.1111/j.1835-2561.2012.00173.x,Kang H; Gray SJ,2,23,pp. 232 - 243,,,0.9867925,UNSW staff profile,True,59,14.979,1035-6908,W1524609258
Helen Kang,https://www.unsw.edu.au/staff/helen-kang,UNSW Sydney,Accounting,Corporate governance and earnings management: An Australian perspective,Corporate Ownership and Control,2013,Journal articles,,http://www.virtusinterpress.org/IMG/pdf/Helen_Kang_Sidney_Leung_Richard_D-Morris_Sidney_J-_Gray_paper_COC__Volume_10_Issue_3_Spring_2013_.pdf,Kang H; Leung S; Gray SJ; Morris RD,4,10,pp. 95 - 113,,,,UNSW staff profile,,,,,
Helen Kang,https://www.unsw.edu.au/staff/helen-kang,UNSW Sydney,Accounting,Information asymmetry of fair value accounting during the financial crisis,Journal of Contemporary Accounting & Economics,2013,Journal articles,10.1016/j.jcae.2013.10.001,http://dx.doi.org/10.1016/j.jcae.2013.10.001,Kang HH; Liao L; Morris RD,3,9,pp. 221 - 236,,,0.91943458,UNSW staff profile,True,44,3.1404,1815-5669,W2046528569
Helen Kang,https://www.unsw.edu.au/staff/helen-kang,UNSW Sydney,Accounting,"Reply to the discussion of ""Reporting intangible assets: Voluntary disclosure practices of top emerging market companies",International Journal of Accounting,2011,Journal articles,10.1016/j.intacc.2011.09.009,http://dx.doi.org/10.1016/j.intacc.2011.09.009,Kang HH; Gray SJ,2,46,pp. 428 - 430,,,,UNSW staff profile,,0,,0020-7063,W2092611336
Helen Kang,https://www.unsw.edu.au/staff/helen-kang,UNSW Sydney,Accounting,Reporting Intangible Assets: Voluntary Disclosure Practices of Top Emerging Market Companies,The International Journal of Accounting Education and Research,2011,Journal articles,10.1016/j.intacc.2011.09.007,http://dx.doi.org/10.1016/j.intacc.2011.09.007,Kang HH; Gray SJ,2,43,pp. 402 - 423,,,0.98804212,UNSW staff profile,True,101,17.3856,0020-7063,W2010739238
Helen Kang,https://www.unsw.edu.au/staff/helen-kang,UNSW Sydney,Accounting,The Content of Voluntary Intangible Asset Disclosures:  evidence from Emerging Market Companies,Journal of International Accounting Research,2011,Journal articles,10.2308/jiar.2011.10.1.109,http://dx.doi.org/10.2308/jiar.2011.10.1.109,Kang HH; Gray SJ,2,10,pp. 109 - 126,,,0.97517613,UNSW staff profile,True,41,10.2403,1542-6297,W2114151486
Helen Kang,https://www.unsw.edu.au/staff/helen-kang,UNSW Sydney,Accounting,Corporate Voluntary Disclosure Practices:  A Review of Content Analysis Research,Indian Accounting Review,2009,Journal articles,,,Kang HH; Gray SJ,2,13,pp. 19 - 38,,,,UNSW staff profile,,,,,
Helen Kang,https://www.unsw.edu.au/staff/helen-kang,UNSW Sydney,Accounting,The Employment Landscape for Accounting Graduates and Work Experience Relevance.,Australian Accounting Review,2009,Journal articles,10.1111/j.1835-2561.2009.00071.x,http://dx.doi.org/10.1111/j.1835-2561.2009.00071.x,Simnett R; Kang HH; Roebuck PJ; Cheng MM,4,19,pp. 342 - 351,,,0.84220321,UNSW staff profile,False,14,0.6482,1035-6908,W2133447956
Helen Kang,https://www.unsw.edu.au/staff/helen-kang,UNSW Sydney,Accounting,"Global Dimensions of Corporate Governance, Paperback Edition, Yadong Luo. Blackwell Publishing, Malden, MA, USA (2007), (Oxford, UK, Carlton, Australia, xvi+ 276 pages, £25.99, €34.50, US $44.95), ISBN-13: 978-1-4051-3707-2",The International Journal of Accounting,2008,Journal articles,10.1016/j.intacc.2008.01.005,http://dx.doi.org/10.1016/j.intacc.2008.01.005,Kang HH,1,43,pp. 88 - 96,,,,UNSW staff profile,,0,,0020-7063,W1530686059
Helen Kang,https://www.unsw.edu.au/staff/helen-kang,UNSW Sydney,Accounting,Corporate governance and board composition: Diversity and independence of Australian boards,Corporate Governance - An International Review,2007,Journal articles,10.1111/j.1467.8683.2007.00554.x,http://dx.doi.org/10.1111/j.1467.8683.2007.00554.x,Kang HH; Cheng MM; Gray SJ,3,15,pp. 194 - 207,,,,UNSW staff profile,,,,,
Helen Kang,https://www.unsw.edu.au/staff/helen-kang,UNSW Sydney,Accounting,Measuring the performance of IT services: an assessment of SERVQUAL,International Journal of Accounting Information Systems,2002,Journal articles,10.1016/S1467-0895(02)00031-3,http://dx.doi.org/10.1016/S1467-0895(02)00031-3,Kang HH; Bradley GW,2,3,pp. 151 - 164,,,0.92771761,UNSW staff profile,True,131,3.6031,1467-0895,W1713766640
Ann Kayis-Kumar,https://www.unsw.edu.au/staff/ann-kayis-kumar,UNSW Sydney,Accounting,Redefining ATO Powers at the Intersection of Debt and Financial Vulnerability,AUSTRALIAN TAX REVIEW,2025,Journal articles,,,O'Rourke K; Kayis-Kumar A; Walpole M,3,54,,,,,UNSW staff profile,,,,,
Ann Kayis-Kumar,https://www.unsw.edu.au/staff/ann-kayis-kumar,UNSW Sydney,Accounting,Squeezing blood from stones? A comparative analysis of tax relief for victim-survivors in Australia and the United States,"Australian Tax Forum: a journal of taxation policy, law and reform",2024,Journal articles,,,Kayis-Kumar A; Speidel C; Book L,3,39,pp. 191 - 220,,,,UNSW staff profile,,,,,
Ann Kayis-Kumar,https://www.unsw.edu.au/staff/ann-kayis-kumar,UNSW Sydney,Accounting,Identifying and supporting financially vulnerable women experiencing economic abuse: a grounded theory approach,eJournal of Tax Research,2023,Journal articles,,https://www.unsw.edu.au/content/dam/pdfs/unsw-adobe-websites/business-school/faculty/research/ejournal-of-tax-research/2023-V21-N2-Identifying-and-supporting-finally-vulnerable.pdf,Kayis-Kumar A; Lim Y; Noone J; Walpole M; Breckenridge J; Book L,6,,,,,,UNSW staff profile,,,,,
Ann Kayis-Kumar,https://www.unsw.edu.au/staff/ann-kayis-kumar,UNSW Sydney,Accounting,Pro Bono Tax Clinics: Aiding Australia's Tax Administration and Developing Students’ Self-Efficacy,Journal of Australian Taxation,2023,Journal articles,,,Morgan A; Freudenberg B; Kayis-Kumar A; Le V; Whait R; Cull M; Castelyn D; Vitale C,8,24,pp. 76 - 111,,,,UNSW staff profile,,,,,
Ann Kayis-Kumar,https://www.unsw.edu.au/staff/ann-kayis-kumar,UNSW Sydney,Accounting,WORK-INTEGRATED LEARNING FOR INTERNATIONAL STUDENTS: DEVELOPING SELF-EFFICACY THROUGH THE AUSTRALIAN NATIONAL TAX CLINIC PROGRAM,Journal of the Australasian Tax Teachers Association,2022,Journal articles,,,Cull M; McLaren J; Freudenberg B; Vitale C; Castelyn D; Whait R; Kayis-Kumar A; Le V; Morgan A,9,17,pp. 22 - 56,,,,UNSW staff profile,,,,,
Ann Kayis-Kumar,https://www.unsw.edu.au/staff/ann-kayis-kumar,UNSW Sydney,Accounting,Tax Accounting for Financial Wellbeing: Quantifying the Unmet need for Pro Bono Tax Advice,Australian Tax Review,2022,Journal articles,10.3316/agispt.20230105081319,https://search.informit.org/doi/abs/10.3316/agispt.20230105081319,Kayis-Kumar A; Noone J; Lim Y; Walpole M; Mackenzie G,5,51,pp. 228 - 257,,,,UNSW staff profile,,,,,
Ann Kayis-Kumar,https://www.unsw.edu.au/staff/ann-kayis-kumar,UNSW Sydney,Accounting,The exploitation of tax professional expenses for tax minimisation: Evidence from Australia,"Australian Tax Forum: a journal of taxation policy, law and reform",2022,Journal articles,10.3316/informit.20220804071765,https://search.informit.org/doi/10.3316/informit.20220804071765,Lim Y; Evans C; Kayis-Kumar A,3,37,pp. 295 - 318,,,,UNSW staff profile,,,,,
Ann Kayis-Kumar,https://www.unsw.edu.au/staff/ann-kayis-kumar,UNSW Sydney,Accounting,Serious Hardship Relief: In Need of a Serious Rethink?,The Sydney Law Review,2021,Journal articles,,http://www.austlii.edu.au/cgi-bin/viewdb/au/journals/SydLawRw/,O'Rourke K; Kayis-Kumar A; Walpole M,3,43,pp. 1 - 42,,,,UNSW staff profile,,,,,
Ann Kayis-Kumar,https://www.unsw.edu.au/staff/ann-kayis-kumar,UNSW Sydney,Accounting,„Pro Bono Tax Clinics: An International Comparison and Framework for Evidence-based Evaluation“,Steuer und Wirtschaft - StuW,2021,Journal articles,10.9785/stuw-2021-980314,http://dx.doi.org/10.9785/stuw-2021-980314,,,98,pp. 287 - 288,,,0.64550437,UNSW staff profile,False,1,0.2775,0341-2954,W4253321212
Ann Kayis-Kumar,https://www.unsw.edu.au/staff/ann-kayis-kumar,UNSW Sydney,Accounting,To cap or not to cap? Policy options for dealing with the costs of managing tax affairs deduction in Australia,"Australian Tax Forum: a journal of taxation policy, law and reform",2020,Journal articles,10.3316/informit.255532586461407,https://search.informit.org/doi/epdf/10.3316/informit.255532586461407,Kayis-Kumar A; Evans C; Lim Y,3,,,,,,UNSW staff profile,,,,,
Ann Kayis-Kumar,https://www.unsw.edu.au/staff/ann-kayis-kumar,UNSW Sydney,Accounting,Interprofessional Collaborative Practice In Pro Bono Tax Clinics: A Case Study Approach,Journal of Australian Taxation,2020,Journal articles,,https://www.jausttax.com.au/Articles_Free/JAT%20Volume%2022%20Issue%202%20-%20UNSW%20Tax%20Clinic.pdf,Kayis-Kumar A; Mackenzie G; Walpole M,3,22,pp. 49 - 49,,,,UNSW staff profile,,,,,
Ann Kayis-Kumar,https://www.unsw.edu.au/staff/ann-kayis-kumar,UNSW Sydney,Accounting,Pro Bono Tax Clinics: An international comparison and framework for evidence-based evaluation,Australian Tax Review,2020,Journal articles,,https://www.westlaw.com.au/maf/wlau/app/blob?blobguid=I9a8f8d87f1c211ea99dafba9e329f6c2&file=LAWREP-049-ATREV-JL-0110.pdf,Kayis-Kumar A; Noone J; Martin F; Walpole M,4,49,pp. 110 - 132,,,,UNSW staff profile,,,,,
Ann Kayis-Kumar,https://www.unsw.edu.au/staff/ann-kayis-kumar,UNSW Sydney,Accounting,Curtailing aggressive tax planning: The case for introducing mandatory disclosure rules in Australia – Cues from the United Kingdom and South Africa for effective Design Features (Part 2),eJournal of Tax Research,2020,Journal articles,,https://www.business.unsw.edu.au/research-site/publications-site/ejournaloftaxresearch-site/Documents/Curtailing-aggressive-tax-planning.pdf,Oguttu A; Kayis-Kumar A,2,17,pp. 233 - 257,,,,UNSW staff profile,,,,,
Ann Kayis-Kumar,https://www.unsw.edu.au/staff/ann-kayis-kumar,UNSW Sydney,Accounting,The Deductibility of Tax-related Expenses: Historical and Comparative Perspectives,Australian Tax Review,2019,Journal articles,,https://www.westlaw.com.au/maf/wlau/app/document?docguid=I21724460c4cc11e98d34858489f4be61&isTocNav=true&tocDs=AUNZ_AU_JOURNALS_TOC&startChunk=1&endChunk=1,Kayis-Kumar A; Evans C; Mellor P,3,48,pp. 100 - 116,,,,UNSW staff profile,,,,,
Ann Kayis-Kumar,https://www.unsw.edu.au/staff/ann-kayis-kumar,UNSW Sydney,Accounting,Curtailing aggressive tax planning: The case for introducing mandatory disclosure rules in Australia (Part 1),eJournal of Tax Research,2019,Journal articles,,https://search.proquest.com/docview/2383801984/fulltextPDF/59B0A76CB2D441E1PQ/1?accountid=12763,Kayis-Kumar A; Oguttu A,2,17,pp. 83 - 104,,,,UNSW staff profile,,,,,
Ann Kayis-Kumar,https://www.unsw.edu.au/staff/ann-kayis-kumar,UNSW Sydney,Accounting,Doing the BEPS we can? Addressing distortions in the cross-border intercompany setting,Australian Tax Review,2019,Journal articles,,,Kayis-Kumar A,1,48,pp. 117 - 138,,,,UNSW staff profile,,,,,
Ann Kayis-Kumar,https://www.unsw.edu.au/staff/ann-kayis-kumar,UNSW Sydney,Accounting,Simulating Tax-Minimization Strategies of Multinationals: Evaluating the Effectiveness of Changes in the United Kingdom’s Corporate Interest Deductibility Rule,World Tax Journal,2019,Journal articles,,,Kayis-Kumar A,1,11,pp. 121 - 155,,,,UNSW staff profile,,,,,
Ann Kayis-Kumar,https://www.unsw.edu.au/staff/ann-kayis-kumar,UNSW Sydney,Accounting,The importance of lawyers in international tax policy design and development: An exploration and extension of the legal-economic literature,University of New South Wales Law Journal,2019,Journal articles,,,Kayis-Kumar A,1,42,,,,,UNSW staff profile,,,,,
Ann Kayis-Kumar,https://www.unsw.edu.au/staff/ann-kayis-kumar,UNSW Sydney,Accounting,Implementing corporate tax cuts at the expense of neutrality? A legal and optimisation analysis of fundamental reform in practice,eJournal of Tax Research,2018,Journal articles,,,Kayis-Kumar A,1,16,pp. 201 - 235,,,,UNSW staff profile,,,,,
Ann Kayis-Kumar,https://www.unsw.edu.au/staff/ann-kayis-kumar,UNSW Sydney,Accounting,PlayTax: 'Gamifying' International Tax Teaching,Journal of the Australasian Tax Teachers Association,2017,Journal articles,,https://www.business.unsw.edu.au/About-Site/Schools-Site/Taxation-Business-Law-Site/jattavolumes/JATTA-No-12-Dec-2017.pdf,Taylor JJ; Kayis-Kumar A; Bain K,3,12,pp. 110 - 135,,,,UNSW staff profile,,,,,
Ann Kayis-Kumar,https://www.unsw.edu.au/staff/ann-kayis-kumar,UNSW Sydney,Accounting,International tax planning by multinationals: Simulating a tax-minimising intercompany response to the OECD’s recommendation on BEPS Action 4,"Australian Tax Forum: a journal of taxation policy, law and reform",2016,Journal articles,,http://ssrn.com/abstract=2805805,Kayis-Kumar A,1,31,pp. 363 - 394,,,,UNSW staff profile,,,,,
Ann Kayis-Kumar,https://www.unsw.edu.au/staff/ann-kayis-kumar,UNSW Sydney,Accounting,Navigating BEPS – OECD's Action 4,Thomson Reuters ASEAN Tax Bulletin,2016,Journal articles,,,Kayis-Kumar A,1,,pp. 18 - 18,,,,UNSW staff profile,,,,,
Ann Kayis-Kumar,https://www.unsw.edu.au/staff/ann-kayis-kumar,UNSW Sydney,Accounting,OECD's Fixed Ratio Rule more effective than thin cap?,Thomson Reuters Weekly Tax Bulletin,2016,Journal articles,,,Kayis-Kumar A,1,,pp. 1193 - 1193,,,,UNSW staff profile,,,,,
Ann Kayis-Kumar,https://www.unsw.edu.au/staff/ann-kayis-kumar,UNSW Sydney,Accounting,What’s BEPS got to do with it? Exploring the effectiveness of thin capitalisation rules,eJournal of Tax Research,2016,Journal articles,,https://search.proquest.com/docview/1858088109?accountid=12763,Kayis-Kumar A,1,14,pp. 359 - 386,,,,UNSW staff profile,,,,,
Ann Kayis-Kumar,https://www.unsw.edu.au/staff/ann-kayis-kumar,UNSW Sydney,Accounting,Taxing cross-border intercompany transactions: Are financing activities fungible?,"Australian Tax Forum: a journal of taxation policy, law and reform",2015,Journal articles,,http://ssrn.com/abstract=2666323,Kayis-Kumar A,1,30,pp. 627 - 661,,,,UNSW staff profile,,,,,
Ann Kayis-Kumar,https://www.unsw.edu.au/staff/ann-kayis-kumar,UNSW Sydney,Accounting,Thin capitalisation rules: A second-best solution to the cross-border debt bias?,"Australian Tax Forum: a journal of taxation policy, law and reform",2015,Journal articles,10.2139/ssrn.2636645,http://dx.doi.org/10.2139/ssrn.2636645,Kayis-Kumar A,1,30,pp. 299 - 355,,,,UNSW staff profile,,2,,1556-5068,W2193243823
Amy Kwan,https://www.unsw.edu.au/staff/amy-kwan,UNSW Sydney,Finance,Nonstandard Errors,Journal of Finance,2024,Journal articles,10.1111/jofi.13337,http://dx.doi.org/10.1111/jofi.13337,Menkveld AJ; Dreber A; Holzmeister F; Huber J; Johannesson M; Kirchler M; Neusüß S; Razen M; Weitzel U; Abad-Díaz D; Abudy M; Adrian T; Ait-Sahalia Y; Akmansoy O; Alcock JT; Alexeev V; Aloosh A; Amato L; Amaya D; Angel JJ; Avetikian AT; Bach A; Baidoo E; Bakalli G; Bao L; Barbon A; Bashchenko O; Bindra PC; Bjønnes GH; Black JR; Black BS; Bogoev D; Correa SB; Bondarenko O; Bos CS; Bosch-Rosa C; Bouri E; Brownlees C; Calamia A; Cao VN; Capelle-Blancard G; Romero LMC; Caporin M; Carrion A; Caskurlu T; Chakrabarty B; Chen J; Chernov M; Cheung W; Chincarini LB; Chordia T; Chow SC; Clapham B; Colliard JE; Comerton-Forde C; Curran E; Dao T; Dare W; Davies RJ; Blasis RD; Nard GFD; Declerck F; Deev O; Degryse H; Deku SY; Desagre C; Dijk MAV; Dim C; Dimpfl T; Dong YJ; Drummond PA; Dudda T; Duevski T; Dumitrescu A; Dyakov T; Dyhrberg AH; Dzieliński M; Eksi A; Kalak IE; Ellen ST; Eugster N; Evans MDD; Farrell M; Felez-Vinas E; Ferrara G; Ferrouhi EM; Flori A; Fluharty-Jaidee JT; Foley SDV; Fong KYL; Foucault T; Franus T; Franzoni F; Frijns B; Frömmel M; Fu SM; Füllbrunn SC; Gan B; Gao G; Gehrig TP,100,79,pp. 2339 - 2390,,,1.0,UNSW staff profile,True,101,65.3198,0022-1082,W4394881644
Amy Kwan,https://www.unsw.edu.au/staff/amy-kwan,UNSW Sydney,Finance,Do uninformed traders move prices? Evidence from the Bank of Japan's ETF purchasing program,Financial Review,2023,Journal articles,10.1111/fire.12323,http://dx.doi.org/10.1111/fire.12323,Bouffler L; Kwan A; Liang L; Philip R,4,58,pp. 5 - 18,,,0.62546023,UNSW staff profile,False,2,0.3959,0732-8516,W4296954148
Amy Kwan,https://www.unsw.edu.au/staff/amy-kwan,UNSW Sydney,Finance,High-Frequency Trading Strategies,Management Science,2023,Journal articles,10.1287/mnsc.2022.4539,http://dx.doi.org/10.1287/mnsc.2022.4539,Goldstein M; Kwan A; Philip R,3,69,pp. 4413 - 4434,,,0.97418695,UNSW staff profile,True,41,6.6089,0025-1909,W4306847168
Amy Kwan,https://www.unsw.edu.au/staff/amy-kwan,UNSW Sydney,Finance,Non-Standard Errors,The Journal of Finance,2023,Journal articles,,,Menkveld AJ; Dreber A; Holzmeister F; Huber J; Johanneson M; Kirchler M; Razen M; Weitzel U; Abad D; Abudy MM; Adrian T; Ait-Sahalia Y; Akmansoy O; Alcock J; Alexeev V; Aloosh A; Amato L; Amaya D; Angel JJ; Bach A; Baidoo E; Bakalli G; Barbon A; Bashchenko O; Bindra PC; Bjonnes GH; Black JR; Black BS; Bohorquez S; Bondarenko O; Bos CS; Bosch-Rosa C; Bouri E; Brownlees CT; Calamia A; Cao VN; Capelle-Blancard G; Capera L; Caporin M; Carrion A; Caskurlu T; Chakrabarty B; Chernov M; Cheung WMY; Chincarini LB; Chordia T; Chow SC; Clapham B; Colliard J-E; Comerton-Forde C; Curran E; Dao T; Dare W; Davies RJ; De Blasis R; De Nard G; Declerck F; Deev O; Degryse H; Deku S; Desagre C; Van Dijk MA; Dim C; Dimpfl T; Dong YJ; Drummond P; Dudda T; Dumitrescu A; Dyakov T; Dyhrberg AH; Dzieliński M; Eksi A; El Kalak I; ter Ellen S; Eugster N; Evans MDD; Farrell M; Félez-Viñas E; Ferrara G; FERROUHI EM; Flori A; Fluharty-Jaidee J; Foley S; Fong KYL; Foucault T; Franus T; Franzoni FA; Frijns B; Frömmel M; Fu S; Füllbrunn S; Gan B; Gehrig T; Gerritsen D; Gil-Bazo J; Glosten LR; Gomez T; Gorbenko A; Güçbilmez U; Grammig J; Gregoire V; Hagströmer B; Hambuckers J; Hapnes E; Harris JH; Harris L; Hartmann S; Hasse J-B; Hautsch N; He X-ZT; Heath D; Hediger S; Hendershott TJ; Hibbert AM; Hjalmarsson E; Hoelscher S; Hoffmann P; Holden CW; Horenstein AR; Huang W; Huang D; Hurlin C; Ivashchenko A; Iyer SR; Jahanshahloo H; Jalkh N; Jones CM; Jurkatis S; Jylha P; Kaeck A; Kaiser G; Karam A; Karmaziene E; Kassner B; Kaustia M; Kazak E; Kearney F; van Kervel V; Khan S; Khomyn M; Klein T; Klein O; Klos A; Koetter M; Krahnen JP; Kolokolov A; Korajczyk RA; Kozhan R; Kwan A; Lajaunie Q; Lam FYEC; Lambert M; Langlois H; Lausen J; Lauter T; Leippold M; Levin V; Li Y; Li MH; Liew CY; Lindner T; Linton OB; Liu J; Liu A; Llorente-Alvarez J-G; Lof M; Lohr A; Longstaff FA; Lopez-Lira A; Mankad S; Mano N; Marchal A; Martineau C; Mazzola F; Meloso DC; Mihet R; Mohan V; Moinas S; Moore D; Mu L; Muravyev D; Murphy D; Neszveda G; Neumeier C; Nielsson U; Nimalendran M; Nolte S; Nordén LL; O'Neill P; Obaid K; Ødegaard BA; Östberg P; Painter M; Palan S; Palit I; Park A; Pascual Gascó R; Pasquariello P; Pastor L; Patel V; Patton AJ; Pearson ND; Pelizzon L; Pelster M; Pérignon C; Pfiffer C; Philip R; Plíhal T; Prakash P; Press O-A; Prodromou T; Putnins TJ; Raizada G; Rakowski DA; Ranaldo A; Regis L; Reitz S; Renault T; Wang R; Renò R; Riddiough S; Rinne K; Rintamäki P; Riordan R; RITTMANNSBERGER T; Rodríguez Longarela I; Rösch D; Rognone L; Roseman B; Rosu I; Roy S; Rudolf N; Rush S; Rzayev K; Rzeźnik A; Sanford A; Sankaran H; Sarkar A; Sarno L; Scaillet O; Scharnowski S; Schenk-Hoppé KR; Schertler A; Schneider M; Schroeder F; Schürhoff N; Schuster P; Schwarz MA; Seasholes MS; Seeger N; Shachar O; Shkilko A; Shui J; Sikic M; Simion G; Smales LA; Söderlind P; Sojli E; Sokolov K; Spokeviciute L; Stefanova D; Subrahmanyam MG; Neusüss S; Szaszi B; Talavera O; Tang Y; Taylor N; Tham WW; Theissen E; Thimme J; Tonks I; Tran H; Trapin L; Trolle AB; Vaduva M; Valente G; Van Ness RA; Vasquez A; Verousis T; Verwijmeren P; Vilhelmsson A; Vilkov G; Vladimirov V; Vogel S; Voigt S; Wagner W; Walther T; Weiss P; van der Wel M; Werner IM; Westerholm PJ; Westheide C; Wipplinger E; Wolf M; Wolff CCP; Wolk L; Wong WK; Wrampelmeyer J; Wu Z-X; Xia S; Xiu D; Xu K; Xu C; Yadav PK; Yagüe J; Yan C; Yang A; Yoo W; Yu W; Yu S; Yueshen BZ; Yuferova D; Zamojski M; Zareei A; Zeisberger S; Zhang S; Zhang X; Zhong Z; Zhou ZI; Zhou C; Zhu X; Zoican M; Zwinkels RCJ; Chen J; Duevski T; Gao G; Gemayel R; Gilder D; Kuhle P; Pagnotta E; Pelli M; Sö nksen J; Zhang L; Ilczuk K; Bogoev D; Qian Y; Wika HC; Yu Y; Zhao L; Mi M; Bao L,341,Forthcoming,,,,,UNSW staff profile,,,,,
Amy Kwan,https://www.unsw.edu.au/staff/amy-kwan,UNSW Sydney,Finance,Order splitting and interacting with a counterparty,Journal of Financial Markets,2023,Journal articles,10.1016/j.finmar.2023.100850,http://dx.doi.org/10.1016/j.finmar.2023.100850,van Kervel V; Kwan A; Westerholm PJ,3,66,,,,0.70651185,UNSW staff profile,False,4,0.7166,1386-4181,W4379519154
Amy Kwan,https://www.unsw.edu.au/staff/amy-kwan,UNSW Sydney,Finance,Contagious margin calls: How COVID-19 threatened global stock market liquidity,Journal of Financial Markets,2022,Journal articles,10.1016/j.finmar.2021.100689,http://dx.doi.org/10.1016/j.finmar.2021.100689,Foley S; Kwan A; Philip R; Ødegaard BA,4,59,,,,0.97855989,UNSW staff profile,True,47,7.8046,1386-4181,W3208623805
Amy Kwan,https://www.unsw.edu.au/staff/amy-kwan,UNSW Sydney,Finance,The rise before the close: Underwriter trading around SEOs,Journal of Empirical Finance,2018,Journal articles,10.1016/j.jempfin.2018.07.002,http://dx.doi.org/10.1016/j.jempfin.2018.07.002,Foley S; Kwan A; Low SA; Svec J,4,48,pp. 221 - 235,,,0.090837,UNSW staff profile,False,1,0.0,0927-5398,W2883178209
Amy Kwan,https://www.unsw.edu.au/staff/amy-kwan,UNSW Sydney,Finance,An empirical analysis of market segmentation on U.S. equity markets,Journal of Financial and Quantitative Analysis,2017,Journal articles,10.1017/S0022109017000849,http://dx.doi.org/10.1017/S0022109017000849,Hatheway F; Kwan A; Zheng H,3,52,pp. 2399 - 2427,,,0.9801921,UNSW staff profile,True,95,8.9872,0022-1090,W3125552224
Amy Kwan,https://www.unsw.edu.au/staff/amy-kwan,UNSW Sydney,Finance,Director discretion and insider trading profitability,Pacific Basin Finance Journal,2016,Journal articles,10.1016/j.pacfin.2016.05.005,http://dx.doi.org/10.1016/j.pacfin.2016.05.005,Foley S; Kwan A; McInish TH; Philip R,4,39,pp. 28 - 43,,,0.82545572,UNSW staff profile,False,10,1.274,0927-538X,W2400771726
Amy Kwan,https://www.unsw.edu.au/staff/amy-kwan,UNSW Sydney,Finance,"Trading rules, competition for order flow and market fragmentation",Journal of Financial Economics,2015,Journal articles,10.1016/j.jfineco.2014.09.010,http://dx.doi.org/10.1016/j.jfineco.2014.09.010,Masulis RW; Kwan A; McInish T,3,115,pp. 330 - 348,,,0.99117368,UNSW staff profile,True,128,15.8767,0304-405X,W3121899736
Amy Kwan,https://www.unsw.edu.au/staff/amy-kwan,UNSW Sydney,Finance,Contagious Margin Calls: How COVID-19 Threatened Global Stock Market Liquidity,SSRN Electronic Journal,,Journal articles,10.2139/ssrn.3646431,http://dx.doi.org/10.2139/ssrn.3646431,Foley S; Kwan A; Philip R; Ødegaard BA,4,,,,,,UNSW staff profile,,16,,1556-5068,W3041722009
Evelyn Lai,https://www.unsw.edu.au/staff/evelyn-lai,UNSW Sydney,Finance,"Re-thinking SoTL for the Age of GenAI: Diffracted, Entangled, and Human",Teaching and Learning Inquiry,2025,Journal articles,10.20343/teachlearninqu.13.49,http://dx.doi.org/10.20343/teachlearninqu.13.49,Mills J; Beynen T; May ICS; Fitzgerald R; Hall KA; Lai E; Mason J; Newell S,8,13,,,,0.94719155,UNSW staff profile,True,1,4.4886,2167-4779,W4415734390
Suk Lee,https://www.unsw.edu.au/staff/suk-lee,UNSW Sydney,Finance,Aspirational utility and investment behavior,Journal of Financial Economics,2025,Journal articles,10.1016/j.jfineco.2024.103970,http://dx.doi.org/10.1016/j.jfineco.2024.103970,Aristidou A; Giga A; Lee S; Zapatero F,4,163,pp. 103970,,,0.93081403,UNSW staff profile,True,11,3.3979,0304-405X,W4404437148
Rachael Lewis,https://www.unsw.edu.au/staff/rachael-lewis,UNSW Sydney,Accounting,Set up to fail: Explaining systemic problems in the business model of in-home aged care,Australian Journal of Management,2026,Journal articles,10.1177/03128962241309407,http://dx.doi.org/10.1177/03128962241309407,Lewis RL; McAllister G; Brown DA; Rawlings-Way O; Sutton NC; McEwen C; Parker D; Ma N,8,51,pp. 117 - 146,,,0.00827056,UNSW staff profile,False,0,0.0,0312-8962,W4406598033
Rachael Lewis,https://www.unsw.edu.au/staff/rachael-lewis,UNSW Sydney,Accounting,"Associations between residents’ experience and compliance, staffing and clinical quality Star Ratings for Australian residential long-term care homes",Health Policy,2026,Journal articles,10.1016/j.healthpol.2025.105521,http://dx.doi.org/10.1016/j.healthpol.2025.105521,Sutton N; Ma N; Yang JS; Woods M; Lewis RL; Parker D,6,164,,,,0.92858815,UNSW staff profile,True,2,3.176,0168-8510,W4416919608
Rachael Lewis,https://www.unsw.edu.au/staff/rachael-lewis,UNSW Sydney,Accounting,How senior managers use interactive control to manage strategic uncertainties: An attention-based view,Management Accounting Research,2024,Journal articles,10.1016/j.mar.2023.100864,http://dx.doi.org/10.1016/j.mar.2023.100864,Lewis RL; Sutton N; Brown DA,3,62,,,,0.94673197,UNSW staff profile,True,18,4.6464,1044-5005,W4385612154
Rachael Lewis,https://www.unsw.edu.au/staff/rachael-lewis,UNSW Sydney,Accounting,The impact of business model workforce configurations on value creation and value appropriation in the Australian aged care sector,Australian Journal of Management,2023,Journal articles,10.1177/03128962221109279,http://dx.doi.org/10.1177/03128962221109279,Brown DA; Ma N; Yang JS; Sutton N; McAllister G; Parker D; Rawlings-Way O; Lewis RL,8,48,pp. 495 - 523,,,0.67292514,UNSW staff profile,False,3,0.4097,0312-8962,W4286493057
Rachael Lewis,https://www.unsw.edu.au/staff/rachael-lewis,UNSW Sydney,Accounting,The quality effects of agency staffing in residential aged care,Australasian Journal on Ageing,2023,Journal articles,10.1111/ajag.13132,http://dx.doi.org/10.1111/ajag.13132,Ma N; Sutton N; Yang JS; Rawlings-Way O; Brown D; McAllister G; Parker D; Lewis R,8,42,pp. 195 - 203,,,0.91279095,UNSW staff profile,True,13,3.0574,0726-4240,W4292696210
Rachael Lewis,https://www.unsw.edu.au/staff/rachael-lewis,UNSW Sydney,Accounting,Using public inquiries as a data source for accounting research: A systematic review,The European Accounting Review,2023,Journal articles,10.1080/09638180.2023.2180765,http://dx.doi.org/10.1080/09638180.2023.2180765,Mcallister G; Sutton N; Brown D; Parker D; Lewis R; Rawlings-Way O; Lin J; Harrison B,8,,,,,0.55254237,UNSW staff profile,False,3,0.3307,0963-8180,W4323046373
Rachael Lewis,https://www.unsw.edu.au/staff/rachael-lewis,UNSW Sydney,Accounting,Considering the new minimum staffing standards for Australian residential aged care,Australian Health Review,2022,Journal articles,10.1071/AH21160,http://dx.doi.org/10.1071/AH21160,Sutton N; Ma N; Yang JS; Rawlings-Way O; Brown D; McAllister G; Parker D; Lewis R,8,46,pp. 391 - 397,,,0.84209881,UNSW staff profile,False,10,1.4531,0156-5788,W3202666940
Rachael Lewis,https://www.unsw.edu.au/staff/rachael-lewis,UNSW Sydney,Accounting,Control and empowerment as an organising paradox: implications for management control systems,"Accounting, Auditing and Accountability Journal",2019,Journal articles,10.1108/AAAJ-11-2017-3223,http://dx.doi.org/10.1108/AAAJ-11-2017-3223,Lewis R; Brown D; Sutton N,3,,,,,0.9710695,UNSW staff profile,True,62,7.4083,0951-3574,W2920820152
Leonard Leye Li,https://www.unsw.edu.au/staff/leonard-leye-li,UNSW Sydney,Accounting,The impact of local corruption on firms' narrative R&D disclosures,Journal of Corporate Finance,2025,Journal articles,10.1016/j.jcorpfin.2025.102841,http://dx.doi.org/10.1016/j.jcorpfin.2025.102841,Huang R; Jiang X; Li LL; Lu LY; Yu Y,5,94,pp. 102841 - 102841,,,0.93880037,UNSW staff profile,True,2,4.5933,0929-1199,W4411545597
Leonard Leye Li,https://www.unsw.edu.au/staff/leonard-leye-li,UNSW Sydney,Accounting,"The Opioid Crisis, Employee Health Capital, and Corporate Information Production",European Accounting Review,2025,Journal articles,10.1080/09638180.2023.2272622,http://dx.doi.org/10.1080/09638180.2023.2272622,Wang D; Li LL; Lu LY; Wilson M,4,34,pp. 721 - 749,,,0.75360126,UNSW staff profile,False,2,0.3107,0963-8180,W4388562609
Leonard Leye Li,https://www.unsw.edu.au/staff/leonard-leye-li,UNSW Sydney,Accounting,Does client importance affect key audit matters reporting? New Zealand evidence,Pacific Accounting Review,2024,Journal articles,10.1108/PAR-04-2024-0072,http://dx.doi.org/10.1108/PAR-04-2024-0072,Ji R; Li L; Li LL; Monroe GS,4,,,,,0.90061856,UNSW staff profile,True,3,2.4804,0114-0582,W4400656762
Leonard Leye Li,https://www.unsw.edu.au/staff/leonard-leye-li,UNSW Sydney,Accounting,Managerial litigation risk and auditor choice,International Journal of Auditing,2024,Journal articles,10.1111/ijau.12322,http://dx.doi.org/10.1111/ijau.12322,Li L; Monroe GS; Coulton J,3,28,pp. 142 - 169,,,0.60144183,UNSW staff profile,False,1,0.4079,1090-6738,W3123810939
Leonard Leye Li,https://www.unsw.edu.au/staff/leonard-leye-li,UNSW Sydney,Accounting,Workforce diversity and financial statement readability,Accounting and Finance,2023,Journal articles,10.1111/acfi.13056,http://dx.doi.org/10.1111/acfi.13056,Li L; Lu LY; Wang Y; Yu Y,4,63,pp. 1599 - 1631,,,0.74086017,UNSW staff profile,False,2,0.8157,0810-5391,W4317520030
Leonard Leye Li,https://www.unsw.edu.au/staff/leonard-leye-li,UNSW Sydney,Accounting,Flu fallout: Information producing constraints and corporate disclosure,Journal of Accounting Research,2023,Journal articles,10.1111/1475-679X.12486,http://dx.doi.org/10.1111/1475-679X.12486,Li LL; Chen C; Louise Yi L; Rencheng W,4,61,pp. 1063 - 1108,,,0.94768732,UNSW staff profile,True,13,4.8944,0021-8456,W4367680780
Leonard Leye Li,https://www.unsw.edu.au/staff/leonard-leye-li,UNSW Sydney,Accounting,Death is a law: Death of former colleagues and management forecasts,Accounting Organizations and Society,2022,Journal articles,10.1016/j.aos.2022.101350,http://dx.doi.org/10.1016/j.aos.2022.101350,Kuang YF; Li L; Lu LY; Qin B,4,102,pp. 101350,,,0.89780208,UNSW staff profile,False,15,2.5736,0361-3682,W4214577390
Leonard Leye Li,https://www.unsw.edu.au/staff/leonard-leye-li,UNSW Sydney,Accounting,Managerial litigation risk and corporate investment efficiency: Evidence from Universal Demand laws,Journal of Empirical Legal Studies,2022,Journal articles,10.1111/jels.12340,http://dx.doi.org/10.1111/jels.12340,Li LL; Monroe G; Coulton J,3,20,pp. 196 - 232,,,0.97143033,UNSW staff profile,True,22,7.7494,1740-1453,W4313596818
Leonard Leye Li,https://www.unsw.edu.au/staff/leonard-leye-li,UNSW Sydney,Accounting,The moderating effect of board gender diversity on the relation between corporate social responsibility and firm value,Journal of Management Control,2022,Journal articles,10.1007/s00187-022-00334-x,http://dx.doi.org/10.1007/s00187-022-00334-x,Li Y; de Villiers C; Li LZ; Li L,4,33,pp. 109 - 143,,,0.98120819,UNSW staff profile,True,39,9.1884,2191-4761,W4206929947
Leonard Leye Li,https://www.unsw.edu.au/staff/leonard-leye-li,UNSW Sydney,Accounting,Social Capital and Managers’ Use of Corporate Resources,Journal of Business Ethics,2021,Journal articles,10.1007/s10551-019-04223-7,http://dx.doi.org/10.1007/s10551-019-04223-7,Gao Z; Li L; Lu LY,3,168,pp. 593 - 613,,,0.97340604,UNSW staff profile,True,62,8.3901,0167-4544,W2952139131
Leonard Leye Li,https://www.unsw.edu.au/staff/leonard-leye-li,UNSW Sydney,Accounting,The Impact of the Leahy-Smith America Invents Act on Firms’ R&D Disclosure,European Accounting Review,2021,Journal articles,10.1080/09638180.2020.1806896,http://dx.doi.org/10.1080/09638180.2020.1806896,Huang R; Li L; Lu LY; Wu H,4,30,pp. 1067 - 1104,,,0.73695931,UNSW staff profile,False,12,0.6204,0963-8180,W3082833125
Leonard Leye Li,https://www.unsw.edu.au/staff/leonard-leye-li,UNSW Sydney,Accounting,Financial statement comparability and managers’ use of corporate resources,Accounting and Finance,2021,Journal articles,10.1111/acfi.12642,http://dx.doi.org/10.1111/acfi.12642,Kim JB; Li L; Lu LY; Yu Y,4,61,pp. 1697 - 1742,,,0.95565219,UNSW staff profile,True,39,5.584,0810-5391,W3017090190
Leonard Leye Li,https://www.unsw.edu.au/staff/leonard-leye-li,UNSW Sydney,Accounting,External Labour Market Competitions and Stock Price Crash Risk: Evidence from Exposures to Competitor CEOs’ Award-Winning Events,Accounting and Finance,2021,Journal articles,10.1111/acfi.12828,http://dx.doi.org/10.1111/acfi.12828,Li LL; Lu LY; Wang D,3,62,pp. 1421 - 1460,,,0.69648094,UNSW staff profile,False,6,0.5627,0810-5391,W3186349195
Leonard Leye Li,https://www.unsw.edu.au/staff/leonard-leye-li,UNSW Sydney,Accounting,State Ownership and Abnormal Accruals in Highly-Valued Firms: Evidence from China,Journal of Contemporary Accounting and Economics,2020,Journal articles,10.1016/j.jcae.2020.100223,http://dx.doi.org/10.1016/j.jcae.2020.100223,Li L; Monroe G; Wang J,3,17,pp. 100223,,,0.92470746,UNSW staff profile,True,14,3.4125,1815-5669,W3095967075
Leonard Leye Li,https://www.unsw.edu.au/staff/leonard-leye-li,UNSW Sydney,Accounting,Financial statement comparability and expected crash risk,Journal of Accounting and Economics,2016,Journal articles,10.1016/j.jacceco.2015.12.003,http://dx.doi.org/10.1016/j.jacceco.2015.12.003,Kim JB; Li L; Lu LY; Yu Y,4,61,pp. 294 - 312,,,0.99854562,UNSW staff profile,True,452,53.7667,0165-4101,W2221993838
Youngdeok Lim,https://www.unsw.edu.au/staff/youngdeok-lim,UNSW Sydney,Accounting,"Internal information asymmetry, external reporting, and insider trading: Theory and evidence",Journal of Corporate Finance,2026,Journal articles,10.1016/j.jcorpfin.2026.103071,http://dx.doi.org/10.1016/j.jcorpfin.2026.103071,Kang C-M; Kim D; Lim Y,3,,pp. 103071 - 103071,,,0.87427363,UNSW staff profile,False,0,0.0,0929-1199,W7172383382
Youngdeok Lim,https://www.unsw.edu.au/staff/youngdeok-lim,UNSW Sydney,Accounting,Does Involvement of Component Auditors Deter Multinational Enterprises’ Extreme Tax Aggressiveness?,Auditing: A journal of Practice and Theory,2025,Journal articles,10.2308/AJPT-2021-050,http://dx.doi.org/10.2308/AJPT-2021-050,Fu D; Carson E; Lim Y,3,,,,,0.39910557,UNSW staff profile,False,0,0.0,0278-0380,W4415671756
Youngdeok Lim,https://www.unsw.edu.au/staff/youngdeok-lim,UNSW Sydney,Accounting,Discretionary Reporting and Analyst Forecasts of Operating Income under International Financial Reporting Standards,British Accounting Review,2025,Journal articles,10.1016/j.bar.2025.101634,http://dx.doi.org/10.1016/j.bar.2025.101634,Ha W; Han S-Y; Lee W-J; Lim Y,4,,,,,0.92711775,UNSW staff profile,True,2,4.246,0890-8389,W4408283835
Youngdeok Lim,https://www.unsw.edu.au/staff/youngdeok-lim,UNSW Sydney,Accounting,The Effect of Mandatory Audit Firm Rotation on Firm Value: Evidence from Korea,Journal of International Accounting Research,2025,Journal articles,10.2308/JIAR-2022-038,http://dx.doi.org/10.2308/JIAR-2022-038,Lim Y,1,24,pp. 79 - 100,,,0.93079603,UNSW staff profile,True,4,3.363,1542-6297,W4405100281
Youngdeok Lim,https://www.unsw.edu.au/staff/youngdeok-lim,UNSW Sydney,Accounting,Accounting firm office size and tax aggressiveness,Accounting and Finance,2024,Journal articles,10.1111/acfi.13177,http://dx.doi.org/10.1111/acfi.13177,Fu Y; Lim Y; Carson E,3,64,pp. 1183 - 1219,,,0.77347601,UNSW staff profile,False,2,0.8157,0810-5391,W4386751389
Youngdeok Lim,https://www.unsw.edu.au/staff/youngdeok-lim,UNSW Sydney,Accounting,Identifying and supporting financially vulnerable women experiencing economic abuse: a grounded theory approach,eJournal of Tax Research,2023,Journal articles,,https://www.unsw.edu.au/content/dam/pdfs/unsw-adobe-websites/business-school/faculty/research/ejournal-of-tax-research/2023-V21-N2-Identifying-and-supporting-finally-vulnerable.pdf,Kayis-Kumar A; Lim Y; Noone J; Walpole M; Breckenridge J; Book L,6,,,,,,UNSW staff profile,,,,,
Youngdeok Lim,https://www.unsw.edu.au/staff/youngdeok-lim,UNSW Sydney,Accounting,A cluster analysis of individual taxpayers — what are the characteristics of taxpayers who realise capital gains?,"Australian Tax Forum: a journal of taxation policy, law and reform",2023,Journal articles,,https://resources.taxinstitute.com.au/tiausttaxforum/a-cluster-analysis-of-individual-taxpayers-what-are-the-characteristics-of-taxpayers-who-realise-capital-gains,Minas J; Minas J; Lim Y,3,38,pp. 245 - 266,,,,UNSW staff profile,,,,,
Youngdeok Lim,https://www.unsw.edu.au/staff/youngdeok-lim,UNSW Sydney,Accounting,Tax Accounting for Financial Wellbeing: Quantifying the Unmet need for Pro Bono Tax Advice,Australian Tax Review,2022,Journal articles,10.3316/agispt.20230105081319,https://search.informit.org/doi/abs/10.3316/agispt.20230105081319,Kayis-Kumar A; Noone J; Lim Y; Walpole M; Mackenzie G,5,51,pp. 228 - 257,,,,UNSW staff profile,,,,,
Youngdeok Lim,https://www.unsw.edu.au/staff/youngdeok-lim,UNSW Sydney,Accounting,CSR Performance and the Reputational Incentives of Independent Directors,Journal of Business Finance and Accounting,2022,Journal articles,10.1111/jbfa.12569,http://dx.doi.org/10.1111/jbfa.12569,Khoo E; Lim Y; Lu L; Monroe G,4,49,pp. 841 - 881,,,0.95523277,UNSW staff profile,True,40,5.346,0306-686X,W3203768415
Youngdeok Lim,https://www.unsw.edu.au/staff/youngdeok-lim,UNSW Sydney,Accounting,The Impact of IFRS on the Use of Private Debt Covenants: International Evidence,Journal of International Accounting Research,2022,Journal articles,10.2308/JIAR-2021-085,http://dx.doi.org/10.2308/JIAR-2021-085,Li J; Lim Y; Morris RD,3,21,pp. 125 - 150,,,0.8025999,UNSW staff profile,False,4,1.1784,1542-6297,W4224323008
Youngdeok Lim,https://www.unsw.edu.au/staff/youngdeok-lim,UNSW Sydney,Accounting,The exploitation of tax professional expenses for tax minimisation: Evidence from Australia,"Australian Tax Forum: a journal of taxation policy, law and reform",2022,Journal articles,10.3316/informit.20220804071765,https://search.informit.org/doi/10.3316/informit.20220804071765,Lim Y; Evans C; Kayis-Kumar A,3,37,pp. 295 - 318,,,,UNSW staff profile,,,,,
Youngdeok Lim,https://www.unsw.edu.au/staff/youngdeok-lim,UNSW Sydney,Accounting,Analyst Coverage and Audit Fees: International Evidence,Journal of Accounting Auditing and Finance,2022,Journal articles,10.1177/0148558X20928243,http://dx.doi.org/10.1177/0148558X20928243,Lim Y; Monroe GS,2,37,pp. 466 - 492,,,0.86508687,UNSW staff profile,False,21,1.8613,0148-558X,W3035453353
Youngdeok Lim,https://www.unsw.edu.au/staff/youngdeok-lim,UNSW Sydney,Accounting,Do Firms Learn from Pre-announcement Experience? Evidence from Optimistic Pre-announcements and Market Responses,Abacus,2022,Journal articles,10.1111/abac.12242,http://dx.doi.org/10.1111/abac.12242,Lim Y; Oh HI,2,58,pp. 365 - 392,,,0.21492394,UNSW staff profile,False,0,0.0,0001-3072,W3201193592
Youngdeok Lim,https://www.unsw.edu.au/staff/youngdeok-lim,UNSW Sydney,Accounting,Customer satisfaction and implied cost of equity,Australasian Marketing Journal,2021,Journal articles,10.1177/1839334921993951,http://dx.doi.org/10.1177/1839334921993951,Lim YOUNGDEOK; Lee JJ; Kim H,3,29,pp. 364 - 378,,,0.67306394,UNSW staff profile,False,3,0.3981,1441-3582,W3134244636
Youngdeok Lim,https://www.unsw.edu.au/staff/youngdeok-lim,UNSW Sydney,Accounting,Policy Forum: The Australian Experience with Preferential Capital Gains Tax Treatment — Possible Lessons for Canada,Canadian Tax Journal,2021,Journal articles,10.32721/ctj.2021.69.4.pf.minas,http://dx.doi.org/10.32721/ctj.2021.69.4.pf.minas,Minas J; Lim Y; Evans C; François V,4,69,pp. 1213 - 1230,,,0.33536775,UNSW staff profile,False,1,0.0,0008-5111,W4210270753
Youngdeok Lim,https://www.unsw.edu.au/staff/youngdeok-lim,UNSW Sydney,Accounting,Audit firm operating leverage and pricing strategy: Evidence from lowballing in audit industry,Journal of Contemporary Accounting and Economics,2021,Journal articles,10.1016/j.jcae.2021.100254,http://dx.doi.org/10.1016/j.jcae.2021.100254,Yang S; Lee WJ; Lim Y; Yi CH,4,17,,,,0.67684659,UNSW staff profile,False,3,0.5627,1815-5669,W3137611003
Youngdeok Lim,https://www.unsw.edu.au/staff/youngdeok-lim,UNSW Sydney,Accounting,The impact of full franking credit refundability on corporate tax avoidance,eJournal of Tax Research,2020,Journal articles,,http://classic.austlii.edu.au/au/journals/eJlTaxR/2020/1.html,Brown R; Lim Y; Evans C,3,17,pp. 134 - 167,,,,UNSW staff profile,,,,,
Youngdeok Lim,https://www.unsw.edu.au/staff/youngdeok-lim,UNSW Sydney,Accounting,To cap or not to cap? Policy options for dealing with the costs of managing tax affairs deduction in Australia,"Australian Tax Forum: a journal of taxation policy, law and reform",2020,Journal articles,10.3316/informit.255532586461407,https://search.informit.org/doi/epdf/10.3316/informit.255532586461407,Kayis-Kumar A; Evans C; Lim Y,3,,,,,,UNSW staff profile,,,,,
Youngdeok Lim,https://www.unsw.edu.au/staff/youngdeok-lim,UNSW Sydney,Accounting,Corporate Reputation and the Timeliness of External Audit and Earnings Announcement,International Journal of Auditing,2020,Journal articles,10.1111/ijau.12202,http://dx.doi.org/10.1111/ijau.12202,Khoo E; Lim Y; Monroe G,3,24,pp. 366 - 395,,,0.88353186,UNSW staff profile,False,15,2.1716,1090-6738,W3081880011
Youngdeok Lim,https://www.unsw.edu.au/staff/youngdeok-lim,UNSW Sydney,Accounting,Audit Committee Members’ Reputation Incentives and Their Effectiveness in Monitoring the Financial Reporting Process,"Abacus: a journal of accounting, finance and business studies",2020,Journal articles,10.1111/abac.12201,http://dx.doi.org/10.1111/abac.12201,Khoo ES; Lim Y; Monroe G,3,56,pp. 348 - 406,,,0.95968572,UNSW staff profile,True,37,5.8943,0001-3072,W3088482254
Youngdeok Lim,https://www.unsw.edu.au/staff/youngdeok-lim,UNSW Sydney,Accounting,Market reaction to optimistic bias in the recommendations of chaebol-affiliated analysts,Journal of Contemporary Accounting and Economics,2019,Journal articles,10.1016/j.jcae.2019.100156,http://dx.doi.org/10.1016/j.jcae.2019.100156,Lim Y; Kim H,2,15,pp. 224 - 242,,,0.83414875,UNSW staff profile,False,10,1.5343,1815-5669,W2946439936
Youngdeok Lim,https://www.unsw.edu.au/staff/youngdeok-lim,UNSW Sydney,Accounting,Does customer satisfaction matter to managers' earnings forecasts and stock returns?,European Journal of Marketing,2018,Journal articles,10.1108/EJM-06-2017-0422,http://dx.doi.org/10.1108/EJM-06-2017-0422,Lee J; Lim Y; Oh H,3,52,pp. 2026 - 2051,,,0.73924331,UNSW staff profile,False,11,0.6286,0309-0566,W2889726426
Youngdeok Lim,https://www.unsw.edu.au/staff/youngdeok-lim,UNSW Sydney,Accounting,The impact of tax rate changes on capital gains realisations:  evidence from Australia,"Australian Tax Forum: a journal of taxation policy, law and reform",2018,Journal articles,,,Minas J; Lim Y; Evans C,3,33,pp. 635 - 666,,,,UNSW staff profile,,,,,
Youngdeok Lim,https://www.unsw.edu.au/staff/youngdeok-lim,UNSW Sydney,Accounting,Taxing personal capital gains in Australia: An alternative way forward,"Australian Tax Forum: a journal of taxation policy, law and reform",2015,Journal articles,,http://search.informit.com.au/documentSummary;dn=703436061355297;res=IELAPA,Evans C; Minas J; Lim Y,3,30,pp. 735 - 761,,,,UNSW staff profile,,,,,
Youngdeok Lim,https://www.unsw.edu.au/staff/youngdeok-lim,UNSW Sydney,Accounting,"Audit committee accounting expertise, CEO power, and audit pricing",Asia-Pacific Journal of Accounting and Economics,2015,Journal articles,10.1080/16081625.2015.1105753,http://dx.doi.org/10.1080/16081625.2015.1105753,Kim H; Kwak B; Lim Y; Yu J,4,,pp. 1 - 19,,,0.89085211,UNSW staff profile,False,37,1.7253,1608-1625,W2306488792
Youngdeok Lim,https://www.unsw.edu.au/staff/youngdeok-lim,UNSW Sydney,Accounting,The Effect of Mandatory Audit Firm Rotation on Audit Quality and Audit Fees: Empirical Evidence from the Korean Audit Market,AUDITING: A Journal of Practice & Theory,2014,Journal articles,10.2308/ajpt-50814,http://dx.doi.org/10.2308/ajpt-50814,Kwon SY; Lim Y; Simnett R,3,33,pp. 167 - 196,,,0.97671065,UNSW staff profile,True,35,9.6055,0278-0380,W2047587257
Youngdeok Lim,https://www.unsw.edu.au/staff/youngdeok-lim,UNSW Sydney,Accounting,"Taxing capital gains – views from Australia, Canada and the United States",eJournal of Tax Research,2013,Journal articles,,,Minas JW; lim Y,2,11,pp. 191 - 215,,,,UNSW staff profile,,,,,
Youngdeok Lim,https://www.unsw.edu.au/staff/youngdeok-lim,UNSW Sydney,Accounting,Conflict of Interest or Information Sharing?  Evidence from Affiliated Analyst Performance in Korea,Contemporary Accounting Research,2012,Journal articles,10.1111/j.1911-3846.2011.01112.x,http://dx.doi.org/10.1111/j.1911-3846.2011.01112.x,Lim Y; Jung K,2,29,pp. 505 - 537,,,0.88199008,UNSW staff profile,False,29,1.4153,0823-9150,W2136315961
Youngdeok Lim,https://www.unsw.edu.au/staff/youngdeok-lim,UNSW Sydney,Accounting,Tax Avoidance and Underleverage Puzzle: Korean Evidence,Review of Quantitative Finance and Accounting,2012,Journal articles,10.1007/s11156-011-0258-8,http://dx.doi.org/10.1007/s11156-011-0258-8,Lim Y,1,39,pp. 333 - 360,,,0.91781967,UNSW staff profile,True,24,2.8307,0924-865X,W1969507334
Youngdeok Lim,https://www.unsw.edu.au/staff/youngdeok-lim,UNSW Sydney,Accounting,A Model for Measuring Supplier Risk:  Do Operational Capability Indicators Enhance the Prediction Accuracy of Supplier Risk?,British Journal of Management,2011,Journal articles,10.1111/j.1467-8551.2010.00697.x,http://dx.doi.org/10.1111/j.1467-8551.2010.00697.x,Jung K; Lim Y; Oh J,3,22,pp. 606 - 627,,,0.78849844,UNSW staff profile,False,24,0.9159,1045-3172,W1912028333
Youngdeok Lim,https://www.unsw.edu.au/staff/youngdeok-lim,UNSW Sydney,Accounting,"Tax Avoidance, Cost of Debt and Shareholder Activism:  Evidence from Korea",Journal of Banking and Finance,2011,Journal articles,10.1016/j.jbankfin.2010.08.021,http://dx.doi.org/10.1016/j.jbankfin.2010.08.021,Lim Y,1,35,pp. 456 - 470,,,0.94669355,UNSW staff profile,True,233,4.673,0378-4266,W1963563895
Youngdeok Lim,https://www.unsw.edu.au/staff/youngdeok-lim,UNSW Sydney,Accounting,The Effect of Auditors’ Industry Expertise on the Relation between Auditor Tenure and Audit Quality and Profile Analysis of Mandatorily Rotated Auditors,Korean Accounting Journal,2008,Journal articles,,,Kwon SY; Lim Y; Ma HY,3,17,pp. 1 - 38,,,,UNSW staff profile,,,,,
Youngdeok Lim,https://www.unsw.edu.au/staff/youngdeok-lim,UNSW Sydney,Accounting,Auditor Tenure and Audit Quality: Evidence from the Korean Audit Market.,Korean Accounting Review,2006,Journal articles,,,Lim Y,1,31,pp. 183 - 213,,,,UNSW staff profile,,,,,
Youngdeok Lim,https://www.unsw.edu.au/staff/youngdeok-lim,UNSW Sydney,Accounting,Does Credit Rating Affect Relation between Audit Tenure and Audit Quality in Voluntary Audit Rotation Environment?,Accounting & Auditing Research,2005,Journal articles,,,Lim Y,1,42,pp. 443 - 461,,,,UNSW staff profile,,,,,
Yiping Lin,https://www.unsw.edu.au/staff/yiping-lin,UNSW Sydney,Finance,Does maker-taker limit order subsidy improve market outcomes? Quasi-natural experimental evidence,Journal of Banking and Finance,2025,Journal articles,10.1016/j.jbankfin.2024.107330,http://dx.doi.org/10.1016/j.jbankfin.2024.107330,Lin Y; Swan PL; Harris FHDB,3,170,,,,0.7803662,UNSW staff profile,False,2,0.655,0378-4266,W4403905483
Yiping Lin,https://www.unsw.edu.au/staff/yiping-lin,UNSW Sydney,Finance,Does Random Auction Ending Curb Stock Price Manipulation?,Quarterly Journal of Finance,2023,Journal articles,10.1142/S2010139224500010,http://dx.doi.org/10.1142/S2010139224500010,Lin Y; Michayluk D; Zou M,3,13,,,,0.23612941,UNSW staff profile,False,0,0.0,2010-1392,W4388798520
Benjamin Loos,https://www.unsw.edu.au/staff/benjamin-loos,UNSW Sydney,Finance,"How do taxes affect the trading behavior of
private investors? Evidence from individual
portfolio data",Management science,2024,Journal articles,10.2139/ssrn.3565547,http://dx.doi.org/10.2139/ssrn.3565547,Buhlmann F; Doerrenberg P; Loos B; Voget J,4,,,,,,UNSW staff profile,,4,,1556-5068,W3111699098
Benjamin Loos,https://www.unsw.edu.au/staff/benjamin-loos,UNSW Sydney,Finance,Trust and delegated investing: a Money Doctors experiment,REVIEW OF FINANCE,2024,Journal articles,10.1093/rof/rfae031,http://dx.doi.org/10.1093/rof/rfae031,Germann M; Mertes L; Weber M; Loos B,4,29,pp. 75 - 102,,,0.92346829,UNSW staff profile,True,5,3.6299,1382-6662,W3125287799
Benjamin Loos,https://www.unsw.edu.au/staff/benjamin-loos,UNSW Sydney,Finance,Switching from commissions on mutual funds to flat-fees: How are advisory clients affected?,Journal of Economic Behavior and Organization,2023,Journal articles,10.1016/j.jebo.2023.03.015,http://dx.doi.org/10.1016/j.jebo.2023.03.015,Meyer S; Uhr C; Loos B; Hackethal A,4,209,pp. 423 - 449,,,0.85135968,UNSW staff profile,False,4,1.6315,0167-2681,W4362633763
Benjamin Loos,https://www.unsw.edu.au/staff/benjamin-loos,UNSW Sydney,Finance,The trading response of individual investors to local bankruptcies,JOURNAL OF FINANCIAL ECONOMICS,2021,Journal articles,10.1016/j.jfineco.2021.06.033,http://dx.doi.org/10.1016/j.jfineco.2021.06.033,Laudenbach C; Loos B; Pirschel J; Wohlfart J,4,142,pp. 928 - 953,,,0.91037251,UNSW staff profile,True,33,2.7421,0304-405X,W3177199051
Benjamin Loos,https://www.unsw.edu.au/staff/benjamin-loos,UNSW Sydney,Finance,Abusing ETFs,REVIEW OF FINANCE,2017,Journal articles,10.1093/rof/rfw041,http://dx.doi.org/10.1093/rof/rfw041,Bhattacharya U; Loos B; Meyer S; Hackethal A,4,21,pp. 1217 - 1250,,,0.97049499,UNSW staff profile,True,59,7.2194,1382-6662,W4245991397
Benjamin Loos,https://www.unsw.edu.au/staff/benjamin-loos,UNSW Sydney,Finance,Do individual investors learn from their mistakes?,Journal of Business Economics,2017,Journal articles,10.1007/s11573-017-0855-7,http://dx.doi.org/10.1007/s11573-017-0855-7,Koestner M; Loos B; Meyer S; Hackethal A,4,87,pp. 669 - 703,,,0.94569904,UNSW staff profile,True,48,4.3387,0044-2372,W3124698612
Benjamin Loos,https://www.unsw.edu.au/staff/benjamin-loos,UNSW Sydney,Finance,Is Unbiased Financial Advice to Retail Investors Sufficient? Answers from a Large Field Study,REVIEW OF FINANCIAL STUDIES,2012,Journal articles,10.1093/rfs/hhr127,http://dx.doi.org/10.1093/rfs/hhr127,Bhattacharya U; Hackethal A; Kaesler S; Loos B; Meyer S,5,25,pp. 975 - 1032,,,0.99925947,UNSW staff profile,True,362,77.9259,0893-9454,W3124510896
Gordon Mackenzie,https://www.unsw.edu.au/staff/gordon-mackenzie,UNSW Sydney,Accounting,Tax Accounting for Financial Wellbeing: Quantifying the Unmet need for Pro Bono Tax Advice,Australian Tax Review,2022,Journal articles,10.3316/agispt.20230105081319,https://search.informit.org/doi/abs/10.3316/agispt.20230105081319,Kayis-Kumar A; Noone J; Lim Y; Walpole M; Mackenzie G,5,51,pp. 228 - 257,,,,UNSW staff profile,,,,,
Gordon Mackenzie,https://www.unsw.edu.au/staff/gordon-mackenzie,UNSW Sydney,Accounting,Interprofessional Collaborative Practice In Pro Bono Tax Clinics: A Case Study Approach,Journal of Australian Taxation,2020,Journal articles,,https://www.jausttax.com.au/Articles_Free/JAT%20Volume%2022%20Issue%202%20-%20UNSW%20Tax%20Clinic.pdf,Kayis-Kumar A; Mackenzie G; Walpole M,3,22,pp. 49 - 49,,,,UNSW staff profile,,,,,
Gordon Mackenzie,https://www.unsw.edu.au/staff/gordon-mackenzie,UNSW Sydney,Accounting,How pension accounts can exceed $1.6million,Cuffelinks,2017,Journal articles,,,Mackenzie G,1,,,,,,UNSW staff profile,,,,,
Gordon Mackenzie,https://www.unsw.edu.au/staff/gordon-mackenzie,UNSW Sydney,Accounting,Superannuation Tax reform:the new fairness measures,Tax Specialist,2017,Journal articles,,,Mackenzie G,1,,pp. 73 - 81,,,,UNSW staff profile,,,,,
Gordon Mackenzie,https://www.unsw.edu.au/staff/gordon-mackenzie,UNSW Sydney,Accounting,10 quick points on super reform for dummies,Cuffelinks,2016,Journal articles,,https://cuffelinks.com.au/10-quick-points-super-reform-dummies/,Mackenzie G,1,174,pp. 4 - 4,,,,UNSW staff profile,,,,,
Gordon Mackenzie,https://www.unsw.edu.au/staff/gordon-mackenzie,UNSW Sydney,Accounting,"Budget super changes and AFSL advising in the
SMSF juggernaut",Australian Superannuation Law Bulletin,2016,Journal articles,,http://www.lexisnexis.com/au/legal/auth/checkbrowser.do?ipcounter=1&cookieState=0&rand=0.19877196888099036&bhcp=1,Mackenzie G,1,28,,,,,UNSW staff profile,,,,,
Gordon Mackenzie,https://www.unsw.edu.au/staff/gordon-mackenzie,UNSW Sydney,Accounting,SMSF Accountants and the unexploded grenade,Cufflinks,2016,Journal articles,,https://cuffelinks.com.au/smsf-accountants-unexploded-grenade/,Mackenzie G,1,165,,,,,UNSW staff profile,,,,,
Gordon Mackenzie,https://www.unsw.edu.au/staff/gordon-mackenzie,UNSW Sydney,Accounting,"So, you want to get into the SMSF market? Here's what you need to know. Part 2",Australian Superannuation Law Bulletin,2016,Journal articles,,http://www.lexisnexis.com/au/legal/results/docview/attachRetrieve.do?csi=334497&A=0.5523601612297896&ersKey=23_T25213777942&urlEnc=ISO-8859-1&inline=y&smi=58762&componentseq=2&key=5J5N-HX01-F126-20W6-,Mackenzie G,1,28,pp. 8 - 12,,,,UNSW staff profile,,,,,
Gordon Mackenzie,https://www.unsw.edu.au/staff/gordon-mackenzie,UNSW Sydney,Accounting,Labor's super plan would add complexity but not tackle inequity,The Conversation,2015,Journal articles,,http://theconversation.com/labors-super-plan-would-add-complexity-but-not-tackle-inequity-40634,Mackenzie G,1,,,,,,UNSW staff profile,,,,,
Gordon Mackenzie,https://www.unsw.edu.au/staff/gordon-mackenzie,UNSW Sydney,Accounting,Ructions in the SMSF market,Cuffelinks,2015,Journal articles,,https://cuffelinks.com.au/ructions-smsf-market/,Mackenzie G,1,102,,,,,UNSW staff profile,,,,,
Gordon Mackenzie,https://www.unsw.edu.au/staff/gordon-mackenzie,UNSW Sydney,Accounting,"So, you want to get into the  SMSF market? Here's what you need to know.",Australian Superannuation Law Bulletin,2015,Journal articles,,http://www.lexisnexis.com/au/legal/results/docview/attachRetrieve.do?csi=334497&A=0.23681898026525672&ersKey=23_T25213788953&urlEnc=ISO-8859-1&inline=y&smi=58762&componentseq=2&key=5HJP-6GV1-F126-20YM,Mackenzie G,1,27,pp. 162 - 165,,,,UNSW staff profile,,,,,
Gordon Mackenzie,https://www.unsw.edu.au/staff/gordon-mackenzie,UNSW Sydney,Accounting,What exactly is the role of the ATO in SMSFs?,Cuffelinks,2015,Journal articles,,https://cuffelinks.com.au/atos-role-in-smsfs/,Mackenzie G,1,,,,,,UNSW staff profile,,,,,
Gordon Mackenzie,https://www.unsw.edu.au/staff/gordon-mackenzie,UNSW Sydney,Accounting,"Tax-aware investment management by public offer superannuation funds in Australia: Attitudes, practices and expectations",Australian Tax Forum,2014,Journal articles,,https://www.taxinstitute.com.au/australian-tax-forum/tax-aware-investment-management-by-public-offer-superannuation-funds-in-australia-attitudes-practices-and-expectations,Mackenzie G; McKerchar M,2,29,pp. 249 - 279,,,,UNSW staff profile,,,,,
Gordon Mackenzie,https://www.unsw.edu.au/staff/gordon-mackenzie,UNSW Sydney,Accounting,Are public super funds tax efficient?,Cuffelinks.com.au,2014,Journal articles,,http://cuffelinks.com.au/public-super-funds-tax-efficient/,Mackenzie G; Mckerchar M,2,,,,,,UNSW staff profile,,,,,
Gordon Mackenzie,https://www.unsw.edu.au/staff/gordon-mackenzie,UNSW Sydney,Accounting,Interesting things about superannuation: The Federal budget and contribution strategies,Australian Superannuation Law Bulletin,2014,Journal articles,,,Mackenzie G,1,,,,,,UNSW staff profile,,,,,
Gordon Mackenzie,https://www.unsw.edu.au/staff/gordon-mackenzie,UNSW Sydney,Accounting,Observations from the front of the room: what are these SMSF things anyway?,Australian Superannuation Law Bulletin,2014,Journal articles,,,Mackenzie G,1,26,,,,,UNSW staff profile,,,,,
Gordon Mackenzie,https://www.unsw.edu.au/staff/gordon-mackenzie,UNSW Sydney,Accounting,SMSFs and residency requirements,Australian Superannuation Law Bulletin,2014,Journal articles,,,Mackenzie G,1,26,,,,,UNSW staff profile,,,,,
Gordon Mackenzie,https://www.unsw.edu.au/staff/gordon-mackenzie,UNSW Sydney,Accounting,Tax and financial planning process,Cufflinks,2014,Journal articles,,https://cuffelinks.com.au/tax-fit-within-financial-planning-process/,Mackenzie G,1,,,,,,UNSW staff profile,,,,,
Gordon Mackenzie,https://www.unsw.edu.au/staff/gordon-mackenzie,UNSW Sydney,Accounting,"Update on super changes, the levy and contribution caps",Cuffelinks.com.au,2014,Journal articles,,http://cuffelinks.com.au/update-super-changes-levy-contribution-caps/,Mackenzie G,1,,,,,,UNSW staff profile,,,,,
Gordon Mackenzie,https://www.unsw.edu.au/staff/gordon-mackenzie,UNSW Sydney,Accounting,Optimal Rules for Defined Contribition Plans: What can we learn from the U.S. and Australian Pension Systems?,The Tax Lawyer,2013,Journal articles,,http://jay.law.ou.edu/faculty/jforman/Articles/2013FormanMackenzieTaxLawyer.pdf,Mackenzie G; Forman J,2,66,,,,,UNSW staff profile,,,,,
Gordon Mackenzie,https://www.unsw.edu.au/staff/gordon-mackenzie,UNSW Sydney,Accounting,Taxation of Superannuation: 2012 in review,Australian Superannuation Law Bulletin,2013,Journal articles,,,Mackenzie G,1,24,pp. 122 - 123,,,,UNSW staff profile,,,,,
Gordon Mackenzie,https://www.unsw.edu.au/staff/gordon-mackenzie,UNSW Sydney,Accounting,Not so sure that is the way that Part 8 works,Australian Superannuation Law Bulletin,2013,Journal articles,,,McKenzie G,1,24,pp. 158 - 160,,,,UNSW staff profile,,,,,
Gordon Mackenzie,https://www.unsw.edu.au/staff/gordon-mackenzie,UNSW Sydney,Accounting,Want to know how to run a pension fund? Ask the ATO,Australian Superannuation Law Bulletin,2013,Journal articles,,,McKenzie G,1,25,pp. 48 - 50,,,,UNSW staff profile,,,,,
Gordon Mackenzie,https://www.unsw.edu.au/staff/gordon-mackenzie,UNSW Sydney,Accounting,Recent tax changes,Australian Superannuation Law Bulletin,2012,Journal articles,,,Mackenzie G,1,23,pp. 184 - 186,,,,UNSW staff profile,,,,,
Gordon Mackenzie,https://www.unsw.edu.au/staff/gordon-mackenzie,UNSW Sydney,Accounting,Risk as a Measure in Taxing Financial Arrangements,Australian Tax Forum Journal,2011,Journal articles,,http://www.taxinstitute.com.au/australian-tax-forum/risk-as-a-measure-in-taxing-financial-arrangements,Mackenzie G; Tran A,2,26,pp. 665 - 692,,,,UNSW staff profile,,,,,
Gordon Mackenzie,https://www.unsw.edu.au/staff/gordon-mackenzie,UNSW Sydney,Accounting,Contribution deductions: some unintended consequences,Australian Superannuation Law Bulletin,2011,Journal articles,,,Mackenzie G,1,21,,,,,UNSW staff profile,,,,,
Gordon Mackenzie,https://www.unsw.edu.au/staff/gordon-mackenzie,UNSW Sydney,Accounting,Investigating the pension rules,Australian Superannuation Law Bulletin,2011,Journal articles,,,Mackenzie G,1,22,pp. 81 - 82,,,,UNSW staff profile,,,,,
Gordon Mackenzie,https://www.unsw.edu.au/staff/gordon-mackenzie,UNSW Sydney,Accounting,LRBA-members forgiving loans to their SMSF,Australian Superannuation Law Bulletin,2011,Journal articles,,,Mackenzie G,1,23,pp. 90 - 91,,,,UNSW staff profile,,,,,
Gordon Mackenzie,https://www.unsw.edu.au/staff/gordon-mackenzie,UNSW Sydney,Accounting,Tax Distortions and Retail Investors,JASSA - Journal of the Securities Institute of Australia,2011,Journal articles,,http://search.informit.com.au/documentSummary;dn=423088487593699;res=IELAPA,Mackenzie G,1,2011,pp. 38 - 42,,,,UNSW staff profile,,,,,
Gordon Mackenzie,https://www.unsw.edu.au/staff/gordon-mackenzie,UNSW Sydney,Accounting,New Zealand retirement saving and taxation: Lessons from Australia,Australian Tax Forum Journal,2010,Journal articles,,http://www.taxinstitute.com.au/australian-tax-forum/new-zealand-retirement-saving-and-taxation-lessons-from-australia,Mackenzie G; Marriott L,2,25,pp. 3 - 27,,,,UNSW staff profile,,,,,
Gordon Mackenzie,https://www.unsw.edu.au/staff/gordon-mackenzie,UNSW Sydney,Accounting,Contribution deductions: Some unintended consequences,Australian Superannuation Law Bulletin,2010,Journal articles,,,Mackenzie G,1,21,pp. 154 - 154,,,,UNSW staff profile,,,,,
Gordon Mackenzie,https://www.unsw.edu.au/staff/gordon-mackenzie,UNSW Sydney,Accounting,Infrastructure taxation: Anti-avoidance and tax efficiency,The Tax Specialist,2010,Journal articles,,,Mackenzie G,1,13,pp. 139 - 148,,,,UNSW staff profile,,,,,
Gordon Mackenzie,https://www.unsw.edu.au/staff/gordon-mackenzie,UNSW Sydney,Accounting,Running a business in a superannuation fund,Australian Superannuation Law Bulletin,2010,Journal articles,,,Mackenzie G,1,21,pp. 106 - 110,,,,UNSW staff profile,,,,,
Gordon Mackenzie,https://www.unsw.edu.au/staff/gordon-mackenzie,UNSW Sydney,Accounting,"Now just add back the sacrificed salary: Changes to the income test for the 10% rule, co-contributions and spouse tax offset",Superannuation Law Bulletin,2009,Journal articles,,,Mackenzie G,1,21,,,,,UNSW staff profile,,,,,
Gordon Mackenzie,https://www.unsw.edu.au/staff/gordon-mackenzie,UNSW Sydney,Accounting,Public private partnerships: tax depreciation and deductions for infrastructure projects,Australian Tax Forum Journal,2009,Journal articles,,,Mackenzie G,1,24,pp. 651 - 666,,,,UNSW staff profile,,,,,
Gordon Mackenzie,https://www.unsw.edu.au/staff/gordon-mackenzie,UNSW Sydney,Accounting,Valuing unrealised gains in mutual funds,Private Wealth Management,2009,Journal articles,10.2469/pwmn.v2009.n1.19?src=recsys,http://www.cfapubs.org/doi/full/10.2469/pwmn.v2009.n1.19?src=recsys,Mackenzie G,1,2,,,,,UNSW staff profile,,,,,
Gordon Mackenzie,https://www.unsw.edu.au/staff/gordon-mackenzie,UNSW Sydney,Accounting,Finance Lease Taxation: Surviving the TOFA Tsunami,Australian Tax Forum Journal,2008,Journal articles,,http://search.informit.com.au/documentSummary;dn=200909676;res=IELAPA,Mackenzie G; Hart G,2,23,pp. 165 - 189,,,,UNSW staff profile,,,,,
Gordon Mackenzie,https://www.unsw.edu.au/staff/gordon-mackenzie,UNSW Sydney,Accounting,Contributing to the understanding of contributions,Superannuation Law Bulletin,2008,Journal articles,,,Mackenzie G,1,19,,,,,UNSW staff profile,,,,,
Gordon Mackenzie,https://www.unsw.edu.au/staff/gordon-mackenzie,UNSW Sydney,Accounting,Contribution Strategies: Checklist for Planners,Financial Planning,2008,Journal articles,,,Mackenzie G,1,20,pp. 36 - 39,,,,UNSW staff profile,,,,,
Gordon Mackenzie,https://www.unsw.edu.au/staff/gordon-mackenzie,UNSW Sydney,Accounting,Infrastructure Taxation,Tax Policy Journal,2008,Journal articles,,,Mackenzie G,1,4,pp. 20 - 26,,,,UNSW staff profile,,,,,
Gordon Mackenzie,https://www.unsw.edu.au/staff/gordon-mackenzie,UNSW Sydney,Accounting,"Opinion: `What is after-tax reporting, and how can it be improved`",Financial Planning,2008,Journal articles,,,Mackenzie G,1,20,pp. 24 - 24,,,,UNSW staff profile,,,,,
Gordon Mackenzie,https://www.unsw.edu.au/staff/gordon-mackenzie,UNSW Sydney,Accounting,Finance Lease Taxation: Giving Tax Losses to Lenders,Journal of Law and Financial Management,2007,Journal articles,,,Mackenzie G; Hart G,2,6,pp. 30 - 35,,,,UNSW staff profile,,,,,
Gordon Mackenzie,https://www.unsw.edu.au/staff/gordon-mackenzie,UNSW Sydney,Accounting,Benefit Taxation: A Walk Through the Proposed Legislation,Financial Planning,2007,Journal articles,,https://www.highbeam.com/doc/1G1-161137350.html,Mackenzie G,1,19,pp. 36 - 39,,,,UNSW staff profile,,,,,
Gordon Mackenzie,https://www.unsw.edu.au/staff/gordon-mackenzie,UNSW Sydney,Accounting,Generation Y Fights Back,Atax Matters,2007,Journal articles,,,Mackenzie G,1,6,pp. 8 - 9,,,,UNSW staff profile,,,,,
Gordon Mackenzie,https://www.unsw.edu.au/staff/gordon-mackenzie,UNSW Sydney,Accounting,"Super Solutions: Superannuation Taxation: All Good, Just Two Risks Left Exposed",Australian Superannuation Law Bulletin,2007,Journal articles,,,Mackenzie G,1,18,pp. 67 - 68,,,,UNSW staff profile,,,,,
Gordon Mackenzie,https://www.unsw.edu.au/staff/gordon-mackenzie,UNSW Sydney,Accounting,"Superannuation Taxation: Less Equitable, Less Functional",Dialogue,2007,Journal articles,,https://ssrn.com/abstract=1392590,Mackenzie G,1,26,pp. 33 - 41,,,,UNSW staff profile,,,,,
Gordon Mackenzie,https://www.unsw.edu.au/staff/gordon-mackenzie,UNSW Sydney,Accounting,Taxation of Infrastructure,Journal of Law and Financial Management,2007,Journal articles,,http://www.austlii.edu.au/au/journals/JlLawFinMgmt/2007/8.html,Mackenzie G,1,6,pp. 22 - 31,,,,UNSW staff profile,,,,,
Gordon Mackenzie,https://www.unsw.edu.au/staff/gordon-mackenzie,UNSW Sydney,Accounting,A critical analysis of the proposed changes to superannuation taxation,Australian Tax Forum Journal,2006,Journal articles,,https://www.taxinstitute.com.au/go/australian-tax-forum/a-critical-analysis-of-the-proposed-changes-to-superannuation-taxation,Mackenzie G,1,21,pp. 649 - 670,,,,UNSW staff profile,,,,,
Gordon Mackenzie,https://www.unsw.edu.au/staff/gordon-mackenzie,UNSW Sydney,Accounting,Hidden tax Advantages of Collective Investment Vehicles,Australian Superannuation Law Bulletin,2006,Journal articles,,,Mackenzie G,1,18,pp. 31 - 33,,,,UNSW staff profile,,,,,
Gordon Mackenzie,https://www.unsw.edu.au/staff/gordon-mackenzie,UNSW Sydney,Accounting,I can`t explain it. It just isn`t fair! Retirement funding taxation: inequity and inefficiency between employees and the small business owner,Australian Tax Forum Journal,2006,Journal articles,,http://search.informit.com.au/documentSummary;dn=200909519;res=IELAPA,Mackenzie G,1,21,pp. 515 - 546,,,,UNSW staff profile,,,,,
Gordon Mackenzie,https://www.unsw.edu.au/staff/gordon-mackenzie,UNSW Sydney,Accounting,Managing the Tax Advantages of Collective Investment Vehicles,JASSA - Journal of the Securities Institute of Australia,2006,Journal articles,,http://search.informit.com.au/documentSummary;dn=200701806;res=IELAPA,Mackenzie G,1,4,pp. 14 - 17,,,,UNSW staff profile,,,,,
Gordon Mackenzie,https://www.unsw.edu.au/staff/gordon-mackenzie,UNSW Sydney,Accounting,Mardi Gras Superannuation,Australian Superannuation Law Bulletin,2006,Journal articles,,,Mackenzie G,1,17,pp. 133 - 134,,,,UNSW staff profile,,,,,
Gordon Mackenzie,https://www.unsw.edu.au/staff/gordon-mackenzie,UNSW Sydney,Accounting,Taxation as a Driver for Designing Hybrid Securities,The Journal of Applied Research in Accounting and Finance,2006,Journal articles,,https://papers.ssrn.com/sol3/papers.cfm?abstract_id=943324,Mackenzie G,1,1,pp. 31 - 42,,,,UNSW staff profile,,,,,
Gordon Mackenzie,https://www.unsw.edu.au/staff/gordon-mackenzie,UNSW Sydney,Accounting,Vale the tech services director? Not just yet,Australian Superannuation Law Bulletin,2006,Journal articles,,,Mackenzie G,1,17,pp. 145 - 147,,,,UNSW staff profile,,,,,
Gordon Mackenzie,https://www.unsw.edu.au/staff/gordon-mackenzie,UNSW Sydney,Accounting,Channelling salary through a superannuation fund: have the new rules unleashed a monster?,Australian Superannuation Law Bulletin,2005,Journal articles,,,Mackenzie G,1,17,pp. 17 - 19,,,,UNSW staff profile,,,,,
Gordon Mackenzie,https://www.unsw.edu.au/staff/gordon-mackenzie,UNSW Sydney,Accounting,Effect of the debt/equity rules on the hybrid capital market,Finsia,2005,Journal articles,,,Mackenzie G,1,119,pp. 34 - 38,,,,UNSW staff profile,,,,,
Gordon Mackenzie,https://www.unsw.edu.au/staff/gordon-mackenzie,UNSW Sydney,Accounting,Impact of the new debt/equity rules on the hybrid capital market: an empirical study,Internet Law Bulletin,2005,Journal articles,,,Mackenzie G,1,20,pp. 116 - 119,,,,UNSW staff profile,,,,,
Gordon Mackenzie,https://www.unsw.edu.au/staff/gordon-mackenzie,UNSW Sydney,Accounting,Letter from Australia,Tha Tax Journal,2005,Journal articles,,,Mackenzie G,1,776,pp. 15 - 17,,,,UNSW staff profile,,,,,
Gordon Mackenzie,https://www.unsw.edu.au/staff/gordon-mackenzie,UNSW Sydney,Accounting,Treasury`s review of pensions in small superannuation funds,Australian Superannuation Law Bulletin,2005,Journal articles,,,Mackenzie G,1,16,pp. 106 - 109,,,,UNSW staff profile,,,,,
Gordon Mackenzie,https://www.unsw.edu.au/staff/gordon-mackenzie,UNSW Sydney,Accounting,2004 federal budget superannuation initiatives,Australian Superannuation Law Bulletin,2004,Journal articles,,https://www.taxinstitute.com.au/5019265E-D565-5B5B-EB1239BA2152AC07,Mackenzie G,1,15,pp. 148 - 148,,,,UNSW staff profile,,,,,
Gordon Mackenzie,https://www.unsw.edu.au/staff/gordon-mackenzie,UNSW Sydney,Accounting,Employee v self employed retirement funding,Australian Superannuation Law Bulletin,2004,Journal articles,,,Mackenzie G,1,26,,,,,UNSW staff profile,,,,,
Gordon Mackenzie,https://www.unsw.edu.au/staff/gordon-mackenzie,UNSW Sydney,Accounting,Impact of the new debt/equity rules on the hybrid capital market,Australian banking and finance law bulletin,2004,Journal articles,,,Mackenzie G,1,20,,,,,UNSW staff profile,,,,,
Gordon Mackenzie,https://www.unsw.edu.au/staff/gordon-mackenzie,UNSW Sydney,Accounting,MLIS and other Pension changes,Australian Superannuation Law Bulletin,2004,Journal articles,,http://www.taxinstitute.com.au/501C00B8-D565-5B5B-EDF0D038762BA323,Mackenzie G,1,16,pp. 57 - 58,,,,UNSW staff profile,,,,,
Gordon Mackenzie,https://www.unsw.edu.au/staff/gordon-mackenzie,UNSW Sydney,Accounting,New Surcharge Rates,Australian Superannuation Law Bulletin,2004,Journal articles,,,Mackenzie G,1,,,,,,UNSW staff profile,,,,,
Gordon Mackenzie,https://www.unsw.edu.au/staff/gordon-mackenzie,UNSW Sydney,Accounting,Taxing Retirement funding of the self employed,Australian Superannuation Law Bulletin,2004,Journal articles,,https://www.taxinstitute.com.au/501AB251-D565-5B5B-E79D974D6288DD28,Mackenzie G,1,16,pp. 10 - 13,,,,UNSW staff profile,,,,,
Gordon Mackenzie,https://www.unsw.edu.au/staff/gordon-mackenzie,UNSW Sydney,Accounting,Taxing retirement funding employee v self employed,Australian Superannuation Law Bulletin,2004,Journal articles,,https://www.taxinstitute.com.au/5017ADFD-D565-5B5B-E8EAA1FB3184069A,Mackenzie G,1,15,pp. 117 - 118,,,,UNSW staff profile,,,,,
Gordon Mackenzie,https://www.unsw.edu.au/staff/gordon-mackenzie,UNSW Sydney,Accounting,Taxing retirement funding of the employed,Australian Superannuation Law Bulletin,2004,Journal articles,,,Mackenzie G,1,,,,,,UNSW staff profile,,,,,
Gordon Mackenzie,https://www.unsw.edu.au/staff/gordon-mackenzie,UNSW Sydney,Accounting,Treasury releases discussion paper; transiting to retirement,Australian Superannuation Law Bulletin,2004,Journal articles,,,Mackenzie G,1,,,,,,UNSW staff profile,,,,,
Fiona Martin,https://www.unsw.edu.au/staff/fiona-martin,UNSW Sydney,Accounting,Insights into Australians’ Perceptions of Over-Taxation,"Australian Tax Forum: a journal of taxation policy, law and reform",2026,Journal articles,,,Allen C; Martin F,2,,,,,,UNSW staff profile,,,,,
Fiona Martin,https://www.unsw.edu.au/staff/fiona-martin,UNSW Sydney,Accounting,Bioprospecting and Decolonisation of Ex-Situ for Indigenous Data Sovereignty in Australia,International Journal of Cultural Property,2026,Journal articles,,,Collings N; Stoianoff N; Martin F,3,33,,,,,UNSW staff profile,,,,,
Fiona Martin,https://www.unsw.edu.au/staff/fiona-martin,UNSW Sydney,Accounting,The income tax exemption for sporting associations,eJournal of Tax Research,2026,Journal articles,,,Martin F,1,2026,,,,,UNSW staff profile,,,,,
Fiona Martin,https://www.unsw.edu.au/staff/fiona-martin,UNSW Sydney,Accounting,Fair Access or Mirage? A Biodiscovery Case Study at Uluru for Indigenous Benefit-sharing,Cosmopolitan Civil Societies,2025,Journal articles,,,Collings N; Martin F; Stoianoff N,3,17,pp. 1 - 17,,,,UNSW staff profile,,,,,
Fiona Martin,https://www.unsw.edu.au/staff/fiona-martin,UNSW Sydney,Accounting,Reflections on the History of the Australasian Tax Teachers Association since 2013,Journal of the Australasian Tax Teachers Association,2025,Journal articles,,,Martin F,1,20,pp. 36 - 57,,,,UNSW staff profile,,,,,
Fiona Martin,https://www.unsw.edu.au/staff/fiona-martin,UNSW Sydney,Accounting,(In preparation) International business students studying taxation and law subjects: Can technology be used to develop a deeper approach?,The Law Teacher (R&R),2022,Journal articles,,,Martin F; Manwaring K,2,,,,,,UNSW staff profile,,,,,
Fiona Martin,https://www.unsw.edu.au/staff/fiona-martin,UNSW Sydney,Accounting,Pro Bono Tax Clinics: An international comparison and framework for evidence-based evaluation,Australian Tax Review,2020,Journal articles,,https://www.westlaw.com.au/maf/wlau/app/blob?blobguid=I9a8f8d87f1c211ea99dafba9e329f6c2&file=LAWREP-049-ATREV-JL-0110.pdf,Kayis-Kumar A; Noone J; Martin F; Walpole M,4,49,pp. 110 - 132,,,,UNSW staff profile,,,,,
Fiona Martin,https://www.unsw.edu.au/staff/fiona-martin,UNSW Sydney,Accounting,"Henry Austen, Banker and Receiver-General of Taxes for Oxfordshire",Sensibilities,2020,Journal articles,,,Martin F,1,60,pp. 51 - 68,,,,UNSW staff profile,,,,,
Fiona Martin,https://www.unsw.edu.au/staff/fiona-martin,UNSW Sydney,Accounting,Henry Austen: Banker and tax collector,Sensibilities,2020,Journal articles,,,Martin F,1,2020,pp. 1 - 15,,,,UNSW staff profile,,,,,
Fiona Martin,https://www.unsw.edu.au/staff/fiona-martin,UNSW Sydney,Accounting,"The Case for Specific Exemptions from the Goods and Services Tax: What should we do about Food, Health and Housing?",eJournal of Tax Research,2020,Journal articles,,https://www.business.unsw.edu.au/research-site/publications-site/ejournaloftaxresearch-site/Documents/The-case-for-specific-exemptions-from-the-goods-and-services-tax-what-should-we-do-about-food-health-and-housing.pdf,Martin F,1,18,pp. 99 - 123,,,,UNSW staff profile,,,,,
Fiona Martin,https://www.unsw.edu.au/staff/fiona-martin,UNSW Sydney,Accounting,User needs and the building blocks of regulation: Using participatory design to prototype social enterprise legal structures in Australia,Public Policy and Administration,2020,Journal articles,10.1177/0952076720911692,http://dx.doi.org/10.1177/0952076720911692,Moran M; Seibert K; Barnes C; Martin F,4,2020,pp. 1 - 25,,,0.7360164,UNSW staff profile,False,5,0.5275,0952-0767,W3018565866
Fiona Martin,https://www.unsw.edu.au/staff/fiona-martin,UNSW Sydney,Accounting,Saving the Planet by Cutting Corporate Taxes: A Comparative Case Study Analysis,The Florida Tax Review,2019,Journal articles,10.5744/ftr.2020.1004,http://dx.doi.org/10.5744/ftr.2020.1004,Mann R; Martin F; Butcher B,3,2019,pp. 238 - 310,,,0.71750593,UNSW staff profile,False,2,0.6204,1066-3487,W3012346291
Fiona Martin,https://www.unsw.edu.au/staff/fiona-martin,UNSW Sydney,Accounting,An international approach to establishing a competent authority to manage and protect traditional knowledge,Alternative Law Journal,2019,Journal articles,10.1177/1037969X18815254,http://dx.doi.org/10.1177/1037969X18815254,Martin F; Cahill A; Wright E; Stoianoff N,4,44,pp. 48 - 55,,,0.90305087,UNSW staff profile,True,4,1.7609,1037-969X,W2906567325
Fiona Martin,https://www.unsw.edu.au/staff/fiona-martin,UNSW Sydney,Accounting,"Collection and Administration of Taxes during the reign of King George III: The example of Jane Austen’s Brother, Henry, Receiver-General of Taxes for Oxfordshire 1813-1816",British Tax Review,2019,Journal articles,,https://uk.westlaw.com/Document/I16CFC6F020B011EA8D04F28D19FF4F9D/View/FullText.html?navigationPath=Search/v1/results/navigation/i0ad6ad3a0000016ff43ee37007e2fc49%3FNav%3DUK-JOURNALS-PUBLICATION%26fragmentIdentifier%3DI16CFC6F020B011EA8D04F28D19FF4F9D%26parentRank%3D0%26startIndex%3D1%26contextData%3D%2528sc.Default%2529%26transitionType%3DSearchItem&listSource=Search&listPageSource=c1163aa0072c8ef8dcb1f8310dae975c&list=UK-JOURNALS-PUBLICATION&rank=6&sessionScopeId=73ade8eb639544ea4eaf6762ead0d603528432e89d563cb448849ce33aaaa276&originationContext=Search%20Result&transitionType=SearchItem&contextData=%28sc.Default%29&comp=wluk,Martin F,1,2019,pp. 651 - 670,,,,UNSW staff profile,,,,,
Fiona Martin,https://www.unsw.edu.au/staff/fiona-martin,UNSW Sydney,Accounting,GST exemptions,E-Journal of Tax Research,2019,Journal articles,,,Martin F,1,,,,,,UNSW staff profile,,,,,
Fiona Martin,https://www.unsw.edu.au/staff/fiona-martin,UNSW Sydney,Accounting,Selling University Admission is hardly charitable,Business Think,2019,Journal articles,,,Martin F,1,,,,,,UNSW staff profile,,,,,
Fiona Martin,https://www.unsw.edu.au/staff/fiona-martin,UNSW Sydney,Accounting,The History of collection of Taxes during the Regency Period,British Tax Review,2019,Journal articles,,,Martin F,1,,,,,,UNSW staff profile,,,,,
Fiona Martin,https://www.unsw.edu.au/staff/fiona-martin,UNSW Sydney,Accounting,Unincorporated Associations: Legal and Tax Consequences,Taxation in Australia,2019,Journal articles,,https://search.informit.com.au/documentSummary;dn=280450555223755;res=IELAPA,Martin F,1,53,pp. 420 - 423,,,,UNSW staff profile,,,,,
Fiona Martin,https://www.unsw.edu.au/staff/fiona-martin,UNSW Sydney,Accounting,User needs and the building blocks of regulation: Using participatory design to prototype social enterprise legal structures in Australia,Australian Journal of Public Administration,2019,Journal articles,,,Moran M; Seibert K; Barnes C; Martin F,4,,,,,,UNSW staff profile,,,,,
Fiona Martin,https://www.unsw.edu.au/staff/fiona-martin,UNSW Sydney,Accounting,Social Entrepreneurs: An Evaluation of the Pty Ltd Company from a Corporation's Law and Taxation Law Perspective,Australian Law Journal and Reports,2019,Journal articles,,https://www.westlaw.com.au/maf/wlau/app/document?docguid=Iedbee50f2b6611e989f6e235e4e6e731&isTocNav=true&tocDs=AUNZ_AU_JOURNALS_TOC&startChunk=1&endChunk=1,Nehme M; Martin F,2,93,pp. 126 - 144,,,,UNSW staff profile,,,,,
Fiona Martin,https://www.unsw.edu.au/staff/fiona-martin,UNSW Sydney,Accounting,Social Entrepreneurs: An evaluation of the proprietary limited company from a corporation's law and taxation law perspective,Australian Law Journal and Reports,2019,Journal articles,,http://sites.thomsonreuters.com.au/journals/2019/02/14/australian-law-journal-update-vol-93-pt-2/,Nehme M; Martin F,2,93,pp. 126 - 144,,,,UNSW staff profile,,,,,
Fiona Martin,https://www.unsw.edu.au/staff/fiona-martin,UNSW Sydney,Accounting,Crowdfunding: What are the tax issues?,Journal of Australian Taxation,2018,Journal articles,,http://www.jausttax.com.au/Articles_Free/JAT%20Volume%2020%20Issue%2002%20Article%202%20-%20Martin%20and%20O'Connell.pdf,Martin F; O'Connell A,2,20,pp. 16 - 33,,,,UNSW staff profile,,,,,
Fiona Martin,https://www.unsw.edu.au/staff/fiona-martin,UNSW Sydney,Accounting,Riding the Wave of Law Reform: Advocacy as a Charitable Purpose under Australian Law,Charity Law & Practice Review,2018,Journal articles,,,Martin F,1,20,pp. 37 - 64,,,,UNSW staff profile,,,,,
Fiona Martin,https://www.unsw.edu.au/staff/fiona-martin,UNSW Sydney,Accounting,The Income Tax Exemption of Charities and Tax Deductibility of Charitable Donations: United States of America and Australia compared,"Australian Tax Forum: a journal of taxation policy, law and reform",2018,Journal articles,,,Martin FA; Todd T,2,2018,pp. 667 - 699,,,,UNSW staff profile,,,,,
Fiona Martin,https://www.unsw.edu.au/staff/fiona-martin,UNSW Sydney,Accounting,Tax deductibility of philanthropic donations: reform of specific listing provisions in Australia,"Australian Tax Forum: a journal of taxation policy, law and reform",2018,Journal articles,,https://search.informit.com.au/documentSummary;dn=941479529304131;res=IELBUS,Martin FA,1,33,pp. 533 - 550,,,,UNSW staff profile,,,,,
Fiona Martin,https://www.unsw.edu.au/staff/fiona-martin,UNSW Sydney,Accounting,Using Blended Learning to Aid Law and Business Students' Understanding of Taxation Law Problems,Journal of the Australasian Tax Teachers Association,2017,Journal articles,,https://www.business.unsw.edu.au/About-Site/Schools-Site/Taxation-Business-Law-Site/jattavolumes/3-martin-and-connor-using-blended-learning.pdf,Martin FA; Connor M,2,12,pp. 53 - 76,,,,UNSW staff profile,,,,,
Fiona Martin,https://www.unsw.edu.au/staff/fiona-martin,UNSW Sydney,Accounting,The Rise and Fall (?) of two Charities Commissions: How common law countries can learn from the experiences in New Zealand and Australia,New Zealand Universities Law Review,2017,Journal articles,,,Martin FA; Nehme M; Baker S; Seymour E,4,27,pp. 1185 - 1214,,,,UNSW staff profile,,,,,
Fiona Martin,https://www.unsw.edu.au/staff/fiona-martin,UNSW Sydney,Accounting,Compensation for Extinguishment of Native Title: Griffiths v The Northern Territory represents a major step forward for native title holders,Indigenous Law Bulletin,2017,Journal articles,,,Martin FA,1,8,pp. 8 - 11,,,,UNSW staff profile,,,,,
Fiona Martin,https://www.unsw.edu.au/staff/fiona-martin,UNSW Sydney,Accounting,The Sociopolitical and Legal History of the Tax Deduction for Donations to Charities in Australia and how the ‘Public Benevolent Institution’ developed,Adelaide Law Review,2017,Journal articles,,,Martin FA,1,38,pp. 195 - 221,,,,UNSW staff profile,,,,,
Fiona Martin,https://www.unsw.edu.au/staff/fiona-martin,UNSW Sydney,Accounting,Tax Compliance of Ethnic Minority Immigrant Entrepreneurs: A Social Capital Perspective,eJournal of Tax Research,2017,Journal articles,,,Yong S; Martin FA,2,15,pp. 51 - 76,,,,UNSW staff profile,,,,,
Fiona Martin,https://www.unsw.edu.au/staff/fiona-martin,UNSW Sydney,Accounting,"Charities, Tax and Wrongdoing – A Principled Approach",Australian Tax Review,2016,Journal articles,,http://www.westlaw.com.au/maf/wlau/app/document?docguid=I81bc1e90021f11e69e0fd18d932f6e2c&isTocNav=true&tocDs=AUNZ_AU_JOURNALS_TOC&startChunk=1&endChunk=1,Martin FA; O'Connell A,2,45,pp. 99 - 107,,,,UNSW staff profile,,,,,
Fiona Martin,https://www.unsw.edu.au/staff/fiona-martin,UNSW Sydney,Accounting,Tax Compliance and Cultural Values: The Impact of ‘Individualism and Collectivism’ on the Behaviour of New Zealand Small Business Owners,"Australian Tax Forum: a journal of taxation policy, law and reform",2016,Journal articles,,http://search.informit.com.au/documentSummary;dn=167676552578139;res=IELBUS,Martin FA; Yong S,2,31,pp. 289 - 320,,,,UNSW staff profile,,,,,
Fiona Martin,https://www.unsw.edu.au/staff/fiona-martin,UNSW Sydney,Accounting,"Public Benevolent Institutions, Tax Concessions and Political Advocacy in Australia",Charity Law & Practice Review,2016,Journal articles,,,Martin FA,1,18,pp. 159 - 185,,,,UNSW staff profile,,,,,
Fiona Martin,https://www.unsw.edu.au/staff/fiona-martin,UNSW Sydney,Accounting,Settlement or Declaration of Trust for CGT Event E1 and Native Title,Tax Specialist,2016,Journal articles,,,Martin FA,1,19,pp. 152 - 156,,,,UNSW staff profile,,,,,
Fiona Martin,https://www.unsw.edu.au/staff/fiona-martin,UNSW Sydney,Accounting,"To be, or not to be, a charity?  That is the question for Prescribed Bodies Corporate under the Native Title Act",Deakin Law Review,2016,Journal articles,,http://search.informit.com.au/documentSummary;dn=391067244992698;res=IELHSS,Martin FA,1,21,pp. 25 - 43,,,,UNSW staff profile,,,,,
Fiona Martin,https://www.unsw.edu.au/staff/fiona-martin,UNSW Sydney,Accounting,Online feedback to Students studying Taxation and Business Law - How does it rate?,Journal of the Australasian Tax Teachers Association,2015,Journal articles,,https://ssrn.com/abstract=2711563,Martin FA; Manwaring K,2,10,,,,,UNSW staff profile,,,,,
Fiona Martin,https://www.unsw.edu.au/staff/fiona-martin,UNSW Sydney,Accounting,The Blossoming of Public Benevolent Institutions: From ‘Direct Providers’ to Global Networks,Alternative Law Journal,2015,Journal articles,,http://search.informit.com.au/documentSummary;dn=035145914208696;res=IELAPA,Martin FA; Murray I,2,40,pp. 36 - 41,,,,UNSW staff profile,,,,,
Fiona Martin,https://www.unsw.edu.au/staff/fiona-martin,UNSW Sydney,Accounting,Has the Charities Act 2013 changed the common law concept of charitable public benefit and if so how?,Australian Tax Forum,2015,Journal articles,,http://search.informit.com.au/fullText;dn=106584726012635;res=IELAPA,Martin FA,1,30,pp. 65 - 87,,,,UNSW staff profile,,,,,
Fiona Martin,https://www.unsw.edu.au/staff/fiona-martin,UNSW Sydney,Accounting,Overseas Travel by employees: When does FBT apply?,Taxation in Australia,2015,Journal articles,,http://search.informit.com.au/documentSummary;dn=943005858546448;res=IELAPA,Martin FA,1,49,pp. 382 - 384,,,,UNSW staff profile,,,,,
Fiona Martin,https://www.unsw.edu.au/staff/fiona-martin,UNSW Sydney,Accounting,The application of the Australian Goods and Services Tax to Real Property in Australia,Comparative Law Journal of the Pacific,2015,Journal articles,,,Martin FA,1,2015,pp. 179 - 193,,,,UNSW staff profile,,,,,
Fiona Martin,https://www.unsw.edu.au/staff/fiona-martin,UNSW Sydney,Accounting,Recent Developments in Australian Charity Law: One step forward and two steps backward?,Charity Law & Practice Review,2014,Journal articles,,https://ssrn.com/abstract=2844754,Martin FA,1,17,pp. 23 - 45,,,,UNSW staff profile,,,,,
Fiona Martin,https://www.unsw.edu.au/staff/fiona-martin,UNSW Sydney,Accounting,The 'Direct' Requirement for a Public Benevolent Institution - Does the Hunger Project Case confirm it never applied?,Journal of Australian Taxation,2013,Journal articles,,http://search.informit.com.au/documentSummary;dn=769626060988897;res=IELAPA,Martin FA; Murray I,2,15,pp. 161 - 183,,,,UNSW staff profile,,,,,
Fiona Martin,https://www.unsw.edu.au/staff/fiona-martin,UNSW Sydney,Accounting,"Law, policy and politics in Australia's recent not-for-profit sector reforms",Australian Tax Forum Journal,2013,Journal articles,,http://www.taxinstitute.com.au/publications/australian-tax-forum,Martin FA; O'Connell A; Chia J,3,28,pp. 289 - 314,,,,UNSW staff profile,,,,,
Fiona Martin,https://www.unsw.edu.au/staff/fiona-martin,UNSW Sydney,Accounting,"Charities: Commercial Activity, Competitive Neutrality and Tax",The Tax Specialist,2013,Journal articles,,http://search.informit.com.au/documentSummary;dn=841486170540785;res=IELBUS,Martin FA; O'Connell A,2,16,pp. 98 - 103,,,,UNSW staff profile,,,,,
Fiona Martin,https://www.unsw.edu.au/staff/fiona-martin,UNSW Sydney,Accounting,A history of the Australasian Tax Teachers Association,Journal of the Australasian Tax Teachers Association,2013,Journal articles,,http://search.informit.com.au/documentSummary;dn=240114284239031;res=IELBUS,Martin FA,1,8,pp. 31 - 55,,,,UNSW staff profile,,,,,
Fiona Martin,https://www.unsw.edu.au/staff/fiona-martin,UNSW Sydney,Accounting,Aboriginal and Torres Strait Islander Peoples' use of charities as a structure to receive mining payments: An evaluation of the rationale through three case studies,Griffith Law Review,2013,Journal articles,,,Martin FA,1,22,pp. 205 - 237,,,,UNSW staff profile,,,,,
Fiona Martin,https://www.unsw.edu.au/staff/fiona-martin,UNSW Sydney,Accounting,Does CGT event C2 apply when a beneficiary's interest in a trust ends?,Taxation in Australia,2013,Journal articles,,http://search.informit.com.au/documentSummary;dn=832113785997910;res=IELAPA,Martin FA,1,48,pp. 318 - 320,,,,UNSW staff profile,,,,,
Fiona Martin,https://www.unsw.edu.au/staff/fiona-martin,UNSW Sydney,Accounting,The Tanami Gold NL Mining Agreement with Tjurabalan: An Example of How a Small Native Title Group Invests its Mining Funds,Indigenous Law Bulletin,2013,Journal articles,,http://search.informit.com.au/documentSummary;dn=490962715697188;res=IELIND,Martin FA,1,8,pp. 22 - 26,,,,UNSW staff profile,,,,,
Fiona Martin,https://www.unsw.edu.au/staff/fiona-martin,UNSW Sydney,Accounting,Some Legal Issues in Austen,Sensibilities,2012,Journal articles,,,Martin FA; Hannah F,2,44,pp. 69 - 81,,,,UNSW staff profile,,,,,
Fiona Martin,https://www.unsw.edu.au/staff/fiona-martin,UNSW Sydney,Accounting,The mining withholding tax under Division 11C of the Income Tax Assessment Act 1936: It may be simple but is it equitable?,Australian Tax Forum Journal,2012,Journal articles,,http://www.taxinstitute.com.au/australian-tax-forum/the-mining-withholding-tax-under-division-11c-of-the-income-tax-assessment-act-1936-it-may-be-simple-but-is-it-equitable,Martin FA; Tran-Nam B,2,27,pp. 149 - 174,,,,UNSW staff profile,,,,,
Fiona Martin,https://www.unsw.edu.au/staff/fiona-martin,UNSW Sydney,Accounting,Advocacy in Charity: A Breakaway from the Common Law,Social Space,2012,Journal articles,,,Martin FA,1,2012,pp. 76 - 81,,,,UNSW staff profile,,,,,
Fiona Martin,https://www.unsw.edu.au/staff/fiona-martin,UNSW Sydney,Accounting,An Indigenous Economic Development Corporation: How does this compare to a Charity?,Indigenous Law Bulletin,2012,Journal articles,,http://www.austlii.edu.au/au/journals/IndigLawB/2012/18.pdf,Martin FA,1,7,pp. 12 - 16,,,,UNSW staff profile,,,,,
Fiona Martin,https://www.unsw.edu.au/staff/fiona-martin,UNSW Sydney,Accounting,The Taxation Exemption of Canadian Indians as Governments and Individuals: How does this compare with Australia and New Zealand?,Common Law World Review,2011,Journal articles,,,Martin FA; Morse B; Hocking B,3,40,pp. 119 - 143,,,,UNSW staff profile,,,,,
Fiona Martin,https://www.unsw.edu.au/staff/fiona-martin,UNSW Sydney,Accounting,Recent Federal Court Decision Highlights the Use of an Income Tax Exempt Structure to Facilitate Face-to Face Banking and other Services in Remote Communities,Indigenous Law Bulletin,2011,Journal articles,,http://www.austlii.edu.au/au/journals/IndigLawB/2011/49.pdf,Martin FA,1,7,pp. 20 - 23,,,,UNSW staff profile,,,,,
Fiona Martin,https://www.unsw.edu.au/staff/fiona-martin,UNSW Sydney,Accounting,The Legal Concept of Charity and its Expansion after the Aid/Watch Decision,Cosmopolitan Civil Societies: An Interdisciplinary Journal,2011,Journal articles,10.5130/ccs.v3i3s.2170,http://dx.doi.org/10.5130/ccs.v3i3s.2170,Martin FA,1,3,pp. 20 - 33,,,0.9273891,UNSW staff profile,True,3,3.707,1837-5391,W2052289082
Fiona Martin,https://www.unsw.edu.au/staff/fiona-martin,UNSW Sydney,Accounting,FOREWORD,JOURNAL OF THE AUSTRALASIAN TAX TEACHERS ASSOCIATION,2010,Journal articles,,https://www.webofscience.com/api/gateway?GWVersion=2&SrcApp=PARTNER_APP&SrcAuth=LinksAMR&KeyUT=WOS%3A000213781200001&DestLinkType=FullRecord&DestApp=ALL_WOS&UsrCustomerID=891bb5ab6ba270e68a29b250adbe88d1,Martin F; Taylor J,2,5,,,,,UNSW staff profile,,,,,
Fiona Martin,https://www.unsw.edu.au/staff/fiona-martin,UNSW Sydney,Accounting,An Analysis of the Exemption from Income Tax of Canadian Indians either as Individuals or Bands,Journal of the Australasian Tax Teachers Association,2010,Journal articles,,http://www.austlii.edu.au/au/journals/JlATaxTA/2010/8.html,Martin FA,1,5,pp. 1 - 9,,,,UNSW staff profile,,,,,
Fiona Martin,https://www.unsw.edu.au/staff/fiona-martin,UNSW Sydney,Accounting,Local Government Rates Exemptions for Indigenous Organisations: The Complexities of a State by State System,Australian Indigenous Law Review,2010,Journal articles,,https://ros.unsw.edu.au/objects.html?as=1&am=false&cid=1,Martin FA,1,14,pp. 35 - 45,,,,UNSW staff profile,,,,,
Fiona Martin,https://www.unsw.edu.au/staff/fiona-martin,UNSW Sydney,Accounting,Native Title Payments and their Tax Consequences: Is the Federal Government’s Recommendation of a Withholding Tax the Best Approach,University of New South Wales Law Journal,2010,Journal articles,,http://www.austlii.edu.au/au/journals/UNSWLawJl/2010/29.html,Martin FA,1,33,pp. 685 - 713,,,,UNSW staff profile,,,,,
Fiona Martin,https://www.unsw.edu.au/staff/fiona-martin,UNSW Sydney,Accounting,Obtaining a Tax Exemption as a Community Service Provider,Weekly Tax Bulletin,2010,Journal articles,,,Martin FA,1,,pp. 1459 - 1461,,,,UNSW staff profile,,,,,
Fiona Martin,https://www.unsw.edu.au/staff/fiona-martin,UNSW Sydney,Accounting,The Henry Review’s recommendations for the Not-For-Profit Sector,The Tax Specialist,2010,Journal articles,,,Martin FA,1,14,pp. 18 - 25,,,,UNSW staff profile,,,,,
Fiona Martin,https://www.unsw.edu.au/staff/fiona-martin,UNSW Sydney,Accounting,"The Legal Concept of Charity in the Context of Australian Taxation Law: The Public Benefit and Commercial Activity, Important Issues for Indigenous Charities",Australian Tax Forum Journal,2010,Journal articles,,http://search.informit.com.au/documentSummary;dn=201100254;res=IELAPA,Martin FA,1,25,pp. 277 - 302,,,,UNSW staff profile,,,,,
Fiona Martin,https://www.unsw.edu.au/staff/fiona-martin,UNSW Sydney,Accounting,Mentoring First Year Distance Education Students in Taxation Studies,Legal Education Review,2009,Journal articles,,http://www.austlii.edu.au/au/journals/LegEdRev/2009/10.html,Martin FA; Collier K; Carlon SA,3,19,pp. 217 - 234,,,,UNSW staff profile,,,,,
Fiona Martin,https://www.unsw.edu.au/staff/fiona-martin,UNSW Sydney,Accounting,Charitable purpose or the need for a public benefit: A comparison of the tax treatment of Australian and New Zealand Charities for Indigenous Peoples,Australian Tax Forum Journal,2009,Journal articles,,https://www.taxinstitute.com.au/australian-tax-forum/charitable-purpose-and-the-need-for-a-public-benefit-a-comparison-of-the-tax-treatment-of-australian-and-new-zealand-charities-for-indigenous-peopl,Martin FA; Sharp A,2,2009,pp. 207 - 233,,,,UNSW staff profile,,,,,
Fiona Martin,https://www.unsw.edu.au/staff/fiona-martin,UNSW Sydney,Accounting,The family connection when a charity is for the advancement of indigenous peoples: Australia and New Zealand Compared,"Land, Rights, Laws: Issues of Native Title",2009,Journal articles,,http://www.austlii.edu.au/au/journals/LRightsLaws/2009/4.html,Martin FA; Sharp A,2,4,pp. 1 - 12,,,,UNSW staff profile,,,,,
Fiona Martin,https://www.unsw.edu.au/staff/fiona-martin,UNSW Sydney,Accounting,Is it time for an independent regulator of the non-profit sector?,The Tax Specialist,2009,Journal articles,,http://www.taxinstitute.com.au/tax-specialist/is-it-time-for-an-independent-regulator-of-the-non-profit-sector-in-australia-,Martin FA,1,12,pp. 149 - 159,,,,UNSW staff profile,,,,,
Fiona Martin,https://www.unsw.edu.au/staff/fiona-martin,UNSW Sydney,Accounting,Australian Assignment of Dividends to Nonresident Shareholders,Tax Notes International,2008,Journal articles,,http://www.taxinstitute.com.au/7A6F0825-B0D8-ACC3-A5E8F2494CFB0996,Martin FA,1,50,pp. 693 - 695,,,,UNSW staff profile,,,,,
Fiona Martin,https://www.unsw.edu.au/staff/fiona-martin,UNSW Sydney,Accounting,Separated Children: A Comparison of the Treatment of Separated Child Refugees Entering Australia and Canada,International Journal of Refugee Law,2007,Journal articles,,,Martin FA; Curran J,2,19,pp. 440 - 470,,,,UNSW staff profile,,,,,
Fiona Martin,https://www.unsw.edu.au/staff/fiona-martin,UNSW Sydney,Accounting,Charities for the Benefit of Employees: Why Trusts for the Benefit of Employees Fail the Public Benefit Test,E - Journal of Tax Research,2007,Journal articles,,http://www.austlii.edu.au/au/journals/eJlTaxR/2007/3.html,Martin FA,1,5,pp. 59 - 70,,,,UNSW staff profile,,,,,
Fiona Martin,https://www.unsw.edu.au/staff/fiona-martin,UNSW Sydney,Accounting,Is the Aim of Preserving and Enhancing Indigenous Culture a Charitable Purpose?,Indigenous Law Bulletin,2007,Journal articles,,http://www.austlii.edu.au/au/journals/IndigLawB/2007/52.html,Martin FA,1,6,pp. 11 - 14,,,,UNSW staff profile,,,,,
Fiona Martin,https://www.unsw.edu.au/staff/fiona-martin,UNSW Sydney,Accounting,Prescribed Bodies Corporate under the Native Title Act 1993 (Cth): Can They be Exempt from Income Tax as Charitable Trusts?,University of New South Wales Law Journal,2007,Journal articles,,http://www.unswlawjournal.unsw.edu.au/sites/default/files/40_martin_fiona_2007.pdf,Martin FA,1,30,pp. 713 - 730,,,,UNSW staff profile,,,,,
Fiona Martin,https://www.unsw.edu.au/staff/fiona-martin,UNSW Sydney,Accounting,When refugee claimants are kept in the dark: obstacles to see(k)ing asylum in Australia,Australian Journal of Human Rights,2006,Journal articles,10.1080/1323238X.2006.11910812,http://dx.doi.org/10.1080/1323238X.2006.11910812,Martin F,1,12,pp. 27 - 51,,,0.41709627,UNSW staff profile,False,0,0.0,1323-238X,W2768056635
Fiona Martin,https://www.unsw.edu.au/staff/fiona-martin,UNSW Sydney,Accounting,What`s Public Benefit got to do with it? How the Law in Australia Relating to the Public Benefit Requirement of Charitable Applies to Charities for the Benefit of Australian Indigenous People,Australian Tax Forum Journal,2006,Journal articles,,,Martin FA,1,21,pp. 331 - 362,,,,UNSW staff profile,,,,,
Fiona Martin,https://www.unsw.edu.au/staff/fiona-martin,UNSW Sydney,Accounting,Mental Health and Human Rights Implications for Unaccompanied Minors Seeking Asylum in Australia,The Journal of Migration and Refugee Issues,2005,Journal articles,,http://heinonline.org/HOL/Page?handle=hein.journals/jmri1&div=4&g_sent=1&collection=journals,Martin FA; Hutchinson T,2,1,pp. 1 - 24,,,,UNSW staff profile,,,,,
Fiona Martin,https://www.unsw.edu.au/staff/fiona-martin,UNSW Sydney,Accounting,Australia`s Human Rights Obligations Relating to the Mental Health of Refugee Children in Dentention,International Journal of Law and Psychiatry,2004,Journal articles,,,Martin FA; Hutchinson T,2,27,pp. 529 - 547,,,,UNSW staff profile,,,,,
Fiona Martin,https://www.unsw.edu.au/staff/fiona-martin,UNSW Sydney,Accounting,Income Tax Consequences of Property Development,Australian Business Law Review,2004,Journal articles,,,Martin FA; rodman S,2,32,pp. 207 - 221,,,,UNSW staff profile,,,,,
Fiona Martin,https://www.unsw.edu.au/staff/fiona-martin,UNSW Sydney,Accounting,The Commissioner`s Powers of Access in Context: Section 263 of the Income Tax Assessment Act 1936,Taxation in Australia,2004,Journal articles,,,Martin FA,1,39,pp. 308 - 310,,,,UNSW staff profile,,,,,
Fiona Martin,https://www.unsw.edu.au/staff/fiona-martin,UNSW Sydney,Accounting,Teaching Legal Problem Solving Skills: A Problem Based Learning Approach Combined with a Computerised Generic Problem,Legal Education Review,2003,Journal articles,,http://www.austlii.edu.au/au/journals/LegEdRev/2003/5.html,Martin FA,1,14,pp. 77 - 92,,,,UNSW staff profile,,,,,
Fiona Martin,https://www.unsw.edu.au/staff/fiona-martin,UNSW Sydney,Accounting,The Australian Taxation Office advises when the Goods and Services Tax applies to New Residential Premises,Tax Notes International,2003,Journal articles,,,Martin FA,1,,pp. 217 - 218,,,,UNSW staff profile,,,,,
Fiona Martin,https://www.unsw.edu.au/staff/fiona-martin,UNSW Sydney,Accounting,The Australian Taxation Office advises when the Goods and Services Tax applies to New Residential Premises,Worldwide Tax Daily,2003,Journal articles,,,Martin FA,1,,,,,,UNSW staff profile,,,,,
Fiona Martin,https://www.unsw.edu.au/staff/fiona-martin,UNSW Sydney,Accounting,The interaction between Capital Gains Tax and the Main Residence Exemption: Some Important Issues for Homeowners,Taxation in Australia,2003,Journal articles,,,Martin FA,1,37,pp. 537 - 543,,,,UNSW staff profile,,,,,
Fiona Martin,https://www.unsw.edu.au/staff/fiona-martin,UNSW Sydney,Accounting,Using a Problem Based Learning Approach to Enhance and Motivate Learning of Taxation Law,The Law Teacher,2003,Journal articles,10.1080/03069400.2003.9993120,http://dx.doi.org/10.1080/03069400.2003.9993120,Martin FA,1,37,pp. 55 - 75,,,0.28117199,UNSW staff profile,False,5,0.0,0306-9400,W2036636145
Fiona Martin,https://www.unsw.edu.au/staff/fiona-martin,UNSW Sydney,Accounting,"Australia's GST has significant impact on Sale, Lease of Real Property",Worldwide Tax Daily,2002,Journal articles,,,Martin F,1,,,,,,UNSW staff profile,,,,,
Fiona Martin,https://www.unsw.edu.au/staff/fiona-martin,UNSW Sydney,Accounting,"Australia's GST has significant impact on Sale, Lease of Real Property",Tax Notes International,2002,Journal articles,,,Martin FA,1,,pp. 1213 - 1216,,,,UNSW staff profile,,,,,
Fiona Martin,https://www.unsw.edu.au/staff/fiona-martin,UNSW Sydney,Accounting,Capital Gains Tax: What is Meant by Element 4 of an Asset`s Cost Base When in Respect of `Initial Repairs` to Real Estate,Taxation in Australia,2002,Journal articles,,,Martin FA,1,37,pp. 367 - 369,,,,UNSW staff profile,,,,,
Fiona Martin,https://www.unsw.edu.au/staff/fiona-martin,UNSW Sydney,Accounting,GST: What the Commissioner has to Say about Grants of Financial Assistance to Provide Services to Third Parties,National Law Review,2001,Journal articles,,https://ssrn.com/abstract=2776436,Martin FA,1,,,,,,UNSW staff profile,,,,,
Fiona Martin,https://www.unsw.edu.au/staff/fiona-martin,UNSW Sydney,Accounting,"How the ‘Simplified Tax System’ will Affect Depreciation and, Is it worth It?",Taxation in Australia,2001,Journal articles,,,Martin FA,1,36,pp. 245 - 251,,,,UNSW staff profile,,,,,
Fiona Martin,https://www.unsw.edu.au/staff/fiona-martin,UNSW Sydney,Accounting,The Goods and Services Tax and its effect on Fundraising in the Not-For-Profit Sector: The Fate of the School Fete,Australian Business Law Review,2001,Journal articles,,,Martin FA,1,29,pp. 477 - 500,,,,UNSW staff profile,,,,,
Fiona Martin,https://www.unsw.edu.au/staff/fiona-martin,UNSW Sydney,Accounting,Goods and Services Tax: Charities and the GST,The Tax Specialist,2000,Journal articles,,http://search.informit.com.au/documentSummary;dn=200105401;res=IELAPA,Martin FA,1,4,pp. 41 - 51,,,,UNSW staff profile,,,,,
Fiona Martin,https://www.unsw.edu.au/staff/fiona-martin,UNSW Sydney,Accounting,Forgotten Reforms: The non-GST ANTS Bills,Taxation in Australia,1999,Journal articles,,http://search.informit.com.au/documentSummary;dn=990706810;res=IELAPA,Martin FA,1,33,pp. 375 - 380,,,,UNSW staff profile,,,,,
Fiona Martin,https://www.unsw.edu.au/staff/fiona-martin,UNSW Sydney,Accounting,Goods and Services Tax: The Effect on Real Estate,Taxation in Australia,1999,Journal articles,,http://www.taxinstitute.com.au/go/taxation-in-australia/goods-and-services-tax-the-effect-on-real-estate,Martin FA,1,34,pp. 150 - 152,,,,UNSW staff profile,,,,,
Fiona Martin,https://www.unsw.edu.au/staff/fiona-martin,UNSW Sydney,Accounting,The 'Audit' power of the Commissioner of Taxation: Sections 263 and 264 of the Income Tax Assessment Act 1936,QUT Law Journal,1999,Journal articles,,,Martin FA,1,1991,pp. 67 - 79,,,,UNSW staff profile,,,,,
Fiona Martin,https://www.unsw.edu.au/staff/fiona-martin,UNSW Sydney,Accounting,The Goods and Services Tax: The Effect on Property Transactions,The Tax Specialist,1999,Journal articles,,,Martin FA,1,3,pp. 29 - 39,,,,UNSW staff profile,,,,,
Fiona Martin,https://www.unsw.edu.au/staff/fiona-martin,UNSW Sydney,Accounting,Multi-Modal Delivery Approaches in Teaching Postgraduate Legal Research Courses,Journal of Professional Legal Education,1997,Journal articles,,http://heinonline.org/HOL/Page?collection=journals&handle=hein.journals/proleged15&g_sent=1&div=17,Martin FA; Hutchinson T,2,15,pp. 137 - 167,,,,UNSW staff profile,,,,,
Fiona Martin,https://www.unsw.edu.au/staff/fiona-martin,UNSW Sydney,Accounting,Section 160ZA(4):  Does it Really Prevent Double Taxation,Taxation in Australia,1995,Journal articles,,,Martin FA,1,29,pp. 579 - 583,,,,UNSW staff profile,,,,,
Fiona Martin,https://www.unsw.edu.au/staff/fiona-martin,UNSW Sydney,Accounting,"The Dividing Line between Goodwill and International Reputation:  A Comparison of the Law Relating to Passing Off in the United Kingdom, Australia and other Jurisdictions",Journal of Business Law,1995,Journal articles,,,Martin FA,1,,pp. 70 - 85,,,,UNSW staff profile,,,,,
Fiona Martin,https://www.unsw.edu.au/staff/fiona-martin,UNSW Sydney,Accounting,The Integration of Legal Skills into the Curriculum of the Law Degree: The Queensland University of Technology Perspective,Journal of Professional Legal Education,1995,Journal articles,10.2139/ssrn.2845182,http://dx.doi.org/10.2139/ssrn.2845182,Martin FA,1,13,pp. 45 - 62,,,,UNSW staff profile,,0,,1556-5068,W2528079363
Fiona Martin,https://www.unsw.edu.au/staff/fiona-martin,UNSW Sydney,Accounting,Part IVA and Peabody,QUT Law Journal,1994,Journal articles,,https://lr.law.qut.edu.au/article/viewFile/386/375,Martin FA; Rodman S,2,10,pp. 158 - 169,,,,UNSW staff profile,,,,,
Fiona Martin,https://www.unsw.edu.au/staff/fiona-martin,UNSW Sydney,Accounting,Some Practical Capital Gains Tax Issues Arising Under Wills,The CCH Journal of Australian Taxation,1994,Journal articles,,,Martin FA,1,6,pp. 64 - 71,,,,UNSW staff profile,,,,,
Fiona Martin,https://www.unsw.edu.au/staff/fiona-martin,UNSW Sydney,Accounting,Goodwill versus International Reputation: A Move away from the 'Hard Line' Approach in Passing Off in Australia,European Intellectual Property Review,1993,Journal articles,,,Martin FA,1,15,pp. 253 - 255,,,,UNSW staff profile,,,,,
Fiona Martin,https://www.unsw.edu.au/staff/fiona-martin,UNSW Sydney,Accounting,Protection of International Business Reputation in Australia,Australian Business Law Review,1993,Journal articles,,,Martin FA,1,22,pp. 317 - 337,,,,UNSW staff profile,,,,,
Fiona Martin,https://www.unsw.edu.au/staff/fiona-martin,UNSW Sydney,Accounting,The Myer principles as applied to FCT v Cooling,Australian Current Law Bulletin,1990,Journal articles,,,Martin FA,1,,,,,,UNSW staff profile,,,,,
Ronald Masulis,https://www.unsw.edu.au/staff/ronald-masulis,UNSW Sydney,Finance,Does common ownership raise antitrust concerns?,Journal of Corporate Finance,2026,Journal articles,10.1016/j.jcorpfin.2026.103037,http://dx.doi.org/10.1016/j.jcorpfin.2026.103037,Li H; Liu L; Masulis R; Zein J,4,100,,,,0.00331347,UNSW staff profile,False,0,0.0,0929-1199,W4404181532
Ronald Masulis,https://www.unsw.edu.au/staff/ronald-masulis,UNSW Sydney,Finance,"Directors: Older and Wiser, or Too Old to Govern?",Journal of Financial and Quantitative Analysis,2025,Journal articles,10.1017/S0022109023001151,http://dx.doi.org/10.1017/S0022109023001151,Masulis R; Wang C; Xie F; Zhang S,4,60,pp. 169 - 208,,,0.9732583,UNSW staff profile,True,22,7.7494,0022-1090,W4387742541
Ronald Masulis,https://www.unsw.edu.au/staff/ronald-masulis,UNSW Sydney,Finance,Director Liability Protection and the Quality of Independent Directors,Management Science,2025,Journal articles,10.1287/mnsc.2020.03743,http://dx.doi.org/10.1287/mnsc.2020.03743,Masulis RW; Shen S; Zou H,3,71,pp. 6426 - 6456,,,0.94576553,UNSW staff profile,True,6,4.3757,0025-1909,W4404047669
Ronald Masulis,https://www.unsw.edu.au/staff/ronald-masulis,UNSW Sydney,Finance,Do Employee Interests Affect Target Board Decisions About Acquisition Offers? Evidence from Changes in Unemployment Insurance,Management Science,2024,Journal articles,10.1287/mnsc.2022.01379,http://dx.doi.org/10.1287/mnsc.2022.01379,Guo L; Kong J; Masulis RW,3,70,pp. 8344 - 8365,,,0.93842683,UNSW staff profile,True,7,4.3725,0025-1909,W4392004421
Ronald Masulis,https://www.unsw.edu.au/staff/ronald-masulis,UNSW Sydney,Finance,Bank Lines of Credit as a Source of Long-Term Finance,Journal of Financial and Quantitative Analysis,2023,Journal articles,10.1017/S002210902200117X,http://dx.doi.org/10.1017/S002210902200117X,Chang X; Chen Y; Masulis RW,3,58,pp. 1701 - 1733,,,0.77496374,UNSW staff profile,False,8,0.9898,0022-1090,W4311956982
Ronald Masulis,https://www.unsw.edu.au/staff/ronald-masulis,UNSW Sydney,Finance,Influential independent directors' reputation incentives: Impacts on CEO compensation contracts and financial reporting,Journal of Corporate Finance,2023,Journal articles,10.1016/j.jcorpfin.2023.102449,http://dx.doi.org/10.1016/j.jcorpfin.2023.102449,Masulis RW; Mobbs S,2,82,,,,0.97849573,UNSW staff profile,True,22,8.973,0929-1199,W4383164026
Ronald Masulis,https://www.unsw.edu.au/staff/ronald-masulis,UNSW Sydney,Finance,The sources of value creation in acquisitions of intangible assets,Journal of Banking and Finance,2023,Journal articles,10.1016/j.jbankfin.2023.106879,http://dx.doi.org/10.1016/j.jbankfin.2023.106879,Masulis RW; Reza SW; Guo R,3,154,,,,0.95269882,UNSW staff profile,True,14,5.3022,0378-4266,W4375948206
Ronald Masulis,https://www.unsw.edu.au/staff/ronald-masulis,UNSW Sydney,Finance,Private benefits of corporate philanthropy and distortions to corporate financing and investment decisions,Corporate Governance an International Review,2023,Journal articles,10.1111/corg.12476,http://dx.doi.org/10.1111/corg.12476,Masulis RW; Reza SW,2,31,pp. 464 - 490,,,0.94034226,UNSW staff profile,True,20,4.1765,0964-8410,W4285084689
Ronald Masulis,https://www.unsw.edu.au/staff/ronald-masulis,UNSW Sydney,Finance,Crises as Opportunities for Growth: The Strategic Value of Business Group Affiliation,Journal of Financial and Quantitative Analysis,2022,Journal articles,,,Masulis R; Pham PK; Zein J; Ang A,4,forthcoming,,,,,UNSW staff profile,,,,,
Ronald Masulis,https://www.unsw.edu.au/staff/ronald-masulis,UNSW Sydney,Finance,Annual report of the society for financial studies for 2018–2019,Review of Financial Studies,2021,Journal articles,10.1093/RFS/HHZ133,http://dx.doi.org/10.1093/RFS/HHZ133,Ellul A; Goldstein I; Holden C; Masulis R; Pontiff J; Schoar A,6,33,pp. 990 - 1008,,,0.40993761,UNSW staff profile,False,1,0.0,0893-9454,W4233181442
Ronald Masulis,https://www.unsw.edu.au/staff/ronald-masulis,UNSW Sydney,Finance,Why CEO option compensation can be a bad option for shareholders: Evidence from major customer relationships,Journal of Financial Economics,2021,Journal articles,10.1016/j.jfineco.2021.06.034,http://dx.doi.org/10.1016/j.jfineco.2021.06.034,Liu C; Masulis RW; Stanfield J,3,142,pp. 453 - 481,,,0.96364095,UNSW staff profile,True,43,6.1902,0304-405X,W3182666672
Ronald Masulis,https://www.unsw.edu.au/staff/ronald-masulis,UNSW Sydney,Finance,Annual report of the society for financial studies for 2018-2019,Review of Asset Pricing Studies,2020,Journal articles,10.1093/RAPSTU/RAZ009,http://dx.doi.org/10.1093/RAPSTU/RAZ009,Ellul A; Goldstein I; Holden C; Masulis R; Pontiff J; Schoar A,6,10,pp. 179 - 197,,,0.40742403,UNSW staff profile,False,0,0.0,2045-9920,W4230462737
Ronald Masulis,https://www.unsw.edu.au/staff/ronald-masulis,UNSW Sydney,Finance,Monitoring the monitor: Distracted institutional investors and board governance,Review of Financial Studies,2020,Journal articles,10.1093/rfs/hhaa014,http://dx.doi.org/10.1093/rfs/hhaa014,Liu C; Low A; Masulis RW; Zhang L,4,33,pp. 4489 - 4531,,,0.99701687,UNSW staff profile,True,182,23.2668,0893-9454,W3124983557
Ronald Masulis,https://www.unsw.edu.au/staff/ronald-masulis,UNSW Sydney,Finance,A Survey of Recent Evidence on Boards of Directors and CEO Incentives,Asia Pacific Journal of Financial Studies,2020,Journal articles,10.1111/ajfs.12287,http://dx.doi.org/10.1111/ajfs.12287,Masulis RW,1,49,pp. 7 - 35,,,0.9582992,UNSW staff profile,True,34,5.8943,2041-6156,W3005852674
Ronald Masulis,https://www.unsw.edu.au/staff/ronald-masulis,UNSW Sydney,Finance,Family Business Group Expansion through IPOs: The Role of Internal Capital Markets in Financing Growth while Preserving Control,Management Science,2020,Journal articles,10.1287/mnsc.2019.3418,http://dx.doi.org/10.1287/mnsc.2019.3418,Pham PK; Masulis R; Zein J,3,66,pp. 5191 - 5215,,,0.97118963,UNSW staff profile,True,36,7.624,0025-1909,W2952675836
Ronald Masulis,https://www.unsw.edu.au/staff/ronald-masulis,UNSW Sydney,Finance,Shareholder Wealth Consequences of Insider Pledging of Company Stock as Collateral for Personal Loans,Review of Financial Studies,2019,Journal articles,10.1093/rfs/hhz034,http://dx.doi.org/10.1093/rfs/hhz034,Dou Y; Masulis R; Zein J,3,,,,,0.99855285,UNSW staff profile,True,220,33.1409,0893-9454,W3125786079
Ronald Masulis,https://www.unsw.edu.au/staff/ronald-masulis,UNSW Sydney,Finance,How valuable are independent directors? Evidence from external distractions,Journal of Financial Economics,2019,Journal articles,10.1016/j.jfineco.2018.02.014,http://dx.doi.org/10.1016/j.jfineco.2018.02.014,Masulis R,1,,pp. 1 - 31,,,0.99788546,UNSW staff profile,True,250,32.8403,0304-405X,W2734373383
Ronald Masulis,https://www.unsw.edu.au/staff/ronald-masulis,UNSW Sydney,Finance,Employee-Manager Alliances and Shareholder Returns from Acquisitions,Journal of Financial and Quantitative Analysis,2019,Journal articles,10.1017/S0022109019000036,http://dx.doi.org/10.1017/S0022109019000036,Masulis RW; Wang C; Xie F,3,,,,,0.9744547,UNSW staff profile,True,59,8.3901,0022-1090,W3122236209
Ronald Masulis,https://www.unsw.edu.au/staff/ronald-masulis,UNSW Sydney,Finance,Seasoned equity offerings and customer–supplier relationships,Journal of Financial Intermediation,2018,Journal articles,10.1016/j.jfi.2017.09.003,http://dx.doi.org/10.1016/j.jfi.2017.09.003,Johnson WC; Kang JK; Masulis RW; Yi S,4,33,pp. 98 - 114,,,0.96166197,UNSW staff profile,True,29,6.3306,1042-9573,W2758765230
Ronald Masulis,https://www.unsw.edu.au/staff/ronald-masulis,UNSW Sydney,Finance,Deal Initiation in Mergers and Acquisitions,Journal of Financial and Quantitative Analysis,2018,Journal articles,10.1017/S0022109018000509,http://dx.doi.org/10.1017/S0022109018000509,Masulis RW; Simsir SA,2,53,pp. 2389 - 2430,,,0.9953304,UNSW staff profile,True,141,22.3695,0022-1090,W3125277640
Ronald Masulis,https://www.unsw.edu.au/staff/ronald-masulis,UNSW Sydney,Finance,"Trading rules, competition for order flow and market fragmentation",JOURNAL OF FINANCIAL ECONOMICS,2015,Journal articles,10.1016/j.jfineco.2014.09.010,http://dx.doi.org/10.1016/j.jfineco.2014.09.010,Kwan A; Masulis R; McInish TH,3,115,pp. 330 - 348,,,0.99117368,UNSW staff profile,True,128,15.8767,0304-405X,W3121899736
Ronald Masulis,https://www.unsw.edu.au/staff/ronald-masulis,UNSW Sydney,Finance,Board Structure and Monitoring: New Evidence from CEO Turnovers,The Review of Financial Studies,2015,Journal articles,10.1093/rfs/hhv038,http://dx.doi.org/10.1093/rfs/hhv038,Masulis RW; Guo L,2,28,pp. 2770 - 2811,,,0.9995857,UNSW staff profile,True,347,80.6116,0893-9454,W3125002304
Ronald Masulis,https://www.unsw.edu.au/staff/ronald-masulis,UNSW Sydney,Finance,Agency problems of corporate philanthropy,Review of Financial Studies,2015,Journal articles,10.1093/rfs/hhu082,http://dx.doi.org/10.1093/rfs/hhu082,Masulis RW; Reza SW,2,28,pp. 592 - 636,,,0.84195152,UNSW staff profile,False,1,0.8155,0893-9454,W2247506531
Ronald Masulis,https://www.unsw.edu.au/staff/ronald-masulis,UNSW Sydney,Finance,Jurisdictional effects in M&A litigation,Journal of Empirical Legal Studies,2014,Journal articles,10.1111/jels.12037,http://dx.doi.org/10.1111/jels.12037,Krishnan CNV; Masulis RW; Thomas RS; Thompson RB,4,11,pp. 132 - 158,,,0.91988033,UNSW staff profile,True,6,2.4465,1740-1453,W2335778136
Ronald Masulis,https://www.unsw.edu.au/staff/ronald-masulis,UNSW Sydney,Finance,Independent director incentives: Where do talented directors spend their limited time and energy?,Journal of Financial Economics,2014,Journal articles,10.1016/j.jfineco.2013.10.011,http://dx.doi.org/10.1016/j.jfineco.2013.10.011,Masulis RW; Mobbs S,2,111,pp. 406 - 429,,,0.99827948,UNSW staff profile,True,529,48.8788,0304-405X,W3121156566
Ronald Masulis,https://www.unsw.edu.au/staff/ronald-masulis,UNSW Sydney,Finance,Contracting under asymmetric information: Evidence from lockup agreements in seasoned equity offerings,Journal of Financial Economics,2013,Journal articles,10.1016/j.jfineco.2013.08.015,http://dx.doi.org/10.1016/j.jfineco.2013.08.015,Karpoff JM; Lee G; Masulis RW,3,110,pp. 607 - 626,,,0.97988513,UNSW staff profile,True,110,11.0371,0304-405X,W2046043118
Ronald Masulis,https://www.unsw.edu.au/staff/ronald-masulis,UNSW Sydney,Finance,Law Firm expertise and Mergers and Acquisitions,Journal of Law and Economics,2013,Journal articles,,,Masulis R; Krishnan CVN,2,56,pp. 189 - 226,,,,UNSW staff profile,,,,,
Ronald Masulis,https://www.unsw.edu.au/staff/ronald-masulis,UNSW Sydney,Finance,Venture Capital Reputation,My Research Gateway 20130329 Test Case 2,2012,Journal articles,10.1093/oxfordhb/9780195391596.001.0001,http://dx.doi.org/10.1093/oxfordhb/9780195391596.001.0001,Masulis R; Krishnan C,2,,pp. Chapter 4 - Chapter 4,,,0.9878127,UNSW staff profile,True,88,15.1767,,W1809046508
Ronald Masulis,https://www.unsw.edu.au/staff/ronald-masulis,UNSW Sydney,Finance,Globalizing the boardroom-The effects of foreign directors on corporate governance and firm performance,Journal of Accounting and Economics,2012,Journal articles,10.1016/j.jacceco.2011.12.003,http://dx.doi.org/10.1016/j.jacceco.2011.12.003,Masulis R; Wang C; Xie F,3,53,pp. 527 - 554,,,0.99923974,UNSW staff profile,True,830,75.8058,0165-4101,W3125410430
Ronald Masulis,https://www.unsw.edu.au/staff/ronald-masulis,UNSW Sydney,Finance,Comparing CEO employment contract provisions: Differences between Australia and the United States,Vanderbilt Law Review,2011,Journal articles,,http://go.galegroup.com/ps/retrieve.do?tabID=T002&resultListType=RESULT_LIST&searchResultsType=SingleTab&searchType=AdvancedSearchForm&currentPosition=6&docId=GALE%7CA255242883&docType=Article&sort=RELEVANCE&contentSegment=&prodId=LT&contentSet=GALE%7CA255242883&searchId=R1&userGroupName=unsw&inPS=true#,Hill JG; Masulis RW; Thomas RS,3,64,pp. 559 - 608,,,,UNSW staff profile,,,,,
Ronald Masulis,https://www.unsw.edu.au/staff/ronald-masulis,UNSW Sydney,Finance,"Venture capital reputation, post-IPO performance, and corporate governance",Journal of Financial and Quantitative Analysis,2011,Journal articles,10.1017/S0022109011000251,http://dx.doi.org/10.1017/S0022109011000251,Krishnan CNV; Ivanov V; Masulis R; Singh AK,4,46,pp. 1295 - 1333,,,0.99316845,UNSW staff profile,True,111,22.6456,0022-1090,W2151829730
Ronald Masulis,https://www.unsw.edu.au/staff/ronald-masulis,UNSW Sydney,Finance,Are All Inside Directors the Same? Evidence from the External Directorship Market,Journal of Finance,2011,Journal articles,10.1111/j.1540-6261.2011.01653.x,http://dx.doi.org/10.1111/j.1540-6261.2011.01653.x,Masulis R; Mobbs S,2,66,pp. 823 - 872,,,0.99775164,UNSW staff profile,True,379,45.2911,0022-1082,W3125114465
Ronald Masulis,https://www.unsw.edu.au/staff/ronald-masulis,UNSW Sydney,Finance,Venture capital conflicts of interest: Evidence from acquisitions of venture-backed firms,Journal of Financial and Quantitative Analysis,2011,Journal articles,10.1017/S0022109010000827,http://dx.doi.org/10.1017/S0022109010000827,Masulis R; Nahata R,2,46,pp. 395 - 430,,,0.98258369,UNSW staff profile,True,40,12.684,0022-1090,W2121159653
Ronald Masulis,https://www.unsw.edu.au/staff/ronald-masulis,UNSW Sydney,Finance,Financial contracting with strategic investors: Evidence from corporate venture capital backed IPOs,Journal of Financial Intermediation,2009,Journal articles,10.1016/j.jfi.2009.06.001,http://dx.doi.org/10.1016/j.jfi.2009.06.001,Masulis RW; Nahata R,2,18,pp. 599 - 631,,,0.97036613,UNSW staff profile,True,75,8.4268,1042-9573,W3125125974
Ronald Masulis,https://www.unsw.edu.au/staff/ronald-masulis,UNSW Sydney,Finance,Agency problems at dual-class companies,Journal of Finance,2009,Journal articles,10.1111/j.1540-6261.2009.01477.x,http://dx.doi.org/10.1111/j.1540-6261.2009.01477.x,Masulis RW; Wang C; Xie F,3,64,pp. 1697 - 1727,,,0.99892631,UNSW staff profile,True,620,68.0627,0022-1082,W3121881345
Ronald Masulis,https://www.unsw.edu.au/staff/ronald-masulis,UNSW Sydney,Finance,Political connections and corporate bailouts,Journal of Finance,2006,Journal articles,10.1111/j.1540-6261.2006.01000.x,http://dx.doi.org/10.1111/j.1540-6261.2006.01000.x,Faccio M; Masulis RW; Mcconnell JJ,3,61,pp. 2597 - 2635,,,0.99912788,UNSW staff profile,True,2536,70.2788,0022-1082,W3121335362
Ronald Masulis,https://www.unsw.edu.au/staff/ronald-masulis,UNSW Sydney,Finance,Trading activity and stock price volatility: Evidence from the London Stock Exchange,Journal of Empirical Finance,2003,Journal articles,10.1016/S0927-5398(02)00048-8,http://dx.doi.org/10.1016/S0927-5398(02)00048-8,Huang RD; Masulis RW,2,10,pp. 249 - 269,,,0.78800683,UNSW staff profile,False,15,0.7472,0927-5398,W2064009454
Ronald Masulis,https://www.unsw.edu.au/staff/ronald-masulis,UNSW Sydney,Finance,Does Market Structure Affect the Immediacy of Stock Price Responses to News?,CFA Digest,2003,Journal articles,10.2469/dig.v33.n2.1268,http://dx.doi.org/10.2469/dig.v33.n2.1268,Phelps BD,1,33,pp. 40 - 41,,,0.38807786,UNSW staff profile,False,1,0.0,0046-9777,W2607309192
Ronald Masulis,https://www.unsw.edu.au/staff/ronald-masulis,UNSW Sydney,Finance,Does market structure affect the immediacy of stock price responses to news?,Journal of Financial and Quantitative Analysis,2002,Journal articles,10.2307/3595014,http://dx.doi.org/10.2307/3595014,Masulis RW; Shivakumar L,2,37,pp. 617 - 648,,,0.8345945,UNSW staff profile,False,15,1.0852,0022-1090,W2126000922
Ronald Masulis,https://www.unsw.edu.au/staff/ronald-masulis,UNSW Sydney,Finance,Seasoned Public Offerings: Resolution of the “New Issues Puzzle”,CFA Digest,2001,Journal articles,10.2469/dig.v31.n1.810,http://dx.doi.org/10.2469/dig.v31.n1.810,Maris BA,1,31,pp. 24 - 25,,,0.92179207,UNSW staff profile,True,15,2.1311,0046-9777,W2606696613
Ronald Masulis,https://www.unsw.edu.au/staff/ronald-masulis,UNSW Sydney,Finance,Seasoned public offerings: Resolution of the `new issues puzzle,Journal of Financial Economics,2000,Journal articles,10.1016/S0304-405X(00)00041-6,http://dx.doi.org/10.1016/S0304-405X(00)00041-6,Eckbo BE; Masulis RW; Norli Ø,3,56,pp. 251 - 291,,,0.97690407,UNSW staff profile,True,139,9.4265,0304-405X,W2104917574
Ronald Masulis,https://www.unsw.edu.au/staff/ronald-masulis,UNSW Sydney,Finance,FX spreads and dealer competition across the 24-hour trading day,Review of Financial Studies,1999,Journal articles,10.1093/rfs/12.1.61,http://dx.doi.org/10.1093/rfs/12.1.61,Huang RD; Masulis RW,2,12,pp. 61 - 93,,,0.9805585,UNSW staff profile,True,127,10.3781,0893-9454,W1841663771
Ronald Masulis,https://www.unsw.edu.au/staff/ronald-masulis,UNSW Sydney,Finance,Energy shocks and financial markets,Journal of Futures Markets,1996,Journal articles,,,Huang RD; Masulis RW; Stoll HR,3,16,pp. 1 - 27,,,,UNSW staff profile,,,,,
Ronald Masulis,https://www.unsw.edu.au/staff/ronald-masulis,UNSW Sydney,Finance,Chapter 31 Seasoned equity offerings: A survey,Handbooks in Operations Research and Management Science,1995,Journal articles,10.1016/S0927-0507(05)80075-1,http://dx.doi.org/10.1016/S0927-0507(05)80075-1,Eckbo BE; Masulis RW,2,9,pp. 1017 - 1072,,,0.98029557,UNSW staff profile,True,84,19.9346,0927-0507,W1542765803
Ronald Masulis,https://www.unsw.edu.au/staff/ronald-masulis,UNSW Sydney,Finance,OVERNIGHT AND DAYTIME STOCK-RETURN DYNAMICS ON THE LONDON STOCK-EXCHANGE - THE IMPACTS OF BIG-BANG AND THE 1987 STOCK-MARKET CRASH,JOURNAL OF BUSINESS & ECONOMIC STATISTICS,1995,Journal articles,10.2307/1392383,http://dx.doi.org/10.2307/1392383,MASULIS RW; NG VK,2,13,pp. 365 - 378,,,0.91734778,UNSW staff profile,True,13,2.3583,0735-0015,W4245931873
Ronald Masulis,https://www.unsw.edu.au/staff/ronald-masulis,UNSW Sydney,Finance,Overnight and Daytime Stock-Return Dynamites on the London Stock Exchange: The Impacts of “Big Bang” and the 1987 Stock-Market Crash,Journal of Business & Economic Statistics,1995,Journal articles,10.1080/07350015.1995.10524612,http://dx.doi.org/10.1080/07350015.1995.10524612,Masulis RW; Ng VK,2,13,pp. 365 - 378,,,0.82010582,UNSW staff profile,False,31,1.2341,0735-0015,W2017201611
Ronald Masulis,https://www.unsw.edu.au/staff/ronald-masulis,UNSW Sydney,Finance,Common stock offerings across the business cycle. Theory and evidence,Journal of Empirical Finance,1993,Journal articles,10.1016/0927-5398(93)90003-A,http://dx.doi.org/10.1016/0927-5398(93)90003-A,Choe H; Masulis RW; Nanda V,3,1,pp. 3 - 31,,,0.99649942,UNSW staff profile,True,648,30.3541,0927-5398,W3122095874
Ronald Masulis,https://www.unsw.edu.au/staff/ronald-masulis,UNSW Sydney,Finance,Adverse selection and the rights offer paradox,Journal of Financial Economics,1992,Journal articles,10.1016/0304-405X(92)90030-2,http://dx.doi.org/10.1016/0304-405X(92)90030-2,Eckbo BE; Masulis RW,2,32,pp. 293 - 332,,,0.27557074,UNSW staff profile,False,56,0.0,0304-405X,W1991613039
Ronald Masulis,https://www.unsw.edu.au/staff/ronald-masulis,UNSW Sydney,Finance,Repurchase tender offers and earnings information,Journal of Accounting and Economics,1991,Journal articles,10.1016/0165-4101(91)90013-E,http://dx.doi.org/10.1016/0165-4101(91)90013-E,Dann LY; Masulis RW; Mayers D,3,14,pp. 217 - 251,,,0.8702144,UNSW staff profile,False,29,1.3736,0165-4101,W2052623432
Ronald Masulis,https://www.unsw.edu.au/staff/ronald-masulis,UNSW Sydney,Finance,An Investigation of Market Microstructure Impacts on Event Study Returns,Journal of Finance,1991,Journal articles,10.1111/j.1540-6261.1991.tb04629.x,http://dx.doi.org/10.1111/j.1540-6261.1991.tb04629.x,LEASE RC; MASULIS RW; PAGE JR,3,46,pp. 1523 - 1536,,,0.99023737,UNSW staff profile,True,186,20.6033,0022-1082,W1971681589
Ronald Masulis,https://www.unsw.edu.au/staff/ronald-masulis,UNSW Sydney,Finance,CORRELATIONS IN PRICE CHANGES AND VOLATILITY ACROSS INTERNATIONAL STOCK MARKETS,REVIEW OF FINANCIAL STUDIES,1990,Journal articles,10.1093/rfs/3.2.281,http://dx.doi.org/10.1093/rfs/3.2.281,HAMAO Y; MASULIS RW; NG V,3,3,pp. 281 - 307,,,0.90709812,UNSW staff profile,True,318,2.4807,0893-9454,W2091358667
Ronald Masulis,https://www.unsw.edu.au/staff/ronald-masulis,UNSW Sydney,Finance,New Books:  An Annotated Listing.,The Accounting Review,1989,Journal articles,10.2308/tar-4493586,http://dx.doi.org/10.2308/tar-4493586,Bhaskar KN; Finnerty J; Masulis RW; McMickle PL; Montazemi AR; Perlman B; Reid JM; Shapiro AC; Shepard GG,9,64,pp. 575 - 579,,,0.79019908,UNSW staff profile,False,0,0.0,0001-4826,W7137349212
Ronald Masulis,https://www.unsw.edu.au/staff/ronald-masulis,UNSW Sydney,Finance,Corporate Investment and Dividend Decisions under Differential Personal Taxation,Journal of Financial and Quantitative Analysis,1988,Journal articles,10.2307/2331077,http://dx.doi.org/10.2307/2331077,Masulis RW; Trueman B,2,23,pp. 369 - 385,,,0.95526627,UNSW staff profile,True,102,4.7165,0022-1090,W3122778786
Ronald Masulis,https://www.unsw.edu.au/staff/ronald-masulis,UNSW Sydney,Finance,Changes in ownership structure. Conversions of mutual savings and loans to stock charter,Journal of Financial Economics,1987,Journal articles,10.1016/0304-405X(87)90060-2,http://dx.doi.org/10.1016/0304-405X(87)90060-2,Masulis RW,1,18,pp. 29 - 59,,,0.98647366,UNSW staff profile,True,140,16.5727,0304-405X,W1558618696
Ronald Masulis,https://www.unsw.edu.au/staff/ronald-masulis,UNSW Sydney,Finance,Seasoned equity offerings. An empirical investigation,Journal of Financial Economics,1986,Journal articles,10.1016/0304-405X(86)90051-6,http://dx.doi.org/10.1016/0304-405X(86)90051-6,Masulis RW; Korwar AN,2,15,pp. 91 - 118,,,0.99819959,UNSW staff profile,True,933,57.4177,0304-405X,W3121825198
Ronald Masulis,https://www.unsw.edu.au/staff/ronald-masulis,UNSW Sydney,Finance,The valuation effects of stock splits and stock dividends,Journal of Financial Economics,1984,Journal articles,10.1016/0304-405X(84)90011-4,http://dx.doi.org/10.1016/0304-405X(84)90011-4,Grinblatt MS; Masulis RW; Titman S,3,13,pp. 461 - 490,,,0.96591252,UNSW staff profile,True,147,6.9566,0304-405X,W2144202919
Ronald Masulis,https://www.unsw.edu.au/staff/ronald-masulis,UNSW Sydney,Finance,HOW BIG IS THE TAX-ADVANTAGE TO DEBT - DISCUSSION,JOURNAL OF FINANCE,1984,Journal articles,,,MASULIS RW,1,39,pp. 853 - 855,,,,UNSW staff profile,,,,,
Ronald Masulis,https://www.unsw.edu.au/staff/ronald-masulis,UNSW Sydney,Finance,How Big is the Tax Advantage to Debt?: Discussion,The Journal of Finance,1984,Journal articles,10.2307/2327949,http://dx.doi.org/10.2307/2327949,Masulis RW,1,39,pp. 853 - 853,,,0.85727543,UNSW staff profile,False,2,1.6054,0022-1082,W2042657742
Ronald Masulis,https://www.unsw.edu.au/staff/ronald-masulis,UNSW Sydney,Finance,The Impact of Capital Structure Change on Firm Value: Some Estimates,Journal of Finance,1983,Journal articles,10.1111/j.1540-6261.1983.tb03629.x,http://dx.doi.org/10.1111/j.1540-6261.1983.tb03629.x,MASULIS RW,1,38,pp. 107 - 126,,,0.99371728,UNSW staff profile,True,381,20.3882,0022-1082,W2152785329
Ronald Masulis,https://www.unsw.edu.au/staff/ronald-masulis,UNSW Sydney,Finance,Government intervention in the mortgage market. A study of anti-redlining regulations,Journal of Monetary Economics,1982,Journal articles,10.1016/0304-3932(82)90014-9,http://dx.doi.org/10.1016/0304-3932(82)90014-9,Masulis RW,1,10,pp. 191 - 213,,,0.92939049,UNSW staff profile,True,15,3.0746,0304-3932,W3123264909
Ronald Masulis,https://www.unsw.edu.au/staff/ronald-masulis,UNSW Sydney,Finance,LEVERAGE AND DIVIDEND IRRELEVANCY UNDER CORPORATE AND PERSONAL TAXATION,JOURNAL OF FINANCE,1980,Journal articles,10.2307/2327405,http://dx.doi.org/10.2307/2327405,DEANGELO H; MASULIS RW,2,35,pp. 453 - 464,,,0.929503,UNSW staff profile,True,43,2.4678,0022-1082,W4238105026
Ronald Masulis,https://www.unsw.edu.au/staff/ronald-masulis,UNSW Sydney,Finance,Optimal capital structure under corporate and personal taxation,Journal of Financial Economics,1980,Journal articles,10.1016/0304-405X(80)90019-7,http://dx.doi.org/10.1016/0304-405X(80)90019-7,DeAngelo H; Masulis RW,2,8,pp. 3 - 29,,,0.99506521,UNSW staff profile,True,683,34.5496,0304-405X,W2063955807
Ronald Masulis,https://www.unsw.edu.au/staff/ronald-masulis,UNSW Sydney,Finance,STOCK REPURCHASE BY TENDER OFFER - AN ANALYSIS OF THE CAUSES OF COMMON STOCK-PRICE CHANGES,JOURNAL OF FINANCE,1980,Journal articles,10.2307/2327388,http://dx.doi.org/10.2307/2327388,MASULIS RW,1,35,pp. 305 - 319,,,0.99083539,UNSW staff profile,True,63,22.2104,0022-1082,W4237666748
Ronald Masulis,https://www.unsw.edu.au/staff/ronald-masulis,UNSW Sydney,Finance,The effects of capital structure change on security prices. A study of exchange offers,Journal of Financial Economics,1980,Journal articles,10.1016/0304-405X(80)90015-X,http://dx.doi.org/10.1016/0304-405X(80)90015-X,Masulis RW,1,8,pp. 139 - 178,,,0.99845857,UNSW staff profile,True,540,40.0109,0304-405X,W3124659470
Ronald Masulis,https://www.unsw.edu.au/staff/ronald-masulis,UNSW Sydney,Finance,The option pricing model and the risk factor of stock,Journal of Financial Economics,1976,Journal articles,10.1016/0304-405X(76)90020-9,http://dx.doi.org/10.1016/0304-405X(76)90020-9,Galai D; Masulis RW,2,3,pp. 53 - 81,,,0.99906977,UNSW staff profile,True,1279,35.5721,0304-405X,W2054467010
Ronald Masulis,https://www.unsw.edu.au/staff/ronald-masulis,UNSW Sydney,Finance,Monitoring the Monitor: Distracted Institutional Investors and Board Governance,SSRN Electronic Journal,,Journal articles,10.2139/ssrn.2934755,http://dx.doi.org/10.2139/ssrn.2934755,Liu C; Low A; Masulis RW; Zhang L,4,,,,,,UNSW staff profile,,64,,1556-5068,W2602257650
Edouard Mattille,https://www.unsw.edu.au/staff/edouard-mattille,UNSW Sydney,Finance,Segmented Dollar Funding,Journal of Financial Economics,2026,Journal articles,10.1016/j.jfineco.2026.104348,http://dx.doi.org/10.1016/j.jfineco.2026.104348,Kloks P; Mattille E; Ranaldo A,3,184,pp. 104348 - 104348,,,0.00111517,UNSW staff profile,False,1,0.0,0304-405X,W4402925409
Malcolm Miller,https://www.unsw.edu.au/staff/malcolm-miller,UNSW Sydney,Accounting,The Challenge of Risk Reporting: Regulatory and Corporate Responses,Australian Accounting Review,2003,Journal articles,,,Carlon SA; Loftus J; Miller MC,3,13,pp. 36 - 51,,,,UNSW staff profile,,,,,
Malcolm Miller,https://www.unsw.edu.au/staff/malcolm-miller,UNSW Sydney,Accounting,The global accounting standards gamble: all the way with no delay,Australian Accounting Review,2003,Journal articles,,,Miller MC,1,29,pp. 2 - 2,,,,UNSW staff profile,,,,,
Malcolm Miller,https://www.unsw.edu.au/staff/malcolm-miller,UNSW Sydney,Accounting,Corporate Financial Reporting,The International Journal of Accounting Education and Research,2002,Journal articles,,,Miller MC,1,37,pp. 449 - 450,,,,UNSW staff profile,,,,,
Malcolm Miller,https://www.unsw.edu.au/staff/malcolm-miller,UNSW Sydney,Accounting,Measurement entering the 21st Century: a clear or blocked road ahead?,Australian Accounting Review,2000,Journal articles,,,Miller MC; Loftus JA,2,11,pp. 4 - 18,,,,UNSW staff profile,,,,,
Malcolm Miller,https://www.unsw.edu.au/staff/malcolm-miller,UNSW Sydney,Accounting,"Measurement in the third millennium: perspectives, problems and prospects",Australian Accounting Review,2000,Journal articles,,,Miller MC,1,11,pp. 2 - 3,,,,UNSW staff profile,,,,,
Malcolm Miller,https://www.unsw.edu.au/staff/malcolm-miller,UNSW Sydney,Accounting,Reducing accounting flexibility on intangibles: good or bad news for the franchising sector ?,Franchising Law and Policy Review,1999,Journal articles,,,Miller MC; Carlon SA,2,2,pp. 13 - 18,,,,UNSW staff profile,,,,,
Malcolm Miller,https://www.unsw.edu.au/staff/malcolm-miller,UNSW Sydney,Accounting,The downside of harmonisation haste: the equity accounting experience.,Australian Accounting Review,1997,Journal articles,,,Miller MC; Leo K,2,,pp. 2 - 15,,,,UNSW staff profile,,,,,
Malcolm Miller,https://www.unsw.edu.au/staff/malcolm-miller,UNSW Sydney,Accounting,Solvency assessment and financial reporting,Accounting Forum,1996,Journal articles,,,Loftus JA; Miller MC,2,20,pp. 97 - 132,,,,UNSW staff profile,,,,,
Malcolm Miller,https://www.unsw.edu.au/staff/malcolm-miller,UNSW Sydney,Accounting,Goodwill discontent: the meshing of Australian and international accounting policy,Australian Accounting Review,1995,Journal articles,,,Miller MC,1,,pp. 3 - 16,,,,UNSW staff profile,,,,,
Malcolm Miller,https://www.unsw.edu.au/staff/malcolm-miller,UNSW Sydney,Accounting,The credibility of Australian financial reporting: are the co-regulation arrangements working?,Australian Accounting Review,1995,Journal articles,,,Miller MC,1,,pp. 3 - 16,,,,UNSW staff profile,,,,,
Gary Monroe,https://www.unsw.edu.au/staff/gary-monroe,UNSW Sydney,Accounting,Excess returns on idiosyncratic profitability: Evidence from a hedge portfolio strategy,Australian Journal of Management,2026,Journal articles,10.1177/03128962261425895,http://dx.doi.org/10.1177/03128962261425895,Han M; Jackson AB; Monroe GS,3,,,,,0.2671108,UNSW staff profile,False,0,0.0,0312-8962,W7142910449
Gary Monroe,https://www.unsw.edu.au/staff/gary-monroe,UNSW Sydney,Accounting,Does client importance affect key audit matters reporting? New Zealand evidence,Pacific Accounting Review,2024,Journal articles,10.1108/PAR-04-2024-0072,http://dx.doi.org/10.1108/PAR-04-2024-0072,Ji R; Li L; Li LL; Monroe GS,4,36,pp. 277 - 296,,,0.90061856,UNSW staff profile,True,3,2.4804,0114-0582,W4400656762
Gary Monroe,https://www.unsw.edu.au/staff/gary-monroe,UNSW Sydney,Accounting,Managerial litigation risk and auditor choice,International Journal of Auditing,2024,Journal articles,10.1111/ijau.12322,http://dx.doi.org/10.1111/ijau.12322,Li L; Monroe GS; Coulton J,3,28,pp. 142 - 169,,,0.60144183,UNSW staff profile,False,1,0.4079,1090-6738,W3123810939
Gary Monroe,https://www.unsw.edu.au/staff/gary-monroe,UNSW Sydney,Accounting,Audit firm informatization and audit quality during COVID-19,Journal of Accounting Literature,2024,Journal articles,10.1108/JAL-06-2023-0094,http://dx.doi.org/10.1108/JAL-06-2023-0094,Shen H; Pan J; Monroe G; You J; Wu H,5,,,,,0.95214069,UNSW staff profile,True,7,5.0201,0737-4607,W4402729386
Gary Monroe,https://www.unsw.edu.au/staff/gary-monroe,UNSW Sydney,Accounting,Performance Measurement Systems Design Choice: The Roles of Political Connection and Social Networking on Firm Performance – Evidence from China,Advances in Accounting Behavioral Research,2023,Journal articles,10.1108/S1475-148820230000026003,http://dx.doi.org/10.1108/S1475-148820230000026003,Chong V; Monroe G; Wang I; Zhang F,4,26,pp. 43 - 77,,,0.97006791,UNSW staff profile,True,3,8.0093,1475-1488,W4322506789
Gary Monroe,https://www.unsw.edu.au/staff/gary-monroe,UNSW Sydney,Accounting,"The effect of non-financial performance measures, organisational politics and political skill on job performance: Evidence from China",Accounting and Finance,2023,Journal articles,10.1111/acfi.12984,http://dx.doi.org/10.1111/acfi.12984,Chong VK; Wang IZ; Monroe GS; Strike L; Zhang F,5,63,pp. 2557 - 2595,,,0.77003425,UNSW staff profile,False,5,0.6842,0810-5391,W4285090060
Gary Monroe,https://www.unsw.edu.au/staff/gary-monroe,UNSW Sydney,Accounting,Shareholder election of CSR committee members and its effects on CSR performance,Journal of Business Finance and Accounting,2023,Journal articles,10.1111/jbfa.12643,http://dx.doi.org/10.1111/jbfa.12643,Khoo ES; Chen L; Monroe GS,3,50,pp. 716 - 763,,,0.89571783,UNSW staff profile,False,21,2.3948,0306-686X,W4286457072
Gary Monroe,https://www.unsw.edu.au/staff/gary-monroe,UNSW Sydney,Accounting,Competition Effects on Audit Quality and Pricing in a Non-Big 4 Market,The International Journal of Accounting,2022,Journal articles,10.1142/S1094406022500159,http://dx.doi.org/10.1142/S1094406022500159,Azizkhani M; Sami H; Amirkhani K; Monroe G,4,57,,,,0.906968,UNSW staff profile,True,17,2.7844,0020-7063,W4292295620
Gary Monroe,https://www.unsw.edu.au/staff/gary-monroe,UNSW Sydney,Accounting,CSR Performance and the Reputational Incentives of Independent Directors,Journal of Business Finance and Accounting,2022,Journal articles,10.1111/jbfa.12569,http://dx.doi.org/10.1111/jbfa.12569,Khoo E; Lim Y; Lu L; Monroe G,4,49,pp. 841 - 881,,,0.95523277,UNSW staff profile,True,40,5.346,0306-686X,W3203768415
Gary Monroe,https://www.unsw.edu.au/staff/gary-monroe,UNSW Sydney,Accounting,Managerial litigation risk and corporate investment efficiency: Evidence from Universal Demand laws,Journal of Empirical Legal Studies,2022,Journal articles,10.1111/jels.12340,http://dx.doi.org/10.1111/jels.12340,Li LL; Monroe G; Coulton J,3,20,pp. 196 - 232,,,0.97143033,UNSW staff profile,True,22,7.7494,1740-1453,W4313596818
Gary Monroe,https://www.unsw.edu.au/staff/gary-monroe,UNSW Sydney,Accounting,Analyst Coverage and Audit Fees: International Evidence,Journal of Accounting Auditing and Finance,2022,Journal articles,10.1177/0148558X20928243,http://dx.doi.org/10.1177/0148558X20928243,Lim Y; Monroe GS,2,37,pp. 466 - 492,,,0.86508687,UNSW staff profile,False,21,1.8613,0148-558X,W3035453353
Gary Monroe,https://www.unsw.edu.au/staff/gary-monroe,UNSW Sydney,Accounting,Diversity of Signing Auditors and Audit Quality,Auditing: a Journal of Practice and Theory,2021,Journal articles,10.2308/AJPT-19-068,http://dx.doi.org/10.2308/AJPT-19-068,He C; Li CK; Monroe G; Si Y,4,40,pp. 27 - 52,,,0.96258706,UNSW staff profile,True,30,6.1902,0278-0380,W3124378711
Gary Monroe,https://www.unsw.edu.au/staff/gary-monroe,UNSW Sydney,Accounting,Corporate Reputation and the Timeliness of External Audit and Earnings Announcement,International Journal of Auditing,2020,Journal articles,10.1111/ijau.12202,http://dx.doi.org/10.1111/ijau.12202,Khoo E; Lim Y; Monroe G,3,24,pp. 366 - 395,,,0.88353186,UNSW staff profile,False,15,2.1716,1090-6738,W3081880011
Gary Monroe,https://www.unsw.edu.au/staff/gary-monroe,UNSW Sydney,Accounting,Audit Committee Members’ Reputation Incentives and Their Effectiveness in Monitoring the Financial Reporting Process,"Abacus: a journal of accounting, finance and business studies",2020,Journal articles,10.1111/abac.12201,http://dx.doi.org/10.1111/abac.12201,Khoo ES; Lim Y; Monroe G,3,56,pp. 348 - 406,,,0.95968572,UNSW staff profile,True,37,5.8943,0001-3072,W3088482254
Gary Monroe,https://www.unsw.edu.au/staff/gary-monroe,UNSW Sydney,Accounting,State Ownership and Abnormal Accruals in Highly-Valued Firms: Evidence from China,Journal of Contemporary Accounting and Economics,2020,Journal articles,10.1016/j.jcae.2020.100223,http://dx.doi.org/10.1016/j.jcae.2020.100223,Li L; Monroe G; Wang J,3,17,pp. 100223,,,0.92470746,UNSW staff profile,True,14,3.4125,1815-5669,W3095967075
Gary Monroe,https://www.unsw.edu.au/staff/gary-monroe,UNSW Sydney,Accounting,The Impact of Financial Incentives and Perceptions of Seriousness on Whistleblowing Intention,Journal of Business Ethics,2018,Journal articles,10.1007/s10551-016-3215-6,http://dx.doi.org/10.1007/s10551-016-3215-6,Andon P; Free C; Jidin R; Monroe GS; Turner MJ,5,151,pp. 165 - 178,,,0.98461295,UNSW staff profile,True,145,15.1577,0167-4544,W2433509824
Gary Monroe,https://www.unsw.edu.au/staff/gary-monroe,UNSW Sydney,Accounting,Bank audit fees and asset securitization risks,Auditing: A Journal of Practice and Theory,2018,Journal articles,10.2308/ajpt-51751,http://dx.doi.org/10.2308/ajpt-51751,Cullen G; Gasbarro D; Monroe GS; Shailer G; Zhang Y,5,37,pp. 21 - 48,,,0.75136914,UNSW staff profile,False,1,0.5605,0278-0380,W2756096698
Gary Monroe,https://www.unsw.edu.au/staff/gary-monroe,UNSW Sydney,Accounting,Does auditor gender affect issuing going concern opinion for financially distressed clients?,Accounting and Finance,2018,Journal articles,10.1111/acfi.12242,http://dx.doi.org/10.1111/acfi.12242,Hossain S; Chapple; Monroe,3,58,pp. 1027 - 1061,,,0.96962671,UNSW staff profile,True,62,7.2658,0810-5391,W2529181905
Gary Monroe,https://www.unsw.edu.au/staff/gary-monroe,UNSW Sydney,Accounting,"Effects of goal orientation, self-efficacy and task complexity on the audit judgement performance of Malaysian auditors",Accounting Auditing and Accountability Journal,2018,Journal articles,10.1108/AAAJ-12-2015-2362,http://dx.doi.org/10.1108/AAAJ-12-2015-2362,Mohd Sanusi Z; Iskandar TM; Monroe GS; Saleh NM,4,31,pp. 75 - 95,,,0.9408757,UNSW staff profile,True,65,4.4899,0951-3574,W2772635500
Gary Monroe,https://www.unsw.edu.au/staff/gary-monroe,UNSW Sydney,Accounting,Environmental Management Accounting in Local Government: Functional and Institutional Imperatives,Financial Accountability & Management,2018,Journal articles,10.1111/faam.12151,http://dx.doi.org/10.1111/faam.12151,Qian W; Burritt R; Monroe G,3,34,pp. 148 - 165,,,0.9509939,UNSW staff profile,True,46,5.3525,0267-4424,W2528177846
Gary Monroe,https://www.unsw.edu.au/staff/gary-monroe,UNSW Sydney,Accounting,"The Relationship between Audit Team Composition, Audit Fees and Quality",Auditing: A Journal of Practice and Theory,2017,Journal articles,10.2308/ajpt-51682,http://dx.doi.org/10.2308/ajpt-51682,Hossain S; Yazawa K; Monroe G,3,36,pp. 115 - 135,,,0.97222972,UNSW staff profile,True,67,8.446,0278-0380,W2584851720
Gary Monroe,https://www.unsw.edu.au/staff/gary-monroe,UNSW Sydney,Accounting,The effect of networked clients’ economic importance on audit quality,Auditing: A Journal of Practice and Theory,2016,Journal articles,10.2308/ajpt-51451,http://dx.doi.org/10.2308/ajpt-51451,Hossain S; Monroe GS; Wilson M; Jubb C,4,35,pp. 79 - 103,,,0.96289696,UNSW staff profile,True,48,6.4154,0278-0380,W2307297836
Gary Monroe,https://www.unsw.edu.au/staff/gary-monroe,UNSW Sydney,Accounting,The impact of the antecedents and consequences of job burnout on junior accountants' turnover intentions: A structural equation modelling approach,Accounting and Finance,2015,Journal articles,10.1111/acfi.12049,http://dx.doi.org/10.1111/acfi.12049,Chong VK; Monroe GS,2,55,pp. 105 - 132,,,0.92960682,UNSW staff profile,True,125,3.4752,0810-5391,W2064731519
Gary Monroe,https://www.unsw.edu.au/staff/gary-monroe,UNSW Sydney,Accounting,Chief Financial Officers' Short- and Long-term Incentive-based Compensation and Earnings Management,Australian Accounting Review,2015,Journal articles,10.1111/auar.12059,http://dx.doi.org/10.1111/auar.12059,Hossain S; Monroe GS,2,25,pp. 279 - 291,,,0.88325338,UNSW staff profile,False,18,1.7524,1035-6908,W2128150548
Gary Monroe,https://www.unsw.edu.au/staff/gary-monroe,UNSW Sydney,Accounting,"Government intervention, bank ownership and risk-taking during the Indonesian financial crisis",Pacific Basin Finance Journal,2014,Journal articles,10.1016/j.pacfin.2014.07.003,http://dx.doi.org/10.1016/j.pacfin.2014.07.003,Agusman A; Cullen GS; Gasbarro D; Monroe GS; Zumwalt JK,5,30,pp. 114 - 131,,,0.93245313,UNSW staff profile,True,49,3.7603,0927-538X,W2013973733
Gary Monroe,https://www.unsw.edu.au/staff/gary-monroe,UNSW Sydney,Accounting,Government and managerial influence on auditor switching under partial privatization,Journal of Accounting and Public Policy,2014,Journal articles,10.1016/j.jaccpubpol.2014.04.004,http://dx.doi.org/10.1016/j.jaccpubpol.2014.04.004,Bagherpour MA; Monroe GS; Shailer G,3,33,pp. 372 - 390,,,0.94993993,UNSW staff profile,True,42,4.8931,0278-4254,W1987952823
Gary Monroe,https://www.unsw.edu.au/staff/gary-monroe,UNSW Sydney,Accounting,Review of Post-CLERP 9 Australian Auditor independence research,Australian Accounting Review,2014,Journal articles,10.1111/auar.12047,http://dx.doi.org/10.1111/auar.12047,Carey PJ; Monroe GS; Shailer G,3,24,pp. 370 - 380,,,0.95366204,UNSW staff profile,True,17,4.8931,1035-6908,W2167514079
Gary Monroe,https://www.unsw.edu.au/staff/gary-monroe,UNSW Sydney,Accounting,Audit Partner Tenure and Cost of Equity Capital,Auditing - a Journal of Practice and Theory,2013,Journal articles,10.2308/ajpt-50308,http://dx.doi.org/10.2308/ajpt-50308,Azizkhani M; Monroe GS; Shailer GEP,3,32,pp. 183 - 202,,,0.94917878,UNSW staff profile,True,66,5.0243,0278-0380,W1989205971
Gary Monroe,https://www.unsw.edu.au/staff/gary-monroe,UNSW Sydney,Accounting,The Effectiveness of SOX Regulation: An Interview Study of Corporate Directors,Behavioral Research in Accounting,2013,Journal articles,10.2308/bria-50245,http://dx.doi.org/10.2308/bria-50245,Cohen JR; Hayes C; Krishnamoorthy G; Monroe GS; Wright AM,5,25,pp. 61 - 87,,,0.92336429,UNSW staff profile,True,15,3.0699,1050-4753,W2014358343
Gary Monroe,https://www.unsw.edu.au/staff/gary-monroe,UNSW Sydney,Accounting,Financial analysts' evaluation of enhanced disclosure of non-financial performance indicators,British Accounting Review,2011,Journal articles,10.1016/j.bar.2011.02.001,http://dx.doi.org/10.1016/j.bar.2011.02.001,Coram PJ; Mock TJ; Monroe G,3,43,pp. 87 - 101,,,0.97561397,UNSW staff profile,True,110,9.9074,0890-8389,W2084993055
Gary Monroe,https://www.unsw.edu.au/staff/gary-monroe,UNSW Sydney,Accounting,"Market discipline, financial crisis and regulatory changes: Evidence from Indonesian banks",Journal of Banking and Finance,2011,Journal articles,10.1016/j.jbankfin.2010.11.003,http://dx.doi.org/10.1016/j.jbankfin.2010.11.003,Hadad M; Agusman A; Monroe G; Gasbarro D; Zumwalt J,5,35,pp. 1552 - 1562,,,0.97487717,UNSW staff profile,True,130,8.4288,0378-4266,W1505949098
Gary Monroe,https://www.unsw.edu.au/staff/gary-monroe,UNSW Sydney,Accounting,Changes to Mutual Fund Risk: Intentional or Mean Reverting?,Journal of Banking and Finance,2011,Journal articles,,,Monroe G; Cullen G; Gasbarro D; Zumwalt J,4,36,pp. 112 - 120,,,,UNSW staff profile,,,,,
Gary Monroe,https://www.unsw.edu.au/staff/gary-monroe,UNSW Sydney,Accounting,Financial Reporting and Audit Quality,Australian Accounting Review,2011,Journal articles,10.1111/j.1835-2561.2011.00137.x,http://dx.doi.org/10.1111/j.1835-2561.2011.00137.x,Monroe GS,1,21,pp. 203,,,0.71522794,UNSW staff profile,False,1,0.4783,1035-6908,W1981088479
Gary Monroe,https://www.unsw.edu.au/staff/gary-monroe,UNSW Sydney,Accounting,Environmental management accounting in local government: A case of waste management,Accounting Auditing and Accountability Journal,2011,Journal articles,10.1108/09513571111098072,http://dx.doi.org/10.1108/09513571111098072,Qian WL; Burritt RL; Monroe G,3,24,pp. 93 - 128,,,0.98912549,UNSW staff profile,True,216,16.8723,0951-3574,W1491991127
Gary Monroe,https://www.unsw.edu.au/staff/gary-monroe,UNSW Sydney,Accounting,The value of Big 4 Audits in Australia,Accounting and Finance,2010,Journal articles,,,Monroe G; Azizkhani M; Shailer G,3,50,pp. 743 - 766,,,,UNSW staff profile,,,,,
Gary Monroe,https://www.unsw.edu.au/staff/gary-monroe,UNSW Sydney,Accounting,Mutual Fund Trades and the Value of Contradictory Private Information,Journal of Banking and Finance,2010,Journal articles,,,Monroe G; Gasbarro D; Cullen G,3,34,pp. 378 - 387,,,,UNSW staff profile,,,,,
Gary Monroe,https://www.unsw.edu.au/staff/gary-monroe,UNSW Sydney,Accounting,The Value of Assurance on Voluntary Nonfinancial Disclosure: An Experimental Analysis,,2009,Journal articles,,,Monroe G; Coram P; Woodliff D,3,28,pp. 137 - 152,,,,UNSW staff profile,,,,,
Gary Monroe,https://www.unsw.edu.au/staff/gary-monroe,UNSW Sydney,Accounting,Accounting and Capital Market Measures of Risk:  Evidence from Asian Banks during 1998-2003,Journal of Banking and Finance,2008,Journal articles,10.1016/j.bankfin.2006.06.018,http://dx.doi.org/10.1016/j.bankfin.2006.06.018,Monroe G; Agusman A; Gasbarro D; Zumwalt J,4,32,pp. 480 - 488,,,,UNSW staff profile,,,,,
Gary Monroe,https://www.unsw.edu.au/staff/gary-monroe,UNSW Sydney,Accounting,Effects of Employee Support on Junior Accountants’ Job Attitudes and Intention to Quit,Australian Accounting Review,2008,Journal articles,10.1111/j.1835-2561.2008.0016.x,http://dx.doi.org/10.1111/j.1835-2561.2008.0016.x,Monroe G; Chan C; Ng J; Tan R,4,18,pp. 149 - 160,,,0.87757148,UNSW staff profile,False,24,1.564,1035-6908,W1986400179
Gary Monroe,https://www.unsw.edu.au/staff/gary-monroe,UNSW Sydney,Accounting,The Effect of Moods on Auditors’ Inventory Valuation Decisions,Auditing: A Journal of Practice & Theory,2008,Journal articles,,,Monroe G; Chung J; Cohen J,3,27,pp. 137 - 160,,,,UNSW staff profile,,,,,
Gary Monroe,https://www.unsw.edu.au/staff/gary-monroe,UNSW Sydney,Accounting,An Exploratory Study of Counterexplanation as an Ethical Intervention Strategy,Journal of Business Ethics,2007,Journal articles,10.1007/s10551-006-9204-4,http://dx.doi.org/10.1007/s10551-006-9204-4,Monroe G; Chung J,2,73,pp. 245 - 261,,,0.82813223,UNSW staff profile,False,10,0.6893,0167-4544,W2020758230
Gary Monroe,https://www.unsw.edu.au/staff/gary-monroe,UNSW Sydney,Accounting,"Effects of Goal Orientation, Self-Efficacy and Task Complexity on the Audit Judgment Performance of Malaysian Auditors",Malaysian Accounting Review,2007,Journal articles,,http://citeseerx.ist.psu.edu/viewdoc/summary?doi=10.1.1.497.6434,"Monroe G; Sanusi Z; Iskandar, T; Saleh N",4,6,,,,,UNSW staff profile,,,,,
Gary Monroe,https://www.unsw.edu.au/staff/gary-monroe,UNSW Sydney,Accounting,The Conflict Management Styles of Accountants: An Empirical Study in Australia,International Journal of Management,2006,Journal articles,,https://www.questia.com/library/journal/1P3-1066690801/conflict-management-styles-of-male-and-female-junior,Chan C; Monroe G; Ng J; Tan R,4,23,pp. 289 - 295,,,,UNSW staff profile,,,,,
Gary Monroe,https://www.unsw.edu.au/staff/gary-monroe,UNSW Sydney,Accounting,Conflict Management Styles of Male and Female Junior Accountants,,2006,Journal articles,,,Monroe G; Chan CC; Ng J; Tan R,4,23,pp. 289 - 295,,,,UNSW staff profile,,,,,
Gary Monroe,https://www.unsw.edu.au/staff/gary-monroe,UNSW Sydney,Accounting,The Impact of the Emotional Reaction and Cognitive Role of Occupational Stress on Professional Public Accountants' Performance,Asian Review of Accounting,2004,Journal articles,,,Monroe G; Chong V,2,12,pp. 64 - 78,,,,UNSW staff profile,,,,,
Gary Monroe,https://www.unsw.edu.au/staff/gary-monroe,UNSW Sydney,Accounting,The Impact of Monetary Policy Candidness on Australian Financial Markets,Journal of Multinational Financial Management,2004,Journal articles,10.1016/S1042-444X(03)00037-9,http://dx.doi.org/10.1016/S1042-444X(03)00037-9,Monroe G; Gasbarro D,2,14,pp. 35 - 46,,,0.82148371,UNSW staff profile,False,10,1.1207,1042-444X,W2009843712
Gary Monroe,https://www.unsw.edu.au/staff/gary-monroe,UNSW Sydney,Accounting,Exploring Social Desirability Bias,Journal of Business Ethics,2003,Journal articles,,http://www.jstor.org/stable/25075038,Monroe G; Chung J,2,44,pp. 291 - 302,,,,UNSW staff profile,,,,,
Gary Monroe,https://www.unsw.edu.au/staff/gary-monroe,UNSW Sydney,Accounting,Auditor independence: Problems and solutions,Australian Accounting Review,2002,Journal articles,10.1111/j.1835-2561.2002.tb00197.x,http://dx.doi.org/10.1111/j.1835-2561.2002.tb00197.x,Monroe GS,1,12,pp. 2,,,0.24849496,UNSW staff profile,False,1,0.0,1035-6908,W1973675775
Gary Monroe,https://www.unsw.edu.au/staff/gary-monroe,UNSW Sydney,Accounting,A Research Note on the Effects of Gender and Task Complexity on an Audit Judgment,Behavioral Research in Accounting,2001,Journal articles,10.2308/bria.2001.13.1.111,http://dx.doi.org/10.2308/bria.2001.13.1.111,Monroe G; Chung J,2,13,pp. 111 - 126,,,0.80830671,UNSW staff profile,False,182,1.3214,1050-4753,W2045154181
Gary Monroe,https://www.unsw.edu.au/staff/gary-monroe,UNSW Sydney,Accounting,The Effects of Experience and Task Difficulty on Accuracy and Confidence Assessments of Auditors,Accounting and Finance,2000,Journal articles,10.1111/1467-629X.00040,http://dx.doi.org/10.1111/1467-629X.00040,Monroe G; Chung J,2,40,pp. 135 - 152,,,0.85983592,UNSW staff profile,False,60,0.7473,0810-5391,W2153402303
Gary Monroe,https://www.unsw.edu.au/staff/gary-monroe,UNSW Sydney,Accounting,An Examination of Order Effects in Auditors’ Inherent Risk Assessments,Accounting and Finance,2000,Journal articles,10.1111/1467-629X.00041,http://dx.doi.org/10.1111/1467-629X.00041,Monroe G; Ng J,2,40,pp. 153 - 168,,,0.93759818,UNSW staff profile,True,40,2.9894,0810-5391,W2107048872
Gary Monroe,https://www.unsw.edu.au/staff/gary-monroe,UNSW Sydney,Accounting,Supervisory Factors Affecting Job Satisfaction in Public Accounting Firms,Australian Accounting Review,2000,Journal articles,,,Monroe G; Soutar G; Clabaugh CA,3,10,pp. 65 - 72,,,,UNSW staff profile,,,,,
Gary Monroe,https://www.unsw.edu.au/staff/gary-monroe,UNSW Sydney,Accounting,The Effects of Counterexplanation and Source of Hypothesis on Developing Audit Judgment,Accounting Education,1999,Journal articles,,,Monroe G; Chung J,2,8,pp. 111 - 126,,,,UNSW staff profile,,,,,
Gary Monroe,https://www.unsw.edu.au/staff/gary-monroe,UNSW Sydney,Accounting,Major Fraud by People in Positions of Financial Trust in Australia,Balkan Law Review,1999,Journal articles,,,Monroe G; Kapardis M,2,2,pp. 26 - 36,,,,UNSW staff profile,,,,,
Gary Monroe,https://www.unsw.edu.au/staff/gary-monroe,UNSW Sydney,Accounting,Gender Differences in Information Processing: An Empirical Test of the Hypothesis Confirming Strategy in an Audit Context,Accounting and Finance,1998,Journal articles,10.1111/1467-629X.00013,http://dx.doi.org/10.1111/1467-629X.00013,Monroe G; Chung J,2,38,pp. 265 - 279,,,0.89921848,UNSW staff profile,False,63,1.7226,0810-5391,W2042920426
Gary Monroe,https://www.unsw.edu.au/staff/gary-monroe,UNSW Sydney,Accounting,The Effect of Audit Training and Experience on the Attention Given to Relevant and Irrelevant Information When Assessing Inherent Risk,International Journal of Business Studies,1998,Journal articles,,,Monroe G; Waters R,2,6,pp. 63 - 77,,,,UNSW staff profile,,,,,
Gary Monroe,https://www.unsw.edu.au/staff/gary-monroe,UNSW Sydney,Accounting,Voluntary Environmental Disclosure by Australian Listed Mineral Mining Companies: An Application of Stakeholder Theory,The International Journal of Accounting and Business Society,1997,Journal articles,,http://ijabs.ub.ac.id/index.php/ijabs/article/view/124/115,Monroe G; Christopher; Humoto S,3,5,pp. 42 - 66,,,,UNSW staff profile,,,,,
Gary Monroe,https://www.unsw.edu.au/staff/gary-monroe,UNSW Sydney,Accounting,Risikoorientierte Jahresabachlußprufung und Inharentes Risiko - Zur Bedeutung der Faktoren des Inharenten Risikos,Betriebswirtschaftliche Forschung Und Praxis,1997,Journal articles,,,Monroe G; Ng J; Quick R,3,3,pp. 209 - 228,,,,UNSW staff profile,,,,,
Gary Monroe,https://www.unsw.edu.au/staff/gary-monroe,UNSW Sydney,Accounting,The Relation Between Audit Firm Size and Audit Quality: An Empirical Investigation of Australian Audits,Perspectives on Contemporary Auditing,1997,Journal articles,,,Monroe G; Tan E,2,,pp. 35 - 47,,,,UNSW staff profile,,,,,
Gary Monroe,https://www.unsw.edu.au/staff/gary-monroe,UNSW Sydney,Accounting,Risikoorientierte jahresabschlußprüfung und inhärentes risiko - Zur bedeutung der faktoren des inhärenten risikos,Betriebswirtschaftliche Forschung Und Praxis,1997,Journal articles,,,Quick R; Monroe GS; Ng JKL; Woodliff DR,4,1997,pp. 209 - 228,,,,UNSW staff profile,,,,,
Gary Monroe,https://www.unsw.edu.au/staff/gary-monroe,UNSW Sydney,Accounting,U.K .Auditors Perceptions of Inherent Risk,British Accounting Review,1996,Journal articles,10.1006/bare.1996.0003,http://dx.doi.org/10.1006/bare.1996.0003,Monroe G; Ng J; Woodliff D; Lyon; ng J,5,28,pp. 45 - 72,,,0.90971671,UNSW staff profile,True,24,2.4573,0890-8389,W2067176057
Gary Monroe,https://www.unsw.edu.au/staff/gary-monroe,UNSW Sydney,Accounting,The Effect of Training and Experience on the Organisation of Auditors’ Inherent Risk Knowledge,International Journal of Business Studies,1996,Journal articles,,,Monroe G; Waters R,2,4,pp. 67 - 88,,,,UNSW staff profile,,,,,
Gary Monroe,https://www.unsw.edu.au/staff/gary-monroe,UNSW Sydney,Accounting,DIFFERENTIAL INFORMATION AND THE UNDERPRICING OF INITIAL PUBLIC OFFERINGS: AUSTRALIAN EVIDENCE,Accounting Finance,1995,Journal articles,10.1111/j.1467-629X.1995.tb00278.x,http://dx.doi.org/10.1111/j.1467-629X.1995.tb00278.x,How JCY; Izan HY; Monroe GS,3,35,pp. 87 - 105,,,0.9171831,UNSW staff profile,True,85,2.7422,0810-5391,W2010787649
Gary Monroe,https://www.unsw.edu.au/staff/gary-monroe,UNSW Sydney,Accounting,Factors Affecting Auditors’ Perceptions of Audit Quality,Accountability and Performance Journal,1995,Journal articles,,http://research-repository.uwa.edu.au/en/publications/factors-affecting-auditors-perceptions-of-audit-quality(3b6342c1-5d54-4bb9-b38a-109c6998f232).html,Monroe G; Chang M,2,1,pp. 19 - 56,,,,UNSW staff profile,,,,,
Gary Monroe,https://www.unsw.edu.au/staff/gary-monroe,UNSW Sydney,Accounting,"The Impact of Inherent Risk, Control Risk and Analytical Review Results on Auditors' Planning Judgments for the Purchases, Cash Disbursements, and Inventory Cycle",Accountability and Performance Journal,1995,Journal articles,,http://research-repository.uwa.edu.au/en/publications/the-impact-of-inherent-risk-control-risk-and-analytical-review-results-on-auditors-planning-judgments-for-the-purchases-cash-disbursements-and-inv,Monroe G; Chang M,2,1,pp. 31 - 54,,,,UNSW staff profile,,,,,
Gary Monroe,https://www.unsw.edu.au/staff/gary-monroe,UNSW Sydney,Accounting,Differential Information and the Underpricing of Initial Public Offerings: Australian Evidence,Accounting and Finance,1995,Journal articles,10.1111/j.1467-629X.1996.tb00278.x,http://dx.doi.org/10.1111/j.1467-629X.1996.tb00278.x,Monroe G; Izan H; How J,3,35,pp. 87 - 106,,,,UNSW staff profile,,,,,
Gary Monroe,https://www.unsw.edu.au/staff/gary-monroe,UNSW Sydney,Accounting,The Efficiency of Expert Systems as a Technique for Modelling Audit Judgement,International Journal of Business Studies,1995,Journal articles,,http://research-repository.uwa.edu.au/en/publications/the-efficiency-of-expert-systems-as-a-technique-for-modelling-audit-judgement(bfdc8a88-c2b2-479d-b82f-5207bf700ebb).html,Monroe G; Lloyd P; Goldschmidt P,3,3,pp. 13 - 28,,,,UNSW staff profile,,,,,
Gary Monroe,https://www.unsw.edu.au/staff/gary-monroe,UNSW Sydney,Accounting,The Effect of Audit Committees on the Likelihood of Receiving a Qualified Audit Opinion,Perspectives on Contemporary Auditing,1995,Journal articles,,,Monroe G; Robinson P; Teh SS,3,,pp. 17 - 31,,,,UNSW staff profile,,,,,
Gary Monroe,https://www.unsw.edu.au/staff/gary-monroe,UNSW Sydney,Accounting,Great Expectations: Public Perceptions of the Auditor’s Role,"Australian Accounting Review,",1994,Journal articles,,,Monroe G; Woodliff D,2,,pp. 42 - 53,,,,UNSW staff profile,,,,,
Gary Monroe,https://www.unsw.edu.au/staff/gary-monroe,UNSW Sydney,Accounting,The Audit Expectation Gap: Messages Communicated Through the Unqualified Audit Report,Perspectives on Contemporary Auditing,1994,Journal articles,,,Monroe G; Woodliff D,2,,pp. 47 - 56,,,,UNSW staff profile,,,,,
Gary Monroe,https://www.unsw.edu.au/staff/gary-monroe,UNSW Sydney,Accounting,A Laboratory Investigation of the Effects of Limiting Auditors’ Liability,International Journal of Business Studies,1994,Journal articles,,,Monroe G,1,2,pp. 17 - 40,,,,UNSW staff profile,,,,,
Gary Monroe,https://www.unsw.edu.au/staff/gary-monroe,UNSW Sydney,Accounting,An Empirical Investigation of the Audit Expectation Gap: Australian Evidence,Accounting and Finance,1994,Journal articles,,,Monroe G,1,,,,,,UNSW staff profile,,,,,
Gary Monroe,https://www.unsw.edu.au/staff/gary-monroe,UNSW Sydney,Accounting,The Importance of Inherent Risk Factors: Auditors’ Perception,Australian Accounting Review,1993,Journal articles,,,Monroe G; Ng J; Woodliff D,3,3,pp. 34 - 46,,,,UNSW staff profile,,,,,
Gary Monroe,https://www.unsw.edu.au/staff/gary-monroe,UNSW Sydney,Accounting,The Importance Of Inherent Risk Factors: Auditors‘ Perceptions,Australian Accounting Review,1993,Journal articles,10.1111/j.1835-2561.1993.tb00370.x,http://dx.doi.org/10.1111/j.1835-2561.1993.tb00370.x,Monroe GS; Ng JKL; Woodliff DR,3,3,pp. 34 - 46,,,0.91331889,UNSW staff profile,True,9,2.8909,1035-6908,W2033790469
Gary Monroe,https://www.unsw.edu.au/staff/gary-monroe,UNSW Sydney,Accounting,PREDICTING UNCERTAINTY AUDIT QUALIFICATIONS IN AUSTRALIA USING PUBLICLY AVAILABLE INFORMATION,Accounting Finance,1993,Journal articles,10.1111/j.1467-629X.1993.tb00200.x,http://dx.doi.org/10.1111/j.1467-629X.1993.tb00200.x,Monroe GS; Teh ST,2,33,pp. 79 - 106,,,0.8708118,UNSW staff profile,False,73,1.4454,0810-5391,W2078883088
Gary Monroe,https://www.unsw.edu.au/staff/gary-monroe,UNSW Sydney,Accounting,THE EFFECT OF EDUCATION ON THE AUDIT EXPECTATION GAP,Accounting Finance,1993,Journal articles,10.1111/j.1467-629X.1993.tb00195.x,http://dx.doi.org/10.1111/j.1467-629X.1993.tb00195.x,Monroe GS; Woodliff DR,2,33,pp. 61 - 78,,,0.95682614,UNSW staff profile,True,130,5.7817,0810-5391,W2068478643
Gary Monroe,https://www.unsw.edu.au/staff/gary-monroe,UNSW Sydney,Accounting,Limiting Auditors‘ Liability: The Potential Consequences,Australian Accounting Review,1992,Journal articles,10.1111/j.1835-2561.1992.tb00135.x,http://dx.doi.org/10.1111/j.1835-2561.1992.tb00135.x,Monroe GS; Juliana N; Wellington AJ,3,1,pp. 16 - 26,,,0.82579476,UNSW staff profile,False,2,1.1506,1035-6908,W1990612922
Gary Monroe,https://www.unsw.edu.au/staff/gary-monroe,UNSW Sydney,Accounting,Earnings Disaggregation and Market Efficiency,SSRN Electronic Journal,,Journal articles,10.2139/ssrn.3711802,http://dx.doi.org/10.2139/ssrn.3711802,Han M; Jackson AB; Monroe GS,3,,,,,,UNSW staff profile,,2,,1556-5068,W3111632796
Kate Morgan,https://www.unsw.edu.au/staff/kate-morgan,UNSW Sydney,Accounting,Pivoting in a COVID-19 teaching environment: developing interactive teaching approaches and online assessments to improve students’ experiences,Accounting Research Journal,2021,Journal articles,10.1108/ARJ-09-2020-0302,http://dx.doi.org/10.1108/ARJ-09-2020-0302,Morgan KL; Chen W,2,34,pp. 313 - 322,,,0.80771698,UNSW staff profile,False,7,1.1975,1030-9616,W3171067467
Kate Morgan,https://www.unsw.edu.au/staff/kate-morgan,UNSW Sydney,Accounting,The effect of brainstorming guidelines on individual auditors’ identification of potential frauds,Australian Journal of Management,2018,Journal articles,10.1177/0312896217728560,http://dx.doi.org/10.1177/0312896217728560,Chen W; Khalifa AS; Morgan KL; Trotman KT,4,43,pp. 225 - 240,,,0.73311307,UNSW staff profile,False,11,0.4115,0312-8962,W2766798481
Richard Morris,https://www.unsw.edu.au/staff/richard-morris1,UNSW Sydney,Accounting,Commentary on ‘Accounting for Inflation: The Dog That Didn't Bark,Abacus,2024,Journal articles,10.1111/abac.12316,http://dx.doi.org/10.1111/abac.12316,Morris RD,1,60,pp. 13 - 20,,,,UNSW staff profile,,0,,0001-3072,W4391750956
Richard Morris,https://www.unsw.edu.au/staff/richard-morris1,UNSW Sydney,Accounting,The Impact of IFRS on the Use of Private Debt Covenants: International Evidence,Journal of International Accounting Research,2022,Journal articles,10.2308/JIAR-2021-085,http://dx.doi.org/10.2308/JIAR-2021-085,Li J; Lim Y; Morris RD,3,21,pp. 125 - 150,,,0.8025999,UNSW staff profile,False,4,1.1784,1542-6297,W4224323008
Richard Morris,https://www.unsw.edu.au/staff/richard-morris1,UNSW Sydney,Accounting,The value relevance of fair value and historical cost measurements during the financial crisis,Accounting and Finance,2021,Journal articles,10.1111/acfi.12655,http://dx.doi.org/10.1111/acfi.12655,Liao L; Kang H; Morris RD,3,61,pp. 2069 - 2107,,,0.94487511,UNSW staff profile,True,29,4.6534,0810-5391,W3038440378
Richard Morris,https://www.unsw.edu.au/staff/richard-morris1,UNSW Sydney,Accounting,Coping with COVID: pivoting perspectives from teaching a third-year undergraduate financial accounting course,Accounting Research Journal,2021,Journal articles,10.1108/ARJ-09-2020-0295,http://dx.doi.org/10.1108/ARJ-09-2020-0295,Morris RD; Dai L; De Groote S; Holmes E; Lau L; Li CK; Nguyen P,7,34,pp. 279 - 289,,,0.78626522,UNSW staff profile,False,4,1.11,1030-9616,W3145663842
Richard Morris,https://www.unsw.edu.au/staff/richard-morris1,UNSW Sydney,Accounting,Earnings Co-Movements and the Informativeness of Earnings,"Abacus: a journal of accounting, finance and business studies",2020,Journal articles,10.1111/abac.12200,http://dx.doi.org/10.1111/abac.12200,Li C; Jackson A; Morris R,3,56,pp. 295 - 319,,,0.89611563,UNSW staff profile,False,12,2.4818,0001-3072,W3080660440
Richard Morris,https://www.unsw.edu.au/staff/richard-morris1,UNSW Sydney,Accounting,The impact of legal efficacy on value relevance of the three-level fair value measurement hierarchy,Pacific Basin Finance Journal,2020,Journal articles,10.1016/j.pacfin.2019.101259,http://dx.doi.org/10.1016/j.pacfin.2019.101259,Liao L; Yao D; Kang H; Morris RD,4,59,,,,0.9033557,UNSW staff profile,True,20,2.517,0927-538X,W2993825036
Richard Morris,https://www.unsw.edu.au/staff/richard-morris1,UNSW Sydney,Accounting,Commentary: Where is International Accounting Research Going? Issues Needing Further Investigation,Journal of International Accounting Auditing and Taxation,2019,Journal articles,10.1016/j.intaccaudtax.2019.100286,http://dx.doi.org/10.1016/j.intaccaudtax.2019.100286,Gordon EA; Gotti G; Ho JH; Mora A; Morris RD,5,37,,,,,UNSW staff profile,,19,,1061-9518,W2988311647
Richard Morris,https://www.unsw.edu.au/staff/richard-morris1,UNSW Sydney,Accounting,Disclosure Overload? An Empirical Analysis of International Financial Reporting Standards Disclosure Requirements,Abacus,2019,Journal articles,10.1111/abac.12148,http://dx.doi.org/10.1111/abac.12148,Saha A; Morris RD; Kang H,3,55,pp. 205 - 236,,,0.96545721,UNSW staff profile,True,29,7.1316,0001-3072,W2922815806
Richard Morris,https://www.unsw.edu.au/staff/richard-morris1,UNSW Sydney,Accounting,Evolution of intangible asset accounting: Evidence from Australia,Journal of International Financial Management and Accounting,2018,Journal articles,10.1111/jifm.12081,http://dx.doi.org/10.1111/jifm.12081,Dinh T; Kang H; Morris RD; Schultze W,4,29,pp. 247 - 279,,,0.87050661,UNSW staff profile,False,9,1.9038,0954-1314,W2794057856
Richard Morris,https://www.unsw.edu.au/staff/richard-morris1,UNSW Sydney,Accounting,The determinants of voluntary strategy disclosure: an international comparison,Accounting Research Journal,2018,Journal articles,10.1108/ARJ-10-2015-0126,http://dx.doi.org/10.1108/ARJ-10-2015-0126,Morris R; Tronnes PC,2,31,pp. 423 - 441,,,0.97109613,UNSW staff profile,True,35,8.3444,1030-9616,W2883775215
Richard Morris,https://www.unsw.edu.au/staff/richard-morris1,UNSW Sydney,Accounting,Robert Henry (Bob) Parker (September 1932-July 2016) Obituary,ECONOMIC AND LABOUR RELATIONS REVIEW,2017,Journal articles,10.1177/1035304617706256,http://dx.doi.org/10.1177/1035304617706256,Morris RD,1,28,pp. 349 - 351,,,0.06689005,UNSW staff profile,False,0,0.0,1035-3046,W2618310800
Richard Morris,https://www.unsw.edu.au/staff/richard-morris1,UNSW Sydney,Accounting,The Phoenix rises: The Australian accounting standards board and IFRS adoption,Journal of International Accounting Research,2017,Journal articles,10.2308/jiar-10545,http://dx.doi.org/10.2308/jiar-10545,Morris RD,1,16,pp. 155 - 157,,,,UNSW staff profile,,0,,1542-6297,W2769121257
Richard Morris,https://www.unsw.edu.au/staff/richard-morris1,UNSW Sydney,Accounting,The determinants and value relevance of banks' discretionary loan loss provisions during the financial crisis,Journal of Contemporary Accounting and Economics,2016,Journal articles,10.1016/j.jcae.2016.07.001,http://dx.doi.org/10.1016/j.jcae.2016.07.001,Morris RD; Kang H; Jie J,3,12,pp. 176 - 190,,,0.97485404,UNSW staff profile,True,52,8.7189,1815-5669,W2460046761
Richard Morris,https://www.unsw.edu.au/staff/richard-morris1,UNSW Sydney,Accounting,"Book review: Jane Gleeson-White, Six Capitals: The Revolution Capitalism Has to Have – or Can Accountants Save the Planet?",The Economic and Labour Relations Review,2015,Journal articles,10.1177/1035304615613036,http://dx.doi.org/10.1177/1035304615613036,Morris RD,1,26,pp. 689 - 693,,,0.34648914,UNSW staff profile,False,0,0.0,1035-3046,W2576899431
Richard Morris,https://www.unsw.edu.au/staff/richard-morris1,UNSW Sydney,Accounting,The persistence of international accounting differences as measured on transition to IFRS,Accounting and Business Research,2014,Journal articles,10.1080/00014788.2014.987202,http://dx.doi.org/10.1080/00014788.2014.987202,Hellman N; Gray SJ; Morris RD; Haller A,4,,,,,0.95890563,UNSW staff profile,True,24,6.0386,0001-4788,W2037076091
Richard Morris,https://www.unsw.edu.au/staff/richard-morris1,UNSW Sydney,Accounting,Preparers' Perceptions of the Costs and Benefits of IFRS: Evidence from Australia's Implementation Experience,Accounting Horizons,2014,Journal articles,10.2308/acch-50609,http://dx.doi.org/10.2308/acch-50609,Morris RD; Gray SJ; Pickering J; Aisbitt S,4,28,pp. 143 - 173,,,0.98616692,UNSW staff profile,True,65,14.0092,0888-7993,W2131673377
Richard Morris,https://www.unsw.edu.au/staff/richard-morris1,UNSW Sydney,Accounting,Corporate governance and earnings management: An Australian perspective,Corporate Ownership and Control,2013,Journal articles,,http://www.virtusinterpress.org/IMG/pdf/Helen_Kang_Sidney_Leung_Richard_D-Morris_Sidney_J-_Gray_paper_COC__Volume_10_Issue_3_Spring_2013_.pdf,Kang H; Leung S; Gray SJ; Morris RD,4,10,pp. 95 - 113,,,,UNSW staff profile,,,,,
Richard Morris,https://www.unsw.edu.au/staff/richard-morris1,UNSW Sydney,Accounting,Information asymmetry of fair value accounting during the financial crisis,Journal of Contemporary Accounting & Economics,2013,Journal articles,10.1016/j.jcae.2013.10.001,http://dx.doi.org/10.1016/j.jcae.2013.10.001,Kang HH; Liao L; Morris RD,3,9,pp. 221 - 236,,,0.91943458,UNSW staff profile,True,44,3.1404,1815-5669,W2046528569
Richard Morris,https://www.unsw.edu.au/staff/richard-morris1,UNSW Sydney,Accounting,An investigation of the relationship between use of international accounting standards and source of company finance in Germany,ABACUS - A Journal of Accounting Finance and Business Studies,2012,Journal articles,10.1111/j.1467-6281.2012.00373.x/pdf,http://dx.doi.org/10.1111/j.1467-6281.2012.00373.x/pdf,Morris RD; Tarca A; Moy M,3,49,pp. 74 - 98,,,,UNSW staff profile,,,,,
Richard Morris,https://www.unsw.edu.au/staff/richard-morris1,UNSW Sydney,Accounting,The Value Relevance of Transparency and Corporate Governance in Malaysia Before and After the Asian Financial Crisis,ABACUS - A Journal of Accounting Finance and Business Studies,2011,Journal articles,10.1111/j.1467-6281.2011.00339.x,http://dx.doi.org/10.1111/j.1467-6281.2011.00339.x,Morris RD; Pham T; Gray SJ,3,47,pp. 205 - 233,,,0.9666782,UNSW staff profile,True,41,7.7844,0001-3072,W1536086700
Richard Morris,https://www.unsw.edu.au/staff/richard-morris1,UNSW Sydney,Accounting,The Split Equity Reform and Corporate Financial Transparency in China,Accounting Research Journal,2010,Journal articles,10.1108/10309611011060515,http://dx.doi.org/10.1108/10309611011060515,Green WJ; Morris RD; Tang H,3,23,pp. 20 - 48,,,0.87513074,UNSW staff profile,False,13,1.3105,1030-9616,W1991551392
Richard Morris,https://www.unsw.edu.au/staff/richard-morris1,UNSW Sydney,Accounting,Equity Accounting Adoption in Regulated and Unregulated Settings: An Empirical Study,ABACUS - A Journal of Accounting Finance and Business Studies,2006,Journal articles,10.1111/j.1467-6281.2006.00187.x,http://dx.doi.org/10.1111/j.1467-6281.2006.00187.x,Morris RD; Gordon I,2,42,pp. 22 - 42,,,0.88637115,UNSW staff profile,False,12,1.3475,0001-3072,W2006556866
Richard Morris,https://www.unsw.edu.au/staff/richard-morris1,UNSW Sydney,Accounting,"Washington Consensus, Emerging Economies and Company Financial Reporting:  An Appraisal",Research in Accounting in Emerging Economies,2004,Journal articles,,,Hooper VJ; Morris RD,2,6,pp. 93 - 116,,,,UNSW staff profile,,,,,
Richard Morris,https://www.unsw.edu.au/staff/richard-morris1,UNSW Sydney,Accounting,Financial Reporting Practices of Indonesian Companies Before And After The Asian Financial Crisis,Asia Pacific Journal of Accounting and Economics,2004,Journal articles,,,Morris RD; Ho BU; Pham TM; Gray SJ,4,11,pp. 193 - 221,,,,UNSW staff profile,,,,,
Richard Morris,https://www.unsw.edu.au/staff/richard-morris1,UNSW Sydney,Accounting,Corporate Transparency in an International Accounting Context,Indian Accounting Review,2004,Journal articles,,,Susilowati I; Morris RD; Gray SJ,3,8,pp. 1 - 23,,,,UNSW staff profile,,,,,
Richard Morris,https://www.unsw.edu.au/staff/richard-morris1,UNSW Sydney,Accounting,Economic Determinants of Depreciation Accounting in Late Nineteenth Century Britain,"Accounting, Business and Financial History",2003,Journal articles,,,"Morris RD; Carlon, S",2,13,pp. 275 - 303,,,,UNSW staff profile,,,,,
Richard Morris,https://www.unsw.edu.au/staff/richard-morris1,UNSW Sydney,Accounting,The influence of U.S. GAAP on the harmony of accounting measurement policies of large companies in the U.K. and Australia,ABACUS - A Journal of Accounting Finance and Business Studies,2001,Journal articles,10.1111/1467-6281.00089,http://dx.doi.org/10.1111/1467-6281.00089,Parker RH; Morris RD,2,37,pp. 297 - 328,,,0.94240286,UNSW staff profile,True,49,3.5994,0001-3072,W2096505932
Richard Morris,https://www.unsw.edu.au/staff/richard-morris1,UNSW Sydney,Accounting,International harmony measures of accounting policy:comparative statistical properties,Accounting and Business Research,1998,Journal articles,,,Morris RD; Parker RL,2,,pp. 73 - 86,,,,UNSW staff profile,,,,,
Richard Morris,https://www.unsw.edu.au/staff/richard-morris1,UNSW Sydney,Accounting,The equity accounting saga in Australia: cyclical standard setting,ABACUS - A Journal of Accounting Finance and Business Studies,1996,Journal articles,10.1111/j.1467-6281.1996.tb00457.x,http://dx.doi.org/10.1111/j.1467-6281.1996.tb00457.x,Morris RD; Gordon I,2,32,pp. 153 - 177,,,0.87803334,UNSW staff profile,False,14,2.2323,0001-3072,W2044852694
Richard Morris,https://www.unsw.edu.au/staff/richard-morris1,UNSW Sydney,Accounting,Distributable Profit in Nineteenth Century British Regulated Industries,"Accounting, Business and Financial History",1993,Journal articles,10.1080/09585209300000044,http://dx.doi.org/10.1080/09585209300000044,Morris RD,1,3,pp. 165 - 195,,,0.9302404,UNSW staff profile,True,15,3.5301,0958-5206,W2067958426
Richard Morris,https://www.unsw.edu.au/staff/richard-morris1,UNSW Sydney,Accounting,Distributable Profit in Britain Since 1980: A Critical Appraisal,"ABACUS: a journal of accounting, finance and business studies",1991,Journal articles,10.1111/j.1467-6281.1991.tb00254.x,http://dx.doi.org/10.1111/j.1467-6281.1991.tb00254.x,Morris RD,1,27,pp. 15 - 31,,,0.26914153,UNSW staff profile,False,6,0.0,0001-3072,W2046250937
Richard Morris,https://www.unsw.edu.au/staff/richard-morris1,UNSW Sydney,Accounting,Audit Firm Lobbying on Proposed Disclosure Requirements,Australian Journal of Management,1990,Journal articles,10.1177/031289629001500203,http://dx.doi.org/10.1177/031289629001500203,Deegan C; Morris RD; Stokes D,3,15,pp. 261 - 280,,,0.30384144,UNSW staff profile,False,20,0.0,0312-8962,W2030773924
Richard Morris,https://www.unsw.edu.au/staff/richard-morris1,UNSW Sydney,Accounting,"Signalling, Agency Theory and Accounting Policy Choice",Accounting and Business Research,1987,Journal articles,10.1080/00014788.1987.9729347,http://dx.doi.org/10.1080/00014788.1987.9729347,Morris RD,1,18,pp. 47 - 56,,,0.3372093,UNSW staff profile,False,542,0.0,0001-4788,W2067060814
Richard Morris,https://www.unsw.edu.au/staff/richard-morris1,UNSW Sydney,Accounting,Lee v. Neuchatel Asphalte Company (1889) and Depreciation Accounting: Two Empirical Studies,Accounting and Business Research,1986,Journal articles,10.1080/00014788.1986.9729783,http://dx.doi.org/10.1080/00014788.1986.9729783,Morris RD,1,17,pp. 71 - 81,,,0.92569659,UNSW staff profile,True,19,2.7922,0001-4788,W1991880714
Richard Morris,https://www.unsw.edu.au/staff/richard-morris1,UNSW Sydney,Accounting,Corporate Disclosure in a Substantially Unregulated Environment,"ABACUS: a journal of accounting, finance and business studies",1984,Journal articles,10.1111/j.1467-6281.1984.tb00191.x,http://dx.doi.org/10.1111/j.1467-6281.1984.tb00191.x,Morris RD,1,20,pp. 52 - 86,,,0.96874475,UNSW staff profile,True,22,10.1483,0001-3072,W2035863335
Fariborz Moshirian,https://www.unsw.edu.au/staff/fariborz-moshirian,UNSW Sydney,Finance,Operational Proximity and Cross-border Shareholder Monitoring,Journal of Financial and Quantitative Analysis,2026,Journal articles,10.1017/S0022109026102932,http://dx.doi.org/10.1017/S0022109026102932,Moshirian F; Pham P; Tak JJ,3,,,,,0.00223686,UNSW staff profile,False,0,0.0,0022-1090,W4394585569
Fariborz Moshirian,https://www.unsw.edu.au/staff/fariborz-moshirian,UNSW Sydney,Finance,Trust and Corporate Ownership Structure,SSRN Electronic Journal,2026,Journal articles,10.2139/ssrn.6728481,http://dx.doi.org/10.2139/ssrn.6728481,zhang S; Liu L; Moshirian F; Zhang B,4,,,,,,UNSW staff profile,,0,,1556-5068,W7160509742
Fariborz Moshirian,https://www.unsw.edu.au/staff/fariborz-moshirian,UNSW Sydney,Finance,Opportunities and challenges associated with the development of FinTech and Central Bank Digital Currency,Journal of Financial Stability,2024,Journal articles,10.1016/j.jfs.2024.101280,http://dx.doi.org/10.1016/j.jfs.2024.101280,Claessens S; Cong LW; Moshirian F; Park CY,4,73,,,,0.99082893,UNSW staff profile,True,27,17.6282,1572-3089,W4399035677
Fariborz Moshirian,https://www.unsw.edu.au/staff/fariborz-moshirian,UNSW Sydney,Finance,Foreign Ties That Bind: Cross-Border Firm Expansions and Fund Portfolio Allocation Around the World,Journal of Financial and Quantitative Analysis,2023,Journal articles,10.1017/S0022109022000941,http://dx.doi.org/10.1017/S0022109022000941,Moshirian F; Pham PK; Tian S; Wu E,4,58,pp. 1768 - 1807,,,0.87279196,UNSW staff profile,False,10,1.949,0022-1090,W4296098313
Fariborz Moshirian,https://www.unsw.edu.au/staff/fariborz-moshirian,UNSW Sydney,Finance,"Stock Market Liberalization and Innovation,",Journal of Financial Economics,2021,Journal articles,10.1016/j.jfineco.2020.08.018,http://dx.doi.org/10.1016/j.jfineco.2020.08.018,Moshirian F; Zhang B; Tian X,3,139,pp. 985 - 1014,,,0.99955883,UNSW staff profile,True,398,53.6687,0304-405X,W3123197402
Fariborz Moshirian,https://www.unsw.edu.au/staff/fariborz-moshirian,UNSW Sydney,Finance,"The way forward for banks during the COVID-19 crisis and beyond: Government and central bank responses, threats to the global banking industry",Journal of Banking and Finance,2021,Journal articles,10.1016/j.jbankfin.2021.106303,http://dx.doi.org/10.1016/j.jbankfin.2021.106303,N Berger A; Demirgüç-Kunt A; Moshirian F; Saunders A,4,133,,,,,UNSW staff profile,,47,,0378-4266,W3193908808
Fariborz Moshirian,https://www.unsw.edu.au/staff/fariborz-moshirian,UNSW Sydney,Finance,How Do Foreign Institutional Investors Enhance Firm Innovation.,Journal of Financial and Quantitative Analysis,2017,Journal articles,10.1017/S0022109017000497,http://dx.doi.org/10.1017/S0022109017000497,Luong H; Moshirian F; Nguyen L; Xuan T; Zhang B,5,52,pp. 1449 - 1490,,,0.99874626,UNSW staff profile,True,507,47.1921,0022-1090,W3125622685
Fariborz Moshirian,https://www.unsw.edu.au/staff/fariborz-moshirian,UNSW Sydney,Finance,Commonality in news around the world,Journal of Financial Economics,2015,Journal articles,10.1016/j.jfineco.2014.11.007,http://dx.doi.org/10.1016/j.jfineco.2014.11.007,Dang TL; Moshirian F; Zhang B,3,116,pp. 82 - 110,,,0.99184904,UNSW staff profile,True,202,20.3879,0304-405X,W3123607707
Fariborz Moshirian,https://www.unsw.edu.au/staff/fariborz-moshirian,UNSW Sydney,Finance,Creating value by changing the old guard: The impact of controlling shareholder heterogeneity on firm performance and corporate policies,Journal of Financial and Quantitative Analysis,2013,Journal articles,10.1017/S0022109014000039,http://dx.doi.org/10.1017/S0022109014000039,Deng H; Moshirian F; Pham PK; Zein J,4,48,pp. 1781 - 1811,,,0.90435949,UNSW staff profile,True,8,2.3651,0022-1090,W1985464407
Fariborz Moshirian,https://www.unsw.edu.au/staff/fariborz-moshirian,UNSW Sydney,Finance,"The global financial crisis and the evolution of markets, institutions and regulation",Journal of Banking and Finance,2011,Journal articles,10.1016/j.jbankfin.2010.08.010,http://dx.doi.org/10.1016/j.jbankfin.2010.08.010,Moshirian F,1,35,pp. 502 - 511,,,0.98632613,UNSW staff profile,True,150,12.6432,0378-4266,W3124620569
Fariborz Moshirian,https://www.unsw.edu.au/staff/fariborz-moshirian,UNSW Sydney,Finance,Bank stock returns and economic growth,Journal of Banking and Finance,2008,Journal articles,10.1016/j.jbankfin.2007.07.006,http://dx.doi.org/10.1016/j.jbankfin.2007.07.006,Cole R; Moshirian F; Wu Q,3,32,pp. 995 - 1007,,,0.75602501,UNSW staff profile,False,1,0.3914,0378-4266,W3022437303
Fariborz Moshirian,https://www.unsw.edu.au/staff/fariborz-moshirian,UNSW Sydney,Finance,When Financial Institutions are Large Shareholders- The Role of Macro Corporate Governance Environments,Journal of Finance,2007,Journal articles,,,Li D; Moshirian F; Pham KP; Zein J,4,61,pp. 2975 - 3007,,,,UNSW staff profile,,,,,
Fariborz Moshirian,https://www.unsw.edu.au/staff/fariborz-moshirian,UNSW Sydney,Finance,Financial services: Global perspectives,Journal of Banking & Finance,2004,Journal articles,10.1016/j.jbankfin.2003.10.002,http://dx.doi.org/10.1016/j.jbankfin.2003.10.002,Moshirian F,1,28,pp. 269 - 276,,,0.83042171,UNSW staff profile,False,10,1.1207,0378-4266,W2087599272
Natalie Oh,https://www.unsw.edu.au/staff/natalie-oh,UNSW Sydney,Finance,Unsung guardians? Communal fraud susceptibility and complaints following mass financial adviser attrition,British Accounting Review,2025,Journal articles,10.1016/j.bar.2025.101615,http://dx.doi.org/10.1016/j.bar.2025.101615,Oh NYN; Parwada JT; Wang E,3,,,,,0.03359729,UNSW staff profile,False,0,0.0,0890-8389,W4408021064
Natalie Oh,https://www.unsw.edu.au/staff/natalie-oh,UNSW Sydney,Finance,Should Indirect Brokerage Fees Be Capped? Lessons from Mutual Fund Marketing and Distribution Expenses,Journal of Financial and Quantitative Analysis,2017,Journal articles,10.1017/S0022109017000060,http://dx.doi.org/10.1017/S0022109017000060,Oh NY; Parwada JT; Tan EKM,3,52,pp. 781 - 809,,,0.80379936,UNSW staff profile,False,10,0.9297,0022-1090,W3122641963
Natalie Oh,https://www.unsw.edu.au/staff/natalie-oh,UNSW Sydney,Finance,"Implicit Trading Costs, Divergence of Opinion, and Short -Selling Constraints in the Limit Book Order Market",Journal of Trading,2010,Journal articles,10.3905/JOT.2010.5.2.092,http://dx.doi.org/10.3905/JOT.2010.5.2.092,Oh NY,1,5,pp. 92 - 101,,,0.78548253,UNSW staff profile,False,2,0.7024,1559-3967,W2110558055
Natalie Oh,https://www.unsw.edu.au/staff/natalie-oh,UNSW Sydney,Finance,"Foreign versus Local Investors: Who Knows More? Who Makes More?, ,",Journal of Banking and Finance,2009,Journal articles,,,Kalev P; Nguyen A; Oh NY,3,32,pp. 2376 - 2389,,,,UNSW staff profile,,,,,
Natalie Oh,https://www.unsw.edu.au/staff/natalie-oh,UNSW Sydney,Finance,Investors` trading behavior and performance: Online versus non-online equity trading in Korea,Pacific Basin Finance Journal,2008,Journal articles,,,Oh NY; Parwada JT; Walter TS,3,16,pp. 26 - 43,,,,UNSW staff profile,,,,,
Natalie Oh,https://www.unsw.edu.au/staff/natalie-oh,UNSW Sydney,Finance,RELATIONS BETWEEN MUTUAL FUND FLOWS AND STOCK MARKET RETURNS IN KOREA,Journal of International Financial Markets Institutions and Money,2007,Journal articles,,,Oh NY; Parwada JT,2,17,pp. 140 - 151,,,,UNSW staff profile,,,,,
Jerry Parwada,https://www.unsw.edu.au/staff/jerry-parwada,UNSW Sydney,Finance,Information-processing gap and insider trading profitability: Evidence from the XBRL mandate,British Accounting Review,2026,Journal articles,10.1016/j.bar.2026.101941,http://dx.doi.org/10.1016/j.bar.2026.101941,Huang Y; Parwada JT; Shan YG; Yang JW,4,,,,,0.77872028,UNSW staff profile,False,0,0.0,0890-8389,W7168492327
Jerry Parwada,https://www.unsw.edu.au/staff/jerry-parwada,UNSW Sydney,Finance,Informal Foreign Currency Market Rate Coordination and Remittance Flows,Applied Economics,2025,Journal articles,10.1080/00036846.2024.2403780,http://dx.doi.org/10.1080/00036846.2024.2403780,Gurira P; Parwada JT,2,57,pp. 8745 - 8768,,,0.89369498,UNSW staff profile,False,6,2.3684,0003-6846,W4402836236
Jerry Parwada,https://www.unsw.edu.au/staff/jerry-parwada,UNSW Sydney,Finance,Unsung guardians? Communal fraud susceptibility and complaints following mass financial adviser attrition,British Accounting Review,2025,Journal articles,10.1016/j.bar.2025.101615,http://dx.doi.org/10.1016/j.bar.2025.101615,Oh NYN; Parwada JT; Wang E,3,,,,,0.03359729,UNSW staff profile,False,0,0.0,0890-8389,W4408021064
Jerry Parwada,https://www.unsw.edu.au/staff/jerry-parwada,UNSW Sydney,Finance,"The more we know, the less we agree: A test of the trading horizon heterogeneity theory",The Financial Review,2022,Journal articles,10.1111/fire.12282,http://dx.doi.org/10.1111/fire.12282,Dai L; Parwada J; Winchester DW; Zhang B,4,57,pp. 45 - 67,,,0.83856283,UNSW staff profile,False,7,1.4765,0732-8516,W3187855994
Jerry Parwada,https://www.unsw.edu.au/staff/jerry-parwada,UNSW Sydney,Finance,Financial Transaction Tax and Market Quality: Evidence from France,International Review of Finance,2021,Journal articles,10.1111/irfi.12342,http://dx.doi.org/10.1111/irfi.12342,Parwada J; Rui Y; Shen J,3,22,pp. 90 - 113,,,0.02912526,UNSW staff profile,False,1,0.0,1369-412X,W3119854680
Jerry Parwada,https://www.unsw.edu.au/staff/jerry-parwada,UNSW Sydney,Finance,When Does a Stock Boycott Work? Evidence from a Clinical Study of the Sudan Divestment Campaign,Journal of Business Ethics,2020,Journal articles,10.1007/s10551-018-4021-0,http://dx.doi.org/10.1007/s10551-018-4021-0,Ding N; Parwada J; Shen J; Zhou S,4,163,pp. 507 - 527,,,0.87096374,UNSW staff profile,False,12,1.2918,0167-4544,W3121186066
Jerry Parwada,https://www.unsw.edu.au/staff/jerry-parwada,UNSW Sydney,Finance,Are entrepreneurs special? Evidence from board appointments,Journal of Business Venturing,2020,Journal articles,10.1016/j.jbusvent.2020.106003,http://dx.doi.org/10.1016/j.jbusvent.2020.106003,Faleye O; Kung W; Parwada JT; Tian GY,4,35,pp. 106003,,,0.90035924,UNSW staff profile,True,16,2.4818,0883-9026,W3124744562
Jerry Parwada,https://www.unsw.edu.au/staff/jerry-parwada,UNSW Sydney,Finance,The application of scam compliance models to investment fraud offending,Journal of Criminological Research Policy and Practice,2020,Journal articles,10.1108/JCRPP-12-2019-0073,http://dx.doi.org/10.1108/JCRPP-12-2019-0073,Lacey D; Goode S; Pawada J; Gibson D; Parwada J,5,6,pp. 65 - 81,,,0.93565835,UNSW staff profile,True,21,3.359,2056-3841,W3012100899
Jerry Parwada,https://www.unsw.edu.au/staff/jerry-parwada,UNSW Sydney,Finance,Did connected hedge funds benefit from bank bailouts during the financial crisis?,Journal of Banking and Finance,2019,Journal articles,10.1016/j.jbankfin.2019.08.003,http://dx.doi.org/10.1016/j.jbankfin.2019.08.003,Faff RW; Parwada JT; Tan EKM,3,107,pp. 105605,,,0.69262534,UNSW staff profile,False,5,0.5114,0378-4266,W2966471591
Jerry Parwada,https://www.unsw.edu.au/staff/jerry-parwada,UNSW Sydney,Finance,Information sharing within the networks of delegated portfolio managers: Evidence from plan sponsors and their sub-advisors,Journal of Behavioral Finance,2017,Journal articles,10.1080/15427560.2016.1238369,http://dx.doi.org/10.1080/15427560.2016.1238369,Ning D; Parwada J; Shen J,3,18,pp. 99 - 113,,,0.61168131,UNSW staff profile,False,2,0.305,1520-8834,W2586618175
Jerry Parwada,https://www.unsw.edu.au/staff/jerry-parwada,UNSW Sydney,Finance,Should Indirect Brokerage Fees Be Capped? Lessons from Mutual Fund Marketing and Distribution Expenses,Journal of Financial and Quantitative Analysis,2017,Journal articles,10.1017/S0022109017000060,http://dx.doi.org/10.1017/S0022109017000060,Oh NY; Parwada JT; Tan EKM,3,52,pp. 781 - 809,,,0.80379936,UNSW staff profile,False,10,0.9297,0022-1090,W3122641963
Jerry Parwada,https://www.unsw.edu.au/staff/jerry-parwada,UNSW Sydney,Finance,The governance effect of the media's news dissemination role: Evidence from insider trading,Journal of Accounting Research,2015,Journal articles,10.1111/1475-679X.12073,http://dx.doi.org/10.1111/1475-679X.12073,Dai L; Parwada JT; Zhang B,3,53,pp. 331 - 366,,,0.99792848,UNSW staff profile,True,485,45.5631,0021-8456,W3121551309
Jerry Parwada,https://www.unsw.edu.au/staff/jerry-parwada,UNSW Sydney,Finance,Location Decisions of Domestic and Foreign-Affiliated Financial Advisors: Australian Evidence,Journal of Financial Services Research,2012,Journal articles,10.1007/s10693-011-0123-x,http://dx.doi.org/10.1007/s10693-011-0123-x,Faff R; Lodh T; Parwada JT,3,42,pp. 207 - 228,,,0.16461223,UNSW staff profile,False,2,0.0,0920-8550,W2056041966
Jerry Parwada,https://www.unsw.edu.au/staff/jerry-parwada,UNSW Sydney,Finance,Evolution of a mutual fund market: Empirical analysis of simultaneous growth and decline by fund category in Indonesia,Journal of International Financial Markets Institutions and Money,2012,Journal articles,10.1016/j.intfin.2012.05.012,http://dx.doi.org/10.1016/j.intfin.2012.05.012,Narulita WA; Parwada JT,2,22,pp. 1217 - 1236,,,0.77336486,UNSW staff profile,False,6,0.714,1042-4431,W2017433673
Jerry Parwada,https://www.unsw.edu.au/staff/jerry-parwada,UNSW Sydney,Finance,Predicting stock price movements: an ordered probit analysis on the Australian Securities Exchange,Quantitative Finance,2012,Journal articles,,,Yang JW; Parwada JT,2,12,pp. 791 - 804,,,,UNSW staff profile,,,,,
Jerry Parwada,https://www.unsw.edu.au/staff/jerry-parwada,UNSW Sydney,Finance,Information Diffusion among International Fund Managers: Multi-country Evidence,Financial Management,2009,Journal articles,,,Parwada JT; Yang JW,2,38,pp. 817 - 835,,,,UNSW staff profile,,,,,
Jerry Parwada,https://www.unsw.edu.au/staff/jerry-parwada,UNSW Sydney,Finance,Investors` trading behavior and performance: Online versus non-online equity trading in Korea,Pacific Basin Finance Journal,2008,Journal articles,,,Oh NY; Parwada JT; Walter TS,3,16,pp. 26 - 43,,,,UNSW staff profile,,,,,
Jerry Parwada,https://www.unsw.edu.au/staff/jerry-parwada,UNSW Sydney,Finance,The genesis of home bias? The location and portfolio choices of investment company start-ups,JOURNAL OF FINANCIAL AND QUANTITATIVE ANALYSIS,2008,Journal articles,10.1017/S0022109000002817,http://dx.doi.org/10.1017/S0022109000002817,Parwada JT,1,43,pp. 245 - 266,,,0.94990998,UNSW staff profile,True,71,4.1341,0022-1090,W3125726972
Jerry Parwada,https://www.unsw.edu.au/staff/jerry-parwada,UNSW Sydney,Finance,The information content of Australian managed fund ratings,Journal of Business Finance and Accounting,2007,Journal articles,10.1111/j.1468-5957.2007.02053.x,http://dx.doi.org/10.1111/j.1468-5957.2007.02053.x,Faff R; Parwada JT; Poh H,3,34,pp. 1528 - 1547,,,0.73174285,UNSW staff profile,False,13,0.3914,0306-686X,W2127493437
Jerry Parwada,https://www.unsw.edu.au/staff/jerry-parwada,UNSW Sydney,Finance,INSTITUTIONAL INVESTMENT FLOWS AND THE DETERMINANTS OF TOP FUND MANAGER TURNOVER,Accounting and Finance,2007,Journal articles,,,Gallagher DR; Parwada JT; DISHI E,3,47,pp. 243 - 266,,,,UNSW staff profile,,,,,
Jerry Parwada,https://www.unsw.edu.au/staff/jerry-parwada,UNSW Sydney,Finance,RELATIONS BETWEEN MUTUAL FUND FLOWS AND STOCK MARKET RETURNS IN KOREA,Journal of International Financial Markets Institutions and Money,2007,Journal articles,,,Oh NY; Parwada JT,2,17,pp. 140 - 151,,,,UNSW staff profile,,,,,
Jerry Parwada,https://www.unsw.edu.au/staff/jerry-parwada,UNSW Sydney,Finance,Investors` response to mutual fund company mergers,International Journal of Managerial Finance,2006,Journal articles,,,Allen D; Parwada JT,2,2,pp. 121 - 135,,,,UNSW staff profile,,,,,
Jerry Parwada,https://www.unsw.edu.au/staff/jerry-parwada,UNSW Sydney,Finance,"Fund flows, MERs and managed fund ratings: Australian Evidence",Journal of Investing,2006,Journal articles,,,Parwada JT; Faff R,2,15,pp. 69 - 78,,,,UNSW staff profile,,,,,
Jerry Parwada,https://www.unsw.edu.au/staff/jerry-parwada,UNSW Sydney,Finance,Pension plan investment management mandates: An empirical analysis of manager selection,Journal of Financial Services Research,2005,Journal articles,,,Parwada JT; Faff R,2,27,pp. 77 - 98,,,,UNSW staff profile,,,,,
Jerry Parwada,https://www.unsw.edu.au/staff/jerry-parwada,UNSW Sydney,Finance,Effects of Bank Funds Management Activities on the Disintermediation of Bank Deposits,Journal of Business Finance and Accounting,2004,Journal articles,,,Parwada JT; Allen D,2,37,pp. 1151 - 1169,,,,UNSW staff profile,,,,,
Jerry Parwada,https://www.unsw.edu.au/staff/jerry-parwada,UNSW Sydney,Finance,Trends and determinants of Australian managed fund transaction costs,Accounting and Finance,2003,Journal articles,,,Parwada JT,1,43,pp. 345 - 363,,,,UNSW staff profile,,,,,
Elise Payzan,https://www.unsw.edu.au/staff/elise-payzan,UNSW Sydney,Finance,Craving money? Evidence from the laboratory and the field,Science Advances,2024,Journal articles,10.1126/sciadv.adi5034,http://dx.doi.org/10.1126/sciadv.adi5034,Payzan-LeNestour E; Doran J,2,10,,,,0.92629888,UNSW staff profile,True,5,3.4091,2375-2548,W4390830434
Elise Payzan,https://www.unsw.edu.au/staff/elise-payzan,UNSW Sydney,Finance,Reproducibility in Management Science,Management Science,2023,Journal articles,10.1287/mnsc.2023.03556,http://dx.doi.org/10.1287/mnsc.2023.03556,Fišar M; Greiner B; Huber C; Katok E; Ozkes AI; Sojli E; Tham WW,7,,,,,0.98137432,UNSW staff profile,True,43,7.6022,0025-1909,W4390104160
Elise Payzan,https://www.unsw.edu.au/staff/elise-payzan,UNSW Sydney,Finance,Biased risk perceptions: Evidence from the laboratory and financial markets,Journal of Banking and Finance,2023,Journal articles,10.1016/j.jbankfin.2022.106685,http://dx.doi.org/10.1016/j.jbankfin.2022.106685,Payzan-LeNestour E; Pradier L; Putniņš TJ,3,154,,,,0.76877162,UNSW staff profile,False,6,0.9898,0378-4266,W4296984443
Elise Payzan,https://www.unsw.edu.au/staff/elise-payzan,UNSW Sydney,Finance,Harnessing Neuroscientific Insights to Generate Alpha,Financial Analysts Journal,2022,Journal articles,10.1080/0015198X.2022.2034468,http://dx.doi.org/10.1080/0015198X.2022.2034468,Payzan-LeNestour E; Doran J; Pradier L; Putniņš TJ,4,78,pp. 79 - 95,,,0.48405764,UNSW staff profile,False,2,0.1947,0015-198X,W4220748349
Elise Payzan,https://www.unsw.edu.au/staff/elise-payzan,UNSW Sydney,Finance,Outlier blindness: A neurobiological foundation for neglect of financial risk,Journal of Financial Economics,2022,Journal articles,10.1016/j.jfineco.2021.06.019,http://dx.doi.org/10.1016/j.jfineco.2021.06.019,Payzan-LeNestour E; Woodford M,2,143,pp. 1316 - 1343,,,0.9622857,UNSW staff profile,True,42,6.0865,0304-405X,W3176230353
Elise Payzan,https://www.unsw.edu.au/staff/elise-payzan,UNSW Sydney,Finance,Impact of ambient sound on risk perception in humans: neuroeconomic investigations,Scientific Reports,2021,Journal articles,10.1038/s41598-021-84359-7,http://dx.doi.org/10.1038/s41598-021-84359-7,Payzan-LeNestour E; Pradier L; Doran J; Nave G; Balleine B,5,11,pp. 5392,,,0.72199396,UNSW staff profile,False,9,0.8426,2045-2322,W3132423474
Elise Payzan,https://www.unsw.edu.au/staff/elise-payzan,UNSW Sydney,Finance,Can people learn about ‘black swans’? Experimental evidence,Review of Financial Studies,2018,Journal articles,10.1093/rfs/hhy040,http://dx.doi.org/10.1093/rfs/hhy040,Payzan-LeNestour E,1,31,pp. 4815 - 4862,,,0.7176274,UNSW staff profile,False,44,0.8692,0893-9454,W3123004228
Elise Payzan,https://www.unsw.edu.au/staff/elise-payzan,UNSW Sydney,Finance,Variance After-Effects Distort Risk Perception in Humans,Current Biology,2016,Journal articles,10.1016/j.cub.2016.04.023,http://dx.doi.org/10.1016/j.cub.2016.04.023,Payzan-LeNestour E; Balleine BW; Berrada T; Pearson J; Payzan E,5,26,pp. 1500 - 1504,,,0.78467635,UNSW staff profile,False,23,1.2845,0960-9822,W2345765045
Elise Payzan,https://www.unsw.edu.au/staff/elise-payzan,UNSW Sydney,Finance,"Learning About Unstable, Publicly Unobservable Payoffs",The Review of Financial Studies,2014,Journal articles,10.1093/rfs/hhu069,http://dx.doi.org/10.1093/rfs/hhu069,Payzan EL; Bossaerts P,2,,,,,0.9356627,UNSW staff profile,True,34,3.7603,0893-9454,W2254333216
Elise Payzan,https://www.unsw.edu.au/staff/elise-payzan,UNSW Sydney,Finance,The Neural Representation of Unexpected Uncertainty during Value-Based Decision Making,Neuron,2013,Journal articles,10.1016/j.neuron.2013.04.037,http://dx.doi.org/10.1016/j.neuron.2013.04.037,Payzan-Lenestour E; Bossaerts P; Dunne S; O''Doherty J,4,79,pp. 191 - 201,,,0.98324732,UNSW staff profile,True,296,8.0281,0896-6273,W2147971214
Elise Payzan,https://www.unsw.edu.au/staff/elise-payzan,UNSW Sydney,Finance,"Do not bet on the unknown versus try to find out more: Estimation uncertainty and ""unexpected uncertainty"" both modulate exploration",Frontiers in Neuroscience,2012,Journal articles,10.3389/fnins.2012.00150,http://dx.doi.org/10.3389/fnins.2012.00150,Payzan-Lenestour E; Bossaerts P,2,,pp. Article number 150,,,0.75906209,UNSW staff profile,False,64,1.167,1662-453X,W2060762691
Elise Payzan,https://www.unsw.edu.au/staff/elise-payzan,UNSW Sydney,Finance,"Risk, unexpected uncertainty, and estimation uncertainty: Bayesian learning in unstable settings",PLoS Computational Biology,2011,Journal articles,,,Payzan-Lenestour E; Bossaerts P,2,7,,,,,UNSW staff profile,,,,,
Elise Payzan,https://www.unsw.edu.au/staff/elise-payzan,UNSW Sydney,Finance,Outlier Blindness': Efficient Coding Generates an Inability to Represent Extreme Values,SSRN Electronic Journal,,Journal articles,10.2139/ssrn.3152166,http://dx.doi.org/10.2139/ssrn.3152166,Payzan-LeNestour E; Woodford M,2,,,,,,UNSW staff profile,,8,,1556-5068,W2908584116
Zihang Peng,https://www.unsw.edu.au/staff/zihang-peng,UNSW Sydney,Accounting,Controlling the narrative: managers’ topic-shifting behavior in conference calls,Review of Accounting Studies,2026,Journal articles,10.1007/s11142-026-09952-5,http://dx.doi.org/10.1007/s11142-026-09952-5,Dai L; Gong P; Jackson AB; Peng Z,4,31,pp. 1165 - 1206,,,0.98487685,UNSW staff profile,True,1,23.1718,1380-6653,W7142217131
Zihang Peng,https://www.unsw.edu.au/staff/zihang-peng,UNSW Sydney,Accounting,Impact of Corporate Risk Factor Disclosures on Auditor Judgements and Client Reporting: A Textual Analysis From 10-K Filings,Accounting and Finance,2026,Journal articles,10.1111/acfi.70110,http://dx.doi.org/10.1111/acfi.70110,Hossain S; Peng RZ,2,66,pp. 195 - 222,,,0.32343693,UNSW staff profile,False,0,0.0,0810-5391,W4414543285
Zihang Peng,https://www.unsw.edu.au/staff/zihang-peng,UNSW Sydney,Accounting,The effect of CEO adverse professional experience on management forecast pessimism,Accounting and Finance,2025,Journal articles,10.1111/acfi.13324,http://dx.doi.org/10.1111/acfi.13324,Khoo ES; Lu LY; Peng Z,3,65,pp. 219 - 250,,,0.80693611,UNSW staff profile,False,3,1.2742,0810-5391,W4401543937
Zihang Peng,https://www.unsw.edu.au/staff/zihang-peng,UNSW Sydney,Accounting,Global outsourcing and voluntary disclosure,Journal of Business Finance and Accounting,2024,Journal articles,10.1111/jbfa.12773,http://dx.doi.org/10.1111/jbfa.12773,Dai L; Dai R; Ng L; Peng Z,4,51,pp. 846 - 879,,,0.83772538,UNSW staff profile,False,5,1.2907,0306-686X,W4389497529
Zihang Peng,https://www.unsw.edu.au/staff/zihang-peng,UNSW Sydney,Accounting,Private Loan Issuance and Risk Factor Disclosure,The Accounting Review,2024,Journal articles,10.2308/tar-2021-0236,http://dx.doi.org/10.2308/tar-2021-0236,Dai L; Landsman WR; Peng Z,3,99,pp. 1 - 28,,,0.95094175,UNSW staff profile,True,9,5.4545,0001-4826,W4390661205
Zihang Peng,https://www.unsw.edu.au/staff/zihang-peng,UNSW Sydney,Accounting,Bridging the gap between stock price and bottom-line accounting numbers,Review of Accounting Studies,2024,Journal articles,10.1007/s11142-022-09722-z,http://dx.doi.org/10.1007/s11142-022-09722-z,Peng Z; Wang P; Christodoulou D,3,29,pp. 701 - 735,,,0.87299241,UNSW staff profile,False,8,1.949,1380-6653,W4296900932
Zihang Peng,https://www.unsw.edu.au/staff/zihang-peng,UNSW Sydney,Accounting,Climate change disclosure and the information environment in the initial public offering market,Accounting and Finance,2023,Journal articles,10.1111/acfi.13085,http://dx.doi.org/10.1111/acfi.13085,Chen JW; Khoo ES; Peng Z,3,63,pp. 907 - 952,,,0.97623644,UNSW staff profile,True,21,8.5651,0810-5391,W4360618717
Zihang Peng,https://www.unsw.edu.au/staff/zihang-peng,UNSW Sydney,Accounting,Do risk exposures explain accounting anomalies? A new testing method,Accounting and Finance,2023,Journal articles,10.1111/acfi.12999,http://dx.doi.org/10.1111/acfi.12999,Peng Z,1,63,pp. 2965 - 2983,,,0.13585227,UNSW staff profile,False,1,0.0,0810-5391,W4294325783
Zihang Peng,https://www.unsw.edu.au/staff/zihang-peng,UNSW Sydney,Accounting,Asymmetric impact of earnings news on investor uncertainty,Journal of Business Finance & Accounting,2019,Journal articles,10.1111/jbfa.12428,http://dx.doi.org/10.1111/jbfa.12428,Peng Z; Johnstone D; Christodoulou D,3,47,pp. 3 - 26,,,0.91833238,UNSW staff profile,True,25,3.04,0306-686X,W2999904991
Yee Shih Phua,https://www.unsw.edu.au/staff/yee-shih-phua,UNSW Sydney,Accounting,Auditing Standard Setting: A Process Framework,AUDITING-A JOURNAL OF PRACTICE & THEORY,2026,Journal articles,10.2308/AJPT-2024-056,http://dx.doi.org/10.2308/AJPT-2024-056,Trotman AJ; Phua YS; Trotman KT; Wright A,4,,,,,0.96636651,UNSW staff profile,True,0,0.0,0278-0380,W7164000988
Yee Shih Phua,https://www.unsw.edu.au/staff/yee-shih-phua,UNSW Sydney,Accounting,Influence of Control Precision and Prior Collaboration Experience on Trust and Cooperation in Inter-Organizational Relationships,Accounting Review,2022,Journal articles,10.2308/TAR-2019-0514,http://dx.doi.org/10.2308/TAR-2019-0514,Anderson SW; Cheng MM; Phua YS,3,97,pp. 1 - 22,,,0.72778275,UNSW staff profile,False,5,0.4445,0001-4826,W4200330389
Yee Shih Phua,https://www.unsw.edu.au/staff/yee-shih-phua,UNSW Sydney,Accounting,Getting to Know You: Trust Formation in New Buyer-Supplier Relationships and the Investment Consequences for Management Control and Collaboration,Contemporary Accounting Research,2017,Journal articles,10.1111/1911-3846.12282,http://dx.doi.org/10.1111/1911-3846.12282,Anderson SW; Chang HF; Cheng MM; Phua YS,4,34,pp. 940 - 965,,,0.91848423,UNSW staff profile,True,26,2.8485,0823-9150,W3121607575
Yee Shih Phua,https://www.unsw.edu.au/staff/yee-shih-phua,UNSW Sydney,Accounting,Controls as exit barriers in multi-period outsourcing arrangements,Accounting Review,2011,Journal articles,,,Phua YS; Abernethy MA; Lillis A,3,86,pp. 1795 - 1834,,,,UNSW staff profile,,,,,
Jonathan Reeves,https://www.unsw.edu.au/staff/jonathan-reeves,UNSW Sydney,Finance,Cryptocurrency systematic risk dynamics,Economics Letters,2024,Journal articles,10.1016/j.econlet.2024.111788,http://dx.doi.org/10.1016/j.econlet.2024.111788,Doan B; Jayasuriya D; Lee JB; Reeves JJ,4,241,,,,0.89486103,UNSW staff profile,False,3,1.9587,0165-1765,W4399366977
Jonathan Reeves,https://www.unsw.edu.au/staff/jonathan-reeves,UNSW Sydney,Finance,"Portfolio management for insurers and pension funds and COVID-19: targeting volatility for equity, balanced, and target-date funds with leverage constraints",Annals of Actuarial Science,2024,Journal articles,10.1017/S1748499523000143,http://dx.doi.org/10.1017/S1748499523000143,Doan B; Reeves JJ; Sherris M,3,18,pp. 78 - 101,,,0.83833717,UNSW staff profile,False,3,0.9394,1748-4995,W4383909126
Jonathan Reeves,https://www.unsw.edu.au/staff/jonathan-reeves,UNSW Sydney,Finance,Beta measurement with high frequency returns,Finance Research Letters,2022,Journal articles,10.1016/j.frl.2021.102632,http://dx.doi.org/10.1016/j.frl.2021.102632,Doan B; Lee JB; Liu Q; Reeves JJ,4,47,,,,0.65697869,UNSW staff profile,False,3,0.5939,1544-6123,W4206300257
Jonathan Reeves,https://www.unsw.edu.au/staff/jonathan-reeves,UNSW Sydney,Finance,Shifts in beta and the TARP announcement,Finance Research Letters,2022,Journal articles,10.1016/j.frl.2022.102704,http://dx.doi.org/10.1016/j.frl.2022.102704,Phin A; Prono T; Reeves JJ; Saxena K,4,47,,,,0.64070969,UNSW staff profile,False,1,0.2146,1544-6123,W4211206867
Jonathan Reeves,https://www.unsw.edu.au/staff/jonathan-reeves,UNSW Sydney,Finance,An analysis on the predictability of CAPM beta for momentum returns,Journal of Forecasting,2019,Journal articles,10.1002/for.2552,http://dx.doi.org/10.1002/for.2552,Cenesizoglu T; Papageorgiou N; Reeves JJ; Wu H,4,38,pp. 136 - 153,,,0.78152193,UNSW staff profile,False,7,0.8308,0277-6693,W3125713255
Jonathan Reeves,https://www.unsw.edu.au/staff/jonathan-reeves,UNSW Sydney,Finance,Targeting market neutrality,Quantitative Finance,2019,Journal articles,10.1080/14697688.2018.1479066,http://dx.doi.org/10.1080/14697688.2018.1479066,Lee JB; Reeves JJ; Tjahja AC; Xie X,4,19,pp. 437 - 451,,,0.67643209,UNSW staff profile,False,6,0.5459,1469-7688,W2582707085
Jonathan Reeves,https://www.unsw.edu.au/staff/jonathan-reeves,UNSW Sydney,Finance,"CAPM, components of beta and the cross section of expected returns",Journal of Empirical Finance,2018,Journal articles,10.1016/j.jempfin.2018.10.002,http://dx.doi.org/10.1016/j.jempfin.2018.10.002,Cenesizoglu T; Reeves JJ,2,49,pp. 223 - 246,,,0.81348784,UNSW staff profile,False,17,1.1078,0927-5398,W3122885723
Jonathan Reeves,https://www.unsw.edu.au/staff/jonathan-reeves,UNSW Sydney,Finance,Portfolio management with targeted constant market volatility,Insurance Mathematics and Economics,2018,Journal articles,10.1016/j.insmatheco.2018.09.010,http://dx.doi.org/10.1016/j.insmatheco.2018.09.010,Doan B; Papageorgiou N; Reeves JJ; Sherris M,4,83,pp. 134 - 147,,,0.71630261,UNSW staff profile,False,13,0.5539,0167-6687,W2897308859
Jonathan Reeves,https://www.unsw.edu.au/staff/jonathan-reeves,UNSW Sydney,Finance,"Level Shifts in Beta, Spurious Abnormal Returns and the TARP Announcement",Finance and Economics Discussion Series,2018,Journal articles,10.17016/feds.2018.081,http://dx.doi.org/10.17016/feds.2018.081,Phin A; Prono T; Reeves JJ; Saxena K,4,2018.0,,,,0.75410823,UNSW staff profile,False,2,0.4896,1936-2854,W2116957086
Jonathan Reeves,https://www.unsw.edu.au/staff/jonathan-reeves,UNSW Sydney,Finance,Beta forecasting at long horizons,International Journal of Forecasting,2017,Journal articles,10.1016/j.ijforecast.2017.06.004,http://dx.doi.org/10.1016/j.ijforecast.2017.06.004,Cenesizoglu T; de Oliveira Ferrazoli Ribeiro F; Reeves JJ,3,33,pp. 936 - 957,,,0.80422625,UNSW staff profile,False,9,0.9297,0169-2070,W3123361201
Jonathan Reeves,https://www.unsw.edu.au/staff/jonathan-reeves,UNSW Sydney,Finance,"Monthly Beta Forecasting with Low-, Medium- and High-Frequency Stock Returns",Journal of Forecasting,2016,Journal articles,,,Cenesizoglu T; Liu Q; Reeves JJ; Wu H,4,,,,,,UNSW staff profile,,,,,
Jonathan Reeves,https://www.unsw.edu.au/staff/jonathan-reeves,UNSW Sydney,Finance,Betas and the Myth of Market Neutrality,International Journal of Forecasting,2016,Journal articles,10.1016/j.ijforecast.2015.09.005,http://dx.doi.org/10.1016/j.ijforecast.2015.09.005,Papageorgiou N; Reeves JJ; Xie X,3,32,pp. 548 - 558,,,0.90445998,UNSW staff profile,True,13,2.548,0169-2070,W3123808201
Jonathan Reeves,https://www.unsw.edu.au/staff/jonathan-reeves,UNSW Sydney,Finance,Constant versus Time-Varying Beta Models: Further Forecast Evaluation,Journal of Forecasting,2013,Journal articles,10.1002/for.1268,http://dx.doi.org/10.1002/for.1268,Reeves JJ; Wu H,2,32,pp. 256 - 266,,,0.94218686,UNSW staff profile,True,39,3.9926,0277-6693,W2315682763
Jonathan Reeves,https://www.unsw.edu.au/staff/jonathan-reeves,UNSW Sydney,Finance,Forecasting Volatility in the Presence of Model Instability,Australian and New Zealand Journal of Statistics,2010,Journal articles,,http://papers.ssrn.com/sol3/cf_dev/AbsByAuth.cfm?per_id=543942,Maheu JM; Reeves JJ; Xie X,3,52,pp. 221 - 237,,,,UNSW staff profile,,,,,
Jonathan Reeves,https://www.unsw.edu.au/staff/jonathan-reeves,UNSW Sydney,Finance,Estimation and Inference in ARCH Models in the Presence of Outliers,Journal of Financial Econometrics,2010,Journal articles,,http://papers.ssrn.com/sol3/papers.cfm?abstract_id=1673049,Reeves JJ; Gregory AW,2,8,pp. 547 - 569,,,,UNSW staff profile,,,,,
Jonathan Reeves,https://www.unsw.edu.au/staff/jonathan-reeves,UNSW Sydney,Finance,Quarterly Beta Forecasting: An Evaluation,International Journal of Forecasting,2008,Journal articles,,,Hooper VJ; Ng K; Reeves JJ,3,24,pp. 480 - 489,,,,UNSW staff profile,,,,,
Jonathan Reeves,https://www.unsw.edu.au/staff/jonathan-reeves,UNSW Sydney,Finance,Bootstrap Prediction Intervals for ARCH Models,International Journal of Forecasting,2005,Journal articles,,,Reeves JJ,1,21,pp. 237 - 248,,,,UNSW staff profile,,,,,
Greg Richins,https://www.unsw.edu.au/staff/greg-richins,UNSW Sydney,Accounting,Goal Setting in Accounting Research: A Systematic Review and Reflections on Future Research Opportunities With AI-Assisted Augmentation,Accounting and Finance,2025,Journal articles,10.1111/acfi.70036,http://dx.doi.org/10.1111/acfi.70036,Richins G,1,65,pp. 3174 - 3193,,,0.83300589,UNSW staff profile,False,2,2.0118,0810-5391,W4410260716
Greg Richins,https://www.unsw.edu.au/staff/greg-richins,UNSW Sydney,Accounting,The effects of prevalence induced concept change on audit scepticism judgements,Accounting and Finance,2024,Journal articles,10.1111/acfi.13312,http://dx.doi.org/10.1111/acfi.13312,Richins G; Trotman KT; Yang D,3,64,pp. 4429 - 4446,,,0.68161921,UNSW staff profile,False,1,0.3821,0810-5391,W4401237903
Greg Richins,https://www.unsw.edu.au/staff/greg-richins,UNSW Sydney,Accounting,Small sample field study: The effects of team-based recognition on employee engagement and effort,Management Accounting Research,2023,Journal articles,10.1016/j.mar.2022.100829,http://dx.doi.org/10.1016/j.mar.2022.100829,Presslee A; Richins G; Saiy S; Webb A,4,,,,,0.97288577,UNSW staff profile,True,27,7.5196,1044-5005,W4315488665
Greg Richins,https://www.unsw.edu.au/staff/greg-richins,UNSW Sydney,Accounting,Big Data Analytics: Opportunity or Threat for the Accounting Profession?,JOURNAL OF INFORMATION SYSTEMS,2017,Journal articles,10.2308/isys-51805,http://dx.doi.org/10.2308/isys-51805,Richins G; Stapleton A; Stratopoulos TC; Wong C,4,31,pp. 63 - 79,,,0.99790451,UNSW staff profile,True,353,35.4314,0888-7985,W3122214705
Kristle Romero Cortes,https://www.unsw.edu.au/staff/kristle-romero-cortes,UNSW Sydney,Finance,The Unintended Consequences of Employer Credit Check Bans for Labor Markets,The Review of Economics and Statistics,2020,Journal articles,10.26509/frbc-wp-201625r2,http://dx.doi.org/10.26509/frbc-wp-201625r2,Cortés KR; Glover AS; Tasci M,3,,,,,,UNSW staff profile,,5,,2573-7945,W2574219238
Kristle Romero Cortes,https://www.unsw.edu.au/staff/kristle-romero-cortes,UNSW Sydney,Finance,Stress tests and small business lending,Journal of Financial Economics,2019,Journal articles,10.1016/j.jfineco.2019.08.008,http://dx.doi.org/10.1016/j.jfineco.2019.08.008,Cortés KR; Demyanyk Y; Li L; Loutskina E; Strahan PE,5,136,pp. 260 - 279,,,0.99833924,UNSW staff profile,True,244,28.6411,0304-405X,W2790699512
Kristle Romero Cortes,https://www.unsw.edu.au/staff/kristle-romero-cortes,UNSW Sydney,Finance,Stress Tests and Small Business Lending,Journal of Financial Economics,2017,Journal articles,10.1016/j.jfineco.2019.08.008,http://dx.doi.org/10.1016/j.jfineco.2019.08.008,Cortés K; Demyanyk Y; Li L; Loutskina E; Strahan P,5,,,,,0.99833924,UNSW staff profile,True,244,28.6411,0304-405X,W2790699512
Kristle Romero Cortes,https://www.unsw.edu.au/staff/kristle-romero-cortes,UNSW Sydney,Finance,Tracing out capital flows: How financially integrated banks respond to natural disasters,Journal of Financial Economics,2017,Journal articles,10.1016/j.jfineco.2017.04.011,http://dx.doi.org/10.1016/j.jfineco.2017.04.011,Cortés KR; Strahan PE,2,125,pp. 182 - 199,,,0.99667022,UNSW staff profile,True,489,25.1023,0304-405X,W3124686131
Kristle Romero Cortes,https://www.unsw.edu.au/staff/kristle-romero-cortes,UNSW Sydney,Finance,Clouded judgment: The role of sentiment in credit origination,Journal of Financial Economics,2016,Journal articles,10.1016/j.jfineco.2016.05.001,http://dx.doi.org/10.1016/j.jfineco.2016.05.001,Cortés K; Duchin R; Sosyura D,3,121,pp. 392 - 413,,,0.9849773,UNSW staff profile,True,134,11.4661,0304-405X,W2288829031
Kristle Romero Cortes,https://www.unsw.edu.au/staff/kristle-romero-cortes,UNSW Sydney,Finance,Bridging the gap? Government subsidized lending and access to capital,The Review of Corporate Finance Studies,2013,Journal articles,10.1093/rcfs/cft002,http://dx.doi.org/10.1093/rcfs/cft002,Cortés KR; Lerner J,2,2,pp. 98 - 128,,,0.73534259,UNSW staff profile,False,8,0.3926,2046-9128,W2246680324
Breno Schmidt,https://www.unsw.edu.au/staff/breno-schmidt,UNSW Sydney,Finance,Costs and benefits of friendly boards during mergers and acquisitions,Journal of Financial Economics,2015,Journal articles,10.1016/j.jfineco.2015.02.007,http://dx.doi.org/10.1016/j.jfineco.2015.02.007,Schmidt B,1,117,pp. 424 - 447,,,0.99849542,UNSW staff profile,True,305,53.449,0304-405X,W3122627007
Breno Schmidt,https://www.unsw.edu.au/staff/breno-schmidt,UNSW Sydney,Finance,Cash flow hedging and liquidity choices,Review of Finance,2014,Journal articles,10.1093/rof/rft006,http://dx.doi.org/10.1093/rof/rft006,Disatnik D; Duchin R; Schmidt B,3,18,pp. 715 - 748,,,0.9853756,UNSW staff profile,True,90,13.4022,1382-6662,W3121175243
Breno Schmidt,https://www.unsw.edu.au/staff/breno-schmidt,UNSW Sydney,Finance,"Riding the merger wave: Uncertainty, reduced monitoring, and bad acquisitions",Journal of Financial Economics,2013,Journal articles,10.1016/j.jfineco.2012.07.003,http://dx.doi.org/10.1016/j.jfineco.2012.07.003,Duchin R; Schmidt B,2,107,pp. 69 - 88,,,0.99349552,UNSW staff profile,True,258,24.0538,0304-405X,W3122070374
Breno Schmidt,https://www.unsw.edu.au/staff/breno-schmidt,UNSW Sydney,Finance,Attracting flows by attracting big clients,Journal of Finance,2009,Journal articles,10.1111/j.1540-6261.2009.01496.x,http://dx.doi.org/10.1111/j.1540-6261.2009.01496.x,Cohen L; Schmidt B,2,64,pp. 2125 - 2151,,,0.9829641,UNSW staff profile,True,128,14.2608,0022-1082,W1998179554
Rik Sen,https://www.unsw.edu.au/staff/rik-sen,UNSW Sydney,Finance,Measuring vaccine effectiveness from limited public health datasets: Framework and estimates from India’s second COVID wave,Science Advances,2022,Journal articles,10.1126/sciadv.abn4274,http://dx.doi.org/10.1126/sciadv.abn4274,Mukherjee A; Panayotov G; Sen R; Dutta H; Ghosh P,5,8,,,,0.4695285,UNSW staff profile,False,3,0.1934,2375-2548,W4229032603
Rik Sen,https://www.unsw.edu.au/staff/rik-sen,UNSW Sydney,Finance,Eyes on the Prize: Do Industry Tournament Incentives Shape the Structure of Executive Compensation?,Journal of Financial and Quantitative Analysis,2021,Journal articles,10.1017/S0022109021000570,http://dx.doi.org/10.1017/S0022109021000570,Islam E; Rahman L; Sen R; Zein J,4,,,,,0.90597507,UNSW staff profile,True,20,2.8137,0022-1090,W3196585112
Rik Sen,https://www.unsw.edu.au/staff/rik-sen,UNSW Sydney,Finance,Inside Brokers,Journal of Financial Economics,2021,Journal articles,10.1016/j.jfineco.2021.05.029,http://dx.doi.org/10.1016/j.jfineco.2021.05.029,Sen R; Li W; Mukherjee A,3,141,pp. 1096 - 1118,,,0.89740075,UNSW staff profile,False,20,2.3203,0304-405X,W4206962918
Rik Sen,https://www.unsw.edu.au/staff/rik-sen,UNSW Sydney,Finance,Do nonexecutive employees have valuable information? Evidence from employee stock purchase plans,Management Science,2016,Journal articles,10.1287/mnsc.2015.2226,http://dx.doi.org/10.1287/mnsc.2015.2226,Babenko I; Sen R,2,62,pp. 1878 - 1898,,,0.96050585,UNSW staff profile,True,67,6.0386,0025-1909,W2179223602
Rik Sen,https://www.unsw.edu.au/staff/rik-sen,UNSW Sydney,Finance,Discipline or disruption? Stakeholder relationships and the effect of takeover threat,Management Science,2016,Journal articles,10.1287/mnsc.2015.2252,http://dx.doi.org/10.1287/mnsc.2015.2252,Cen L; Dasgupta S; Sen R,3,62,pp. 2820 - 2841,,,0.99128773,UNSW staff profile,True,122,19.841,0025-1909,W3124271257
Rik Sen,https://www.unsw.edu.au/staff/rik-sen,UNSW Sydney,Finance,"Stocking up: Executive optimism, option exercise, and share retention",Journal of Financial Economics,2015,Journal articles,10.1016/j.jfineco.2015.08.001,http://dx.doi.org/10.1016/j.jfineco.2015.08.001,Tumarkin RM; Sen R,2,118,pp. 399 - 430,,,0.94818689,UNSW staff profile,True,43,4.5061,0304-405X,W3124557920
Rik Sen,https://www.unsw.edu.au/staff/rik-sen,UNSW Sydney,Finance,Money left on the table: An analysis of participation in employee stock purchase plans,Review of Financial Studies,2014,Journal articles,10.1093/rfs/hhu050,http://dx.doi.org/10.1093/rfs/hhu050,Babenko I; Sen R,2,27,pp. 3658 - 3698,,,0.97001107,UNSW staff profile,True,76,7.3396,0893-9454,W3124902794
Rik Sen,https://www.unsw.edu.au/staff/rik-sen,UNSW Sydney,Finance,Regulating CEO Pay: Evidence from the Nonprofit Revitalization Act,SSRN Electronic Journal,,Journal articles,10.2139/ssrn.3777576,http://dx.doi.org/10.2139/ssrn.3777576,Babenko I; Bennett B; Sen R,3,,,,,,UNSW staff profile,,16,,1556-5068,W3155149045
Jianfeng Shen,https://www.unsw.edu.au/staff/jianfeng-shen,UNSW Sydney,Finance,"Reprint of: Heterogeneity in the integration of ESG measures in executive compensation: Determinants, contracting details and outcomes",British Accounting Review,2025,Journal articles,10.1016/j.bar.2025.101559,http://dx.doi.org/10.1016/j.bar.2025.101559,Hou S; Shen J; Yu C; Zhou S,4,57,,,,0.98558636,UNSW staff profile,True,7,14.8611,0890-8389,W4407556881
Jianfeng Shen,https://www.unsw.edu.au/staff/jianfeng-shen,UNSW Sydney,Finance,Health Risk and Stock Return: Evidence From SARS and COVID-19,International Review of Finance,2025,Journal articles,10.1111/irfi.70049,http://dx.doi.org/10.1111/irfi.70049,Ma C; Shen J; Zhang H,3,25,,,,0.30304864,UNSW staff profile,False,0,0.0,1369-412X,W4416672987
Jianfeng Shen,https://www.unsw.edu.au/staff/jianfeng-shen,UNSW Sydney,Finance,Credit rating and stock return comovement,Journal of Banking and Finance,2025,Journal articles,10.1016/j.jbankfin.2025.107474,http://dx.doi.org/10.1016/j.jbankfin.2025.107474,Shen J; Zhang H; Zhang W,3,177,,,,0.75796053,UNSW staff profile,False,1,1.2202,0378-4266,W4410194431
Jianfeng Shen,https://www.unsw.edu.au/staff/jianfeng-shen,UNSW Sydney,Finance,"Erratum: Withdrawal notice to: <’ Heterogeneity in the Integration of ESG Measures in Executive Compensation: Determinants, Contracting Details and Outcomes ‘><[YBARE(56/6) (2024) / 101440]> (The British Accounting Review (2024) 56(6), (S089083892400204X), (10.1016/j.bar.2024.101440))",British Accounting Review,2024,Journal articles,10.1016/j.bar.2024.101546,http://dx.doi.org/10.1016/j.bar.2024.101546,Hou S; Shen J; Yu C; Zhou S,4,56,,,,0.19556447,UNSW staff profile,False,0,0.0,0890-8389,W4405111939
Jianfeng Shen,https://www.unsw.edu.au/staff/jianfeng-shen,UNSW Sydney,Finance,"Heterogeneity in the integration of ESG measures in executive compensation: Determinants, contracting details and outcomes",British Accounting Review,2024,Journal articles,10.1016/j.bar.2024.101440,http://dx.doi.org/10.1016/j.bar.2024.101440,Hou S; Shen J; Yu C; Zhou S,4,56,pp. 101440,,,,UNSW staff profile,,1,,0890-8389,W4400479350
Jianfeng Shen,https://www.unsw.edu.au/staff/jianfeng-shen,UNSW Sydney,Finance,Financial Transaction Tax and Market Quality: Evidence from France,International Review of Finance,2021,Journal articles,10.1111/irfi.12342,http://dx.doi.org/10.1111/irfi.12342,Parwada J; Rui Y; Shen J,3,22,pp. 90 - 113,,,0.02912526,UNSW staff profile,False,1,0.0,1369-412X,W3119854680
Jianfeng Shen,https://www.unsw.edu.au/staff/jianfeng-shen,UNSW Sydney,Finance,When Does a Stock Boycott Work? Evidence from a Clinical Study of the Sudan Divestment Campaign,Journal of Business Ethics,2020,Journal articles,10.1007/s10551-018-4021-0,http://dx.doi.org/10.1007/s10551-018-4021-0,Ding N; Parwada J; Shen J; Zhou S,4,163,pp. 507 - 527,,,0.87096374,UNSW staff profile,False,12,1.2918,0167-4544,W3121186066
Jianfeng Shen,https://www.unsw.edu.au/staff/jianfeng-shen,UNSW Sydney,Finance,The global relation between financial distress and equity returns,The Review of Financial Studies,2018,Journal articles,10.1093/rfs/hhx060,http://dx.doi.org/10.1093/rfs/hhx060,Gao P; Parsons C; Shen J,3,31,pp. 239 - 277,,,0.97993597,UNSW staff profile,True,99,8.9872,0893-9454,W3122635193
Jianfeng Shen,https://www.unsw.edu.au/staff/jianfeng-shen,UNSW Sydney,Finance,U.S. Class Action Lawsuits Targeting Foreign Firms: The Country Spill-over Effect,Journal of Corporate Finance,2017,Journal articles,10.1016/j.jcorpfin.2017.05.011,http://dx.doi.org/10.1016/j.jcorpfin.2017.05.011,Huang X; Rui Y; Shen J; Tian G,4,45,pp. 378 - 400,,,0.88357822,UNSW staff profile,False,11,1.7265,0929-1199,W2940274580
Jianfeng Shen,https://www.unsw.edu.au/staff/jianfeng-shen,UNSW Sydney,Finance,Information sharing within the networks of delegated portfolio managers: Evidence from plan sponsors and their sub-advisors,Journal of Behavioral Finance,2017,Journal articles,10.1080/15427560.2016.1238369,http://dx.doi.org/10.1080/15427560.2016.1238369,Ning D; Parwada J; Shen J,3,18,pp. 99 - 113,,,0.61168131,UNSW staff profile,False,2,0.305,1520-8834,W2586618175
Jianfeng Shen,https://www.unsw.edu.au/staff/jianfeng-shen,UNSW Sydney,Finance,"Information, Analysts, and Stock Return Comovement",The Review of Financial Studies,2015,Journal articles,10.1093/rfs/hhv042,http://dx.doi.org/10.1093/rfs/hhv042,Hameed A; Morck R; Shen J; Yeung B,4,28,pp. 3153 - 3187,,,0.99131799,UNSW staff profile,True,181,15.3208,0893-9454,W3023902123
Jianfeng Shen,https://www.unsw.edu.au/staff/jianfeng-shen,UNSW Sydney,Finance,Do foreign investors improve informational efficiency of stock prices? Evidence from Japan,Pacific-Basin Finance Journal,2014,Journal articles,10.1016/j.pacfin.2014.01.005,http://dx.doi.org/10.1016/j.pacfin.2014.01.005,He W; Shen J,2,27,pp. 32 - 48,,,0.94923043,UNSW staff profile,True,44,4.5959,0927-538X,W3121828430
Jianfeng Shen,https://www.unsw.edu.au/staff/jianfeng-shen,UNSW Sydney,Finance,The relationship between the frequency of news release and the information asymmetry: The role of uniformed trading,Journal of Banking and Finance,2013,Journal articles,10.1016/j.jbankfin.2013.07.026,http://dx.doi.org/10.1016/j.jbankfin.2013.07.026,Sankaraguruswarmy S; Shen J; Yamada T,3,37,pp. 4134 - 4143,,,0.9028088,UNSW staff profile,True,38,2.3553,0378-4266,W3126039032
Jianfeng Shen,https://www.unsw.edu.au/staff/jianfeng-shen,UNSW Sydney,Finance,Large foreign ownership and stock price informativeness around the world,Journal of International Money and Finance,2013,Journal articles,10.1016/j.jimonfin.2013.04.002,http://dx.doi.org/10.1016/j.jimonfin.2013.04.002,Shen F; He W; Zhang B; Li D,4,36,pp. 211 - 230,,,0.98008754,UNSW staff profile,True,105,11.0371,0261-5606,W2093927160
Jianfeng Shen,https://www.unsw.edu.au/staff/jianfeng-shen,UNSW Sydney,Finance,Investor extrapolation and expected returns,Journal of Behavioral Finance,2010,Journal articles,10.1080/15427560.2010.507164,http://dx.doi.org/10.1080/15427560.2010.507164,He W; Shen J,2,11,pp. 150 - 160,,,0.86964311,UNSW staff profile,False,20,1.7358,1520-8834,W2063282899
Janghoon Shon,https://www.unsw.edu.au/staff/janghoon-shon,UNSW Sydney,Finance,Rating on a behavioral curve,Journal of Corporate Finance,2025,Journal articles,10.1016/j.jcorpfin.2024.102708,http://dx.doi.org/10.1016/j.jcorpfin.2024.102708,Bhattacharya U; Shon J; Zhang Y,3,91,,,,0.68796252,UNSW staff profile,False,1,0.4247,0929-1199,W4404733405
Janghoon Shon,https://www.unsw.edu.au/staff/janghoon-shon,UNSW Sydney,Finance,Divergent effects of mindsets on performance trajectories,Npj Science of Learning,2025,Journal articles,10.1038/s41539-025-00355-w,http://dx.doi.org/10.1038/s41539-025-00355-w,Chao MM; Huang AH; Mukhopadhyay A; Shon J,4,10,,,,0.91653302,UNSW staff profile,True,3,3.1198,2056-7936,W4413782144
Janghoon Shon,https://www.unsw.edu.au/staff/janghoon-shon,UNSW Sydney,Finance,Eye in the sky: Private satellites and government macro data,Journal of Financial Economics,2021,Journal articles,10.1016/j.jfineco.2021.03.002,http://dx.doi.org/10.1016/j.jfineco.2021.03.002,Mukherjee A; Panayotov G; Shon J,3,141,pp. 234 - 254,,,0.98634294,UNSW staff profile,True,80,10.5467,0304-405X,W3135665259
Janghoon Shon,https://www.unsw.edu.au/staff/janghoon-shon,UNSW Sydney,Finance,How does uncertainty influence target capital structure?,Journal of Corporate Finance,2020,Journal articles,10.1016/j.jcorpfin.2020.101642,http://dx.doi.org/10.1016/j.jcorpfin.2020.101642,Im HJ; Kang Y; Shon J,3,64,,,,0.97676053,UNSW staff profile,True,70,7.3829,0929-1199,W3028400640
Janghoon Shon,https://www.unsw.edu.au/staff/janghoon-shon,UNSW Sydney,Finance,The effect of technological imitation on corporate innovation: Evidence from US patent data,Research Policy,2019,Journal articles,10.1016/j.respol.2019.05.011,http://dx.doi.org/10.1016/j.respol.2019.05.011,Im HJ; Shon J,2,48,,,,0.98451345,UNSW staff profile,True,66,12.7702,0048-7333,W3125534433
Janghoon Shon,https://www.unsw.edu.au/staff/janghoon-shon,UNSW Sydney,Finance,Product market competition and the value of innovation: Evidence from US patent data,Economics Letters,2015,Journal articles,10.1016/j.econlet.2015.10.017,http://dx.doi.org/10.1016/j.econlet.2015.10.017,Im HJ; Park YJ; Shon J,3,137,pp. 78 - 82,,,0.93959696,UNSW staff profile,True,36,4.0569,0165-1765,W3125733513
Roger Simnett,https://www.unsw.edu.au/staff/roger-simnett,UNSW Sydney,Accounting,Establishment of National Public Audit Oversight Boards: Descriptive Evidence and Implications for Audit Quality,Journal of Accounting Research,2026,Journal articles,10.1111/1475-679X.70008,http://dx.doi.org/10.1111/1475-679X.70008,Carson E; Lamoreaux P; Simnett R; Thürheimer U; Vanstraelen A,5,64,pp. 127 - 180,,,0.98762949,UNSW staff profile,True,7,14.8611,0021-8456,W4412881975
Roger Simnett,https://www.unsw.edu.au/staff/roger-simnett,UNSW Sydney,Accounting,"The Impacts of Disclosing Internal Controls, Board Oversight and Assurance by Different Types of External Assurers on Investors' Use of Sustainability Information",Accounting and Finance,2026,Journal articles,10.1111/acfi.70117,http://dx.doi.org/10.1111/acfi.70117,Sakchuenyos P; Tan EN; Lum PJ; Simnett R,4,66,pp. 887 - 903,,,0.87135181,UNSW staff profile,False,1,1.4858,0810-5391,W4414883145
Roger Simnett,https://www.unsw.edu.au/staff/roger-simnett,UNSW Sydney,Accounting,Assurance of Sustainability Information: Recent Research Trends and Implications for Standard-Setting,International Journal of Auditing,2026,Journal articles,10.1111/ijau.70023,http://dx.doi.org/10.1111/ijau.70023,Simnett R; She Y,2,30,pp. 381 - 404,,,0.98553214,UNSW staff profile,True,2,19.2669,1090-6738,W7130940636
Roger Simnett,https://www.unsw.edu.au/staff/roger-simnett,UNSW Sydney,Accounting,Australian Listed Entities’ Preparedness for Mandatory Reporting and Assurance of Climate-related Disclosures,Abacus,2026,Journal articles,10.1111/abac.12363,http://dx.doi.org/10.1111/abac.12363,Simnett R; Tan Y; You J; Zhou S,4,62,pp. 337 - 391,,,0.99083784,UNSW staff profile,True,9,19.1071,0001-3072,W4408308052
Roger Simnett,https://www.unsw.edu.au/staff/roger-simnett,UNSW Sydney,Accounting,Sustainability Reporting Ecosystem: Insights of Audit Committee Chairs,Accounting Horizons,2026,Journal articles,10.2308/HORIZONS-2024-169,http://dx.doi.org/10.2308/HORIZONS-2024-169,Simnett R; Thompson A; Trotman AJ; Trotman KT,4,40,pp. 165 - 180,,,0.89718363,UNSW staff profile,False,2,2.3243,0888-7993,W4412611439
Roger Simnett,https://www.unsw.edu.au/staff/roger-simnett,UNSW Sydney,Accounting,Foreword on Special Issue: Informing Sustainability Assurance Regulators and Standard-Setters and the Role of Different Research Methods,Accounting and Finance,2026,Journal articles,10.1111/acfi.70204,http://dx.doi.org/10.1111/acfi.70204,Simnett R; Zhou S,2,66,pp. 817 - 823,,,0.16758068,UNSW staff profile,False,0,0.0,0810-5391,W7134846817
Roger Simnett,https://www.unsw.edu.au/staff/roger-simnett,UNSW Sydney,Accounting,Choice of assurance provider and impact on quality of sustainability reporting: Evidence from sustainability reporting restatements,Accounting and Finance,2025,Journal articles,10.1111/acfi.13367,http://dx.doi.org/10.1111/acfi.13367,Bentley-Goode KA; Simnett R; Thompson A; Trotman AJ,4,65,pp. 2135 - 2172,,,0.98638481,UNSW staff profile,True,17,12.3417,0810-5391,W4404667910
Roger Simnett,https://www.unsw.edu.au/staff/roger-simnett,UNSW Sydney,Accounting,Evaluating the Use of International Standards for Assurance Engagements by Nonaccounting Practitioners,Auditing,2024,Journal articles,10.2308/AJPT-2020-133,http://dx.doi.org/10.2308/AJPT-2020-133,Ge QI; Simnett R; Zhou S,3,43,pp. 101 - 124,,,0.93819832,UNSW staff profile,True,10,4.0786,0278-0380,W4386212914
Roger Simnett,https://www.unsw.edu.au/staff/roger-simnett,UNSW Sydney,Accounting,Should Companies Use the Same Provider for Financial Statement Audit and Assurance of Extended External Reports?,Current Issues in Auditing,2024,Journal articles,10.2308/CIIA-2022-036,http://dx.doi.org/10.2308/CIIA-2022-036,Lu M; Simnett R; Zhou S,3,18,pp. P20 - P25,,,0.88282534,UNSW staff profile,False,5,2.0393,1936-1270,W4386157201
Roger Simnett,https://www.unsw.edu.au/staff/roger-simnett,UNSW Sydney,Accounting,Is greater connectivity of financial and non-financial information in annual reports valued by market participants?,British Accounting Review,2024,Journal articles,10.1016/j.bar.2024.101407,http://dx.doi.org/10.1016/j.bar.2024.101407,Wang R; Chua WF; Simnett R; Zhou S,4,56,,,,0.98916159,UNSW staff profile,True,20,14.5197,0890-8389,W4399243277
Roger Simnett,https://www.unsw.edu.au/staff/roger-simnett,UNSW Sydney,Accounting,Using the Same Provider for Financial Statement Audit and Assurance of Extended External Reports: Choices and Consequences,Auditing,2023,Journal articles,10.2308/AJPT-19-080,http://dx.doi.org/10.2308/AJPT-19-080,Lu M; Simnett R; Zhou S,3,42,pp. 125 - 154,,,0.98722157,UNSW staff profile,True,45,11.1374,0278-0380,W4220861224
Roger Simnett,https://www.unsw.edu.au/staff/roger-simnett,UNSW Sydney,Accounting,Determinants and Quality of Audits and Reviews of Small Charities Financial Statements,International Journal of Auditing,2023,Journal articles,10.1111/ijau.12310,http://dx.doi.org/10.1111/ijau.12310,Yang YJ; Simnett R,2,,,,,0.85092836,UNSW staff profile,False,4,1.6315,1090-6738,W4361286518
Roger Simnett,https://www.unsw.edu.au/staff/roger-simnett,UNSW Sydney,Accounting,"Involvement of Component Auditors in Multinational Group Audits: Determinants, Audit Quality, and Audit Fees",Journal of Accounting Research,2022,Journal articles,10.1111/1475-679X.12418,http://dx.doi.org/10.1111/1475-679X.12418,Carson E; Simnett R; Thürheimer U; Vanstraelen A,4,60,pp. 1419 - 1462,,,0.97697489,UNSW staff profile,True,56,8.1597,0021-8456,W4200627334
Roger Simnett,https://www.unsw.edu.au/staff/roger-simnett,UNSW Sydney,Accounting,Rebuilding trust and the role of audit: The impact of the UK audit reform proposals on other standard-setters,International Journal of Auditing,2022,Journal articles,10.1111/ijau.12271,http://dx.doi.org/10.1111/ijau.12271,Simnett R,1,26,pp. 32 - 36,,,0.84640826,UNSW staff profile,False,6,1.6706,1090-6738,W4214938720
Roger Simnett,https://www.unsw.edu.au/staff/roger-simnett,UNSW Sydney,Accounting,Auditors’ propensity and accuracy in issuing going-concern modified audit opinions for charities,Accounting and Finance,2022,Journal articles,10.1111/acfi.12823,http://dx.doi.org/10.1111/acfi.12823,Yang Y; Simnett R; Carson E,3,62,pp. 1273 - 1306,,,0.79804344,UNSW staff profile,False,7,1.1255,0810-5391,W3185029030
Roger Simnett,https://www.unsw.edu.au/staff/roger-simnett,UNSW Sydney,Accounting,"Determinants and Consequences of Audit Pricing for Charities, Including the Provision of Pro Bono Audits",Auditing: a Journal of Practice and Theory,2022,Journal articles,10.2308/AJPT-19-112,http://dx.doi.org/10.2308/AJPT-19-112,Yang YJ; Simnett R,2,,,,,0.67860991,UNSW staff profile,False,3,0.5569,0278-0380,W4282930532
Roger Simnett,https://www.unsw.edu.au/staff/roger-simnett,UNSW Sydney,Accounting,Extended external reporting assurance: Current practices and challenges,Journal of International Financial Management and Accounting,2021,Journal articles,10.1111/jifm.12127,http://dx.doi.org/10.1111/jifm.12127,Krasodomska J; Simnett R; Street DL,3,32,pp. 104 - 142,,,0.98563964,UNSW staff profile,True,109,12.2385,0954-1314,W3121067237
Roger Simnett,https://www.unsw.edu.au/staff/roger-simnett,UNSW Sydney,Accounting,Evidence-informed Approach to Setting Standards: A Discussion on the Research Strategies of AASB and AUASB,Australian Accounting Review,2020,Journal articles,10.1111/auar.12314,http://dx.doi.org/10.1111/auar.12314,Garg M; Peach K; Simnett R,3,30,pp. 243 - 248,,,0.92920317,UNSW staff profile,True,13,3.7227,1035-6908,W3041247979
Roger Simnett,https://www.unsw.edu.au/staff/roger-simnett,UNSW Sydney,Accounting,Financial Reporting by Charities: Why Do Some Choose to Report Under a More Extensive Reporting Framework?,"Abacus: a journal of accounting, finance and business studies",2020,Journal articles,10.1111/abac.12202,http://dx.doi.org/10.1111/abac.12202,Yang Y; Simnett R,2,56,pp. 320 - 347,,,0.91672444,UNSW staff profile,True,12,3.1022,0001-3072,W3089260645
Roger Simnett,https://www.unsw.edu.au/staff/roger-simnett,UNSW Sydney,Accounting,The effect of diversity and the mediating role of elaboration on multidisciplinary greenhouse gas assurance team effectiveness,Behavioral Research in Accounting,2019,Journal articles,10.2308/bria-52285,http://dx.doi.org/10.2308/bria-52285,Ekasingh E; Simnett R; Green WJ,3,31,pp. 81 - 96,,,0.86116272,UNSW staff profile,False,25,1.271,1050-4753,W2893199711
Roger Simnett,https://www.unsw.edu.au/staff/roger-simnett,UNSW Sydney,Accounting,Research horizons for public and private not-for-profit sector reporting: moving the bar in the right direction,Accounting and Finance,2019,Journal articles,10.1111/acfi.12439,http://dx.doi.org/10.1111/acfi.12439,Gilchrist DJ; Simnett R,2,59,pp. 59 - 85,,,0.9428161,UNSW staff profile,True,29,4.3473,0810-5391,W2914207941
Roger Simnett,https://www.unsw.edu.au/staff/roger-simnett,UNSW Sydney,Accounting,Evaluating Combined Assurance as a New Credibility Enhancement Technique,AUDITING: A Journal of Practice & Theory,2019,Journal articles,10.2308/ajpt-52175,http://dx.doi.org/10.2308/ajpt-52175,Zhou S; Simnett R; Hoang H,3,38,pp. 235 - 259,,,0.97221681,UNSW staff profile,True,62,8.3444,0278-0380,W3125936770
Roger Simnett,https://www.unsw.edu.au/staff/roger-simnett,UNSW Sydney,Accounting,Twenty-Five-Year Overview of Experimental Auditing Research: Trends and Links to Audit Quality,Behavioral Research in Accounting,2018,Journal articles,10.2308/bria-52138,http://dx.doi.org/10.2308/bria-52138,Simnett R; Trotman KT,2,30,pp. 55 - 76,,,0.96094366,UNSW staff profile,True,37,6.5388,1050-4753,W2802438811
Roger Simnett,https://www.unsw.edu.au/staff/roger-simnett,UNSW Sydney,Accounting,Does Integrated Reporting Matter to the Capital Market?,Abacus,2017,Journal articles,10.1111/abac.12104,http://dx.doi.org/10.1111/abac.12104,Zhou S; Simnett R; Green W,3,53,pp. 94 - 132,,,0.99984603,UNSW staff profile,True,485,87.4781,0001-3072,W2594518376
Roger Simnett,https://www.unsw.edu.au/staff/roger-simnett,UNSW Sydney,Accounting,"International archival auditing and assurance research: Trends, methodological issues, and opportunities",Auditing,2016,Journal articles,10.2308/ajpt-51377,http://dx.doi.org/10.2308/ajpt-51377,Simnett R; Carson E; Vanstraelen A,3,35,pp. 1 - 32,,,0.99598506,UNSW staff profile,True,116,30.0765,0278-0380,W2224300146
Roger Simnett,https://www.unsw.edu.au/staff/roger-simnett,UNSW Sydney,Accounting,Assuring a new market: The interplay between country-level and company-level factors on the demand for greenhouse gas (GHG) information assurance and the choice of assurance provider,Auditing,2016,Journal articles,10.2308/ajpt-51414,http://dx.doi.org/10.2308/ajpt-51414,Zhou S; Simnett R; Green WJ,3,35,pp. 141 - 168,,,0.97763985,UNSW staff profile,True,102,9.2454,0278-0380,W3123494061
Roger Simnett,https://www.unsw.edu.au/staff/roger-simnett,UNSW Sydney,Accounting,A forum on CSR and assurance services,Auditing,2015,Journal articles,10.2308/ajpt-10454,http://dx.doi.org/10.2308/ajpt-10454,Cohen JR; Simnett R,2,34,pp. vii,,,0.86567447,UNSW staff profile,False,4,0.7181,0278-0380,W3211548166
Roger Simnett,https://www.unsw.edu.au/staff/roger-simnett,UNSW Sydney,Accounting,CSR and assurance services: A research agenda,Auditing,2015,Journal articles,10.2308/ajpt-50876,http://dx.doi.org/10.2308/ajpt-50876,Cohen JR; Simnett R,2,34,pp. 59 - 74,,,0.99895456,UNSW staff profile,True,493,53.6268,0278-0380,W2096766070
Roger Simnett,https://www.unsw.edu.au/staff/roger-simnett,UNSW Sydney,Accounting,Transparency report disclosure by Australian audit firms and opportunities for research,Managerial Auditing Journal,2015,Journal articles,10.1108/MAJ-06-2015-1201,http://dx.doi.org/10.1108/MAJ-06-2015-1201,Fu Y; Carson E; Simnett R,3,30,pp. 870 - 910,,,0.96862981,UNSW staff profile,True,54,7.7541,0268-6902,W1904184574
Roger Simnett,https://www.unsw.edu.au/staff/roger-simnett,UNSW Sydney,Accounting,Integrated reporting and directors’ concerns about personal liability exposure: Law reform options,Company and Securities Law Journal,2015,Journal articles,,http://www.westlaw.com.au/maf/wlau/app/document?src=document&docguid=Icf7adee1efb611e4bafbe292e8098b9a&epos=4&snippets=true&startChunk=1&endChunk=1&isTocNav=true&tocDs=AUNZ_AU_JOURNALS_TOC&parentinfo=,Simnett R; Huggins A; Hargovan A,3,33,pp. 176 - 195,,,,UNSW staff profile,,,,,
Roger Simnett,https://www.unsw.edu.au/staff/roger-simnett,UNSW Sydney,Accounting,Integrated reporting and assurance: Where can research add value?,Sustainability Accounting Management and Policy Journal,2015,Journal articles,10.1108/SAMPJ-09-2014-0053,http://dx.doi.org/10.1108/SAMPJ-09-2014-0053,Simnett R; Huggins AL,2,6,pp. 29 - 53,,,0.87520715,UNSW staff profile,False,10,1.7524,2040-8021,W1592572890
Roger Simnett,https://www.unsw.edu.au/staff/roger-simnett,UNSW Sydney,Accounting,The Effect of Mandatory Audit Firm Rotation on Audit Quality and Audit Fees: Empirical Evidence from the Korean Audit Market,AUDITING: A Journal of Practice & Theory,2014,Journal articles,10.2308/ajpt-50814,http://dx.doi.org/10.2308/ajpt-50814,Kwon SY; Lim Y; Simnett R,3,33,pp. 167 - 196,,,0.97671065,UNSW staff profile,True,35,9.6055,0278-0380,W2047587257
Roger Simnett,https://www.unsw.edu.au/staff/roger-simnett,UNSW Sydney,Accounting,Integrated assurance Bringing it together,Intheblack,2014,Journal articles,,https://intheblack.com/articles/2014/10/14/integrated-assurance-bringing-it-together,Simnett R; Ghandar A,2,,pp. 67 - 68,,,,UNSW staff profile,,,,,
Roger Simnett,https://www.unsw.edu.au/staff/roger-simnett,UNSW Sydney,Accounting,Enhancing the auditor’s report: To what extent is there support for the IAASB’s proposed changes?,Accounting Horizons,2014,Journal articles,10.2308/acch-50791,http://dx.doi.org/10.2308/acch-50791,Simnett R; Huggins A,2,28,pp. 719 - 747,,,0.94336097,UNSW staff profile,True,14,4.008,0888-7993,W2128715479
Roger Simnett,https://www.unsw.edu.au/staff/roger-simnett,UNSW Sydney,Accounting,Changes in Audit Market Competition and the Big N Premium,Auditing: A Journal of Practice and Theory,2012,Journal articles,10.2308/ajpt-10295,http://dx.doi.org/10.2308/ajpt-10295,Carson EA; Simnett R; Soo B; Wright AM,4,31,pp. 47 - 73,,,0.99011121,UNSW staff profile,True,116,18.5197,0278-0380,W2049476258
Roger Simnett,https://www.unsw.edu.au/staff/roger-simnett,UNSW Sydney,Accounting,Assurance of Sustainability Reports: Revision of ISAE 3000 and Associated Research Opportunities,"Sustainability Accounting, Management and Policy Journal",2012,Journal articles,10.1108/20408021211223570,http://dx.doi.org/10.1108/20408021211223570,Simnett R,1,3,pp. 89 - 98,,,0.94049405,UNSW staff profile,True,86,3.8775,2040-8021,W1532056268
Roger Simnett,https://www.unsw.edu.au/staff/roger-simnett,UNSW Sydney,Accounting,Threats to Auditor Independence:  The Impact of Relationship and Economic Bonds,Auditing - a Journal of Practice and Theory,2011,Journal articles,,,Carson EA; Simnett R; Ye P,3,30,pp. 121 - 148,,,,UNSW staff profile,,,,,
Roger Simnett,https://www.unsw.edu.au/staff/roger-simnett,UNSW Sydney,Accounting,The competitive market for assurance engagements on greenhouse gas information: Is there a role for assurers from the accounting profession?,Current Issues in Auditing,2011,Journal articles,10.2308/ciia-50083,http://dx.doi.org/10.2308/ciia-50083,Green WJ; Simnett R; Huggins A,3,5,pp. A1 - A12,,,0.971527,UNSW staff profile,True,114,8.3418,1936-1270,W2135515309
Roger Simnett,https://www.unsw.edu.au/staff/roger-simnett,UNSW Sydney,Accounting,Impact of Assurance and Assurer’s Professional Affiliation on Financial Analysts’ Assessment of Credibility of Corporate Social responsibility Information,Auditing - a Journal of Practice and Theory,2011,Journal articles,,,Pflugrath G; Roebuck PJ; Simnett R,3,30,pp. 32 - 43,,,,UNSW staff profile,,,,,
Roger Simnett,https://www.unsw.edu.au/staff/roger-simnett,UNSW Sydney,Accounting,Integrated Reporting: An Opportunity for Australia’s Not-for-Profit Sector,Australian Accounting Review,2011,Journal articles,,,Simnett R; Adams S,2,21,pp. 292 - 301,,,,UNSW staff profile,,,,,
Roger Simnett,https://www.unsw.edu.au/staff/roger-simnett,UNSW Sydney,Accounting,Impact of the CFO’s Affiliation on Auditor Independence,Managerial Auditing Journal,2011,Journal articles,,,Simnett R; Martinov-Bennie N; Cohen J,3,26,pp. 656 - 671,,,,UNSW staff profile,,,,,
Roger Simnett,https://www.unsw.edu.au/staff/roger-simnett,UNSW Sydney,Accounting,The Journey Toward Integrated Reporting,,2011,Journal articles,,,Simnett R,1,,pp. 1 - 41,,,,UNSW staff profile,,,,,
Roger Simnett,https://www.unsw.edu.au/staff/roger-simnett,UNSW Sydney,Accounting,Assurance on sustainability reports: an international comparison,Accounting Review,2009,Journal articles,,,Simnett R; Chua WF; Vanstraelen A,3,84,pp. 937 - 967,,,,UNSW staff profile,,,,,
Roger Simnett,https://www.unsw.edu.au/staff/roger-simnett,UNSW Sydney,Accounting,Getting the World on Board,Intheblack,2009,Journal articles,,,Simnett R; Green W,2,,pp. 46 - 49,,,,UNSW staff profile,,,,,
Roger Simnett,https://www.unsw.edu.au/staff/roger-simnett,UNSW Sydney,Accounting,Developing an International Assurance Standard on Greenhouse Gas Statements,Accounting Horizons,2009,Journal articles,,,Simnett R; Huggins A; Nugent M,3,23,pp. 347 - 364,,,,UNSW staff profile,,,,,
Roger Simnett,https://www.unsw.edu.au/staff/roger-simnett,UNSW Sydney,Accounting,The Employment Landscape for Accounting Graduates and Work Experience Relevance.,Australian Accounting Review,2009,Journal articles,10.1111/j.1835-2561.2009.00071.x,http://dx.doi.org/10.1111/j.1835-2561.2009.00071.x,Simnett R; Kang HH; Roebuck PJ; Cheng MM,4,19,pp. 342 - 351,,,0.84220321,UNSW staff profile,False,14,0.6482,1035-6908,W2133447956
Roger Simnett,https://www.unsw.edu.au/staff/roger-simnett,UNSW Sydney,Accounting,Differences in Industry Specialist Specialty Knowledge and Business Risk Identification and Evaluation,Behavioral Research in Accounting,2009,Journal articles,,,Simnett R; Moroney R,2,21,pp. 73 - 89,,,,UNSW staff profile,,,,,
Roger Simnett,https://www.unsw.edu.au/staff/roger-simnett,UNSW Sydney,Accounting,Impact of the Type of Audit Team Discussions on Auditors' Identification and Mental Simulations of Material Frauds,Contemporary Accounting Research,2009,Journal articles,,,Trotman KT; Simnett R; Khalifa AS,3,26,pp. 1115 - 1142,,,,UNSW staff profile,,,,,
Roger Simnett,https://www.unsw.edu.au/staff/roger-simnett,UNSW Sydney,Accounting,The Benefits of Assuring Carbon Emission Disclosures,The Institute of Chartered Accountants in Australia,2008,Journal articles,,http://www.charteredaccountants.com.au/Industry-Topics/Audit-and-assurance/Publications-and-tools/Accounting-for-carbon/%20Resources/The-Benefits-of-Assuring-Carbon-Emission-Disclosures,Simnett R,1,,pp. 46 - 49,,,,UNSW staff profile,,,,,
Roger Simnett,https://www.unsw.edu.au/staff/roger-simnett,UNSW Sydney,Accounting,The Impact of Stakeholder Characteristics on Voluntary Dissemination of Interim Information and Communication of its Level of Assurance.,Accounting and Finance,2007,Journal articles,,,Carson EA; Chen L; Simnett R,3,47,pp. 667 - 691,,,,UNSW staff profile,,,,,
Roger Simnett,https://www.unsw.edu.au/staff/roger-simnett,UNSW Sydney,Accounting,Accounting and Auditing Standards Boards,Australian Accounting Review,2007,Journal articles,10.1111/j.1835-2561.2007.tb00436.x,http://dx.doi.org/10.1111/j.1835-2561.2007.tb00436.x,Hancock P; Simnett R,2,17,pp. 2 - 2,,,0.25670189,UNSW staff profile,False,1,0.0,1035-6908,W2051539112
Roger Simnett,https://www.unsw.edu.au/staff/roger-simnett,UNSW Sydney,Accounting,Developing an Assurance Standard for Carbon Emissions Disclosures.,Australian Accounting Review,2007,Journal articles,,,Simnett R; Nugent M,2,17,pp. 37 - 47,,,,UNSW staff profile,,,,,
Roger Simnett,https://www.unsw.edu.au/staff/roger-simnett,UNSW Sydney,Accounting,A Critique of the International Auditing and Assurance Standards Board.,Australian Accounting Review,2007,Journal articles,,,Simnett R,1,17,pp. 28 - 36,,,,UNSW staff profile,,,,,
Roger Simnett,https://www.unsw.edu.au/staff/roger-simnett,UNSW Sydney,Accounting,Sell-side analysts reports and the current external reporting model,Accounting Horizons,2006,Journal articles,,,Abdolmohammadi M; Simnett R; Thibodeau J; Wright A,4,20,pp. 375 - 389,,,,UNSW staff profile,,,,,
Roger Simnett,https://www.unsw.edu.au/staff/roger-simnett,UNSW Sydney,Accounting,Australian Audit Reports: 1996-2003,Australian Accounting Review,2006,Journal articles,,,Carson EA; Ferguson AC; Simnett R,3,16,pp. 89 - 96,,,,UNSW staff profile,,,,,
Roger Simnett,https://www.unsw.edu.au/staff/roger-simnett,UNSW Sydney,Accounting,Audit Partner Tenure and Audit Quality,Accounting Review,2006,Journal articles,,,Simnett R; Carey PJ,2,81,pp. 653 - 676,,,,UNSW staff profile,,,,,
Roger Simnett,https://www.unsw.edu.au/staff/roger-simnett,UNSW Sydney,Accounting,The Impact of the PricewaterhouseCoopers Merger on Auditor-Client Alignment,Pacific Accounting Review,2006,Journal articles,,,Simnett R; Thavapalan S; Moroney R,3,18,pp. 70 - 89,,,,UNSW staff profile,,,,,
Roger Simnett,https://www.unsw.edu.au/staff/roger-simnett,UNSW Sydney,Accounting,The Different Types of Assurance Services and Levels of Assurance Provided,International Journal of Auditing,2005,Journal articles,,,Roebuck PJ; Simnett R; Maijoor S; Mock TJ; Vanstraelen A; Hasan M,6,9,pp. 91 - 102,,,,UNSW staff profile,,,,,
Roger Simnett,https://www.unsw.edu.au/staff/roger-simnett,UNSW Sydney,Accounting,The Portfolio of Knowledge Required by Industry Specialist Auditors,Accounting and Business Research,2005,Journal articles,10.1080/00014788.2005.9729664,http://dx.doi.org/10.1080/00014788.2005.9729664,Simnett R; Wright A,2,35,pp. 87 - 102,,,0.89390017,UNSW staff profile,False,4,1.4077,0001-4788,W2015136680
Roger Simnett,https://www.unsw.edu.au/staff/roger-simnett,UNSW Sydney,Accounting,Providing Business Advice for Small to Medium Enterprises,,2005,Journal articles,,,simnett; carey,2,,,,,,UNSW staff profile,,,,,
Roger Simnett,https://www.unsw.edu.au/staff/roger-simnett,UNSW Sydney,Accounting,An investigation of alternative report formats for communicating moderate levels of assurance,Auditing - a Journal of Practice and Theory,2003,Journal articles,,,Simnett R; Hasan M; Roebuck PJ,3,22,pp. 171 - 187,,,,UNSW staff profile,,,,,
Roger Simnett,https://www.unsw.edu.au/staff/roger-simnett,UNSW Sydney,Accounting,The effect of client fee dependence on auditor independence,Australian Accounting Review,2002,Journal articles,,,Barkess LK; Simnett R; Urquhart P,3,12,pp. 14 - 22,,,,UNSW staff profile,,,,,
Roger Simnett,https://www.unsw.edu.au/staff/roger-simnett,UNSW Sydney,Accounting,The information content of management`s prospective comments in financially distressed companies: a note,ABACUS - A Journal of Accounting Finance and Business Studies,2002,Journal articles,10.1111/1467-6281.00109,http://dx.doi.org/10.1111/1467-6281.00109,Boo E; Simnett R,2,38,pp. 280 - 293,,,0.27830565,UNSW staff profile,False,7,0.0,0001-3072,W2066228605
Roger Simnett,https://www.unsw.edu.au/staff/roger-simnett,UNSW Sydney,Accounting,The effect of the PricewaterhouseCoopers merger on auditor concentration in Australia: a note,Accounting and Finance,2002,Journal articles,,,Moroney R; Simnett R; Thavapalan S,3,42,pp. 153 - 167,,,,UNSW staff profile,,,,,
Roger Simnett,https://www.unsw.edu.au/staff/roger-simnett,UNSW Sydney,Accounting,Research methods for examining independence issues: experimental and economics-of-auditing approaches,Australian Accounting Review,2002,Journal articles,,,Simnett R; Trotman KT,2,12,pp. 23 - 31,,,,UNSW staff profile,,,,,
Roger Simnett,https://www.unsw.edu.au/staff/roger-simnett,UNSW Sydney,Accounting,Developments in International Auditing Standards during 2001,,2002,Journal articles,,,Simnett R,1,25,pp. 14 - 17,,,,UNSW staff profile,,,,,
Roger Simnett,https://www.unsw.edu.au/staff/roger-simnett,UNSW Sydney,Accounting,Qantas Ltd,,2002,Journal articles,,,Simnett R,1,,,,,,UNSW staff profile,,,,,
Roger Simnett,https://www.unsw.edu.au/staff/roger-simnett,UNSW Sydney,Accounting,Auditors assessment of hedge effectiveness,International Journal of Auditing,2001,Journal articles,,,Gniewosz G; Fargher NL; Simnett R,3,,pp. 3 - 19,,,,UNSW staff profile,,,,,
Roger Simnett,https://www.unsw.edu.au/staff/roger-simnett,UNSW Sydney,Accounting,The effects of fraud risk and management representation on auditors hypothesis generation,ABACUS - A Journal of Accounting Finance and Business Studies,2001,Journal articles,,,Ng TB; Green WJ; Simnett R,3,37,pp. 352 - 368,,,,UNSW staff profile,,,,,
Roger Simnett,https://www.unsw.edu.au/staff/roger-simnett,UNSW Sydney,Accounting,Fraud: A Review of the Academic Literature,,2001,Journal articles,,,Simnett R,1,24,pp. 3 - 5,,,,UNSW staff profile,,,,,
Roger Simnett,https://www.unsw.edu.au/staff/roger-simnett,UNSW Sydney,Accounting,Recent Developments in International Auditing Standards,,2001,Journal articles,,,Simnett R,1,24,pp. 22 - 23,,,,UNSW staff profile,,,,,
Roger Simnett,https://www.unsw.edu.au/staff/roger-simnett,UNSW Sydney,Accounting,"Auditors consideration of fraud: behavioral research can address the concerns of standard setters,",Advances in Accounting Behaviorial Research,2000,Journal articles,,,Bedard J; Simnett R; De Voe-Talluto J,3,,,,,,UNSW staff profile,,,,,
Roger Simnett,https://www.unsw.edu.au/staff/roger-simnett,UNSW Sydney,Accounting,Voluntary Demand for Internal and External Auditing by Family Businesses,AUDITING: A Journal of Practice & Theory,2000,Journal articles,10.2308/aud.2000.19.s-1.37,http://dx.doi.org/10.2308/aud.2000.19.s-1.37,Carey P; Simnett R; Tanewski G,3,19,pp. 37 - 51,,,0.94327118,UNSW staff profile,True,274,3.6975,0278-0380,W1981189872
Roger Simnett,https://www.unsw.edu.au/staff/roger-simnett,UNSW Sydney,Accounting,Voluntary demand for internal and external auditing by family businesses,Auditing: a Journal of Practice and Theory,2000,Journal articles,10.2308/aud.2000.19.s-1.37,http://dx.doi.org/10.2308/aud.2000.19.s-1.37,Carey P; Simnett R; Tanewski G,3,19,pp. 37 - 51,,,0.94327118,UNSW staff profile,True,274,3.6975,0278-0380,W1981189872
Roger Simnett,https://www.unsw.edu.au/staff/roger-simnett,UNSW Sydney,Accounting,New assurance services: professional guidance required,Commercial Law Quarterly,2000,Journal articles,,http://www.cla.org.au/ProductDetail/353/2000_Vol14_No2_June_2000,Carson EA; Simnett R,2,14,pp. 3 - 5,,,,UNSW staff profile,,,,,
Roger Simnett,https://www.unsw.edu.au/staff/roger-simnett,UNSW Sydney,Accounting,Understanding assurance service reports: a user perspective,Accounting and Finance,2000,Journal articles,,,Roebuck PJ; Simnett R; Ho HL,3,,pp. 211 - 232,,,,UNSW staff profile,,,,,
Roger Simnett,https://www.unsw.edu.au/staff/roger-simnett,UNSW Sydney,Accounting,The development of specialist industry knowledge in government auditing,Australian Accounting Review,2000,Journal articles,,,Simnett R; Luckett PF; Wright AV,3,10,pp. 35 - 45,,,,UNSW staff profile,,,,,
Roger Simnett,https://www.unsw.edu.au/staff/roger-simnett,UNSW Sydney,Accounting,"Analytical procedures: promise, problems and implications for practice",Australian Accounting Review,1999,Journal articles,,,Biggs SF; Mock TJ; Simnett R,3,9,pp. 42 - 52,,,,UNSW staff profile,,,,,
Roger Simnett,https://www.unsw.edu.au/staff/roger-simnett,UNSW Sydney,Accounting,Assurance services and associated research opportunities,Australian Accounting Review,1999,Journal articles,10.1111/j.1835-2561.1999.tb00104.x,http://dx.doi.org/10.1111/j.1835-2561.1999.tb00104.x,Simnett R; Trotman KT,2,9,pp. 17 - 21,,,0.16106547,UNSW staff profile,False,2,0.0,1035-6908,W2019749964
Roger Simnett,https://www.unsw.edu.au/staff/roger-simnett,UNSW Sydney,Accounting,An investigation of the effect of self-regulatory activities on auditor`s performance during knowledge acquisition,The Asia Pacific Journal of Accounting,1998,Journal articles,10.1080/10293574.1998.10510531,http://dx.doi.org/10.1080/10293574.1998.10510531,Simnett R; Mahathevan P,2,5,pp. 75 - 94,,,0.20532502,UNSW staff profile,False,1,0.0,1029-3574,W2087661081
Roger Simnett,https://www.unsw.edu.au/staff/roger-simnett,UNSW Sydney,Accounting,Reporting on internal control.,Perspectives on Contemporary Auditing,1997,Journal articles,,,Simnett R; Pound P; Gay G,3,,pp. 8 - 16,,,,UNSW staff profile,,,,,
Roger Simnett,https://www.unsw.edu.au/staff/roger-simnett,UNSW Sydney,Accounting,Audit Research Opportunities in Australia,,1997,Journal articles,,,Simnett R,1,20,pp. 4 - 6,,,,UNSW staff profile,,,,,
Roger Simnett,https://www.unsw.edu.au/staff/roger-simnett,UNSW Sydney,Accounting,The effect of information selection of auditors' information cue usage.,International Journal of Business Studies,1997,Journal articles,,,Simnett R,1,5,pp. 13 - 21,,,,UNSW staff profile,,,,,
Roger Simnett,https://www.unsw.edu.au/staff/roger-simnett,UNSW Sydney,Accounting,The impact of firm and profession related factors on perceptions of audit quality and audit report reliance,Pacific Accounting Review,1996,Journal articles,,,Carey P; Schelluch P; Simnett R,3,8,pp. 22 - 46,,,,UNSW staff profile,,,,,
Roger Simnett,https://www.unsw.edu.au/staff/roger-simnett,UNSW Sydney,Accounting,Audit Committees: Disclosure by Listed Companies,Charter,1996,Journal articles,,,Simnett R; Moroney,2,,pp. 59 - 61,,,,UNSW staff profile,,,,,
Roger Simnett,https://www.unsw.edu.au/staff/roger-simnett,UNSW Sydney,Accounting,"The effect of information selection, information processing and task complexity on predictive accuracy of auditors",Accounting Organizations and Society,1996,Journal articles,,,Simnett R,1,21,pp. 699 - 719,,,,UNSW staff profile,,,,,
Roger Simnett,https://www.unsw.edu.au/staff/roger-simnett,UNSW Sydney,Accounting,The determinants of audit delay,Advances in Accounting : a Research Annual,1995,Journal articles,,,Simnett R; Aitken AJ; Choo F; Firth M,4,12,pp. 1 - 20,,,,UNSW staff profile,,,,,
Roger Simnett,https://www.unsw.edu.au/staff/roger-simnett,UNSW Sydney,Accounting,The Provision of Other Services by Auditors: Independence and Pricing Issues,Accounting and Business Research,1994,Journal articles,,,Simnett R; Barkess L,2,24,pp. 99 - 108,,,,UNSW staff profile,,,,,
Roger Simnett,https://www.unsw.edu.au/staff/roger-simnett,UNSW Sydney,Accounting,The Duty of Care Owned by Auditors: To all Users of General Purpose Financial Reports?,Company and Securities Law Journal,1994,Journal articles,,,Simnett R; Gibson R,2,,,,,,UNSW staff profile,,,,,
Roger Simnett,https://www.unsw.edu.au/staff/roger-simnett,UNSW Sydney,Accounting,Examiniation of Contextual Effects and Changes in Task Predictability on Author Calibration,Behavioral Research in Accounting,1994,Journal articles,,,Simnett R; Mladenovic R,2,6,pp. 178 - 203,,,,UNSW staff profile,,,,,
Roger Simnett,https://www.unsw.edu.au/staff/roger-simnett,UNSW Sydney,Accounting,The Impact of Information Selection and Task Predictability on the Confidence and Calibration of Auditors,Pacific Accounting Review,1994,Journal articles,,,Simnett R,1,6,,,,,UNSW staff profile,,,,,
Roger Simnett,https://www.unsw.edu.au/staff/roger-simnett,UNSW Sydney,Accounting,Disclosure Of Audit Committees by Public Companies in Australia 1988-1990,Australian Accounting Review,1993,Journal articles,10.1111/j.1835-2561.1993.tb00144.x,http://dx.doi.org/10.1111/j.1835-2561.1993.tb00144.x,Simnett R; Green W; Roebuck P,3,3,pp. 43 - 50,,,0.93748958,UNSW staff profile,True,20,4.3363,1035-6908,W2019669575
Roger Simnett,https://www.unsw.edu.au/staff/roger-simnett,UNSW Sydney,Accounting,Serious Audit Qualifications Australia: 1980 - 1990,Charter -Sydney-,1993,Journal articles,,,Simnett R; Green W,2,64,pp. 37 - 136,,,,UNSW staff profile,,,,,
Roger Simnett,https://www.unsw.edu.au/staff/roger-simnett,UNSW Sydney,Accounting,Identification of Key Financial Ratios for Going Concern Decisions in a Manufacturing Environment,Charter -Sydney-,1992,Journal articles,,,Simnett R; Trotman K,2,63,pp. 39 - 41,,,,UNSW staff profile,,,,,
Roger Simnett,https://www.unsw.edu.au/staff/roger-simnett,UNSW Sydney,Accounting,Australian Audit Reports: 1980-89,Australian Accounting Review,1991,Journal articles,10.1111/j.1835-2561.1991.tb00121.x,http://dx.doi.org/10.1111/j.1835-2561.1991.tb00121.x,Aitken M; Simnett R,2,1,pp. 12 - 19,,,0.30915008,UNSW staff profile,False,6,0.0,1035-6908,W2036719456
Roger Simnett,https://www.unsw.edu.au/staff/roger-simnett,UNSW Sydney,Accounting,Auditors Perceptions of Analytical Review Procedures,Accounting Research Journal,1991,Journal articles,,,Simnett R,1,4,pp. 5 - 10,,,,UNSW staff profile,,,,,
Roger Simnett,https://www.unsw.edu.au/staff/roger-simnett,UNSW Sydney,Accounting,The Effect of Audit Groups on Judgement Confidence,Pacific Accounting Review,1991,Journal articles,,,Simnett R,1,3,pp. 63 - 77,,,,UNSW staff profile,,,,,
Roger Simnett,https://www.unsw.edu.au/staff/roger-simnett,UNSW Sydney,Accounting,EVALUATING THE PERFORMANCE OF EMPLOYEES OF CHARTERED ACCOUNTING FIRMS IN AUSTRALIA,Accounting & Finance,1989,Journal articles,10.1111/j.1467-629X.1989.tb00099.x,http://dx.doi.org/10.1111/j.1467-629X.1989.tb00099.x,Peirson CG; Simnett R; Pratt JH,3,29,pp. 19 - 29,,,0.25707125,UNSW staff profile,False,1,0.0,0810-5391,W2066467391
Roger Simnett,https://www.unsw.edu.au/staff/roger-simnett,UNSW Sydney,Accounting,Relationships Among Work Values and the Self-Perceived Performance and Effort of Chartered Accountants in Australia: An Exploratory Study,Australian Journal of Management,1989,Journal articles,10.1177/031289628901400104,http://dx.doi.org/10.1177/031289628901400104,Peirson CG; Simnett R; Pratt JH,3,14,pp. 61 - 74,,,0.79958082,UNSW staff profile,False,4,0.9886,0312-8962,W2028464753
Roger Simnett,https://www.unsw.edu.au/staff/roger-simnett,UNSW Sydney,Accounting,Auditor Versus Model : Information Choice and Information Processing,The Accounting Review,1989,Journal articles,,http://www.jstor.org/stable/247603,Simnett R; Trotman K,2,64,pp. 514 - 528,,,,UNSW staff profile,,,,,
Roger Simnett,https://www.unsw.edu.au/staff/roger-simnett,UNSW Sydney,Accounting,A Review of the Capabilities and Availability of Generalised Audit software,The Chartered Accountant in Australia,1988,Journal articles,,,Simnett R,1,,pp. 63 - 67,,,,UNSW staff profile,,,,,
Roger Simnett,https://www.unsw.edu.au/staff/roger-simnett,UNSW Sydney,Accounting,Auditors Liability to Third parties: The Next Step,The Chartered Accountant in Australia,1988,Journal articles,,,Simnett R,1,,pp. 60 - 62,,,,UNSW staff profile,,,,,
Roger Simnett,https://www.unsw.edu.au/staff/roger-simnett,UNSW Sydney,Accounting,Determinants of Financial Information Produced by Private Not-for-Profit Organisations,Accounting and Finance,1987,Journal articles,,,Simnett R,1,,pp. 53 - 71,,,,UNSW staff profile,,,,,
Roger Simnett,https://www.unsw.edu.au/staff/roger-simnett,UNSW Sydney,Accounting,Determinants of Financial Information Published by Private Not-For-Profit Organisations,Accounting & Finance,1987,Journal articles,10.1111/j.1467-629X.1987.tb00087.x,http://dx.doi.org/10.1111/j.1467-629X.1987.tb00087.x,Simnett R,1,27,pp. 53 - 71,,,0.92216421,UNSW staff profile,True,10,3.6828,0810-5391,W2025316086
Roger Simnett,https://www.unsw.edu.au/staff/roger-simnett,UNSW Sydney,Accounting,AIR-MOTOR DRIVES FOR SMALL PUMPS.,Chemical Engineering New York,1983,Journal articles,,,Simnett RW; Anderson E,2,90,pp. 73 - 75,,,,UNSW staff profile,,,,,
Roger Simnett,https://www.unsw.edu.au/staff/roger-simnett,UNSW Sydney,Accounting,VACUUM/PRESSURE PUMP LENDS PRECISION TO DISCRETE SAMPLING.,Ind Res Dev,1982,Journal articles,,,SIMNETT RW; HANSON WA,2,V 24,pp. 164 - 165,,,,UNSW staff profile,,,,,
Roger Simnett,https://www.unsw.edu.au/staff/roger-simnett,UNSW Sydney,Accounting,PNEUMATICS: POWER TRANSMISSION THAT CUTS DOWNTIME.,Power Transmission Design,1980,Journal articles,,,Simnett R,1,22,pp. 43 - 45,,,,UNSW staff profile,,,,,
Elvira Sojli,https://www.unsw.edu.au/staff/elvira-sojli,UNSW Sydney,Finance,Time-Varying Group Unobserved Heterogeneity in Finance,Journal of Business and Economic Statistics,2026,Journal articles,10.1080/07350015.2025.2546452,http://dx.doi.org/10.1080/07350015.2025.2546452,Leng X; Sojli E; Tham WW; Wang W,4,44,pp. 587 - 600,,,0.79960073,UNSW staff profile,False,1,1.1764,0735-0015,W4413349043
Elvira Sojli,https://www.unsw.edu.au/staff/elvira-sojli,UNSW Sydney,Finance,Foundational processes and growth,Journal of Financial Economics,2026,Journal articles,10.1016/j.jfineco.2026.104276,http://dx.doi.org/10.1016/j.jfineco.2026.104276,Tham WW; Baslandze S; Sojli E; Liu L,4,180,,,,0.93819896,UNSW staff profile,True,1,4.7533,0304-405X,W7139968918
Elvira Sojli,https://www.unsw.edu.au/staff/elvira-sojli,UNSW Sydney,Finance,Leveraging Artificial intelligence technology for mapping publications to Sustainable Development Goals,Array,2025,Journal articles,10.1016/j.array.2025.100419,http://dx.doi.org/10.1016/j.array.2025.100419,Yin H; Aryani A; Lambert G; Wu Z; Nambiar N; White M; Salvador-Carulla L; Sadiq S; Sojli E; Boddy J; Murray G; Tham WW,12,27,,,,0.97794634,UNSW staff profile,True,8,9.6673,2590-0056,W4411326377
Elvira Sojli,https://www.unsw.edu.au/staff/elvira-sojli,UNSW Sydney,Finance,Nonstandard Errors,Journal of Finance,2024,Journal articles,10.1111/jofi.13337,http://dx.doi.org/10.1111/jofi.13337,Menkveld AJ; Dreber A; Holzmeister F; Huber J; Johannesson M; Kirchler M; Neusüß S; Razen M; Weitzel U; Abad-Díaz D; Abudy M; Adrian T; Ait-Sahalia Y; Akmansoy O; Alcock JT; Alexeev V; Aloosh A; Amato L; Amaya D; Angel JJ; Avetikian AT; Bach A; Baidoo E; Bakalli G; Bao L; Barbon A; Bashchenko O; Bindra PC; Bjønnes GH; Black JR; Black BS; Bogoev D; Correa SB; Bondarenko O; Bos CS; Bosch-Rosa C; Bouri E; Brownlees C; Calamia A; Cao VN; Capelle-Blancard G; Romero LMC; Caporin M; Carrion A; Caskurlu T; Chakrabarty B; Chen J; Chernov M; Cheung W; Chincarini LB; Chordia T; Chow SC; Clapham B; Colliard JE; Comerton-Forde C; Curran E; Dao T; Dare W; Davies RJ; Blasis RD; Nard GFD; Declerck F; Deev O; Degryse H; Deku SY; Desagre C; Dijk MAV; Dim C; Dimpfl T; Dong YJ; Drummond PA; Dudda T; Duevski T; Dumitrescu A; Dyakov T; Dyhrberg AH; Dzieliński M; Eksi A; Kalak IE; Ellen ST; Eugster N; Evans MDD; Farrell M; Felez-Vinas E; Ferrara G; Ferrouhi EM; Flori A; Fluharty-Jaidee JT; Foley SDV; Fong KYL; Foucault T; Franus T; Franzoni F; Frijns B; Frömmel M; Fu SM; Füllbrunn SC; Gan B; Gao G; Gehrig TP,100,79,pp. 2339 - 2390,,,1.0,UNSW staff profile,True,101,65.3198,0022-1082,W4394881644
Elvira Sojli,https://www.unsw.edu.au/staff/elvira-sojli,UNSW Sydney,Finance,Reproducibility in Management Science,Management Science,2023,Journal articles,10.1287/mnsc.2023.03556,http://dx.doi.org/10.1287/mnsc.2023.03556,Fišar M; Greiner B; Huber C; Katok E; Ozkes AI; Sojli E; Tham WW,7,,,,,0.98137432,UNSW staff profile,True,43,7.6022,0025-1909,W4390104160
Elvira Sojli,https://www.unsw.edu.au/staff/elvira-sojli,UNSW Sydney,Finance,Non-Standard Errors,The Journal of Finance,2023,Journal articles,10.2139/ssrn.3961574,http://dx.doi.org/10.2139/ssrn.3961574,Menkveld AJ; Dreber A; Holzmeister F; Huber J; Johanneson M; Kirchler M; Razen M; Weitzel U; Abad D; Abudy MM; Adrian T; Ait-Sahalia Y; Akmansoy O; Alcock J; Alexeev V; Aloosh A; Amato L; Amaya D; Angel JJ; Bach A; Baidoo E; Bakalli G; Barbon A; Bashchenko O; Bindra PC; Bjonnes GH; Black JR; Black BS; Bohorquez S; Bondarenko O; Bos CS; Bosch-Rosa C; Bouri E; Brownlees CT; Calamia A; Cao VN; Capelle-Blancard G; Capera L; Caporin M; Carrion A; Caskurlu T; Chakrabarty B; Chernov M; Cheung WMY; Chincarini LB; Chordia T; Chow SC; Clapham B; Colliard J-E; Comerton-Forde C; Curran E; Dao T; Dare W; Davies RJ; De Blasis R; De Nard G; Declerck F; Deev O; Degryse H; Deku S; Desagre C; Van Dijk MA; Dim C; Dimpfl T; Dong YJ; Drummond P; Dudda T; Dumitrescu A; Dyakov T; Dyhrberg AH; Dzieliński M; Eksi A; El Kalak I; ter Ellen S; Eugster N; Evans MDD; Farrell M; Félez-Viñas E; Ferrara G; FERROUHI EM; Flori A; Fluharty-Jaidee J; Foley S; Fong KYL; Foucault T; Franus T; Franzoni FA; Frijns B; Frömmel M; Fu S; Füllbrunn S; Gan B; Gehrig T; Gerritsen D; Gil-Bazo J; Glosten LR; Gomez T; Gorbenko A; Güçbilmez U; Grammig J; Gregoire V; Hagströmer B; Hambuckers J; Hapnes E; Harris JH; Harris L; Hartmann S; Hasse J-B; Hautsch N; He X-ZT; Heath D; Hediger S; Hendershott TJ; Hibbert AM; Hjalmarsson E; Hoelscher S; Hoffmann P; Holden CW; Horenstein AR; Huang W; Huang D; Hurlin C; Ivashchenko A; Iyer SR; Jahanshahloo H; Jalkh N; Jones CM; Jurkatis S; Jylha P; Kaeck A; Kaiser G; Karam A; Karmaziene E; Kassner B; Kaustia M; Kazak E; Kearney F; van Kervel V; Khan S; Khomyn M; Klein T; Klein O; Klos A; Koetter M; Krahnen JP; Kolokolov A; Korajczyk RA; Kozhan R; Kwan A; Lajaunie Q; Lam FYEC; Lambert M; Langlois H; Lausen J; Lauter T; Leippold M; Levin V; Li Y; Li MH; Liew CY; Lindner T; Linton OB; Liu J; Liu A; Llorente-Alvarez J-G; Lof M; Lohr A; Longstaff FA; Lopez-Lira A; Mankad S; Mano N; Marchal A; Martineau C; Mazzola F; Meloso DC; Mihet R; Mohan V; Moinas S; Moore D; Mu L; Muravyev D; Murphy D; Neszveda G; Neumeier C; Nielsson U; Nimalendran M; Nolte S; Nordén LL; O'Neill P; Obaid K; Ødegaard BA; Östberg P; Painter M; Palan S; Palit I; Park A; Pascual Gascó R; Pasquariello P; Pastor L; Patel V; Patton AJ; Pearson ND; Pelizzon L; Pelster M; Pérignon C; Pfiffer C; Philip R; Plíhal T; Prakash P; Press O-A; Prodromou T; Putnins TJ; Raizada G; Rakowski DA; Ranaldo A; Regis L; Reitz S; Renault T; Wang R; Renò R; Riddiough S; Rinne K; Rintamäki P; Riordan R; RITTMANNSBERGER T; Rodríguez Longarela I; Rösch D; Rognone L; Roseman B; Rosu I; Roy S; Rudolf N; Rush S; Rzayev K; Rzeźnik A; Sanford A; Sankaran H; Sarkar A; Sarno L; Scaillet O; Scharnowski S; Schenk-Hoppé KR; Schertler A; Schneider M; Schroeder F; Schürhoff N; Schuster P; Schwarz MA; Seasholes MS; Seeger N; Shachar O; Shkilko A; Shui J; Sikic M; Simion G; Smales LA; Söderlind P; Sojli E; Sokolov K; Spokeviciute L; Stefanova D; Subrahmanyam MG; Neusüss S; Szaszi B; Talavera O; Tang Y; Taylor N; Tham WW; Theissen E; Thimme J; Tonks I; Tran H; Trapin L; Trolle AB; Vaduva M; Valente G; Van Ness RA; Vasquez A; Verousis T; Verwijmeren P; Vilhelmsson A; Vilkov G; Vladimirov V; Vogel S; Voigt S; Wagner W; Walther T; Weiss P; van der Wel M; Werner IM; Westerholm PJ; Westheide C; Wipplinger E; Wolf M; Wolff CCP; Wolk L; Wong WK; Wrampelmeyer J; Wu Z-X; Xia S; Xiu D; Xu K; Xu C; Yadav PK; Yagüe J; Yan C; Yang A; Yoo W; Yu W; Yu S; Yueshen BZ; Yuferova D; Zamojski M; Zareei A; Zeisberger S; Zhang S; Zhang X; Zhong Z; Zhou ZI; Zhou C; Zhu X; Zoican M; Zwinkels RCJ; Chen J; Duevski T; Gao G; Gemayel R; Gilder D; Kuhle P; Pagnotta E; Pelli M; Sö nksen J; Zhang L; Ilczuk K; Bogoev D; Qian Y; Wika HC; Yu Y; Zhao L; Mi M; Bao L,341,Forthcoming,,,,,UNSW staff profile,,10,,1556-5068,W3216641316
Elvira Sojli,https://www.unsw.edu.au/staff/elvira-sojli,UNSW Sydney,Finance,Equity Trading Activity and Treasury Bond Risk Premia,Journal of Financial and Quantitative Analysis,2023,Journal articles,10.1017/S0022109022000497,http://dx.doi.org/10.1017/S0022109022000497,Sojli E; Tham WW; Schraeder S; Subrahmanyam A,4,58,pp. 677 - 677,,,0.75683365,UNSW staff profile,False,5,0.9898,0022-1090,W4229012981
Elvira Sojli,https://www.unsw.edu.au/staff/elvira-sojli,UNSW Sydney,Finance,Deleting unreported innovation,Journal of Financial and Quantitative Analysis,2022,Journal articles,10.1017/S0022109021000764,http://dx.doi.org/10.1017/S0022109021000764,Koh P-S; Reeb D; Sojli E; Tham WW; Wang W,5,57,pp. 2324 - 2324,,,0.0384978,UNSW staff profile,False,1,0.0,0022-1090,W3135800417
Elvira Sojli,https://www.unsw.edu.au/staff/elvira-sojli,UNSW Sydney,Finance,Forging remote relationships,Science,2021,Journal articles,10.1126/science.abi4726,http://dx.doi.org/10.1126/science.abi4726,Kirshner S; Sojli E,2,372,pp. 24 - 24,,,0.05305927,UNSW staff profile,False,0,0.0,0036-8075,W3146055600
Elvira Sojli,https://www.unsw.edu.au/staff/elvira-sojli,UNSW Sydney,Finance,Defining events: 2020 in hindsight,Science,2021,Journal articles,10.1126/science.abg0904,http://dx.doi.org/10.1126/science.abg0904,Protzko J; Tanner IZ; Dedyo MD; Fu JJ; Perma B; Friedman DA; Blidner AG; Johnston JT; Srivastava AK; Ruscher R; Kupz A; Tarselli MA; Beardsley F; Jensen MM; Konstantinides N; Agarwal D; Yuen J; Gopinath SD; Duong MT; Strong M; Soták M; Burnette K; Kirshner SN; Nikolaou A; Ali BA; de Oliveira BA; Sojli E,27,371,pp. 22 - 24,,,0.29866525,UNSW staff profile,False,0,0.0,0036-8075,W3116576082
Elvira Sojli,https://www.unsw.edu.au/staff/elvira-sojli,UNSW Sydney,Finance,COVID-19 restrictions and age-specific mental health—U.S. probability-based panel evidence,Translational Psychiatry,2021,Journal articles,10.1038/s41398-021-01537-x,http://dx.doi.org/10.1038/s41398-021-01537-x,Sojli E; Tham WW; Bryant R; McAleer M,4,11,,,,0.97931775,UNSW staff profile,True,62,7.9467,2158-3188,W3190442177
Elvira Sojli,https://www.unsw.edu.au/staff/elvira-sojli,UNSW Sydney,Finance,Quoting activity and the cost of capital,Journal of Financial and Quantitative Analysis,2021,Journal articles,10.1017/S002210902000071X,http://dx.doi.org/10.1017/S002210902000071X,Sojli E; Tham WW; Ioanid R,3,56,,,,0.85103018,UNSW staff profile,False,13,1.52,0022-1090,W3124385018
Elvira Sojli,https://www.unsw.edu.au/staff/elvira-sojli,UNSW Sydney,Finance,Imagining a teaching utopia,Science,2021,Journal articles,10.1126/science.abm1361,http://dx.doi.org/10.1126/science.abm1361,Srivastava S; Heim AB; Yoho R; Moore EB; Richter WE; Strielkowski W; Coulibaly AP; Li K; Penders B; Sojli E; Cao B,11,374,pp. 31,,,0.70639631,UNSW staff profile,False,2,0.4321,0036-8075,W3204686286
Elvira Sojli,https://www.unsw.edu.au/staff/elvira-sojli,UNSW Sydney,Finance,Common Mental Disorders and Economic Uncertainty: Evidence from the COVID-19 Pandemic in the U.S.,Plos One,2021,Journal articles,10.1371/journal.pone.0260726,http://dx.doi.org/10.1371/journal.pone.0260726,Tham WW; Sojli E; Bryant R; McAleer M,4,16,,,,0.96920842,UNSW staff profile,True,34,6.6844,1932-6203,W3215195370
Elvira Sojli,https://www.unsw.edu.au/staff/elvira-sojli,UNSW Sydney,Finance,Cross-Sided Liquidity Externalities,Management Science,2018,Journal articles,10.1287/mnsc.2016.2658,http://dx.doi.org/10.1287/mnsc.2016.2658,Tham WW; sojli E; Skjeltorp J,3,,pp. 2473 - 2972,,,0.93800597,UNSW staff profile,True,16,3.7698,0025-1909,W3125288379
Elvira Sojli,https://www.unsw.edu.au/staff/elvira-sojli,UNSW Sydney,Finance,Foreign political connections,Journal of International Business Studies,2017,Journal articles,10.1057/s41267-016-0059-3,http://dx.doi.org/10.1057/s41267-016-0059-3,Sojli E; Tham WW,2,48,pp. 244 - 266,,,0.9857913,UNSW staff profile,True,99,14.0499,0047-2506,W2585994497
Elvira Sojli,https://www.unsw.edu.au/staff/elvira-sojli,UNSW Sydney,Finance,Flashes of Trading Intent at NASDAQ,Journal of Financial and Quantitative Analysis,2016,Journal articles,10.1017/S0022109016000028,http://dx.doi.org/10.1017/S0022109016000028,Skjeltorp JA; Sojli E; Tham WW,3,51,pp. 165 - 196,,,0.89419267,UNSW staff profile,False,12,2.548,0022-1090,W2335507163
Elvira Sojli,https://www.unsw.edu.au/staff/elvira-sojli,UNSW Sydney,Finance,Divided governments and futures prices,Journal of Econometrics,2015,Journal articles,10.1016/j.jeconom.2015.02.043,http://dx.doi.org/10.1016/j.jeconom.2015.02.043,Sojli E; Tham WW,2,187,pp. 622 - 633,,,0.77287308,UNSW staff profile,False,2,0.4506,0304-4076,W3125012674
Elvira Sojli,https://www.unsw.edu.au/staff/elvira-sojli,UNSW Sydney,Finance,Economic valuation of liquidity timing,Journal of Banking and Finance,2013,Journal articles,10.1016/j.jbankfin.2013.09.010,http://dx.doi.org/10.1016/j.jbankfin.2013.09.010,Karstanje D; Sojli E; Tham WW; van der Wel M,4,37,pp. 5073 - 5087,,,0.45625664,UNSW staff profile,False,0,0.0,0378-4266,W3121741764
Elvira Sojli,https://www.unsw.edu.au/staff/elvira-sojli,UNSW Sydney,Finance,Timing exchange rates using order flow: The case of the Loonie,Journal of Banking and Finance,2010,Journal articles,10.1016/j.jbankfin.2010.02.016,http://dx.doi.org/10.1016/j.jbankfin.2010.02.016,King M; Sarno L; Sojli E,3,34,pp. 2917 - 2928,,,0.97650131,UNSW staff profile,True,41,8.9418,0378-4266,W3123518036
Elvira Sojli,https://www.unsw.edu.au/staff/elvira-sojli,UNSW Sydney,Finance,"Exchange rate forecasting, order flow and macroeconomic information",Journal of International Economics,2010,Journal articles,10.1016/j.jinteco.2009.03.005,http://dx.doi.org/10.1016/j.jinteco.2009.03.005,Rime D; Sarno L; Sojli E,3,80,pp. 72 - 88,,,0.99786426,UNSW staff profile,True,289,40.7134,0022-1996,W2140945868
Elvira Sojli,https://www.unsw.edu.au/staff/elvira-sojli,UNSW Sydney,Finance,The feeble link between exchange rates and fundamentals: Can we blame the discount factor?,Journal of Money Credit and Banking,2009,Journal articles,10.1111/j.1538-4616.2009.00212.x,http://dx.doi.org/10.1111/j.1538-4616.2009.00212.x,Sarno L; Sojli E,2,41,pp. 437 - 442,,,0.94298766,UNSW staff profile,True,38,4.4014,0022-2879,W2036053804
Elvira Sojli,https://www.unsw.edu.au/staff/elvira-sojli,UNSW Sydney,Finance,Non-Standard Errors,SSRN Electronic Journal,,Journal articles,10.2139/ssrn.3979358,http://dx.doi.org/10.2139/ssrn.3979358,Menkveld AJ,1,,,,,,UNSW staff profile,,2,,1556-5068,W4205554355
Peter Swan,https://www.unsw.edu.au/staff/peter-swan,UNSW Sydney,Finance,Does maker-taker limit order subsidy improve market outcomes? Quasi-natural experimental evidence,Journal of Banking and Finance,2025,Journal articles,10.1016/j.jbankfin.2024.107330,http://dx.doi.org/10.1016/j.jbankfin.2024.107330,Lin Y; Swan PL; Harris FHDB,3,170,,,,0.7803662,UNSW staff profile,False,2,0.655,0378-4266,W4403905483
Peter Swan,https://www.unsw.edu.au/staff/peter-swan,UNSW Sydney,Finance,Control-oriented fan coil unit modeling for room dynamics considering dehumidifying cooling conditions and indoor air quality,Energy Conversion and Management: X,2023,Journal articles,10.1016/j.ecmx.2023.100476,http://dx.doi.org/10.1016/j.ecmx.2023.100476,Li W; Nurdin H; Swan P,3,20,,,,0.5800665,UNSW staff profile,False,4,0.4475,2590-1745,W4388248478
Peter Swan,https://www.unsw.edu.au/staff/peter-swan,UNSW Sydney,Finance,The Unnecessary Devastation of the Lockdown,Quadrant,2020,Journal articles,,https://quadrant.org.au/opinion/qed/2020/05/run-the-numbers-survey-the-folly/,Swan P,1,"64, 2020",pp. 22 - 26,,,,UNSW staff profile,,,,,
Peter Swan,https://www.unsw.edu.au/staff/peter-swan,UNSW Sydney,Finance,"The Code of Capital: How the Law Creates Wealth and Inequality by Katharina Pistor (Princeton University Press, Princeton, NJ, 2019), pp. 320",Economic Record,2020,Journal articles,10.1111/1475-4932.12549,http://dx.doi.org/10.1111/1475-4932.12549,Swan PL,1,96,pp. 219 - 221,,,,UNSW staff profile,,0,,0013-0249,W3027095871
Peter Swan,https://www.unsw.edu.au/staff/peter-swan,UNSW Sydney,Finance,"Investment, the Corporate Tax Rate, and the Pricing of Franking Credits",Economic Record,2019,Journal articles,10.1111/1475-4932.12493,http://dx.doi.org/10.1111/1475-4932.12493,Swan PL,1,95,pp. 480 - 496,,,0.89330956,UNSW staff profile,False,7,2.517,0013-0249,W2904448296
Peter Swan,https://www.unsw.edu.au/staff/peter-swan,UNSW Sydney,Finance,Comments on Shan and Walter: ‘Towards a Set of Design Principles for Executive Compensation Contracts,Abacus,2016,Journal articles,10.1111/abac.12091,http://dx.doi.org/10.1111/abac.12091,Beaumont S; Ratiu R; Reeb D; Boyle G; Brown P; Szimayer A; da Silva Rosa R; Hillier D; McColgan P; Tsekeris A; Howieson B; Matolcsy Z; Spiropoulos H; Roberts J; Smith T; Zhou Q; Swan PL; Taylor S; Wright S; Yermack D,20,52,pp. 685 - 771,,,0.87189714,UNSW staff profile,False,3,1.1606,0001-3072,W2560977427
Peter Swan,https://www.unsw.edu.au/staff/peter-swan,UNSW Sydney,Finance,Comments on Shan and Walter: Towards a set of design principles,"Abacus: a journal of accounting, finance and business studies",2016,Journal articles,10.1111/abac.12090,http://dx.doi.org/10.1111/abac.12090,Swan PL,1,52,pp. 619 - 684,,,0.97662458,UNSW staff profile,True,29,9.4455,0001-3072,W2188984940
Peter Swan,https://www.unsw.edu.au/staff/peter-swan,UNSW Sydney,Finance,"Mandated divorce: Company boards, incentives and performance",Law and Financial Markets Review,2016,Journal articles,10.1080/17521440.2016.1243880,http://dx.doi.org/10.1080/17521440.2016.1243880,Swan PL,1,10,pp. 133 - 138,,,,UNSW staff profile,,0,,1752-1440,W2555819598
Peter Swan,https://www.unsw.edu.au/staff/peter-swan,UNSW Sydney,Finance,Do Australians benefit from our greater tolerance for inequality?,The Economic and Labour Relations Review,2015,Journal articles,10.1177/1035304615614449,http://dx.doi.org/10.1177/1035304615614449,Swan PL,1,26,pp. 678 - 680,,,0.81736504,UNSW staff profile,False,1,0.6133,1035-3046,W2576142204
Peter Swan,https://www.unsw.edu.au/staff/peter-swan,UNSW Sydney,Finance,Do Concentrated Institutional Investors Really Reduce Executive Compensation Whilst Raising Incentives?,Critical Finance Review,2014,Journal articles,10.1561/104.00000014,http://dx.doi.org/10.1561/104.00000014,Smith GS; Swan PL,2,3,pp. 49 - 83,,,0.84708101,UNSW staff profile,False,7,1.2405,2164-5744,W3122351058
Peter Swan,https://www.unsw.edu.au/staff/peter-swan,UNSW Sydney,Finance,The ASX governance council and ‘independent’ boards,Law and Financial Markets Review,2014,Journal articles,10.5235/17521440.8.3.196,http://dx.doi.org/10.5235/17521440.8.3.196,Swan P,1,8,pp. 194 - 198,,,0.77879247,UNSW staff profile,False,4,0.827,1752-1440,W1978516544
Peter Swan,https://www.unsw.edu.au/staff/peter-swan,UNSW Sydney,Finance,Governance through Trading: Institutional Swing Trades and Subsequent Firm Performance,Journal of Financial and Quantitative Analysis,2013,Journal articles,10.1017/S0022109013000203,http://dx.doi.org/10.1017/S0022109013000203,Swan PL; Gallagher D; Gardner P,3,48,pp. 427 - 458,,,0.974805,UNSW staff profile,True,83,7.8511,0022-1090,W3121932092
Peter Swan,https://www.unsw.edu.au/staff/peter-swan,UNSW Sydney,Finance,Follow the leader: Fund managers trading in signal-strength sequence,Accounting and Finance,2011,Journal articles,10.1111/j.1467-629X.2010.00367.x,http://dx.doi.org/10.1111/j.1467-629X.2010.00367.x,Fong KYL; Gallagher DR; Gardner PA; Swan PL,4,51,pp. 684 - 710,,,0.77375545,UNSW staff profile,False,7,0.7024,0810-5391,W2019259689
Peter Swan,https://www.unsw.edu.au/staff/peter-swan,UNSW Sydney,Finance,Do active fund managers care about capital gains tax efficiency?,Pacific Basin Finance Journal,2009,Journal articles,,,Fong KY; Gallagher DR; Lau S; Swan PL,4,17,pp. 257 - 270,,,,UNSW staff profile,,,,,
Peter Swan,https://www.unsw.edu.au/staff/peter-swan,UNSW Sydney,Finance,Portfolio pumping: An examination of investment manager quarter-end trading and impact on performance,Pacific Basin Finance Journal,2009,Journal articles,10.1016/j.pacfin.2007.12.001,http://dx.doi.org/10.1016/j.pacfin.2007.12.001,Gallagher DR; Gardner PA; Swan PL,3,17,pp. 1 - 27,,,0.92124665,UNSW staff profile,True,53,2.8982,0927-538X,W3125443345
Peter Swan,https://www.unsw.edu.au/staff/peter-swan,UNSW Sydney,Finance,The political economy of the subprime crisis: Why subprime was so attractive to its creators,European Journal of Political Economy,2009,Journal articles,10.1016/j.ejpoleco.2008.12.005,http://dx.doi.org/10.1016/j.ejpoleco.2008.12.005,Swan PL,1,25,pp. 124 - 132,,,0.78419602,UNSW staff profile,False,3,0.6674,0176-2680,W2083215646
Peter Swan,https://www.unsw.edu.au/staff/peter-swan,UNSW Sydney,Finance,Australian chief executive officer remuneration: Pay and performance,Accounting and Finance,2006,Journal articles,,,Swan PL; Merhebi RM; Pattenden K; Zhou X,4,46,pp. 481 - 497,,,,UNSW staff profile,,,,,
Peter Swan,https://www.unsw.edu.au/staff/peter-swan,UNSW Sydney,Finance,Performance Thresholds in Managerial Incentive Contracts,Journal of Business,2003,Journal articles,,,Swan PL; Zhou X,2,76,pp. 665 - 696,,,,UNSW staff profile,,,,,
Peter Swan,https://www.unsw.edu.au/staff/peter-swan,UNSW Sydney,Finance,Short sales are almost instantaneously bad news: Evidence from the Australian stock exchange,Journal of Finance,1998,Journal articles,10.1111/0022-1082.00088,http://dx.doi.org/10.1111/0022-1082.00088,Aitken MJ; Frino A; Mccorry MS; Swan PL,4,53,pp. 2205 - 2223,,,0.93341952,UNSW staff profile,True,389,3.3208,0022-1082,W2167700696
Peter Swan,https://www.unsw.edu.au/staff/peter-swan,UNSW Sydney,Finance,HOW BROKERS FACILITATE TRADE FOR LONG-TERM CLIENTS IN COMPETITIVE SECURITIES MARKETS,JOURNAL OF BUSINESS,1995,Journal articles,10.1086/296651,http://dx.doi.org/10.1086/296651,AITKEN MJ; GARVEY GT; SWAN PL,3,68,pp. 1 - 33,,,0.86712095,UNSW staff profile,False,37,1.8563,0021-9398,W2035204684
Peter Swan,https://www.unsw.edu.au/staff/peter-swan,UNSW Sydney,Finance,"Shareholder Activism, “Voluntary” Restructuring, and Internal Labor Markets",Journal of Economics Management Strategy,1995,Journal articles,10.1111/j.1430-9134.1995.00591.x,http://dx.doi.org/10.1111/j.1430-9134.1995.00591.x,Garvey GT; Swan PL,2,4,pp. 591 - 621,,,0.33028169,UNSW staff profile,False,3,0.0,1058-6407,W2053985163
Peter Swan,https://www.unsw.edu.au/staff/peter-swan,UNSW Sydney,Finance,The economics of corporate governance: Beyond the Marshallian firm,Journal of Corporate Finance,1994,Journal articles,10.1016/0929-1199(94)90001-9,http://dx.doi.org/10.1016/0929-1199(94)90001-9,Garvey GT; Swan PL,2,1,pp. 139 - 174,,,0.95187993,UNSW staff profile,True,114,5.4838,0929-1199,W1997858498
Peter Swan,https://www.unsw.edu.au/staff/peter-swan,UNSW Sydney,Finance,The Taxation of Capital Gains When the Cash Component of Income Is Taxed,Abacus,1994,Journal articles,10.1111/j.1467-6281.1994.tb00348.x,http://dx.doi.org/10.1111/j.1467-6281.1994.tb00348.x,SWAN PL,1,30,pp. 160 - 174,,,0.16817055,UNSW staff profile,False,1,0.0,0001-3072,W2051896044
Peter Swan,https://www.unsw.edu.au/staff/peter-swan,UNSW Sydney,Finance,PRINCIPAL AND AGENCY TRADES BY STOCKBROKERS ARE COMPLEMENTARY: THE WELFARE EFFECTS OF DEREGULATING AGENCY TRADING AND BANNING PRINCIPAL TRADES,Accounting Finance,1993,Journal articles,10.1111/j.1467-629X.1993.tb00197.x,http://dx.doi.org/10.1111/j.1467-629X.1993.tb00197.x,Aitken MJ; Swan PL,2,33,pp. 19 - 42,,,0.87151277,UNSW staff profile,False,9,1.9957,0810-5391,W2032068269
Peter Swan,https://www.unsw.edu.au/staff/peter-swan,UNSW Sydney,Finance,Agency Theory and “Management Research” A Comment,Australian Journal of Management,1993,Journal articles,10.1177/031289629301800105,http://dx.doi.org/10.1177/031289629301800105,Arthur N; Garvey G; Swan P; Taylor S,4,18,pp. 93 - 102,,,0.93715619,UNSW staff profile,True,20,4.3363,0312-8962,W2016221422
Peter Swan,https://www.unsw.edu.au/staff/peter-swan,UNSW Sydney,Finance,Exhaustibility and the reserves/production ratio,Economics Letters,1993,Journal articles,10.1016/0165-1765(93)90183-D,http://dx.doi.org/10.1016/0165-1765(93)90183-D,Marks RE; Swan PL,2,42,pp. 117 - 119,,,0.17345058,UNSW staff profile,False,0,0.0,0165-1765,W2064024655
Peter Swan,https://www.unsw.edu.au/staff/peter-swan,UNSW Sydney,Finance,"MANAGERIAL OBJECTIVES, CAPITAL STRUCTURE, AND THE PROVISION OF WORKER INCENTIVES",JOURNAL OF LABOR ECONOMICS,1992,Journal articles,10.1086/298291,http://dx.doi.org/10.1086/298291,GARVEY GT; SWAN PL,2,10,pp. 357 - 379,,,0.98390306,UNSW staff profile,True,43,13.2261,0734-306X,W2035778385
Peter Swan,https://www.unsw.edu.au/staff/peter-swan,UNSW Sydney,Finance,Optimal capital structure for a hierarchical firm,Journal of Financial Intermediation,1992,Journal articles,10.1016/1042-9573(92)90010-B,http://dx.doi.org/10.1016/1042-9573(92)90010-B,Garvey G; Swan PL,2,2,pp. 376 - 400,,,0.95937444,UNSW staff profile,True,11,7.4009,1042-9573,W2015844896
Peter Swan,https://www.unsw.edu.au/staff/peter-swan,UNSW Sydney,Finance,The interaction between financial and employment contracts: A formal model of Japanese Corporate Governance,Journal of The Japanese and International Economies,1992,Journal articles,10.1016/0889-1583(92)90023-W,http://dx.doi.org/10.1016/0889-1583(92)90023-W,Garvey GT; Swan PL,2,6,pp. 247 - 274,,,0.95110552,UNSW staff profile,True,32,5.9207,0889-1583,W2083177894
Peter Swan,https://www.unsw.edu.au/staff/peter-swan,UNSW Sydney,Finance,The Emerging Australian Manufacturing Export Response to Microeconomic Reform,Australian Journal of Management,1992,Journal articles,10.1177/031289629201700103,http://dx.doi.org/10.1177/031289629201700103,Swan PL; Zeitsch J,2,17,pp. 21 - 58,,,0.73382664,UNSW staff profile,False,7,0.6321,0312-8962,W1972285671
Peter Swan,https://www.unsw.edu.au/staff/peter-swan,UNSW Sydney,Finance,"Real Rates of Return in Electricity Supply: New South Wales, Tasmania and Victoria",Economic Record,1990,Journal articles,10.1111/j.1475-4932.1990.tb01711.x,http://dx.doi.org/10.1111/j.1475-4932.1990.tb01711.x,SWAN PL,1,66,pp. 93 - 109,,,0.84583955,UNSW staff profile,False,11,1.2403,0013-0249,W2071097946
Peter Swan,https://www.unsw.edu.au/staff/peter-swan,UNSW Sydney,Finance,Inflation drag or taxation in drag: Responsible for the rising share of government in Australian GDP?,Public Choice,1990,Journal articles,10.1007/BF00123795,http://dx.doi.org/10.1007/BF00123795,Swan PL,1,65,pp. 143 - 156,,,0.19117208,UNSW staff profile,False,1,0.0,0048-5829,W2123789668
Peter Swan,https://www.unsw.edu.au/staff/peter-swan,UNSW Sydney,Finance,"Economies of Scale and Utilization: An Analysis of the Multi‐Plant Generation Costs of the Electricity Commission of New South Wales, 1970/71–1984/85",Economic Record,1989,Journal articles,10.1111/j.1475-4932.1989.tb00686.x,http://dx.doi.org/10.1111/j.1475-4932.1989.tb00686.x,BATESON J; SWAN PL,2,65,pp. 329 - 344,,,0.91091703,UNSW staff profile,True,10,2.518,0013-0249,W2091182482
Peter Swan,https://www.unsw.edu.au/staff/peter-swan,UNSW Sydney,Finance,"CORPORATISATION, PRIVATISATION AND THE REGULATORY FRAMEWORK FOR THE ELECTRICITY SECTOR",Economic Papers,1989,Journal articles,10.1111/j.1759-3441.1989.tb01077.x,http://dx.doi.org/10.1111/j.1759-3441.1989.tb01077.x,Swan PL,1,8,pp. 55 - 69,,,0.84748504,UNSW staff profile,False,2,1.259,0812-0439,W2056521474
Peter Swan,https://www.unsw.edu.au/staff/peter-swan,UNSW Sydney,Finance,The Political Economy of the Symbiosis between Labour Market Regulation and the Social Welfare System,Australian Journal of Management,1988,Journal articles,10.1177/031289628801300204,http://dx.doi.org/10.1177/031289628801300204,Swan PL; Bernstam MS,2,13,pp. 177 - 201,,,0.85260274,UNSW staff profile,False,3,1.7797,0312-8962,W2042241775
Peter Swan,https://www.unsw.edu.au/staff/peter-swan,UNSW Sydney,Finance,"THE PRODUCTION OF CHILDREN AS CLAIMS ON THE STATE - A COMPREHENSIVE LABOR-MARKET APPROACH TO ILLEGITIMACY IN THE UNITED-STATES, 1960-1980",POPULATION INDEX,1986,Journal articles,10.2307/3643635,http://dx.doi.org/10.2307/3643635,BERNSTAM MS; SWAN PL,2,52,pp. 398 - 398,,,0.5314216,UNSW staff profile,False,7,0.0,0032-4701,W4254344754
Peter Swan,https://www.unsw.edu.au/staff/peter-swan,UNSW Sydney,Finance,RESOURCE RENT TAX: THE ISSUES,Economic Papers,1984,Journal articles,10.1111/j.1759-3441.1984.tb00458.x,http://dx.doi.org/10.1111/j.1759-3441.1984.tb00458.x,Swan PL,1,3,pp. 1 - 10,,,0.84497893,UNSW staff profile,False,2,1.6054,0812-0439,W1982037934
Peter Swan,https://www.unsw.edu.au/staff/peter-swan,UNSW Sydney,Finance,"The Economics of Law: Economic Imperialism in Negligence Law, No‐Fault Insurance, Occupational Licensing and Criminology?",Australian Economic Review,1984,Journal articles,10.1111/j.1467-8462.1984.tb00460.x,http://dx.doi.org/10.1111/j.1467-8462.1984.tb00460.x,Swan PL,1,17,pp. 92 - 108,,,0.95413944,UNSW staff profile,True,21,6.4218,0004-9018,W1979084839
Peter Swan,https://www.unsw.edu.au/staff/peter-swan,UNSW Sydney,Finance,Participation rules for Pareto-optimal clubs,Journal of Public Economics,1983,Journal articles,10.1016/0047-2727(83)90020-8,http://dx.doi.org/10.1016/0047-2727(83)90020-8,Hillman AL; Swan PL,2,20,pp. 55 - 76,,,0.94975404,UNSW staff profile,True,29,4.8435,0047-2727,W2069172044
Peter Swan,https://www.unsw.edu.au/staff/peter-swan,UNSW Sydney,Finance,The Marginal Cost of Base‐Load Power: An Application to Alcoa's Portland Smelter,Economic Record,1983,Journal articles,10.1111/j.1475-4932.1983.tb00823.x,http://dx.doi.org/10.1111/j.1475-4932.1983.tb00823.x,SWAN PL,1,59,pp. 332 - 344,,,0.97207679,UNSW staff profile,True,12,7.7669,0013-0249,W2065295211
Peter Swan,https://www.unsw.edu.au/staff/peter-swan,UNSW Sydney,Finance,THE CAMPBELL REPORT AND DEREGULATION,Economic Papers,1983,Journal articles,10.1111/j.1759-3441.1983.tb00263.x,http://dx.doi.org/10.1111/j.1759-3441.1983.tb00263.x,Swan PL,1,2,pp. 177 - 193,,,0.87138916,UNSW staff profile,False,3,1.5489,0812-0439,W2125691975
Peter Swan,https://www.unsw.edu.au/staff/peter-swan,UNSW Sydney,Finance,Durability and taxes: Market structure and quasi-capital market distortion,Econometrica,1981,Journal articles,10.2307/1913319,http://dx.doi.org/10.2307/1913319,Swan PL,1,49,pp. 425 - 435,,,0.26354942,UNSW staff profile,False,5,0.0,0012-9682,W2011732312
Peter Swan,https://www.unsw.edu.au/staff/peter-swan,UNSW Sydney,Finance,"PUBLIC-POLICY AND THE CORPORATION - KING,MA",ECONOMIC RECORD,1980,Journal articles,,https://www.webofscience.com/api/gateway?GWVersion=2&SrcApp=PARTNER_APP&SrcAuth=LinksAMR&KeyUT=WOS%3AA1980JX60200011&DestLinkType=FullRecord&DestApp=ALL_WOS&UsrCustomerID=891bb5ab6ba270e68a29b250adbe88d1,SWAN PL,1,56,pp. 100 - 102,,,,UNSW staff profile,,,,,
Peter Swan,https://www.unsw.edu.au/staff/peter-swan,UNSW Sydney,Finance,The Mathews Report on Business Taxation:Rejoinder,Economic Record,1980,Journal articles,10.1111/j.1475-4932.1980.tb01678.x,http://dx.doi.org/10.1111/j.1475-4932.1980.tb01678.x,SWAN PL,1,56,pp. 270 - 277,,,0.92664637,UNSW staff profile,True,6,3.7094,0013-0249,W2039326106
Peter Swan,https://www.unsw.edu.au/staff/peter-swan,UNSW Sydney,Finance,Alcoa: The influence of recycling on monopoly power,Journal of Political Economy,1980,Journal articles,10.1086/260848,http://dx.doi.org/10.1086/260848,Swan PL,1,88,pp. 76 - 99,,,0.89838528,UNSW staff profile,False,92,3.1192,0022-3808,W2002122935
Peter Swan,https://www.unsw.edu.au/staff/peter-swan,UNSW Sydney,Finance,Club participation under uncertainty,Economics Letters,1979,Journal articles,10.1016/0165-1765(79)90175-7,http://dx.doi.org/10.1016/0165-1765(79)90175-7,Hillman AL; Swan PL,2,4,pp. 307 - 312,,,0.87220033,UNSW staff profile,False,15,1.9843,0165-1765,W2050044993
Peter Swan,https://www.unsw.edu.au/staff/peter-swan,UNSW Sydney,Finance,The Mathews Report on Business Taxation,Economic Record,1978,Journal articles,10.1111/j.1475-4932.1978.tb00312.x,http://dx.doi.org/10.1111/j.1475-4932.1978.tb00312.x,SWAN PL,1,54,pp. 1 - 16,,,0.96536858,UNSW staff profile,True,12,8.4242,0013-0249,W1970392331
Peter Swan,https://www.unsw.edu.au/staff/peter-swan,UNSW Sydney,Finance,PRODUCT DURABILITY UNDER MONOPOLY AND COMPETITION - REPLY,ECONOMETRICA,1977,Journal articles,10.2307/1913299,http://dx.doi.org/10.2307/1913299,SWAN PL,1,45,pp. 229 - 235,,,0.90150843,UNSW staff profile,True,15,3.1377,0012-9682,W2070472439
Peter Swan,https://www.unsw.edu.au/staff/peter-swan,UNSW Sydney,Finance,Guaranteed market share arrangements in passenger motor vehicles,Australian Journal of Management,1977,Journal articles,10.1177/031289627700200204,http://dx.doi.org/10.1177/031289627700200204,Swan PL,1,2,pp. 149 - 160,,,0.80926096,UNSW staff profile,False,3,1.1982,0312-8962,W2096551210
Peter Swan,https://www.unsw.edu.au/staff/peter-swan,UNSW Sydney,Finance,OPTIMUM REPLACEMENT OF CAPITAL GOODS WITH LABOR-SAVING TECHNICAL PROGRESS - COMPARISON OF EARLY NEW ENGLAND AND BRITISH TEXTILE FIRM,JOURNAL OF POLITICAL ECONOMY,1976,Journal articles,10.1086/260513,http://dx.doi.org/10.1086/260513,SWAN PL,1,84,pp. 1293 - 1303,,,0.08801481,UNSW staff profile,False,5,0.0,0022-3808,W1983925307
Peter Swan,https://www.unsw.edu.au/staff/peter-swan,UNSW Sydney,Finance,"Income Taxes, Profit Taxes and Neutrality of Optimizing Decisions",Economic Record,1976,Journal articles,10.1111/j.1475-4932.1976.tb01576.x,http://dx.doi.org/10.1111/j.1475-4932.1976.tb01576.x,Swan PL,1,52,pp. 166 - 181,,,0.98842373,UNSW staff profile,True,22,17.3731,0013-0249,W2014206304
Peter Swan,https://www.unsw.edu.au/staff/peter-swan,UNSW Sydney,Finance,The Coase Theorem and ‘Sequential‘ Pareto Optimality,Economic Record,1975,Journal articles,10.1111/j.1475-4932.1975.tb00249.x,http://dx.doi.org/10.1111/j.1475-4932.1975.tb00249.x,Swan PL,1,51,pp. 268 - 271,,,0.95351346,UNSW staff profile,True,6,7.0797,0013-0249,W1971475499
Peter Swan,https://www.unsw.edu.au/staff/peter-swan,UNSW Sydney,Finance,"USE OF ECONOMETRIC MODELS BY FEDERAL REGULATORY AGENCIES - STEELE,JL",JOURNAL OF BUSINESS,1974,Journal articles,10.1086/295662,http://dx.doi.org/10.1086/295662,SWAN PL,1,47,pp. 456 - 457,,,,UNSW staff profile,,0,,0021-9398,W2069234133
Peter Swan,https://www.unsw.edu.au/staff/peter-swan,UNSW Sydney,Finance,Monopoly and competition in the market for durable goods,Review of Economic Studies,1973,Journal articles,10.2307/2296454,http://dx.doi.org/10.2307/2296454,Sieper E; Swan PL,2,40,pp. 333 - 351,,,0.94082178,UNSW staff profile,True,76,5.2344,0034-6527,W1964128829
Peter Swan,https://www.unsw.edu.au/staff/peter-swan,UNSW Sydney,Finance,"OPTIMUM DURABILITY, SECOND-HAND MARKETS, AND PLANNED OBSOLESCENCE",JOURNAL OF POLITICAL ECONOMY,1972,Journal articles,10.1086/259906,http://dx.doi.org/10.1086/259906,SWAN PL,1,80,pp. 575 - 585,,,0.90592292,UNSW staff profile,True,102,2.8175,0022-3808,W2048658889
Peter Swan,https://www.unsw.edu.au/staff/peter-swan,UNSW Sydney,Finance,The influence of monopoly on product innovation: Rejoinder,Quarterly Journal of Economics,1972,Journal articles,10.2307/1880572,http://dx.doi.org/10.2307/1880572,Swan PL,1,86,pp. 346 - 349,,,0.12419851,UNSW staff profile,False,1,0.0,0033-5533,W2045791579
Peter Swan,https://www.unsw.edu.au/staff/peter-swan,UNSW Sydney,Finance,DURABILITY OF GOODS AND REGULATION OF MONOPOLY,BELL JOURNAL OF ECONOMICS AND MANAGEMENT SCIENCE,1971,Journal articles,10.2307/3003172,http://dx.doi.org/10.2307/3003172,SWAN PL,1,2,pp. 347 - 357,,,0.98101717,UNSW staff profile,True,76,15.5033,0005-8556,W1503952252
Peter Swan,https://www.unsw.edu.au/staff/peter-swan,UNSW Sydney,Finance,Durability of Consumption Goods,The American Economic Review,1970,Journal articles,,,Swan PL,1,60,pp. 884 - 894,,,,UNSW staff profile,,,,,
Peter Swan,https://www.unsw.edu.au/staff/peter-swan,UNSW Sydney,Finance,Market structure and technological progress: The influence of monopoly on product innovation,Quarterly Journal of Economics,1970,Journal articles,10.2307/1880843,http://dx.doi.org/10.2307/1880843,Swan PL,1,84,pp. 627 - 638,,,0.98491332,UNSW staff profile,True,61,16.3959,0033-5533,W2145186090
Peter Swan,https://www.unsw.edu.au/staff/peter-swan,UNSW Sydney,Finance,"AUSTRALIAN BALANCE OF PAYMENTS AND CAPITAL IMPORTS, 1914-15 TO 1923-24",AUSTRALIAN ECONOMIC PAPERS,1968,Journal articles,10.1111/j.1467-8454.1968.tb00154.x,http://dx.doi.org/10.1111/j.1467-8454.1968.tb00154.x,SWAN PL,1,7,pp. 9 - 103,,,0.91698468,UNSW staff profile,True,3,3.621,0004-900X,W2086989450
Stuart Taylor,https://www.unsw.edu.au/staff/stuart-taylor,UNSW Sydney,Accounting,The differential impact of audit fees on the value-relevance of financial reports for growing and contracting firms,Journal of Contemporary Accounting and Economics,2026,Journal articles,10.1016/j.jcae.2026.100545,http://dx.doi.org/10.1016/j.jcae.2026.100545,Taylor SD; Vassallo PB,2,22,,,,0.11247538,UNSW staff profile,False,0,0.0,1815-5669,W7128675395
Stuart Taylor,https://www.unsw.edu.au/staff/stuart-taylor,UNSW Sydney,Accounting,Are there audit fee premiums for client portfolio management?,International Journal of Auditing,2025,Journal articles,10.1111/ijau.12361,http://dx.doi.org/10.1111/ijau.12361,Taylor SD,1,29,pp. 111 - 135,,,0.88896453,UNSW staff profile,False,3,2.178,1090-6738,W4400326017
Stuart Taylor,https://www.unsw.edu.au/staff/stuart-taylor,UNSW Sydney,Accounting,Do prestigious clients result in extra fees for audit partners?,PACIFIC ACCOUNTING REVIEW,2025,Journal articles,10.1108/PAR-02-2024-0032,http://dx.doi.org/10.1108/PAR-02-2024-0032,Taylor SD,1,37,pp. 113 - 137,,,0.87345145,UNSW staff profile,False,1,3.0721,0114-0582,W4406274887
Stuart Taylor,https://www.unsw.edu.au/staff/stuart-taylor,UNSW Sydney,Accounting,Determinants of greenhouse gas assurance provider choice,Meditari Accountancy Research,2017,Journal articles,10.1108/MEDAR-08-2016-0072,http://dx.doi.org/10.1108/MEDAR-08-2016-0072,Green W; Taylor S; Wu J,3,25,pp. 114 - 135,,,0.96214425,UNSW staff profile,True,41,6.9375,1022-2529,W2592675831
Stuart Taylor,https://www.unsw.edu.au/staff/stuart-taylor,UNSW Sydney,Accounting,Factors that influence perceptions of greenhouse gas assurance provider quality,International Journal of Auditing,2013,Journal articles,10.1111/ijau.12004,http://dx.doi.org/10.1111/ijau.12004,Green W; Taylor S,2,17,pp. 288 - 307,,,0.77926165,UNSW staff profile,False,50,0.9305,1090-6738,W1727576561
Stuart Taylor,https://www.unsw.edu.au/staff/stuart-taylor,UNSW Sydney,Accounting,Does Audit Fee Homogeneity Exist?  Premiums and Discounts Attributable to Individual Partners,Auditing: a Journal of Practice and Theory,2011,Journal articles,,,Taylor SD,1,30,pp. 249 - 272,,,,UNSW staff profile,,,,,
Andrew Terry,https://www.unsw.edu.au/staff/andrew-terry,UNSW Sydney,Accounting,The power and information imbalance in franchising: the role of prior disclosure under the Franchising Code of Conduct,Australian Business Law Review,2011,Journal articles,,,Terry AL; Zhang Y,2,39,pp. 245 - 259,,,,UNSW staff profile,,,,,
Andrew Terry,https://www.unsw.edu.au/staff/andrew-terry,UNSW Sydney,Accounting,Vietnam's New Regulatory Regime for Franchising,LawAsia Journal,2009,Journal articles,,,Nguyen B; Terry AL,2,,pp. 82 - 95,,,,UNSW staff profile,,,,,
Andrew Terry,https://www.unsw.edu.au/staff/andrew-terry,UNSW Sydney,Accounting,Where`s the Beef? Why Burger King is Hungry Jacks in Australia and other complications is building a global franchise brand?,Northwestern Journal of International Law & Business,2008,Journal articles,,,Terry AL; Forrest H,2,28,pp. 171 - 213,,,,UNSW staff profile,,,,,
Andrew Terry,https://www.unsw.edu.au/staff/andrew-terry,UNSW Sydney,Accounting,The Development of Franchising in China,The Development of Franchising in China,2008,Journal articles,,,Terry AL; Wang Z; Zhu M,3,15,pp. 167 - 185,,,,UNSW staff profile,,,,,
Andrew Terry,https://www.unsw.edu.au/staff/andrew-terry,UNSW Sydney,Accounting,The development of franchising in China,Journal of Marketing Channels,2008,Journal articles,,,Terry AL; Wang Z,2,15,pp. 167 - 184,,,,UNSW staff profile,,,,,
Andrew Terry,https://www.unsw.edu.au/staff/andrew-terry,UNSW Sydney,Accounting,Regulatory Reforms to Encourage the Development of Franchising in Vietnam,Regulatory Reforms to Encourage the Development of Franchising in Vietnam,2008,Journal articles,,,Terry AL,1,33,,,,,UNSW staff profile,,,,,
Andrew Terry,https://www.unsw.edu.au/staff/andrew-terry,UNSW Sydney,Accounting,2007. A Big Year for Franchising?,Australia and New Zealand Franchising,2007,Journal articles,,,Terry AL,1,20/1,pp. 22,,,,UNSW staff profile,,,,,
Andrew Terry,https://www.unsw.edu.au/staff/andrew-terry,UNSW Sydney,Accounting,A Decade of Reform,Australia and New Zealand Franchising,2007,Journal articles,,,Terry AL,1,20/5,,,,,UNSW staff profile,,,,,
Andrew Terry,https://www.unsw.edu.au/staff/andrew-terry,UNSW Sydney,Accounting,A Risky Business,Australia and New Zealand Franchising,2007,Journal articles,,,Terry AL,1,20/6,pp. 84 - 88,,,,UNSW staff profile,,,,,
Andrew Terry,https://www.unsw.edu.au/staff/andrew-terry,UNSW Sydney,Accounting,Herding Cats,Australia and New Zealand Franchising,2007,Journal articles,,,Terry AL,1,20/4,pp. 21,,,,UNSW staff profile,,,,,
Andrew Terry,https://www.unsw.edu.au/staff/andrew-terry,UNSW Sydney,Accounting,Regulation: Good or Bad?,Franchise New Zealand,2007,Journal articles,,,Terry AL,1,16/1,pp. 94 - 99,,,,UNSW staff profile,,,,,
Andrew Terry,https://www.unsw.edu.au/staff/andrew-terry,UNSW Sydney,Accounting,Some thoughts on franchise regulation,Australia and New Zealand Franchising,2007,Journal articles,,,Terry AL,1,20/3,pp. 21,,,,UNSW staff profile,,,,,
Andrew Terry,https://www.unsw.edu.au/staff/andrew-terry,UNSW Sydney,Accounting,That`s All Folks!,The Franchise Review,2007,Journal articles,,,Terry AL,1,Oct 2007,pp. 8 - 9,,,,UNSW staff profile,,,,,
Andrew Terry,https://www.unsw.edu.au/staff/andrew-terry,UNSW Sydney,Accounting,The Franchising Year in Review,The PWC Excellence in Franchising Award,2007,Journal articles,,,Terry AL,1,,pp. 92 - 93,,,,UNSW staff profile,,,,,
Andrew Terry,https://www.unsw.edu.au/staff/andrew-terry,UNSW Sydney,Accounting,The excellence in Franchising Awards ... and You,Australia and New Zealand Franchising,2007,Journal articles,,,Terry AL,1,20/6,,,,,UNSW staff profile,,,,,
Andrew Terry,https://www.unsw.edu.au/staff/andrew-terry,UNSW Sydney,Accounting,China`s long march to a franchise law: the 2007 franchise regulation,LawAsia Journal,2007,Journal articles,,,Wang Z; Terry AL,2,,pp. 79 - 105,,,,UNSW staff profile,,,,,
Andrew Terry,https://www.unsw.edu.au/staff/andrew-terry,UNSW Sydney,Accounting,"Comparison of Finnish, American and New Zealand franchisee satisfaction",International Business and Economics Research Journal,2006,Journal articles,,,Terry AL; Wadsworth F; Harris D; Paynter J; Tuunanen M,5,5(6),pp. 25 - 32,,,,UNSW staff profile,,,,,
Andrew Terry,https://www.unsw.edu.au/staff/andrew-terry,UNSW Sydney,Accounting,Fending off franchise failure,Australia and New Zealand Franchising,2006,Journal articles,,,Terry AL,1,19/3,pp. 26,,,,UNSW staff profile,,,,,
Andrew Terry,https://www.unsw.edu.au/staff/andrew-terry,UNSW Sydney,Accounting,Market Saturation: Rhetoria or reality?,Australian and New Zealand Franchising,2006,Journal articles,,,Terry AL,1,19(6),pp. 26,,,,UNSW staff profile,,,,,
Andrew Terry,https://www.unsw.edu.au/staff/andrew-terry,UNSW Sydney,Accounting,Safety in Numbers? The pros and cons of multi-unit franchising,Australia and New Zealand Franchising,2006,Journal articles,,,Terry AL,1,19/5,pp. 26,,,,UNSW staff profile,,,,,
Andrew Terry,https://www.unsw.edu.au/staff/andrew-terry,UNSW Sydney,Accounting,Some thoughts on franchise regulation,Excellence in Franchise Awards,2006,Journal articles,,,Terry AL,1,,pp. 80 - 81,,,,UNSW staff profile,,,,,
Andrew Terry,https://www.unsw.edu.au/staff/andrew-terry,UNSW Sydney,Accounting,The future of franchising,Australia and New Zealand Franchising,2006,Journal articles,,,Terry AL,1,19/4,pp. 26,,,,UNSW staff profile,,,,,
Andrew Terry,https://www.unsw.edu.au/staff/andrew-terry,UNSW Sydney,Accounting,Trans-Tasman Franchising,Australian and New Zealand Franchising,2006,Journal articles,,,Terry AL,1,19(2),pp. 86 - 88,,,,UNSW staff profile,,,,,
Andrew Terry,https://www.unsw.edu.au/staff/andrew-terry,UNSW Sydney,Accounting,Would I like what with that?,Australia and New Zealand Franchising,2006,Journal articles,,,Terry AL,1,19/2,pp. 16 - 17,,,,UNSW staff profile,,,,,
Andrew Terry,https://www.unsw.edu.au/staff/andrew-terry,UNSW Sydney,Accounting,"Franchising, Relational Contracts and the Vibe","Franchising, Relational Contracts and the Vibe",2005,Journal articles,,,Terry AL,1,,,,,,UNSW staff profile,,,,,
Andrew Terry,https://www.unsw.edu.au/staff/andrew-terry,UNSW Sydney,Accounting,"Franchising, relational contracts and the vibe",Australian Business Law Review,2005,Journal articles,,,Terry AL,1,33,pp. 289 - 300,,,,UNSW staff profile,,,,,
Andrew Terry,https://www.unsw.edu.au/staff/andrew-terry,UNSW Sydney,Accounting,Franchise sector regulation: The Australian experience,LawAsia Journal,2004,Journal articles,,,Terry AL,1,2003/2004,pp. 57 - 67,,,,UNSW staff profile,,,,,
Andrew Terry,https://www.unsw.edu.au/staff/andrew-terry,UNSW Sydney,Accounting,Juggernaut in Overdrive,Australia and New Zealand Franchising,2004,Journal articles,,,Terry AL,1,17/6,pp. 72 - 82,,,,UNSW staff profile,,,,,
Andrew Terry,https://www.unsw.edu.au/staff/andrew-terry,UNSW Sydney,Accounting,Life after the Code,The Franchise Review,2004,Journal articles,,,Terry AL,1,1/2,pp. 22 - 23,,,,UNSW staff profile,,,,,
Andrew Terry,https://www.unsw.edu.au/staff/andrew-terry,UNSW Sydney,Accounting,"Network expansion: Options, opportunities and challenges",2005 Australia/NZ Franchising Yearbook and Directory,2004,Journal articles,,,Terry AL,1,2004,pp. 24 - 31,,,,UNSW staff profile,,,,,
Andrew Terry,https://www.unsw.edu.au/staff/andrew-terry,UNSW Sydney,Accounting,What if.....,Australia and New Zealand Franchising,2004,Journal articles,,,Terry AL,1,17/6,pp. 14 - 15,,,,UNSW staff profile,,,,,
Andrew Terry,https://www.unsw.edu.au/staff/andrew-terry,UNSW Sydney,Accounting,Factors Affecting Franchise Agreement Terminations: Lessons for the Franchising Sector,Journal of Small Business Strategy,2002,Journal articles,,,Terry AL; Frazer L,2,13,pp. 105 - 116,,,,UNSW staff profile,,,,,
Andrew Terry,https://www.unsw.edu.au/staff/andrew-terry,UNSW Sydney,Accounting,When a computerization project goes wrong: Legal liability for defective IT systems under s52 of the Trade Practices Act,Commercial Law Quarterly,2002,Journal articles,,,Terry AL; Gamertsfelder L,2,16,pp. 3 - 11,,,,UNSW staff profile,,,,,
Andrew Terry,https://www.unsw.edu.au/staff/andrew-terry,UNSW Sydney,Accounting,The E-Business Challengge to Franchising,Australian Business Law Review,2002,Journal articles,,,Terry AL,1,30,pp. 227 - 241,,,,UNSW staff profile,,,,,
Andrew Terry,https://www.unsw.edu.au/staff/andrew-terry,UNSW Sydney,Accounting,"Franchising, the Internet and the Emerging Issues of Encroachment",Singapore Law Gazette,2001,Journal articles,,,Terry AL,1,2001,,,,,UNSW staff profile,,,,,
Andrew Terry,https://www.unsw.edu.au/staff/andrew-terry,UNSW Sydney,Accounting,The new unconscionability regime,Yuridika,2000,Journal articles,,,Terry AL,1,,pp. 30 - 55,,,,UNSW staff profile,,,,,
Andrew Terry,https://www.unsw.edu.au/staff/andrew-terry,UNSW Sydney,Accounting,Unfairness and adfund expenditure,Franchising Law and Policy Review,2000,Journal articles,,,Terry AL,1,,pp. 61 - 63,,,,UNSW staff profile,,,,,
Andrew Terry,https://www.unsw.edu.au/staff/andrew-terry,UNSW Sydney,Accounting,Conflict minimisation and resolution in franchising relationships,Chief Executive China,1999,Journal articles,,,Terry AL,1,,pp. 36 - 39,,,,UNSW staff profile,,,,,
Andrew Terry,https://www.unsw.edu.au/staff/andrew-terry,UNSW Sydney,Accounting,Franchise your business. Do it now!,Chief Executive China,1999,Journal articles,,,Terry AL,1,,pp. 28 - 41,,,,UNSW staff profile,,,,,
Andrew Terry,https://www.unsw.edu.au/staff/andrew-terry,UNSW Sydney,Accounting,Continued flouting of the system will put your franchise in jeopardy,Franchising Law and Policy Review,1998,Journal articles,,,Giugni PD; Terry AL; Smith PR,3,1,pp. 9 - 10,,,,UNSW staff profile,,,,,
Andrew Terry,https://www.unsw.edu.au/staff/andrew-terry,UNSW Sydney,Accounting,ADR and the Franchising Code of Conduct,Franchising Law and Policy Review,1998,Journal articles,,,Giugni PD; Terry AL,2,1,pp. 65 - 65,,,,UNSW staff profile,,,,,
Andrew Terry,https://www.unsw.edu.au/staff/andrew-terry,UNSW Sydney,Accounting,The background to the New Deal: Fair Deal: Reform package for franchising,Franchising Law and Policy Review,1998,Journal articles,,,Giugni PD; Terry AL,2,1,pp. 3 - 8,,,,UNSW staff profile,,,,,
Andrew Terry,https://www.unsw.edu.au/staff/andrew-terry,UNSW Sydney,Accounting,The definition of `franchise` and regulatory confusion,Franchising Law and Policy Review,1998,Journal articles,,,Giugni PD; Terry AL,2,1,pp. 37 - 37,,,,UNSW staff profile,,,,,
Andrew Terry,https://www.unsw.edu.au/staff/andrew-terry,UNSW Sydney,Accounting,Unconscionability unleashed,Franchising Law and Policy Review,1998,Journal articles,,,Giugni PD; Terry AL,2,1,pp. 49 - 49,,,,UNSW staff profile,,,,,
Andrew Terry,https://www.unsw.edu.au/staff/andrew-terry,UNSW Sydney,Accounting,"Uncertainty, unfairness and unconscionability: Another chapter in the Cut Price Deli sage",Franchising Law and Policy Review,1998,Journal articles,,,Terry AL,1,1,pp. 61 - 64,,,,UNSW staff profile,,,,,
Andrew Terry,https://www.unsw.edu.au/staff/andrew-terry,UNSW Sydney,Accounting,A self-regulatory regime for franchising: The Australian experience,Franchising Research: An International Journal,1997,Journal articles,,,Terry AL,1,2,pp. 123 - 139,,,,UNSW staff profile,,,,,
Andrew Terry,https://www.unsw.edu.au/staff/andrew-terry,UNSW Sydney,Accounting,"Freedom of contract, business format franchising and the problem of goodwill",Australian Business Law Review,1995,Journal articles,,,Terry AL; Giugni PD,2,,pp. 241 - 258,,,,UNSW staff profile,,,,,
Wing Wah Tham,https://www.unsw.edu.au/staff/wing-wah-tham,UNSW Sydney,Finance,Time-Varying Group Unobserved Heterogeneity in Finance,Journal of Business and Economic Statistics,2026,Journal articles,10.1080/07350015.2025.2546452,http://dx.doi.org/10.1080/07350015.2025.2546452,Leng X; Sojli E; Tham WW; Wang W,4,44,pp. 587 - 600,,,0.79960073,UNSW staff profile,False,1,1.1764,0735-0015,W4413349043
Wing Wah Tham,https://www.unsw.edu.au/staff/wing-wah-tham,UNSW Sydney,Finance,Foundational processes and growth,Journal of Financial Economics,2026,Journal articles,10.1016/j.jfineco.2026.104276,http://dx.doi.org/10.1016/j.jfineco.2026.104276,Tham WW; Baslandze S; Sojli E; Liu L,4,180,,,,0.93819896,UNSW staff profile,True,1,4.7533,0304-405X,W7139968918
Wing Wah Tham,https://www.unsw.edu.au/staff/wing-wah-tham,UNSW Sydney,Finance,Leveraging Artificial intelligence technology for mapping publications to Sustainable Development Goals,Array,2025,Journal articles,10.1016/j.array.2025.100419,http://dx.doi.org/10.1016/j.array.2025.100419,Yin H; Aryani A; Lambert G; Wu Z; Nambiar N; White M; Salvador-Carulla L; Sadiq S; Sojli E; Boddy J; Murray G; Tham WW,12,27,,,,0.97794634,UNSW staff profile,True,8,9.6673,2590-0056,W4411326377
Wing Wah Tham,https://www.unsw.edu.au/staff/wing-wah-tham,UNSW Sydney,Finance,Nonstandard Errors,Journal of Finance,2024,Journal articles,10.1111/jofi.13337,http://dx.doi.org/10.1111/jofi.13337,Menkveld AJ; Dreber A; Holzmeister F; Huber J; Johannesson M; Kirchler M; Neusüß S; Razen M; Weitzel U; Abad-Díaz D; Abudy M; Adrian T; Ait-Sahalia Y; Akmansoy O; Alcock JT; Alexeev V; Aloosh A; Amato L; Amaya D; Angel JJ; Avetikian AT; Bach A; Baidoo E; Bakalli G; Bao L; Barbon A; Bashchenko O; Bindra PC; Bjønnes GH; Black JR; Black BS; Bogoev D; Correa SB; Bondarenko O; Bos CS; Bosch-Rosa C; Bouri E; Brownlees C; Calamia A; Cao VN; Capelle-Blancard G; Romero LMC; Caporin M; Carrion A; Caskurlu T; Chakrabarty B; Chen J; Chernov M; Cheung W; Chincarini LB; Chordia T; Chow SC; Clapham B; Colliard JE; Comerton-Forde C; Curran E; Dao T; Dare W; Davies RJ; Blasis RD; Nard GFD; Declerck F; Deev O; Degryse H; Deku SY; Desagre C; Dijk MAV; Dim C; Dimpfl T; Dong YJ; Drummond PA; Dudda T; Duevski T; Dumitrescu A; Dyakov T; Dyhrberg AH; Dzieliński M; Eksi A; Kalak IE; Ellen ST; Eugster N; Evans MDD; Farrell M; Felez-Vinas E; Ferrara G; Ferrouhi EM; Flori A; Fluharty-Jaidee JT; Foley SDV; Fong KYL; Foucault T; Franus T; Franzoni F; Frijns B; Frömmel M; Fu SM; Füllbrunn SC; Gan B; Gao G; Gehrig TP,100,79,pp. 2339 - 2390,,,1.0,UNSW staff profile,True,101,65.3198,0022-1082,W4394881644
Wing Wah Tham,https://www.unsw.edu.au/staff/wing-wah-tham,UNSW Sydney,Finance,Reproducibility in Management Science,Management Science,2023,Journal articles,10.1287/mnsc.2023.03556,http://dx.doi.org/10.1287/mnsc.2023.03556,Fišar M; Greiner B; Huber C; Katok E; Ozkes AI; Sojli E; Tham WW,7,,,,,0.98137432,UNSW staff profile,True,43,7.6022,0025-1909,W4390104160
Wing Wah Tham,https://www.unsw.edu.au/staff/wing-wah-tham,UNSW Sydney,Finance,Non-Standard Errors,The Journal of Finance,2023,Journal articles,10.2139/ssrn.3961574,http://dx.doi.org/10.2139/ssrn.3961574,Menkveld AJ; Dreber A; Holzmeister F; Huber J; Johanneson M; Kirchler M; Razen M; Weitzel U; Abad D; Abudy MM; Adrian T; Ait-Sahalia Y; Akmansoy O; Alcock J; Alexeev V; Aloosh A; Amato L; Amaya D; Angel JJ; Bach A; Baidoo E; Bakalli G; Barbon A; Bashchenko O; Bindra PC; Bjonnes GH; Black JR; Black BS; Bohorquez S; Bondarenko O; Bos CS; Bosch-Rosa C; Bouri E; Brownlees CT; Calamia A; Cao VN; Capelle-Blancard G; Capera L; Caporin M; Carrion A; Caskurlu T; Chakrabarty B; Chernov M; Cheung WMY; Chincarini LB; Chordia T; Chow SC; Clapham B; Colliard J-E; Comerton-Forde C; Curran E; Dao T; Dare W; Davies RJ; De Blasis R; De Nard G; Declerck F; Deev O; Degryse H; Deku S; Desagre C; Van Dijk MA; Dim C; Dimpfl T; Dong YJ; Drummond P; Dudda T; Dumitrescu A; Dyakov T; Dyhrberg AH; Dzieliński M; Eksi A; El Kalak I; ter Ellen S; Eugster N; Evans MDD; Farrell M; Félez-Viñas E; Ferrara G; FERROUHI EM; Flori A; Fluharty-Jaidee J; Foley S; Fong KYL; Foucault T; Franus T; Franzoni FA; Frijns B; Frömmel M; Fu S; Füllbrunn S; Gan B; Gehrig T; Gerritsen D; Gil-Bazo J; Glosten LR; Gomez T; Gorbenko A; Güçbilmez U; Grammig J; Gregoire V; Hagströmer B; Hambuckers J; Hapnes E; Harris JH; Harris L; Hartmann S; Hasse J-B; Hautsch N; He X-ZT; Heath D; Hediger S; Hendershott TJ; Hibbert AM; Hjalmarsson E; Hoelscher S; Hoffmann P; Holden CW; Horenstein AR; Huang W; Huang D; Hurlin C; Ivashchenko A; Iyer SR; Jahanshahloo H; Jalkh N; Jones CM; Jurkatis S; Jylha P; Kaeck A; Kaiser G; Karam A; Karmaziene E; Kassner B; Kaustia M; Kazak E; Kearney F; van Kervel V; Khan S; Khomyn M; Klein T; Klein O; Klos A; Koetter M; Krahnen JP; Kolokolov A; Korajczyk RA; Kozhan R; Kwan A; Lajaunie Q; Lam FYEC; Lambert M; Langlois H; Lausen J; Lauter T; Leippold M; Levin V; Li Y; Li MH; Liew CY; Lindner T; Linton OB; Liu J; Liu A; Llorente-Alvarez J-G; Lof M; Lohr A; Longstaff FA; Lopez-Lira A; Mankad S; Mano N; Marchal A; Martineau C; Mazzola F; Meloso DC; Mihet R; Mohan V; Moinas S; Moore D; Mu L; Muravyev D; Murphy D; Neszveda G; Neumeier C; Nielsson U; Nimalendran M; Nolte S; Nordén LL; O'Neill P; Obaid K; Ødegaard BA; Östberg P; Painter M; Palan S; Palit I; Park A; Pascual Gascó R; Pasquariello P; Pastor L; Patel V; Patton AJ; Pearson ND; Pelizzon L; Pelster M; Pérignon C; Pfiffer C; Philip R; Plíhal T; Prakash P; Press O-A; Prodromou T; Putnins TJ; Raizada G; Rakowski DA; Ranaldo A; Regis L; Reitz S; Renault T; Wang R; Renò R; Riddiough S; Rinne K; Rintamäki P; Riordan R; RITTMANNSBERGER T; Rodríguez Longarela I; Rösch D; Rognone L; Roseman B; Rosu I; Roy S; Rudolf N; Rush S; Rzayev K; Rzeźnik A; Sanford A; Sankaran H; Sarkar A; Sarno L; Scaillet O; Scharnowski S; Schenk-Hoppé KR; Schertler A; Schneider M; Schroeder F; Schürhoff N; Schuster P; Schwarz MA; Seasholes MS; Seeger N; Shachar O; Shkilko A; Shui J; Sikic M; Simion G; Smales LA; Söderlind P; Sojli E; Sokolov K; Spokeviciute L; Stefanova D; Subrahmanyam MG; Neusüss S; Szaszi B; Talavera O; Tang Y; Taylor N; Tham WW; Theissen E; Thimme J; Tonks I; Tran H; Trapin L; Trolle AB; Vaduva M; Valente G; Van Ness RA; Vasquez A; Verousis T; Verwijmeren P; Vilhelmsson A; Vilkov G; Vladimirov V; Vogel S; Voigt S; Wagner W; Walther T; Weiss P; van der Wel M; Werner IM; Westerholm PJ; Westheide C; Wipplinger E; Wolf M; Wolff CCP; Wolk L; Wong WK; Wrampelmeyer J; Wu Z-X; Xia S; Xiu D; Xu K; Xu C; Yadav PK; Yagüe J; Yan C; Yang A; Yoo W; Yu W; Yu S; Yueshen BZ; Yuferova D; Zamojski M; Zareei A; Zeisberger S; Zhang S; Zhang X; Zhong Z; Zhou ZI; Zhou C; Zhu X; Zoican M; Zwinkels RCJ; Chen J; Duevski T; Gao G; Gemayel R; Gilder D; Kuhle P; Pagnotta E; Pelli M; Sö nksen J; Zhang L; Ilczuk K; Bogoev D; Qian Y; Wika HC; Yu Y; Zhao L; Mi M; Bao L,341,Forthcoming,,,,,UNSW staff profile,,10,,1556-5068,W3216641316
Wing Wah Tham,https://www.unsw.edu.au/staff/wing-wah-tham,UNSW Sydney,Finance,Equity Trading Activity and Treasury Bond Risk Premia,Journal of Financial and Quantitative Analysis,2023,Journal articles,10.1017/S0022109022000497,http://dx.doi.org/10.1017/S0022109022000497,Sojli E; Tham WW; Schraeder S; Subrahmanyam A,4,58,pp. 677 - 677,,,0.75683365,UNSW staff profile,False,5,0.9898,0022-1090,W4229012981
Wing Wah Tham,https://www.unsw.edu.au/staff/wing-wah-tham,UNSW Sydney,Finance,Deleting unreported innovation,Journal of Financial and Quantitative Analysis,2022,Journal articles,10.1017/S0022109021000764,http://dx.doi.org/10.1017/S0022109021000764,Koh P-S; Reeb D; Sojli E; Tham WW; Wang W,5,57,pp. 2324 - 2324,,,0.0384978,UNSW staff profile,False,1,0.0,0022-1090,W3135800417
Wing Wah Tham,https://www.unsw.edu.au/staff/wing-wah-tham,UNSW Sydney,Finance,COVID-19 restrictions and age-specific mental health—U.S. probability-based panel evidence,Translational Psychiatry,2021,Journal articles,10.1038/s41398-021-01537-x,http://dx.doi.org/10.1038/s41398-021-01537-x,Sojli E; Tham WW; Bryant R; McAleer M,4,11,,,,0.97931775,UNSW staff profile,True,62,7.9467,2158-3188,W3190442177
Wing Wah Tham,https://www.unsw.edu.au/staff/wing-wah-tham,UNSW Sydney,Finance,Quoting activity and the cost of capital,Journal of Financial and Quantitative Analysis,2021,Journal articles,10.1017/S002210902000071X,http://dx.doi.org/10.1017/S002210902000071X,Sojli E; Tham WW; Ioanid R,3,56,,,,0.85103018,UNSW staff profile,False,13,1.52,0022-1090,W3124385018
Wing Wah Tham,https://www.unsw.edu.au/staff/wing-wah-tham,UNSW Sydney,Finance,Common Mental Disorders and Economic Uncertainty: Evidence from the COVID-19 Pandemic in the U.S.,Plos One,2021,Journal articles,10.1371/journal.pone.0260726,http://dx.doi.org/10.1371/journal.pone.0260726,Tham WW; Sojli E; Bryant R; McAleer M,4,16,,,,0.96920842,UNSW staff profile,True,34,6.6844,1932-6203,W3215195370
Wing Wah Tham,https://www.unsw.edu.au/staff/wing-wah-tham,UNSW Sydney,Finance,Cross-Sided Liquidity Externalities,Management Science,2018,Journal articles,10.1287/mnsc.2016.2658,http://dx.doi.org/10.1287/mnsc.2016.2658,Tham WW; sojli E; Skjeltorp J,3,,pp. 2473 - 2972,,,0.93800597,UNSW staff profile,True,16,3.7698,0025-1909,W3125288379
Wing Wah Tham,https://www.unsw.edu.au/staff/wing-wah-tham,UNSW Sydney,Finance,Foreign political connections,Journal of International Business Studies,2017,Journal articles,10.1057/s41267-016-0059-3,http://dx.doi.org/10.1057/s41267-016-0059-3,Sojli E; Tham WW,2,48,pp. 244 - 266,,,0.9857913,UNSW staff profile,True,99,14.0499,0047-2506,W2585994497
Wing Wah Tham,https://www.unsw.edu.au/staff/wing-wah-tham,UNSW Sydney,Finance,Toxic Arbitrage,The Review Of Financial Studies,2017,Journal articles,10.1093/rfs/hhw103,http://dx.doi.org/10.1093/rfs/hhw103,Tham WW; Kozhan R; Foucault T,3,,,,,0.99456013,UNSW staff profile,True,192,19.9595,0893-9454,W4241344282
Wing Wah Tham,https://www.unsw.edu.au/staff/wing-wah-tham,UNSW Sydney,Finance,Flashes of Trading Intent at NASDAQ,Journal of Financial and Quantitative Analysis,2016,Journal articles,10.1017/S0022109016000028,http://dx.doi.org/10.1017/S0022109016000028,Skjeltorp JA; Sojli E; Tham WW,3,51,pp. 165 - 196,,,0.89419267,UNSW staff profile,False,12,2.548,0022-1090,W2335507163
Wing Wah Tham,https://www.unsw.edu.au/staff/wing-wah-tham,UNSW Sydney,Finance,Divided governments and futures prices,Journal of Econometrics,2015,Journal articles,10.1016/j.jeconom.2015.02.043,http://dx.doi.org/10.1016/j.jeconom.2015.02.043,Sojli E; Tham WW,2,187,pp. 622 - 633,,,0.77287308,UNSW staff profile,False,2,0.4506,0304-4076,W3125012674
Wing Wah Tham,https://www.unsw.edu.au/staff/wing-wah-tham,UNSW Sydney,Finance,Execution risk in high-frequency arbitrage,Management Science,2012,Journal articles,10.1287/mnsc.1120.1541,http://dx.doi.org/10.1287/mnsc.1120.1541,Kozhan R; Tham WW,2,58,pp. 2131 - 2149,,,0.95524208,UNSW staff profile,True,68,4.9199,0025-1909,W3123477668
Binh Tran-Nam,https://www.unsw.edu.au/staff/binh-tran-nam,UNSW Sydney,Accounting,"Governance, Productivity and Economic Development",Journal of Public Economic Theory,2026,Journal articles,10.1111/jpet.70099,http://dx.doi.org/10.1111/jpet.70099,Van CL; Pham NS; Pham TKC; Tran-Nam B,4,28,,,,0.02713927,UNSW staff profile,False,0,0.0,1097-3923,W7123954719
Binh Tran-Nam,https://www.unsw.edu.au/staff/binh-tran-nam,UNSW Sydney,Accounting,Effectiveness of the lockdown policy in Vietnam during the COVID-19 pandemic,Global Health Economics and Sustainability,2024,Journal articles,10.36922/ghes.3423,http://dx.doi.org/10.36922/ghes.3423,Lai D-H; Le T-H; Tran-Nam B,3,,pp. 1 - 14,,,0.11258081,UNSW staff profile,False,0,0.0,2972-4570,W4401866247
Binh Tran-Nam,https://www.unsw.edu.au/staff/binh-tran-nam,UNSW Sydney,Accounting,Tax Administrators’ Perception of Australian Large Business Complexity,"Australian Tax Forum: a journal of taxation policy, law and reform",2024,Journal articles,,,Tran-Nam B; Hughlene B; Stewart K,3,39,,,,,UNSW staff profile,,,,,
Binh Tran-Nam,https://www.unsw.edu.au/staff/binh-tran-nam,UNSW Sydney,Accounting,A Preliminary Analysis of Australian Income Tax Measures relating to Environmental Protection,Australian Tax Review,2024,Journal articles,,,Tran-Nam B; Stoianoff N; Michael W,3,53,pp. 55 - 73,,,,UNSW staff profile,,,,,
Binh Tran-Nam,https://www.unsw.edu.au/staff/binh-tran-nam,UNSW Sydney,Accounting,IMPACTS OF LOAN SUPPORT POLICY ON FARM INCOME IN VIETNAM,Journal of Economic Development,2023,Journal articles,10.35866/caujed.2023.48.2.003,http://dx.doi.org/10.35866/caujed.2023.48.2.003,Dao TL; Le TH; Tran-Nam B,3,48,pp. 53 - 81,,,,UNSW staff profile,,,,,
Binh Tran-Nam,https://www.unsw.edu.au/staff/binh-tran-nam,UNSW Sydney,Accounting,"Comparing the Harrod-Domar, Solow and Ramsey growth models and their implications for economic policies",Fulbright Review of Economics and Policy,2023,Journal articles,10.1108/frep-06-2023-0022,http://dx.doi.org/10.1108/frep-06-2023-0022,Le-Van C; Tran-Nam B,2,3,pp. 167 - 183,,,0.92010516,UNSW staff profile,True,9,2.796,2635-0173,W4387436093
Binh Tran-Nam,https://www.unsw.edu.au/staff/binh-tran-nam,UNSW Sydney,Accounting,Assessing VAT Compliance Burden in Gulf Cooperation Council Countries,eJournal of Tax Research,2023,Journal articles,,https://www.unsw.edu.au/content/dam/pdfs/unsw-adobe-websites/business-school/faculty/research/ejournal-of-tax-research/23-12-14.2-eJTR-21(2)-compilation-final.pdf,Tran-Nam B; Abdellatif M,2,21,pp. 301 - 322,,,,UNSW staff profile,,,,,
Binh Tran-Nam,https://www.unsw.edu.au/staff/binh-tran-nam,UNSW Sydney,Accounting,Presumptive Income Taxes and Tax Compliance Costs: Policy Implications for Small and Medium Enterprises in Emerging Economies,Journal of Tax Administration,2023,Journal articles,,http://jota.website/index.php/JoTA/article/view/311,Tran-Nam B; Ferry F; Evans C,3,8,pp. 6 - 44,,,,UNSW staff profile,,,,,
Binh Tran-Nam,https://www.unsw.edu.au/staff/binh-tran-nam,UNSW Sydney,Accounting,Editorial: Overview of the current issue,Fulbright Review of Economics and Policy,2023,Journal articles,10.1108/frep-11-2023-074,http://dx.doi.org/10.1108/frep-11-2023-074,Tran-Nam B; Le-Van C; Pham-Hoang V; Le T-H,4,3,pp. 77 - 86,,,,UNSW staff profile,,0,,2635-0173,W4389399528
Binh Tran-Nam,https://www.unsw.edu.au/staff/binh-tran-nam,UNSW Sydney,Accounting,Overview of the Special Issue in Honour of Professor Murray C. Kemp,Foreign Trade Review,2023,Journal articles,10.1177/00157325221129725,http://dx.doi.org/10.1177/00157325221129725,Tran-Nam B; Tawada M,2,58,pp. 7 - 14,,,0.2356805,UNSW staff profile,False,0,0.0,0015-7325,W4297147926
Binh Tran-Nam,https://www.unsw.edu.au/staff/binh-tran-nam,UNSW Sydney,Accounting,Tax Justice and Equity in Australia in the Post-pandemic Environment,New Zealand Journal of Taxation Law and Policy,2023,Journal articles,,https://www.westlaw.com/Document/If5397edeb12b11ee8921fbef1a541940/View/FullText.html?transitionType=Default&contextData=(sc.Default)&VR=3.0&RS=cblt1.0,Tran-Nam B; Walpole M; Mellor P,3,29,,,,,UNSW staff profile,,,,,
Binh Tran-Nam,https://www.unsw.edu.au/staff/binh-tran-nam,UNSW Sydney,Accounting,An Introduction to the Special Issue on Tax Dispute Resolution,Australian Tax Review,2023,Journal articles,,https://search.informit.org/toc/austaxrev/52/4,Tran-Nam B; Walpole M,2,52,pp. 207 - 210,,,,UNSW staff profile,,,,,
Binh Tran-Nam,https://www.unsw.edu.au/staff/binh-tran-nam,UNSW Sydney,Accounting,Kantian–Nashian interaction and petty tax corruption in developing countries,Fulbright Review of Economics and Policy,2023,Journal articles,10.1108/frep-05-2023-0018,http://dx.doi.org/10.1108/frep-05-2023-0018,Tran-Nam B,1,3,pp. 244 - 261,,,0.81021186,UNSW staff profile,False,2,0.6262,2635-0173,W4387227026
Binh Tran-Nam,https://www.unsw.edu.au/staff/binh-tran-nam,UNSW Sydney,Accounting,Alternative Tax Dispute Resolution: Perspectives from ATO Officers,Australian Tax Review,2023,Journal articles,,https://anzlaw.thomsonreuters.com/Document/Ica784211aed511eeb09b8c528a5effac/View/FullText.html?transitionType=Default&contextData=(sc.Default)&VR=3.0&RS=cblt1.0,Walpole M; Tran-Nam B; Joseph S-A,3,52,pp. 211 - 229,,,,UNSW staff profile,,,,,
Binh Tran-Nam,https://www.unsw.edu.au/staff/binh-tran-nam,UNSW Sydney,Accounting,Editorial announcement,EJOURNAL OF TAX RESEARCH,2022,Journal articles,,,Binh T-N,1,19,pp. 185 - 185,,,,UNSW staff profile,,,,,
Binh Tran-Nam,https://www.unsw.edu.au/staff/binh-tran-nam,UNSW Sydney,Accounting,Overview.,S Afr Med J,2022,Journal articles,10.7196/SAMJ.2022.v112i8b.16648,http://dx.doi.org/10.7196/SAMJ.2022.v112i8b.16648,Bradshaw D; Pillay van-Wyk V; Neethling I; Roomaney RA; Cois A; Joubert JD; Nannan N; Abdelatief N; Awotiwon OF; Turawa EB; Nojilana B; Groenewald P; Matzopoulos R; Prinsloo M; Cairncross E; Wright CY; Peer N; Pacella R; The Sacra Collaborative Group,19,112,pp. 556 - 570,,,0.90874831,UNSW staff profile,True,13,2.3611,0256-9574,W4300003077
Binh Tran-Nam,https://www.unsw.edu.au/staff/binh-tran-nam,UNSW Sydney,Accounting,The Tax Treatment of Small and Medium Enterprises in Developed and Developing Countries: A Comparative Analysis of Australia and Egypt,New Zealand Journal of Tax Law and Policy,2022,Journal articles,,,Tran-Nam B; Abdellatif M,2,28,pp. 73 - 93,,,,UNSW staff profile,,,,,
Binh Tran-Nam,https://www.unsw.edu.au/staff/binh-tran-nam,UNSW Sydney,Accounting,"Potential Tax Ratio, Tax Effort and Tax Inefficiency in the OECD: An Empirical Study Using the Stochastic Tax Frontier Model","Australian Tax Forum: a journal of taxation policy, law and reform",2022,Journal articles,,,Tran-Nam B; Le TH,2,37,pp. 131 - 164,,,,UNSW staff profile,,,,,
Binh Tran-Nam,https://www.unsw.edu.au/staff/binh-tran-nam,UNSW Sydney,Accounting,THE SIMPLIFIED TAX REGIME FOR MICRO AND SMALL ENTERPRISES IN EGYPT: AN ANALYSIS OF THE THEORETICAL AND IMPLEMENTATION ISSUES,Journal of the Australasian Tax Teachers Association,2021,Journal articles,,,Abdellatif MM; Tran-Nam B; Ramdani B,3,16,pp. 38 - 63,,,,UNSW staff profile,,,,,
Binh Tran-Nam,https://www.unsw.edu.au/staff/binh-tran-nam,UNSW Sydney,Accounting,Estimating unit cost of public university education in Vietnam,Educational Research for Policy and Practice,2021,Journal articles,10.1007/s10671-020-09280-8,http://dx.doi.org/10.1007/s10671-020-09280-8,Pham VT; Tran-Nam B,2,20,pp. 279 - 305,,,0.71792678,UNSW staff profile,False,2,0.4333,1570-2081,W3090690085
Binh Tran-Nam,https://www.unsw.edu.au/staff/binh-tran-nam,UNSW Sydney,Accounting,Editorial,EJOURNAL OF TAX RESEARCH,2021,Journal articles,,,Taylor J; Tran-Nam B; Evans A; Mellor P,4,19,pp. I - +,,,,UNSW staff profile,,,,,
Binh Tran-Nam,https://www.unsw.edu.au/staff/binh-tran-nam,UNSW Sydney,Accounting,Effects of Tax Administration Corruption on Innovation Inputs and Outputs: Evidence from Small and Medium Enterprises in Vietnam,"Empirical Economics: a quarterly journal of the Institute for Advanced Studies, Vienna",2021,Journal articles,10.1007/s00181-021-02072-w,http://dx.doi.org/10.1007/s00181-021-02072-w,Tran-Nam B; Doan HQ; Vu NH; Nguyen NA,4,,,,,0.97294589,UNSW staff profile,True,34,8.1231,0377-7332,W3171219421
Binh Tran-Nam,https://www.unsw.edu.au/staff/binh-tran-nam,UNSW Sydney,Accounting,A critical examination of policy objectives and instruments for a sustainable and inclusive post-pandemic recovery,Fulbright Review of Economics and Policy,2021,Journal articles,10.1108/frep-09-2021-0053,http://dx.doi.org/10.1108/frep-09-2021-0053,Tran-Nam B; Le-Van C; Nguyen N-A,3,1,pp. 140 - 157,,,0.49233262,UNSW staff profile,False,3,0.2521,2635-0173,W3211340632
Binh Tran-Nam,https://www.unsw.edu.au/staff/binh-tran-nam,UNSW Sydney,Accounting,"The Effects of Emotion, Trust and Perception on Tax Compliance: Empirical Evidence from Vietnam",Advances in Taxation,2021,Journal articles,,,Tran-Nam B; Nguyen V; Nguyen V; Nguyen-Cuu D; Nguyen VTT; Ngoc P; Ngo T,7,29,,,,,UNSW staff profile,,,,,
Binh Tran-Nam,https://www.unsw.edu.au/staff/binh-tran-nam,UNSW Sydney,Accounting,Estimating Aggregate Tax Compliance Cots: A Bivariate State Space Approach,"Australian Tax Forum: a journal of taxation policy, law and reform",2021,Journal articles,,,Tran-Nam B; Wu H,2,36,,,,,UNSW staff profile,,,,,
Binh Tran-Nam,https://www.unsw.edu.au/staff/binh-tran-nam,UNSW Sydney,Accounting,Diagnosing the VAT Compliance Burden: A Cross-Country Assessment,International VAT Monitor,2020,Journal articles,10.59403/7pcmhd,http://dx.doi.org/10.59403/7pcmhd,Evans C; Highfield R; Tran-Nam B; Walpole M,4,2020,pp. 84 - 93,,,0.82616277,UNSW staff profile,False,5,0.4957,0925-0832,W4390288167
Binh Tran-Nam,https://www.unsw.edu.au/staff/binh-tran-nam,UNSW Sydney,Accounting,The Kuznets curve for export diversification and income inequality: Evidence from a global sample,Economic Analysis and Policy,2020,Journal articles,10.1016/j.eap.2019.11.004,http://dx.doi.org/10.1016/j.eap.2019.11.004,Le TH; Nguyen CP; Su TD; Tran-Nam B,4,65,pp. 21 - 39,,,0.99644043,UNSW staff profile,True,111,26.4233,0313-5926,W2990480573
Binh Tran-Nam,https://www.unsw.edu.au/staff/binh-tran-nam,UNSW Sydney,Accounting,Qualification mismatch in the labor market and the impact on earnings: evidence from Vietnam,Journal of Economics and Development,2019,Journal articles,10.1108/JED-09-2019-0032,http://dx.doi.org/10.1108/JED-09-2019-0032,Quang HL; Tran-Nam B,2,21,pp. 223 - 233,,,0.91185041,UNSW staff profile,True,19,2.1861,1859-0020,W2982001017
Binh Tran-Nam,https://www.unsw.edu.au/staff/binh-tran-nam,UNSW Sydney,Accounting,Prato Comparative CGT Conference 2017,EJOURNAL OF TAX RESEARCH,2019,Journal articles,,,Taylor J; Binh T-N,2,16,pp. 266 - 268,,,,UNSW staff profile,,,,,
Binh Tran-Nam,https://www.unsw.edu.au/staff/binh-tran-nam,UNSW Sydney,Accounting,Editorial,eJournal of Tax Research,2019,Journal articles,,,Taylor J; Tran-Nam B,2,16,pp. 266 - 268,,,,UNSW staff profile,,,,,
Binh Tran-Nam,https://www.unsw.edu.au/staff/binh-tran-nam,UNSW Sydney,Accounting,"The Impact of Tax Rate, Compliance Burden and Corruption Control on Tax Ratio: Evidence from Emerging Asian Countries from 2004 to 2015",New Zealand Journal of Tax Law and Policy,2019,Journal articles,,,Tran-Nam B; Nguyen Phuong L,2,25,pp. 285 - 307,,,,UNSW staff profile,,,,,
Binh Tran-Nam,https://www.unsw.edu.au/staff/binh-tran-nam,UNSW Sydney,Accounting,Determinants of Level of Taxation: An Empirical Study of OECD Countries from 2006 to 2016,"Australian Tax Forum: a journal of taxation policy, law and reform",2019,Journal articles,,,Tran-Nam B; Nguyen-Phuong L; Nguyen TPN,3,34,pp. 742 - 765,,,,UNSW staff profile,,,,,
Binh Tran-Nam,https://www.unsw.edu.au/staff/binh-tran-nam,UNSW Sydney,Accounting,Pre-Contractual Due Diligence by Franchisees and Independent Small Business Buyers,Australian Business Law Review,2018,Journal articles,,https://www.westlaw.com.au/maf/wlau/app/document?docguid=I4e047e0abd0a11e898719c83364b0845&tocDs=AUNZ_AU_JOURNALS_TOC&isTocNav=true&startChunk=1&endChunk=1,Frazer L; Buchan J; Weaven S; Tran-Nam B; Grace A,5,46,pp. 157 - 177,,,,UNSW staff profile,,,,,
Binh Tran-Nam,https://www.unsw.edu.au/staff/binh-tran-nam,UNSW Sydney,Accounting,Relative Costs and FDI: Why Did Vietnam Forge So Far Ahead,Economic Analysis and Policy,2018,Journal articles,10.1016/j.eap.2018.02.004,http://dx.doi.org/10.1016/j.eap.2018.02.004,Le T-H; Tran-Nam B,2,59,pp. 1 - 13,,,0.91471507,UNSW staff profile,True,44,2.9066,0313-5926,W2789881025
Binh Tran-Nam,https://www.unsw.edu.au/staff/binh-tran-nam,UNSW Sydney,Accounting,"Trade Liberalization, Financial Modernization and Economic Development: An Empirical Study of Selected Asia-Pacific Countries",Research in Economics,2018,Journal articles,10.1016/j.rie.2017.03.001,http://dx.doi.org/10.1016/j.rie.2017.03.001,Le T-H; Tran-Nam B,2,,,,,0.9581282,UNSW staff profile,True,54,5.3803,0035-5054,W2593487778
Binh Tran-Nam,https://www.unsw.edu.au/staff/binh-tran-nam,UNSW Sydney,Accounting,The Impact of the HaiyangShiyou 981 Event on Vietnam’s Stock Markets,Journal of Emerging Market Finance,2018,Journal articles,10.1177/0972652718798215,https://journals.sagepub.com/doi/abs/10.1177/0972652718798215,"Le, T.H.; Tran-Nam B",2,,,,,0.15461905,UNSW staff profile,False,3,0.0,0972-6527,W2899551178
Binh Tran-Nam,https://www.unsw.edu.au/staff/binh-tran-nam,UNSW Sydney,Accounting,History of Accounting Standard Setting in an Emerging Transition Economy: The Case of Vietnam,Accounting History,2018,Journal articles,10.1177/1032373217745672,http://dx.doi.org/10.1177/1032373217745672,"Phan, H.D.; Jaoshi, M.; Tran-Nam B",3,,,,,0.81094418,UNSW staff profile,False,14,1.2025,1032-3732,W2782475641
Binh Tran-Nam,https://www.unsw.edu.au/staff/binh-tran-nam,UNSW Sydney,Accounting,Perceptions of Corruption and Tax Compliance Behaviour: Policy Implications for Developing Countries,Bulletin of Indonesian Economic Studies,2018,Journal articles,10.1080/00074918.2017.1364349,http://dx.doi.org/10.1080/00074918.2017.1364349,Rosid A; Evans C; Tran-Nam B,3,,,,,0.98211112,UNSW staff profile,True,54,13.483,0007-4918,W2744258110
Binh Tran-Nam,https://www.unsw.edu.au/staff/binh-tran-nam,UNSW Sydney,Accounting,The implementation of the goods and services tax in Malaysia: Potential issues perceived by business taxpayers,Journal of the Australasian Tax Teachers Association,2018,Journal articles,,,Santhariah A; Tran-Nam B; Boccabella D; Rametse N,4,13,pp. 351 - 397,,,,UNSW staff profile,,,,,
Binh Tran-Nam,https://www.unsw.edu.au/staff/binh-tran-nam,UNSW Sydney,Accounting,Editorial,EJOURNAL OF TAX RESEARCH,2018,Journal articles,,,Taylor J; Binh T-N,2,16,pp. 1 - 1,,,,UNSW staff profile,,,,,
Binh Tran-Nam,https://www.unsw.edu.au/staff/binh-tran-nam,UNSW Sydney,Accounting,Effective Access to Independent Tax Dispute Resolution in Australia: The Tax Adviser’s Perspective,Australian Tax Review,2018,Journal articles,,,Tran-Nam B; Walpole M,2,47,,,,,UNSW staff profile,,,,,
Binh Tran-Nam,https://www.unsw.edu.au/staff/binh-tran-nam,UNSW Sydney,Accounting,Oil Prices Fluctuations and the Need for Tax Policy Reform in the State of Qatar,Bulletin for International Taxation,2017,Journal articles,,https://online.ibfd.org/kbase/index.jsp#topic=doc&url=/linkresolver/static/bit_2017_12_qa_1,Abdellatif M; Eid AG; Tran-Nam B,3,71,,,,,UNSW staff profile,,,,,
Binh Tran-Nam,https://www.unsw.edu.au/staff/binh-tran-nam,UNSW Sydney,Accounting,The Adequacy of Pre-purchase Due Diligence in Independent Small Business and Franchising,Australian Accounting Review,2017,Journal articles,10.1111/auar.12164,http://dx.doi.org/10.1111/auar.12164,Buchan JM; Frazer L; Weaven S; Tran-Nam B; Grace A,5,28,,,,0.74331513,UNSW staff profile,False,2,0.4132,1035-6908,W2616460806
Binh Tran-Nam,https://www.unsw.edu.au/staff/binh-tran-nam,UNSW Sydney,Accounting,GST/VAT GENERAL ANTI-AVOIDANCE APPROACHES: SOME PRELIMINARY FINDINGS FROM A COMPARATIVE STUDY OF AUSTRALIA AND SOUTH AFRICA,"Australian Tax Forum: a journal of taxation policy, law and reform",2017,Journal articles,,https://www.taxinstitute.com.au/,Datt KH; Nienaber G; Tran-Nam B,3,32,pp. 377 - 398,,,,UNSW staff profile,,,,,
Binh Tran-Nam,https://www.unsw.edu.au/staff/binh-tran-nam,UNSW Sydney,Accounting,The Office of Tax Simplification: The Way Forward,British Tax Review,2017,Journal articles,,,Sherwood J; Evans C; Tran-Nam B,3,2017,pp. 249 - 268,,,,UNSW staff profile,,,,,
Binh Tran-Nam,https://www.unsw.edu.au/staff/binh-tran-nam,UNSW Sydney,Accounting,Tax Policy Challenges in An Era of Political Transition: The Case of Egypt,eJournal of Tax Research,2017,Journal articles,,https://www.business.unsw.edu.au/research-site/publications-site/ejournaloftaxresearch-site/Documents/Abdellatif_Tran-Nam_Tax_policy_challenges.pdf,Tran-Nam B; Abdellatif KM,2,14,pp. 683 - 706,,,,UNSW staff profile,,,,,
Binh Tran-Nam,https://www.unsw.edu.au/staff/binh-tran-nam,UNSW Sydney,Accounting,Tax Corruption and Private Sector Development in Vietnam,eJournal of Tax Research,2017,Journal articles,,,Tran-Nam B; Nguyen NA; Doan QH,3,15,pp. 290 - 311,,,,UNSW staff profile,,,,,
Binh Tran-Nam,https://www.unsw.edu.au/staff/binh-tran-nam,UNSW Sydney,Accounting,Decomposing the Gains from Trade in the Presence of Time-consuming Consumption,International Journal of Development and Conflict,2017,Journal articles,,http://www.ijdc.org.in/uploads/1/7/5/7/17570463/june2017art1v1.pdf,Tran-Nam B,1,7,pp. 1 - 11,,,,UNSW staff profile,,,,,
Binh Tran-Nam,https://www.unsw.edu.au/staff/binh-tran-nam,UNSW Sydney,Accounting,Estimating Aggregate Tax Compliance Costs: A New Approach Using a State Space Model,"Australian Tax Forum: a journal of taxation policy, law and reform",2017,Journal articles,,https://www.taxinstitute.com.au/tiausttaxforum/estimating-aggregate-tax-compliance-costs-a-new-approach-using-a-state-space-model,Wu H; Tran-Nam B,2,32,pp. 197 - 223,,,,UNSW staff profile,,,,,
Binh Tran-Nam,https://www.unsw.edu.au/staff/binh-tran-nam,UNSW Sydney,Accounting,The Tax Compliance Costs of Large Corporations: An Empirical Inquiry and Comparative Analysis,Canadian Tax Journal,2016,Journal articles,,,Evans CC; Lignier P; Tran-Nam B,3,64,pp. 751 - 793,,,,UNSW staff profile,,,,,
Binh Tran-Nam,https://www.unsw.edu.au/staff/binh-tran-nam,UNSW Sydney,Accounting,The impact of petty corruption on firm innovation in Vietnam,Crime Law and Social Change,2016,Journal articles,10.1007/s10611-016-9610-1,http://dx.doi.org/10.1007/s10611-016-9610-1,Nguyen NA; Doan QH; Nguyen NM; Tran-Nam B,4,65,pp. 377 - 394,,,0.99083563,UNSW staff profile,True,107,20.874,0378-1100,W2283246496
Binh Tran-Nam,https://www.unsw.edu.au/staff/binh-tran-nam,UNSW Sydney,Accounting,The Tax Policy Debate Regarding Tax Incentives in Developing Countries: The Case of Targeted Tax Incentives in Egypt,Bulletin for International Taxation,2016,Journal articles,,https://www.ibfd.org/IBFD-Products/Journal-Articles/Bulletin-for-International-Taxation/collections/bit/html/bit_2016_07_eg_1.html,Tran-Nam B; Abdellatif KM,2,70,,,,,UNSW staff profile,,,,,
Binh Tran-Nam,https://www.unsw.edu.au/staff/binh-tran-nam,UNSW Sydney,Accounting,Do Perceptions of Corruption Influence Personal Income Taxpayer Reporting Behaviour? Evidence from Indonesia,eJournal of Tax Research,2016,Journal articles,,https://www.business.unsw.edu.au/research/research-journals/atax-journal/current-issue,Tran-Nam B; Arifin R; Evans CC,3,14,pp. 387 - 426,,,,UNSW staff profile,,,,,
Binh Tran-Nam,https://www.unsw.edu.au/staff/binh-tran-nam,UNSW Sydney,Accounting,Managing Tax Complexity: The State of Play after Henry,Economic Papers: a journal of applied economics and policy,2016,Journal articles,10.1111/1759-3441.12152,http://dx.doi.org/10.1111/1759-3441.12152,Tran-Nam B; Evans CC; Krever R; Lignier P,4,35,pp. 347 - 358,,,0.88835534,UNSW staff profile,False,6,1.0855,0812-0439,W2519482514
Binh Tran-Nam,https://www.unsw.edu.au/staff/binh-tran-nam,UNSW Sydney,Accounting,A Note on a Conversation with Geoff Harcourt,Australian Economic Papers,2016,Journal articles,10.1111/1467-8454.12091,http://dx.doi.org/10.1111/1467-8454.12091,Tran-Nam B; Harcourt G,2,55,pp. 491 - 509,,,0.32651021,UNSW staff profile,False,3,0.0,0004-900X,W2602574627
Binh Tran-Nam,https://www.unsw.edu.au/staff/binh-tran-nam,UNSW Sydney,Accounting,The Impact of Recent Tax Changes on Tax Complexity and Compliance Costs: The Tax Practitioners' Perspective,"Australian Tax Forum: a journal of taxation policy, law and reform",2016,Journal articles,,http://www.taxinstitute.com.au/tiausttaxforum/the-impact-of-recent-tax-changes-on-tax-complexity-and-compliance-costs-the-tax-practitioners-perspective,Tran-Nam B; Lignier P; Evans CC,3,31,pp. 455 - 478,,,,UNSW staff profile,,,,,
Binh Tran-Nam,https://www.unsw.edu.au/staff/binh-tran-nam,UNSW Sydney,Accounting,"Tax Disputes, Litigation Costs and Access to Tax Justice",eJournal of Tax Research,2016,Journal articles,,https://www.business.unsw.edu.au/research/research-journals/atax-journal/current-issue,Tran-Nam B; Walpole M,2,14,pp. 319 - 337,,,,UNSW staff profile,,,,,
Binh Tran-Nam,https://www.unsw.edu.au/staff/binh-tran-nam,UNSW Sydney,Accounting,A Critical Review of the Normative Theory of International Trade,International Journal of Development and Conflict,2016,Journal articles,,http://www.ijdc.org.in/uploads/1/7/5/7/17570463/june2016p2v3.pdf,Tran-Nam B,1,6,pp. 25 - 46,,,,UNSW staff profile,,,,,
Binh Tran-Nam,https://www.unsw.edu.au/staff/binh-tran-nam,UNSW Sydney,Accounting,The Impact of (Petty) Corruption on Firm Innovation in Vietnam,"Crime, Law and Social Change: an interdisciplinary journal",2015,Journal articles,10.1007/s10611-016-9610-1,http://dx.doi.org/10.1007/s10611-016-9610-1,Nguyen NA; Doan QH; Nguyen NM; Tran-Nam B,4,64,,,,0.99083563,UNSW staff profile,True,107,20.874,0378-1100,W2283246496
Binh Tran-Nam,https://www.unsw.edu.au/staff/binh-tran-nam,UNSW Sydney,Accounting,Corruption and Economic Growth (with Vietnam Case-Study),"Crime, Law and Social Change: an interdisciplinary journal",2015,Journal articles,10.1007/s10611-016-9603-0,http://dx.doi.org/10.1007/s10611-016-9603-0,Nguyen NA; Nguyen NM; Tran AV; Tran-Nam B,4,64,,,,0.97551416,UNSW staff profile,True,56,10.437,0378-1100,W2282799949
Binh Tran-Nam,https://www.unsw.edu.au/staff/binh-tran-nam,UNSW Sydney,Accounting,Tax Compliance as a Red Tape to Business: Conceptual Issues and Empirical Evidence from Australia,Journal of Business and Economic Policy,2015,Journal articles,,,Tran-Nam B,1,2,,,,,UNSW staff profile,,,,,
Binh Tran-Nam,https://www.unsw.edu.au/staff/binh-tran-nam,UNSW Sydney,Accounting,Personal taxpayer compliance costs: Recent evidence from Australia,"Australian Tax Forum: a journal of taxation policy, law and reform",2014,Journal articles,10.2139/ssrn.2353192,http://dx.doi.org/10.2139/ssrn.2353192,Evans C; Tran-Nam B; Lignier P,3,29,pp. 137 - 171,,,,UNSW staff profile,,16,,1556-5068,W1564795500
Binh Tran-Nam,https://www.unsw.edu.au/staff/binh-tran-nam,UNSW Sydney,Accounting,Tangled up in tape: The continuing tax compliance plight of the small and medium enterprise business sector,"Australian Tax Forum: a journal of taxation policy, law and reform",2014,Journal articles,,http://search.informit.com.au/documentSummary;dn=424208040270047;res=IELBUS,Evans C; Tran-Nam B; Lignier P,3,29,pp. 217 - 247,,,,UNSW staff profile,,,,,
Binh Tran-Nam,https://www.unsw.edu.au/staff/binh-tran-nam,UNSW Sydney,Accounting,Tax compliance costs in New Zealand: An international comparative analysis,New Zealand Journal of Taxation Law and Policy,2014,Journal articles,,http://nzpublicfinance.com/wp-content/uploads/2014/08/20140611-Tax-Administration-WP02_-Evans_REVISED.pdf,Evans C; Tran-Nam B,2,20,pp. 1 - 40,,,,UNSW staff profile,,,,,
Binh Tran-Nam,https://www.unsw.edu.au/staff/binh-tran-nam,UNSW Sydney,Accounting,Towards the development of a tax system complexity index,Fiscal Studies,2014,Journal articles,10.1111/j.1475-5890.2014.12033.x,http://dx.doi.org/10.1111/j.1475-5890.2014.12033.x,Evans C; Tran-nam B,2,35,pp. 341 - 370,,,0.95135464,UNSW staff profile,True,50,4.798,0143-5671,W2003763857
Binh Tran-Nam,https://www.unsw.edu.au/staff/binh-tran-nam,UNSW Sydney,Accounting,Applications of behavioural economics to tax evasion,Journal of Economic Surveys,2013,Journal articles,10.1111/j.1467-6419.2012.00733.x,http://dx.doi.org/10.1111/j.1467-6419.2012.00733.x,Hashimzade N; Myles GD; Tran-Nam B,3,27,pp. 941 - 977,,,0.99649995,UNSW staff profile,True,187,34.1473,0950-0804,W2165834621
Binh Tran-Nam,https://www.unsw.edu.au/staff/binh-tran-nam,UNSW Sydney,Accounting,How close are taxable income and accounting profit? An empirical study of large Australian companies,"Australian Tax Forum: a journal of taxation policy, law and reform",2013,Journal articles,,http://search.informit.com.au/documentSummary;dn=834591971175251;res=IELAPA,Tran-Nam B; Carlon S; Tran A,3,28,pp. 641 - 677,,,,UNSW staff profile,,,,,
Binh Tran-Nam,https://www.unsw.edu.au/staff/binh-tran-nam,UNSW Sydney,Accounting,Editorial Announcement,eJournal of Tax Research,2013,Journal articles,,http://www.austlii.edu.au/au/journals/eJlTaxR/2013/6.html,Tran-Nam B; Sharkey N,2,11,pp. 114 - 114,,,,UNSW staff profile,,,,,
Binh Tran-Nam,https://www.unsw.edu.au/staff/binh-tran-nam,UNSW Sydney,Accounting,Introduction to the 10th anniversary issue of the eJournal of tax research,eJournal of Tax Research,2013,Journal articles,,http://www.austlii.edu.au/au/journals/eJlTaxR/2013/14.html,Tran-Nam B; Taylor CJ,2,11,pp. 246 - 258,,,,UNSW staff profile,,,,,
Binh Tran-Nam,https://www.unsw.edu.au/staff/binh-tran-nam,UNSW Sydney,Accounting,The Gains from International Trade and International Aid in the Presence of Public Goods,Global Journal of Economics,2012,Journal articles,10.1142/S2251361212500085,http://dx.doi.org/10.1142/S2251361212500085,Kemp MC; Tran-Nam B,2,1,pp. 1250008-1 - 1250008-9,,,0.88487617,UNSW staff profile,False,3,1.6125,2251-3612,W2044950529
Binh Tran-Nam,https://www.unsw.edu.au/staff/binh-tran-nam,UNSW Sydney,Accounting,The mining withholding tax under Division 11C of the Income Tax Assessment Act 1936: It may be simple but is it equitable?,Australian Tax Forum Journal,2012,Journal articles,,http://www.taxinstitute.com.au/australian-tax-forum/the-mining-withholding-tax-under-division-11c-of-the-income-tax-assessment-act-1936-it-may-be-simple-but-is-it-equitable,Martin FA; Tran-Nam B,2,27,pp. 149 - 174,,,,UNSW staff profile,,,,,
Binh Tran-Nam,https://www.unsw.edu.au/staff/binh-tran-nam,UNSW Sydney,Accounting,Editorial,eJournal of Tax Research,2012,Journal articles,,http://www.austlii.edu.au/au/journals/eJlTaxR/2012/10.html,McKerchar M; Walpole M; Tran-Nam B,3,10,pp. 182 - 183,,,,UNSW staff profile,,,,,
Binh Tran-Nam,https://www.unsw.edu.au/staff/binh-tran-nam,UNSW Sydney,Accounting,Access to tax justice: how costs influence dispute resolution choices,Journal of Judicial Administration,2012,Journal articles,,,Tran-Nam B; Walpole M,2,22,pp. 3 - 28,,,,UNSW staff profile,,,,,
Binh Tran-Nam,https://www.unsw.edu.au/staff/binh-tran-nam,UNSW Sydney,Accounting,Independent Tax Dispute Resolution and Social Justice in Australia,University of New South Wales Law Journal,2012,Journal articles,,http://www.austlii.edu.au/au/journals/UNSWLawJl/2012/21.pdf,Tran-Nam B; Walpole M,2,35,pp. 470 - 500,,,,UNSW staff profile,,,,,
Binh Tran-Nam,https://www.unsw.edu.au/staff/binh-tran-nam,UNSW Sydney,Accounting,An Extended Ricardian Model Incorporating a Consumption Time Constraint,Review of International Economics,2012,Journal articles,10.1111/roie.12012,http://dx.doi.org/10.1111/roie.12012,Tran-Nam B,1,20,pp. 1046 - 1051,,,0.09610803,UNSW staff profile,False,6,0.0,0965-7576,W1503966046
Binh Tran-Nam,https://www.unsw.edu.au/staff/binh-tran-nam,UNSW Sydney,Accounting,Tax Policy Simplification: An Evaluation of the Proposal for a Standard Deduction for Work Related Expenses,Australian Tax Forum Journal,2011,Journal articles,,http://search.informit.com.au/documentSummary;dn=610157832835893;res=IELBUS,Tran-Nam B; Evans CC,2,26,pp. 719 - 735,,,,UNSW staff profile,,,,,
Binh Tran-Nam,https://www.unsw.edu.au/staff/binh-tran-nam,UNSW Sydney,Accounting,Ranking of Tax Journals - A Peer Perception Study,Australian Tax Forum Journal,2011,Journal articles,,https://ssrn.com/abstract=2708551,Tran-Nam B; Tran A,2,26,pp. 213 - 255,,,,UNSW staff profile,,,,,
Binh Tran-Nam,https://www.unsw.edu.au/staff/binh-tran-nam,UNSW Sydney,Accounting,A Review of the Gossenian Approach to the Theory of Time Allocation,International Journal of Development and Conflict,2011,Journal articles,,http://www.worldscinet.com/ijdc/ijdc.shtml,Tran-Nam B,1,1,pp. 265 - 282,,,,UNSW staff profile,,,,,
Binh Tran-Nam,https://www.unsw.edu.au/staff/binh-tran-nam,UNSW Sydney,Accounting,Murray Kemp: A Tribute,International Journal of Development and Conflict,2011,Journal articles,,http://www.worldscinet.com/ijdc/ijdc.shtml,Tran-Nam B,1,1,pp. 231 - 239,,,,UNSW staff profile,,,,,
Binh Tran-Nam,https://www.unsw.edu.au/staff/binh-tran-nam,UNSW Sydney,Accounting,Ranking of Tax Journals - The Way Forward,Australian Tax Forum Journal,2009,Journal articles,,https://ssrn.com/abstract=2708554,Datt KH; Tran-Nam B; Tran A,3,24,pp. 341 - 371,,,,UNSW staff profile,,,,,
Binh Tran-Nam,https://www.unsw.edu.au/staff/binh-tran-nam,UNSW Sydney,Accounting,Vietnam's Economic Development in the Post-WTO environment,International Journal of Business Policy and Economics,2009,Journal articles,,http://www.vanderbilt.edu/econ/faculty/Wooders/APET/Pet2004/Papers/Vietnams%20economic%20development.pdf,Tran-Nam B,1,2,pp. 139 - 154,,,,UNSW staff profile,,,,,
Binh Tran-Nam,https://www.unsw.edu.au/staff/binh-tran-nam,UNSW Sydney,Accounting,Personal Income Tax Reform: Where To From Here?,Tax Policy Journal,2008,Journal articles,,,Tran-Nam B,1,4,pp. 33 - 40,,,,UNSW staff profile,,,,,
Binh Tran-Nam,https://www.unsw.edu.au/staff/binh-tran-nam,UNSW Sydney,Accounting,"The role of economic inequality, relative deprivation and envy in Vietnam’s sustainable development",Vietnamese Review of Studies and Discussions,2008,Journal articles,,http://www.tapchithoidai.org/ThoiDai14/200814_TranNamBinh.htm,Tran-Nam B,1,14,,,,,UNSW staff profile,,,,,
Binh Tran-Nam,https://www.unsw.edu.au/staff/binh-tran-nam,UNSW Sydney,Accounting,Effective Marginal Tax Rates and Work Disincentives,Australian Tax Forum Journal,2007,Journal articles,,http://search.informit.com.au/documentSummary;dn=200909531;res=IELAPA,Andrew B; Evans CC; Tran-Nam B,3,22,pp. 117 - 135,,,,UNSW staff profile,,,,,
Binh Tran-Nam,https://www.unsw.edu.au/staff/binh-tran-nam,UNSW Sydney,Accounting,Introduction,EJOURNAL OF TAX RESEARCH,2007,Journal articles,,,Avi-Yonah R; Binh T-N; Walpole M,3,5,pp. 168 - 168,,,,UNSW staff profile,,,,,
Binh Tran-Nam,https://www.unsw.edu.au/staff/binh-tran-nam,UNSW Sydney,Accounting,Towards Systemic Reform of the Australian Personal Income Tax: Developing a Sustainable Model for the Future,Australian Tax Forum Journal,2007,Journal articles,,http://heinonline.org/HOL/Page?handle=hein.journals/austraxrum22&div=12&g_sent=1&collection=journals,Evans CC; Tran-Nam B; Andrew B,3,22,pp. 15 - 47,,,,UNSW staff profile,,,,,
Binh Tran-Nam,https://www.unsw.edu.au/staff/binh-tran-nam,UNSW Sydney,Accounting,Personal Income Tax Reform in Australia: A Specific Proposal,Economic Analysis and Policy,2007,Journal articles,,,Tran-Nam B; Vu LH; Andrew B,3,37,pp. 163 - 186,,,,UNSW staff profile,,,,,
Binh Tran-Nam,https://www.unsw.edu.au/staff/binh-tran-nam,UNSW Sydney,Accounting,Pareto Inferior Trade and Optimal Compensation in a Model Incorporating Overlapping Generations,International Journal of Economic Research,2007,Journal articles,,,Tran-Nam B,1,4,pp. 237 - 249,,,,UNSW staff profile,,,,,
Binh Tran-Nam,https://www.unsw.edu.au/staff/binh-tran-nam,UNSW Sydney,Accounting,Tax Policy and Foreign Direct Investment in Australia,Tax Policy Journal,2007,Journal articles,,,Tran-Nam B,1,3,pp. 31 - 37,,,,UNSW staff profile,,,,,
Binh Tran-Nam,https://www.unsw.edu.au/staff/binh-tran-nam,UNSW Sydney,Accounting,University Reform: Is Equitization an Answer? (In Vietnamese),Saigon Economic Times,2007,Journal articles,,http://www.thesaigontimes.vn/epaper/TB-KTSG/112/5355/22/,Tran-Nam B,1,23,pp. 859 - 859,,,,UNSW staff profile,,,,,
Binh Tran-Nam,https://www.unsw.edu.au/staff/binh-tran-nam,UNSW Sydney,Accounting,Endogenous growth and publicly funded knowledge accumulation,Review of Development Economics,2007,Journal articles,10.1111/j.1467-9361.2007.00416.x,http://dx.doi.org/10.1111/j.1467-9361.2007.00416.x,Truong CN; Tran-Nam B,2,11,pp. 421 - 435,,,0.14376471,UNSW staff profile,False,0,0.0,1363-6669,W2020411428
Binh Tran-Nam,https://www.unsw.edu.au/staff/binh-tran-nam,UNSW Sydney,Accounting,Personal Income Tax Reform in Australia: The Way Forward,Australian Tax Forum Journal,2006,Journal articles,,http://heinonline.org/HOL/Page?handle=hein.journals/austraxrum21&div=12&g_sent=1&collection=journals,Tran-Nam B; Evans CC; Andrew B; Addison G; Drum P,5,21,pp. 441 - 464,,,,UNSW staff profile,,,,,
Binh Tran-Nam,https://www.unsw.edu.au/staff/binh-tran-nam,UNSW Sydney,Accounting,Personal Income Taxation in Australia: Comprehensive Reform Still Needed,Tax Policy Journal,2006,Journal articles,,,Tran-Nam B,1,2,pp. 14 - 19,,,,UNSW staff profile,,,,,
Binh Tran-Nam,https://www.unsw.edu.au/staff/binh-tran-nam,UNSW Sydney,Accounting,Vietnam: Higher Education Reform and World-Class Universities,Asian Analysis,2006,Journal articles,,http://www.aseanfocus.com/asiananalysis/,Tran-Nam B,1,,,,,,UNSW staff profile,,,,,
Binh Tran-Nam,https://www.unsw.edu.au/staff/binh-tran-nam,UNSW Sydney,Accounting,Vietnam: Preparing for WTO Accession and Beyond?,Asian Analysis,2006,Journal articles,,http://www.aseanfocus.com/asiananalysis/,Tran-Nam B,1,,,,,,UNSW staff profile,,,,,
Binh Tran-Nam,https://www.unsw.edu.au/staff/binh-tran-nam,UNSW Sydney,Accounting,Vietnam: Vietnam`s Accession to the WTO in 2006?,Asian Analysis,2006,Journal articles,,http://www.afgventuregroup.com/asian_analysis/Vietnam-%20Vietnams%20Accession%20to%20the%20WTO%20in%202006.php,Tran-Nam B,1,,,,,,UNSW staff profile,,,,,
Binh Tran-Nam,https://www.unsw.edu.au/staff/binh-tran-nam,UNSW Sydney,Accounting,Preface - Editors' Note,EJOURNAL OF TAX RESEARCH,2006,Journal articles,,,Walpole M; Tran-Nam B,2,4,pp. 97 - 97,,,,UNSW staff profile,,,,,
Binh Tran-Nam,https://www.unsw.edu.au/staff/binh-tran-nam,UNSW Sydney,Accounting,The GST Recurrent Compliance Costs/Benefits of Small Business in Australia: A Case Study Approach,Journal of the Australasian Tax Teachers Association,2005,Journal articles,,,Tran-Nam B; Glover J,2,1,pp. 237 - 258,,,,UNSW staff profile,,,,,
Binh Tran-Nam,https://www.unsw.edu.au/staff/binh-tran-nam,UNSW Sydney,Accounting,Publicly Funded Education and Human Capital in the Presence of a Convex-Concave Education Function,American Journal of Applied Sciences,2005,Journal articles,,,Tran-Nam B; Truong CN,2,2,pp. 19 - 26,,,,UNSW staff profile,,,,,
Binh Tran-Nam,https://www.unsw.edu.au/staff/binh-tran-nam,UNSW Sydney,Accounting,Editorial Announcement,EJOURNAL OF TAX RESEARCH,2005,Journal articles,,https://www.webofscience.com/api/gateway?GWVersion=2&SrcApp=PARTNER_APP&SrcAuth=LinksAMR&KeyUT=WOS:000215143600001&DestLinkType=FullRecord&DestApp=ALL_WOS&UsrCustomerID=891bb5ab6ba270e68a29b250adbe88d1,Tran-Nam B; Walpole M,2,3,pp. 146 - 146,,,,UNSW staff profile,,,,,
Binh Tran-Nam,https://www.unsw.edu.au/staff/binh-tran-nam,UNSW Sydney,Accounting,Education reform in Vietnam: Some observations from an economic policy perspective,New Age Journal,2005,Journal articles,,,Tran-Nam B,1,,,,,,UNSW staff profile,,,,,
Binh Tran-Nam,https://www.unsw.edu.au/staff/binh-tran-nam,UNSW Sydney,Accounting,Educational law and economic growth,Asian Analysis,2005,Journal articles,,,Tran-Nam B,1,,,,,,UNSW staff profile,,,,,
Binh Tran-Nam,https://www.unsw.edu.au/staff/binh-tran-nam,UNSW Sydney,Accounting,Promoting a viable and vigorous SME sector,Asian Analysis,2005,Journal articles,,,Tran-Nam B,1,,,,,,UNSW staff profile,,,,,
Binh Tran-Nam,https://www.unsw.edu.au/staff/binh-tran-nam,UNSW Sydney,Accounting,Vietnam: Mobilizing overseas Vietnamese human capital to promote economic growth in Vietnam,Asian Analysis,2005,Journal articles,,http://www.afgventuregroup.com/asian_analysis/Vietnam-%20Mobilizing%20Overseas%20Vietnamese%20Human%20Capital%20to%20Promote%20Economic%20Growth%20in%20Vietnam.php,Tran-Nam B,1,,,,,,UNSW staff profile,,,,,
Binh Tran-Nam,https://www.unsw.edu.au/staff/binh-tran-nam,UNSW Sydney,Accounting,Vietnam,Encyclopaedia Britannica,2004,Journal articles,,,Thayer CA,1,,,,,,UNSW staff profile,,,,,
Binh Tran-Nam,https://www.unsw.edu.au/staff/binh-tran-nam,UNSW Sydney,Accounting,The GST - Recurrent Compliance Costs and Benefits for Australian Small Business: A Case Study Approach,New Zealand Journal of Taxation Law and Policy,2004,Journal articles,,,Tran-Nam B; Glover J,2,10,,,,,UNSW staff profile,,,,,
Binh Tran-Nam,https://www.unsw.edu.au/staff/binh-tran-nam,UNSW Sydney,Accounting,Modernizing Education As a Means for Successful Regional Integration,Asian Analysis,2004,Journal articles,,,Tran-Nam B,1,,,,,,UNSW staff profile,,,,,
Binh Tran-Nam,https://www.unsw.edu.au/staff/binh-tran-nam,UNSW Sydney,Accounting,Vietnam: Closer Economic Relations with India as a Source of Growth to Vietnam,Asian Analysis,2004,Journal articles,,http://www.afgventuregroup.com/asian_analysis/Vietnam-%20Closer%20Economic%20Relations%20with%20India%20as%20a%20Source%20of%20Growth%20to%20Vietnam.php,Tran-Nam B,1,,,,,,UNSW staff profile,,,,,
Binh Tran-Nam,https://www.unsw.edu.au/staff/binh-tran-nam,UNSW Sydney,Accounting,Vietnam: From Fish to Shrimp: The Continuing Saga of the US-Vietnam BTA,Asian Analysis,2004,Journal articles,,http://www.afgventuregroup.com/asian_analysis/Vietnam-%20From%20Fish%20to%20Shrimp%20-%20The%20Continuing%20Saga%20of%20the%20US-Vietnam%20BTA.php,Tran-Nam B,1,,,,,,UNSW staff profile,,,,,
Binh Tran-Nam,https://www.unsw.edu.au/staff/binh-tran-nam,UNSW Sydney,Accounting,Tax compliance Research: An economic perspective,New Zealand Journal of Taxation Law and Policy,2003,Journal articles,,http://www.taxinstitute.com.au/50164E56-D565-5B5B-EE13DBDEE31F06F7,Tran-Nam B,1,9,pp. 455 - 468,,,,UNSW staff profile,,,,,
Binh Tran-Nam,https://www.unsw.edu.au/staff/binh-tran-nam,UNSW Sydney,Accounting,Vietnam: Economic growth and sustainable development,Asian Analysis,2003,Journal articles,,http://www.afgventuregroup.com/asian_analysis/Vietnam-%20Economic%20Growth%20And%20Sustainable%20Development.php,Tran-Nam B,1,,,,,,UNSW staff profile,,,,,
Binh Tran-Nam,https://www.unsw.edu.au/staff/binh-tran-nam,UNSW Sydney,Accounting,Assessing the Potential Compliance Costs/Benefits of the Tax Value Method,Australian Tax Forum Journal,2002,Journal articles,,http://www.taxinstitute.com.au/go/taxation-in-australia/assessing-the-potential-compliance-costs/benefits-of-the-tax-value-method,Evans CC; Tran-Nam B; Jordan B,3,17,pp. 31 - 58,,,,UNSW staff profile,,,,,
Binh Tran-Nam,https://www.unsw.edu.au/staff/binh-tran-nam,UNSW Sydney,Accounting,The Impact of Cedric Sandford on the Discipline of Tax Compliance Costs,Australian Tax Forum Journal,2002,Journal articles,,http://heinonline.org/HOL/Page?handle=hein.journals/austraxrum17&div=15&g_sent=1&collection=journals,Tran-Nam B; Evans CC,2,17,pp. 387 - 403,,,,UNSW staff profile,,,,,
Binh Tran-Nam,https://www.unsw.edu.au/staff/binh-tran-nam,UNSW Sydney,Accounting,Estimating the Transitional Compliance Costs of the GST in Australia: A Case Study Approach,Australian Tax Forum Journal,2002,Journal articles,,http://heinonline.org/HOL/Page?handle=hein.journals/austraxrum17&div=18&g_sent=1&collection=journals,Tran-Nam B; Glover J,2,17,pp. 495 - 532,,,,UNSW staff profile,,,,,
Binh Tran-Nam,https://www.unsw.edu.au/staff/binh-tran-nam,UNSW Sydney,Accounting,Tax Reform in Australia: Impacts of Tax Compliance Costs,Journal of Australian Taxation,2002,Journal articles,,http://search.informit.com.au/documentSummary;dn=200306612;res=IELAPA,Tran-Nam B; Glover J,2,5,pp. 136 - 180,,,,UNSW staff profile,,,,,
Binh Tran-Nam,https://www.unsw.edu.au/staff/binh-tran-nam,UNSW Sydney,Accounting,Vietnam: Further Reforms Needed,Asian Analysis,2002,Journal articles,,http://www.afgventuregroup.com/asian_analysis/Vietnam-%20Further%20Reforms%20Needed.php,Tran-Nam B,1,January,,,,,UNSW staff profile,,,,,
Binh Tran-Nam,https://www.unsw.edu.au/staff/binh-tran-nam,UNSW Sydney,Accounting,Vietnam: State Owned Enterprised Reform and Doi Moi Mark II?,Asian Analysis,2002,Journal articles,,http://www.afgventuregroup.com/asian_analysis/Vietnam-%20State%20Owned%20Enterprised%20Reform%20And%20Doi%20Moi%20Mark%20II.php,Tran-Nam B,1,November,,,,,UNSW staff profile,,,,,
Binh Tran-Nam,https://www.unsw.edu.au/staff/binh-tran-nam,UNSW Sydney,Accounting,Vietnam: The US-Vietnam Bilateral Trade Agreement and Beyond,Asian Analysis,2002,Journal articles,,http://www.afgventuregroup.com/asian_analysis/Vietnam-%20The%20US-Vietnam%20Bilateral%20Trade%20Agreement%20And%20Beyond.php,Tran-Nam B,1,April,,,,,UNSW staff profile,,,,,
Binh Tran-Nam,https://www.unsw.edu.au/staff/binh-tran-nam,UNSW Sydney,Accounting,Economic development and sustainability in an aggregate model incorporating the environment,International Journal of Economic Development,2001,Journal articles,,http://spaef.org/article/1065/Economic-Development-and-Sustainability-in-an-Aggregative-Model-Incorporating-the-Environment,Tran-Nam B,1,3,pp. 1 - 17,,,,UNSW staff profile,,,,,
Binh Tran-Nam,https://www.unsw.edu.au/staff/binh-tran-nam,UNSW Sydney,Accounting,Use and misuse of tax compliance costs in evaluating the GST,Australian Economic Review,2001,Journal articles,,,Tran-Nam B,1,,pp. 279 - 290,,,,UNSW staff profile,,,,,
Binh Tran-Nam,https://www.unsw.edu.au/staff/binh-tran-nam,UNSW Sydney,Accounting,Vietnam:  Facing a globalized economy,Asian Analysis,2001,Journal articles,,http://www.afgventuregroup.com/asian_analysis/Vietnam-%20Facing%20The%20Globalized%20Economy.php,Tran-Nam B,1,,,,,,UNSW staff profile,,,,,
Binh Tran-Nam,https://www.unsw.edu.au/staff/binh-tran-nam,UNSW Sydney,Accounting,Tax Compliance Costs: Research Methodology and Empirical Evidence from Australia,National Tax Journal,2000,Journal articles,,,Tran-Nam B; Evans CC; Ritchie KA; Walpole M,4,53,pp. 229 - 252,,,,UNSW staff profile,,,,,
Binh Tran-Nam,https://www.unsw.edu.au/staff/binh-tran-nam,UNSW Sydney,Accounting,Comments on `The Compliance Costs of the Goods and Services Tax: Major Issues`,Economic Papers: a journal of applied economics and policy,2000,Journal articles,10.1111/j.1759-3441.2000.tb00954.x,http://dx.doi.org/10.1111/j.1759-3441.2000.tb00954.x,Tran-Nam B,1,19,pp. 81 - 90,,,0.1302986,UNSW staff profile,False,0,0.0,0812-0439,W1977125357
Binh Tran-Nam,https://www.unsw.edu.au/staff/binh-tran-nam,UNSW Sydney,Accounting,Tax Reform and Tax Simplicity: A New and `Simpler` Tax System?,University of New South Wales Law Journal,2000,Journal articles,,http://search.informit.com.au/documentSummary;dn=112300324986337;res=IELAPA,Tran-Nam B,1,23,pp. 241 - 251,,,,UNSW staff profile,,,,,
Binh Tran-Nam,https://www.unsw.edu.au/staff/binh-tran-nam,UNSW Sydney,Accounting,"The Implementation Costs of the GST in Australia: Concepts, Preliminary Estimates and Implications",Journal of Australian Taxation,2000,Journal articles,,http://www.austlii.edu.au/au/journals/JlATax/2000/23.html,Tran-Nam B,1,3,pp. 331 - 343,,,,UNSW staff profile,,,,,
Binh Tran-Nam,https://www.unsw.edu.au/staff/binh-tran-nam,UNSW Sydney,Accounting,Assessing the Revenue and Simplification Impacts of the Government's Tax Reform.,Journal of Australian Taxation,1999,Journal articles,,http://www.austlii.edu.au/au/journals/JlATax/1999/26.html,Tran-Nam B,1,2,pp. 329 - 343,,,,UNSW staff profile,,,,,
Binh Tran-Nam,https://www.unsw.edu.au/staff/binh-tran-nam,UNSW Sydney,Accounting,Comments on “Recognising the Pitfalls in Tax Compliance Costs Research”,Revenue Law Journal,1999,Journal articles,10.53300/001c.6623,http://dx.doi.org/10.53300/001c.6623,Tran-Nam B,1,9,,,,0.83867853,UNSW staff profile,False,2,1.038,1034-7747,W1521608305
Binh Tran-Nam,https://www.unsw.edu.au/staff/binh-tran-nam,UNSW Sydney,Accounting,Economic Liberalization and Vietnam¿s Long-term Growth Prospects.,Journal of the Asia Pacific Economy,1999,Journal articles,,,Tran-Nam B,1,,pp. 233 - 257,,,,UNSW staff profile,,,,,
Binh Tran-Nam,https://www.unsw.edu.au/staff/binh-tran-nam,UNSW Sydney,Accounting,Tax Reform and Tax Simplification: Some Conceptual Issues and A Preliminary Assessment.,Sydney Law Review,1999,Journal articles,,http://search.informit.com.au/documentSummary;dn=200002718;res=IELAPA,Tran-Nam B,1,21,pp. 500 - 522,,,,UNSW staff profile,,,,,
Binh Tran-Nam,https://www.unsw.edu.au/staff/binh-tran-nam,UNSW Sydney,Accounting,Vietnam: Economic Reform is a Long-Term Game.,Asian Analysis,1999,Journal articles,,http://www.afgventuregroup.com/asian_analysis/Vietnam-%20Economic%20Reform%20Is%20A%20Long-Term%20Game.php,Tran-Nam B,1,,,,,,UNSW staff profile,,,,,
Binh Tran-Nam,https://www.unsw.edu.au/staff/binh-tran-nam,UNSW Sydney,Accounting,Vietnam: Education Reform,Asian Analysis,1999,Journal articles,,http://www.afgventuregroup.com/asian_analysis/Vietnam-%20Education%20Reform.php,Tran-Nam B,1,,,,,,UNSW staff profile,,,,,
Binh Tran-Nam,https://www.unsw.edu.au/staff/binh-tran-nam,UNSW Sydney,Accounting,Taxation Compliance Costs: Some Lessons From Down-Under,British Tax Review Journal,1999,Journal articles,,,Walpole M; Evans CC; Ritchie KA; Tran-Nam B,4,1999,pp. 244 - 271,,,,UNSW staff profile,,,,,
Binh Tran-Nam,https://www.unsw.edu.au/staff/binh-tran-nam,UNSW Sydney,Accounting,"Agricultural Reform in China, by  Yiping  Huang (Cambridge University  Press, Cambridge, UK, 1998). pp. xiv + 225.",The Economic Record,1998,Journal articles,10.1111/j.1475-4932.1998.tb01935.x,http://dx.doi.org/10.1111/j.1475-4932.1998.tb01935.x,Tran-Nam B,1,74,pp. 414 - 415,,,0.57285595,UNSW staff profile,False,1,0.0,0013-0249,W4238088277
Binh Tran-Nam,https://www.unsw.edu.au/staff/binh-tran-nam,UNSW Sydney,Accounting,Agricultural reform in China,ECONOMIC RECORD,1998,Journal articles,,https://www.webofscience.com/api/gateway?GWVersion=2&SrcApp=PARTNER_APP&SrcAuth=LinksAMR&KeyUT=WOS:000078564900009&DestLinkType=FullRecord&DestApp=ALL_WOS&UsrCustomerID=891bb5ab6ba270e68a29b250adbe88d1,Tran-Nam B,1,74,pp. 414 - 415,,,,UNSW staff profile,,,,,
Binh Tran-Nam,https://www.unsw.edu.au/staff/binh-tran-nam,UNSW Sydney,Accounting,"Vietnam's Reforms and Economic Growth, by Charles  Harvie and  Tran  Van  Hoa  (Macmillan Press, London, UK. 1997). pp. xiv + 232.”",The Economic Record,1998,Journal articles,10.1111/j.1475-4932.1998.tb01935.x,http://dx.doi.org/10.1111/j.1475-4932.1998.tb01935.x,Tran-Nam B,1,74,pp. 413 - 414,,,0.57285595,UNSW staff profile,False,1,0.0,0013-0249,W4238088277
Binh Tran-Nam,https://www.unsw.edu.au/staff/binh-tran-nam,UNSW Sydney,Accounting,"Education, Human Capital  and Economic Growth in an Overlapping Generations Model",Journal of Economic and Business Administration,1997,Journal articles,,,Tran-Nam B,1,175,pp. 63 - 79,,,,UNSW staff profile,,,,,
Binh Tran-Nam,https://www.unsw.edu.au/staff/binh-tran-nam,UNSW Sydney,Accounting,Human capital and economic growth in an overlapping generations model,Journal of Economics,1995,Journal articles,,,Tran-Nam B; Truong CN; Tu PN,3,,pp. 147 - 173,,,,UNSW staff profile,,,,,
Binh Tran-Nam,https://www.unsw.edu.au/staff/binh-tran-nam,UNSW Sydney,Accounting,A new approach to estimating engel elasticities from concentration curves,Oxford Economic Papers,1994,Journal articles,,http://www.jstor.org/stable/2663652,Podder N; Tran-nam B,2,46,pp. 262 - 276,,,,UNSW staff profile,,,,,
Binh Tran-Nam,https://www.unsw.edu.au/staff/binh-tran-nam,UNSW Sydney,Accounting,Knowledge-based growth with exogenous population evolution. A balanced growth analysis,Economics Letters,1994,Journal articles,10.1016/0165-1765(94)90095-7,http://dx.doi.org/10.1016/0165-1765(94)90095-7,Tran-Nam B; NghêTruong C,2,45,pp. 507 - 512,,,0.11579078,UNSW staff profile,False,2,0.0,0165-1765,W1602361843
Binh Tran-Nam,https://www.unsw.edu.au/staff/binh-tran-nam,UNSW Sydney,Accounting,"Foreign aid, taxes and public investment A comment",Journal of Development Economics,1993,Journal articles,10.1016/0304-3878(93)90044-N,http://dx.doi.org/10.1016/0304-3878(93)90044-N,Binh TN; McGillivray M,2,41,pp. 173 - 176,,,0.95653204,UNSW staff profile,True,60,5.8076,0304-3878,W2038852453
Binh Tran-Nam,https://www.unsw.edu.au/staff/binh-tran-nam,UNSW Sydney,Accounting,Book Review,Economic Analysis and Policy,1993,Journal articles,10.1016/s0313-5926(93)50050-4,http://dx.doi.org/10.1016/s0313-5926(93)50050-4,Tran-Nam B,1,23,pp. 221 - 223,,,,UNSW staff profile,,0,,0313-5926,W2582638190
Binh Tran-Nam,https://www.unsw.edu.au/staff/binh-tran-nam,UNSW Sydney,Accounting,On the Estimation of Total Expenditure Elasticities from Derived Engel Functions with Applications to Australian Micro-Data.,The Economic Record,1992,Journal articles,,,Tran-Nam B; Podder N,2,68,,,,,UNSW staff profile,,,,,
Binh Tran-Nam,https://www.unsw.edu.au/staff/binh-tran-nam,UNSW Sydney,Accounting,HOUSEHOLD EQUIVALENCE SCALES - NEW AUSTRALIAN ESTIMATES FROM THE 1984 HOUSEHOLD EXPENDITURE SURVEY,ECONOMIC RECORD,1990,Journal articles,10.1111/j.1475-4932.1990.tb01724.x,http://dx.doi.org/10.1111/j.1475-4932.1990.tb01724.x,BINH TN; WHITEFORD P,2,66,pp. 221 - 234,,,0.8435431,UNSW staff profile,False,27,1.2403,0013-0249,W2059305740
Binh Tran-Nam,https://www.unsw.edu.au/staff/binh-tran-nam,UNSW Sydney,Accounting,Household Equivalence Scales: New Australian Estimates from the 1984 Household Expenditure Survey,Economic Record,1990,Journal articles,10.1111/j.1475-4932.1990.tb01724.x,http://dx.doi.org/10.1111/j.1475-4932.1990.tb01724.x,BINH TN; WHITEFORD P,2,66,pp. 221 - 234,,,0.8435431,UNSW staff profile,False,27,1.2403,0013-0249,W2059305740
Binh Tran-Nam,https://www.unsw.edu.au/staff/binh-tran-nam,UNSW Sydney,Accounting,The Effects of Birthplace on Male Earnings in Australia,Australian Economic Papers,1988,Journal articles,10.1111/j.1467-8454.1988.tb00808.x,http://dx.doi.org/10.1111/j.1467-8454.1988.tb00808.x,Tran-Nam B; Nevile JW,2,27,pp. 83 - 101,,,0.16317684,UNSW staff profile,False,23,0.0,0004-900X,W1985246618
Binh Tran-Nam,https://www.unsw.edu.au/staff/binh-tran-nam,UNSW Sydney,Accounting,A Simple Model of Recent Changes in the Residential Property Market,Economic Record,1987,Journal articles,10.1111/j.1475-4932.1987.tb00657.x,http://dx.doi.org/10.1111/j.1475-4932.1987.tb00657.x,Nevile JW; Tran-Nam B; Vipond J; Warren NA,4,63,pp. 270 - 280,,,0.85306301,UNSW staff profile,False,2,1.3675,0013-0249,W2058144997
Binh Tran-Nam,https://www.unsw.edu.au/staff/binh-tran-nam,UNSW Sydney,Accounting,A NEO-RICARDIAN TRADE MODEL WITH OVERLAPPING GENERATIONS,ECONOMIC RECORD,1985,Journal articles,10.1111/j.1475-4932.1985.tb02027.x,http://dx.doi.org/10.1111/j.1475-4932.1985.tb02027.x,BINH TN,1,61,pp. 707 - 718,,,0.13996338,UNSW staff profile,False,10,0.0,0013-0249,W2028766839
Binh Tran-Nam,https://www.unsw.edu.au/staff/binh-tran-nam,UNSW Sydney,Accounting,A Neo‐Ricardian Trade Model with Overlapping Generations*,Economic Record,1985,Journal articles,10.1111/j.1475-4932.1985.tb02027.x,http://dx.doi.org/10.1111/j.1475-4932.1985.tb02027.x,BINH TN,1,61,pp. 707 - 718,,,0.13996338,UNSW staff profile,False,10,0.0,0013-0249,W2028766839
Ken Trotman,https://www.unsw.edu.au/staff/ken-trotman,UNSW Sydney,Accounting,The moderating effects of management's Non-GAAP treatment of a CAM item and investors' position on investors' management credibility judgments,Accounting Organizations and Society,2026,Journal articles,10.1016/j.aos.2025.101629,http://dx.doi.org/10.1016/j.aos.2025.101629,Chen W; Fanning K; Trotman KT; Wang J,4,116,,,,0.551112,UNSW staff profile,False,0,0.0,0361-3682,W7115896732
Ken Trotman,https://www.unsw.edu.au/staff/ken-trotman,UNSW Sydney,Accounting,The Effect of the Level of Sustainability Assurance on Investor Judgements,Accounting and Finance,2026,Journal articles,10.1111/acfi.70142,http://dx.doi.org/10.1111/acfi.70142,Chen W; Humphreys KA; Trotman KT,3,66,pp. 904 - 916,,,0.93372924,UNSW staff profile,True,3,3.5432,0810-5391,W4416535983
Ken Trotman,https://www.unsw.edu.au/staff/ken-trotman,UNSW Sydney,Accounting,Sustainability Reporting Ecosystem: Insights of Audit Committee Chairs,Accounting Horizons,2026,Journal articles,10.2308/HORIZONS-2024-169,http://dx.doi.org/10.2308/HORIZONS-2024-169,Simnett R; Thompson A; Trotman AJ; Trotman KT,4,40,pp. 165 - 180,,,0.89718363,UNSW staff profile,False,2,2.3243,0888-7993,W4412611439
Ken Trotman,https://www.unsw.edu.au/staff/ken-trotman,UNSW Sydney,Accounting,Auditing Standard Setting: A Process Framework,AUDITING-A JOURNAL OF PRACTICE & THEORY,2026,Journal articles,10.2308/AJPT-2024-056,http://dx.doi.org/10.2308/AJPT-2024-056,Trotman AJ; Phua YS; Trotman KT; Wright A,4,,,,,0.96636651,UNSW staff profile,True,0,0.0,0278-0380,W7164000988
Ken Trotman,https://www.unsw.edu.au/staff/ken-trotman,UNSW Sydney,Accounting,Effects of Different Team Formats on the Performance of Multidisciplinary GHG Assurance Teams,Auditing: A journal of Practice and Theory,2025,Journal articles,10.2308/AJPT-2023-051,http://dx.doi.org/10.2308/AJPT-2023-051,Ekasingh E; Hoang H; Trotman K,3,,,,,0.95205183,UNSW staff profile,True,2,6.0762,0278-0380,W4407128729
Ken Trotman,https://www.unsw.edu.au/staff/ken-trotman,UNSW Sydney,Accounting,How workplace identities and team management practices affect distributed team auditors' willingness to speak up,Contemporary Accounting Research,2024,Journal articles,10.1111/1911-3846.12909,http://dx.doi.org/10.1111/1911-3846.12909,Proell CA; Ricci MA; Trotman KT; Zhou Y,4,41,pp. 562 - 590,,,0.94986444,UNSW staff profile,True,12,4.8944,0823-9150,W4387053227
Ken Trotman,https://www.unsw.edu.au/staff/ken-trotman,UNSW Sydney,Accounting,The effects of prevalence induced concept change on audit scepticism judgements,Accounting and Finance,2024,Journal articles,10.1111/acfi.13312,http://dx.doi.org/10.1111/acfi.13312,Richins G; Trotman KT; Yang D,3,64,pp. 4429 - 4446,,,0.68161921,UNSW staff profile,False,1,0.3821,0810-5391,W4401237903
Ken Trotman,https://www.unsw.edu.au/staff/ken-trotman,UNSW Sydney,Accounting,"Auditor communication on critical audit matters: Timing, inspection likelihood, and the audit committee",Contemporary Accounting Research,2024,Journal articles,10.1111/1911-3846.12934,http://dx.doi.org/10.1111/1911-3846.12934,Whitfield AR; Kang YJ; Trotman KT,3,41,pp. 976 - 999,,,0.9373522,UNSW staff profile,True,6,4.3559,0823-9150,W4391175405
Ken Trotman,https://www.unsw.edu.au/staff/ken-trotman,UNSW Sydney,Accounting,Group Judgment and Decision Making in Auditing: Research in the Time of COVID-19 and Beyond,Auditing,2022,Journal articles,10.2308/AJPT-2020-147,http://dx.doi.org/10.2308/AJPT-2020-147,Bauer TD; Humphreys KA; Trotman KT,3,41,pp. 3 - 23,,,0.99251928,UNSW staff profile,True,80,14.4294,0278-0380,W3172748993
Ken Trotman,https://www.unsw.edu.au/staff/ken-trotman,UNSW Sydney,Accounting,The Impact of a Structured Electronic Interacting Brainstorming Platform,Auditing,2022,Journal articles,10.2308/AJPT-2020-036,http://dx.doi.org/10.2308/AJPT-2020-036,Chen W; Trotman KT; Zhang XJ,3,41,pp. 93 - 111,,,0.82599922,UNSW staff profile,False,9,1.2716,0278-0380,W3195409256
Ken Trotman,https://www.unsw.edu.au/staff/ken-trotman,UNSW Sydney,Accounting,INTERACTIVE AUDITOR-CLIENT NEGOTIATIONS: THE EFFECTS OF THE ACCUMULATING NATURE AND DIRECTION OF AUDIT DIFFERENCES,,2022,Journal articles,10.2308/TAR-2020-0205,http://dx.doi.org/10.2308/TAR-2020-0205,Hatfield R; Mullis C; Trotman K,3,,,,,0.90982948,UNSW staff profile,True,13,2.9445,0001-4826,W4214909887
Ken Trotman,https://www.unsw.edu.au/staff/ken-trotman,UNSW Sydney,Accounting,Judgment and decision making research on CSR reporting in the COVID-19 pandemic environment,Accounting and Finance,2022,Journal articles,10.1111/acfi.12805,http://dx.doi.org/10.1111/acfi.12805,Humphreys KA; Trotman KT,2,62,pp. 739 - 765,,,0.97344755,UNSW staff profile,True,56,8.414,0810-5391,W3165665977
Ken Trotman,https://www.unsw.edu.au/staff/ken-trotman,UNSW Sydney,Accounting,Using More Effective Instructional Verbs to Elevate Auditors’ Professional Skepticism,International Journal of Auditing,2022,Journal articles,10.1111/ijau.12275,http://dx.doi.org/10.1111/ijau.12275,Stepankova S; Harding N; Mayorga D; Trotman K,4,26,pp. 240 - 251,,,0.78733712,UNSW staff profile,False,5,1.1007,1090-6738,W4210500693
Ken Trotman,https://www.unsw.edu.au/staff/ken-trotman,UNSW Sydney,Accounting,How Audit Committee Chairs Address Information-Processing Barriers,Accounting Review,2021,Journal articles,10.2308/TAR-2018-0379,http://dx.doi.org/10.2308/TAR-2018-0379,Free C; Trotman AJ; Trotman KT,3,96,pp. 147 - 169,,,0.98596064,UNSW staff profile,True,91,11.5936,0001-4826,W3007278391
Ken Trotman,https://www.unsw.edu.au/staff/ken-trotman,UNSW Sydney,Accounting,Effect of CSR Assurance and Explicit Assessment on Investors’ Valuation Judgments,Auditing: A Journal of Practice and Theory,2021,Journal articles,10.2308/AJPT-18-092,http://dx.doi.org/10.2308/AJPT-18-092,Hoang H; Trotman K,2,40,pp. 19 - 33,,,0.9788958,UNSW staff profile,True,61,9.3568,0278-0380,W3111373384
Ken Trotman,https://www.unsw.edu.au/staff/ken-trotman,UNSW Sydney,Accounting,Challenges to experimental audit JDM research and the role of online platforms in resolving these challenges,Auditing,2021,Journal articles,10.2308/AJPT-19-105,http://dx.doi.org/10.2308/AJPT-19-105,Leiby J; Rennekamp K; Trotman KT,3,40,pp. 53 - 72,,,0.97364229,UNSW staff profile,True,37,7.7837,0278-0380,W3133151449
Ken Trotman,https://www.unsw.edu.au/staff/ken-trotman,UNSW Sydney,Accounting,The Effect of CSR Assurance and Explicit Assessment on Investor Valuation Judgments,Auditing: a Journal of Practice and Theory,2020,Journal articles,10.2308/AJPT-18-092,http://dx.doi.org/10.2308/AJPT-18-092,Hoang H; Trotman K,2,40,pp. 19 - 33,,,0.9788958,UNSW staff profile,True,61,9.3568,0278-0380,W3111373384
Ken Trotman,https://www.unsw.edu.au/staff/ken-trotman,UNSW Sydney,Accounting,The effect of brainstorming guidelines on individual auditors’ identification of potential frauds,Australian Journal of Management,2018,Journal articles,10.1177/0312896217728560,http://dx.doi.org/10.1177/0312896217728560,Chen W; Khalifa AS; Morgan KL; Trotman KT,4,43,pp. 225 - 240,,,0.73311307,UNSW staff profile,False,11,0.4115,0312-8962,W2766798481
Ken Trotman,https://www.unsw.edu.au/staff/ken-trotman,UNSW Sydney,Accounting,Twenty-Five-Year Overview of Experimental Auditing Research: Trends and Links to Audit Quality,Behavioral Research in Accounting,2018,Journal articles,10.2308/bria-52138,http://dx.doi.org/10.2308/bria-52138,Simnett R; Trotman KT,2,30,pp. 55 - 76,,,0.96094366,UNSW staff profile,True,37,6.5388,1050-4753,W2802438811
Ken Trotman,https://www.unsw.edu.au/staff/ken-trotman,UNSW Sydney,Accounting,Information processing biases in impairment decisions: Effect of reversibility of impairment losses and disclosure transparency,Behavioral Research in Accounting,2018,Journal articles,10.2308/bria-52042,http://dx.doi.org/10.2308/bria-52042,Tan HC; Trotman K,2,30,,,,0.71078183,UNSW staff profile,False,7,0.5215,1050-4753,W2788005896
Ken Trotman,https://www.unsw.edu.au/staff/ken-trotman,UNSW Sydney,Accounting,Discussion of “Mind the Gap: Why do Experts Have Differences of Opinion Regarding the Sufficiency of Audit Evidence Supporting Complex Fair Value Measurements?”.,Contemporary Accounting Research,2018,Journal articles,10.1111/1911-3846.12480,http://dx.doi.org/10.1111/1911-3846.12480,Trotman K,1,36,pp. 1449 - 1460,,,0.98068372,UNSW staff profile,True,45,10.4876,0823-9150,W2592539767
Ken Trotman,https://www.unsw.edu.au/staff/ken-trotman,UNSW Sydney,Accounting,Vale Emeritus Professor Ian Zimmer 2 April 1948–1 November 2017,Accounting & Finance,2018,Journal articles,10.1111/acfi.12352,http://dx.doi.org/10.1111/acfi.12352,Trotman KT,1,58,pp. 3 - 4,,,0.04770697,UNSW staff profile,False,0,0.0,0810-5391,W2795406698
Ken Trotman,https://www.unsw.edu.au/staff/ken-trotman,UNSW Sydney,Accounting,The impact of the timing of a prior year’s auditor concessions on financial officers’ judgments,Auditing: A Journal of Practice & Theory,2017,Journal articles,10.2308/ajpt-51517,http://dx.doi.org/10.2308/ajpt-51517,Cheng MM; Tan HT; Trotman KT; Tse A,4,36,pp. 43 - 62,,,0.95032437,UNSW staff profile,True,15,4.7927,0278-0380,W2463789318
Ken Trotman,https://www.unsw.edu.au/staff/ken-trotman,UNSW Sydney,Accounting,The effect of partner communications of fraud likelihood and skeptical orientation on auditors’ professional skepticism,Auditing: A Journal of Practice & Theory,2017,Journal articles,10.2308/ajpt-51576,http://dx.doi.org/10.2308/ajpt-51576,Harding N; Trotman KT,2,36,pp. 111 - 131,,,0.97897607,UNSW staff profile,True,74,9.7303,0278-0380,W2518743266
Ken Trotman,https://www.unsw.edu.au/staff/ken-trotman,UNSW Sydney,Accounting,Dynamic Decision Making Using the Balanced Scorecard Framework,The Accounting Review,2016,Journal articles,10.2308/accr-51364,http://dx.doi.org/10.2308/accr-51364,Humphreys KA; Gary SS; Trotman KT,3,91,pp. 1441 - 1465,,,0.95237885,UNSW staff profile,True,54,5.5135,0001-4826,W2200840443
Ken Trotman,https://www.unsw.edu.au/staff/ken-trotman,UNSW Sydney,Accounting,Differences in Auditors' Materiality Assessments When Auditing Financial Statements and Sustainability Reports,Contemporary Accounting Research,2016,Journal articles,10.1111/1911-3846.12162,http://dx.doi.org/10.1111/1911-3846.12162,Trotman K; Moroney R,2,33,pp. 551 - 575,,,0.97742021,UNSW staff profile,True,125,10.7444,0823-9150,W3125777979
Ken Trotman,https://www.unsw.edu.au/staff/ken-trotman,UNSW Sydney,Accounting,The Utilization of Quantitative and Qualitative Information in Groups' Capital Investment Decisions,Behavioral Research in Accounting,2015,Journal articles,10.2308/bria-50917,http://dx.doi.org/10.2308/bria-50917,Ang NP; Trotman KT,2,27,pp. 1 - 24,,,0.7300635,UNSW staff profile,False,13,0.4004,1050-4753,W2125457838
Ken Trotman,https://www.unsw.edu.au/staff/ken-trotman,UNSW Sydney,Accounting,Facilitating Brainstorming: Impact of Task Representation on Auditors' Identification of Potential Frauds,Auditing: A Journal of Practice & Theory,2015,Journal articles,10.2308/ajpt-50986,http://dx.doi.org/10.2308/ajpt-50986,Chen W; Khalifa AS; Trotman KT,3,34,pp. 1 - 22,,,0.91118339,UNSW staff profile,True,15,2.9193,0278-0380,W2139244421
Ken Trotman,https://www.unsw.edu.au/staff/ken-trotman,UNSW Sydney,Accounting,The effect of an Audit Judgment Rule on audit committee members' professional skepticism: The case of accounting estimates,"Accounting, Organizations and Society",2015,Journal articles,10.1016/j.aos.2015.03.001,http://dx.doi.org/10.1016/j.aos.2015.03.001,Kang YJ; Trotman AJ; Trotman KT,3,46,pp. 59 - 76,,,0.98658962,UNSW staff profile,True,69,14.8956,0361-3682,W2002509065
Ken Trotman,https://www.unsw.edu.au/staff/ken-trotman,UNSW Sydney,Accounting,The effects of a reasonable investor perspective and firm's prior disclosure policy on managers' disclosure judgments,"Accounting, Organizations and Society",2015,Journal articles,10.1016/j.aos.2015.10.003,http://dx.doi.org/10.1016/j.aos.2015.10.003,Mayorga D; Trotman KT,2,53,pp. 50 - 62,,,0.93425643,UNSW staff profile,True,16,3.5049,0361-3682,W2203390158
Ken Trotman,https://www.unsw.edu.au/staff/ken-trotman,UNSW Sydney,Accounting,"Internal audit’s role in GHG emissions and energy reporting: Evidence from audit committees, senior accountants, and internal auditors",Auditing: A Journal of Practice & Theory,2015,Journal articles,10.2308/ajpt-50675,http://dx.doi.org/10.2308/ajpt-50675,Trotman AJ; Trotman KT,2,34,pp. 199 - 230,,,0.9846334,UNSW staff profile,True,169,14.3016,0278-0380,W2068513887
Ken Trotman,https://www.unsw.edu.au/staff/ken-trotman,UNSW Sydney,Accounting,Group judgment and decision making in auditing: Past and future research,"Accounting, Organizations and Society",2015,Journal articles,10.1016/j.aos.2015.09.004,http://dx.doi.org/10.1016/j.aos.2015.09.004,Trotman KT; Bauer TD; Humphreys KA,3,47,pp. 56 - 72,,,0.99629307,UNSW staff profile,True,155,34.1723,0361-3682,W1919410813
Ken Trotman,https://www.unsw.edu.au/staff/ken-trotman,UNSW Sydney,Accounting,Nominal versus interacting electronic fraud brainstorming in hierarchical audit teams,The Accounting Review,2015,Journal articles,10.2308/accr-50855,http://dx.doi.org/10.2308/accr-50855,Trotman KT; Chen CX; Zhou FH,3,90,pp. 175 - 198,,,0.98759069,UNSW staff profile,True,57,13.4287,0001-4826,W2152562493
Ken Trotman,https://www.unsw.edu.au/staff/ken-trotman,UNSW Sydney,Accounting,The comparative effect of process and outcome accountability in enhancing professional scepticism,Accounting & Finance,2014,Journal articles,10.1111/acfi.12084,http://dx.doi.org/10.1111/acfi.12084,Kim S; Trotman KT,2,55,pp. 1015 - 1040,,,0.90489857,UNSW staff profile,True,50,2.9507,0810-5391,W1993860259
Ken Trotman,https://www.unsw.edu.au/staff/ken-trotman,UNSW Sydney,Accounting,The effect of outcome and process accountability on customer-supplier negotiations,Accounting Organizations and Society,2013,Journal articles,10.1016/j.aos.2012.12.002,http://dx.doi.org/10.1016/j.aos.2012.12.002,Chang LJ; Cheng MM; Trotman KT,3,38,pp. 93 - 107,,,0.97534865,UNSW staff profile,True,44,9.5816,0361-3682,W2163292122
Ken Trotman,https://www.unsw.edu.au/staff/ken-trotman,UNSW Sydney,Accounting,An accountability framework for financial statement auditors and related research questions,Accounting Organizations and Society,2013,Journal articles,10.1016/j.aos.2013.07.002,http://dx.doi.org/10.1016/j.aos.2013.07.002,Peecher ME; Solomon I; Trotman KT,3,38,pp. 596 - 620,,,0.99807707,UNSW staff profile,True,262,46.5137,0361-3682,W3125673505
Ken Trotman,https://www.unsw.edu.au/staff/ken-trotman,UNSW Sydney,Accounting,Triangulation of audit evidence in fraud risk assessments,Accounting Organizations and Society,2012,Journal articles,10.1016/j.aos.2011.11.003,http://dx.doi.org/10.1016/j.aos.2011.11.003,Trotman KT; Wright W,2,37,pp. 41 - 53,,,0.97451709,UNSW staff profile,True,70,8.7468,0361-3682,W2169404954
Ken Trotman,https://www.unsw.edu.au/staff/ken-trotman,UNSW Sydney,Accounting,The balanced scorecard: The effect of strategy information on performance evaluation judgments,Journal of Management Accounting Research,2011,Journal articles,10.2308/jmar-10085,http://dx.doi.org/10.2308/jmar-10085,Humphreys KA; Trotman KT,2,23,pp. 81 - 98,,,0.98219597,UNSW staff profile,True,84,11.2084,1049-2127,W1977616642
Ken Trotman,https://www.unsw.edu.au/staff/ken-trotman,UNSW Sydney,Accounting,Fifty-year Overview of Judgment and Decision-making Research in Accounting.,Accounting and Finance,2011,Journal articles,10.1111/j.1467-629X.2010.00398.x,http://dx.doi.org/10.1111/j.1467-629X.2010.00398.x,Trotman KT; Ang N; Tan HC,3,51,pp. 278 - 360,,,0.98351205,UNSW staff profile,True,133,13.4458,0810-5391,W2052544672
Ken Trotman,https://www.unsw.edu.au/staff/ken-trotman,UNSW Sydney,Accounting,A different personal perspective through the behavioral accounting literature,Behavioral Research in Accounting,2011,Journal articles,10.2308/bria.2011.23.1.203,http://dx.doi.org/10.2308/bria.2011.23.1.203,Trotman KT,1,23,pp. 203 - 208,,,0.67549219,UNSW staff profile,False,10,0.6192,1050-4753,W2082054938
Ken Trotman,https://www.unsw.edu.au/staff/ken-trotman,UNSW Sydney,Accounting,Effects of the timing of auditors' Income-reducing adjustment concessions on financial officers' negotiation judgments,Contemporary Accounting Research,2010,Journal articles,10.1111/j.1911-3846.2010.01020.x,http://dx.doi.org/10.1111/j.1911-3846.2010.01020.x,Tan H; Trotman KT,2,27,pp. 1207 - 1239,,,0.9682739,UNSW staff profile,True,48,8.0109,0823-9150,W1791289188
Ken Trotman,https://www.unsw.edu.au/staff/ken-trotman,UNSW Sydney,Accounting,"Quality, timing, and luck: Looking back at ashton (1974)",Auditing,2010,Journal articles,10.2308/aud.2010.29.1.1,http://dx.doi.org/10.2308/aud.2010.29.1.1,Trotman K,1,29,pp. 1 - 2,,,0.20552662,UNSW staff profile,False,2,0.0,0278-0380,W1992829023
Ken Trotman,https://www.unsw.edu.au/staff/ken-trotman,UNSW Sydney,Accounting,The Intersection of Family Business and Audit Research:  Potential Opportunities,Family Business Review,2010,Journal articles,,,Trotman KT; Trotman AJ,2,23,pp. 216 - 229,,,,UNSW staff profile,,,,,
Ken Trotman,https://www.unsw.edu.au/staff/ken-trotman,UNSW Sydney,Accounting,Improving Assessments of Another Auditors Competence,Auditing: A Journal of Practice & Theory,2009,Journal articles,,,Harding NJ; Trotman KT,2,28,pp. 53 - 78,,,,UNSW staff profile,,,,,
Ken Trotman,https://www.unsw.edu.au/staff/ken-trotman,UNSW Sydney,Accounting,Impact of the Type of Audit Team Discussions on Auditors' Identification and Mental Simulations of Material Frauds,Contemporary Accounting Research,2009,Journal articles,,,Trotman KT; Simnett R; Khalifa AS,3,26,pp. 1115 - 1142,,,,UNSW staff profile,,,,,
Ken Trotman,https://www.unsw.edu.au/staff/ken-trotman,UNSW Sydney,Accounting,An examination of the Effects of Auditor Rank on Pre-negotiation Judgments,Auditing: A Journal of Practice & Theory,2009,Journal articles,,,Trotman KT; Wright AM; Wright S,3,28,pp. 191 - 203,,,,UNSW staff profile,,,,,
Ken Trotman,https://www.unsw.edu.au/staff/ken-trotman,UNSW Sydney,Accounting,The effect of framing and negotiation partner's objective on judgments about negotiated transfer prices,Accounting Organizations and Society,2008,Journal articles,,,Chang LJ; Cheng MM; Trotman KT,3,33,pp. 704 - 717,,,,UNSW staff profile,,,,,
Ken Trotman,https://www.unsw.edu.au/staff/ken-trotman,UNSW Sydney,Accounting,Upcoming research,Monash Business Review,2008,Journal articles,10.2104/mbr08041,http://dx.doi.org/10.2104/mbr08041,Godfrey JM; Trotman KT; Chalmers KG; Moroney R; Potter B; Farrelly F; Beverland M,7,4,pp. 50 - 50,,,0.49599274,UNSW staff profile,False,0,0.0,1832-8490,W4206219588
Ken Trotman,https://www.unsw.edu.au/staff/ken-trotman,UNSW Sydney,Accounting,Effect of different types of feedback on the level of auditors' configural information processing,Accounting and Finance,2008,Journal articles,,,Leung PW; Trotman KT,2,48,pp. 301 - 318,,,,UNSW staff profile,,,,,
Ken Trotman,https://www.unsw.edu.au/staff/ken-trotman,UNSW Sydney,Accounting,Auditing SMEs,,2006,Journal articles,,,Trotman KT,1,,,,,,UNSW staff profile,,,,,
Ken Trotman,https://www.unsw.edu.au/staff/ken-trotman,UNSW Sydney,Accounting,Differential Auditing Standards,The Institute of Chartered Accountants in Australia,2006,Journal articles,,http://www.charteredaccountants.com.au/Industry-Topics/Audit-and-assurance/Publications-and-tools/Other-audit-resources/Resources/Differential-Auditing-Standards.aspx,Trotman KT,1,1,pp. 1 - 22,,,,UNSW staff profile,,,,,
Ken Trotman,https://www.unsw.edu.au/staff/ken-trotman,UNSW Sydney,Accounting,A Field-Based Analysis of Audit Workpaper Review,Auditing: A Journal of Practice & Theory,2005,Journal articles,10.2308/aud.2005.24.2.85,http://dx.doi.org/10.2308/aud.2005.24.2.85,Fargher N; Mayorga DM; Trotman KT,3,24,pp. 85 - 110,,,0.93830907,UNSW staff profile,True,32,3.0303,0278-0380,W2134399959
Ken Trotman,https://www.unsw.edu.au/staff/ken-trotman,UNSW Sydney,Accounting,The Effects of Feedback Type on Auditor Judgment Performance for Configural and Non-Configural Tasks,Accounting Organizations and Society,2005,Journal articles,,,Leung PW; Trotman KT,2,30,pp. 537 - 553,,,,UNSW staff profile,,,,,
Ken Trotman,https://www.unsw.edu.au/staff/ken-trotman,UNSW Sydney,Accounting,Auditor Negotiations:  An Examination of the Efficacy of Intervention Methods,Accounting Review,2005,Journal articles,,,Trotman KT; Wright A; Wright S,3,80,pp. 349 - 367,,,,UNSW staff profile,,,,,
Ken Trotman,https://www.unsw.edu.au/staff/ken-trotman,UNSW Sydney,Accounting,"DISCUSSION OF Judgment and Decision Making Research in Auditing: A Task, Person, and Interpersonal Interaction Perspective",Auditing: A Journal of Practice & Theory,2005,Journal articles,10.2308/aud.2005.24.supplement.73,http://dx.doi.org/10.2308/aud.2005.24.supplement.73,Trotman KT,1,24,pp. 73 - 87,,,,UNSW staff profile,,20,,0278-0380,W4252464833
Ken Trotman,https://www.unsw.edu.au/staff/ken-trotman,UNSW Sydney,Accounting,"Discussion of Judgment and Decision Making Research in Auditing:  A Task, Person and Interpersonal Interaction Perspective",Auditing: A Journal of Practice & Theory,2005,Journal articles,10.2308/aud.2005.24.s-1.73,http://dx.doi.org/10.2308/aud.2005.24.s-1.73,Trotman KT,1,24,pp. 73 - 88,,,,UNSW staff profile,,37,,0278-0380,W2117396522
Ken Trotman,https://www.unsw.edu.au/staff/ken-trotman,UNSW Sydney,Accounting,The Impact of the Type of Accounting Standards on Preparers' Judgments,ABACUS - A Journal of Accounting Finance and Business Studies,2004,Journal articles,,,Psaros J; Trotman KT,2,40,pp. 76 - 93,,,,UNSW staff profile,,,,,
Ken Trotman,https://www.unsw.edu.au/staff/ken-trotman,UNSW Sydney,Accounting,Experimental judgment and decision research in auditing: the first 25 years of AOS,Accounting Organizations and Society,2003,Journal articles,,,Solomon I; Trotman KT,2,28,pp. 395 - 412,,,,UNSW staff profile,,,,,
Ken Trotman,https://www.unsw.edu.au/staff/ken-trotman,UNSW Sydney,Accounting,Reviewers` responses to anticipated stylization attempts by preparers of audit workpapers,Accounting Review,2003,Journal articles,,,Tan H; Trotman KT,2,78,pp. 581 - 604,,,,UNSW staff profile,,,,,
Ken Trotman,https://www.unsw.edu.au/staff/ken-trotman,UNSW Sydney,Accounting,An examination of different performance outcomes in an analytical procedures task,Auditing: A Journal of Practice & Theory,2003,Journal articles,,,Trotman KT; Green WJ,2,22,pp. 219 - 235,,,,UNSW staff profile,,,,,
Ken Trotman,https://www.unsw.edu.au/staff/ken-trotman,UNSW Sydney,Accounting,Audit review: Managers' interpersonal expectations and conduct of the review,CONTEMPORARY ACCOUNTING RESEARCH,2002,Journal articles,10.1506/J519-5LVU-JTMQ-YYJ7,http://dx.doi.org/10.1506/J519-5LVU-JTMQ-YYJ7,Gibbins M; Trotman KT,2,19,pp. 411 - 444,,,0.97069703,UNSW staff profile,True,140,7.6557,0823-9150,W3121732818
Ken Trotman,https://www.unsw.edu.au/staff/ken-trotman,UNSW Sydney,Accounting,Audit review: managers` interpersonal expectations and conduct of the review,Contemporary Accounting Research,2002,Journal articles,,,Gibbins M; Trotman KT,2,19,pp. 411 - 444,,,,UNSW staff profile,,,,,
Ken Trotman,https://www.unsw.edu.au/staff/ken-trotman,UNSW Sydney,Accounting,Research methods for examining independence issues: experimental and economics-of-auditing approaches,Australian Accounting Review,2002,Journal articles,,,Simnett R; Trotman KT,2,12,pp. 23 - 31,,,,UNSW staff profile,,,,,
Ken Trotman,https://www.unsw.edu.au/staff/ken-trotman,UNSW Sydney,Accounting,Qantas Ltd,,2002,Journal articles,,,Simnett R,1,,,,,,UNSW staff profile,,,,,
Ken Trotman,https://www.unsw.edu.au/staff/ken-trotman,UNSW Sydney,Accounting,Design issues in audit JDM experiments,International Journal of Auditing,2001,Journal articles,,,Trotman KT,1,5,pp. 181 - 192,,,,UNSW staff profile,,,,,
Ken Trotman,https://www.unsw.edu.au/staff/ken-trotman,UNSW Sydney,Accounting,Editorial: Research methods in auditing,International Journal of Auditing,2001,Journal articles,10.1111/1099-1123.00333,http://dx.doi.org/10.1111/1099-1123.00333,Trotman KT,1,5,pp. 177 - 179,,,,UNSW staff profile,,0,,1090-6738,W2090772301
Ken Trotman,https://www.unsw.edu.au/staff/ken-trotman,UNSW Sydney,Accounting,Order effects and recency: where do we go from here?,Accounting and Finance,2000,Journal articles,,,Trotman KT; Wright AV,2,40,pp. 169 - 182,,,,UNSW staff profile,,,,,
Ken Trotman,https://www.unsw.edu.au/staff/ken-trotman,UNSW Sydney,Accounting,Hierarchical differences in audit workpaper review performance,Contemporary Accounting Research,1999,Journal articles,,,Harding NJ; Trotman KT,2,16,pp. 671 - 684,,,,UNSW staff profile,,,,,
Ken Trotman,https://www.unsw.edu.au/staff/ken-trotman,UNSW Sydney,Accounting,Effects of feedback and task predictability on task learning and judgment accuracy,ABACUS - A Journal of Accounting Finance and Business Studies,1999,Journal articles,,,Hirst MK; Luckett PF; Trotman KT,3,35,pp. 286 - 301,,,,UNSW staff profile,,,,,
Ken Trotman,https://www.unsw.edu.au/staff/ken-trotman,UNSW Sydney,Accounting,Audit review effectiveness in an analytical review task,International Journal of Auditing,1999,Journal articles,10.1111/1099-1123.00046,http://dx.doi.org/10.1111/1099-1123.00046,Ismail Z; Trotman KT,2,3,pp. 21 - 28,,,0.59500255,UNSW staff profile,False,0,0.0,1090-6738,W3130207451
Ken Trotman,https://www.unsw.edu.au/staff/ken-trotman,UNSW Sydney,Accounting,Assurance services and associated research opportunities,Australian Accounting Review,1999,Journal articles,10.1111/j.1835-2561.1999.tb00104.x,http://dx.doi.org/10.1111/j.1835-2561.1999.tb00104.x,Simnett R; Trotman KT,2,9,pp. 17 - 21,,,0.16106547,UNSW staff profile,False,2,0.0,1035-6908,W2019749964
Ken Trotman,https://www.unsw.edu.au/staff/ken-trotman,UNSW Sydney,Accounting,Audit judgment research: overview and opportunities for research in China,China Accounting and Finance Review,1999,Journal articles,,,Trotman KT,1,1,pp. 49 - 64,,,,UNSW staff profile,,,,,
Ken Trotman,https://www.unsw.edu.au/staff/ken-trotman,UNSW Sydney,Accounting,"Audit judgment research-issues addressed, research methods and future directions",Accounting and Finance,1998,Journal articles,,,Trotman KT,1,38,pp. 115 - 156,,,,UNSW staff profile,,,,,
Ken Trotman,https://www.unsw.edu.au/staff/ken-trotman,UNSW Sydney,Accounting,Multi-auditor judgement/decision making research: A decade later,Journal of Accounting Literature,1997,Journal articles,,http://search.proquest.com/docview/216309805/fulltextPDF/EFD81C1124864F7FPQ/1?accountid=12763,Rich J; Solomon I; Trotman KT,3,16,pp. 86 - 126,,,,UNSW staff profile,,,,,
Ken Trotman,https://www.unsw.edu.au/staff/ken-trotman,UNSW Sydney,Accounting,The audit review process: a characterization from the persuasion perspective,Accounting Organizations and Society,1997,Journal articles,,,Rich J; Solomon I; Trotman KT,3,22,pp. 481 - 505,,,,UNSW staff profile,,,,,
Ken Trotman,https://www.unsw.edu.au/staff/ken-trotman,UNSW Sydney,Accounting,Factors affecting the audit of revalued non-current assets: initial public offerings and source reliability,Accounting and Finance,1996,Journal articles,,,Goodwin J; Trotman KT,2,36,pp. 151 - 170,,,,UNSW staff profile,,,,,
Ken Trotman,https://www.unsw.edu.au/staff/ken-trotman,UNSW Sydney,Accounting,Configural information processing in auditing: further evidence,Accounting and Business Research,1996,Journal articles,,,Hooper CG; Trotman KT,2,26,pp. 125 - 136,,,,UNSW staff profile,,,,,
Ken Trotman,https://www.unsw.edu.au/staff/ken-trotman,UNSW Sydney,Accounting,"Recency effects: Task complexity, decision mode, and task-specific experience",Behavioral Research in Accounting,1996,Journal articles,,,Trotman KT; Wright A,2,8,pp. 175 - 193,,,,UNSW staff profile,,,,,
Ken Trotman,https://www.unsw.edu.au/staff/ken-trotman,UNSW Sydney,Accounting,Auditor judgments of revalued non-current assets: the effect of conflicting risks,Accounting and Business Research,1995,Journal articles,10.1080/00014788.1995.9729940,http://dx.doi.org/10.1080/00014788.1995.9729940,Goodwin J; Trotman KT,2,25,pp. 177 - 185,,,0.90579943,UNSW staff profile,True,6,2.3583,0001-4788,W2088257808
Ken Trotman,https://www.unsw.edu.au/staff/ken-trotman,UNSW Sydney,Accounting,The impact of the review process in hypothesis generation tasks,Accounting Organizations and Society,1995,Journal articles,,,Ismail Z; Trotman KT,2,20,pp. 345 - 357,,,,UNSW staff profile,,,,,
Ken Trotman,https://www.unsw.edu.au/staff/ken-trotman,UNSW Sydney,Accounting,The review process as a control for differential recall of evidence in auditor judgments,Accounting Organizations and Society,1993,Journal articles,10.1016/0361-3682(93)90003-O,http://dx.doi.org/10.1016/0361-3682(93)90003-O,Libby R; Trotman KT,2,18,pp. 559 - 574,,,0.97132855,UNSW staff profile,True,164,8.6726,0361-3682,W1974303743
Ken Trotman,https://www.unsw.edu.au/staff/ken-trotman,UNSW Sydney,Accounting,A Field Study of the Review Process: Research Note,"ABACUS – A Journal of Accounting, Finance and Business Studies",1992,Journal articles,10.1111/j.1467-6281.1992.tb00280.x,http://dx.doi.org/10.1111/j.1467-6281.1992.tb00280.x,Roebuck P; Trotman KT,2,28,pp. 200 - 210,,,0.34729463,UNSW staff profile,False,21,0.0,0001-3072,W2132451475
Ken Trotman,https://www.unsw.edu.au/staff/ken-trotman,UNSW Sydney,Accounting,Identification of Key Financial Ratios for Going Concern Decisions in a Manufacturing Environment,Charter -Sydney-,1992,Journal articles,,,Simnett R; Trotman K,2,63,pp. 39 - 41,,,,UNSW staff profile,,,,,
Ken Trotman,https://www.unsw.edu.au/staff/ken-trotman,UNSW Sydney,Accounting,The Relationship between Knowledge Structure and Judgments for Experienced and Inexperienced Auditors,The Accounting Review,1991,Journal articles,,http://www.jstor.org/stable/247805,Choo F; Trotman K,2,66,pp. 464 - 485,,,,UNSW staff profile,,,,,
Ken Trotman,https://www.unsw.edu.au/staff/ken-trotman,UNSW Sydney,Accounting,A Meta-Analysis of Studies on Internal Control Judgments,Journal of Accounting Research,1991,Journal articles,10.2307/2491036,http://dx.doi.org/10.2307/2491036,Trotman K; Wood R,2,29,pp. 180 - 192,,,1.0,UNSW staff profile,True,78,6.3636,0021-8456,W2335427432
Ken Trotman,https://www.unsw.edu.au/staff/ken-trotman,UNSW Sydney,Accounting,The Effect of the Distribution of Cases on Judgmental Consensus,Accounting & Finance,1990,Journal articles,10.1111/j.1467-629X.1990.tb00111.x,http://dx.doi.org/10.1111/j.1467-629X.1990.tb00111.x,Trotman KT,1,30,pp. 39 - 49,,,0.11009174,UNSW staff profile,False,6,0.0,0810-5391,W2018811700
Ken Trotman,https://www.unsw.edu.au/staff/ken-trotman,UNSW Sydney,Accounting,Auditor Versus Model : Information Choice and Information Processing,The Accounting Review,1989,Journal articles,,http://www.jstor.org/stable/247603,Simnett R; Trotman K,2,64,pp. 514 - 528,,,,UNSW staff profile,,,,,
Ken Trotman,https://www.unsw.edu.au/staff/ken-trotman,UNSW Sydney,Accounting,"The effect of hypothesis framing, prior expectations and cue diagnosticity on auditors' information choice",Accounting Organizations and Society,1989,Journal articles,10.1016/0361-3682(89)90019-6,http://dx.doi.org/10.1016/0361-3682(89)90019-6,Trotman KT; Sng J,2,14,pp. 565 - 576,,,0.54938272,UNSW staff profile,False,67,0.5159,0361-3682,W1997882985
Ken Trotman,https://www.unsw.edu.au/staff/ken-trotman,UNSW Sydney,Accounting,"Member Variation, Recognition of Expertise, and Group Performance",Journal of Applied Psychology,1987,Journal articles,10.1037/0021-9010.72.1.81,http://dx.doi.org/10.1037/0021-9010.72.1.81,Libby R; Trotman KT; Zimmer I,3,72,pp. 81 - 87,,,0.92536645,UNSW staff profile,True,188,3.576,0021-9010,W2040419158
Ken Trotman,https://www.unsw.edu.au/staff/ken-trotman,UNSW Sydney,Accounting,Security price reaction to qualitative forecast infor mation,Australian Journal of Management,1986,Journal articles,10.1177/031289628601100207,http://dx.doi.org/10.1177/031289628601100207,Sinclair NA; Fatseas VA; Trotman KT,3,11,pp. 231 - 240,,,0.1541461,UNSW staff profile,False,1,0.0,0312-8962,W2058265569
Ken Trotman,https://www.unsw.edu.au/staff/ken-trotman,UNSW Sydney,Accounting,Revenue Recognition in the Construction Industry: An Experimental Study,"ABACUS – A Journal of Accounting, Finance and Business Studies",1986,Journal articles,10.1111/j.1467-6281.1986.tb00131.x,http://dx.doi.org/10.1111/j.1467-6281.1986.tb00131.x,Trotman KT; Zimmer IR,2,22,pp. 136 - 147,,,0.32278807,UNSW staff profile,False,13,0.0,0001-3072,W2077568718
Ken Trotman,https://www.unsw.edu.au/staff/ken-trotman,UNSW Sydney,Accounting,Auditor Consensus in Going Concern Judgments,Accounting and Business Research,1985,Journal articles,10.1080/00014788.1985.9729282,http://dx.doi.org/10.1080/00014788.1985.9729282,Campisi S; Trotman KT,2,15,pp. 303 - 310,,,0.15891473,UNSW staff profile,False,31,0.0,0001-4788,W2071314700
Ken Trotman,https://www.unsw.edu.au/staff/ken-trotman,UNSW Sydney,Accounting,The Review Process and the Accuracy of Auditor Judgments,Journal of Accounting Research,1985,Journal articles,10.2307/2490836,http://dx.doi.org/10.2307/2490836,Trotman K,1,23,pp. 740 - 752,,,0.93077975,UNSW staff profile,True,100,3.5703,0021-8456,W2090530579
Ken Trotman,https://www.unsw.edu.au/staff/ken-trotman,UNSW Sydney,Accounting,The Effect of the Review Process on Auditor Judgments,Journal of Accounting Research,1985,Journal articles,10.2307/2490918,http://dx.doi.org/10.2307/2490918,Trotman KT; Yetton PW,2,23,pp. 256 - 267,,,0.97619699,UNSW staff profile,True,113,10.7109,0021-8456,W2060914013
Ken Trotman,https://www.unsw.edu.au/staff/ken-trotman,UNSW Sydney,Accounting,Individual and Group Judgments of Internal Control Systems,Journal of Accounting Research,1983,Journal articles,10.2307/2490948,http://dx.doi.org/10.2307/2490948,Trotman KT; Yetton P; Zimmer I,3,21,pp. 286 - 292,,,0.89701208,UNSW staff profile,False,70,2.807,0021-8456,W2027508160
Ken Trotman,https://www.unsw.edu.au/staff/ken-trotman,UNSW Sydney,Accounting,An Evaluation of Accounting for Long-term Construction Contracts : An International Comparison,International Journal of Accounting Education and Research,1981,Journal articles,,,Trotman K,1,17,pp. 151 - 166,,,,UNSW staff profile,,,,,
Ken Trotman,https://www.unsw.edu.au/staff/ken-trotman,UNSW Sydney,Accounting,Takeover Defences by Australian Companies,Accounting & Finance,1981,Journal articles,10.1111/j.1467-629X.1981.tb00120.x,http://dx.doi.org/10.1111/j.1467-629X.1981.tb00120.x,Trotman K,1,21,pp. 63 - 85,,,0.24371236,UNSW staff profile,False,6,0.0,0810-5391,W1978382909
Ken Trotman,https://www.unsw.edu.au/staff/ken-trotman,UNSW Sydney,Accounting,Associations between social responsibility disclosure and characteristics of companies,Accounting Organizations and Society,1981,Journal articles,10.1016/0361-3682(81)90014-3,http://dx.doi.org/10.1016/0361-3682(81)90014-3,Trotman KT; Bradley GW,2,6,pp. 355 - 362,,,0.27867124,UNSW staff profile,False,482,0.0,0361-3682,W2064762289
Ken Trotman,https://www.unsw.edu.au/staff/ken-trotman,UNSW Sydney,Accounting,Group Size and Performance: Prediction of Failure by Loan Officers,Australian Journal of Management,1981,Journal articles,10.1177/031289628100600210,http://dx.doi.org/10.1177/031289628100600210,Trotman KT; Yetton PW; Zimmer I,3,6,pp. 127 - 140,,,0.91073326,UNSW staff profile,True,5,2.3129,0312-8962,W2170991852
Ken Trotman,https://www.unsw.edu.au/staff/ken-trotman,UNSW Sydney,Accounting,Accounting for Long-term Construction Contracts,Australian Accounting Research Foundation,1980,Journal articles,,,Trotman K,1,,,,,,UNSW staff profile,,,,,
Ken Trotman,https://www.unsw.edu.au/staff/ken-trotman,UNSW Sydney,Accounting,The effect of the firm's capital structure on the choice of accounting methods for long-term construction contracts,Australian Journal of Management,1980,Journal articles,10.1177/031289628000500208,http://dx.doi.org/10.1177/031289628000500208,Trotman KT,1,5,pp. 141 - 144,,,0.9022946,UNSW staff profile,True,6,2.5401,0312-8962,W2068010153
Robert Tumarkin,https://www.unsw.edu.au/staff/robert-tumarkin,UNSW Sydney,Finance,Death by Committee: An Analysis of Corporate Board (Sub-) Committees,Journal of FInancial Economics,2021,Journal articles,,,Tumarkin R; Adams R; Ragunathan V,3,,,,,,UNSW staff profile,,,,,
Robert Tumarkin,https://www.unsw.edu.au/staff/robert-tumarkin,UNSW Sydney,Finance,Does the Political Power of Nonfinancial Stakeholders Affect Firm Values? Evidence from Labor Unions,Journal of Financial and Quantitative Analysis,2018,Journal articles,10.1017/S002210901800008X,http://dx.doi.org/10.1017/S002210901800008X,Stanfield J; Tumarkin R,2,53,pp. 1101 - 1133,,,0.91350862,UNSW staff profile,True,15,2.5837,0022-1090,W3125814896
Robert Tumarkin,https://www.unsw.edu.au/staff/robert-tumarkin,UNSW Sydney,Finance,"Stocking up: Executive optimism, option exercise, and share retention",Journal of Financial Economics,2015,Journal articles,10.1016/j.jfineco.2015.08.001,http://dx.doi.org/10.1016/j.jfineco.2015.08.001,Sen R; Tumarkin R,2,118,pp. 399 - 430,,,0.94818689,UNSW staff profile,True,43,4.5061,0304-405X,W3124557920
Robert Tumarkin,https://www.unsw.edu.au/staff/robert-tumarkin,UNSW Sydney,Finance,News or Noise? Internet Postings and Stock Prices,Financial Analysts Journal,2001,Journal articles,10.2469/faj.v57.n3.2449,http://dx.doi.org/10.2469/faj.v57.n3.2449,Tumarkin R; Whitelaw RF,2,57,pp. 41 - 51,,,0.97469502,UNSW staff profile,True,411,9.2201,0015-198X,W2038519406
Kristina Vojvoda,https://www.unsw.edu.au/staff/kristina-vojvoda,UNSW Sydney,Accounting,Australian innovation: Patent database construction and first evidence,Pacific Basin Finance Journal,2022,Journal articles,10.1016/j.pacfin.2022.101776,http://dx.doi.org/10.1016/j.pacfin.2022.101776,Bedford A; Ma L; Ma N; Vojvoda K,4,73,,,,0.73992914,UNSW staff profile,False,3,0.4293,0927-538X,W4280612461
Kristina Vojvoda,https://www.unsw.edu.au/staff/kristina-vojvoda,UNSW Sydney,Accounting,Future profitability and stock returns of innovative firms in Australia,Pacific Basin Finance Journal,2021,Journal articles,10.1016/j.pacfin.2021.101508,http://dx.doi.org/10.1016/j.pacfin.2021.101508,Bedford A; Ma L; Ma N; Vojvoda K,4,66,,,,0.91007606,UNSW staff profile,True,13,3.0951,0927-538X,W3129137783
Kristina Vojvoda,https://www.unsw.edu.au/staff/kristina-vojvoda,UNSW Sydney,Accounting,Patenting activity or innovative originality?,Accounting and Finance,2021,Journal articles,10.1111/acfi.12730,http://dx.doi.org/10.1111/acfi.12730,Bedford A; Ma L; Ma N; Vojvoda K,4,61,pp. 4191 - 4207,,,0.85334342,UNSW staff profile,False,10,1.5511,0810-5391,W3108978441
Kristina Vojvoda,https://www.unsw.edu.au/staff/kristina-vojvoda,UNSW Sydney,Accounting,Future profitability and stock returns of innovative firms: a pitch,Accounting Research Journal,2021,Journal articles,10.1108/ARJ-08-2020-0277,http://dx.doi.org/10.1108/ARJ-08-2020-0277,Bedford A; Vojvoda K; Ma L; Ma N,4,34,pp. 113 - 118,,,0.01038707,UNSW staff profile,False,0,0.0,1030-9616,W3124576269
Michael Walpole,https://www.unsw.edu.au/staff/michael-walpole,UNSW Sydney,Accounting,Mapping the unmet tax needs of financially vulnerable small business: a systems thinking approach,"Australian Tax Forum: a journal of taxation policy, law and reform",2026,Journal articles,,,Parker RB; Noone J; Kayis-Kumar A; Walpole M; Malbon E,5,40,pp. 465 - 498,,,,UNSW staff profile,,,,,
Michael Walpole,https://www.unsw.edu.au/staff/michael-walpole,UNSW Sydney,Accounting,Emeritus Professor Binh Tran-Nam-a personal tribute,EJOURNAL OF TAX RESEARCH,2025,Journal articles,,,Evans C; Walpole M,2,23,pp. 6 - 8,,,,UNSW staff profile,,,,,
Michael Walpole,https://www.unsw.edu.au/staff/michael-walpole,UNSW Sydney,Accounting,Redefining ATO Powers at the Intersection of Debt and Financial Vulnerability,AUSTRALIAN TAX REVIEW,2025,Journal articles,,,O'Rourke K; Kayis-Kumar A; Walpole M,3,54,,,,,UNSW staff profile,,,,,
Michael Walpole,https://www.unsw.edu.au/staff/michael-walpole,UNSW Sydney,Accounting,Tax history and philanthropy: a tribute to John Taylor,Ejournal of Tax Research,2024,Journal articles,,,Murray I; Ciro T; Haskett A; Walpole M,4,22,pp. 300 - 323,,,,UNSW staff profile,,,,,
Michael Walpole,https://www.unsw.edu.au/staff/michael-walpole,UNSW Sydney,Accounting,A Preliminary Analysis of Australian Income Tax Measures relating to Environmental Protection,Australian Tax Review,2024,Journal articles,,,Tran-Nam B; Stoianoff N; Michael W,3,53,pp. 55 - 73,,,,UNSW staff profile,,,,,
Michael Walpole,https://www.unsw.edu.au/staff/michael-walpole,UNSW Sydney,Accounting,Identifying and supporting financially vulnerable women experiencing economic abuse: a grounded theory approach,eJournal of Tax Research,2023,Journal articles,,https://www.unsw.edu.au/content/dam/pdfs/unsw-adobe-websites/business-school/faculty/research/ejournal-of-tax-research/2023-V21-N2-Identifying-and-supporting-finally-vulnerable.pdf,Kayis-Kumar A; Lim Y; Noone J; Walpole M; Breckenridge J; Book L,6,,,,,,UNSW staff profile,,,,,
Michael Walpole,https://www.unsw.edu.au/staff/michael-walpole,UNSW Sydney,Accounting,Tax Justice and Equity in Australia in the Post-pandemic Environment,New Zealand Journal of Taxation Law and Policy,2023,Journal articles,,https://www.westlaw.com/Document/If5397edeb12b11ee8921fbef1a541940/View/FullText.html?transitionType=Default&contextData=(sc.Default)&VR=3.0&RS=cblt1.0,Tran-Nam B; Walpole M; Mellor P,3,29,,,,,UNSW staff profile,,,,,
Michael Walpole,https://www.unsw.edu.au/staff/michael-walpole,UNSW Sydney,Accounting,An Introduction to the Special Issue on Tax Dispute Resolution,Australian Tax Review,2023,Journal articles,,https://search.informit.org/toc/austaxrev/52/4,Tran-Nam B; Walpole M,2,52,pp. 207 - 210,,,,UNSW staff profile,,,,,
Michael Walpole,https://www.unsw.edu.au/staff/michael-walpole,UNSW Sydney,Accounting,Alternative Tax Dispute Resolution: Perspectives from ATO Officers,Australian Tax Review,2023,Journal articles,,https://anzlaw.thomsonreuters.com/Document/Ica784211aed511eeb09b8c528a5effac/View/FullText.html?transitionType=Default&contextData=(sc.Default)&VR=3.0&RS=cblt1.0,Walpole M; Tran-Nam B; Joseph S-A,3,52,pp. 211 - 229,,,,UNSW staff profile,,,,,
Michael Walpole,https://www.unsw.edu.au/staff/michael-walpole,UNSW Sydney,Accounting,Tax Accounting for Financial Wellbeing: Quantifying the Unmet need for Pro Bono Tax Advice,Australian Tax Review,2022,Journal articles,10.3316/agispt.20230105081319,https://search.informit.org/doi/abs/10.3316/agispt.20230105081319,Kayis-Kumar A; Noone J; Lim Y; Walpole M; Mackenzie G,5,51,pp. 228 - 257,,,,UNSW staff profile,,,,,
Michael Walpole,https://www.unsw.edu.au/staff/michael-walpole,UNSW Sydney,Accounting,Serious Hardship Relief: In Need of a Serious Rethink?,The Sydney Law Review,2021,Journal articles,,http://www.austlii.edu.au/cgi-bin/viewdb/au/journals/SydLawRw/,O'Rourke K; Kayis-Kumar A; Walpole M,3,43,pp. 1 - 42,,,,UNSW staff profile,,,,,
Michael Walpole,https://www.unsw.edu.au/staff/michael-walpole,UNSW Sydney,Accounting,Diagnosing the VAT Compliance Burden: A Cross-Country Assessment,International VAT Monitor,2020,Journal articles,10.59403/7pcmhd,http://dx.doi.org/10.59403/7pcmhd,Evans C; Highfield R; Tran-Nam B; Walpole M,4,2020,pp. 84 - 93,,,0.82616277,UNSW staff profile,False,5,0.4957,0925-0832,W4390288167
Michael Walpole,https://www.unsw.edu.au/staff/michael-walpole,UNSW Sydney,Accounting,Interprofessional Collaborative Practice In Pro Bono Tax Clinics: A Case Study Approach,Journal of Australian Taxation,2020,Journal articles,,https://www.jausttax.com.au/Articles_Free/JAT%20Volume%2022%20Issue%202%20-%20UNSW%20Tax%20Clinic.pdf,Kayis-Kumar A; Mackenzie G; Walpole M,3,22,pp. 49 - 49,,,,UNSW staff profile,,,,,
Michael Walpole,https://www.unsw.edu.au/staff/michael-walpole,UNSW Sydney,Accounting,Pro Bono Tax Clinics: An international comparison and framework for evidence-based evaluation,Australian Tax Review,2020,Journal articles,,https://www.westlaw.com.au/maf/wlau/app/blob?blobguid=I9a8f8d87f1c211ea99dafba9e329f6c2&file=LAWREP-049-ATREV-JL-0110.pdf,Kayis-Kumar A; Noone J; Martin F; Walpole M,4,49,pp. 110 - 132,,,,UNSW staff profile,,,,,
Michael Walpole,https://www.unsw.edu.au/staff/michael-walpole,UNSW Sydney,Accounting,The Australian GST cross-border rules in a global context,Ejournal of Tax Research,2020,Journal articles,,,Walpole M,1,18,pp. 302 - 319,,,,UNSW staff profile,,,,,
Michael Walpole,https://www.unsw.edu.au/staff/michael-walpole,UNSW Sydney,Accounting,y 20th Anniversary of GST in Australia,EJOURNAL OF TAX RESEARCH,2020,Journal articles,,,Walpole M,1,18,pp. 1 - 1,,,,UNSW staff profile,,,,,
Michael Walpole,https://www.unsw.edu.au/staff/michael-walpole,UNSW Sydney,Accounting,The impact of public perceptions on general consumption taxes,British Tax Review,2020,Journal articles,,,de la Feria RL; Walpole M,2,2020,pp. 637 - 669,,,,UNSW staff profile,,,,,
Michael Walpole,https://www.unsw.edu.au/staff/michael-walpole,UNSW Sydney,Accounting,The development and testing of a diagnostic tool for assessing VAT compliance costs: Pilot study findings,Ejournal of Tax Research,2019,Journal articles,,,Highfield R; Evans C; Walpole M,3,16,pp. 620 - 654,,,,UNSW staff profile,,,,,
Michael Walpole,https://www.unsw.edu.au/staff/michael-walpole,UNSW Sydney,Accounting,Effective Access to Independent Tax Dispute Resolution in Australia: The Tax Adviser’s Perspective,Australian Tax Review,2018,Journal articles,,,Tran-Nam B; Walpole M,2,47,,,,,UNSW staff profile,,,,,
Michael Walpole,https://www.unsw.edu.au/staff/michael-walpole,UNSW Sydney,Accounting,A Proposal for the Development and Testing of a Diagnostic Tool for Assessing VAT Compliance Costs,International VAT Monitor,2017,Journal articles,,,Highfield R; Walpole M; Evans C,3,28,pp. 228 - 239,,,,UNSW staff profile,,,,,
Michael Walpole,https://www.unsw.edu.au/staff/michael-walpole,UNSW Sydney,Accounting,Untangling the worldwide VAT web on digital supplies,"Australian Tax Forum: a journal of taxation policy, law and reform",2017,Journal articles,,,Walpole M; Stiglingh M,2,2017,pp. 429 - 463,,,,UNSW staff profile,,,,,
Michael Walpole,https://www.unsw.edu.au/staff/michael-walpole,UNSW Sydney,Accounting,"Tax Disputes, Litigation Costs and Access to Tax Justice",eJournal of Tax Research,2016,Journal articles,,https://www.business.unsw.edu.au/research/research-journals/atax-journal/current-issue,Tran-Nam B; Walpole M,2,14,pp. 319 - 337,,,,UNSW staff profile,,,,,
Michael Walpole,https://www.unsw.edu.au/staff/michael-walpole,UNSW Sydney,Accounting,"Tax and the environment:
an evaluation framework for tax policy reform — group Delphi study",Australian Tax Forum,2016,Journal articles,,,Walpole M; Stoianoff N,2,31,pp. 1 - 24,,,,UNSW staff profile,,,,,
Michael Walpole,https://www.unsw.edu.au/staff/michael-walpole,UNSW Sydney,Accounting,The internal costs of VAT compliance: Evidence from Australia and the United Kingdom and suggestions for mitigation,eJournal of Tax Research,2015,Journal articles,,https://www.business.unsw.edu.au/research-site/publications-site/ejournaloftaxresearch-site/Documents/06_BainWalpoleHansfordEvans_Costs%20of%20VAT%20compliance.pdf,Evans C; Bain K; Hansford A; Walpole M,4,13,pp. 158 - 182,,,,UNSW staff profile,,,,,
Michael Walpole,https://www.unsw.edu.au/staff/michael-walpole,UNSW Sydney,Accounting,Taxation of Sovereign Wealth Funds – A Suggested Approach,Journal of the Australasian Tax Teachers Association,2015,Journal articles,,https://www.business.unsw.edu.au/About-Site/Schools-Site/Taxation-Business-Law-Site/Journal%20of%20The%20Australasian%20Tax%20Teachers%20Associati/JATTA-2015_all_articles.pdf,Walpole M; Joseph SA; Deutsch RL,3,10,pp. 119 - 150,,,,UNSW staff profile,,,,,
Michael Walpole,https://www.unsw.edu.au/staff/michael-walpole,UNSW Sydney,Accounting,Regulation of tax agents in Australia,EJOURNAL OF TAX RESEARCH,2014,Journal articles,,,Walpole M; Salter D,2,12,pp. 335 - 358,,,,UNSW staff profile,,,,,
Michael Walpole,https://www.unsw.edu.au/staff/michael-walpole,UNSW Sydney,Accounting,Regulation of tax agents in Australia,electronic Journal of Tax Research (eJTR),2014,Journal articles,,https://www.business.unsw.edu.au/research-site/publications-site/ejournaloftaxresearch-site/Documents/eJTR_Vol12_No2_2014.pdf,Walpole M; Salter DR,2,12 (2),pp. 335 - 358,,,,UNSW staff profile,,,,,
Michael Walpole,https://www.unsw.edu.au/staff/michael-walpole,UNSW Sydney,Accounting,"STEADY AS SHE GOES!"" IN THE TROUBLED WATERS OF TAX PRACTICE AND TAX ADMINISTRATION",AUSTRALIAN TAX REVIEW,2014,Journal articles,,,Walpole M,1,43,pp. 65 - 67,,,,UNSW staff profile,,,,,
Michael Walpole,https://www.unsw.edu.au/staff/michael-walpole,UNSW Sydney,Accounting,FROM ANTI-AVOIDANCE TO TAX INDUCED INSOLVENCY,AUSTRALIAN TAX REVIEW,2014,Journal articles,,,Walpole M,1,43,pp. 145 - 146,,,,UNSW staff profile,,,,,
Michael Walpole,https://www.unsw.edu.au/staff/michael-walpole,UNSW Sydney,Accounting,TAX AND POLITICS,AUSTRALIAN TAX REVIEW,2014,Journal articles,,,Walpole M,1,43,pp. 3 - 4,,,,UNSW staff profile,,,,,
Michael Walpole,https://www.unsw.edu.au/staff/michael-walpole,UNSW Sydney,Accounting,Tackling VAT Fraud,International VAT Monitor,2014,Journal articles,,http://www.ibfd.org/IBFD-Products/Journal-Articles/International-VAT-Monitor/collections/ivm/html/ivm_2014_05_int_1.html,Walpole M,1,25,pp. n/a,,,,UNSW staff profile,,,,,
Michael Walpole,https://www.unsw.edu.au/staff/michael-walpole,UNSW Sydney,Accounting,VAT Compliance Cost Indicators,"Australian Tax Forum: a journal of taxation policy, law and reform",2014,Journal articles,,http://search.informit.com.au/documentSummary;dn=648139088851094;res=IELAPA,Walpole M,1,29,pp. 391 - 415,,,,UNSW staff profile,,,,,
Michael Walpole,https://www.unsw.edu.au/staff/michael-walpole,UNSW Sydney,Accounting,Editorial,AUSTRALIAN TAX REVIEW,2013,Journal articles,,,Walpole M,1,42,pp. 3 - 4,,,,UNSW staff profile,,,,,
Michael Walpole,https://www.unsw.edu.au/staff/michael-walpole,UNSW Sydney,Accounting,The Henry Review's Tax on Financial Services: An Alternative Approach For Australia,International VAT Monitor,2013,Journal articles,,,Walpole M,1,24,pp. 17 - 21,,,,UNSW staff profile,,,,,
Michael Walpole,https://www.unsw.edu.au/staff/michael-walpole,UNSW Sydney,Accounting,TAX LAW CHANGE: THE NEXT BIG WAVE,AUSTRALIAN TAX REVIEW,2012,Journal articles,,https://www.webofscience.com/api/gateway?GWVersion=2&SrcApp=PARTNER_APP&SrcAuth=LinksAMR&KeyUT=WOS%3A000213370100001&DestLinkType=FullRecord&DestApp=ALL_WOS&UsrCustomerID=891bb5ab6ba270e68a29b250adbe88d1,Evans C; Walpole M,2,41,pp. 59 - 61,,,,UNSW staff profile,,,,,
Michael Walpole,https://www.unsw.edu.au/staff/michael-walpole,UNSW Sydney,Accounting,Editorial - Tax Law Change: The Next Big Wave,Australian Tax Review,2012,Journal articles,,,Evans CC; Walpole M,2,41,pp. 59 - 61,,,,UNSW staff profile,,,,,
Michael Walpole,https://www.unsw.edu.au/staff/michael-walpole,UNSW Sydney,Accounting,Editorial,eJournal of Tax Research,2012,Journal articles,,http://www.austlii.edu.au/au/journals/eJlTaxR/2012/10.html,McKerchar M; Walpole M; Tran-Nam B,3,10,pp. 182 - 183,,,,UNSW staff profile,,,,,
Michael Walpole,https://www.unsw.edu.au/staff/michael-walpole,UNSW Sydney,Accounting,Access to tax justice: how costs influence dispute resolution choices,Journal of Judicial Administration,2012,Journal articles,,,Tran-Nam B; Walpole M,2,22,pp. 3 - 28,,,,UNSW staff profile,,,,,
Michael Walpole,https://www.unsw.edu.au/staff/michael-walpole,UNSW Sydney,Accounting,Independent Tax Dispute Resolution and Social Justice in Australia,University of New South Wales Law Journal,2012,Journal articles,,http://www.austlii.edu.au/au/journals/UNSWLawJl/2012/21.pdf,Tran-Nam B; Walpole M,2,35,pp. 470 - 500,,,,UNSW staff profile,,,,,
Michael Walpole,https://www.unsw.edu.au/staff/michael-walpole,UNSW Sydney,Accounting,Editorial,AUSTRALIAN TAX REVIEW,2012,Journal articles,,,Walpole M,1,41,pp. 3 - 4,,,,UNSW staff profile,,,,,
Michael Walpole,https://www.unsw.edu.au/staff/michael-walpole,UNSW Sydney,Accounting,Editorial: Reforms and more reforms in tax lie ahead,Australian Tax Review,2012,Journal articles,,,Walpole M,1,41,pp. 3 - 4,,,,UNSW staff profile,,,,,
Michael Walpole,https://www.unsw.edu.au/staff/michael-walpole,UNSW Sydney,Accounting,Editorial: Renewed community interest in tax: what will it lead to?,Australian Tax Review,2012,Journal articles,,,Walpole M,1,41,pp. 171 - 172,,,,UNSW staff profile,,,,,
Michael Walpole,https://www.unsw.edu.au/staff/michael-walpole,UNSW Sydney,Accounting,RENEWED COMMUNITY INTEREST IN TAX: WHAT WILL IT LEAD TO?,AUSTRALIAN TAX REVIEW,2012,Journal articles,,,Walpole M,1,41,pp. 171 - 172,,,,UNSW staff profile,,,,,
Michael Walpole,https://www.unsw.edu.au/staff/michael-walpole,UNSW Sydney,Accounting,The New 'Option 2'? The Henry Review's Broad Based Cash Flow Tax,Journal of Australian Taxation,2012,Journal articles,,,Walpole M,1,14,pp. 122 - 145,,,,UNSW staff profile,,,,,
Michael Walpole,https://www.unsw.edu.au/staff/michael-walpole,UNSW Sydney,Accounting,Editorial,AUSTRALIAN TAX REVIEW,2011,Journal articles,,,Walpole M,1,40,pp. 3 - 4,,,,UNSW staff profile,,,,,
Michael Walpole,https://www.unsw.edu.au/staff/michael-walpole,UNSW Sydney,Accounting,Editorial,EJOURNAL OF TAX RESEARCH,2011,Journal articles,,,Walpole M,1,9,pp. 138 - 139,,,,UNSW staff profile,,,,,
Michael Walpole,https://www.unsw.edu.au/staff/michael-walpole,UNSW Sydney,Accounting,THE POLITICS AND PRACTICALITIES OF TAX IN 2011,AUSTRALIAN TAX REVIEW,2011,Journal articles,,,Walpole M,1,40,pp. 203 - 204,,,,UNSW staff profile,,,,,
Michael Walpole,https://www.unsw.edu.au/staff/michael-walpole,UNSW Sydney,Accounting,The miraculous reduced input tax credit for financial supplies in Australia,International VAT Monitor,2011,Journal articles,,http://online2.ibfd.org/kbase/#topic=doc&url=/collections/ivm/html/ivm_2011_05_au_1.html&hash=ivm_2011_05_au_1,Walpole M,1,22,pp. 316 - 322,,,,UNSW staff profile,,,,,
Michael Walpole,https://www.unsw.edu.au/staff/michael-walpole,UNSW Sydney,Accounting,"Taxing virtually everything: - cyberspace profits, property law and taxation liability",Australian Taxation Review,2010,Journal articles,,,Walpole M; Gray J,2,,,,,,UNSW staff profile,,,,,
Michael Walpole,https://www.unsw.edu.au/staff/michael-walpole,UNSW Sydney,Accounting,"Taxing virtually everything: cyberspace profits, property law and taxation liability",Australian Tax Review,2010,Journal articles,,,Walpole M; Gray JS,2,39,pp. 39 - 60,,,,UNSW staff profile,,,,,
Michael Walpole,https://www.unsw.edu.au/staff/michael-walpole,UNSW Sydney,Accounting,Understanding Australian small businesses and the drivers of compliance costs: A grounded theory approach,Australian Tax Forum Journal,2009,Journal articles,,,McKerchar MA; Hodgson HM; Walpole M,3,24,pp. 39 - 66,,,,UNSW staff profile,,,,,
Michael Walpole,https://www.unsw.edu.au/staff/michael-walpole,UNSW Sydney,Accounting,Options for Taxing Financial Supplies in Value Added Tax: EU VAT and Australian GST Models,International and Comparative Law Quarterly,2009,Journal articles,10.1017/S0020589309001560,http://dx.doi.org/10.1017/S0020589309001560,Walpole M; De la feria R,2,58,pp. 897 - 932,,,0.94842335,UNSW staff profile,True,54,4.3086,0020-5893,W2130568341
Michael Walpole,https://www.unsw.edu.au/staff/michael-walpole,UNSW Sydney,Accounting,"Review: Taxpayer Rights: Theory, Origin and Interpretation by Duncan Bentley",Tax Notes International,2009,Journal articles,,,Walpole M,1,2009,pp. 609 - 610,,,,UNSW staff profile,,,,,
Michael Walpole,https://www.unsw.edu.au/staff/michael-walpole,UNSW Sydney,Accounting,Whitehall to Wagga Wagga: The Legacy of UK Tax Law in Australia,British Tax Review Journal,2008,Journal articles,,,Walpole M; Evans CC,2,2008,pp. 205 - 227,,,,UNSW staff profile,,,,,
Michael Walpole,https://www.unsw.edu.au/staff/michael-walpole,UNSW Sydney,Accounting,Goodwill and taxation issues,The Tax Specialist,2008,Journal articles,,,Walpole M,1,3,pp. 201 - 234,,,,UNSW staff profile,,,,,
Michael Walpole,https://www.unsw.edu.au/staff/michael-walpole,UNSW Sydney,Accounting,Introduction,EJOURNAL OF TAX RESEARCH,2007,Journal articles,,,Avi-Yonah R; Binh T-N; Walpole M,3,5,pp. 168 - 168,,,,UNSW staff profile,,,,,
Michael Walpole,https://www.unsw.edu.au/staff/michael-walpole,UNSW Sydney,Accounting,VAT and GST: A Comparative Review of Tax Audits in Australia and the United Kingdom,British Tax Review Journal,2007,Journal articles,,,Hansford A; Hasseldine J; McManus J; Walpole M,4,2007,pp. 87 - 95,,,,UNSW staff profile,,,,,
Michael Walpole,https://www.unsw.edu.au/staff/michael-walpole,UNSW Sydney,Accounting,GST and VAT Audits in Australia and the UK: Tax Advisers` Perceptions and Issues,Goods and Services Tax Journal,2007,Journal articles,,,McManus J; Walpole M; Hansford A; Hasseldine J,4,7,pp. 37 - 41,,,,UNSW staff profile,,,,,
Michael Walpole,https://www.unsw.edu.au/staff/michael-walpole,UNSW Sydney,Accounting,Boosting the Knowledge Economy: the Role of Taxation in Businesses` Choice of Location of Intangible Property,Australian Tax Forum Journal,2007,Journal articles,,,Walpole M; Carlon SA,2,22,pp. 3 - 30,,,,UNSW staff profile,,,,,
Michael Walpole,https://www.unsw.edu.au/staff/michael-walpole,UNSW Sydney,Accounting,Can simplified legal drafting reduce the psychological costs of tax compliance? An Australian perspective,British Tax Review Journal,2007,Journal articles,,,Woellner R; Coleman C; McKerchar MA; Walpole M; Zetler J,5,2007,pp. 717 - 733,,,,UNSW staff profile,,,,,
Michael Walpole,https://www.unsw.edu.au/staff/michael-walpole,UNSW Sydney,Accounting,Preface - Editors' Note,EJOURNAL OF TAX RESEARCH,2006,Journal articles,,,Walpole M; Tran-Nam B,2,4,pp. 97 - 97,,,,UNSW staff profile,,,,,
Michael Walpole,https://www.unsw.edu.au/staff/michael-walpole,UNSW Sydney,Accounting,Editorial Announcement,EJOURNAL OF TAX RESEARCH,2005,Journal articles,,https://www.webofscience.com/api/gateway?GWVersion=2&SrcApp=PARTNER_APP&SrcAuth=LinksAMR&KeyUT=WOS:000215143600001&DestLinkType=FullRecord&DestApp=ALL_WOS&UsrCustomerID=891bb5ab6ba270e68a29b250adbe88d1,Tran-Nam B; Walpole M,2,3,pp. 146 - 146,,,,UNSW staff profile,,,,,
Michael Walpole,https://www.unsw.edu.au/staff/michael-walpole,UNSW Sydney,Accounting,The Expectations of Tax Agents Dealing with the GST,Australian Tax Forum Journal,2005,Journal articles,,,Walpole M; McManus J,2,20,pp. 649 - 668,,,,UNSW staff profile,,,,,
Michael Walpole,https://www.unsw.edu.au/staff/michael-walpole,UNSW Sydney,Accounting,Have You Shut the Windows? Time Limits Applicable to Finality of Assessments,The Tax Specialist,2005,Journal articles,,,Walpole M,1,9,pp. 40 - 60,,,,UNSW staff profile,,,,,
Michael Walpole,https://www.unsw.edu.au/staff/michael-walpole,UNSW Sydney,Accounting,Keeping to the Straight and Narrow: Interpreting the GST and Income Tax,Goods and Services Tax Journal,2005,Journal articles,,,Walpole M,1,5,pp. 193 - 200,,,,UNSW staff profile,,,,,
Michael Walpole,https://www.unsw.edu.au/staff/michael-walpole,UNSW Sydney,Accounting,Taxing the Intangible: Overview of global approaches and a review of recent policy changes in the UK,Australian Tax Forum Journal,2003,Journal articles,,,Lymer A; Onyekew D; McGill G; Walpole M,4,18,pp. 431 - 463,,,,UNSW staff profile,,,,,
Michael Walpole,https://www.unsw.edu.au/staff/michael-walpole,UNSW Sydney,Accounting,A Conflict of Duty - A Federal Approach to the Tax Treatment of Goodwill and Other Intangibles,Australian Tax Forum Journal,2003,Journal articles,,,Walpole M,1,18,pp. 3 - 19,,,,UNSW staff profile,,,,,
Michael Walpole,https://www.unsw.edu.au/staff/michael-walpole,UNSW Sydney,Accounting,GST Rulings compared to ordinary rulings,GST Newsletter,2002,Journal articles,,,McManus J; Walpole M,2,Issue,pp. 1 - 4,,,,UNSW staff profile,,,,,
Michael Walpole,https://www.unsw.edu.au/staff/michael-walpole,UNSW Sydney,Accounting,The difference between ordinary and GST rulings,Tax Week,2002,Journal articles,,,McManus J; Walpole M,2,Issue,pp. 313 - 317,,,,UNSW staff profile,,,,,
Michael Walpole,https://www.unsw.edu.au/staff/michael-walpole,UNSW Sydney,Accounting,Trusts are dead - long live trusts!,Australian Capital Gains Tax Planner,2001,Journal articles,,,Walpole M,1,11,pp. 1 - 7,,,,UNSW staff profile,,,,,
Michael Walpole,https://www.unsw.edu.au/staff/michael-walpole,UNSW Sydney,Accounting,Keeping the GST out of the CGT,Australian Capital Gains Tax Planner,2000,Journal articles,,,Evans CC; Walpole M,2,5,pp. 1 - 7,,,,UNSW staff profile,,,,,
Michael Walpole,https://www.unsw.edu.au/staff/michael-walpole,UNSW Sydney,Accounting,Tax Compliance Costs: Research Methodology and Empirical Evidence from Australia,National Tax Journal,2000,Journal articles,,,Tran-Nam B; Evans CC; Ritchie KA; Walpole M,4,53,pp. 229 - 252,,,,UNSW staff profile,,,,,
Michael Walpole,https://www.unsw.edu.au/staff/michael-walpole,UNSW Sydney,Accounting,The fate of goodwill after Ralph,Journal of Australian Taxation,2000,Journal articles,,,Walpole M,1,3,pp. 344 - 358,,,,UNSW staff profile,,,,,
Michael Walpole,https://www.unsw.edu.au/staff/michael-walpole,UNSW Sydney,Accounting,Taxation Compliance Costs: Some Lessons From Down-Under,British Tax Review Journal,1999,Journal articles,,,Walpole M; Evans CC; Ritchie KA; Tran-Nam B,4,1999,pp. 244 - 271,,,,UNSW staff profile,,,,,
Michael Walpole,https://www.unsw.edu.au/staff/michael-walpole,UNSW Sydney,Accounting,"A review of `The New Wealth of Nations - Taxing Cyberspace` by Arthur J. Cordell, T. Ran Ide, Luc Soete and Karin Kamp",International Journal of Law and Information Technology,1999,Journal articles,,,Walpole M,1,7,pp. 100 - 101,,,,UNSW staff profile,,,,,
Michael Walpole,https://www.unsw.edu.au/staff/michael-walpole,UNSW Sydney,Accounting,Letter to the editor on GST Compliance costs,Australian Financial Review,1999,Journal articles,,,Walpole M,1,March 1999,,,,,UNSW staff profile,,,,,
Michael Walpole,https://www.unsw.edu.au/staff/michael-walpole,UNSW Sydney,Accounting,When is Goodwill Not Goodwill?,Journal of Australian Taxation,1999,Journal articles,,,Walpole M,1,2,pp. 48 - 61,,,,UNSW staff profile,,,,,
Michael Walpole,https://www.unsw.edu.au/staff/michael-walpole,UNSW Sydney,Accounting,An Australasian experience of the use of selected technologies in the delivery of a legal education program: some lessons for faculties and educational program planners,"Journal of Information, Law and Technology",1998,Journal articles,,,Smith AJ; Walpole M,2,1998,,,,,UNSW staff profile,,,,,
Michael Walpole,https://www.unsw.edu.au/staff/michael-walpole,UNSW Sydney,Accounting,Dealing with goodwill - small business roll-overs and exemptions: part I,Retirement and Estate Planning,1998,Journal articles,,,Walpole M,1,1,pp. 89 - 98,,,,UNSW staff profile,,,,,
Michael Walpole,https://www.unsw.edu.au/staff/michael-walpole,UNSW Sydney,Accounting,Dealing with goodwill - small business roll-overs and exemptions: part II,Retirement and Estate Planning,1998,Journal articles,,,Walpole M,1,1,pp. 101 - 110,,,,UNSW staff profile,,,,,
Michael Walpole,https://www.unsw.edu.au/staff/michael-walpole,UNSW Sydney,Accounting,Murry`s case - another turn in the goodwill carousel,Tax Week: CCH Federal and State Tax News,1998,Journal articles,,,Walpole M,1,1998,pp. 501 - 507,,,,UNSW staff profile,,,,,
Michael Walpole,https://www.unsw.edu.au/staff/michael-walpole,UNSW Sydney,Accounting,Some observations on the taxation of monopoly goodwill,Australian Tax Review,1998,Journal articles,,,Walpole M,1,27,pp. 122 - 127,,,,UNSW staff profile,,,,,
Michael Walpole,https://www.unsw.edu.au/staff/michael-walpole,UNSW Sydney,Accounting,The Hidden Costs of a GST: An International Perspective,Policy,1997,Journal articles,,http://search.informit.com.au/documentSummary;dn=970807837;res=IELAPA,Evans CC; Walpole M,2,12,pp. 3 - 10,,,,UNSW staff profile,,,,,
Michael Walpole,https://www.unsw.edu.au/staff/michael-walpole,UNSW Sydney,Accounting,The Goodwill story is not all good news,Australian Lawyer,1997,Journal articles,,,Walpole M,1,,pp. 22,,,,UNSW staff profile,,,,,
Michael Walpole,https://www.unsw.edu.au/staff/michael-walpole,UNSW Sydney,Accounting,Compliance costs and taxation impact statements,Australian Tax Forum Journal,1996,Journal articles,,http://www.taxinstitute.com.au/4F8939E5-D565-5B5B-EF1BE6C02EBB1796,Evans CC; Walpole M,2,13,pp. 227 - 275,,,,UNSW staff profile,,,,,
Michael Walpole,https://www.unsw.edu.au/staff/michael-walpole,UNSW Sydney,Accounting,Rowe: A symmetry cemetery?,Revenue Law Journal,1996,Journal articles,,,Schabe DM; Walpole M,2,,pp. 133 - 146,,,,UNSW staff profile,,,,,
Michael Walpole,https://www.unsw.edu.au/staff/michael-walpole,UNSW Sydney,Accounting,Income Tax: deduction of expenditure on education of oneself - an Australian perspective,South African Law Journal,1996,Journal articles,,,Walpole M,1,113,pp. 325 - 334,,,,UNSW staff profile,,,,,
Neil Warren,https://www.unsw.edu.au/staff/neil-warren,UNSW Sydney,Accounting,How tax gap can inform tax policy and administration: a case study of Australia’s individual income tax,eJournal of Tax Research,2023,Journal articles,,"/content/dam/pdfs/business/acct-audit-tax/research-reports/ejournal-of-tax-research/2023-volume-20,-number-2/V20-No2-How-tax-gap-P203.pdf",Highfield R; Warren N,2,20,pp. 203 - 271,,,,UNSW staff profile,,,,,
Neil Warren,https://www.unsw.edu.au/staff/neil-warren,UNSW Sydney,Accounting,Estimating tax gap is everything to an informed response to the digital era,Ejournal of Tax Research,2019,Journal articles,,,Warren N,1,16,pp. 536 - 577,,,,UNSW staff profile,,,,,
Neil Warren,https://www.unsw.edu.au/staff/neil-warren,UNSW Sydney,Accounting,e‑filing and compliance risk: Evidence from Australian personal income tax deductions,"Australian Tax Forum: a journal of taxation policy, law and reform",2016,Journal articles,,http://search.informit.com.au/documentSummary;dn=401893001293713;res=IELBUS,Warren NA,1,31,pp. 577 - 602,,,,UNSW staff profile,,,,,
Neil Warren,https://www.unsw.edu.au/staff/neil-warren,UNSW Sydney,Accounting,The devil is in the detail: The distributional consequences of income tax sharing in the Australian federation,"Australian Tax Forum: a journal of taxation policy, law and reform",2015,Journal articles,,http://www.utas.edu.au/__data/assets/pdf_file/0010/695530/Eccleston-and-Warren-Analysis-of-State-Income-Tax-Surcharges.pdf,Warren NA; Eccleston R,2,30,pp. 713 - 733,,,,UNSW staff profile,,,,,
Neil Warren,https://www.unsw.edu.au/staff/neil-warren,UNSW Sydney,Accounting,Does the Australian Higher Education Loan Program (HELP) undermine personal income tax integrity?,eJournal of Tax Research,2015,Journal articles,,https://www.business.unsw.edu.au/research-site/publications-site/ejournaloftaxresearch-site/Documents/08_HighfieldWarren_HELP.pdf,Warren NA; Highfield R,2,13,pp. 202 - 261,,,,UNSW staff profile,,,,,
Neil Warren,https://www.unsw.edu.au/staff/neil-warren,UNSW Sydney,Accounting,Re-defining the land tax base in highly urbanised locations,"Australian Tax Forum: a journal of taxation policy, law and reform",2014,Journal articles,,http://search.informit.com.au/documentSummary;dn=648176354793611;res=IELAPA,Warren NA; Mangioni V,2,29,pp. 455 - 476,,,,UNSW staff profile,,,,,
Neil Warren,https://www.unsw.edu.au/staff/neil-warren,UNSW Sydney,Accounting,A politically viable strategy for limiting personal income tax deductions: The case for a global cap,"Australian Tax Forum: a journal of taxation policy, law and reform",2014,Journal articles,,http://search.informit.com.au/documentSummary;dn=648120455879836;res=IELBUS,Warren NA,1,29,pp. 357 - 389,,,,UNSW staff profile,,,,,
Neil Warren,https://www.unsw.edu.au/staff/neil-warren,UNSW Sydney,Accounting,Towards a holistic analysis of personal income tax reliefs and their reform,"Australian Tax Forum: a journal of taxation policy, law and reform",2014,Journal articles,,http://search.informit.com.au/documentSummary;dn=239704358871350;res=IELBUS,Warren NA,1,29,pp. 83 - 108,,,,UNSW staff profile,,,,,
Neil Warren,https://www.unsw.edu.au/staff/neil-warren,UNSW Sydney,Accounting,Beyond the Blame Game: Political Strategies for State Funding Reform,Australian Journal of Public Administration,2013,Journal articles,10.1111/1467-8500.12007,http://dx.doi.org/10.1111/1467-8500.12007,Eccleston R; Warren NA; Woolley T,3,72,pp. 14 - 30,,,0.95929249,UNSW staff profile,True,8,6.4139,0313-6647,W1935612740
Neil Warren,https://www.unsw.edu.au/staff/neil-warren,UNSW Sydney,Accounting,National fiscal consolidation and the challenge to Australian federalism,Economic and Labour Relations Review,2013,Journal articles,10.1177/1035304613482819,http://dx.doi.org/10.1177/1035304613482819,Warren NA,1,24,pp. 161 - 180,,,0.14281827,UNSW staff profile,False,1,0.0,1035-3046,W2080416248
Neil Warren,https://www.unsw.edu.au/staff/neil-warren,UNSW Sydney,Accounting,Fiscal Federalism under Review (at Speed),eJournal of Tax Research,2012,Journal articles,,http://www.austlii.edu.au/au/journals/eJlTaxR/2012/1.pdf,Warren NA,1,10,pp. 5 - 11,,,,UNSW staff profile,,,,,
Neil Warren,https://www.unsw.edu.au/staff/neil-warren,UNSW Sydney,Accounting,Fiscal equalisation and State incentive for policy reform,eJournal of Tax Research,2012,Journal articles,,http://www.austlii.edu.au/au/journals/eJlTaxR/2012/9.pdf,Warren NA,1,10,pp. 165 - 181,,,,UNSW staff profile,,,,,
Neil Warren,https://www.unsw.edu.au/staff/neil-warren,UNSW Sydney,Accounting,State Taxes: From a problem acknowledged to a problem addressed?,Australian Tax Forum Journal,2012,Journal articles,,http://search.informit.com.au/documentSummary;dn=662870508525341;res=IELBUS,Warren NA,1,27,pp. 307 - 329,,,,UNSW staff profile,,,,,
Neil Warren,https://www.unsw.edu.au/staff/neil-warren,UNSW Sydney,Accounting,States ponder own-tax reform options post Forum,Economic Papers,2012,Journal articles,,,Warren NA,1,31,pp. 8 - 12,,,,UNSW staff profile,,,,,
Neil Warren,https://www.unsw.edu.au/staff/neil-warren,UNSW Sydney,Accounting,Henry Review walks a tightrope,Australian Financial Review,2010,Journal articles,,,Warren NA,1,,,,,,UNSW staff profile,,,,,
Neil Warren,https://www.unsw.edu.au/staff/neil-warren,UNSW Sydney,Accounting,States’ Taxation and the Henry Review,Tax Watch,2010,Journal articles,,,Warren NA,1,,,,,,UNSW staff profile,,,,,
Neil Warren,https://www.unsw.edu.au/staff/neil-warren,UNSW Sydney,Accounting,Tax devolution and intergovernmental transfer policy options in a budgetary crisis: UK lessons from Australia,eJournal of Tax Research,2010,Journal articles,,http://www.austlii.edu.au/au/journals/eJlTaxR/2010/11.html,Warren NA,1,8,pp. 215 - 255,,,,UNSW staff profile,,,,,
Neil Warren,https://www.unsw.edu.au/staff/neil-warren,UNSW Sydney,Accounting,"The Henry Review, State Taxation and the Federation",The Australian Economic Review,2010,Journal articles,10.1111/j.1467-8462.2010.00614.x,http://dx.doi.org/10.1111/j.1467-8462.2010.00614.x,Warren NA,1,43,pp. 409 - 421,,,0.28425838,UNSW staff profile,False,4,0.0,0004-9018,W2149931351
Neil Warren,https://www.unsw.edu.au/staff/neil-warren,UNSW Sydney,Accounting,Vital Pieces of Reform Are Missing From Package,The Australian,2010,Journal articles,,,Warren NA,1,,,,,,UNSW staff profile,,,,,
Neil Warren,https://www.unsw.edu.au/staff/neil-warren,UNSW Sydney,Accounting,Why the Henry Review State tax reforms will not happen,Atax Matters,2010,Journal articles,,,Warren NA,1,9,pp. 4 - 5,,,,UNSW staff profile,,,,,
Neil Warren,https://www.unsw.edu.au/staff/neil-warren,UNSW Sydney,Accounting,A Review of Studies on the Distributional Impact of Consumption Taxes in OECD Countries,ION Meeting Proceedings,2008,Journal articles,10.1787/241103736767,http://dx.doi.org/10.1787/241103736767,Warren NA,1,64,,,,,UNSW staff profile,,98,,1815-199X,W1575041548
Neil Warren,https://www.unsw.edu.au/staff/neil-warren,UNSW Sydney,Accounting,Fiscal equalization in Australia: High level VFI and equity focused HFE,DICE Report,2008,Journal articles,,,Warren NA,1,6,pp. 10 - 15,,,,UNSW staff profile,,,,,
Neil Warren,https://www.unsw.edu.au/staff/neil-warren,UNSW Sydney,Accounting,Reform of the Commonwealth Grants Commission: It`s all in the Detail,University of New South Wales Law Journal,2008,Journal articles,,http://www.unswlawjournal.unsw.edu.au/sites/default/files/31_warren_2008.pdf,Warren NA,1,31,pp. 530 - 552,,,,UNSW staff profile,,,,,
Neil Warren,https://www.unsw.edu.au/staff/neil-warren,UNSW Sydney,Accounting,The Impact of Tax Gap on Future Tax Reforms,Australian Economic Review,2007,Journal articles,,,Warren NA; McManus J,2,40,pp. 200 - 207,,,,UNSW staff profile,,,,,
Neil Warren,https://www.unsw.edu.au/staff/neil-warren,UNSW Sydney,Accounting,Moving Beyond Traditional Cash Measures of Economic Well-Being: Including Indirect Benefits and Indirect Taxes,Natsem Online Discussion Paper,2006,Journal articles,,http://www.natsem.canberra.edu.au/storage/dp61.pdf,Harding A; Lloyd R; Warren NA,3,61,,,,,UNSW staff profile,,,,,
Neil Warren,https://www.unsw.edu.au/staff/neil-warren,UNSW Sydney,Accounting,The Case for Measuring Tax Gap,E - Journal of Tax Research,2006,Journal articles,,,McManus J; Warren NA,2,4,pp. 60 - 79,,,,UNSW staff profile,,,,,
Neil Warren,https://www.unsw.edu.au/staff/neil-warren,UNSW Sydney,Accounting,Reforming Personal Income and Consumption Taxes in Australia: 5 years of change,Korean Journal of Taxation Research,2006,Journal articles,,,Warren NA,1,23,pp. 137 - 158,,,,UNSW staff profile,,,,,
Neil Warren,https://www.unsw.edu.au/staff/neil-warren,UNSW Sydney,Accounting,GST and the changing incidence of Australian Taxes: 1994-95 to 2001-02,EJOURNAL OF TAX RESEARCH,2005,Journal articles,,https://www.webofscience.com/api/gateway?GWVersion=2&SrcApp=PARTNER_APP&SrcAuth=LinksAMR&KeyUT=WOS%3A000215143100005&DestLinkType=FullRecord&DestApp=ALL_WOS&UsrCustomerID=891bb5ab6ba270e68a29b250adbe88d1,Warren N; Harding A; Lloyd R,3,3,pp. 114 - 145,,,,UNSW staff profile,,,,,
Neil Warren,https://www.unsw.edu.au/staff/neil-warren,UNSW Sydney,Accounting,GST and the Changing Incidence of Australian Taxes: 1994-95 to 2001-02,E - Journal of Tax Research,2005,Journal articles,,http://www.austlii.edu.au/au/journals/eJlTaxR/2005/5.html,Warren NA; Harding A; Lloyd R,3,3,pp. 117 - 150,,,,UNSW staff profile,,,,,
Neil Warren,https://www.unsw.edu.au/staff/neil-warren,UNSW Sydney,Accounting,A Budget all cashed up but down on Vision?,UNIKEN,2005,Journal articles,,,Warren NA,1,24,pp. 16 - 16,,,,UNSW staff profile,,,,,
Neil Warren,https://www.unsw.edu.au/staff/neil-warren,UNSW Sydney,Accounting,It's Creeping and Costing Australians: [Bracket creep arises not just from the effects of inflation on the personal income tax schedule but also on the value of tax offsets],Australian Tax Forum Journal,2005,Journal articles,,http://search.informit.com.au/documentSummary;dn=200606338;res=IELAPA,Warren NA,1,20,pp. 267 - 290,,,,UNSW staff profile,,,,,
Neil Warren,https://www.unsw.edu.au/staff/neil-warren,UNSW Sydney,Accounting,Putting the incentive back in tax,Australian Chief Executive,2005,Journal articles,,http://search.informit.com.au/documentSummary;dn=146821534537647;res=IELAPA,Warren NA,1,May 2005,pp. 26 - 27,,,,UNSW staff profile,,,,,
Neil Warren,https://www.unsw.edu.au/staff/neil-warren,UNSW Sydney,Accounting,Render unto Caesar,Insight - Non-Destructive Testing and Condition Monitoring,2005,Journal articles,,,Warren NA,1,2005(2),pp. 8 - 9,,,,UNSW staff profile,,,,,
Neil Warren,https://www.unsw.edu.au/staff/neil-warren,UNSW Sydney,Accounting,The Tax Files: Debunking the Furphies,Australian CPA,2004,Journal articles,,,Warren NA,1,,,,,,UNSW staff profile,,,,,
Neil Warren,https://www.unsw.edu.au/staff/neil-warren,UNSW Sydney,Accounting,Fiscal Incentive Effects of the Australian Equalisation System,The Economic Record,2003,Journal articles,10.1111/j.1475-4932.2003.00143.x,http://dx.doi.org/10.1111/j.1475-4932.2003.00143.x,Dahlby B; Warren NA,2,79,pp. 434 - 445,,,0.94222074,UNSW staff profile,True,53,4.6547,0013-0249,W1975016410
Neil Warren,https://www.unsw.edu.au/staff/neil-warren,UNSW Sydney,Accounting,Distributional impact of selected existing Commonwealth outlays and taxes and alternative Commonwealth grant allocation mechanisms,Australian Economic Review,2002,Journal articles,10.1111/1467-8462.00250,http://dx.doi.org/10.1111/1467-8462.00250,Harding A; Warren NA; Beer G; Phillips B; Osei K,5,35,pp. 325 - 334,,,0.28367303,UNSW staff profile,False,0,0.0,0004-9018,W2084468389
Neil Warren,https://www.unsw.edu.au/staff/neil-warren,UNSW Sydney,Accounting,The Distributional Impact of Year 2000 Tax Reforms in Australia,Agenda: A Journal of Policy Analysis and Reform,2000,Journal articles,,http://press-files.anu.edu.au/downloads/press/p92201/pdf/article02.pdf,Warren NA; Harding AJ; Robinson M; Lambert S,4,7,pp. 17 - 32,,,,UNSW staff profile,,,,,
Neil Warren,https://www.unsw.edu.au/staff/neil-warren,UNSW Sydney,Accounting,GST and its effects on efficiency and equity,Economic Papers,2000,Journal articles,,,Warren NA,1,,pp. 1 - 4,,,,UNSW staff profile,,,,,
Neil Warren,https://www.unsw.edu.au/staff/neil-warren,UNSW Sydney,Accounting,Goods and Services tax - an overview,Investment and Taxation Bulletin,1999,Journal articles,,,Raneri JC; Warren NA,2,3,pp. 81 - 89,,,,UNSW staff profile,,,,,
Neil Warren,https://www.unsw.edu.au/staff/neil-warren,UNSW Sydney,Accounting,GST: The Ultimate Householder's Guide,The Weekend Australian,1999,Journal articles,,,Warren NA; Harding AJ; Lambert S; Robinson M,4,,pp. P1 - P10,,,,UNSW staff profile,,,,,
Neil Warren,https://www.unsw.edu.au/staff/neil-warren,UNSW Sydney,Accounting,Fair but with a short straw,The Australian,1999,Journal articles,,,Warren NA,1,,pp. 4 - 4,,,,UNSW staff profile,,,,,
Neil Warren,https://www.unsw.edu.au/staff/neil-warren,UNSW Sydney,Accounting,It`s change to satisfy political objectives,Australian Financial Review,1999,Journal articles,,,Warren NA,1,,pp. 19 - 19,,,,UNSW staff profile,,,,,
Neil Warren,https://www.unsw.edu.au/staff/neil-warren,UNSW Sydney,Accounting,Reform of Australian Indirect Taxation and GST,GST and Indirect Taxation Bulletin,1999,Journal articles,,,Warren NA,1,1,pp. 2 - 20,,,,UNSW staff profile,,,,,
Neil Warren,https://www.unsw.edu.au/staff/neil-warren,UNSW Sydney,Accounting,Tax plan not exactly the ANTS pants,Australian Financial Review,1999,Journal articles,,,Warren NA,1,April 1999,pp. 17 - 17,,,,UNSW staff profile,,,,,
Neil Warren,https://www.unsw.edu.au/staff/neil-warren,UNSW Sydney,Accounting,Taxation of internet trade,Asia Pacific tax bulletin,1998,Journal articles,,http://www.taxinstitute.com.au/4F717009-D565-5B5B-E14721DD46C3827C,Warren NA,1,4,pp. 412 - 420,,,,UNSW staff profile,,,,,
Neil Warren,https://www.unsw.edu.au/staff/neil-warren,UNSW Sydney,Accounting,The tax issues that will not go away,Economic and Labour Relations Review,1995,Journal articles,,,Warren NA,1,,pp. 17 - 40,,,,UNSW staff profile,,,,,
Neil Warren,https://www.unsw.edu.au/staff/neil-warren,UNSW Sydney,Accounting,With which index should we index incomes?,Economic Analysis and Policy,1990,Journal articles,10.1016/S0313-5926(90)50006-5,http://dx.doi.org/10.1016/S0313-5926(90)50006-5,Warren NA,1,20,pp. 83 - 110,,,0.89485389,UNSW staff profile,False,2,1.7949,0313-5926,W2333328091
Neil Warren,https://www.unsw.edu.au/staff/neil-warren,UNSW Sydney,Accounting,A Simple Model of Recent Changes in the Residential Property Market,Economic Record,1987,Journal articles,10.1111/j.1475-4932.1987.tb00657.x,http://dx.doi.org/10.1111/j.1475-4932.1987.tb00657.x,Nevile JW; Tran-Nam B; Vipond J; Warren NA,4,63,pp. 270 - 280,,,0.85306301,UNSW staff profile,False,2,1.3675,0013-0249,W2058144997
Neil Warren,https://www.unsw.edu.au/staff/neil-warren,UNSW Sydney,Accounting,How Much Do We Know About Wealth Distribution in Australia?,Australian Economic Review,1984,Journal articles,10.1111/j.1467-8462.1984.tb00472.x,http://dx.doi.org/10.1111/j.1467-8462.1984.tb00472.x,Nevile JW; Warren NA,2,17,pp. 23 - 33,,,0.78088282,UNSW staff profile,False,11,0.9192,0004-9018,W2052251364
Neil Warren,https://www.unsw.edu.au/staff/neil-warren,UNSW Sydney,Accounting,Inflation and Personal Income Distribution in Australia,Australian Economic Review,1984,Journal articles,10.1111/j.1467-8462.1984.tb00272.x,http://dx.doi.org/10.1111/j.1467-8462.1984.tb00272.x,Nevile JW; Warren NA,2,17,pp. 26 - 33,,,0.2038719,UNSW staff profile,False,4,0.0,0004-9018,W2057162341
Neil Warren,https://www.unsw.edu.au/staff/neil-warren,UNSW Sydney,Accounting,"THE IMPACT OF INFLATION, TAXATION, AND GOVERNMENT REGULATION ON AUSTRALIAN HOUSEHOLD ASSETS",Economic Papers,1984,Journal articles,10.1111/j.1759-3441.1984.tb00449.x,http://dx.doi.org/10.1111/j.1759-3441.1984.tb00449.x,Warren NA,1,3,pp. 59 - 71,,,0.177526,UNSW staff profile,False,1,0.0,0812-0439,W2147368317
Neil Warren,https://www.unsw.edu.au/staff/neil-warren,UNSW Sydney,Accounting,Taxation of the Family,Fiscal Studies,1981,Journal articles,10.1111/j.1475-5890.1981.tb00455.x,http://dx.doi.org/10.1111/j.1475-5890.1981.tb00455.x,Morris CN; Warren NA,2,2,pp. 26 - 46,,,0.74342573,UNSW staff profile,False,12,1.0188,0143-5671,W1988690508
Neil Warren,https://www.unsw.edu.au/staff/neil-warren,UNSW Sydney,Accounting,"Tax, Benefits and the Incentive to Seek Work",Fiscal Studies,1980,Journal articles,10.1111/j.1475-5890.1980.tb00449.x,http://dx.doi.org/10.1111/j.1475-5890.1980.tb00449.x,Kay JA; Morris CN; Warren NA,3,1,pp. 8 - 25,,,0.97891197,UNSW staff profile,True,12,11.1281,0143-5671,W2074856759
Neil Warren,https://www.unsw.edu.au/staff/neil-warren,UNSW Sydney,Accounting,The Reduced Rate Band,Fiscal Studies,1980,Journal articles,10.1111/j.1475-5890.1980.tb00558.x,http://dx.doi.org/10.1111/j.1475-5890.1980.tb00558.x,Morris CN; Warren NA,2,1,pp. 34 - 43,,,0.88147071,UNSW staff profile,False,2,1.8547,0143-5671,W2096682166
Neil Warren,https://www.unsw.edu.au/staff/neil-warren,UNSW Sydney,Accounting,Wage Indexation in Australia and the Role of a Gross Earnings Deflator,Fiscal Studies,1980,Journal articles,10.1111/j.1475-5890.1980.tb00561.x,http://dx.doi.org/10.1111/j.1475-5890.1980.tb00561.x,Warren NA,1,1,pp. 60 - 64,,,0.18597824,UNSW staff profile,False,1,0.0,0143-5671,W2004477811
Neil Warren,https://www.unsw.edu.au/staff/neil-warren,UNSW Sydney,Accounting,Australian Tax Incidence in 1975‐76: Some Preliminary Results,Australian Economic Review,1979,Journal articles,10.1111/j.1467-8462.1979.tb00227.x,http://dx.doi.org/10.1111/j.1467-8462.1979.tb00227.x,Warren NA,1,12,pp. 19 - 30,,,0.95626262,UNSW staff profile,True,13,5.9528,0004-9018,W2170260899
Yan Xu,https://www.unsw.edu.au/staff/yan-xu,UNSW Sydney,Accounting,Preface,Vat in the Digital Era Unilateral and Multilateral Options for Reform,2024,Journal articles,,,Xu Y,1,,pp. v - vi,,,,UNSW staff profile,,,,,
Yan Xu,https://www.unsw.edu.au/staff/yan-xu,UNSW Sydney,Accounting,A MULTILATERAL OPTION FOR VAT IN INTERNATIONAL TRADE?,International and Comparative Law Quarterly,2022,Journal articles,10.1017/S0020589322000331,http://dx.doi.org/10.1017/S0020589322000331,Xu Y,1,71,pp. 857 - 888,,,0.58715642,UNSW staff profile,False,2,0.2784,0020-5893,W4306871427
Yan Xu,https://www.unsw.edu.au/staff/yan-xu,UNSW Sydney,Accounting,"Distributive Justice and Income Taxation: Is Hong
Kong Special?",British Tax Review,2022,Journal articles,,,Xu Y,1,2022,pp. 172 - 201,,,,UNSW staff profile,,,,,
Yan Xu,https://www.unsw.edu.au/staff/yan-xu,UNSW Sydney,Accounting,INCOME TAX LAW DESIGN AND EQUITY: LESSONS FROM HONG KONG,Singapore Journal of Legal Studies,2022,Journal articles,10.3316/informit.570684976132467,https://search.informit.org/doi/10.3316/informit.570684976132467,Xu Y,1,,pp. 128 - 154,,,,UNSW staff profile,,,,,
Yan Xu,https://www.unsw.edu.au/staff/yan-xu,UNSW Sydney,Accounting,"The Administrative Foundations of the Chinese Fiscal State Wei Cui Cambridge: Cambridge University Press, 2022 288 pp. £85.00 ISBN 978-1-108-49142-6",The China Quarterly,2022,Journal articles,10.1017/s0305741022001540,http://dx.doi.org/10.1017/s0305741022001540,Xu Y,1,252,pp. 1320 - 1322,,,,UNSW staff profile,,0,,0009-4439,W4308150325
Yan Xu,https://www.unsw.edu.au/staff/yan-xu,UNSW Sydney,Accounting,VAT Compliance Burdens in the OECD and China,British Tax Review,2021,Journal articles,,https://uk.westlaw.com/Document/IC1698B50F47611EBA09AE3D9E8E703B1/View/FullText.html,Xu Y; Krever R,2,2021,pp. 328 - 350,,,,UNSW staff profile,,,,,
Yan Xu,https://www.unsw.edu.au/staff/yan-xu,UNSW Sydney,Accounting,CHINA’S NEW REGIME FOR TAXING EXPATRIATE INCOME: TIGHTENING THE SCREWS OR VINTAGE WINE IN A NEW BOTTLE?,Canadian Tax Journal,2021,Journal articles,10.32721/ctj.2021.69.3.itp,http://dx.doi.org/10.32721/ctj.2021.69.3.itp,Xu Y; Zhao Z,2,69,pp. 953 - 979,,,0.27011547,UNSW staff profile,False,0,0.0,0008-5111,W3213098150
Yan Xu,https://www.unsw.edu.au/staff/yan-xu,UNSW Sydney,Accounting,Proposal for Voluntary Disclosure Procedures in China,Journal of Tax Administration,2020,Journal articles,,http://jota.website/index.php/JoTA/article/view/266,Xu Y; Noked N,2,6,pp. 190 - 212,,,,UNSW staff profile,,,,,
Yan Xu,https://www.unsw.edu.au/staff/yan-xu,UNSW Sydney,Accounting,China's General Antiavoidance Rule and Its Commitment to the Exchange of Information,Tax Notes International,2018,Journal articles,,https://www.taxnotes.com/tax-notes-international/base-erosion-and-profit-shifting-beps/chinas-general-antiavoidance-rule-and-its-commitment-exchange-information/2018/07/23/287dg,Xu Y,1,91,pp. 345 - 358,,,,UNSW staff profile,,,,,
Yan Xu,https://www.unsw.edu.au/staff/yan-xu,UNSW Sydney,Accounting,Red China's Green Ambition: Using Taxation and Emissions Trading to Address Pollution,Tax Notes International,2018,Journal articles,,https://www.taxnotes.com/tax-notes-international/tax-reform/red-chinas-green-ambition-using-taxation-and-emissions-trading-address-pollution/2018/02/26/26w4c,Xu Y,1,89,pp. 793 - 799,,,,UNSW staff profile,,,,,
Yan Xu,https://www.unsw.edu.au/staff/yan-xu,UNSW Sydney,Accounting,Simple and Competitive: Proposed Tax Measures in Hong Kong,Tax Notes International,2018,Journal articles,,https://www.taxnotes.com/tax-notes-international/tax-reform/simple-and-competitive-proposed-tax-measures-hong-kong/2018/01/29/26sgx,Xu Y,1,89,pp. 455 - 461,,,,UNSW staff profile,,,,,
Yan Xu,https://www.unsw.edu.au/staff/yan-xu,UNSW Sydney,Accounting,Convergence and Divergence : China's Development Path to a Modern Tax System,Australian Journal of Asian Law,2017,Journal articles,,https://search.informit.com.au/fullText;dn=20181958;res=AGISPT,XU Y,1,18,pp. 1 - 18,,,,UNSW staff profile,,,,,
Yan Xu,https://www.unsw.edu.au/staff/yan-xu,UNSW Sydney,Accounting,Foreign Tax Credits and the Complexity of Tax Law: China as a Case Study,Australian Tax Review,2017,Journal articles,,,Xu Y,1,46,pp. 120 - 136,,,,UNSW staff profile,,,,,
Yan Xu,https://www.unsw.edu.au/staff/yan-xu,UNSW Sydney,Accounting,Chinese Tax Policy and the Promotion of Agricultural Cooperatives and Environmental Protection,"Australian Tax Forum: a journal of taxation policy, law and reform",2016,Journal articles,,https://www.taxinstitute.com.au/tiausttaxforum/chinese-tax-policy-and-the-promotion-of-agricultural-cooperatives-and-environmental-protection,Bill B; Yan X,2,31,pp. 649 - 669,,,,UNSW staff profile,,,,,
Yan Xu,https://www.unsw.edu.au/staff/yan-xu,UNSW Sydney,Accounting,Applying VAT to Financial Services in China: Opportunities for China and Lessons for the World?,Australian Tax Review,2016,Journal articles,,https://www.westlaw.com.au/maf/wlau/app/document?docguid=Ia981839ed09511e5b852c5e14c55196a&tocDs=AUNZ_AU_JOURNALS_TOC&isTocNav=true&startChunk=1&endChunk=1,Xu Y; Krever R,2,45,pp. 38 - 49,,,,UNSW staff profile,,,,,
Yan Xu,https://www.unsw.edu.au/staff/yan-xu,UNSW Sydney,Accounting,Urbanisation and the Right to Housing: the Role of Property Tax,Peking University Journal on Economic Law,2016,Journal articles,,,Xu Y,1,17,pp. 84 - 99,,,,UNSW staff profile,,,,,
Yan Xu,https://www.unsw.edu.au/staff/yan-xu,UNSW Sydney,Accounting,Chinese Cooperatives and Environmental Social Responsibility,The Chinese Economy,2014,Journal articles,10.2753/CES1097-1475470403,http://dx.doi.org/10.2753/CES1097-1475470403,Butcher B; Yan X,2,47,pp. 63 - 80,,,0.90682115,UNSW staff profile,True,5,2.1747,1097-1475,W2031151097
Yan Xu,https://www.unsw.edu.au/staff/yan-xu,UNSW Sydney,Accounting,Key Questions Regarding Chinese Tax Law,Tax Notes International,2014,Journal articles,10.4319/lo.2012.57.1.0293,http://dx.doi.org/10.4319/lo.2012.57.1.0293,Xu Y,1,76,pp. 1111 - 1113,,,0.956662,UNSW staff profile,True,88,4.9191,0024-3590,W2152126165
Yan Xu,https://www.unsw.edu.au/staff/yan-xu,UNSW Sydney,Accounting,The Application of General Anti-tax Avoidance Rules in Hong Kong,International Taxation in China,2013,Journal articles,,,Xu Y,1,4,pp. 18 - 23,,,,UNSW staff profile,,,,,
Yan Xu,https://www.unsw.edu.au/staff/yan-xu,UNSW Sydney,Accounting,China's Turnover Taxation in the Pre-VAT Period: 1949-93,World Journal of VAT/GST Law,2012,Journal articles,10.5235/WJOVL.1.2.149,http://dx.doi.org/10.5235/WJOVL.1.2.149,Xu Y,1,1,pp. 149 - 157,,,0.14405699,UNSW staff profile,False,0,0.0,2048-8432,W1970811713
Yan Xu,https://www.unsw.edu.au/staff/yan-xu,UNSW Sydney,Accounting,Addressing the Hidden Costs of Automobile Use in China: The Potential Role of Tax,"Australian Tax Forum: a journal of taxation policy, law and reform",2011,Journal articles,,https://search.informit.com.au/documentSummary;dn=610139199864635;res=IELBUS,Xu Y,1,26,pp. 693 - 718,,,,UNSW staff profile,,,,,
Yan Xu,https://www.unsw.edu.au/staff/yan-xu,UNSW Sydney,Accounting,China’s ‘Stir Fry’ of Environmentally Related Taxes and Charges: Too Many Cooks at Work,Journal of Environmental Law,2011,Journal articles,10.1093/jel/eqr004,http://dx.doi.org/10.1093/jel/eqr004,Xu Y,1,23,pp. 255 - 283,,,0.82229332,UNSW staff profile,False,2,0.7077,0952-8873,W2025861030
Yan Xu,https://www.unsw.edu.au/staff/yan-xu,UNSW Sydney,Accounting,The Impact of the Global Financial Crisis on Broadly Based Indirect Taxation: A Chinese Case Study,eJournal of Tax Research,2010,Journal articles,,https://www.business.unsw.edu.au/research-site/publications-site/ejournaloftaxresearch-site/Documents/paper5_v8n2.pdf,Xu Y; Halkyard A,2,8,pp. 188 - 214,,,,UNSW staff profile,,,,,
Yan Xu,https://www.unsw.edu.au/staff/yan-xu,UNSW Sydney,Accounting,Green Taxation in China: A Possible Consolidated Transport Fuel Tax to Promote Clean Air,Fordham Environmental Law Review,2010,Journal articles,,https://www.jstor.org/stable/44175579?seq=1#metadata_info_tab_contents,Xu Y,1,21,pp. 295 - 343,,,,UNSW staff profile,,,,,
Yan Xu,https://www.unsw.edu.au/staff/yan-xu,UNSW Sydney,Accounting,Reforming Value Added Tax in Mainland China: A Comparison with the EU,Revenue Law Journal,2010,Journal articles,,https://rlj.scholasticahq.com/article/6716-reforming-value-added-tax-in-mainland-china-a-comparison-with-the-eu,Xu Y,1,20,pp. 96 - 126,,,,UNSW staff profile,,,,,
Yan Xu,https://www.unsw.edu.au/staff/yan-xu,UNSW Sydney,Accounting,Putting the 'Value Added' in China's VAT,Tax Notes International,2010,Journal articles,,https://www.taxnotes.com/tax-notes-international/value-added-taxation/putting-value-added-chinas-vat/2010/05/10/s69s,Xu Yan,1,58,pp. 487 - 497,,,,UNSW staff profile,,,,,
Yan Xu,https://www.unsw.edu.au/staff/yan-xu,UNSW Sydney,Accounting,No Taxation without Representation: China’s Taxation History and its Political-Legal Development,Hong Kong Law Journal,2009,Journal articles,,https://heinonline.org/HOL/P?h=hein.journals/honkon39&i=519,Xu Y,1,39,pp. 515 - 540,,,,UNSW staff profile,,,,,
Yan Xu,https://www.unsw.edu.au/staff/yan-xu,UNSW Sydney,Accounting,The Income Tax System: A Basis of Limited Government,Journal of Macau Studies,2007,Journal articles,,,Xu Y,1,10,pp. 54 - 62,,,,UNSW staff profile,,,,,
Yan Xu,https://www.unsw.edu.au/staff/yan-xu,UNSW Sydney,Accounting,Taxation and Constitutionalism in China,Hong Kong Law Journal,2006,Journal articles,,https://heinonline.org/HOL/P?h=hein.journals/honkon36&i=369,Xu Y,1,36,pp. 365 - 389,,,,UNSW staff profile,,,,,
Yuchen Xu,https://www.unsw.edu.au/staff/yuchen-xu,UNSW Sydney,Finance,"The Allocation of Talent and Financial Development, 1897 to 1936",Management Science,2025,Journal articles,10.1287/mnsc.2023.00456,http://dx.doi.org/10.1287/mnsc.2023.00456,Lin C; Ma C; Sun Y; Xu Y,4,71,pp. 4688 - 4706,,,0.94089409,UNSW staff profile,True,3,3.881,0025-1909,W4402557177
Yuchen Xu,https://www.unsw.edu.au/staff/yuchen-xu,UNSW Sydney,Finance,The Legal Origins of Financial Development: Evidence from the Shanghai Concessions,The Journal of Finance,2023,Journal articles,10.1111/jofi.13284,http://dx.doi.org/10.1111/jofi.13284,LEVINE R; LIN C; MA C; XU Y,4,78,pp. 3423 - 3464,,,0.96566821,UNSW staff profile,True,24,6.8887,0022-1082,W4387306826
Yuchen Xu,https://www.unsw.edu.au/staff/yuchen-xu,UNSW Sydney,Finance,"The telegraph and modern banking development, 1881–1936",Journal of Financial Economics,2021,Journal articles,10.1016/j.jfineco.2021.04.011,http://dx.doi.org/10.1016/j.jfineco.2021.04.011,Lin C; Ma C; Sun Y; Xu Y,4,141,pp. 730 - 749,,,0.96468197,UNSW staff profile,True,91,5.5849,0304-405X,W3155797147
Zhaoxia Xu,https://www.unsw.edu.au/staff/zhaoxia-xu,UNSW Sydney,Finance,The Sensitivity of Cash Saving to the Cost of Capital,Journal of Financial and Quantitative Analysis,2026,Journal articles,10.1017/S0022109026102877,http://dx.doi.org/10.1017/S0022109026102877,Acharya VV; Byoun S; Xu Z,3,,,,,0.00192079,UNSW staff profile,False,0,0.0,0022-1090,W4387545404
Zhaoxia Xu,https://www.unsw.edu.au/staff/zhaoxia-xu,UNSW Sydney,Finance,Bank Lending and Corporate Innovation: Evidence from SFAS 166/167*,Contemporary Accounting Research,2021,Journal articles,10.1111/1911-3846.12716,http://dx.doi.org/10.1111/1911-3846.12716,Dou Y; Xu Z,2,38,pp. 3017 - 3052,,,0.92792339,UNSW staff profile,True,28,3.6578,0823-9150,W3194709013
Zhaoxia Xu,https://www.unsw.edu.au/staff/zhaoxia-xu,UNSW Sydney,Finance,"Economic policy uncertainty, cost of capital, and corporate innovation",Journal of Banking and Finance,2020,Journal articles,10.1016/j.jbankfin.2019.105698,http://dx.doi.org/10.1016/j.jbankfin.2019.105698,Xu Z,1,111,,,,0.99895872,UNSW staff profile,True,552,67.814,0378-4266,W2985021036
Zhaoxia Xu,https://www.unsw.edu.au/staff/zhaoxia-xu,UNSW Sydney,Finance,Market Sentiment and Innovation Activities,Journal of Financial and Quantitative Analysis,2018,Journal articles,10.1017/S0022109018000078,http://dx.doi.org/10.1017/S0022109018000078,Dang TV; Xu Z,2,53,pp. 1135 - 1161,,,0.97632159,UNSW staff profile,True,86,9.5189,0022-1090,W2797417374
Zhaoxia Xu,https://www.unsw.edu.au/staff/zhaoxia-xu,UNSW Sydney,Finance,Financial dependence and innovation: The case of public versus private firms,Journal of Financial Economics,2017,Journal articles,10.1016/j.jfineco.2016.02.010,http://dx.doi.org/10.1016/j.jfineco.2016.02.010,Acharya V; Xu Z,2,124,pp. 223 - 243,,,0.99959952,UNSW staff profile,True,572,84.2829,0304-405X,W3121964260
Zhaoxia Xu,https://www.unsw.edu.au/staff/zhaoxia-xu,UNSW Sydney,Finance,Product Market Competition and Financial Decisions During a Financial Crisis,Financial Management,2016,Journal articles,10.1111/fima.12096,http://dx.doi.org/10.1111/fima.12096,Byoun S; Xu Z,2,45,pp. 267 - 290,,,0.94289141,UNSW staff profile,True,25,4.3811,0046-3892,W1979404767
Zhaoxia Xu,https://www.unsw.edu.au/staff/zhaoxia-xu,UNSW Sydney,Finance,"Contracts, governance, and country risk in project finance: Theory and evidence",Journal of Corporate Finance,2014,Journal articles,10.1016/j.jcorpfin.2014.03.003,http://dx.doi.org/10.1016/j.jcorpfin.2014.03.003,Byoun S; Xu Z,2,26,pp. 124 - 144,,,0.87717817,UNSW staff profile,False,2,1.4634,0929-1199,W1990242973
Zhaoxia Xu,https://www.unsw.edu.au/staff/zhaoxia-xu,UNSW Sydney,Finance,Why do some firms go debt free?,Asia Pacific Journal of Financial Studies,2013,Journal articles,10.1111/ajfs.12009,http://dx.doi.org/10.1111/ajfs.12009,Byoun S; Xu Z,2,42,pp. 1 - 38,,,0.97884776,UNSW staff profile,True,72,10.2488,2041-6156,W3123334383
Zhaoxia Xu,https://www.unsw.edu.au/staff/zhaoxia-xu,UNSW Sydney,Finance,Complex ownership and capital structure,Journal of Corporate Finance,2012,Journal articles,10.1016/j.jcorpfin.2012.05.001,http://dx.doi.org/10.1016/j.jcorpfin.2012.05.001,Paligorova T; Xu Z,2,18,pp. 701 - 716,,,0.98459762,UNSW staff profile,True,120,13.1202,0929-1199,W3122701128
Zhaoxia Xu,https://www.unsw.edu.au/staff/zhaoxia-xu,UNSW Sydney,Finance,"Scaling, self-similarity and multifractality in FX markets",Physica A Statistical Mechanics and Its Applications,2003,Journal articles,10.1016/S0378-4371(03)00030-X,http://dx.doi.org/10.1016/S0378-4371(03)00030-X,Xu Z; Gençay R,2,323,pp. 578 - 590,,,0.16494819,UNSW staff profile,False,5,0.0,0378-4371,W2054340762
Li Yang,https://www.unsw.edu.au/staff/li-yang,UNSW Sydney,Finance,Financial Illiteracy as a Systemic Risk: Implications for Household Resilience and Portfolio Vulnerability,Journal of Portfolio Management,2025,Journal articles,10.3905/jpm.2025.1.702,http://dx.doi.org/10.3905/jpm.2025.1.702,Gao Y; Rojasavachai R; Rouxelin F; Yang L,4,51,pp. 216 - 229,,,0.07350206,UNSW staff profile,False,0,0.0,0095-4918,W4408532921
Li Yang,https://www.unsw.edu.au/staff/li-yang,UNSW Sydney,Finance,Does Domain Symmetry Affect the Estimation of Implied Skewness?,Journal of Derivatives,2025,Journal articles,10.3905/jod.2025.1.226,http://dx.doi.org/10.3905/jod.2025.1.226,Lee G; Ryu D; Yang L,3,32,pp. 142 - 163,,,0.93838765,UNSW staff profile,True,3,4.6264,1074-1240,W4408920743
Li Yang,https://www.unsw.edu.au/staff/li-yang,UNSW Sydney,Finance,Domain Stabilization for Model-Free Option Implied Moment Estimation,Journal of Financial Econometrics,2025,Journal articles,10.1093/jjfinec/nbae037,http://dx.doi.org/10.1093/jjfinec/nbae037,Lee G; Ryu D; Yang L,3,23,,,,0.91398695,UNSW staff profile,True,3,3.6605,1479-8409,W4407854829
Li Yang,https://www.unsw.edu.au/staff/li-yang,UNSW Sydney,Finance,Informativeness of truncation in the options market,Finance Research Letters,2025,Journal articles,10.1016/j.frl.2024.106490,http://dx.doi.org/10.1016/j.frl.2024.106490,Lee G; Ryu D; Yang L,3,72,,,,0.81818978,UNSW staff profile,False,3,1.2742,1544-6123,W4404506063
Li Yang,https://www.unsw.edu.au/staff/li-yang,UNSW Sydney,Finance,Weathering the Storm: Financial Shocks and Inflationary Pressures from Climate Extremes,Land Economics,2025,Journal articles,10.3368/le.101.4.060723-0051R,http://dx.doi.org/10.3368/le.101.4.060723-0051R,Rojasavachai R; Rouxelin F; Yang L; Gao Y,4,101,pp. 521 - 549,,,0.69399856,UNSW staff profile,False,1,0.6015,0023-7639,W4410888829
Li Yang,https://www.unsw.edu.au/staff/li-yang,UNSW Sydney,Finance,How mutual funds respond to asymmetric feedback trading in China's stock market,Journal of Management Science and Engineering,2024,Journal articles,10.1016/j.jmse.2024.01.001,http://dx.doi.org/10.1016/j.jmse.2024.01.001,Wan D; Yang L; Yang X,3,9,pp. 143 - 160,,,0.78407847,UNSW staff profile,False,3,1.2742,2096-2320,W4391849031
Li Yang,https://www.unsw.edu.au/staff/li-yang,UNSW Sydney,Finance,Volatility spillovers among the U.S. and Asian stock markets: A comparison between the periods of Asian currency crisis and subprime credit crisis,North American Journal of Economics and Finance,2018,Journal articles,10.1016/j.najef.2018.04.006,http://dx.doi.org/10.1016/j.najef.2018.04.006,Lien D; Lee G; Yang L; Zhang Y,4,46,pp. 187 - 201,,,0.98074877,UNSW staff profile,True,54,10.7717,1062-9408,W3122309686
Li Yang,https://www.unsw.edu.au/staff/li-yang,UNSW Sydney,Finance,Predictability of crude oil prices: An investor perspective,Energy Economics,2018,Journal articles,10.1016/j.eneco.2018.08.010,http://dx.doi.org/10.1016/j.eneco.2018.08.010,Liu L; Wang Y; Yang L,3,75,pp. 193 - 205,,,0.94646645,UNSW staff profile,True,29,4.4066,0140-9883,W2888133707
Li Yang,https://www.unsw.edu.au/staff/li-yang,UNSW Sydney,Finance,Forecasting U.S. real GDP using oil prices: A time-varying parameter MIDAS model,Energy Economics,2018,Journal articles,10.1016/j.eneco.2018.04.008,http://dx.doi.org/10.1016/j.eneco.2018.04.008,Pan Z; Wang Q; Wang Y; Yang L,4,72,pp. 177 - 187,,,0.96500576,UNSW staff profile,True,37,6.8547,0140-9883,W2796802296
Li Yang,https://www.unsw.edu.au/staff/li-yang,UNSW Sydney,Finance,Forecasting crude oil market volatility: A Markov switching multifractal volatility approach,International Journal of Forecasting,2016,Journal articles,10.1016/j.ijforecast.2015.02.006,http://dx.doi.org/10.1016/j.ijforecast.2015.02.006,Wang Y; Wu C; Yang L,3,32,pp. 1 - 9,,,0.99441097,UNSW staff profile,True,123,29.3932,0169-2070,W1144081696
Li Yang,https://www.unsw.edu.au/staff/li-yang,UNSW Sydney,Finance,Hedging with Futures: Does Anything Beat the Naïve Hedging Strategy?,Management Science,2015,Journal articles,10.1287/mnsc.2014.2028,http://dx.doi.org/10.1287/mnsc.2014.2028,Yang L; Wu C; Wang Y,3,61,pp. 2870 - 2889,,,0.99115949,UNSW staff profile,True,123,21.6245,0025-1909,W2141089220
Li Yang,https://www.unsw.edu.au/staff/li-yang,UNSW Sydney,Finance,Co-movement between RMB and New Taiwan Dollars: Evidences from NDF markets,North American Journal of Economics and Finance,2014,Journal articles,10.1016/j.najef.2014.03.008,http://dx.doi.org/10.1016/j.najef.2014.03.008,Lien D; Yang L; Zhou C; Lee G,4,28,pp. 265 - 272,,,0.91830286,UNSW staff profile,True,11,2.9643,1062-9408,W1997167869
Li Yang,https://www.unsw.edu.au/staff/li-yang,UNSW Sydney,Finance,Hedging crude oil using refined product: A regime switching asymmetric DCC approach,Energy Economics,2014,Journal articles,10.1016/j.eneco.2014.05.014,http://dx.doi.org/10.1016/j.eneco.2014.05.014,Pan Z; Wang Y; Yang L,3,46,pp. 472 - 484,,,0.97266067,UNSW staff profile,True,67,8.6364,0140-9883,W2019023015
Li Yang,https://www.unsw.edu.au/staff/li-yang,UNSW Sydney,Finance,Oil price shocks and agricultural commodity prices,Energy Economics,2014,Journal articles,10.1016/j.eneco.2014.03.016,http://dx.doi.org/10.1016/j.eneco.2014.03.016,Wang Y; Wu C; Yang L,3,44,pp. 22 - 35,,,0.99752172,UNSW staff profile,True,250,43.182,0140-9883,W2024678400
Li Yang,https://www.unsw.edu.au/staff/li-yang,UNSW Sydney,Finance,Pricing american options using a nonparametric entropy approach,Discrete Dynamics in Nature and Society,2014,Journal articles,10.1155/2014/369795,http://dx.doi.org/10.1155/2014/369795,Yu X; Yang L,2,2014,,,,0.78908017,UNSW staff profile,False,7,0.8356,1026-0226,W2038198307
Li Yang,https://www.unsw.edu.au/staff/li-yang,UNSW Sydney,Finance,Dynamic Dependence Between Liquidity and the S&P 500 Index Futures-Cash Basis,Journal of Futures Markets,2013,Journal articles,10.1002/fut.21554,http://dx.doi.org/10.1002/fut.21554,Lien D; Lim G; Yang L; Zhou C,4,33,pp. 327 - 342,,,0.88662231,UNSW staff profile,False,14,2.1419,0270-7314,W1918289104
Li Yang,https://www.unsw.edu.au/staff/li-yang,UNSW Sydney,Finance,Oil price shocks and stock market activities: Evidence from oil-importing and oil-exporting countries,Journal of Comparative Economics,2013,Journal articles,10.1016/j.jce.2012.12.004,http://dx.doi.org/10.1016/j.jce.2012.12.004,Wang Y; Wu C; Yang L,3,41,pp. 1220 - 1239,,,0.99925064,UNSW staff profile,True,579,89.1607,0147-5967,W3121943714
Li Yang,https://www.unsw.edu.au/staff/li-yang,UNSW Sydney,Finance,Dynamic and asymmetric dependences between Chinese yuan and other Asia-pacific currencies,Journal of Futures Markets,2013,Journal articles,10.1002/fut.21609,http://dx.doi.org/10.1002/fut.21609,Yang L; Zhou C; Lien D,3,33,pp. 696 - 723,,,0.97125572,UNSW staff profile,True,12,8.1131,0270-7314,W2140011023
Li Yang,https://www.unsw.edu.au/staff/li-yang,UNSW Sydney,Finance,The Informational Role of Stock and Warrant Trades: Empirical Evidence from China,Emerging Markets Finance and Trade,2010,Journal articles,,"http://mesharpe.metapress.com/app/home/contribution.asp?referrer=parent&backto=issue,7,7;journal,2,51;linkingpublicationresults,1:111024,1",Yang L,1,47,pp. 78 - 93,,,,UNSW staff profile,,,,,
Li Yang,https://www.unsw.edu.au/staff/li-yang,UNSW Sydney,Finance,"Weather, Inventory and Common Jump Dynamics in Natural Gas Futures and Spot Markets",Journal of Futures Markets,2010,Journal articles,10.2139/ssrn.1537762,http://dx.doi.org/10.2139/ssrn.1537762,Yang L,1,18,,,,,UNSW staff profile,,14,,1556-5068,W2163915934
Li Yang,https://www.unsw.edu.au/staff/li-yang,UNSW Sydney,Finance,Intraday return and volatility spill-over across international copper futures markets,International Journal of Managerial Finance,2009,Journal articles,,,Lien D; Yang L,2,5,pp. 135 - 149,,,,UNSW staff profile,,,,,
Li Yang,https://www.unsw.edu.au/staff/li-yang,UNSW Sydney,Finance,The Effects of Structural Breaks and Long Memory on Currency Hedging,Journal of Futures Markets,2009,Journal articles,10.1002/fut.20436,http://dx.doi.org/10.1002/fut.20436,Yang L,1,,pp. 1 - 26,,,0.91861629,UNSW staff profile,True,14,2.5852,0270-7314,W1977672425
Li Yang,https://www.unsw.edu.au/staff/li-yang,UNSW Sydney,Finance,Asymmetric effect of basis on dynamic futures hedging: Empirical evidence from commodity markets,Journal of Banking and Finance,2008,Journal articles,10.1016/j.bankfin.2007.01.026,http://dx.doi.org/10.1016/j.bankfin.2007.01.026,Lien D; Yang L,2,32,pp. 187 - 198,,,,UNSW staff profile,,,,,
Li Yang,https://www.unsw.edu.au/staff/li-yang,UNSW Sydney,Finance,Hedging with Chinese metal futures,Global Finance Journal,2008,Journal articles,,,Lien D; Yang L,2,19,pp. 123 - 128,,,,UNSW staff profile,,,,,
Li Yang,https://www.unsw.edu.au/staff/li-yang,UNSW Sydney,Finance,"Spot-futures spread, time-varying correlation, and hedging with currency futures",Journal of Futures Markets,2006,Journal articles,,,Lien D; Yang L,2,26,pp. 1019 - 1038,,,,UNSW staff profile,,,,,
Li Yang,https://www.unsw.edu.au/staff/li-yang,UNSW Sydney,Finance,Availability and settlement of individual stock futures and options expiration-day effects: evidence from high-frequency data,The Quarterly Review of Economics and Finance,2005,Journal articles,,http://www.sciencedirect.com/science/article/B6W5X-4FGX84W-1/2/fd102d920e9164765c8da25af8016a23,Lien D; Yang L,2,45,pp. 730 - 747,,,,UNSW staff profile,,,,,
Li Yang,https://www.unsw.edu.au/staff/li-yang,UNSW Sydney,Finance,Alternative settlement methods and Australian individual share futures contracts,Journal of International Financial Markets Institutions and Money,2004,Journal articles,,http://www.sciencedirect.com/science/article/B6VGT-4CG2P29-1/2/486bec96f84fb776ee9d26d0dbdc642a,Lien D; Yang L,2,14,pp. 473 - 490,,,,UNSW staff profile,,,,,
Li Yang,https://www.unsw.edu.au/staff/li-yang,UNSW Sydney,Finance,"Return Autocorrelations on Individual Stocks and Corresponding Futures: Evidence from Australian, Hong Kong, and United Kingdom Markets",Review of Pacific Basin Financial Markets and Policies,2004,Journal articles,,,Lien D; Yang L,2,07,pp. 397 - 422,,,,UNSW staff profile,,,,,
Li Yang,https://www.unsw.edu.au/staff/li-yang,UNSW Sydney,Finance,Contract settlement specification and price discovery:  Empirical evidence in Australia individual share futures market,International Review of Economics and Finance,2003,Journal articles,,,Yang L; Lien D,2,12,pp. 495 - 512,,,,UNSW staff profile,,,,,
Li Yang,https://www.unsw.edu.au/staff/li-yang,UNSW Sydney,Finance,Options expiration effects and the role of individual share futures contracts,Journal of Futures Markets,2003,Journal articles,,,Yang L; Lien D,2,23,pp. 1107 - 1118,,,,UNSW staff profile,,,,,
Li Yang,https://www.unsw.edu.au/staff/li-yang,UNSW Sydney,Finance,Mechanisms underlying the formation and enlargement of noncommunicating syringomyelia: experimental studies,Neurosurgical Focus,2000,Journal articles,,,Stoodley MA; Jones N; Yang L; Brown CJ,4,,pp. 1 - 7,,,,UNSW staff profile,,,,,
Li Yang,https://www.unsw.edu.au/staff/li-yang,UNSW Sydney,Finance,The value of public information in commodity futures markers,Journal of Economic Behavior and Organization,1997,Journal articles,,,Garcia PD; Irwin SH; Leuthold RM; Yang L,4,,pp. 559 - 570,,,,UNSW staff profile,,,,,
Henry Yip,https://www.unsw.edu.au/staff/henry-yip,UNSW Sydney,Finance,What do Options have to do With It?: Inclusion of Options Market Indicators in Bid-ask Spread Decomposition,Asia Pacific Journal of Financial Studies,2009,Journal articles,,,Michayluk DM; Prather LG; Woo LE; Yip HY,4,38,pp. 455 - 489,,,,UNSW staff profile,,,,,
Henry Yip,https://www.unsw.edu.au/staff/henry-yip,UNSW Sydney,Finance,A spreadsheet application to evaluate the performance of protective puts,Journal of Economics and Finance Education,2009,Journal articles,,http://www.economics-finance.org/jefe/fin/Yip2paper.pdf,Yip HY,1,8,pp. 29 - 38,,,,UNSW staff profile,,,,,
Jason Zein,https://www.unsw.edu.au/staff/jason-zein,UNSW Sydney,Finance,Does Stakeholder Outrage Determine Executive Pay?,Review of Corporate Finance Studies,2026,Journal articles,10.1093/rcfs/cfae022,http://dx.doi.org/10.1093/rcfs/cfae022,Balogh A; Wright D; Zein J,3,15,pp. 227 - 268,,,0.90750568,UNSW staff profile,True,3,2.0455,2046-9128,W4403299308
Jason Zein,https://www.unsw.edu.au/staff/jason-zein,UNSW Sydney,Finance,Does common ownership raise antitrust concerns?,Journal of Corporate Finance,2026,Journal articles,10.1016/j.jcorpfin.2026.103037,http://dx.doi.org/10.1016/j.jcorpfin.2026.103037,Li H; Liu L; Masulis R; Zein J,4,100,,,,0.00331347,UNSW staff profile,False,0,0.0,0929-1199,W4404181532
Jason Zein,https://www.unsw.edu.au/staff/jason-zein,UNSW Sydney,Finance,Venture capitalists versus deep-pocketed incumbents: startup financing strategies in the presence of competitive threats,Review of Finance,2026,Journal articles,10.1093/rof/rfaf070,http://dx.doi.org/10.1093/rof/rfaf070,Pham PK; Rezaei R; Zein J,3,30,pp. 1227 - 1259,,,0.92632947,UNSW staff profile,True,1,2.3248,1572-3097,W7168378717
Jason Zein,https://www.unsw.edu.au/staff/jason-zein,UNSW Sydney,Finance,Crises as Opportunities for Growth: The Strategic Value of Business Group Affiliation,Journal of Financial and Quantitative Analysis,2022,Journal articles,,,Masulis R; Pham PK; Zein J; Ang A,4,forthcoming,,,,,UNSW staff profile,,,,,
Jason Zein,https://www.unsw.edu.au/staff/jason-zein,UNSW Sydney,Finance,Eyes on the Prize: Do Industry Tournament Incentives Shape the Structure of Executive Compensation?,Journal of Financial and Quantitative Analysis,2021,Journal articles,10.1017/S0022109021000570,http://dx.doi.org/10.1017/S0022109021000570,Islam E; Rahman L; Sen R; Zein J,4,,,,,0.90597507,UNSW staff profile,True,20,2.8137,0022-1090,W3196585112
Jason Zein,https://www.unsw.edu.au/staff/jason-zein,UNSW Sydney,Finance,Inventor CEOs,Journal of Financial Economics,2020,Journal articles,10.1016/j.jfineco.2019.06.009,http://dx.doi.org/10.1016/j.jfineco.2019.06.009,Islam E; Zein J,2,132,pp. 505 - 527,,,0.99464106,UNSW staff profile,True,223,26.8614,0304-405X,W4241177567
Jason Zein,https://www.unsw.edu.au/staff/jason-zein,UNSW Sydney,Finance,Family Business Group Expansion through IPOs: The Role of Internal Capital Markets in Financing Growth while Preserving Control,Management Science,2020,Journal articles,10.1287/mnsc.2019.3418,http://dx.doi.org/10.1287/mnsc.2019.3418,Pham PK; Masulis R; Zein J,3,66,pp. 5191 - 5215,,,0.97118963,UNSW staff profile,True,36,7.624,0025-1909,W2952675836
Jason Zein,https://www.unsw.edu.au/staff/jason-zein,UNSW Sydney,Finance,Shareholder Wealth Consequences of Insider Pledging of Company Stock as Collateral for Personal Loans,Review of Financial Studies,2019,Journal articles,10.1093/rfs/hhz034,http://dx.doi.org/10.1093/rfs/hhz034,Dou Y; Masulis R; Zein J,3,,,,,0.99855285,UNSW staff profile,True,220,33.1409,0893-9454,W3125786079
Jason Zein,https://www.unsw.edu.au/staff/jason-zein,UNSW Sydney,Finance,Filling the Capital Gap: The Financing Case for Crowd Sourced Equity Funding in Australia,Journal of Banking and Finance: Law and Practice,2014,Journal articles,,,Zein J,1,,,,,,UNSW staff profile,,,,,
Jason Zein,https://www.unsw.edu.au/staff/jason-zein,UNSW Sydney,Finance,Creating value by changing the old guard: The impact of controlling shareholder heterogeneity on firm performance and corporate policies,Journal of Financial and Quantitative Analysis,2013,Journal articles,10.1017/S0022109014000039,http://dx.doi.org/10.1017/S0022109014000039,Deng H; Moshirian F; Pham PK; Zein J,4,48,pp. 1781 - 1811,,,0.90435949,UNSW staff profile,True,8,2.3651,0022-1090,W1985464407
Jason Zein,https://www.unsw.edu.au/staff/jason-zein,UNSW Sydney,Finance,Corporate Governance and the Cost of Capital: Evidence from Australian Companies,The Bank of America Journal of Applied Corporate Finance,2012,Journal articles,10.1111/j.1745-6622.2012.00392.x,http://dx.doi.org/10.1111/j.1745-6622.2012.00392.x,Suchard JC; Pham KP; Zein J,3,24,pp. 84 - 93,,,0.94165681,UNSW staff profile,True,63,4.3734,1078-1196,W1968503475
Jason Zein,https://www.unsw.edu.au/staff/jason-zein,UNSW Sydney,Finance,Family Business Groups around the World: Costs and Benefits of Pyramids,Review of Financial Studies,2011,Journal articles,,http://papers.ssrn.com/sol3/papers.cfm?abstract_id=1363878,Masulis R; Pham P; Zein J,3,24,pp. 3556 - 3600,,,,UNSW staff profile,,,,,
Jason Zein,https://www.unsw.edu.au/staff/jason-zein,UNSW Sydney,Finance,When Financial Institutions are Large Shareholders- The Role of Macro Corporate Governance Environments,Journal of Finance,2007,Journal articles,,,Li D; Moshirian F; Pham KP; Zein J,4,61,pp. 2975 - 3007,,,,UNSW staff profile,,,,,
Jason Zein,https://www.unsw.edu.au/staff/jason-zein,UNSW Sydney,Finance,Predicting financial volatility: High-frequency time-series forecastsvis-a-vis implied volatility,Journal of Futures Markets,2004,Journal articles,,,Martens M; Zein J,2,24,pp. 1005 - 1028,,,,UNSW staff profile,,,,,
Sherry Zhang,https://www.unsw.edu.au/staff/sherry-zhang,UNSW Sydney,Finance,Trust and Corporate Ownership Structure,SSRN Electronic Journal,2026,Journal articles,10.2139/ssrn.6728481,http://dx.doi.org/10.2139/ssrn.6728481,zhang S; Liu L; Moshirian F; Zhang B,4,,,,,,UNSW staff profile,,0,,1556-5068,W7160509742
